repository	path	blob	content_sha256	scoped_view_sha256	review_method	disposition	review_basis
libqtdevices	lighting_device.cpp	7ee9b39d687fe316d3bfe23ffb01019075d6697c	fa4962ec84ae6f8ad59cf53c332b00de2afffe691c0d28cf9c5a9912570e4a5b	dab019697063f488fa1a441334314897a7abf1f21e9ac259d5dbb5c606133830	numeric-selector-context-screen	excluded	Numeric selector context is Lighting/Alarm/camera/local hardware/calendar or local condition metadata, not a separate WHO 9 wire implementation; declaration/context screen only
libqtdevices	lighting_device.cpp	998ccef84ff65a9ce480a2c0e09b6fafc98a51f3	9e1da0637fb6f9b6ed2fbb569d2b7c2328d9290d21ed711e6dc3bcef4e3a4c55	dab019697063f488fa1a441334314897a7abf1f21e9ac259d5dbb5c606133830	numeric-selector-context-screen	excluded	Numeric selector context is Lighting/Alarm/camera/local hardware/calendar or local condition metadata, not a separate WHO 9 wire implementation; declaration/context screen only
libqtdevices	hardware_functions.cpp	7089435eb260a18f433883572a9bcb0c8b5c8f68	74396b71ebf5504aa63bbf30b48907e0c7615ddbbe0354cfacb52a58474f3f52	d957301f3f06b390bacec57a51b9a33721533864458d2ca96d9102e900808080	numeric-selector-context-screen	excluded	Numeric selector context is Lighting/Alarm/camera/local hardware/calendar or local condition metadata, not a separate WHO 9 wire implementation; declaration/context screen only
libqtdevices	devices/lighting_device.cpp	27bdd479bec38384b334ce6771d5e59c0d336ed4	a4640459f780da4166253ae9a0d28ae520130674e4f710b258ba5c81ae1f711f	dab019697063f488fa1a441334314897a7abf1f21e9ac259d5dbb5c606133830	numeric-selector-context-screen	excluded	Numeric selector context is Lighting/Alarm/camera/local hardware/calendar or local condition metadata, not a separate WHO 9 wire implementation; declaration/context screen only
libqtdevices	devices/lighting_device.cpp	019919fe0bc203290e598081f1e35ce527eda729	3a6e6d6edd98dc9eb7f53f53be8195bf89a0f035b69ebb302fece6c652469622	dab019697063f488fa1a441334314897a7abf1f21e9ac259d5dbb5c606133830	numeric-selector-context-screen	excluded	Numeric selector context is Lighting/Alarm/camera/local hardware/calendar or local condition metadata, not a separate WHO 9 wire implementation; declaration/context screen only
libqtdevices	devices/lighting_device.cpp	faeb36708eef3a56c1e3832fce7b487018414d3c	4c94a116c635e3cda8492b2bbc9f6d4b85329d1affe2f3a0696b1d995375adea	dab019697063f488fa1a441334314897a7abf1f21e9ac259d5dbb5c606133830	numeric-selector-context-screen	excluded	Numeric selector context is Lighting/Alarm/camera/local hardware/calendar or local condition metadata, not a separate WHO 9 wire implementation; declaration/context screen only
libqtdevices	hardware_functions.cpp	2e85e07548400c3076a05fa0790d2d6ef5f8f9b2	ae8b420d1d3ceb336f3621d178a5b00f80133ef39540dbeb1c17a2d0ac8e88b0	d957301f3f06b390bacec57a51b9a33721533864458d2ca96d9102e900808080	numeric-selector-context-screen	excluded	Numeric selector context is Lighting/Alarm/camera/local hardware/calendar or local condition metadata, not a separate WHO 9 wire implementation; declaration/context screen only
libqtdevices	hardware_functions.cpp	625fcca51a7f5734c39c062f6ecb6690fba5252f	e63caf69b0182e92e2bbe40684207b6a9856a671a92b5a0d788eb105b0fa1fa0	d957301f3f06b390bacec57a51b9a33721533864458d2ca96d9102e900808080	numeric-selector-context-screen	excluded	Numeric selector context is Lighting/Alarm/camera/local hardware/calendar or local condition metadata, not a separate WHO 9 wire implementation; declaration/context screen only
libqtdevices	hardware_functions.cpp	19a0e4fc54ae3e66c5c99b2f923870ea11ec82ad	ccad594852b6976bbe3f05db60af8df24f31892a5346d12081adf4a1235eca4b	d957301f3f06b390bacec57a51b9a33721533864458d2ca96d9102e900808080	numeric-selector-context-screen	excluded	Numeric selector context is Lighting/Alarm/camera/local hardware/calendar or local condition metadata, not a separate WHO 9 wire implementation; declaration/context screen only
libqtdevices	hardware_functions.cpp	e3d4bfd88036b7e2bc755018962baf9a932fea6e	3f7d7cea4f44af778e0aeeccee2a2baa407e2cfdc21617ab7e9fb94ce29328d6	d957301f3f06b390bacec57a51b9a33721533864458d2ca96d9102e900808080	numeric-selector-context-screen	excluded	Numeric selector context is Lighting/Alarm/camera/local hardware/calendar or local condition metadata, not a separate WHO 9 wire implementation; declaration/context screen only
libqtdevices	hardware_functions.cpp	81997bbcdb31bb0acdeac4c325719e2fca7020cf	f8ed2b75c667f35b21832646c31f1041adcb6047f19203df5b16b3370985afa0	d957301f3f06b390bacec57a51b9a33721533864458d2ca96d9102e900808080	numeric-selector-context-screen	excluded	Numeric selector context is Lighting/Alarm/camera/local hardware/calendar or local condition metadata, not a separate WHO 9 wire implementation; declaration/context screen only
libqtdevices	hardware_functions.cpp	45f3bd24bc899cdd23dc16e550adf6995ea8c609	a84e7e64031d313f6a81b148d7832f64a35ef50cd50ba0a0eab32b3c8f5ccc58	d957301f3f06b390bacec57a51b9a33721533864458d2ca96d9102e900808080	numeric-selector-context-screen	excluded	Numeric selector context is Lighting/Alarm/camera/local hardware/calendar or local condition metadata, not a separate WHO 9 wire implementation; declaration/context screen only
libqtdevices	hardware_functions.cpp	97f12567fe25cf723f252063c49bba869c15c848	51e387ad95acd1c705787db0f79112a70da8ddd548c9ea71684800a7c02f4e71	d957301f3f06b390bacec57a51b9a33721533864458d2ca96d9102e900808080	numeric-selector-context-screen	excluded	Numeric selector context is Lighting/Alarm/camera/local hardware/calendar or local condition metadata, not a separate WHO 9 wire implementation; declaration/context screen only
libqtdevices	hardware_functions.cpp	176dd06f6a93b1c7efddd9130df4f5c62905696a	b31fbd9b758ad89b2bf850aae57de786c698c2d89dede0f160d17195e2f612b8	d957301f3f06b390bacec57a51b9a33721533864458d2ca96d9102e900808080	numeric-selector-context-screen	excluded	Numeric selector context is Lighting/Alarm/camera/local hardware/calendar or local condition metadata, not a separate WHO 9 wire implementation; declaration/context screen only
libqtdevices	hardware_functions.cpp	b83dfe1435e5e8c7537fc15262e3cc3692f7f201	c7e288ec0c1f5a57054a98b895309ce3ea40a1ed9eb3431519a9aa5a9a23fe3f	d957301f3f06b390bacec57a51b9a33721533864458d2ca96d9102e900808080	numeric-selector-context-screen	excluded	Numeric selector context is Lighting/Alarm/camera/local hardware/calendar or local condition metadata, not a separate WHO 9 wire implementation; declaration/context screen only
libqtdevices	hardware_functions.cpp	7f4be111923078b9a0ad8377149069b664cb47fb	f3287b6c266e5ec3aaff763fc24fae778464799868164e3eb9b355d12c159d27	7cbf8681b5138e88e04e213b15e8fb4b78e24e83f870da2b6baa8fa94abced86	numeric-selector-context-screen	excluded	Numeric selector context is Lighting/Alarm/camera/local hardware/calendar or local condition metadata, not a separate WHO 9 wire implementation; declaration/context screen only
libqtdevices	hardware_functions.cpp	9518353cefe47024e1dc458e15800ca9925ac9ea	fb732d001e12dac0b6608c9127d45fcba6557be826f2a9b70b8be6920e4e179f	7cbf8681b5138e88e04e213b15e8fb4b78e24e83f870da2b6baa8fa94abced86	numeric-selector-context-screen	excluded	Numeric selector context is Lighting/Alarm/camera/local hardware/calendar or local condition metadata, not a separate WHO 9 wire implementation; declaration/context screen only
libqtdevices	hardware_functions.cpp	9e485dfc24b261edc27d632a638b327955af6878	61a174d8973dd4da766d551d83c1645b58ac5b80a716b4ac5ec9f94f97280534	7cbf8681b5138e88e04e213b15e8fb4b78e24e83f870da2b6baa8fa94abced86	numeric-selector-context-screen	excluded	Numeric selector context is Lighting/Alarm/camera/local hardware/calendar or local condition metadata, not a separate WHO 9 wire implementation; declaration/context screen only
libqtdevices	hardware_functions.cpp	7fbaa287b29f69c847b7a17d76d87e1a7ffb4e90	1542891f22d210c1480ab6dc483d6772334078c4263cf37134fbf2be8d99ed81	7cbf8681b5138e88e04e213b15e8fb4b78e24e83f870da2b6baa8fa94abced86	numeric-selector-context-screen	excluded	Numeric selector context is Lighting/Alarm/camera/local hardware/calendar or local condition metadata, not a separate WHO 9 wire implementation; declaration/context screen only
libqtdevices	hardware_functions.cpp	f6eb68eb01d8953e581dfd594feb69485340958d	0c10ac4beda490be0d2df272b44ca330dd813d6c4378af595d2a7f6e76736d30	7cbf8681b5138e88e04e213b15e8fb4b78e24e83f870da2b6baa8fa94abced86	numeric-selector-context-screen	excluded	Numeric selector context is Lighting/Alarm/camera/local hardware/calendar or local condition metadata, not a separate WHO 9 wire implementation; declaration/context screen only
libqtdevices	hardware_functions.cpp	a79e9b5730db9cc2b24b16916e9fbdab90ccaa22	b8b3c25a48ce7d679d72d66370a22355358655c563f2b2b46aa422409187c1a2	7cbf8681b5138e88e04e213b15e8fb4b78e24e83f870da2b6baa8fa94abced86	numeric-selector-context-screen	excluded	Numeric selector context is Lighting/Alarm/camera/local hardware/calendar or local condition metadata, not a separate WHO 9 wire implementation; declaration/context screen only
libqtdevices	devices/frame_interpreter.cpp	3260035cfa28ab46ba08f1eaf190926d53da8e09	d9d8c1f5f86ee6c2add6df854a30ad15c06ba0269e3a659235e0bcfb54bb463e	e19c1e7f550a7955d2b5901fd8ff4ff6b07f7b49d439f00ad734f75bc13f3cdf	numeric-selector-context-screen	excluded	Numeric selector context is Lighting/Alarm/camera/local hardware/calendar or local condition metadata, not a separate WHO 9 wire implementation; declaration/context screen only
libqtdevices	hardware_functions.cpp	298604a399dcc5909d48df78bf232093ac294f78	d8f59a639171e4e0b6f5745c0f9aeddb106705e6830f40483ce43e1f7d14145a	7cbf8681b5138e88e04e213b15e8fb4b78e24e83f870da2b6baa8fa94abced86	numeric-selector-context-screen	excluded	Numeric selector context is Lighting/Alarm/camera/local hardware/calendar or local condition metadata, not a separate WHO 9 wire implementation; declaration/context screen only
libqtdevices	hardware_functions.cpp	095ad9d05e5821bf77d66474d6f8e0c4db075c35	56832bc5a211fdde5822aa52b8e32e3dc4610bb820cbc88779410add4f607303	7cbf8681b5138e88e04e213b15e8fb4b78e24e83f870da2b6baa8fa94abced86	numeric-selector-context-screen	excluded	Numeric selector context is Lighting/Alarm/camera/local hardware/calendar or local condition metadata, not a separate WHO 9 wire implementation; declaration/context screen only
libqtdevices	hardware_functions.cpp	96fdd066aabcd31f9f99fe7e3acdab317ed7a165	59d53da50a6c919561aad2c75b272030da263a79e4f71b064509a2ab5aea500f	7cbf8681b5138e88e04e213b15e8fb4b78e24e83f870da2b6baa8fa94abced86	numeric-selector-context-screen	excluded	Numeric selector context is Lighting/Alarm/camera/local hardware/calendar or local condition metadata, not a separate WHO 9 wire implementation; declaration/context screen only
libqtdevices	hardware_functions.cpp	008970b56fb86e6c15089fd609fdcbe2fa87a4c7	d9aee2c77cb0fe52cddbaacba1ceb18862765ee500c2b3bde077dd801fdcdb0e	7cbf8681b5138e88e04e213b15e8fb4b78e24e83f870da2b6baa8fa94abced86	numeric-selector-context-screen	excluded	Numeric selector context is Lighting/Alarm/camera/local hardware/calendar or local condition metadata, not a separate WHO 9 wire implementation; declaration/context screen only
libqtdevices	hardware_functions.cpp	27148b23f329e886d6ecbe1ce2a46b9fba7181d2	3e91dc18ff8e2616dd95585057b07dfb7c5c30f5d7031d5c9383a7af07b3ae1c	7cbf8681b5138e88e04e213b15e8fb4b78e24e83f870da2b6baa8fa94abced86	numeric-selector-context-screen	excluded	Numeric selector context is Lighting/Alarm/camera/local hardware/calendar or local condition metadata, not a separate WHO 9 wire implementation; declaration/context screen only
libqtdevices	hardware_functions.cpp	d39cce77dea35f15a3a9ffc60dffae2928018419	28ef2e5fc9f3ec023116bbfc6bccc41c945e82f83424b7aae1480b91adce08ca	7cbf8681b5138e88e04e213b15e8fb4b78e24e83f870da2b6baa8fa94abced86	numeric-selector-context-screen	excluded	Numeric selector context is Lighting/Alarm/camera/local hardware/calendar or local condition metadata, not a separate WHO 9 wire implementation; declaration/context screen only
libqtdevices	hardware_functions.cpp	9daaf54986823889038429eefb2ef99cfed3502f	533955a2662329c032e572d0ce6c1ca687c0d285b62b19ed208b9c6b6d46709d	7cbf8681b5138e88e04e213b15e8fb4b78e24e83f870da2b6baa8fa94abced86	numeric-selector-context-screen	excluded	Numeric selector context is Lighting/Alarm/camera/local hardware/calendar or local condition metadata, not a separate WHO 9 wire implementation; declaration/context screen only
libqtdevices	hardware_functions.cpp	46afecce8d95b45c9ee5d061c35af83d9a00e2ec	cef52a31d836c0a2ab3f9f3e3dee6e4ea1177a35882cacce6bddc0f5abc67a9c	7cbf8681b5138e88e04e213b15e8fb4b78e24e83f870da2b6baa8fa94abced86	numeric-selector-context-screen	excluded	Numeric selector context is Lighting/Alarm/camera/local hardware/calendar or local condition metadata, not a separate WHO 9 wire implementation; declaration/context screen only
libqtdevices	hardware_functions.cpp	e536924c9cf9d1a4eec121832dced278828de2cf	04c6034579b846a1bd35c32fdd533707ee931ca70d6efde7cefe5d3a7d4517f8	7cbf8681b5138e88e04e213b15e8fb4b78e24e83f870da2b6baa8fa94abced86	numeric-selector-context-screen	excluded	Numeric selector context is Lighting/Alarm/camera/local hardware/calendar or local condition metadata, not a separate WHO 9 wire implementation; declaration/context screen only
libqtdevices	devices/lighting_device.cpp	eb712bb838d7f6d232d9caeb0b9f871ecc99db1c	a765fa084749b6051d77c00094586fd7ebe1c26eb3499439ee00d9027cb2accb	dab019697063f488fa1a441334314897a7abf1f21e9ac259d5dbb5c606133830	numeric-selector-context-screen	excluded	Numeric selector context is Lighting/Alarm/camera/local hardware/calendar or local condition metadata, not a separate WHO 9 wire implementation; declaration/context screen only
libqtdevices	devices/lighting_device.cpp	87cdddebf7f160f6656e4e163f96fd572b58a1bf	09b0b60f5e9cbc98d5af43449a2e4fa4c22d2601658fe971db6fd222298156be	dab019697063f488fa1a441334314897a7abf1f21e9ac259d5dbb5c606133830	numeric-selector-context-screen	excluded	Numeric selector context is Lighting/Alarm/camera/local hardware/calendar or local condition metadata, not a separate WHO 9 wire implementation; declaration/context screen only
libqtdevices	hardware_functions.cpp	7455a3067d6d12e7d2462b20a8cdd8665cc0a6c8	5b6fd7078d800184cc86342d9596daae46341d63d9520e909aa4c79ea08ad618	7cbf8681b5138e88e04e213b15e8fb4b78e24e83f870da2b6baa8fa94abced86	numeric-selector-context-screen	excluded	Numeric selector context is Lighting/Alarm/camera/local hardware/calendar or local condition metadata, not a separate WHO 9 wire implementation; declaration/context screen only
libqtdevices	devices/lighting_device.cpp	b5c117ee21ad8596d83cd1fff6d4707c4562b6dc	c9868cd9e1cb8fa06acc87341693664f1c833a8c40c3ca66e637cab1a44a01ac	dab019697063f488fa1a441334314897a7abf1f21e9ac259d5dbb5c606133830	numeric-selector-context-screen	excluded	Numeric selector context is Lighting/Alarm/camera/local hardware/calendar or local condition metadata, not a separate WHO 9 wire implementation; declaration/context screen only
libqtdevices	devices/lighting_device.cpp	d4e37d4050882ed9dafdf766ff1ceb67429f344f	faf32c198c7679bfbf47acc8eb4e063bc9cc37e6a8b3e03d5cd1f2d1a70c6eae	dab019697063f488fa1a441334314897a7abf1f21e9ac259d5dbb5c606133830	numeric-selector-context-screen	excluded	Numeric selector context is Lighting/Alarm/camera/local hardware/calendar or local condition metadata, not a separate WHO 9 wire implementation; declaration/context screen only
libqtdevices	frame_interpreter.cpp	76afbd345dc95cb3b2c1d1b96236cec8a39b6896	2747c276b23d31edf791e294133bc1d68d5934a009e072d4e1989c5237c12f9a	cda657dd545001ad597b30e9777e351e068111498be05aae5e9ee0b5ea93ef45	numeric-selector-context-screen	excluded	Numeric selector context is Lighting/Alarm/camera/local hardware/calendar or local condition metadata, not a separate WHO 9 wire implementation; declaration/context screen only
libqtdevices	lighting_device.cpp	7bdf7e46e586bc3f4a41148a69ff1ea837d24d2c	a9da51f90e7c79707656e981d836bfe690fa637e49dabb2e08cdce99c5a03943	dab019697063f488fa1a441334314897a7abf1f21e9ac259d5dbb5c606133830	numeric-selector-context-screen	excluded	Numeric selector context is Lighting/Alarm/camera/local hardware/calendar or local condition metadata, not a separate WHO 9 wire implementation; declaration/context screen only
libqtdevices	scenevocond.cpp	dd161dd851a1438a597345d24e17c3ec30c2f188	86ac23373d12a6aa4830e9d548af9db37b4c391ef61c5e83a22c4ace59b16f27	44cae95f55c7a96fb684b406d7abfc8e2f6bd7460ed3cdc784b8daee61c55e0a	numeric-selector-context-screen	excluded	Local condition selector 9 changes from prototype temperature selection to an explicit Auxiliary consumer; only the executable delegate establishes WHO; no Firmware or general numeric mapping
libqtdevices	devices/frame_interpreter.cpp	ce9b66085364072ff685c428439f02889030ebe8	4a51db41bec090845633bea97fce59b06a021931bdacb0080ff8f6a4c190a5d3	e19c1e7f550a7955d2b5901fd8ff4ff6b07f7b49d439f00ad734f75bc13f3cdf	numeric-selector-context-screen	excluded	Numeric selector context is Lighting/Alarm/camera/local hardware/calendar or local condition metadata, not a separate WHO 9 wire implementation; declaration/context screen only
libqtdevices	frame_interpreter.cpp	e24595ceffe3717e86925709ffa4b227558cb59d	95e86be15d3de993850366c5e950ab52ca0659c7fe6693f45b23ca1c6560b5cf	cda657dd545001ad597b30e9777e351e068111498be05aae5e9ee0b5ea93ef45	numeric-selector-context-screen	excluded	Numeric selector context is Lighting/Alarm/camera/local hardware/calendar or local condition metadata, not a separate WHO 9 wire implementation; declaration/context screen only
libqtdevices	devices/lighting_device.cpp	0a312d9aa949207ef3482ae5124a8935487804b2	f72b17d6d0f82adda3a435bcc9f2164f1ca1959ebff58fb555f8fc23cfe4f556	dab019697063f488fa1a441334314897a7abf1f21e9ac259d5dbb5c606133830	numeric-selector-context-screen	excluded	Numeric selector context is Lighting/Alarm/camera/local hardware/calendar or local condition metadata, not a separate WHO 9 wire implementation; declaration/context screen only
libqtdevices	scenevocond.cpp	e23204103040deb531c7dbe5760e8a285cd00492	eb771d533fe09cf2d6e27c78d9f125008c1e3ae42dd8999644e6fad1bbb3c5c9	44cae95f55c7a96fb684b406d7abfc8e2f6bd7460ed3cdc784b8daee61c55e0a	numeric-selector-context-screen	excluded	Local condition selector 9 changes from prototype temperature selection to an explicit Auxiliary consumer; only the executable delegate establishes WHO; no Firmware or general numeric mapping
libqtdevices	lighting_device.cpp	288bd64c97707e540fe465949cdd80772d86f9d3	5a79ff4da0e558640d5bdeb58929723f09a2f1e84147985e7ad4912ed6c39cc0	dab019697063f488fa1a441334314897a7abf1f21e9ac259d5dbb5c606133830	numeric-selector-context-screen	excluded	Numeric selector context is Lighting/Alarm/camera/local hardware/calendar or local condition metadata, not a separate WHO 9 wire implementation; declaration/context screen only
libqtdevices	scenevocond.cpp	4228b6968803cb4b6b9d6acaa9f8b7824255d7db	f9ed259f98561cf0b06686a7d8579a92743be07e1a3da645e213778ae45f7219	44cae95f55c7a96fb684b406d7abfc8e2f6bd7460ed3cdc784b8daee61c55e0a	numeric-selector-context-screen	excluded	Local condition selector 9 changes from prototype temperature selection to an explicit Auxiliary consumer; only the executable delegate establishes WHO; no Firmware or general numeric mapping
libqtdevices	scenevocond.cpp	8c9b58d5b9bad91f3e2b3ecbaa84da96625a93ca	84d6d0174e39c653c9ecffffcc3f69bb6f76885ba73383f531ea7dead7fd6b96	dacf92ce7e058b3c08573b83538d377159c9e6d8e7baf93f8db9202aec70cdae	numeric-selector-context-screen	excluded	Local condition selector 9 changes from prototype temperature selection to an explicit Auxiliary consumer; only the executable delegate establishes WHO; no Firmware or general numeric mapping
libqtdevices	lighting_device.cpp	5a6c16d16f32de5b880ccbc10e58c63f88702842	1cc4363399e7d56f6fe3466b6fe8387bab61751b521c0debc05f24069aaf332c	dab019697063f488fa1a441334314897a7abf1f21e9ac259d5dbb5c606133830	numeric-selector-context-screen	excluded	Numeric selector context is Lighting/Alarm/camera/local hardware/calendar or local condition metadata, not a separate WHO 9 wire implementation; declaration/context screen only
libqtdevices	scenevocond.cpp	383b9a2860043c0cbae5b7d54bee24a95f3029d5	86f10a1ea775dfced314056c00aa46eba5ddb699eb32ac07647c76ef596fccb7	dacf92ce7e058b3c08573b83538d377159c9e6d8e7baf93f8db9202aec70cdae	numeric-selector-context-screen	excluded	Local condition selector 9 changes from prototype temperature selection to an explicit Auxiliary consumer; only the executable delegate establishes WHO; no Firmware or general numeric mapping
libqtdevices	devices/lighting_device.cpp	a43dfbea8b38f8ec58c43e4f7178679212b768b6	70b038f2b582afd0369dc9cabdc34d5cedcac27f7826d9be3b002964697df84a	dab019697063f488fa1a441334314897a7abf1f21e9ac259d5dbb5c606133830	numeric-selector-context-screen	excluded	Numeric selector context is Lighting/Alarm/camera/local hardware/calendar or local condition metadata, not a separate WHO 9 wire implementation; declaration/context screen only
libqtdevices	scenevocond.cpp	5f48158e8eeacb0fe2f6a3e00a1d5f9fdd1f563c	2295b173804181efde4bc659310eb67163a245c815d7c15558287818d8a1821c	dacf92ce7e058b3c08573b83538d377159c9e6d8e7baf93f8db9202aec70cdae	numeric-selector-context-screen	excluded	Local condition selector 9 changes from prototype temperature selection to an explicit Auxiliary consumer; only the executable delegate establishes WHO; no Firmware or general numeric mapping
libqtdevices	lighting_device.cpp	f1e7c1927ef95bc0939df60f21e3349a8a864154	2c70290390c6e54f5bd9bea0fb11469e96107e7df186718967132e94686cc27b	dab019697063f488fa1a441334314897a7abf1f21e9ac259d5dbb5c606133830	numeric-selector-context-screen	excluded	Numeric selector context is Lighting/Alarm/camera/local hardware/calendar or local condition metadata, not a separate WHO 9 wire implementation; declaration/context screen only
libqtdevices	scenevocond.cpp	311a54038a1e0b7521ba71830a5a73c7de93ef0f	e16b207ea5be84bdc488814c2c8c57d8b0ca8eaed4e85bf8efa099eb9d6f1ba8	dacf92ce7e058b3c08573b83538d377159c9e6d8e7baf93f8db9202aec70cdae	numeric-selector-context-screen	excluded	Local condition selector 9 changes from prototype temperature selection to an explicit Auxiliary consumer; only the executable delegate establishes WHO; no Firmware or general numeric mapping
libqtdevices	lighting_device.cpp	d3e392a79a5f8405ad81015dfb735fb51dd49ad2	08c4c6c104098c9642983a2748971284bf0338458ffe503f6c030b278ed40759	dab019697063f488fa1a441334314897a7abf1f21e9ac259d5dbb5c606133830	numeric-selector-context-screen	excluded	Numeric selector context is Lighting/Alarm/camera/local hardware/calendar or local condition metadata, not a separate WHO 9 wire implementation; declaration/context screen only
libqtdevices	lighting_device.cpp	0df6681621142d4ae8afa5133e4fd6238f16e522	2750b77496f844f41a7fea7c17904d1d744542a947e83ba963585865e95d9be6	dab019697063f488fa1a441334314897a7abf1f21e9ac259d5dbb5c606133830	numeric-selector-context-screen	excluded	Numeric selector context is Lighting/Alarm/camera/local hardware/calendar or local condition metadata, not a separate WHO 9 wire implementation; declaration/context screen only
libqtdevices	lighting_device.cpp	8e81853ebb56d44481d25316f2f68d73df04d54f	518eaeaae9beb38e7f0dd8de7e5268035edf2a634d90d84add3f528828878545	dab019697063f488fa1a441334314897a7abf1f21e9ac259d5dbb5c606133830	numeric-selector-context-screen	excluded	Numeric selector context is Lighting/Alarm/camera/local hardware/calendar or local condition metadata, not a separate WHO 9 wire implementation; declaration/context screen only
libqtdevices	devices/lighting_device.cpp	2d6f833df714e02dd09434270b6dbc4d5e4995c7	c1fbf69c4521ddd5bd14a43dbf3b31e61e102c5b7fb6bd7a5d4de1758f7ea28a	dab019697063f488fa1a441334314897a7abf1f21e9ac259d5dbb5c606133830	numeric-selector-context-screen	excluded	Numeric selector context is Lighting/Alarm/camera/local hardware/calendar or local condition metadata, not a separate WHO 9 wire implementation; declaration/context screen only
libqtdevices	scenevocond.cpp	3e566d95dbb2ac9c044fb86c3e4dfe7633696c19	b1c99bccc9ea664f7105f30883c764ca0c04b3faf016c50a99e3ae6f8fa177bd	dacf92ce7e058b3c08573b83538d377159c9e6d8e7baf93f8db9202aec70cdae	numeric-selector-context-screen	excluded	Local condition selector 9 changes from prototype temperature selection to an explicit Auxiliary consumer; only the executable delegate establishes WHO; no Firmware or general numeric mapping
libqtdevices	devices/lighting_device.cpp	848e99b062aa0c9afa2976f86414845169a5906c	29889f19b618f5e05c763e4e0d7802db1d974f728ab1bf04ee28507ff734a279	dab019697063f488fa1a441334314897a7abf1f21e9ac259d5dbb5c606133830	numeric-selector-context-screen	excluded	Numeric selector context is Lighting/Alarm/camera/local hardware/calendar or local condition metadata, not a separate WHO 9 wire implementation; declaration/context screen only
libqtdevices	devices/lighting_device.cpp	4a71e072d7cd60b676cbe13826f9249c8e9add78	297d00fd0d108bf5dcf70416c40f90e14cb90507cb66b099cd9701bfd3099e14	dab019697063f488fa1a441334314897a7abf1f21e9ac259d5dbb5c606133830	numeric-selector-context-screen	excluded	Numeric selector context is Lighting/Alarm/camera/local hardware/calendar or local condition metadata, not a separate WHO 9 wire implementation; declaration/context screen only
libqtdevices	devices/lighting_device.cpp	3c5582a726d5ac0049b5aa468635ad1cd8925f4f	7387beae50f71031b66a20f52cdf9a453d2583ad806add3544610067f649d5d0	dab019697063f488fa1a441334314897a7abf1f21e9ac259d5dbb5c606133830	numeric-selector-context-screen	excluded	Numeric selector context is Lighting/Alarm/camera/local hardware/calendar or local condition metadata, not a separate WHO 9 wire implementation; declaration/context screen only
libqtdevices	devices/lighting_device.cpp	2ccb077745f6f6b7aa74600327c0c59f8fd2e1a6	4ae22ecc5320fad09ed9946479c1035e5da419f574ee93b15b4c033942a20feb	dab019697063f488fa1a441334314897a7abf1f21e9ac259d5dbb5c606133830	numeric-selector-context-screen	excluded	Numeric selector context is Lighting/Alarm/camera/local hardware/calendar or local condition metadata, not a separate WHO 9 wire implementation; declaration/context screen only
libqtdevices	scenevocond.cpp	60434f7bf0f03112eb323e0db6395b9af535b175	2f8dc20eede7b64a5201d34371821e1c7c28e2d9b2b71785180cd4b88c147519	dacf92ce7e058b3c08573b83538d377159c9e6d8e7baf93f8db9202aec70cdae	numeric-selector-context-screen	excluded	Local condition selector 9 changes from prototype temperature selection to an explicit Auxiliary consumer; only the executable delegate establishes WHO; no Firmware or general numeric mapping
libqtdevices	scenevocond.cpp	82e1223345e1d75457b3ae3fe2db1c4fe7fc575e	2fbf594e6762b76f6a6405c291a225b988eef71d896b7bbd25b41aab88e62f60	dacf92ce7e058b3c08573b83538d377159c9e6d8e7baf93f8db9202aec70cdae	numeric-selector-context-screen	excluded	Local condition selector 9 changes from prototype temperature selection to an explicit Auxiliary consumer; only the executable delegate establishes WHO; no Firmware or general numeric mapping
libqtdevices	scenevocond.cpp	dc42a1bf1367cd1f3d3ae5f18821c3e9244f3533	a825d3f468cdb4b87cb51921a5ed411f387a78bbf8ee19e143f83819dd702c68	dacf92ce7e058b3c08573b83538d377159c9e6d8e7baf93f8db9202aec70cdae	numeric-selector-context-screen	excluded	Local condition selector 9 changes from prototype temperature selection to an explicit Auxiliary consumer; only the executable delegate establishes WHO; no Firmware or general numeric mapping
libqtdevices	scenevocond.cpp	bf35ebac535e0aa673a1e298df7522ae7c5e3c54	3e01266b84b0e75cb47ef78c9c305bb906524ae0ada858633ce33590ab5f41d5	dacf92ce7e058b3c08573b83538d377159c9e6d8e7baf93f8db9202aec70cdae	numeric-selector-context-screen	excluded	Local condition selector 9 changes from prototype temperature selection to an explicit Auxiliary consumer; only the executable delegate establishes WHO; no Firmware or general numeric mapping
libqtdevices	devices/lighting_device.cpp	048eee83819d23feed9934753d9e0d8842d32ec8	99f4e412e88c38bf11ed1b7fbbd123e8504f10f1901191ba0da47f37f409c7da	dab019697063f488fa1a441334314897a7abf1f21e9ac259d5dbb5c606133830	numeric-selector-context-screen	excluded	Numeric selector context is Lighting/Alarm/camera/local hardware/calendar or local condition metadata, not a separate WHO 9 wire implementation; declaration/context screen only
libqtdevices	devices/lighting_device.cpp	aaf04995921141de3137b17e6d28c872ea035b0a	d6061420b956969d86ec407bb1bd4caa931094e1ce7f0d9c82a94c794cd55dfd	dab019697063f488fa1a441334314897a7abf1f21e9ac259d5dbb5c606133830	numeric-selector-context-screen	excluded	Numeric selector context is Lighting/Alarm/camera/local hardware/calendar or local condition metadata, not a separate WHO 9 wire implementation; declaration/context screen only
libqtdevices	devices/frame_interpreter.cpp	b25ca843184ec454eeb57f86c939981bd5378c2a	64bac11163753960240385373edadbef0a14502ced20c183288cd36aa6952567	e19c1e7f550a7955d2b5901fd8ff4ff6b07f7b49d439f00ad734f75bc13f3cdf	numeric-selector-context-screen	excluded	Numeric selector context is Lighting/Alarm/camera/local hardware/calendar or local condition metadata, not a separate WHO 9 wire implementation; declaration/context screen only
libqtdevices	scenevocond.cpp	5e09a6a8d66ac495b40e4fd62b29d9325d87211a	04eb58c89c9813f4539cb507abb1b19de6a197e34992e5878d4ebe948e524f24	7abe59c857da71e586fd224e420c26dec561ed009a7b7a23a780b93a47a324df	numeric-selector-context-screen	excluded	Local condition selector 9 changes from prototype temperature selection to an explicit Auxiliary consumer; only the executable delegate establishes WHO; no Firmware or general numeric mapping
libqtdevices	scenevocond.cpp	4cb2cac16082fc5b87225cc400bdff090a18b475	4bbc5604a25aa635568f12f83786cf2228de18fb144108c3cbce74180a6f365a	dacf92ce7e058b3c08573b83538d377159c9e6d8e7baf93f8db9202aec70cdae	numeric-selector-context-screen	excluded	Local condition selector 9 changes from prototype temperature selection to an explicit Auxiliary consumer; only the executable delegate establishes WHO; no Firmware or general numeric mapping
libqtdevices	devices/lighting_device.cpp	d2af75543ca82e2cb85eb582f7ccecd91af6efc7	3bc9d81549f5a0870efb4f1672af935669e2dd80be657dd7e793b96d8337d3cb	dab019697063f488fa1a441334314897a7abf1f21e9ac259d5dbb5c606133830	numeric-selector-context-screen	excluded	Numeric selector context is Lighting/Alarm/camera/local hardware/calendar or local condition metadata, not a separate WHO 9 wire implementation; declaration/context screen only
libqtdevices	lighting_device.cpp	c282105ff5e8ca50dd47106c17228cefec49963c	ff415fb29a980fc724ed20a4d7b21862212a6780f7587938d632a95d7bae03ce	dab019697063f488fa1a441334314897a7abf1f21e9ac259d5dbb5c606133830	numeric-selector-context-screen	excluded	Numeric selector context is Lighting/Alarm/camera/local hardware/calendar or local condition metadata, not a separate WHO 9 wire implementation; declaration/context screen only
libqtdevices	lighting_device.cpp	624a2d644df7eaf25e9cca421e9e893b8bb20d01	90586c042af23df0729054c6bc847d79293d3c0a037e7a67f6d858b867d4b944	dab019697063f488fa1a441334314897a7abf1f21e9ac259d5dbb5c606133830	numeric-selector-context-screen	excluded	Numeric selector context is Lighting/Alarm/camera/local hardware/calendar or local condition metadata, not a separate WHO 9 wire implementation; declaration/context screen only
libqtdevices	lighting_device.cpp	d97225d6424a3469c9507e0c30e72dbc8683e6e4	69d519b713ca1b6fd4d9a83dea56d618ee1a1ed771561ada52e62f4cd9f7267a	dab019697063f488fa1a441334314897a7abf1f21e9ac259d5dbb5c606133830	numeric-selector-context-screen	excluded	Numeric selector context is Lighting/Alarm/camera/local hardware/calendar or local condition metadata, not a separate WHO 9 wire implementation; declaration/context screen only
libqtdevices	lighting_device.cpp	3c3736e617fc810f13795e684ca76df164630cf9	ac7aec93c18c4b87921802b837f01f1b4b0ffce2657cde43bbef23307329d911	dab019697063f488fa1a441334314897a7abf1f21e9ac259d5dbb5c606133830	numeric-selector-context-screen	excluded	Numeric selector context is Lighting/Alarm/camera/local hardware/calendar or local condition metadata, not a separate WHO 9 wire implementation; declaration/context screen only
libqtdevices	lighting_device.cpp	143d8c42d498ef196c44ddbc1a869e98f5603590	3e77534e804879ae351c399f35b7eb89946582c66b8ef5bd7302703e18d645b2	dab019697063f488fa1a441334314897a7abf1f21e9ac259d5dbb5c606133830	numeric-selector-context-screen	excluded	Numeric selector context is Lighting/Alarm/camera/local hardware/calendar or local condition metadata, not a separate WHO 9 wire implementation; declaration/context screen only
libqtdevices	devices/lighting_device.cpp	318ad3a218dcd5fc91d9b5fb0f205d260fa0bac7	49f7d68ef3558127fa0cd0a34ba88e1b6d6d390ce5ee7b5c7e7336cb4b44185c	dab019697063f488fa1a441334314897a7abf1f21e9ac259d5dbb5c606133830	numeric-selector-context-screen	excluded	Numeric selector context is Lighting/Alarm/camera/local hardware/calendar or local condition metadata, not a separate WHO 9 wire implementation; declaration/context screen only
libqtdevices	lighting_device.cpp	f5aed7ca3f6fa655cbac7b040f7915eb5c83b30f	08f8680fe4f287fec88c9c8286810dba2c41591d6c81f66084dadf085d7a06de	256e39e93f66f419eddebf0ea1423c012505e1b36545555c0daac90818ae858c	numeric-selector-context-screen	excluded	Numeric selector context is Lighting/Alarm/camera/local hardware/calendar or local condition metadata, not a separate WHO 9 wire implementation; declaration/context screen only
libqtdevices	devices/lighting_device.cpp	14eb23f4506de97673d4510c8f8552675c3fa8ff	6ba58cbf843a19acf538c37f7d15db7fee693986fc00883bde1d28f5ec39f8bb	68d40b72e4ae84ac8e844646c09442eb40fd2710a9a1b955ad1af41426b293d3	numeric-selector-context-screen	excluded	Numeric selector context is Lighting/Alarm/camera/local hardware/calendar or local condition metadata, not a separate WHO 9 wire implementation; declaration/context screen only
libqtdevices	lighting_device.cpp	7937d067a494e7abe59dfff9617384c155d90315	5b95caf456ed621f5938a3913dcdd2cc81752af8280337a4e866127cb10a8e3e	256e39e93f66f419eddebf0ea1423c012505e1b36545555c0daac90818ae858c	numeric-selector-context-screen	excluded	Numeric selector context is Lighting/Alarm/camera/local hardware/calendar or local condition metadata, not a separate WHO 9 wire implementation; declaration/context screen only
libqtdevices	lighting_device.cpp	c7ac1a4ef7f7b85464ca474500d11468f76d6040	40a06ca0c50fb536a68bf95a029bb46e9fb491134fcff889a362c06481f97a4b	256e39e93f66f419eddebf0ea1423c012505e1b36545555c0daac90818ae858c	numeric-selector-context-screen	excluded	Numeric selector context is Lighting/Alarm/camera/local hardware/calendar or local condition metadata, not a separate WHO 9 wire implementation; declaration/context screen only
libqtdevices	devices/lighting_device.cpp	3092541e6cf07760d656c115d4d27c76a5f9c2bb	bb197165fc2f8c18a4c05fdb82b793b243a55c55e7d3ccd1c4ed3338a1e0dbcb	68d40b72e4ae84ac8e844646c09442eb40fd2710a9a1b955ad1af41426b293d3	numeric-selector-context-screen	excluded	Numeric selector context is Lighting/Alarm/camera/local hardware/calendar or local condition metadata, not a separate WHO 9 wire implementation; declaration/context screen only
libqtdevices	scenevocond.cpp	1de413bacdac6c73e7440549abfef74c31806d9b	176b251c892264eacee0cc8b9f3b95ccb97137570213470f62002a4cd00e68c0	7abe59c857da71e586fd224e420c26dec561ed009a7b7a23a780b93a47a324df	numeric-selector-context-screen	excluded	Local condition selector 9 changes from prototype temperature selection to an explicit Auxiliary consumer; only the executable delegate establishes WHO; no Firmware or general numeric mapping
libqtdevices	lighting_device.cpp	793c4cf1f701732b576374de00a6a768341e0d96	860b61fbdc1d4e8ac2c8e7b38b855e5ae361aeabf9e8eacc0e52e28c7af5281b	256e39e93f66f419eddebf0ea1423c012505e1b36545555c0daac90818ae858c	numeric-selector-context-screen	excluded	Numeric selector context is Lighting/Alarm/camera/local hardware/calendar or local condition metadata, not a separate WHO 9 wire implementation; declaration/context screen only
libqtdevices	devices/lighting_device.cpp	2b4bc5752a976b07e0d96fca6e8dc45d1f28bdbe	db55fbf80855aef2ac25059ee82954cd4adfe367a5474b0b9004079a04431043	68d40b72e4ae84ac8e844646c09442eb40fd2710a9a1b955ad1af41426b293d3	numeric-selector-context-screen	excluded	Numeric selector context is Lighting/Alarm/camera/local hardware/calendar or local condition metadata, not a separate WHO 9 wire implementation; declaration/context screen only
libqtdevices	scenevocond.cpp	87cbc20881450cf38ca8dcefe52802e4f80b3152	20667c60febe8e96b8ba21033bf799851c85e7118e5ed91af2e3b2c005b72a37	8dc1385e8c6712002bca0467d222c1f6fc39896164ea317fe335c0cb66c1bfa5	numeric-selector-context-screen	excluded	Local condition selector 9 changes from prototype temperature selection to an explicit Auxiliary consumer; only the executable delegate establishes WHO; no Firmware or general numeric mapping
libqtdevices	devices/lighting_device.cpp	810bc869d976b7925a9e6ac76de76d9b44be856c	813699504d66fd6fe99e942c37774013c21029a7cc4307786bdd649882eef231	68d40b72e4ae84ac8e844646c09442eb40fd2710a9a1b955ad1af41426b293d3	numeric-selector-context-screen	excluded	Numeric selector context is Lighting/Alarm/camera/local hardware/calendar or local condition metadata, not a separate WHO 9 wire implementation; declaration/context screen only
libqtdevices	devices/lighting_device.cpp	9ab90cc2ed1f85798a73df2178cb1ba57547a3c6	bc225f61529b93c2d9512484f847faa718024101a9082a84fba044857b7e9f48	68d40b72e4ae84ac8e844646c09442eb40fd2710a9a1b955ad1af41426b293d3	numeric-selector-context-screen	excluded	Numeric selector context is Lighting/Alarm/camera/local hardware/calendar or local condition metadata, not a separate WHO 9 wire implementation; declaration/context screen only
libqtdevices	devices/lighting_device.cpp	3d5b9d312545e01acea531194c2e4a636bdb27f3	9f64696dcc54fcfa089e5d673b1df85f1ceda95bfda960557038981f1b86f4cb	68d40b72e4ae84ac8e844646c09442eb40fd2710a9a1b955ad1af41426b293d3	numeric-selector-context-screen	excluded	Numeric selector context is Lighting/Alarm/camera/local hardware/calendar or local condition metadata, not a separate WHO 9 wire implementation; declaration/context screen only
libqtdevices	devices/lighting_device.cpp	593764f2b79eafd930f450ec58a86b63bcdde127	7585d82b2de14355de2d38bbab35471b019332bf5fdbc1a35249a729a977b276	68d40b72e4ae84ac8e844646c09442eb40fd2710a9a1b955ad1af41426b293d3	numeric-selector-context-screen	excluded	Numeric selector context is Lighting/Alarm/camera/local hardware/calendar or local condition metadata, not a separate WHO 9 wire implementation; declaration/context screen only
libqtdevices	scenevocond.cpp	cd4c05fed50c3c8bb373c5f4cd994cabe9791348	a5d39fb0d52ff9a41e530e1af5f3e429802d9007a8d8222af622965d2996580b	dacf92ce7e058b3c08573b83538d377159c9e6d8e7baf93f8db9202aec70cdae	numeric-selector-context-screen	excluded	Local condition selector 9 changes from prototype temperature selection to an explicit Auxiliary consumer; only the executable delegate establishes WHO; no Firmware or general numeric mapping
libqtdevices	devices/frame_interpreter.cpp	76b4fd0ac655a6062770382700f89a0a72a106dd	c70b7ee70bdc6ed7f55fb10e2e713c9ecacfc75a539379e54b24f468b3f6a6e4	e19c1e7f550a7955d2b5901fd8ff4ff6b07f7b49d439f00ad734f75bc13f3cdf	numeric-selector-context-screen	excluded	Numeric selector context is Lighting/Alarm/camera/local hardware/calendar or local condition metadata, not a separate WHO 9 wire implementation; declaration/context screen only
libqtdevices	scenevocond.cpp	a2d227c427f492caea340890fb8ef91dc30d3b35	88c841688076ca448e32bfe4f2f741f6b46d17b96f149fc6ba84765b68cc30e6	8dc1385e8c6712002bca0467d222c1f6fc39896164ea317fe335c0cb66c1bfa5	numeric-selector-context-screen	excluded	Local condition selector 9 changes from prototype temperature selection to an explicit Auxiliary consumer; only the executable delegate establishes WHO; no Firmware or general numeric mapping
libqtdevices	devices/lighting_device.cpp	e247003e776fd7564924131ec8d6ec00f495c9af	5bae1aef4a0af2798b055a0ed52d74b1398544806fa659b1efd39cf0defd5466	68d40b72e4ae84ac8e844646c09442eb40fd2710a9a1b955ad1af41426b293d3	numeric-selector-context-screen	excluded	Numeric selector context is Lighting/Alarm/camera/local hardware/calendar or local condition metadata, not a separate WHO 9 wire implementation; declaration/context screen only
libqtdevices	devices/lighting_device.cpp	8561641c59e7a46acda51386adc051f50d056b40	f65981520f745fb0d870165728b642482df5c02895ca6782a07903c5975dea48	68d40b72e4ae84ac8e844646c09442eb40fd2710a9a1b955ad1af41426b293d3	numeric-selector-context-screen	excluded	Numeric selector context is Lighting/Alarm/camera/local hardware/calendar or local condition metadata, not a separate WHO 9 wire implementation; declaration/context screen only
libqtdevices	devices/frame_interpreter.cpp	61ca4564afed94754eb6be94a439b978c8d0850f	c38a7435ae6aea48c23bc3beffed9f1a6c1976e1a5d23ed6f23784e860a67773	e19c1e7f550a7955d2b5901fd8ff4ff6b07f7b49d439f00ad734f75bc13f3cdf	numeric-selector-context-screen	excluded	Numeric selector context is Lighting/Alarm/camera/local hardware/calendar or local condition metadata, not a separate WHO 9 wire implementation; declaration/context screen only
libqtdevices	devices/lighting_device.cpp	5c22db63dfd4511434936a98ea0ddaa914ae14ea	0635271fdb17babffcbfb734eb0f5e1d74635452c16c91681723dbf822947d21	68d40b72e4ae84ac8e844646c09442eb40fd2710a9a1b955ad1af41426b293d3	numeric-selector-context-screen	excluded	Numeric selector context is Lighting/Alarm/camera/local hardware/calendar or local condition metadata, not a separate WHO 9 wire implementation; declaration/context screen only
libqtdevices	scenevocond.cpp	cfae5c479b1f4db4dd791ab99d257d11625c0e14	3b645e341a5a6098fcdeaec60ac56fe8ce2575bf1bd259bec3b66ad6db3bcdd2	8dc1385e8c6712002bca0467d222c1f6fc39896164ea317fe335c0cb66c1bfa5	numeric-selector-context-screen	excluded	Local condition selector 9 changes from prototype temperature selection to an explicit Auxiliary consumer; only the executable delegate establishes WHO; no Firmware or general numeric mapping
libqtdevices	devices/lighting_device.cpp	1eaf1a6a9ade8018b14c4767d45a8bf3be358790	d07da34347a83bec236f1db84e998fd7bd74c0b0ec8bd07f1dbe926f00e218ad	68d40b72e4ae84ac8e844646c09442eb40fd2710a9a1b955ad1af41426b293d3	numeric-selector-context-screen	excluded	Numeric selector context is Lighting/Alarm/camera/local hardware/calendar or local condition metadata, not a separate WHO 9 wire implementation; declaration/context screen only
libqtdevices	scenevocond.cpp	c83c5971137379c6a041249c5c2689d29e54d9f7	235f49102bc55e69fb9e848ac9ef8292f5f0d41bd4dbf55b8b82ba325a396eb5	d90dcf6e5890a78f2ff4be1def6afa9f73cb7cb390de41f9982e0d27cf88e9b8	numeric-selector-context-screen	excluded	Local condition selector 9 changes from prototype temperature selection to an explicit Auxiliary consumer; only the executable delegate establishes WHO; no Firmware or general numeric mapping
libqtdevices	devices/lighting_device.cpp	11f51ea8e3dd23a4e2f4ade583bf44487c374325	b849a6fda4d44143ffc1c9140d9bee9bcd9076d757e028e2d0b0253be3785e93	68d40b72e4ae84ac8e844646c09442eb40fd2710a9a1b955ad1af41426b293d3	numeric-selector-context-screen	excluded	Numeric selector context is Lighting/Alarm/camera/local hardware/calendar or local condition metadata, not a separate WHO 9 wire implementation; declaration/context screen only
libqtdevices	scenevocond.cpp	4ef802be6db8195ba5d5bd89f3041a0b68d871c4	88f648980ba7e48bd7ae1bc7d6c2b87020edad89e82a2e522b336990f0da6d52	d90dcf6e5890a78f2ff4be1def6afa9f73cb7cb390de41f9982e0d27cf88e9b8	numeric-selector-context-screen	excluded	Local condition selector 9 changes from prototype temperature selection to an explicit Auxiliary consumer; only the executable delegate establishes WHO; no Firmware or general numeric mapping
libqtdevices	frame_interpreter.cpp	ed9855d76fae7eb08c15684c7a29ee1d3f42ac6a	ada8d76e57a89939e4ca934dc097c54fc054007a71ad1dadc49c7f811412f800	cda657dd545001ad597b30e9777e351e068111498be05aae5e9ee0b5ea93ef45	numeric-selector-context-screen	excluded	Numeric selector context is Lighting/Alarm/camera/local hardware/calendar or local condition metadata, not a separate WHO 9 wire implementation; declaration/context screen only
libqtdevices	lighting_device.cpp	2b77011daef022ea2f7487a77a403445505f0944	4290a0bc75a854982ed1e63d433e1219512783ef9fd0ebd0b734cff3144357cb	256e39e93f66f419eddebf0ea1423c012505e1b36545555c0daac90818ae858c	numeric-selector-context-screen	excluded	Numeric selector context is Lighting/Alarm/camera/local hardware/calendar or local condition metadata, not a separate WHO 9 wire implementation; declaration/context screen only
libqtdevices	scenevocond.cpp	2a174016ae7f4a59f9a8f10d7494c70744c331da	a4d559e3d80c203b0496df57e992961c222ac81c0e7077b24ce1e6ab91adf590	dacf92ce7e058b3c08573b83538d377159c9e6d8e7baf93f8db9202aec70cdae	numeric-selector-context-screen	excluded	Local condition selector 9 changes from prototype temperature selection to an explicit Auxiliary consumer; only the executable delegate establishes WHO; no Firmware or general numeric mapping
libqtdevices	lighting_device.cpp	7671f94c0b83b24d7d66957dcd0afbbef743670f	0f654ebde6e213207ffdfb7d91d2f6ed20fe4a3743b9b61d6d9441e25f2d3820	256e39e93f66f419eddebf0ea1423c012505e1b36545555c0daac90818ae858c	numeric-selector-context-screen	excluded	Numeric selector context is Lighting/Alarm/camera/local hardware/calendar or local condition metadata, not a separate WHO 9 wire implementation; declaration/context screen only
libqtdevices	bann_lighting.cpp	e2b7b0f68c0885df7885fcf83484464491071314	2ffc90705493abfa073095e406fd86cea3e6e4cbb48434620708ed29e4ac66fa	4386e3c127a9f0b64bf070de6c03044c76cb9dadc94b8bbc97c240854a97a681	numeric-selector-context-screen	excluded	Numeric selector context is Lighting/Alarm/camera/local hardware/calendar or local condition metadata, not a separate WHO 9 wire implementation; declaration/context screen only
libqtdevices	devices/lighting_device.cpp	f17ba6ada7569e86360f2639144a3529d97ed940	29ca8ab40abeb1f8291933aa0f93f8140959d50fd26490b588b8650b446376a0	256e39e93f66f419eddebf0ea1423c012505e1b36545555c0daac90818ae858c	numeric-selector-context-screen	excluded	Numeric selector context is Lighting/Alarm/camera/local hardware/calendar or local condition metadata, not a separate WHO 9 wire implementation; declaration/context screen only
libqtdevices	scenevocond.cpp	e557f1e1b79155d883e475a25b88b78830f60939	5c378f892bd8eb85dca04ba83969b10e563af585ed15a542eda2579623bac67f	d90dcf6e5890a78f2ff4be1def6afa9f73cb7cb390de41f9982e0d27cf88e9b8	numeric-selector-context-screen	excluded	Local condition selector 9 changes from prototype temperature selection to an explicit Auxiliary consumer; only the executable delegate establishes WHO; no Firmware or general numeric mapping
libqtdevices	scenevocond.cpp	764e5664dad89a880804cbdfa62f757f7e54d5e7	9a486ca5411d34adebbf9df8cce2eacb90d6688f74233c3e46f2ebb2bc4fb286	d90dcf6e5890a78f2ff4be1def6afa9f73cb7cb390de41f9982e0d27cf88e9b8	numeric-selector-context-screen	excluded	Local condition selector 9 changes from prototype temperature selection to an explicit Auxiliary consumer; only the executable delegate establishes WHO; no Firmware or general numeric mapping
libqtdevices	scenevocond.cpp	46e5e55c91e9016aeb0e28f02a9ef616faf8c58e	0ffaf9bbb9a7185aecd60fb83ddb1a3b868975e901028565a223cc797632f6ae	d90dcf6e5890a78f2ff4be1def6afa9f73cb7cb390de41f9982e0d27cf88e9b8	numeric-selector-context-screen	excluded	Local condition selector 9 changes from prototype temperature selection to an explicit Auxiliary consumer; only the executable delegate establishes WHO; no Firmware or general numeric mapping
libqtdevices	scenevocond.cpp	9d5ea58ce096c1f2458dc3e83ba8229b4b5bc733	4d9dae3c44a9d082a79080357dd9fe8adbcd67c9f5a8f261d2aa7f4361973bd0	d90dcf6e5890a78f2ff4be1def6afa9f73cb7cb390de41f9982e0d27cf88e9b8	numeric-selector-context-screen	excluded	Local condition selector 9 changes from prototype temperature selection to an explicit Auxiliary consumer; only the executable delegate establishes WHO; no Firmware or general numeric mapping
libqtdevices	scenevocond.cpp	0436c65a7265dd5baeb8f4ce8235e249f6ed4f93	68d7e4be90839776d9bfd840fc4f29bc98c4f8936b564b3e9cd9cd869a748315	d90dcf6e5890a78f2ff4be1def6afa9f73cb7cb390de41f9982e0d27cf88e9b8	numeric-selector-context-screen	excluded	Local condition selector 9 changes from prototype temperature selection to an explicit Auxiliary consumer; only the executable delegate establishes WHO; no Firmware or general numeric mapping
libqtdevices	scenevocond.cpp	f0a7fe49dd30e5375b19d23aaf2d26294b81e8b1	3ddfab31a7592f9c0d4b6ca8e40b5b558e758e7da5c94cac69981f6ff81d0a9d	d90dcf6e5890a78f2ff4be1def6afa9f73cb7cb390de41f9982e0d27cf88e9b8	numeric-selector-context-screen	excluded	Local condition selector 9 changes from prototype temperature selection to an explicit Auxiliary consumer; only the executable delegate establishes WHO; no Firmware or general numeric mapping
libqtdevices	scenevocond.cpp	09f4d792c391d0d441b47e356b4c7184a434fbae	de41d8f7b5b919cfe336da611fd9386b18b0135df227aaee2294674b73e4f3b9	d90dcf6e5890a78f2ff4be1def6afa9f73cb7cb390de41f9982e0d27cf88e9b8	numeric-selector-context-screen	excluded	Local condition selector 9 changes from prototype temperature selection to an explicit Auxiliary consumer; only the executable delegate establishes WHO; no Firmware or general numeric mapping
libqtdevices	scenevocond.cpp	ded2a1a1a7d90a2d0bc20c7e2f2d77bb507710f5	992b754aa55eed09a75f967ab5e7685a679c9bc3d514529de69073bc75a3467d	d90dcf6e5890a78f2ff4be1def6afa9f73cb7cb390de41f9982e0d27cf88e9b8	numeric-selector-context-screen	excluded	Local condition selector 9 changes from prototype temperature selection to an explicit Auxiliary consumer; only the executable delegate establishes WHO; no Firmware or general numeric mapping
libqtdevices	scenevocond.cpp	dc94b0c6b6ab3cc8761a38735edc19f09a3ecbd0	860d8d81ed161fade4426928128c5728797d7b13a27baf6e8c69e610cf2b2804	d90dcf6e5890a78f2ff4be1def6afa9f73cb7cb390de41f9982e0d27cf88e9b8	numeric-selector-context-screen	excluded	Local condition selector 9 changes from prototype temperature selection to an explicit Auxiliary consumer; only the executable delegate establishes WHO; no Firmware or general numeric mapping
libqtdevices	scenevocond.cpp	80579de6dd2f6891bbdf77da7b380dde9e6ee212	69ab3145c36771937f7677e56e6d7f553a0b4c7249af109ce656774eb7675727	7485c5cf607b620f2dd22f93527672a966ae8c077a6e298eb240cbb2598275e9	numeric-selector-context-screen	excluded	Local condition selector 9 changes from prototype temperature selection to an explicit Auxiliary consumer; only the executable delegate establishes WHO; no Firmware or general numeric mapping
libqtdevices	scenevocond.cpp	63d77ed22fe90c8aebf75d032f1aeee3a0fb0e2b	5ba9cd13c4b4b17e3275a8349f31151747703e8f5b664fc0aa4b169449c6210e	c4d381956efffb5d0d666f923d49d9c0eaf9aef850d3a01c5669a01c6d49a263	numeric-selector-context-screen	excluded	Local condition selector 9 changes from prototype temperature selection to an explicit Auxiliary consumer; only the executable delegate establishes WHO; no Firmware or general numeric mapping
libqtdevices	scenevocond.cpp	352e37bbe46420b439912e300e7cb352d94c2e05	c9dac2a01e8106cec0608c78a10e86ad8b87a4c02bcae6bc426ca36bf99f76fd	7dde6f44d4220f3b6dc09a2e6b33439a0bd7d776d27e941a7a9ed3d53e7cf206	numeric-selector-context-screen	excluded	Local condition selector 9 changes from prototype temperature selection to an explicit Auxiliary consumer; only the executable delegate establishes WHO; no Firmware or general numeric mapping
libqtdevices	scenevocond.cpp	d309b52d723280879675c1e7b9e955463f3e0a15	c008dd9edf9e5a21a5238af86c19b378272516407b73868444969c389f2bd8be	218655634d46f31002f84d26e20fd4e7e230ccefd8aacbc62c8d4250f002c7f6	numeric-selector-context-screen	excluded	Local condition selector 9 changes from prototype temperature selection to an explicit Auxiliary consumer; only the executable delegate establishes WHO; no Firmware or general numeric mapping
libqtdevices	scenevocond.cpp	2fe44cbbfb8e91667b7f3569ec5c52f6a30e2069	fea66667e4d7cee3be451e68a3292f3dfc9666376b0d0ed7531f4e3c431c232d	218655634d46f31002f84d26e20fd4e7e230ccefd8aacbc62c8d4250f002c7f6	numeric-selector-context-screen	excluded	Local condition selector 9 changes from prototype temperature selection to an explicit Auxiliary consumer; only the executable delegate establishes WHO; no Firmware or general numeric mapping
libqtdevices	scenevocond.cpp	9da4d1f6d0e51b0faded5799bc1a3dcfc578da45	3d418bf6f989f9edbf1834e3758b7a00c3a321be3eb7544e10b3276739584c09	0809cf167014c8cc56de5ebf38083383e63f26d210c4a488ecf70999f388c895	numeric-selector-context-screen	excluded	Local condition selector 9 changes from prototype temperature selection to an explicit Auxiliary consumer; only the executable delegate establishes WHO; no Firmware or general numeric mapping
libqtdevices	scenevocond.cpp	cf580b07762a8540697acff5934e0f024b66294d	8c45f6b7eae70304c0cbccb6640d807b4584fdc6353c29991f488deb58c507b9	0809cf167014c8cc56de5ebf38083383e63f26d210c4a488ecf70999f388c895	numeric-selector-context-screen	excluded	Local condition selector 9 changes from prototype temperature selection to an explicit Auxiliary consumer; only the executable delegate establishes WHO; no Firmware or general numeric mapping
libqtdevices	scenevocond.cpp	d70565ffa904a2ac6c2bdcf41ebd16d1fe7bbacb	fb047cf51a117121513ced6eec25a0ba3bcb0de78b6ccb45edcd46109d6b66f3	0809cf167014c8cc56de5ebf38083383e63f26d210c4a488ecf70999f388c895	numeric-selector-context-screen	excluded	Local condition selector 9 changes from prototype temperature selection to an explicit Auxiliary consumer; only the executable delegate establishes WHO; no Firmware or general numeric mapping
libqtdevices	scenevocond.cpp	5da9485c85b1409e16b44cb768c8ac03a0dfd87a	28d0128a3b38187321afe956d9cf47eab1eda52375d814c9c246efa9e37b133f	0809cf167014c8cc56de5ebf38083383e63f26d210c4a488ecf70999f388c895	numeric-selector-context-screen	excluded	Local condition selector 9 changes from prototype temperature selection to an explicit Auxiliary consumer; only the executable delegate establishes WHO; no Firmware or general numeric mapping
libqtdevices	scenevocond.cpp	322fa9446f6a0f8453017573c1e9da125dae4335	4e93ed0895aba50fa246b0e7eae1ef19ba879369cdd81f76bed8e0f38393c12b	0809cf167014c8cc56de5ebf38083383e63f26d210c4a488ecf70999f388c895	numeric-selector-context-screen	excluded	Local condition selector 9 changes from prototype temperature selection to an explicit Auxiliary consumer; only the executable delegate establishes WHO; no Firmware or general numeric mapping
libqtdevices	scenevocond.cpp	338fa9ecb022d5e5ad62b4c01263872b5e7fa9eb	e2aa2bed4a3cf9c6849633a1375ac359cbbd7f2add32753c66d7586de3183bca	dacf92ce7e058b3c08573b83538d377159c9e6d8e7baf93f8db9202aec70cdae	numeric-selector-context-screen	excluded	Local condition selector 9 changes from prototype temperature selection to an explicit Auxiliary consumer; only the executable delegate establishes WHO; no Firmware or general numeric mapping
libqtdevices	scenevocond.cpp	2e7c55ec74fc1d4b2c275af3c5f69ef5b907acd0	babb31a89833061e683ec2fda1f4b1c08a626626203c205fb96bb90b84d4b5ed	dacf92ce7e058b3c08573b83538d377159c9e6d8e7baf93f8db9202aec70cdae	numeric-selector-context-screen	excluded	Local condition selector 9 changes from prototype temperature selection to an explicit Auxiliary consumer; only the executable delegate establishes WHO; no Firmware or general numeric mapping
libqtdevices	devices/frame_interpreter.cpp	156e65e73d31d597261540095a04fd1f6b998735	31957a90281133d6b74f5e9ed389cbd2702fef181a563e604463817fef6a62ac	e19c1e7f550a7955d2b5901fd8ff4ff6b07f7b49d439f00ad734f75bc13f3cdf	numeric-selector-context-screen	excluded	Numeric selector context is Lighting/Alarm/camera/local hardware/calendar or local condition metadata, not a separate WHO 9 wire implementation; declaration/context screen only
libqtdevices	scenevocond.cpp	edace9a2f5fc27ccbb140df8dd0f56d05e66e89a	ad93ff237d219f08c533c000e40446c96a3b640a073b5f4a87d852b8d39a790d	dacf92ce7e058b3c08573b83538d377159c9e6d8e7baf93f8db9202aec70cdae	numeric-selector-context-screen	excluded	Local condition selector 9 changes from prototype temperature selection to an explicit Auxiliary consumer; only the executable delegate establishes WHO; no Firmware or general numeric mapping
libqtdevices	frame_interpreter.cpp	73ea6468df59909841699bb0111f385728dcb730	a19e8b96d1a42c01488a3712f97f5bcbf687cb748d42c5c206dd391aa7b99cab	e19c1e7f550a7955d2b5901fd8ff4ff6b07f7b49d439f00ad734f75bc13f3cdf	numeric-selector-context-screen	excluded	Numeric selector context is Lighting/Alarm/camera/local hardware/calendar or local condition metadata, not a separate WHO 9 wire implementation; declaration/context screen only
libqtdevices	lighting_device.cpp	59fed852e147c605ab8890d30bc3ba154fbd64f4	ae7d1f972c625d4af16333b65cfde924599755ed4e63bed3ce9edc33a53a941e	256e39e93f66f419eddebf0ea1423c012505e1b36545555c0daac90818ae858c	numeric-selector-context-screen	excluded	Numeric selector context is Lighting/Alarm/camera/local hardware/calendar or local condition metadata, not a separate WHO 9 wire implementation; declaration/context screen only
libqtdevices	frame_interpreter.cpp	09f5d98cf05a52230bbb6f1897732c0408a09e91	0451ef2f9c80bdce38996ab9b91adbffcb88e98126960e6f106d515b31897937	cda657dd545001ad597b30e9777e351e068111498be05aae5e9ee0b5ea93ef45	numeric-selector-context-screen	excluded	Numeric selector context is Lighting/Alarm/camera/local hardware/calendar or local condition metadata, not a separate WHO 9 wire implementation; declaration/context screen only
libqtdevices	frame_interpreter.cpp	7c8d3dad92ffb30931b0ec8fb935d84a9029120b	f78dcaced9a0ad7bf6f86d684394aa1027e671bf12e263f12b0af43630107346	e19c1e7f550a7955d2b5901fd8ff4ff6b07f7b49d439f00ad734f75bc13f3cdf	numeric-selector-context-screen	excluded	Numeric selector context is Lighting/Alarm/camera/local hardware/calendar or local condition metadata, not a separate WHO 9 wire implementation; declaration/context screen only
libqtdevices	lighting_device.cpp	caea51eb48133da2a463c0ae3bac982b65f88be4	50db0279486a1e2784c275232b18a1240adaad93ba9ba3f4f918505970575362	256e39e93f66f419eddebf0ea1423c012505e1b36545555c0daac90818ae858c	numeric-selector-context-screen	excluded	Numeric selector context is Lighting/Alarm/camera/local hardware/calendar or local condition metadata, not a separate WHO 9 wire implementation; declaration/context screen only
libqtdevices	scenevocond.cpp	2f3c972dc384bd0d45ba5dbfb784fa396e0a8f0e	7e8a568b6bde935c748ca0fc20c0e6f6d58f153a4c7c4d53d62ec02478119815	dacf92ce7e058b3c08573b83538d377159c9e6d8e7baf93f8db9202aec70cdae	numeric-selector-context-screen	excluded	Local condition selector 9 changes from prototype temperature selection to an explicit Auxiliary consumer; only the executable delegate establishes WHO; no Firmware or general numeric mapping
libqtdevices	scenevocond.cpp	8041cbce1f71b47e623e4eeefa051a75f051a562	d5e138bec04625253d55fd02520fbfe855254908b251eaae32626eef85c67e7c	f5f3f30115397ecbd3ecf3044a7cf289a7f7fdd37da7dd6dfb4a632d0a9eedb0	numeric-selector-context-screen	excluded	Local condition selector 9 changes from prototype temperature selection to an explicit Auxiliary consumer; only the executable delegate establishes WHO; no Firmware or general numeric mapping
libqtdevices	frame_interpreter.cpp	2f9858f5e2f61d50f1e95941fe587e4f15bdf4b3	d7ab3d41b27b93565564414deed1188723cbc1874209b2004df59999550ca96f	cda657dd545001ad597b30e9777e351e068111498be05aae5e9ee0b5ea93ef45	numeric-selector-context-screen	excluded	Numeric selector context is Lighting/Alarm/camera/local hardware/calendar or local condition metadata, not a separate WHO 9 wire implementation; declaration/context screen only
libqtdevices	scenevocond.cpp	3f59ecc510d37a521453b48e5633219aa2c116ba	ac6dc687e566db471229589045ef67d3f02cdbec4dda33f06463c1e6d062e25e	4a01cce6d76c8e4586e2d9753ec72f11d08fabdb95c087f16802c802e6cb928c	numeric-selector-context-screen	excluded	Local condition selector 9 changes from prototype temperature selection to an explicit Auxiliary consumer; only the executable delegate establishes WHO; no Firmware or general numeric mapping
libqtdevices	scenevocond.cpp	1fa410b434b9e1dd6efa0f44e671e2f4f2754fae	eece090d54c11ac2723e4c4e0509f083fcb8b9030269b054a00ba1cf868f9420	4a01cce6d76c8e4586e2d9753ec72f11d08fabdb95c087f16802c802e6cb928c	numeric-selector-context-screen	excluded	Local condition selector 9 changes from prototype temperature selection to an explicit Auxiliary consumer; only the executable delegate establishes WHO; no Firmware or general numeric mapping
libqtdevices	lighting_device.cpp	387994cd2ac78b47c733b8b4e561f824f3b13ffc	0fc8a6f66c6db4f15dbb35dafaa313a24c74a9c522caaaf4a7176dda479f88bc	256e39e93f66f419eddebf0ea1423c012505e1b36545555c0daac90818ae858c	numeric-selector-context-screen	excluded	Numeric selector context is Lighting/Alarm/camera/local hardware/calendar or local condition metadata, not a separate WHO 9 wire implementation; declaration/context screen only
libqtdevices	scenevocond.cpp	55828d72e4ad917fdfd1259a7a61ac88397b30fe	fd041d059fe18f983981e1ad5c26c30bf8df0fb26dd0796bde3f669069565287	4a01cce6d76c8e4586e2d9753ec72f11d08fabdb95c087f16802c802e6cb928c	numeric-selector-context-screen	excluded	Local condition selector 9 changes from prototype temperature selection to an explicit Auxiliary consumer; only the executable delegate establishes WHO; no Firmware or general numeric mapping
libqtdevices	scenevocond.cpp	fe6e84a35fa420e1314662f193e5bb9de1575bf7	65420a792f864848af0cd6d53cfd3d5638b6532ceaaad12aa524327940f5d44b	4a01cce6d76c8e4586e2d9753ec72f11d08fabdb95c087f16802c802e6cb928c	numeric-selector-context-screen	excluded	Local condition selector 9 changes from prototype temperature selection to an explicit Auxiliary consumer; only the executable delegate establishes WHO; no Firmware or general numeric mapping
libqtdevices	scenevocond.cpp	37690aae3ed11a156156bdf5189f1446f329f664	cdb35f53cffe0f8244b2622497fab1767aea834530a3f3f8bd33ce9f7795b04d	600a04734cc3c317d39601db9878a689d1f2c0836f6bcf8f3b18d6e51889181b	numeric-selector-context-screen	excluded	Local condition selector 9 changes from prototype temperature selection to an explicit Auxiliary consumer; only the executable delegate establishes WHO; no Firmware or general numeric mapping
libqtdevices	frame_interpreter.cpp	598faeef0b85c0ed8b5fb9e539b82aec7d007628	261b77e225bc0aaaadb00330d3988381c3bbc245cd954fba3c64f238ccc5dba4	cda657dd545001ad597b30e9777e351e068111498be05aae5e9ee0b5ea93ef45	numeric-selector-context-screen	excluded	Numeric selector context is Lighting/Alarm/camera/local hardware/calendar or local condition metadata, not a separate WHO 9 wire implementation; declaration/context screen only
libqtdevices	lighting_device.cpp	2fe243690c308b5ec5e9142f0f087c279a8a6837	db2fadc3de666b2d3e56a37f2c8a03b50aa9538ddf461928ee1ef5ad510b4144	256e39e93f66f419eddebf0ea1423c012505e1b36545555c0daac90818ae858c	numeric-selector-context-screen	excluded	Numeric selector context is Lighting/Alarm/camera/local hardware/calendar or local condition metadata, not a separate WHO 9 wire implementation; declaration/context screen only
libqtdevices	scenevocond.cpp	bcbcb68c7d11b668cfe31cd4891aa33f5eec4a27	285adf068cbd6167d0eba405c18fbe932f901e54b56407c40606f3a8b0569ff7	600a04734cc3c317d39601db9878a689d1f2c0836f6bcf8f3b18d6e51889181b	numeric-selector-context-screen	excluded	Local condition selector 9 changes from prototype temperature selection to an explicit Auxiliary consumer; only the executable delegate establishes WHO; no Firmware or general numeric mapping
libqtdevices	frame_interpreter.cpp	26628f7a6bb393156e7c7cacf6558a5640c77b10	0be5a313be37865a9f2305b40fbb065ed9bd3fa555723ba739e41652253a78d7	cda657dd545001ad597b30e9777e351e068111498be05aae5e9ee0b5ea93ef45	numeric-selector-context-screen	excluded	Numeric selector context is Lighting/Alarm/camera/local hardware/calendar or local condition metadata, not a separate WHO 9 wire implementation; declaration/context screen only
libqtdevices	scenevocond.cpp	cd6bf706aecc2c63dcb6f1fd72c1264f8d16ebb1	c477ba21602b5588c14f1af3a89dd4a8d25ca349b691d02482f62a386e743ef4	4a01cce6d76c8e4586e2d9753ec72f11d08fabdb95c087f16802c802e6cb928c	numeric-selector-context-screen	excluded	Local condition selector 9 changes from prototype temperature selection to an explicit Auxiliary consumer; only the executable delegate establishes WHO; no Firmware or general numeric mapping
libqtdevices	scenevocond.cpp	06d3b3706d511b3bec0c8e11bdae07ac2ae3d17c	1323c375c028ca4d67941dd0b20fc3f38513fd41796177fbdd6a7de2289c2502	4a01cce6d76c8e4586e2d9753ec72f11d08fabdb95c087f16802c802e6cb928c	numeric-selector-context-screen	excluded	Local condition selector 9 changes from prototype temperature selection to an explicit Auxiliary consumer; only the executable delegate establishes WHO; no Firmware or general numeric mapping
libqtdevices	scenevocond.cpp	c17b6abb1077400c9861cb6078d542669798aca9	00c4bec6c59c0c8cd233ee958f05108ba710d23246d236527113a68babd2e305	4a01cce6d76c8e4586e2d9753ec72f11d08fabdb95c087f16802c802e6cb928c	numeric-selector-context-screen	excluded	Local condition selector 9 changes from prototype temperature selection to an explicit Auxiliary consumer; only the executable delegate establishes WHO; no Firmware or general numeric mapping
libqtdevices	scenevocond.cpp	21567f5a177026e829b5344e700d8668447bd381	a9cd9a246179d9b0a0e3a7a081589b1cf41f438f25ca60b8b3b5d61a60d8f795	4a01cce6d76c8e4586e2d9753ec72f11d08fabdb95c087f16802c802e6cb928c	numeric-selector-context-screen	excluded	Local condition selector 9 changes from prototype temperature selection to an explicit Auxiliary consumer; only the executable delegate establishes WHO; no Firmware or general numeric mapping
libqtdevices	scenevocond.cpp	d09f7d5c183db865da4491bf69aef9ad4d51c00a	afd1cf43afee7f7fafb197099f2cf0735867a4700b3be2b57b5d6a1fa0738c37	4a01cce6d76c8e4586e2d9753ec72f11d08fabdb95c087f16802c802e6cb928c	numeric-selector-context-screen	excluded	Local condition selector 9 changes from prototype temperature selection to an explicit Auxiliary consumer; only the executable delegate establishes WHO; no Firmware or general numeric mapping
libqtdevices	scenevocond.cpp	c60fb5103b73ea74a362ed2e6f240ed40ea35e03	3af065b0c3e19394873e03386e5e416df51a389e79cbf6a101332d350dbb0006	4a01cce6d76c8e4586e2d9753ec72f11d08fabdb95c087f16802c802e6cb928c	numeric-selector-context-screen	excluded	Local condition selector 9 changes from prototype temperature selection to an explicit Auxiliary consumer; only the executable delegate establishes WHO; no Firmware or general numeric mapping
libqtdevices	scenevocond.cpp	7261d4b9d0395ac4e6838d8bcee23ca9fa0f99ec	619693ccc74e5cb30f230dee3c5b9d5d3669ad4d8068c7acdaea948769d2e11d	4a01cce6d76c8e4586e2d9753ec72f11d08fabdb95c087f16802c802e6cb928c	numeric-selector-context-screen	excluded	Local condition selector 9 changes from prototype temperature selection to an explicit Auxiliary consumer; only the executable delegate establishes WHO; no Firmware or general numeric mapping
libqtdevices	scenevocond.cpp	e00d400439cbee2e6c4fcb0c09d2175e7c42defb	d14019b1b5c72814af10bc0a5100e76907a65ed6b4474da6f2b5143e3a9245e4	600a04734cc3c317d39601db9878a689d1f2c0836f6bcf8f3b18d6e51889181b	numeric-selector-context-screen	excluded	Local condition selector 9 changes from prototype temperature selection to an explicit Auxiliary consumer; only the executable delegate establishes WHO; no Firmware or general numeric mapping
libqtdevices	scenevocond.cpp	751d29dd1d636a9aa5eba7b83ea13d7636cecc3d	c21d42ea9ab6d2ff26497aa6fa1af17781d8c2da77bc15b0c18e67177d2954b4	600a04734cc3c317d39601db9878a689d1f2c0836f6bcf8f3b18d6e51889181b	numeric-selector-context-screen	excluded	Local condition selector 9 changes from prototype temperature selection to an explicit Auxiliary consumer; only the executable delegate establishes WHO; no Firmware or general numeric mapping
libqtdevices	scenevocond.cpp	ae21649d4b6ada2554316cdc74ec47e8eb26a306	dac1e2f05e06170c36a77b5ca6ac17c1d36a0c48604917d3289073b2bd19164e	600a04734cc3c317d39601db9878a689d1f2c0836f6bcf8f3b18d6e51889181b	numeric-selector-context-screen	excluded	Local condition selector 9 changes from prototype temperature selection to an explicit Auxiliary consumer; only the executable delegate establishes WHO; no Firmware or general numeric mapping
libqtdevices	scenevocond.cpp	5603c89c99a156bf8c31c35f430ae75235c7f1e2	5f19c3adb8d2d82df8cabaea9f682d1978b16191b170dd267750cf3679f5fb2a	600a04734cc3c317d39601db9878a689d1f2c0836f6bcf8f3b18d6e51889181b	numeric-selector-context-screen	excluded	Local condition selector 9 changes from prototype temperature selection to an explicit Auxiliary consumer; only the executable delegate establishes WHO; no Firmware or general numeric mapping
libqtdevices	scenevocond.cpp	7cdb918a28d41eab40fd0e13e993f32bd11f7290	7dad3ff16e2ca6f66f51fbbc01c67ce1f08f4f4616f78fe5b5b31347c749b3ee	600a04734cc3c317d39601db9878a689d1f2c0836f6bcf8f3b18d6e51889181b	numeric-selector-context-screen	excluded	Local condition selector 9 changes from prototype temperature selection to an explicit Auxiliary consumer; only the executable delegate establishes WHO; no Firmware or general numeric mapping
libqtdevices	scenevocond.cpp	0ac83fc72cffc482ccffc2686f7057494fa22536	dff13fdab5e55a822f6ba6143fafc658882e063aa7b34d4c1b6498bba593259c	600a04734cc3c317d39601db9878a689d1f2c0836f6bcf8f3b18d6e51889181b	numeric-selector-context-screen	excluded	Local condition selector 9 changes from prototype temperature selection to an explicit Auxiliary consumer; only the executable delegate establishes WHO; no Firmware or general numeric mapping
libqtdevices	scenevocond.cpp	e8d82ed3c183c1b62b9d8decedeaf305c4bf4556	f03cccc5ba388e22168a113c394e344199c18ef21fb110ecc2cc91ffcb2efde1	600a04734cc3c317d39601db9878a689d1f2c0836f6bcf8f3b18d6e51889181b	numeric-selector-context-screen	excluded	Local condition selector 9 changes from prototype temperature selection to an explicit Auxiliary consumer; only the executable delegate establishes WHO; no Firmware or general numeric mapping
libqtdevices	scenevocond.cpp	5cac69e80cc634d280fd171fbe94f1b8645b2f16	fe2c004502d735c402bd457f25576d4b61537e870cd13336dd9a09c0c3cb1bc0	600a04734cc3c317d39601db9878a689d1f2c0836f6bcf8f3b18d6e51889181b	numeric-selector-context-screen	excluded	Local condition selector 9 changes from prototype temperature selection to an explicit Auxiliary consumer; only the executable delegate establishes WHO; no Firmware or general numeric mapping
libqtdevices	scenevocond.cpp	5081194a7a3656117d9d2b2351bdc8f66fc77a18	1dacc48914e64c36360e22b4d82a5206549d9b5a511d737aef735110c98cb6bf	600a04734cc3c317d39601db9878a689d1f2c0836f6bcf8f3b18d6e51889181b	numeric-selector-context-screen	excluded	Local condition selector 9 changes from prototype temperature selection to an explicit Auxiliary consumer; only the executable delegate establishes WHO; no Firmware or general numeric mapping
libqtdevices	scenevocond.cpp	4d369d5ef3bfa197ea1e790195c6455f14d2a560	de32d58b9fa7b72c8881994cc57109d85ef194aa786989c10a17dcab3236aa6e	600a04734cc3c317d39601db9878a689d1f2c0836f6bcf8f3b18d6e51889181b	numeric-selector-context-screen	excluded	Local condition selector 9 changes from prototype temperature selection to an explicit Auxiliary consumer; only the executable delegate establishes WHO; no Firmware or general numeric mapping
libqtdevices	scenevocond.cpp	53af42896f6aefeed68ffaa4509311bc9eb630aa	8333ec9bb70682573222d666b094f2cf787a16c9ab37690abd31c723636b6472	600a04734cc3c317d39601db9878a689d1f2c0836f6bcf8f3b18d6e51889181b	numeric-selector-context-screen	excluded	Local condition selector 9 changes from prototype temperature selection to an explicit Auxiliary consumer; only the executable delegate establishes WHO; no Firmware or general numeric mapping
libqtdevices	lighting_device.cpp	402f315840ff2b7e5c3cd4259e0ca6ebaa3a7d29	762a9197e6f6a604dc0d405ddc2305c4f8b39c1e03a64145541b25103667bfcc	256e39e93f66f419eddebf0ea1423c012505e1b36545555c0daac90818ae858c	numeric-selector-context-screen	excluded	Numeric selector context is Lighting/Alarm/camera/local hardware/calendar or local condition metadata, not a separate WHO 9 wire implementation; declaration/context screen only
libqtdevices	lighting_device.cpp	f1e0531fc589510d7c424695a95ab88ca1267a56	7b1a2e28022658b877e82b739e0a91cdf997c05cfe3a3a8865fc8fb3db6d41ee	256e39e93f66f419eddebf0ea1423c012505e1b36545555c0daac90818ae858c	numeric-selector-context-screen	excluded	Numeric selector context is Lighting/Alarm/camera/local hardware/calendar or local condition metadata, not a separate WHO 9 wire implementation; declaration/context screen only
libqtdevices	lighting_device.cpp	00bd196c102ab0115b84926a903bd11c7feb7c1b	4f8af62b4ac33d8c66f100c9c1c94b364d553f1079bb3043444e247138eb1ff6	256e39e93f66f419eddebf0ea1423c012505e1b36545555c0daac90818ae858c	numeric-selector-context-screen	excluded	Numeric selector context is Lighting/Alarm/camera/local hardware/calendar or local condition metadata, not a separate WHO 9 wire implementation; declaration/context screen only
libqtdevices	lighting_device.cpp	3851ecfdebcd150dea42aa691fefb5bd7b80e4fa	15a49c30eac400dcf0083338641a7706503f8acec773966e94a1aaa792496ab7	256e39e93f66f419eddebf0ea1423c012505e1b36545555c0daac90818ae858c	numeric-selector-context-screen	excluded	Numeric selector context is Lighting/Alarm/camera/local hardware/calendar or local condition metadata, not a separate WHO 9 wire implementation; declaration/context screen only
libqtdevices	lighting_device.cpp	c978cb14f2fa1ea8b4e24537ff29a5ad6cfa3bfc	42e558f297adf4cb7ac51b5f8bd1b44de93dab9ff14b5ef002b871918b1febb7	256e39e93f66f419eddebf0ea1423c012505e1b36545555c0daac90818ae858c	numeric-selector-context-screen	excluded	Numeric selector context is Lighting/Alarm/camera/local hardware/calendar or local condition metadata, not a separate WHO 9 wire implementation; declaration/context screen only
libqtdevices	lighting_device.cpp	e6afb784878a73d5397d6735b704643ec10e4fcc	638ac3d4adf25c320baf608c8c23b1e999b6ac4f7ee00c01e970389180e61fd1	256e39e93f66f419eddebf0ea1423c012505e1b36545555c0daac90818ae858c	numeric-selector-context-screen	excluded	Numeric selector context is Lighting/Alarm/camera/local hardware/calendar or local condition metadata, not a separate WHO 9 wire implementation; declaration/context screen only
libqtdevices	lighting_device.cpp	61e9c1bfcbe712641edf5569c8189d89dc4b61dd	26cfefd49050050474720edd012a83f32ee5423b9248dc652defd074a2bc3f0b	256e39e93f66f419eddebf0ea1423c012505e1b36545555c0daac90818ae858c	numeric-selector-context-screen	excluded	Numeric selector context is Lighting/Alarm/camera/local hardware/calendar or local condition metadata, not a separate WHO 9 wire implementation; declaration/context screen only
libqtdevices	scenevocond.cpp	5df72e8e3a6c774914e26724faa1df8f0ef4f498	bbca3c7606ed21403ad8a0c88766a665a1a9b2e7a6f4758166c04f8fe284ac40	600a04734cc3c317d39601db9878a689d1f2c0836f6bcf8f3b18d6e51889181b	numeric-selector-context-screen	excluded	Local condition selector 9 changes from prototype temperature selection to an explicit Auxiliary consumer; only the executable delegate establishes WHO; no Firmware or general numeric mapping
libqtdevices	scenevocond.cpp	59ae4d193d75aafd2f5cc4f78d2a0f755d20f633	442ab4063763c48c895bed531b8aabb4beae4496c364fff1a1ae49107dd22577	600a04734cc3c317d39601db9878a689d1f2c0836f6bcf8f3b18d6e51889181b	numeric-selector-context-screen	excluded	Local condition selector 9 changes from prototype temperature selection to an explicit Auxiliary consumer; only the executable delegate establishes WHO; no Firmware or general numeric mapping
libqtdevices	scenevocond.cpp	4ec5bfca933b063c5d8f206fb58f988267203109	e62c92807efa7122d03193ecad24d74fdca14e21e52b1fbea21f949a2cbf122f	600a04734cc3c317d39601db9878a689d1f2c0836f6bcf8f3b18d6e51889181b	numeric-selector-context-screen	excluded	Local condition selector 9 changes from prototype temperature selection to an explicit Auxiliary consumer; only the executable delegate establishes WHO; no Firmware or general numeric mapping
libqtdevices	scenevocond.cpp	b51d231d410243d12647aff520261c14bc41b764	931a3ac52bc32a115a196ec1380ec349110d82a89f84d0384e653d8845fbdfda	600a04734cc3c317d39601db9878a689d1f2c0836f6bcf8f3b18d6e51889181b	numeric-selector-context-screen	excluded	Local condition selector 9 changes from prototype temperature selection to an explicit Auxiliary consumer; only the executable delegate establishes WHO; no Firmware or general numeric mapping
libqtdevices	scenevocond.cpp	3ff234800c6555accdfd0e6051e870dc5b473794	016c736575235bcfd4899e515f1ff9ae018caf54b4e1c3f5fc458362b87b8559	600a04734cc3c317d39601db9878a689d1f2c0836f6bcf8f3b18d6e51889181b	numeric-selector-context-screen	excluded	Local condition selector 9 changes from prototype temperature selection to an explicit Auxiliary consumer; only the executable delegate establishes WHO; no Firmware or general numeric mapping
libqtdevices	lighting_device.cpp	6d2aba7e7af92fb2c7280add35001685b210795f	282d82d3828ecd57d1cd981d01832d8e163d3d0207245569e1badee1342b95b9	256e39e93f66f419eddebf0ea1423c012505e1b36545555c0daac90818ae858c	numeric-selector-context-screen	excluded	Numeric selector context is Lighting/Alarm/camera/local hardware/calendar or local condition metadata, not a separate WHO 9 wire implementation; declaration/context screen only
libqtdevices	scenevocond.cpp	1c65e986490efcadb1df9452d90c4713040601cc	1f81ff8f0d13cc0ddff09f3b685ccf9eb8b00c6c5ba8b78ec8a858db979d7f5c	600a04734cc3c317d39601db9878a689d1f2c0836f6bcf8f3b18d6e51889181b	numeric-selector-context-screen	excluded	Local condition selector 9 changes from prototype temperature selection to an explicit Auxiliary consumer; only the executable delegate establishes WHO; no Firmware or general numeric mapping
libqtdevices	scenevocond.cpp	2f8e71859c765afaea8691880fa31949a1957e6b	77331f79900e2be4cab2f8b8d9e3881f3f87c9e59e5f11332cc802b147cb80d4	600a04734cc3c317d39601db9878a689d1f2c0836f6bcf8f3b18d6e51889181b	numeric-selector-context-screen	excluded	Local condition selector 9 changes from prototype temperature selection to an explicit Auxiliary consumer; only the executable delegate establishes WHO; no Firmware or general numeric mapping
libqtdevices	scenevocond.cpp	9f586dd47f7278f1b55bff33343aa6c8f994f338	373e3f3fc309c02046e90f336dc6c7cf6bebade77d2c017852af7bd8c0461adb	600a04734cc3c317d39601db9878a689d1f2c0836f6bcf8f3b18d6e51889181b	numeric-selector-context-screen	excluded	Local condition selector 9 changes from prototype temperature selection to an explicit Auxiliary consumer; only the executable delegate establishes WHO; no Firmware or general numeric mapping
libqtdevices	scenevocond.cpp	5f587f9a625a977e716d47506d7c2c4049692d4e	ad3d75060ead1c297f554c1005f45c7e54e4d328159ad8e325f64c9e613513ca	600a04734cc3c317d39601db9878a689d1f2c0836f6bcf8f3b18d6e51889181b	numeric-selector-context-screen	excluded	Local condition selector 9 changes from prototype temperature selection to an explicit Auxiliary consumer; only the executable delegate establishes WHO; no Firmware or general numeric mapping
libqtdevices	lighting_device.cpp	75bdda9f13bc73a7b10591d47389364a5d43889b	96aaf0a8b30c2c569ed90f86c86737779de33160bc0473e0f51d0be5a90210b1	256e39e93f66f419eddebf0ea1423c012505e1b36545555c0daac90818ae858c	numeric-selector-context-screen	excluded	Numeric selector context is Lighting/Alarm/camera/local hardware/calendar or local condition metadata, not a separate WHO 9 wire implementation; declaration/context screen only
libqtdevices	lighting_device.cpp	e28b819c35b1dfa485fc69525121610316ba12fe	76fef3bb65a1c0393a9c5dea9b038334258c76dd751c373e235e89629eb59c98	256e39e93f66f419eddebf0ea1423c012505e1b36545555c0daac90818ae858c	numeric-selector-context-screen	excluded	Numeric selector context is Lighting/Alarm/camera/local hardware/calendar or local condition metadata, not a separate WHO 9 wire implementation; declaration/context screen only
libqtdevices	lighting_device.cpp	8c8931cb6b47a19ef363e1d2482f3f2ddec9c64d	eabf72b8062ceea8e04bf3caa154fe5f6224adb86062ee85edcddf36c5456247	2d2ba81c76c7e1e3fa76a0d45ad989cd50cf7c4f56b5e9b107d1396ea40f88a7	numeric-selector-context-screen	excluded	Numeric selector context is Lighting/Alarm/camera/local hardware/calendar or local condition metadata, not a separate WHO 9 wire implementation; declaration/context screen only
libqtdevices	lighting_device.cpp	8bea36e8bb14d623202dbf183cf75a7b794444b2	78d0d60c1df632b93b58553a38395277d790704018f8710da9669bc843f69e1b	2d2ba81c76c7e1e3fa76a0d45ad989cd50cf7c4f56b5e9b107d1396ea40f88a7	numeric-selector-context-screen	excluded	Numeric selector context is Lighting/Alarm/camera/local hardware/calendar or local condition metadata, not a separate WHO 9 wire implementation; declaration/context screen only
libqtdevices	lighting_device.cpp	90ca1235478f0302a1d21fb846d85428900fbc77	4fba222ff129cd8ca131d3e2026ff43da7ccc14b2e38cb1f44e4737404cb3f13	2d2ba81c76c7e1e3fa76a0d45ad989cd50cf7c4f56b5e9b107d1396ea40f88a7	numeric-selector-context-screen	excluded	Numeric selector context is Lighting/Alarm/camera/local hardware/calendar or local condition metadata, not a separate WHO 9 wire implementation; declaration/context screen only
libqtdevices	lighting_device.cpp	9d603aa245af1db848e42d97bcccd3d18b8d7b9f	7bb9fbff12d383ca1f43726b3feb05cc4cd13693a2bb2c515b0ff0bcd4fc0dd9	c00129cc9927509c6e4174bc485ac346e3f877f5f673b5f3819ae5e70b63ea27	numeric-selector-context-screen	excluded	Numeric selector context is Lighting/Alarm/camera/local hardware/calendar or local condition metadata, not a separate WHO 9 wire implementation; declaration/context screen only
libqtdevices	lighting_device.cpp	f4c93d958518482007fcbc75f4bb5bca803c9144	2ccdb7e6e45990c2592e7b59602b800c9efa896c5ef20333cd4c5ecbde22dea1	c00129cc9927509c6e4174bc485ac346e3f877f5f673b5f3819ae5e70b63ea27	numeric-selector-context-screen	excluded	Numeric selector context is Lighting/Alarm/camera/local hardware/calendar or local condition metadata, not a separate WHO 9 wire implementation; declaration/context screen only
libqtdevices	lighting_device.cpp	bb358a1976758ecd0129bc7050168f4411a69d01	74a63b4e5abfcbe56e4c43f1da46c3e0af851f4eb4d2c66a673084339c4369cc	c00129cc9927509c6e4174bc485ac346e3f877f5f673b5f3819ae5e70b63ea27	numeric-selector-context-screen	excluded	Numeric selector context is Lighting/Alarm/camera/local hardware/calendar or local condition metadata, not a separate WHO 9 wire implementation; declaration/context screen only
libqtdevices	lighting_device.cpp	aa3513354f34bd7b776307a21cac4f4ce74de3c3	66669eb67e59130c56c5023368903de27a665a8680983104c4501b8666826948	231f65d86d950a002e229e0b4197f168d25915a8925111472f66e18ac07a5c41	numeric-selector-context-screen	excluded	Numeric selector context is Lighting/Alarm/camera/local hardware/calendar or local condition metadata, not a separate WHO 9 wire implementation; declaration/context screen only
libqtdevices	frame_interpreter.cpp	d745247418aed97405879f6fad474d8949e79e88	3cfdd496f47a0def90239e6a51d4b98fe273cd6db5906462db9076e1146a0366	cda657dd545001ad597b30e9777e351e068111498be05aae5e9ee0b5ea93ef45	numeric-selector-context-screen	excluded	Numeric selector context is Lighting/Alarm/camera/local hardware/calendar or local condition metadata, not a separate WHO 9 wire implementation; declaration/context screen only
libqtdevices	scenevocond.cpp	235710e8eb7fe0b16660518e06108013885a9c60	3d9c5bd15a579aabb831922080752821322012aee0707953c91db3ad76c347e2	600a04734cc3c317d39601db9878a689d1f2c0836f6bcf8f3b18d6e51889181b	numeric-selector-context-screen	excluded	Local condition selector 9 changes from prototype temperature selection to an explicit Auxiliary consumer; only the executable delegate establishes WHO; no Firmware or general numeric mapping
libqtdevices	scenevocond.cpp	0f6f4512a6552a5e998a5e57a5977eadd1b40758	382d4a7869a2f5af961d9982fe21f8b08b93162a19289e7b6a4d6286ee013762	600a04734cc3c317d39601db9878a689d1f2c0836f6bcf8f3b18d6e51889181b	numeric-selector-context-screen	excluded	Local condition selector 9 changes from prototype temperature selection to an explicit Auxiliary consumer; only the executable delegate establishes WHO; no Firmware or general numeric mapping
libqtdevices	scenevocond.cpp	c3bcfb61ce863ea65d2faeb781bb2f072fe97642	349908701601aa3cbf75f544530c75048bb3e1022c0e0f32adeb41cbb89e84df	600a04734cc3c317d39601db9878a689d1f2c0836f6bcf8f3b18d6e51889181b	numeric-selector-context-screen	excluded	Local condition selector 9 changes from prototype temperature selection to an explicit Auxiliary consumer; only the executable delegate establishes WHO; no Firmware or general numeric mapping
libqtdevices	scenevocond.cpp	bde3edf3aa5da9ccff097a6604e805f2db9f12cb	f5be2ffe295c829ba25843852b57f2ac650123a41caf33cf6ff1b32226d1e816	600a04734cc3c317d39601db9878a689d1f2c0836f6bcf8f3b18d6e51889181b	numeric-selector-context-screen	excluded	Local condition selector 9 changes from prototype temperature selection to an explicit Auxiliary consumer; only the executable delegate establishes WHO; no Firmware or general numeric mapping
libqtdevices	scenevocond.cpp	8470562c8d074349025c54c38342378fc48960c8	183d31ef12dc84022f8d8d665a5e7a0462447fd7783d065276881e019a97c5d9	600a04734cc3c317d39601db9878a689d1f2c0836f6bcf8f3b18d6e51889181b	numeric-selector-context-screen	excluded	Local condition selector 9 changes from prototype temperature selection to an explicit Auxiliary consumer; only the executable delegate establishes WHO; no Firmware or general numeric mapping
libqtdevices	scenevocond.cpp	cefc2bace6ffcfff86b11c854f3ba2e910b9edfa	17c88917aa0f5e396fcc19ab491cd222e57d957661388ae1408e7b54e0e70f80	600a04734cc3c317d39601db9878a689d1f2c0836f6bcf8f3b18d6e51889181b	numeric-selector-context-screen	excluded	Local condition selector 9 changes from prototype temperature selection to an explicit Auxiliary consumer; only the executable delegate establishes WHO; no Firmware or general numeric mapping
libqtdevices	scenevocond.cpp	0c5c83befcd9a1cf2a0df4681eb55e17fa9efc72	43719c4fbf3f9e8a38dc5b7b9bb85d5222e5c230ae6e765f7080eba195ad37bc	600a04734cc3c317d39601db9878a689d1f2c0836f6bcf8f3b18d6e51889181b	numeric-selector-context-screen	excluded	Local condition selector 9 changes from prototype temperature selection to an explicit Auxiliary consumer; only the executable delegate establishes WHO; no Firmware or general numeric mapping
libqtdevices	frame_interpreter.cpp	7430587fc2d7db42f74c71e28482320faa452a23	528d200d20e0886d9df9dbbe74a0de4959b26ebc765127ca93290c9459472f05	e19c1e7f550a7955d2b5901fd8ff4ff6b07f7b49d439f00ad734f75bc13f3cdf	numeric-selector-context-screen	excluded	Numeric selector context is Lighting/Alarm/camera/local hardware/calendar or local condition metadata, not a separate WHO 9 wire implementation; declaration/context screen only
libqtdevices	frame_interpreter.cpp	57af19b7ddcd8c94e410f43eb56f027404f9d669	450f23b03ec3ae9f7fcb03794dec6e0b6a82ce76e71e37d2e884e1513ce51958	e19c1e7f550a7955d2b5901fd8ff4ff6b07f7b49d439f00ad734f75bc13f3cdf	numeric-selector-context-screen	excluded	Numeric selector context is Lighting/Alarm/camera/local hardware/calendar or local condition metadata, not a separate WHO 9 wire implementation; declaration/context screen only
libqtdevices	frame_interpreter.cpp	b90cd636d7af33ce63a85bfde12b45ab9bb29ee9	e1a3ee8e9d5cc2d28719931c962a0cc34877696ef5de8aa4e40834afc089f1ad	e19c1e7f550a7955d2b5901fd8ff4ff6b07f7b49d439f00ad734f75bc13f3cdf	numeric-selector-context-screen	excluded	Numeric selector context is Lighting/Alarm/camera/local hardware/calendar or local condition metadata, not a separate WHO 9 wire implementation; declaration/context screen only
libqtdevices	frame_interpreter.cpp	42b8b7702da8d98563a5064198dac9ea56bc665a	6a7c45849d9e4b37e9c74dae1a8451a909fbf72db2148f8ecc16a873f0ff8dd1	e19c1e7f550a7955d2b5901fd8ff4ff6b07f7b49d439f00ad734f75bc13f3cdf	numeric-selector-context-screen	excluded	Numeric selector context is Lighting/Alarm/camera/local hardware/calendar or local condition metadata, not a separate WHO 9 wire implementation; declaration/context screen only
libqtdevices	frame_interpreter.cpp	b085faaf5e910c0bd3d29c8a712ce404ac1687a4	693dda09c5043a247c6582752f65860d31befda4fb5cb9a288d270f9dd012900	e19c1e7f550a7955d2b5901fd8ff4ff6b07f7b49d439f00ad734f75bc13f3cdf	numeric-selector-context-screen	excluded	Numeric selector context is Lighting/Alarm/camera/local hardware/calendar or local condition metadata, not a separate WHO 9 wire implementation; declaration/context screen only
libqtdevices	frame_interpreter.cpp	ca0ca063642e97e1d58767ab4365827b48bffb6f	3028cdd235bb69accfe14ed5ae7dec4d703a123efec662ea95051b947d63fe55	e19c1e7f550a7955d2b5901fd8ff4ff6b07f7b49d439f00ad734f75bc13f3cdf	numeric-selector-context-screen	excluded	Numeric selector context is Lighting/Alarm/camera/local hardware/calendar or local condition metadata, not a separate WHO 9 wire implementation; declaration/context screen only
libqtdevices	frame_interpreter.cpp	a861e439d9f6e99199e5d6c094f7d52936b6b5a5	294c4ddf39ffa57034e34fd6042b079a35f7b125501c952ef55cd7e7a202ee6f	e19c1e7f550a7955d2b5901fd8ff4ff6b07f7b49d439f00ad734f75bc13f3cdf	numeric-selector-context-screen	excluded	Numeric selector context is Lighting/Alarm/camera/local hardware/calendar or local condition metadata, not a separate WHO 9 wire implementation; declaration/context screen only
libqtdevices	frame_interpreter.cpp	eabc4f914b4957549ab9c10f9dfad8fc27d719bc	1e70b145cfb3a05c8cbbe3122d6a9eaad81440ce0d00a447459e9377da2cf2f1	e19c1e7f550a7955d2b5901fd8ff4ff6b07f7b49d439f00ad734f75bc13f3cdf	numeric-selector-context-screen	excluded	Numeric selector context is Lighting/Alarm/camera/local hardware/calendar or local condition metadata, not a separate WHO 9 wire implementation; declaration/context screen only
libqtdevices	scenevocond.cpp	c13ca86a84f1b8305a28767511fd6679d0516bbf	c8f7f14e365e9367bed4dd4f82166737fe327a2705d3c546b8a997906a0793af	600a04734cc3c317d39601db9878a689d1f2c0836f6bcf8f3b18d6e51889181b	numeric-selector-context-screen	excluded	Local condition selector 9 changes from prototype temperature selection to an explicit Auxiliary consumer; only the executable delegate establishes WHO; no Firmware or general numeric mapping
libqtdevices	frame_interpreter.cpp	e7a5cc467a75cc775c24c485de8156116c528435	4804454413561082b8291b0df26efc39dde1b140eb57bc684217f790ab8dd3dc	e19c1e7f550a7955d2b5901fd8ff4ff6b07f7b49d439f00ad734f75bc13f3cdf	numeric-selector-context-screen	excluded	Numeric selector context is Lighting/Alarm/camera/local hardware/calendar or local condition metadata, not a separate WHO 9 wire implementation; declaration/context screen only
libqtdevices	frame_interpreter.cpp	aece8659aeb76f79d09dba4ee22d2ebeb380fdf9	3292036f2f3982ec5ea75c8221add449c5efe0e3289ee879527a1e8ce15d2274	e19c1e7f550a7955d2b5901fd8ff4ff6b07f7b49d439f00ad734f75bc13f3cdf	numeric-selector-context-screen	excluded	Numeric selector context is Lighting/Alarm/camera/local hardware/calendar or local condition metadata, not a separate WHO 9 wire implementation; declaration/context screen only
libqtdevices	scenevocond.cpp	297d440439401f0c5699c448c5d28797dd2363f9	115ac1085c8849c1c47130213e44908d55e669d5bbd49a00d8192573d1e18b72	600a04734cc3c317d39601db9878a689d1f2c0836f6bcf8f3b18d6e51889181b	numeric-selector-context-screen	excluded	Local condition selector 9 changes from prototype temperature selection to an explicit Auxiliary consumer; only the executable delegate establishes WHO; no Firmware or general numeric mapping
libqtdevices	scenevocond.cpp	249625e4efc72ea075f3c529b15e7459e70f50ea	ced7a4799b49f6c573f1e30221f3a601b9238e31067bb7fa0a2de5f3af978d9c	600a04734cc3c317d39601db9878a689d1f2c0836f6bcf8f3b18d6e51889181b	numeric-selector-context-screen	excluded	Local condition selector 9 changes from prototype temperature selection to an explicit Auxiliary consumer; only the executable delegate establishes WHO; no Firmware or general numeric mapping
libqtdevices	scenevocond.cpp	14d6293ed1a07a9d335770c1329a0680d05307fc	5101793eebe641b5b8d82c91c774679b9689892d740d153ca14988fbe2f42486	600a04734cc3c317d39601db9878a689d1f2c0836f6bcf8f3b18d6e51889181b	numeric-selector-context-screen	excluded	Local condition selector 9 changes from prototype temperature selection to an explicit Auxiliary consumer; only the executable delegate establishes WHO; no Firmware or general numeric mapping
libqtdevices	frame_interpreter.cpp	3a7c1466bb08286f10f6b13ad9f7dea9a8036d77	8e6548524747f39a21bc6552d3cf1c4291ac168efd30a4f304ec41b7a3d67eea	e19c1e7f550a7955d2b5901fd8ff4ff6b07f7b49d439f00ad734f75bc13f3cdf	numeric-selector-context-screen	excluded	Numeric selector context is Lighting/Alarm/camera/local hardware/calendar or local condition metadata, not a separate WHO 9 wire implementation; declaration/context screen only
libqtdevices	frame_interpreter.cpp	731314084058b176f8be4ed647d3434e73c1d477	3d9ea29a07a7d71b4c585f9e9cd8ac0d1e2d48b1691c8bbfb925d6b729943ec9	395a36c9f817248a0653e11370e7c985804b6594f140063b225c1572bcca4707	numeric-selector-context-screen	excluded	Numeric selector context is Lighting/Alarm/camera/local hardware/calendar or local condition metadata, not a separate WHO 9 wire implementation; declaration/context screen only
libqtdevices	scenEvoCond.cpp	77843f4b3bbae118e32ba9e350c996f5b7336776	4623eb0722ce0cfa9046e731ffa2c8c3ff24f21ae583320599fe69f8f8b9effd	29c6aec4d3d38094e823ba421c1e0e2188b190d50123871df97857b589639087	numeric-selector-context-screen	excluded	Local condition selector 9 changes from prototype temperature selection to an explicit Auxiliary consumer; only the executable delegate establishes WHO; no Firmware or general numeric mapping
libqtdevices	scenevocond.cpp	bd30612c906d5c8a6e5737eb45b93067949c6267	6dd5168a556ef939e59408279262d76ee29442755d3bbc8b46b56215ef5f3ace	600a04734cc3c317d39601db9878a689d1f2c0836f6bcf8f3b18d6e51889181b	numeric-selector-context-screen	excluded	Local condition selector 9 changes from prototype temperature selection to an explicit Auxiliary consumer; only the executable delegate establishes WHO; no Firmware or general numeric mapping
libqtdevices	scenevocond.cpp	a4f870838dc473876be8a1ee1e77dd473344aa3c	32ce8cdb988657dbe78ea45cb50e7d5453d2c795cf41c61cdc2088bdebdb1aa7	600a04734cc3c317d39601db9878a689d1f2c0836f6bcf8f3b18d6e51889181b	numeric-selector-context-screen	excluded	Local condition selector 9 changes from prototype temperature selection to an explicit Auxiliary consumer; only the executable delegate establishes WHO; no Firmware or general numeric mapping
libqtdevices	scenevocond.cpp	4f1ed5823c3a01b0fb4a36b209e1320a3c1ec8e2	7ece1699beeb5cfc9c382fe303c7d70115adf6188b7513c0d09f887174afbe2f	600a04734cc3c317d39601db9878a689d1f2c0836f6bcf8f3b18d6e51889181b	numeric-selector-context-screen	excluded	Local condition selector 9 changes from prototype temperature selection to an explicit Auxiliary consumer; only the executable delegate establishes WHO; no Firmware or general numeric mapping
libqtdevices	frame_interpreter.cpp	caaf25ee3cf7c503b212dd719419e694a1a5542f	5b583a9986066ed3133407dd2b4d8a35520c7c6c6b58ac20fc6a2b0b45989e51	e19c1e7f550a7955d2b5901fd8ff4ff6b07f7b49d439f00ad734f75bc13f3cdf	numeric-selector-context-screen	excluded	Numeric selector context is Lighting/Alarm/camera/local hardware/calendar or local condition metadata, not a separate WHO 9 wire implementation; declaration/context screen only
libqtdevices	frame_interpreter.cpp	0f91aca801f09b052e57ea4d6bf4de6cfcb6e4aa	7865909d17b4cc0e49a3a885881137b72bd63f33af7adb3fc6106919cea62c17	e19c1e7f550a7955d2b5901fd8ff4ff6b07f7b49d439f00ad734f75bc13f3cdf	numeric-selector-context-screen	excluded	Numeric selector context is Lighting/Alarm/camera/local hardware/calendar or local condition metadata, not a separate WHO 9 wire implementation; declaration/context screen only
libqtdevices	frame_interpreter.cpp	fe735915c25cf78cecf2b6ba41db5ad060d5442a	9158b025a5b36bff2ca655a6506eb240a33f693e9506a53ce150224a10baaefc	395a36c9f817248a0653e11370e7c985804b6594f140063b225c1572bcca4707	numeric-selector-context-screen	excluded	Numeric selector context is Lighting/Alarm/camera/local hardware/calendar or local condition metadata, not a separate WHO 9 wire implementation; declaration/context screen only
libqtdevices	frame_interpreter.cpp	55e9d3e12b97b49a78689d28fa405c7088914a50	49fc0c5d0188c9cac044663ec977709a83d244f8f8b18d6799e935de49af4654	395a36c9f817248a0653e11370e7c985804b6594f140063b225c1572bcca4707	numeric-selector-context-screen	excluded	Numeric selector context is Lighting/Alarm/camera/local hardware/calendar or local condition metadata, not a separate WHO 9 wire implementation; declaration/context screen only
libqtdevices	scenevocond.cpp	ba65934052393cb63b3fdc227239dcaed3db3ee1	de330e1104c082b7e3743bb67900ddd860a68956edae1bcfef546451ccb81f72	600a04734cc3c317d39601db9878a689d1f2c0836f6bcf8f3b18d6e51889181b	numeric-selector-context-screen	excluded	Local condition selector 9 changes from prototype temperature selection to an explicit Auxiliary consumer; only the executable delegate establishes WHO; no Firmware or general numeric mapping
libqtdevices	scenevocond.cpp	33d72f2d12190f8c770611b366ce28a3d614b0dd	a349fa20d9c78a48720022f260ee580ce38a0d08246a408decd7cfea3a62e198	600a04734cc3c317d39601db9878a689d1f2c0836f6bcf8f3b18d6e51889181b	numeric-selector-context-screen	excluded	Local condition selector 9 changes from prototype temperature selection to an explicit Auxiliary consumer; only the executable delegate establishes WHO; no Firmware or general numeric mapping
libqtdevices	scenevocond.cpp	45928e9ebf470ebf5c378c65abf7f84b6d016353	0a58c3adb4d8a21d2e5062603eba157c6385215b36f65b2dc9c79baf5cc7ce57	600a04734cc3c317d39601db9878a689d1f2c0836f6bcf8f3b18d6e51889181b	numeric-selector-context-screen	excluded	Local condition selector 9 changes from prototype temperature selection to an explicit Auxiliary consumer; only the executable delegate establishes WHO; no Firmware or general numeric mapping
libqtdevices	scenevocond.cpp	1c37e6f26e51419766ec233586250ae2dcdec315	7215a1d6fca0ef879fc6ac3800ee41a83e36a4b16c948530ba97409799691317	600a04734cc3c317d39601db9878a689d1f2c0836f6bcf8f3b18d6e51889181b	numeric-selector-context-screen	excluded	Local condition selector 9 changes from prototype temperature selection to an explicit Auxiliary consumer; only the executable delegate establishes WHO; no Firmware or general numeric mapping
libqtdevices	scenevocond.cpp	4d034e421ade38c531e2ad7c98243d890d1eaaf8	1adaf7ade5e06a2d2a4e92470f217fc0d332ba9402087fe293a0aa5191d0caf5	600a04734cc3c317d39601db9878a689d1f2c0836f6bcf8f3b18d6e51889181b	numeric-selector-context-screen	excluded	Local condition selector 9 changes from prototype temperature selection to an explicit Auxiliary consumer; only the executable delegate establishes WHO; no Firmware or general numeric mapping
libqtdevices	frame_interpreter.cpp	74d500ae27b483321b37cd0fcb0dacd9b32fbe42	f0cd90424849e99c453120560bf2a531b2b0fa88531029bcc0166fd1a831fa3c	e19c1e7f550a7955d2b5901fd8ff4ff6b07f7b49d439f00ad734f75bc13f3cdf	numeric-selector-context-screen	excluded	Numeric selector context is Lighting/Alarm/camera/local hardware/calendar or local condition metadata, not a separate WHO 9 wire implementation; declaration/context screen only
libqtdevices	scenevocond.cpp	305d632e9be598cabd1d6accf025547eea29a9d4	499f1cb9829850079fa24fa6e7c643107ed481b2f8bd03d62eea9a235e1ea97f	600a04734cc3c317d39601db9878a689d1f2c0836f6bcf8f3b18d6e51889181b	numeric-selector-context-screen	excluded	Local condition selector 9 changes from prototype temperature selection to an explicit Auxiliary consumer; only the executable delegate establishes WHO; no Firmware or general numeric mapping
libqtdevices	frame_interpreter.cpp	81ea2d78993a5b0ad1c85c8832dccf033da88d2c	54949c490ecad401a2dbd8246c574b6720cf1ed89face602434d2521dc680acb	395a36c9f817248a0653e11370e7c985804b6594f140063b225c1572bcca4707	numeric-selector-context-screen	excluded	Numeric selector context is Lighting/Alarm/camera/local hardware/calendar or local condition metadata, not a separate WHO 9 wire implementation; declaration/context screen only
libqtdevices	scenEvoCond.cpp	6003f5696ce138f6265a83b58a404f0c52cb138f	f625236fc8b28c4584bdefc9fe4d4ad5dc430aa29332763d11a4473bba22bb31	29c6aec4d3d38094e823ba421c1e0e2188b190d50123871df97857b589639087	numeric-selector-context-screen	excluded	Local condition selector 9 changes from prototype temperature selection to an explicit Auxiliary consumer; only the executable delegate establishes WHO; no Firmware or general numeric mapping
libqtdevices	scenevocond.cpp	255dde4f9e8330ba126592378f6002d9d405427a	538f5dab82b6500d011ed76d483a22d5701a03d20f2c53915e5636957352dbb5	600a04734cc3c317d39601db9878a689d1f2c0836f6bcf8f3b18d6e51889181b	numeric-selector-context-screen	excluded	Local condition selector 9 changes from prototype temperature selection to an explicit Auxiliary consumer; only the executable delegate establishes WHO; no Firmware or general numeric mapping
libqtdevices	frame_interpreter.cpp	75c9541a8fb50b3a776480ec4051fd570534b6a2	7d11f9b71bdf4d37f704be6782694a3ecabc432880f4d5692e1a232a7143fdd3	e19c1e7f550a7955d2b5901fd8ff4ff6b07f7b49d439f00ad734f75bc13f3cdf	numeric-selector-context-screen	excluded	Numeric selector context is Lighting/Alarm/camera/local hardware/calendar or local condition metadata, not a separate WHO 9 wire implementation; declaration/context screen only
libqtdevices	frame_interpreter.cpp	1cd33aa49b20c552ae5fd1941be22314d2f2316a	3f90d41e1a8c71522a142c9605a46ba2a3cef71a65d71366c42db27b6699c760	e19c1e7f550a7955d2b5901fd8ff4ff6b07f7b49d439f00ad734f75bc13f3cdf	numeric-selector-context-screen	excluded	Numeric selector context is Lighting/Alarm/camera/local hardware/calendar or local condition metadata, not a separate WHO 9 wire implementation; declaration/context screen only
libqtdevices	scenevocond.cpp	383fd878c30639700d702a1946bb765951260617	f727ef0535889d3361851d250f9f6d0c8f9f1ff995c5b8e4d2058016ca2439f0	600a04734cc3c317d39601db9878a689d1f2c0836f6bcf8f3b18d6e51889181b	numeric-selector-context-screen	excluded	Local condition selector 9 changes from prototype temperature selection to an explicit Auxiliary consumer; only the executable delegate establishes WHO; no Firmware or general numeric mapping
libqtdevices	scenevocond.cpp	cdfa924ed9847f0f1203e8fce62bb0006af8f95c	8cfaad88bec4a75c4262a3f6657dcb8d6b97a9be563b3221b1fe57e0fc7426a6	29c6aec4d3d38094e823ba421c1e0e2188b190d50123871df97857b589639087	numeric-selector-context-screen	excluded	Local condition selector 9 changes from prototype temperature selection to an explicit Auxiliary consumer; only the executable delegate establishes WHO; no Firmware or general numeric mapping
libqtdevices	frame_interpreter.cpp	de5bbc62f0726bfc23c0effd2ed16428a2c7c1c5	6bab808f75191b58c5b59b218dc41fa44b108b44099ff55d9fa9414b8871e2be	395a36c9f817248a0653e11370e7c985804b6594f140063b225c1572bcca4707	numeric-selector-context-screen	excluded	Numeric selector context is Lighting/Alarm/camera/local hardware/calendar or local condition metadata, not a separate WHO 9 wire implementation; declaration/context screen only
libqtdevices	scenevocond.cpp	66a2e6662e4ec9402d4246c5fec25c61e7581ba2	328f8f420d16d3ce2e7cd725c941391e13f04bbc28ec8bae9f281e449ff0bb39	29c6aec4d3d38094e823ba421c1e0e2188b190d50123871df97857b589639087	numeric-selector-context-screen	excluded	Local condition selector 9 changes from prototype temperature selection to an explicit Auxiliary consumer; only the executable delegate establishes WHO; no Firmware or general numeric mapping
libqtdevices	scenevocond.cpp	3d11760ee2fa7d27a1d9076321e8a82a2afb50e1	376f18c5bffff77d8aec50c9edff732225a5f4065e36c4e8aa70b0a9b3b978a0	29c6aec4d3d38094e823ba421c1e0e2188b190d50123871df97857b589639087	numeric-selector-context-screen	excluded	Local condition selector 9 changes from prototype temperature selection to an explicit Auxiliary consumer; only the executable delegate establishes WHO; no Firmware or general numeric mapping
libqtdevices	scenevocond.cpp	ad8f04e281e0cfb7a2aa57ddbe03d94f0caeb37d	ee2b3fc6b280bd743c03dd173b747793b2aa1a56e4964e7381a837b1bd6179c1	29c6aec4d3d38094e823ba421c1e0e2188b190d50123871df97857b589639087	numeric-selector-context-screen	excluded	Local condition selector 9 changes from prototype temperature selection to an explicit Auxiliary consumer; only the executable delegate establishes WHO; no Firmware or general numeric mapping
libqtdevices	scenevocond.cpp	586068dbc3b8224fd7b29a28ef98e4dcd4a5e7fd	2683d8821254c94ccf63f3fa70acae00f3355a780b1a6ec6c0e3a5a2afecc41e	29c6aec4d3d38094e823ba421c1e0e2188b190d50123871df97857b589639087	numeric-selector-context-screen	excluded	Local condition selector 9 changes from prototype temperature selection to an explicit Auxiliary consumer; only the executable delegate establishes WHO; no Firmware or general numeric mapping
libqtdevices	scenevocond.cpp	67586ce8aa17686da46e58c8a681e0187284ff94	efa0f288002806e3cf95a51ac3432f557c77d5d1429491214da16bb33a69db2f	29c6aec4d3d38094e823ba421c1e0e2188b190d50123871df97857b589639087	numeric-selector-context-screen	excluded	Local condition selector 9 changes from prototype temperature selection to an explicit Auxiliary consumer; only the executable delegate establishes WHO; no Firmware or general numeric mapping
libqtdevices	scenevocond.cpp	a07aba64c601f60aed7302e0ebf3070699fdfaaf	ae2c81d47c1249edfa2337313a07d3bac377a9ffec2069918f7d023e975b88d5	29c6aec4d3d38094e823ba421c1e0e2188b190d50123871df97857b589639087	numeric-selector-context-screen	excluded	Local condition selector 9 changes from prototype temperature selection to an explicit Auxiliary consumer; only the executable delegate establishes WHO; no Firmware or general numeric mapping
libqtdevices	scenevocond.cpp	5614415cda4934d70b0103cd1d710a24c7efe185	483d5800a0265d1cdefa2845a83d10bf1fca0798ba43d655f33d840e116b72b3	29c6aec4d3d38094e823ba421c1e0e2188b190d50123871df97857b589639087	numeric-selector-context-screen	excluded	Local condition selector 9 changes from prototype temperature selection to an explicit Auxiliary consumer; only the executable delegate establishes WHO; no Firmware or general numeric mapping
libqtdevices	scenevocond.cpp	f7588afce34715f96441f9ddfac59ef8867efd31	6550c5e7e40823e29d32b4dcaa77b60a6f403806f933804f006bb4325f2d9079	29c6aec4d3d38094e823ba421c1e0e2188b190d50123871df97857b589639087	numeric-selector-context-screen	excluded	Local condition selector 9 changes from prototype temperature selection to an explicit Auxiliary consumer; only the executable delegate establishes WHO; no Firmware or general numeric mapping
libqtdevices	scenevocond.cpp	00b48432c2e38511e01b863f4d6f7db1a8960434	3824a98bdae39e013453eae96d042bd7c6cf58db861afe1f7e91c7bb7622e4a6	29c6aec4d3d38094e823ba421c1e0e2188b190d50123871df97857b589639087	numeric-selector-context-screen	excluded	Local condition selector 9 changes from prototype temperature selection to an explicit Auxiliary consumer; only the executable delegate establishes WHO; no Firmware or general numeric mapping
libqtdevices	frame_interpreter.cpp	88bf1c8c8b20c7d645dfd5b5613447a5c0727961	41a0af6c84efc98a038b8465f4ff422a26f1b7145b153b091eca3c10b41fd3ce	395a36c9f817248a0653e11370e7c985804b6594f140063b225c1572bcca4707	numeric-selector-context-screen	excluded	Numeric selector context is Lighting/Alarm/camera/local hardware/calendar or local condition metadata, not a separate WHO 9 wire implementation; declaration/context screen only
libqtdevices	scenEvoCond.cpp	5901a3d565fc15a26d8f447edd825d369bdc5874	3760bc223ff5133148d3ebf5954e149a9e7226ecf1bdd76368570ddf6ada53b6	29c6aec4d3d38094e823ba421c1e0e2188b190d50123871df97857b589639087	numeric-selector-context-screen	excluded	Local condition selector 9 changes from prototype temperature selection to an explicit Auxiliary consumer; only the executable delegate establishes WHO; no Firmware or general numeric mapping
libqtdevices	frame_interpreter.cpp	f4af9934ddcfbf84429182159348303d12f3a164	69ec15206a315b2b17439b6f0bc1a6838893a40c5cbc5a04945f7b0cc2bd5c9e	e19c1e7f550a7955d2b5901fd8ff4ff6b07f7b49d439f00ad734f75bc13f3cdf	numeric-selector-context-screen	excluded	Numeric selector context is Lighting/Alarm/camera/local hardware/calendar or local condition metadata, not a separate WHO 9 wire implementation; declaration/context screen only
libqtdevices	scenevocond.cpp	ab5cb967ffd7dcb7c8db30e29a75590f8c8e9e85	488e501e6cadbcef8864a60776031b0f912bb8f17094d684df02fa8796a63276	29c6aec4d3d38094e823ba421c1e0e2188b190d50123871df97857b589639087	numeric-selector-context-screen	excluded	Local condition selector 9 changes from prototype temperature selection to an explicit Auxiliary consumer; only the executable delegate establishes WHO; no Firmware or general numeric mapping
libqtdevices	frame_interpreter.cpp	011012bb1f0d0e39382d8433af6a4aaf213ea654	6aad1db6f1473d1e938509ae8cee0f31a3405d6e0170f688c7bca84afa09dc0b	e19c1e7f550a7955d2b5901fd8ff4ff6b07f7b49d439f00ad734f75bc13f3cdf	numeric-selector-context-screen	excluded	Numeric selector context is Lighting/Alarm/camera/local hardware/calendar or local condition metadata, not a separate WHO 9 wire implementation; declaration/context screen only
libqtdevices	scenevocond.cpp	ed31f40969a796b654011f70524e0d9d003caa57	93292f2b7c30c000ee0ac4a37d0241ba760dbc3f546a6a5398b10db115dd51ce	29c6aec4d3d38094e823ba421c1e0e2188b190d50123871df97857b589639087	numeric-selector-context-screen	excluded	Local condition selector 9 changes from prototype temperature selection to an explicit Auxiliary consumer; only the executable delegate establishes WHO; no Firmware or general numeric mapping
libqtdevices	frame_interpreter.cpp	9175be577f9de4d0d729aba69a22eeed2e2eb282	15027da8be8b7442668133bad5a5d0c0355cc2ab5a653d5729f4369166bd5d89	395a36c9f817248a0653e11370e7c985804b6594f140063b225c1572bcca4707	numeric-selector-context-screen	excluded	Numeric selector context is Lighting/Alarm/camera/local hardware/calendar or local condition metadata, not a separate WHO 9 wire implementation; declaration/context screen only
libqtdevices	scenEvoCond.cpp	5cecbd8790afda288762164b6aebf41db28988c0	b27c92abf851d81bdf2174eda8954dd989ef8474336c3aa09531c3e35b99c350	29c6aec4d3d38094e823ba421c1e0e2188b190d50123871df97857b589639087	numeric-selector-context-screen	excluded	Local condition selector 9 changes from prototype temperature selection to an explicit Auxiliary consumer; only the executable delegate establishes WHO; no Firmware or general numeric mapping
libqtdevices	frame_interpreter.cpp	796698b29cc32cc6d8f153a6550abaad679563b3	a576cd5838aa43aaec93a3f3c4f0ac486bbfee86eb931a5af1e903dcdd178503	395a36c9f817248a0653e11370e7c985804b6594f140063b225c1572bcca4707	numeric-selector-context-screen	excluded	Numeric selector context is Lighting/Alarm/camera/local hardware/calendar or local condition metadata, not a separate WHO 9 wire implementation; declaration/context screen only
libqtdevices	scenEvoCond.cpp	c30cbd3a8105f104791de0540d5337596f67005a	12057ca4bf4b5c4e2ad6bc7855c4b1c602d6c4a821bbaca00202e17826c27486	29c6aec4d3d38094e823ba421c1e0e2188b190d50123871df97857b589639087	numeric-selector-context-screen	excluded	Local condition selector 9 changes from prototype temperature selection to an explicit Auxiliary consumer; only the executable delegate establishes WHO; no Firmware or general numeric mapping
libqtdevices	frame_interpreter.cpp	1d16073d129a7e3f786d8c29b22765acc55de5e5	57c6f06c026257349705664319877f37193dd05bcf9034049c47255a0654d32b	395a36c9f817248a0653e11370e7c985804b6594f140063b225c1572bcca4707	numeric-selector-context-screen	excluded	Numeric selector context is Lighting/Alarm/camera/local hardware/calendar or local condition metadata, not a separate WHO 9 wire implementation; declaration/context screen only
libqtdevices	frame_interpreter.cpp	fddf20f4864b8c9c7646a08b3e9fcc0e2383d5d6	2033bea68679ee10edbcb70618110cbc3df02f520ad2a952391136df3706d515	395a36c9f817248a0653e11370e7c985804b6594f140063b225c1572bcca4707	numeric-selector-context-screen	excluded	Numeric selector context is Lighting/Alarm/camera/local hardware/calendar or local condition metadata, not a separate WHO 9 wire implementation; declaration/context screen only
libqtdevices	scenevocond.cpp	87812add0413f11c70ecf525522fae4c6cbada41	d28b46ad61f8c7c308bf2f04246e315e037193977d0500b60b8fef4fa9f39640	29c6aec4d3d38094e823ba421c1e0e2188b190d50123871df97857b589639087	numeric-selector-context-screen	excluded	Local condition selector 9 changes from prototype temperature selection to an explicit Auxiliary consumer; only the executable delegate establishes WHO; no Firmware or general numeric mapping
libqtdevices	scenevocond.cpp	7384077b4b1ee48c830da6ca19d6906c14afef49	c3ad249da88ef3fdc0bb1193d34764bcefba7868191b6d2fb349ae95173aec27	29c6aec4d3d38094e823ba421c1e0e2188b190d50123871df97857b589639087	numeric-selector-context-screen	excluded	Local condition selector 9 changes from prototype temperature selection to an explicit Auxiliary consumer; only the executable delegate establishes WHO; no Firmware or general numeric mapping
libqtdevices	scenevocond.cpp	4d73c63e1f56b21e8f9628e47ece65f337dc7445	1ca4042a37598c205095153595ea7a159c8667fe5c72b57d35508b2e3562ebc0	29c6aec4d3d38094e823ba421c1e0e2188b190d50123871df97857b589639087	numeric-selector-context-screen	excluded	Local condition selector 9 changes from prototype temperature selection to an explicit Auxiliary consumer; only the executable delegate establishes WHO; no Firmware or general numeric mapping
libqtdevices	scenevocond.cpp	a2692e0331c85ea4cacd6544e0b93c272065a9ab	68790905723e54b2edff8b415d00ef4a55aed694458c7797f7a41657f6bb6b63	29c6aec4d3d38094e823ba421c1e0e2188b190d50123871df97857b589639087	numeric-selector-context-screen	excluded	Local condition selector 9 changes from prototype temperature selection to an explicit Auxiliary consumer; only the executable delegate establishes WHO; no Firmware or general numeric mapping
libqtdevices	scenevocond.cpp	17e3061520586aee8177c4395fc1825e4932bdc1	d49c36716477f96894e15408438c1e1349f1d48a979f2cd7f48c5d3bc2b4beaa	29c6aec4d3d38094e823ba421c1e0e2188b190d50123871df97857b589639087	numeric-selector-context-screen	excluded	Local condition selector 9 changes from prototype temperature selection to an explicit Auxiliary consumer; only the executable delegate establishes WHO; no Firmware or general numeric mapping
libqtdevices	scenevocond.cpp	11613413911f5bdb77833c9bf4692b3be2264c63	55734af5db0e4430d7dd7b62a4cb186c625ccf725a5506ab6b65d1319c02898f	29c6aec4d3d38094e823ba421c1e0e2188b190d50123871df97857b589639087	numeric-selector-context-screen	excluded	Local condition selector 9 changes from prototype temperature selection to an explicit Auxiliary consumer; only the executable delegate establishes WHO; no Firmware or general numeric mapping
libqtdevices	scenevocond.cpp	d703f5c7a08799a773dac9d7a873d51aa7b4c0f8	43d988f4c2db5ea7c659d74cf01422668e7c8efe6b8f3c673cb6a8e4b210a4da	29c6aec4d3d38094e823ba421c1e0e2188b190d50123871df97857b589639087	numeric-selector-context-screen	excluded	Local condition selector 9 changes from prototype temperature selection to an explicit Auxiliary consumer; only the executable delegate establishes WHO; no Firmware or general numeric mapping
libqtdevices	scenevocond.cpp	66246de86ad43d70b89de72879201980e1cb8d4d	e2580c7791dc7baaa81485ff072fde8eb821ee027d3ae5d5896c1a56d60a7046	29c6aec4d3d38094e823ba421c1e0e2188b190d50123871df97857b589639087	numeric-selector-context-screen	excluded	Local condition selector 9 changes from prototype temperature selection to an explicit Auxiliary consumer; only the executable delegate establishes WHO; no Firmware or general numeric mapping
libqtdevices	scenevocond.cpp	3c0e4c260ad2fb0abe6e50140c5fb32d17445d15	a3e86ec3d70014c93f9790f7c0535e5af6f13b2300c98f9af19219ac41cc2027	29c6aec4d3d38094e823ba421c1e0e2188b190d50123871df97857b589639087	numeric-selector-context-screen	excluded	Local condition selector 9 changes from prototype temperature selection to an explicit Auxiliary consumer; only the executable delegate establishes WHO; no Firmware or general numeric mapping
libqtdevices	frame_interpreter.cpp	3417874fc04c03e13d2cbe1df2b1e34cce7ec8b8	f1fbba3f88a7fa04f931772336b65be44b91db5aa51d2d2a8a6da0137b188562	395a36c9f817248a0653e11370e7c985804b6594f140063b225c1572bcca4707	numeric-selector-context-screen	excluded	Numeric selector context is Lighting/Alarm/camera/local hardware/calendar or local condition metadata, not a separate WHO 9 wire implementation; declaration/context screen only
libqtdevices	frame_interpreter.cpp	a777280ef37c3e9452db241a635638e43a420ece	0756c68608dc5b61405fdcbe33c56c67bb35fe6a89b9392090bfb63a41887404	395a36c9f817248a0653e11370e7c985804b6594f140063b225c1572bcca4707	numeric-selector-context-screen	excluded	Numeric selector context is Lighting/Alarm/camera/local hardware/calendar or local condition metadata, not a separate WHO 9 wire implementation; declaration/context screen only
libqtdevices	scenevocond.cpp	65f47e636ca2474c9fde4081d40a5f3ac5f482b9	10c8b28a3484ffb360454a069fbbeeb750b5e522291b88d62ebc8bf662e346e8	29c6aec4d3d38094e823ba421c1e0e2188b190d50123871df97857b589639087	numeric-selector-context-screen	excluded	Local condition selector 9 changes from prototype temperature selection to an explicit Auxiliary consumer; only the executable delegate establishes WHO; no Firmware or general numeric mapping
libqtdevices	scenevocond.cpp	9e8fee7df2df289e3886daca4508d6ffbe6dfb50	79852cb13f29c4acdb1ca046761171c7c1af164355df8cd653171c5a344a02dc	29c6aec4d3d38094e823ba421c1e0e2188b190d50123871df97857b589639087	numeric-selector-context-screen	excluded	Local condition selector 9 changes from prototype temperature selection to an explicit Auxiliary consumer; only the executable delegate establishes WHO; no Firmware or general numeric mapping
libqtdevices	frame_interpreter.cpp	dbf479ee69964d958f06461df324c9f1f70d96fa	7b91ccf2af3f73b312bcd1ba53d594de32359891d3a713370aa0e5245844e18c	395a36c9f817248a0653e11370e7c985804b6594f140063b225c1572bcca4707	numeric-selector-context-screen	excluded	Numeric selector context is Lighting/Alarm/camera/local hardware/calendar or local condition metadata, not a separate WHO 9 wire implementation; declaration/context screen only
libqtdevices	frame_interpreter.cpp	6b7afba92618d13cc7879037da9fd21005d1967d	c013cb6e419c463fb44ad30a1eb9017289541e56b210628b87d25ae00ca2f53f	395a36c9f817248a0653e11370e7c985804b6594f140063b225c1572bcca4707	numeric-selector-context-screen	excluded	Numeric selector context is Lighting/Alarm/camera/local hardware/calendar or local condition metadata, not a separate WHO 9 wire implementation; declaration/context screen only
libqtdevices	scenEvoCond.cpp	483a55d782a9d0205f3ef625af9e0fd08e1d835a	dae433583897e00a5f6176b1631ec672e3cf453b9a222e830e171b24a19fd814	29c6aec4d3d38094e823ba421c1e0e2188b190d50123871df97857b589639087	numeric-selector-context-screen	excluded	Local condition selector 9 changes from prototype temperature selection to an explicit Auxiliary consumer; only the executable delegate establishes WHO; no Firmware or general numeric mapping
libqtdevices	scenEvoCond.cpp	26688e60f3f102417768e9257feed113f636df7a	0be5459f9572d2fe87645ada6bfbc09c68f35cae0ae35f5c9b40d9c6040e1e44	29c6aec4d3d38094e823ba421c1e0e2188b190d50123871df97857b589639087	numeric-selector-context-screen	excluded	Local condition selector 9 changes from prototype temperature selection to an explicit Auxiliary consumer; only the executable delegate establishes WHO; no Firmware or general numeric mapping
libqtdevices	scenevocond.cpp	c030021487f66d4f7f09cc0675515503db080622	d462da6cc2426e6d5ec425c8a0f0c5792e2fec3435c5e839671494ba03527db2	29c6aec4d3d38094e823ba421c1e0e2188b190d50123871df97857b589639087	numeric-selector-context-screen	excluded	Local condition selector 9 changes from prototype temperature selection to an explicit Auxiliary consumer; only the executable delegate establishes WHO; no Firmware or general numeric mapping
libqtdevices	scenEvoCond.cpp	b714bd1cba0f5cf72b1cf0f76c5b5fff12f3af55	199775d2361d7c0480338322a4e038afd2b730d711d40618b63d29b0850a2471	29c6aec4d3d38094e823ba421c1e0e2188b190d50123871df97857b589639087	numeric-selector-context-screen	excluded	Local condition selector 9 changes from prototype temperature selection to an explicit Auxiliary consumer; only the executable delegate establishes WHO; no Firmware or general numeric mapping
libqtdevices	scenEvoCond.cpp	95b064e9f067d61cfff72935721ca3bb24aba29b	12393fac8422c6926bd06c27ce35253be08d39eec0ec1a106093ab2c98270d40	29c6aec4d3d38094e823ba421c1e0e2188b190d50123871df97857b589639087	numeric-selector-context-screen	excluded	Local condition selector 9 changes from prototype temperature selection to an explicit Auxiliary consumer; only the executable delegate establishes WHO; no Firmware or general numeric mapping
libqtdevices	scenevocond.cpp	7b407aeb82e638dcccc0dfb03b51688659f649f8	1ddf1529355980ac97fc11cf18d48ed09101e57d4d124094727350da71576708	29c6aec4d3d38094e823ba421c1e0e2188b190d50123871df97857b589639087	numeric-selector-context-screen	excluded	Local condition selector 9 changes from prototype temperature selection to an explicit Auxiliary consumer; only the executable delegate establishes WHO; no Firmware or general numeric mapping
libqtdevices	scenEvoCond.cpp	b2bbf5998c7ad85efc47e29688680950ee2996e3	7bdbaef20822be2d79632c39f5dae4d36f87e9bf32a149b8d0f7697830f93efe	29c6aec4d3d38094e823ba421c1e0e2188b190d50123871df97857b589639087	numeric-selector-context-screen	excluded	Local condition selector 9 changes from prototype temperature selection to an explicit Auxiliary consumer; only the executable delegate establishes WHO; no Firmware or general numeric mapping
libqtdevices	scenEvoCond.cpp	c503eef05c5cc435222597455da761090008413c	1e099515a710893a539ed083c5b6ff58428f0ee364c6e7d2c0cfe93760cf5fe2	29c6aec4d3d38094e823ba421c1e0e2188b190d50123871df97857b589639087	numeric-selector-context-screen	excluded	Local condition selector 9 changes from prototype temperature selection to an explicit Auxiliary consumer; only the executable delegate establishes WHO; no Firmware or general numeric mapping
libqtdevices	frame_interpreter.cpp	1669f60f2f8d72ba1bc1362055da38c0d3d0b42a	106479e3c2d6c1587a2ba7518ee00eeaceb5ef0b24740a8c5717fbd5c1127004	1f13934c32e1e2e5387188eb1b9a4a3301ec4df7b9abb25fab2a47caba0e7ea9	numeric-selector-context-screen	excluded	Numeric selector context is Lighting/Alarm/camera/local hardware/calendar or local condition metadata, not a separate WHO 9 wire implementation; declaration/context screen only
libqtdevices	scenEvoCond.cpp	98550e0f9850768a8e53c9e068f3a098e70bcc8f	8d1ceb5cb9d1c099b5c4ed73ff5fe77ff99dda6dac987b525213533889a07a88	c67b65d27da188090792ea264d0dab988d7a03f9107a25e82a4b49105891cd0d	numeric-selector-context-screen	excluded	Local condition selector 9 changes from prototype temperature selection to an explicit Auxiliary consumer; only the executable delegate establishes WHO; no Firmware or general numeric mapping
libqtdevices	scenEvoCond.cpp	aa25f072cbb48f3b26df59ee51ce5209893afd12	3f513104711ba6fe60326f33273485cf821d5e8cdc89de2f4736bfbf7ea0d415	c67b65d27da188090792ea264d0dab988d7a03f9107a25e82a4b49105891cd0d	numeric-selector-context-screen	excluded	Local condition selector 9 changes from prototype temperature selection to an explicit Auxiliary consumer; only the executable delegate establishes WHO; no Firmware or general numeric mapping
libqtdevices	scenEvoCond.cpp	171cec7addbc4714eb71af75ec747de0d7dc4d8e	6a6de8016a06eb73a78a05ff63a25059c086cddad25cf5e902284011f4f1b2df	849071c562c4fa9fa18e9b88bb2aa95f2e21725da583c19f75b49de753595d04	numeric-selector-context-screen	excluded	Local condition selector 9 changes from prototype temperature selection to an explicit Auxiliary consumer; only the executable delegate establishes WHO; no Firmware or general numeric mapping
libqtdevices	scenEvoCond.cpp	402f1b8bf341b283dd8c55d3899997099df68492	97e24b60e1aa7704e30d99fed70d7c5f102c6542ab123b431ec97b2c14307a1f	c67b65d27da188090792ea264d0dab988d7a03f9107a25e82a4b49105891cd0d	numeric-selector-context-screen	excluded	Local condition selector 9 changes from prototype temperature selection to an explicit Auxiliary consumer; only the executable delegate establishes WHO; no Firmware or general numeric mapping
libqtdevices	scenEvoCond.cpp	9f02451ee6c45f6ed58f01419615590ec45ea03a	293e8ed65648b2c90392d97f96f103a1230e50f540e25564c84168a696a7f55c	c67b65d27da188090792ea264d0dab988d7a03f9107a25e82a4b49105891cd0d	numeric-selector-context-screen	excluded	Local condition selector 9 changes from prototype temperature selection to an explicit Auxiliary consumer; only the executable delegate establishes WHO; no Firmware or general numeric mapping
libqtdevices	frame_interpreter.cpp	d80a08fbc6a11cc711acb1fccf88e60496a91efe	21fe7326dc2427230211ca73e4209e8005833acac7d080706f00ff31368a3570	1f13934c32e1e2e5387188eb1b9a4a3301ec4df7b9abb25fab2a47caba0e7ea9	numeric-selector-context-screen	excluded	Numeric selector context is Lighting/Alarm/camera/local hardware/calendar or local condition metadata, not a separate WHO 9 wire implementation; declaration/context screen only
libqtdevices	frame_interpreter.cpp	9a0c7c141d0d671c8b20f75062e7a0b68cc84973	e546e9f5f615835593b2391a2f4709085e88a042c89535d3af7afcb8368c7259	1f13934c32e1e2e5387188eb1b9a4a3301ec4df7b9abb25fab2a47caba0e7ea9	numeric-selector-context-screen	excluded	Numeric selector context is Lighting/Alarm/camera/local hardware/calendar or local condition metadata, not a separate WHO 9 wire implementation; declaration/context screen only
libqtdevices	frame_interpreter.cpp	2e70f6f098150c64f613ce134ee47a31649ae04f	3ae4a184b1c29d9c6c376e31080906340e0f08e8ae0cd7f0983cf55162bec6d4	1f13934c32e1e2e5387188eb1b9a4a3301ec4df7b9abb25fab2a47caba0e7ea9	numeric-selector-context-screen	excluded	Numeric selector context is Lighting/Alarm/camera/local hardware/calendar or local condition metadata, not a separate WHO 9 wire implementation; declaration/context screen only
libqtdevices	frame_interpreter.cpp	ff8ea2b4f032fcb9a41f8bb3543e8aca8656ca5b	855a62296fa279a30858a29289d666f4f83a2a3641c00e68f2a72bdeecb475bd	1f13934c32e1e2e5387188eb1b9a4a3301ec4df7b9abb25fab2a47caba0e7ea9	numeric-selector-context-screen	excluded	Numeric selector context is Lighting/Alarm/camera/local hardware/calendar or local condition metadata, not a separate WHO 9 wire implementation; declaration/context screen only
libqtdevices	frame_interpreter.cpp	21a6b79f7267225ebf237feec65c7fd91a8adcb7	1b18ef82eaabf60ef92a7b805b94f9f3036fff8bb51dd5058f8268519d60f704	1f13934c32e1e2e5387188eb1b9a4a3301ec4df7b9abb25fab2a47caba0e7ea9	numeric-selector-context-screen	excluded	Numeric selector context is Lighting/Alarm/camera/local hardware/calendar or local condition metadata, not a separate WHO 9 wire implementation; declaration/context screen only
libqtdevices	frame_interpreter.cpp	9de7954aa66d9b0fd759e10b38811597b7532208	81158489d81c4232c112874c643f3973616aaa6e08d9824fafbd65fc0fdc4092	1f13934c32e1e2e5387188eb1b9a4a3301ec4df7b9abb25fab2a47caba0e7ea9	numeric-selector-context-screen	excluded	Numeric selector context is Lighting/Alarm/camera/local hardware/calendar or local condition metadata, not a separate WHO 9 wire implementation; declaration/context screen only
libqtdevices	frame_interpreter.cpp	dd7974bda675bf7f314caa6f947c35697f4d19d4	4b00e59ab630cb5801be4af095fa4c79e524a89e08377583e61dc3672adb892c	1f13934c32e1e2e5387188eb1b9a4a3301ec4df7b9abb25fab2a47caba0e7ea9	numeric-selector-context-screen	excluded	Numeric selector context is Lighting/Alarm/camera/local hardware/calendar or local condition metadata, not a separate WHO 9 wire implementation; declaration/context screen only
libqtdevices	frame_interpreter.cpp	061041cf3c4b229ec1876780ade5d7add463a8d3	dd984f07dfbc8254605cd4f31466f8d817c84d32a7372af3e7b1c5db12fd68fc	1f13934c32e1e2e5387188eb1b9a4a3301ec4df7b9abb25fab2a47caba0e7ea9	numeric-selector-context-screen	excluded	Numeric selector context is Lighting/Alarm/camera/local hardware/calendar or local condition metadata, not a separate WHO 9 wire implementation; declaration/context screen only
libqtdevices	frame_interpreter.cpp	3200aeb378eb3e0fc5e26619f8671245e5095477	c61a5b92aa6d473cfd22733caedd658dd79f8203e470b3d620f208bafea9688c	1f13934c32e1e2e5387188eb1b9a4a3301ec4df7b9abb25fab2a47caba0e7ea9	numeric-selector-context-screen	excluded	Numeric selector context is Lighting/Alarm/camera/local hardware/calendar or local condition metadata, not a separate WHO 9 wire implementation; declaration/context screen only
libqtdevices	frame_interpreter.cpp	5734894571b597b725cf0900ee974d6ed99ead61	d53c14976415144184f4ddd06984ff6e0c57935d5a0d4ca10db3f0540d00212b	1f13934c32e1e2e5387188eb1b9a4a3301ec4df7b9abb25fab2a47caba0e7ea9	numeric-selector-context-screen	excluded	Numeric selector context is Lighting/Alarm/camera/local hardware/calendar or local condition metadata, not a separate WHO 9 wire implementation; declaration/context screen only
libqtdevices	frame_interpreter.cpp	9850ccbd51785c6cacef11cebf97b4b508c827d6	fb15cb87c5c49edb1486caa1e867ddaed70e5eb8fc98b10e0414b3bf0ed8de47	1f13934c32e1e2e5387188eb1b9a4a3301ec4df7b9abb25fab2a47caba0e7ea9	numeric-selector-context-screen	excluded	Numeric selector context is Lighting/Alarm/camera/local hardware/calendar or local condition metadata, not a separate WHO 9 wire implementation; declaration/context screen only
libqtdevices	frame_interpreter.cpp	2a6fc249e14a1319e0f192da27575642d158186f	c4fb6efe9a930d2ff90727abe4cbae298aaee28a11e10ef6492fe91721feca28	1f13934c32e1e2e5387188eb1b9a4a3301ec4df7b9abb25fab2a47caba0e7ea9	numeric-selector-context-screen	excluded	Numeric selector context is Lighting/Alarm/camera/local hardware/calendar or local condition metadata, not a separate WHO 9 wire implementation; declaration/context screen only
libqtdevices	frame_interpreter.cpp	82cf69e11e036959478f428fd5696c54bd2c79d7	3ba28b93766cb3739b51d959d9adc8b7c057a185d6d7d7794aee72448653c314	1f13934c32e1e2e5387188eb1b9a4a3301ec4df7b9abb25fab2a47caba0e7ea9	numeric-selector-context-screen	excluded	Numeric selector context is Lighting/Alarm/camera/local hardware/calendar or local condition metadata, not a separate WHO 9 wire implementation; declaration/context screen only
libqtdevices	frame_interpreter.cpp	0dee6c024024306f37fe76b6522b5601d8248d4d	9fdc89182c05c5b6410519c0eec602d8518698a552d9b7e80638d1cf7c51c739	1f13934c32e1e2e5387188eb1b9a4a3301ec4df7b9abb25fab2a47caba0e7ea9	numeric-selector-context-screen	excluded	Numeric selector context is Lighting/Alarm/camera/local hardware/calendar or local condition metadata, not a separate WHO 9 wire implementation; declaration/context screen only
libqtdevices	scenEvoCond.cpp	9bb9ec30665cda873bdc7a821384a851317cd990	931388d534cb3ba24886666c58b666f8fe4802643439891730b014d6d7fcfc98	849071c562c4fa9fa18e9b88bb2aa95f2e21725da583c19f75b49de753595d04	numeric-selector-context-screen	excluded	Local condition selector 9 changes from prototype temperature selection to an explicit Auxiliary consumer; only the executable delegate establishes WHO; no Firmware or general numeric mapping
libqtdevices	frame_interpreter.cpp	70ecbaa88c42239ba58d2068c30998e5a5deccc1	8f2ca8b99f34aa4ec4723c7881b779acd608ea895e296bb00d43f6879decd4c5	1f13934c32e1e2e5387188eb1b9a4a3301ec4df7b9abb25fab2a47caba0e7ea9	numeric-selector-context-screen	excluded	Numeric selector context is Lighting/Alarm/camera/local hardware/calendar or local condition metadata, not a separate WHO 9 wire implementation; declaration/context screen only
libqtdevices	frame_interpreter.cpp	227ca6f9700d9a7d6c3e4d4d25d28277cae0168e	8986d1fbb80dc8a743d5744f684324b0f4ccd45f65264fb2085c3f12758e12b6	1f13934c32e1e2e5387188eb1b9a4a3301ec4df7b9abb25fab2a47caba0e7ea9	numeric-selector-context-screen	excluded	Numeric selector context is Lighting/Alarm/camera/local hardware/calendar or local condition metadata, not a separate WHO 9 wire implementation; declaration/context screen only
libqtdevices	frame_interpreter.cpp	fde99c4d50aba932e58ee127490d0e1e3837d0ca	06eb76dfb61cee23a094f10a698f7489e27d5563a98317128fd0a8c3e304ebb2	1f13934c32e1e2e5387188eb1b9a4a3301ec4df7b9abb25fab2a47caba0e7ea9	numeric-selector-context-screen	excluded	Numeric selector context is Lighting/Alarm/camera/local hardware/calendar or local condition metadata, not a separate WHO 9 wire implementation; declaration/context screen only
libqtdevices	frame_interpreter.cpp	09fe7b00ce4d0dcd179e1668fcd8bbd17d08c92a	cd8b686a83b9b65ac6c7c0b976e703422f654770dc62384579a10d3c7d5f8d15	1f13934c32e1e2e5387188eb1b9a4a3301ec4df7b9abb25fab2a47caba0e7ea9	numeric-selector-context-screen	excluded	Numeric selector context is Lighting/Alarm/camera/local hardware/calendar or local condition metadata, not a separate WHO 9 wire implementation; declaration/context screen only
libqtdevices	frame_interpreter.cpp	8655a43f7df8318b8c2a5b82398de2942c708a40	6b55341be0dca09cd45117706b9d08fde0aea8d44f116bd1dcf6281b071ffa52	1f13934c32e1e2e5387188eb1b9a4a3301ec4df7b9abb25fab2a47caba0e7ea9	numeric-selector-context-screen	excluded	Numeric selector context is Lighting/Alarm/camera/local hardware/calendar or local condition metadata, not a separate WHO 9 wire implementation; declaration/context screen only
libqtdevices	frame_interpreter.cpp	25597b339201e4dd6fe3ecae890c7788b45d81bf	c20b32a1bc6558de1ddca117dd28d35f2ce4e15def5eba2c6428f1412516fa6d	1f13934c32e1e2e5387188eb1b9a4a3301ec4df7b9abb25fab2a47caba0e7ea9	numeric-selector-context-screen	excluded	Numeric selector context is Lighting/Alarm/camera/local hardware/calendar or local condition metadata, not a separate WHO 9 wire implementation; declaration/context screen only
libqtdevices	frame_interpreter.cpp	5d144fa6bbef32e0bc02790a1507187de6ca1866	e7939ed374c5dae73bfad3158147a0ba337b33e8bba4a6f71e8bfbc468a43006	1f13934c32e1e2e5387188eb1b9a4a3301ec4df7b9abb25fab2a47caba0e7ea9	numeric-selector-context-screen	excluded	Numeric selector context is Lighting/Alarm/camera/local hardware/calendar or local condition metadata, not a separate WHO 9 wire implementation; declaration/context screen only
libqtdevices	frame_interpreter.cpp	6cb52bdeb533956cc35c4096e1805a091b8e894e	cfa22b11fb8c50661a7c954aae2d5d8030176f47203e1f9e585c5fdbfb142633	1f13934c32e1e2e5387188eb1b9a4a3301ec4df7b9abb25fab2a47caba0e7ea9	numeric-selector-context-screen	excluded	Numeric selector context is Lighting/Alarm/camera/local hardware/calendar or local condition metadata, not a separate WHO 9 wire implementation; declaration/context screen only
libqtdevices	scenEvoCond.cpp	3adf3f1367ae06701b7c8afea7728db3bdbe7ae3	17578b8c7a525795b84c75959fe74e931d145602a90f8a7e656a26a45c08997a	849071c562c4fa9fa18e9b88bb2aa95f2e21725da583c19f75b49de753595d04	numeric-selector-context-screen	excluded	Local condition selector 9 changes from prototype temperature selection to an explicit Auxiliary consumer; only the executable delegate establishes WHO; no Firmware or general numeric mapping
libqtdevices	frame_interpreter.cpp	da0ad5caa9349954bac8d0d4841b648ff35bcfeb	61a7511affafa0ba521cd4ec1e29f64fbe63e692cc38e8c4c38d120e7724e1e3	1f13934c32e1e2e5387188eb1b9a4a3301ec4df7b9abb25fab2a47caba0e7ea9	numeric-selector-context-screen	excluded	Numeric selector context is Lighting/Alarm/camera/local hardware/calendar or local condition metadata, not a separate WHO 9 wire implementation; declaration/context screen only
libqtdevices	frame_interpreter.cpp	789df4dcc9db20716baad476672815a2d82d88ed	b9a4a02bd869b594f9e50a9f5c0214c95666d0e0f0a3c54addc09547c70e0aef	1f13934c32e1e2e5387188eb1b9a4a3301ec4df7b9abb25fab2a47caba0e7ea9	numeric-selector-context-screen	excluded	Numeric selector context is Lighting/Alarm/camera/local hardware/calendar or local condition metadata, not a separate WHO 9 wire implementation; declaration/context screen only
libqtdevices	frame_interpreter.cpp	f1bafbad7f3f97e46d12fab4a7b373dcf585be08	455ecd519b82c8e4f1e669e84b9d344a5b90e0820e9add4c7cad4cd9258aa37d	1f13934c32e1e2e5387188eb1b9a4a3301ec4df7b9abb25fab2a47caba0e7ea9	numeric-selector-context-screen	excluded	Numeric selector context is Lighting/Alarm/camera/local hardware/calendar or local condition metadata, not a separate WHO 9 wire implementation; declaration/context screen only
libqtdevices	frame_interpreter.cpp	12e67c78fa4746cda07b42a533ba2ce4fa34c489	ca6bc4b1a6b60ccb73a1fd0535e6dc42c59787b5f6b0c597d185767d7ab93110	1f13934c32e1e2e5387188eb1b9a4a3301ec4df7b9abb25fab2a47caba0e7ea9	numeric-selector-context-screen	excluded	Numeric selector context is Lighting/Alarm/camera/local hardware/calendar or local condition metadata, not a separate WHO 9 wire implementation; declaration/context screen only
libqtdevices	frame_interpreter.cpp	f81804311d1b32da17d965c71e2edaa1227c5e27	0cd5ad3ea2f2d948d472b56fbed33486282ede5a7aed50de4c76a00ce02df79a	1f13934c32e1e2e5387188eb1b9a4a3301ec4df7b9abb25fab2a47caba0e7ea9	numeric-selector-context-screen	excluded	Numeric selector context is Lighting/Alarm/camera/local hardware/calendar or local condition metadata, not a separate WHO 9 wire implementation; declaration/context screen only
libqtdevices	frame_interpreter.cpp	d96145d99e0f998c4cd3618714b3a56d92512b48	0d82b312c596605694ee1eaa8c3858ecd459b7c5b69a6be7ba0dd8ddfc4ab09c	1f13934c32e1e2e5387188eb1b9a4a3301ec4df7b9abb25fab2a47caba0e7ea9	numeric-selector-context-screen	excluded	Numeric selector context is Lighting/Alarm/camera/local hardware/calendar or local condition metadata, not a separate WHO 9 wire implementation; declaration/context screen only
libqtdevices	frame_interpreter.cpp	7c6acbb183f2fca86d6940672ce1d29aedfaa8d0	2c4f951e3aa121af52ccdba0658f02f47cd2c05fa1d03151a3365c201d911f2e	1f13934c32e1e2e5387188eb1b9a4a3301ec4df7b9abb25fab2a47caba0e7ea9	numeric-selector-context-screen	excluded	Numeric selector context is Lighting/Alarm/camera/local hardware/calendar or local condition metadata, not a separate WHO 9 wire implementation; declaration/context screen only
libqtdevices	frame_interpreter.cpp	2812b3d01b601603e8918d947c7bd7245d0576aa	743f0faea7e886308c393a21212d8eafc0b06b88632b89a767900aed9e287280	1f13934c32e1e2e5387188eb1b9a4a3301ec4df7b9abb25fab2a47caba0e7ea9	numeric-selector-context-screen	excluded	Numeric selector context is Lighting/Alarm/camera/local hardware/calendar or local condition metadata, not a separate WHO 9 wire implementation; declaration/context screen only
libqtdevices	frame_interpreter.cpp	6690fadaa0133b4993e7cbde7c95c0da40019ebf	0236f4cd63f6fe571e18287c7e2b921b22301df375b1961730ed9ea713b91923	1f13934c32e1e2e5387188eb1b9a4a3301ec4df7b9abb25fab2a47caba0e7ea9	numeric-selector-context-screen	excluded	Numeric selector context is Lighting/Alarm/camera/local hardware/calendar or local condition metadata, not a separate WHO 9 wire implementation; declaration/context screen only
libqtdevices	scenEvoCond.cpp	c490e7c21a07d997baa34d7a89e00e7d0b3bda62	c4c85ffac209da65372a71b27ce7471444d3168d17f8716fbaa26459dceecfa5	849071c562c4fa9fa18e9b88bb2aa95f2e21725da583c19f75b49de753595d04	numeric-selector-context-screen	excluded	Local condition selector 9 changes from prototype temperature selection to an explicit Auxiliary consumer; only the executable delegate establishes WHO; no Firmware or general numeric mapping
libqtdevices	frame_interpreter.cpp	d4ebe98254b3a33afacd56b4bdddc90dbedbb68f	8e06486fc688c3d58055b55e9cad6bbae59eda0f0f15c95e6488a7d03a9bb198	1f13934c32e1e2e5387188eb1b9a4a3301ec4df7b9abb25fab2a47caba0e7ea9	numeric-selector-context-screen	excluded	Numeric selector context is Lighting/Alarm/camera/local hardware/calendar or local condition metadata, not a separate WHO 9 wire implementation; declaration/context screen only
libqtdevices	frame_interpreter.cpp	9c058a5f397c62e15569bd0cd70a6737ef32c072	15c636a8e2df1de45155477e866bd7ad50e54ad04718475929a86036fe18bec1	1f13934c32e1e2e5387188eb1b9a4a3301ec4df7b9abb25fab2a47caba0e7ea9	numeric-selector-context-screen	excluded	Numeric selector context is Lighting/Alarm/camera/local hardware/calendar or local condition metadata, not a separate WHO 9 wire implementation; declaration/context screen only
libqtdevices	frame_interpreter.cpp	d38d9c819a08d8bd7f6bceae2844bcd8bd23e2ba	66b2a35c9d325dcf518c102d6ef01aa083054085d2824f58a60b61ddf6427954	1f13934c32e1e2e5387188eb1b9a4a3301ec4df7b9abb25fab2a47caba0e7ea9	numeric-selector-context-screen	excluded	Numeric selector context is Lighting/Alarm/camera/local hardware/calendar or local condition metadata, not a separate WHO 9 wire implementation; declaration/context screen only
libqtdevices	scenEvoCond.cpp	b8a9dd388a1e7b2a947119e417457ac5999656a7	c2388fe65692bac852d2a7c3a45465d18636a31cbfbfc08987c17faeb6a760b6	849071c562c4fa9fa18e9b88bb2aa95f2e21725da583c19f75b49de753595d04	numeric-selector-context-screen	excluded	Local condition selector 9 changes from prototype temperature selection to an explicit Auxiliary consumer; only the executable delegate establishes WHO; no Firmware or general numeric mapping
libqtdevices	frame_interpreter.cpp	48be65e6f40274e2f09376ff6d58492b06403751	bb061be5e06707796937370e76e4931d80c49172b12afe50fcc8468b8f772ff4	1f13934c32e1e2e5387188eb1b9a4a3301ec4df7b9abb25fab2a47caba0e7ea9	numeric-selector-context-screen	excluded	Numeric selector context is Lighting/Alarm/camera/local hardware/calendar or local condition metadata, not a separate WHO 9 wire implementation; declaration/context screen only
libqtdevices	scenEvoCond.cpp	2e996a10445ec89f99439997bc8d7d9c9993a49b	ac25dc46568e1f4ba943a0dd4abddba2ba451aadcc1410f74975c6d5db0d096a	849071c562c4fa9fa18e9b88bb2aa95f2e21725da583c19f75b49de753595d04	numeric-selector-context-screen	excluded	Local condition selector 9 changes from prototype temperature selection to an explicit Auxiliary consumer; only the executable delegate establishes WHO; no Firmware or general numeric mapping
libqtdevices	frame_interpreter.cpp	f132ec7aa819fdd5b892ba748687658185bad4e2	2e3d70e137993d2230972a18b0d6555ee952edb7492e6d136b945fc3d0a459c3	1f13934c32e1e2e5387188eb1b9a4a3301ec4df7b9abb25fab2a47caba0e7ea9	numeric-selector-context-screen	excluded	Numeric selector context is Lighting/Alarm/camera/local hardware/calendar or local condition metadata, not a separate WHO 9 wire implementation; declaration/context screen only
libqtdevices	scenEvoCond.cpp	fc760f05b17af5ca19f2c4b938254ca76842003d	ad97054c5d4e1cc3dd6c122a4ae8f5be7257d864d8be6f97e28c827ed6d9d1e0	849071c562c4fa9fa18e9b88bb2aa95f2e21725da583c19f75b49de753595d04	numeric-selector-context-screen	excluded	Local condition selector 9 changes from prototype temperature selection to an explicit Auxiliary consumer; only the executable delegate establishes WHO; no Firmware or general numeric mapping
libqtdevices	frame_interpreter.cpp	9982575d02f8052aac1f22d4434ea0bf05ee3ef7	0a213ee197523df21c7ce9a93f3861b82fb216120940e3783333373633f275b5	1f13934c32e1e2e5387188eb1b9a4a3301ec4df7b9abb25fab2a47caba0e7ea9	numeric-selector-context-screen	excluded	Numeric selector context is Lighting/Alarm/camera/local hardware/calendar or local condition metadata, not a separate WHO 9 wire implementation; declaration/context screen only
libqtdevices	frame_interpreter.cpp	787c18f89e4e3e37bd22c63873d58ab529c3d769	8dcdaefeb7f7f5733a9b0e77d625ee55c7c05136f3f0645ddeff16ad5cabc834	1f13934c32e1e2e5387188eb1b9a4a3301ec4df7b9abb25fab2a47caba0e7ea9	numeric-selector-context-screen	excluded	Numeric selector context is Lighting/Alarm/camera/local hardware/calendar or local condition metadata, not a separate WHO 9 wire implementation; declaration/context screen only
libqtdevices	frame_interpreter.cpp	f084ab85959604e367fa7161b05f63ea71f85372	ed1adff4361499aa777974407fc9e9dffe95b598d11af151284a73296c330a62	1f13934c32e1e2e5387188eb1b9a4a3301ec4df7b9abb25fab2a47caba0e7ea9	numeric-selector-context-screen	excluded	Numeric selector context is Lighting/Alarm/camera/local hardware/calendar or local condition metadata, not a separate WHO 9 wire implementation; declaration/context screen only
libqtdevices	frame_interpreter.cpp	1d03d6f1ef178c16327d0ff66fd099469e38bd9e	16d66d55be3d42a2e49665f1d70e3ad78b06e069eb9d8d3dcdb0b20eff4e70df	1f13934c32e1e2e5387188eb1b9a4a3301ec4df7b9abb25fab2a47caba0e7ea9	numeric-selector-context-screen	excluded	Numeric selector context is Lighting/Alarm/camera/local hardware/calendar or local condition metadata, not a separate WHO 9 wire implementation; declaration/context screen only
libqtdevices	frame_interpreter.cpp	11f9684eaa9a794afaa400435b72d3b5dd546500	b2009d047cd320d278079e7f1bb3a40797d028afdac32b183b35409bd2013295	1f13934c32e1e2e5387188eb1b9a4a3301ec4df7b9abb25fab2a47caba0e7ea9	numeric-selector-context-screen	excluded	Numeric selector context is Lighting/Alarm/camera/local hardware/calendar or local condition metadata, not a separate WHO 9 wire implementation; declaration/context screen only
libqtdevices	frame_interpreter.cpp	bd4dd5fcb433a890c550470a9e17df57bb4e02ea	b164680b4381d946efcc2882ab02797c3b344a195105c116939af3fbaa644780	1f13934c32e1e2e5387188eb1b9a4a3301ec4df7b9abb25fab2a47caba0e7ea9	numeric-selector-context-screen	excluded	Numeric selector context is Lighting/Alarm/camera/local hardware/calendar or local condition metadata, not a separate WHO 9 wire implementation; declaration/context screen only
libqtdevices	frame_interpreter.cpp	818d2c298be4c4a3e760100d1aacd1fdf4b14696	74478b0f2c5469b22a64c579d568b937b2488c333efd969d78c30b27e144e323	1f13934c32e1e2e5387188eb1b9a4a3301ec4df7b9abb25fab2a47caba0e7ea9	numeric-selector-context-screen	excluded	Numeric selector context is Lighting/Alarm/camera/local hardware/calendar or local condition metadata, not a separate WHO 9 wire implementation; declaration/context screen only
libqtdevices	frame_interpreter.cpp	b8093fb663020ca72ce5297eb5d91c19cfe28e01	94d8a63870bda29a1d4e71862282f8d08c9d8c2dc1a2efabef04470ddfd5080d	1f13934c32e1e2e5387188eb1b9a4a3301ec4df7b9abb25fab2a47caba0e7ea9	numeric-selector-context-screen	excluded	Numeric selector context is Lighting/Alarm/camera/local hardware/calendar or local condition metadata, not a separate WHO 9 wire implementation; declaration/context screen only
libqtdevices	frame_interpreter.cpp	44d02288e72519a16ba9aee9d3484bf0e72e179a	1efc257441c862eb9c8af2597a6183cc3da2aef9fb4c28c3255e0499ea057490	1f13934c32e1e2e5387188eb1b9a4a3301ec4df7b9abb25fab2a47caba0e7ea9	numeric-selector-context-screen	excluded	Numeric selector context is Lighting/Alarm/camera/local hardware/calendar or local condition metadata, not a separate WHO 9 wire implementation; declaration/context screen only
libqtdevices	frame_interpreter.cpp	a7fe5858c097afce182fcbb40cf2dcef00c6898f	faa7c99c910b9d0e913f3e7ad110a8715bda0766d2356d93d6c011cb75605867	1f13934c32e1e2e5387188eb1b9a4a3301ec4df7b9abb25fab2a47caba0e7ea9	numeric-selector-context-screen	excluded	Numeric selector context is Lighting/Alarm/camera/local hardware/calendar or local condition metadata, not a separate WHO 9 wire implementation; declaration/context screen only
libqtdevices	frame_interpreter.cpp	5b851ee58dc3b0d1030cca254dfd3c5f1e7a4f4b	2ec143a6ebaf90db419225f34b5b4479850f24c7010cdfefb7eed7124eee08bb	1f13934c32e1e2e5387188eb1b9a4a3301ec4df7b9abb25fab2a47caba0e7ea9	numeric-selector-context-screen	excluded	Numeric selector context is Lighting/Alarm/camera/local hardware/calendar or local condition metadata, not a separate WHO 9 wire implementation; declaration/context screen only
libqtdevices	frame_interpreter.cpp	39b2b711864fa018e14774c8b1220f19040ca343	39283d675718dafb27b239eaeeb465332b83be6d3cd87a7c99f132f8d2e3bdee	1f13934c32e1e2e5387188eb1b9a4a3301ec4df7b9abb25fab2a47caba0e7ea9	numeric-selector-context-screen	excluded	Numeric selector context is Lighting/Alarm/camera/local hardware/calendar or local condition metadata, not a separate WHO 9 wire implementation; declaration/context screen only
libqtdevices	frame_interpreter.cpp	af43c3293f86262590678b63b0a34cc516c9a682	b71ff9113db174fba67e0095f8bf6177e46979ad043de7d1aadb63cb49dc429e	1f13934c32e1e2e5387188eb1b9a4a3301ec4df7b9abb25fab2a47caba0e7ea9	numeric-selector-context-screen	excluded	Numeric selector context is Lighting/Alarm/camera/local hardware/calendar or local condition metadata, not a separate WHO 9 wire implementation; declaration/context screen only
libqtdevices	frame_interpreter.cpp	abc12ed9f5d8998dffc62fd13d9cbdffd6658ed0	b99e1fafe2d4eab9283bba8b639c31ef117d634d841c6dc77e38f025dd6f2783	1f13934c32e1e2e5387188eb1b9a4a3301ec4df7b9abb25fab2a47caba0e7ea9	numeric-selector-context-screen	excluded	Numeric selector context is Lighting/Alarm/camera/local hardware/calendar or local condition metadata, not a separate WHO 9 wire implementation; declaration/context screen only
libqtdevices	frame_interpreter.cpp	53e161f8ff60f6650326a53176da3e19bfb8256c	f1e4b159c8fde1ab448372350e5fdc4a56ddb2ee3b5f44a40155c35e07fa595c	1f13934c32e1e2e5387188eb1b9a4a3301ec4df7b9abb25fab2a47caba0e7ea9	numeric-selector-context-screen	excluded	Numeric selector context is Lighting/Alarm/camera/local hardware/calendar or local condition metadata, not a separate WHO 9 wire implementation; declaration/context screen only
libqtdevices	frame_interpreter.cpp	69fc8d640ec71d73443b884a876bf85676073d87	7177b1e9ee31b7f9a093bbb5cdce32ddb617defe3bc4a876bc42e4f36891d26e	1f13934c32e1e2e5387188eb1b9a4a3301ec4df7b9abb25fab2a47caba0e7ea9	numeric-selector-context-screen	excluded	Numeric selector context is Lighting/Alarm/camera/local hardware/calendar or local condition metadata, not a separate WHO 9 wire implementation; declaration/context screen only
libqtdevices	frame_interpreter.cpp	32e005ce7bebbc130a98c5207c5d437f84cf630c	e722e0c0f8923c763269d7971d4243d2cd95ae228eb6c4f61163c366960fb839	1f13934c32e1e2e5387188eb1b9a4a3301ec4df7b9abb25fab2a47caba0e7ea9	numeric-selector-context-screen	excluded	Numeric selector context is Lighting/Alarm/camera/local hardware/calendar or local condition metadata, not a separate WHO 9 wire implementation; declaration/context screen only
libqtdevices	frame_interpreter.cpp	77cd5fbca416431707e3e47f508f32e981777948	45562947055d48b6524f2e185d4ff4f34014e28bd06b0da71db68bb6cca4d98d	1f13934c32e1e2e5387188eb1b9a4a3301ec4df7b9abb25fab2a47caba0e7ea9	numeric-selector-context-screen	excluded	Numeric selector context is Lighting/Alarm/camera/local hardware/calendar or local condition metadata, not a separate WHO 9 wire implementation; declaration/context screen only
libqtdevices	frame_interpreter.cpp	2adca9b4d1656ff6df7cb6eabb887d86c155df31	a973e8b9c49fa437abff617ed643600d55f1677475a701e2d0c0fff71c13fe32	1f13934c32e1e2e5387188eb1b9a4a3301ec4df7b9abb25fab2a47caba0e7ea9	numeric-selector-context-screen	excluded	Numeric selector context is Lighting/Alarm/camera/local hardware/calendar or local condition metadata, not a separate WHO 9 wire implementation; declaration/context screen only
libqtdevices	frame_interpreter.cpp	8ed2d4d07268b3526fa2cd57025f0c3ce0372e4e	659787c53c54dd622b7a492aea5a25f408ca60d5372107bf1d748fc703979736	c629307eca601b86d425a601d3c4097da41675018007734a1b278985dbf33f32	numeric-selector-context-screen	excluded	Numeric selector context is Lighting/Alarm/camera/local hardware/calendar or local condition metadata, not a separate WHO 9 wire implementation; declaration/context screen only
libqtdevices	frame_interpreter.cpp	f63c0c96c2fbd626c3cbc3d55cde0a63a7c9c1da	458616b277520d9fdb7c5c356f4a41ed887d0d6db96830c875b9e3f82dbb984c	c629307eca601b86d425a601d3c4097da41675018007734a1b278985dbf33f32	numeric-selector-context-screen	excluded	Numeric selector context is Lighting/Alarm/camera/local hardware/calendar or local condition metadata, not a separate WHO 9 wire implementation; declaration/context screen only
libqtdevices	frame_interpreter.cpp	44a0b18562849294b38a4a653b740e9a273afd8e	d3f6b0224f5e20b2ee5aab0d87a0d69f914a44e8393eb2f3c8a0d2acabbcad4b	c629307eca601b86d425a601d3c4097da41675018007734a1b278985dbf33f32	numeric-selector-context-screen	excluded	Numeric selector context is Lighting/Alarm/camera/local hardware/calendar or local condition metadata, not a separate WHO 9 wire implementation; declaration/context screen only
libqtdevices	frame_interpreter.cpp	64f2414b21ab5943fa308f26e3c4978e2b5e9ca3	a69dbaad0b76bb2603a5b4a440fc21f083ca15f54eb6e76894f71382c46fbe3e	c629307eca601b86d425a601d3c4097da41675018007734a1b278985dbf33f32	numeric-selector-context-screen	excluded	Numeric selector context is Lighting/Alarm/camera/local hardware/calendar or local condition metadata, not a separate WHO 9 wire implementation; declaration/context screen only
libqtdevices	frame_interpreter.cpp	02f27054c1c5ed804ef88c58926fdbe5d2eb4671	c1d5b3f9f693175b53c92add64a0f6192c29790b09ab4e4094794d908d288caf	c629307eca601b86d425a601d3c4097da41675018007734a1b278985dbf33f32	numeric-selector-context-screen	excluded	Numeric selector context is Lighting/Alarm/camera/local hardware/calendar or local condition metadata, not a separate WHO 9 wire implementation; declaration/context screen only
libqtdevices	frame_interpreter.cpp	9cd2574ff7776fd7e8e3aa8b748e5341de2a350e	5afbf0982b3d973b104d508bce11826d867eec803169c6a3ea7e81eb2ca74ecc	c629307eca601b86d425a601d3c4097da41675018007734a1b278985dbf33f32	numeric-selector-context-screen	excluded	Numeric selector context is Lighting/Alarm/camera/local hardware/calendar or local condition metadata, not a separate WHO 9 wire implementation; declaration/context screen only
libqtdevices	frame_interpreter.cpp	b95a7ae8374920da6c7093d79b914f4950b269d8	219d05fe3065f82c62ebae1684eaab55dea393eb14df2c068f6223288a0aa19f	c629307eca601b86d425a601d3c4097da41675018007734a1b278985dbf33f32	numeric-selector-context-screen	excluded	Numeric selector context is Lighting/Alarm/camera/local hardware/calendar or local condition metadata, not a separate WHO 9 wire implementation; declaration/context screen only
libqtdevices	frame_interpreter.cpp	252c8dda9733b727e6c55da814de18b2d95c42e5	ddd32315adef088063b6e13b8cfaca7cb0183a90050ecf275894c5b2092bf088	c629307eca601b86d425a601d3c4097da41675018007734a1b278985dbf33f32	numeric-selector-context-screen	excluded	Numeric selector context is Lighting/Alarm/camera/local hardware/calendar or local condition metadata, not a separate WHO 9 wire implementation; declaration/context screen only
libqtdevices	frame_interpreter.cpp	f9f7fc5ce73cb0c2e8e4ce384efb838f4f725c9b	d9abeafc77a2c0c226dfe0e5c2bac37688c76e1c079785be8874108e2cf3f0f0	c629307eca601b86d425a601d3c4097da41675018007734a1b278985dbf33f32	numeric-selector-context-screen	excluded	Numeric selector context is Lighting/Alarm/camera/local hardware/calendar or local condition metadata, not a separate WHO 9 wire implementation; declaration/context screen only
libqtdevices	frame_interpreter.cpp	2c158915e67c62cf2d42640e862cb95293a25a1c	1f33a383e83ea1cce0763a6092e05db2f2404abaa2db92cc48c1ec58da44f0f5	c629307eca601b86d425a601d3c4097da41675018007734a1b278985dbf33f32	numeric-selector-context-screen	excluded	Numeric selector context is Lighting/Alarm/camera/local hardware/calendar or local condition metadata, not a separate WHO 9 wire implementation; declaration/context screen only
libqtdevices	frame_interpreter.cpp	51ff5efc5bf6b0b8befacbe22e29c92268531c94	d054ce025d9d9413db7386e9ad194fc18a72b3af320e2231793b2a99dd64fdb1	c629307eca601b86d425a601d3c4097da41675018007734a1b278985dbf33f32	numeric-selector-context-screen	excluded	Numeric selector context is Lighting/Alarm/camera/local hardware/calendar or local condition metadata, not a separate WHO 9 wire implementation; declaration/context screen only
libqtdevices	frame_interpreter.cpp	c39e7304fd2557d02e8a48e57fb3de9c036cdd63	8d80db5eabd45e6559ef7e1fd6205f6211f49f3872440cdb8d5d7fe0041155bc	c629307eca601b86d425a601d3c4097da41675018007734a1b278985dbf33f32	numeric-selector-context-screen	excluded	Numeric selector context is Lighting/Alarm/camera/local hardware/calendar or local condition metadata, not a separate WHO 9 wire implementation; declaration/context screen only
libqtdevices	frame_interpreter.cpp	86ce3c00e227129203f1a6e075bcd30ce98caf7f	fedce281ba26beeca988d87f268f55f2199781312bf75ea9a3cc2b4d2ab472ae	c629307eca601b86d425a601d3c4097da41675018007734a1b278985dbf33f32	numeric-selector-context-screen	excluded	Numeric selector context is Lighting/Alarm/camera/local hardware/calendar or local condition metadata, not a separate WHO 9 wire implementation; declaration/context screen only
libqtdevices	frame_interpreter.cpp	953f785af7fbf83314f9eb2a88b9e3e2be0f5f0e	32b28983d557365daa3cabe203be42d303aef0545fbd3b14c89c8d6a2c2f99de	c629307eca601b86d425a601d3c4097da41675018007734a1b278985dbf33f32	numeric-selector-context-screen	excluded	Numeric selector context is Lighting/Alarm/camera/local hardware/calendar or local condition metadata, not a separate WHO 9 wire implementation; declaration/context screen only
libqtdevices	frame_interpreter.cpp	0132fc7c0ea188aa0d006dd5533ff510005d8b1d	2124b63bc046ab75e02051a3439266bea046c379a8de381b6ea23542f04fc3af	c629307eca601b86d425a601d3c4097da41675018007734a1b278985dbf33f32	numeric-selector-context-screen	excluded	Numeric selector context is Lighting/Alarm/camera/local hardware/calendar or local condition metadata, not a separate WHO 9 wire implementation; declaration/context screen only
libqtdevices	frame_interpreter.cpp	fc7f366bfe95337bc2c6105878a6653caf1ebe7b	7728a7a0f8926fd784c6a3b6cfa65ac49f1dca25b2a6790431f4cabf7b2fe2bf	c629307eca601b86d425a601d3c4097da41675018007734a1b278985dbf33f32	numeric-selector-context-screen	excluded	Numeric selector context is Lighting/Alarm/camera/local hardware/calendar or local condition metadata, not a separate WHO 9 wire implementation; declaration/context screen only
libqtdevices	frame_interpreter.cpp	38f0a91c1d3204d68652aebca5a7cfd744353f33	b68d4e93abc622679061210e978b986c2d173e155b36438bf95ff19fac193ae4	c629307eca601b86d425a601d3c4097da41675018007734a1b278985dbf33f32	numeric-selector-context-screen	excluded	Numeric selector context is Lighting/Alarm/camera/local hardware/calendar or local condition metadata, not a separate WHO 9 wire implementation; declaration/context screen only
libqtdevices	frame_interpreter.cpp	6ae0e2f42e96634ba2b8da25440f68777ebc09dd	ae74fb71704a1b7b96d249be8781ba1de802c57c2e5a9ed6dbcebee549997c84	c629307eca601b86d425a601d3c4097da41675018007734a1b278985dbf33f32	numeric-selector-context-screen	excluded	Numeric selector context is Lighting/Alarm/camera/local hardware/calendar or local condition metadata, not a separate WHO 9 wire implementation; declaration/context screen only
libqtdevices	frame_interpreter.cpp	ad60093ea795dea05a4d30c9187edc14e9ee1713	37ee8f4f2fe1ee4b50963b02a2e6a7a4894a7f4061b4395d7a11e98a2a2865ed	c629307eca601b86d425a601d3c4097da41675018007734a1b278985dbf33f32	numeric-selector-context-screen	excluded	Numeric selector context is Lighting/Alarm/camera/local hardware/calendar or local condition metadata, not a separate WHO 9 wire implementation; declaration/context screen only
libqtdevices	frame_interpreter.cpp	576e0f4f129dd3ff33f3c3b91714171724072ba9	b42390da7ba704f774412dff8c169a3d16a72da41541364d80ef3f4c886563c4	c629307eca601b86d425a601d3c4097da41675018007734a1b278985dbf33f32	numeric-selector-context-screen	excluded	Numeric selector context is Lighting/Alarm/camera/local hardware/calendar or local condition metadata, not a separate WHO 9 wire implementation; declaration/context screen only
libqtdevices	frame_interpreter.cpp	fa91bba696142b0020a3ab6a402144e7a1714539	83048db9ff5ee5b13a150b1244fda929b43f2888c42064d87a490ef288e82e03	c629307eca601b86d425a601d3c4097da41675018007734a1b278985dbf33f32	numeric-selector-context-screen	excluded	Numeric selector context is Lighting/Alarm/camera/local hardware/calendar or local condition metadata, not a separate WHO 9 wire implementation; declaration/context screen only
libqtdevices	frame_interpreter.cpp	630696caaebd55f62197c431aa927b7c3400d91d	599ae0c6ef1e63073716100073def8eb009ce4695cf70cccdc0c0424da84ad75	c629307eca601b86d425a601d3c4097da41675018007734a1b278985dbf33f32	numeric-selector-context-screen	excluded	Numeric selector context is Lighting/Alarm/camera/local hardware/calendar or local condition metadata, not a separate WHO 9 wire implementation; declaration/context screen only
libqtdevices	frame_interpreter.cpp	dce67c45846a5c5b508e78776e52fe5a5acffd76	d0bd0b738a63bc503ac8f8cde1961a49773aed098617ae3ff7bb774e323867a8	c629307eca601b86d425a601d3c4097da41675018007734a1b278985dbf33f32	numeric-selector-context-screen	excluded	Numeric selector context is Lighting/Alarm/camera/local hardware/calendar or local condition metadata, not a separate WHO 9 wire implementation; declaration/context screen only
libqtdevices	frame_interpreter.cpp	92107932a130017b52ad2359004dbd49e339ad71	45c53e52592b9d242376bf5173959e5dbac81fae2212ffc09012abd7a66389bd	c629307eca601b86d425a601d3c4097da41675018007734a1b278985dbf33f32	numeric-selector-context-screen	excluded	Numeric selector context is Lighting/Alarm/camera/local hardware/calendar or local condition metadata, not a separate WHO 9 wire implementation; declaration/context screen only
libqtdevices	frame_interpreter.cpp	3017756973c19d4440f4ea18c413d68009d3b396	332e6fa56c6d13df18f7d529ef714eb3eee5232dd7d43d984b9ad759c561b0a0	c629307eca601b86d425a601d3c4097da41675018007734a1b278985dbf33f32	numeric-selector-context-screen	excluded	Numeric selector context is Lighting/Alarm/camera/local hardware/calendar or local condition metadata, not a separate WHO 9 wire implementation; declaration/context screen only
libqtdevices	frame_interpreter.cpp	d7089a8b90bbfc99cf06dbb94c25990ac33ddc7e	3421686698bc70d903258b3a9b827cb4b8bb244b8c6a527db16ec32f5ae79d99	c629307eca601b86d425a601d3c4097da41675018007734a1b278985dbf33f32	numeric-selector-context-screen	excluded	Numeric selector context is Lighting/Alarm/camera/local hardware/calendar or local condition metadata, not a separate WHO 9 wire implementation; declaration/context screen only
libqtdevices	frame_interpreter.cpp	7f811a95ab72b89bb52181818c355f2412b9a18a	af239958442517a284c2db71c994f5032d36e14abf5b47ee23c54deed86ca197	c629307eca601b86d425a601d3c4097da41675018007734a1b278985dbf33f32	numeric-selector-context-screen	excluded	Numeric selector context is Lighting/Alarm/camera/local hardware/calendar or local condition metadata, not a separate WHO 9 wire implementation; declaration/context screen only
libqtdevices	frame_interpreter.cpp	b9107d9cea569b93eb7d977aeff7e64ff4d4a1a3	66ef96411e13ff3afca4d6d715473daec5da0a8c053d367f3020e2f100ad5e10	c629307eca601b86d425a601d3c4097da41675018007734a1b278985dbf33f32	numeric-selector-context-screen	excluded	Numeric selector context is Lighting/Alarm/camera/local hardware/calendar or local condition metadata, not a separate WHO 9 wire implementation; declaration/context screen only
libqtdevices	frame_interpreter.cpp	28f57c7aa749692c9fe38b6d60b5a9073628250d	bd60651ff6036267ca9bc66f02984ea446e6dd935fafc90f8bb05cbfe23abc55	c629307eca601b86d425a601d3c4097da41675018007734a1b278985dbf33f32	numeric-selector-context-screen	excluded	Numeric selector context is Lighting/Alarm/camera/local hardware/calendar or local condition metadata, not a separate WHO 9 wire implementation; declaration/context screen only
libqtdevices	frame_interpreter.cpp	162d2e761b833313fa53dfbd0135e38e51a5f78f	bfd8b4323f460d0a8e41d62a14126ef1a849b5cb2635cc6757de85a37928d33a	c629307eca601b86d425a601d3c4097da41675018007734a1b278985dbf33f32	numeric-selector-context-screen	excluded	Numeric selector context is Lighting/Alarm/camera/local hardware/calendar or local condition metadata, not a separate WHO 9 wire implementation; declaration/context screen only
libqtdevices	frame_interpreter.cpp	603d5892b3be12a16e734151a2113081ca34f7a1	d5fe860a3bc5d9761f6a1ab6309d2e0aab95f458469dfacda4a7374ca5fd6d58	c629307eca601b86d425a601d3c4097da41675018007734a1b278985dbf33f32	numeric-selector-context-screen	excluded	Numeric selector context is Lighting/Alarm/camera/local hardware/calendar or local condition metadata, not a separate WHO 9 wire implementation; declaration/context screen only
libqtdevices	frame_interpreter.cpp	204faebc6fef0eaec81af5057cdc512d80b4c4f5	66644644105ac62b8e8ca3ce0ab10fd51e6a47e37460d8c031a5ced18ef01a6a	c629307eca601b86d425a601d3c4097da41675018007734a1b278985dbf33f32	numeric-selector-context-screen	excluded	Numeric selector context is Lighting/Alarm/camera/local hardware/calendar or local condition metadata, not a separate WHO 9 wire implementation; declaration/context screen only
libqtdevices	frame_interpreter.cpp	6ab7a70cccf64b1e38a742575d841f1179f143d1	a7f09e51cf38fbea83f222f9bdd8810fab538d758ee5ca4e31d4bb9eed219c70	c629307eca601b86d425a601d3c4097da41675018007734a1b278985dbf33f32	numeric-selector-context-screen	excluded	Numeric selector context is Lighting/Alarm/camera/local hardware/calendar or local condition metadata, not a separate WHO 9 wire implementation; declaration/context screen only
MyHomeSystemEmulator	bt_CAM_DEV_PGIN/btcam_dev.cpp	f61891bc9edae3cd2f68d3dd96d42c1d37330a63	0da156d9bec39c874c1de42ec1397a866b5ccff7f3b6e4d51bf31ca2f5e32bcd	5e3f862ec50d23a3a6b1fede37e146fd15b6cfeeab99838a14932ae8016c8cf3	numeric-selector-context-screen	excluded	Numeric selector context is Lighting/Alarm/camera/local hardware/calendar or local condition metadata, not a separate WHO 9 wire implementation; declaration/context screen only
MyHomeSystemEmulator	bt_F520_DEV_PGIN/f520xmlserializer.cpp	88c03070df244416f050003c8f1008aabc323205	c82f376601a2cff05f3f67089891c11d5b2d664209ca7c5ce2273ce86770953b	b1613ba6ccc17a46fbb457d1c5e9062fe172a840d1262d254c4ed7240d8c4cbd	numeric-selector-context-screen	excluded	Numeric selector context is Lighting/Alarm/camera/local hardware/calendar or local condition metadata, not a separate WHO 9 wire implementation; declaration/context screen only
MyHomeSystemEmulator	bt_F520_DEV_PGIN/resources/f520xmlserializer.cpp	cc8c6e8b87512bebb14dbe99fc73601f3649cfa0	ede1ee8f44e7ae58666840ae498b3db17aae910ba5a368815c1895350f1ac12f	b1613ba6ccc17a46fbb457d1c5e9062fe172a840d1262d254c4ed7240d8c4cbd	numeric-selector-context-screen	excluded	Numeric selector context is Lighting/Alarm/camera/local hardware/calendar or local condition metadata, not a separate WHO 9 wire implementation; declaration/context screen only
MyHomeSystemEmulator	myopenbagsimulator/graphdialog.cpp	b097cf7c145d78f1f0eabe1cc537ac6ef5637a6a	b128cfb390266e8ca6cdda030a34799aa7a38ac160070d36f0e13071c08e7d4f	f0fc6745e5f6590339ce8f8a30226aeb54f46f5bbcb0556b27cf2520a51209ee	numeric-selector-context-screen	excluded	Numeric selector context is Lighting/Alarm/camera/local hardware/calendar or local condition metadata, not a separate WHO 9 wire implementation; declaration/context screen only
MyHomeSystemEmulator	myopenbagsimulator/mainwindow.cpp	f18ef08f3098f1b239523d621b8a21a8493aa61f	78bc59fafcdb680f3b7cd6c5a9b64af7c0070468ef2a9830ff9d920a3ad5b7e8	c80f6e2219d73be16d0819f3f7d516f8189bbc7a16d666985d86fe2058c02673	numeric-selector-context-screen	excluded	Numeric selector context is Lighting/Alarm/camera/local hardware/calendar or local condition metadata, not a separate WHO 9 wire implementation; declaration/context screen only
MyHomeSystemEmulator	myopenbagsimulator/settingdialog.cpp	d6cd6fe0dbd868f580b065c65307a2f81aa450e7	95b08c7382dbd971f73f75364628e3ad2717d96eb4df5944cd97c7f4221b7834	c9669d2fc742c10b7d57765a39b97ef749f2e398ebfc2e1fa012a9a8b5ffc4bb	numeric-selector-context-screen	excluded	Numeric selector context is Lighting/Alarm/camera/local hardware/calendar or local condition metadata, not a separate WHO 9 wire implementation; declaration/context screen only
MyHomeSystemEmulator	myopenbagsimulator/simulationtime.cpp	2452b274238866ecfdbe9114623ed8f7b106cd06	82fa1df7b8acbf7d7765b01f68ffad165ce8f77e0a4adcfb9acedf8d1f051b3f	e0ec90b6c89654e65447d4ebb2121a82ea1548b06eb62a672c2c54b29c2de5f5	numeric-selector-context-screen	excluded	Numeric selector context is Lighting/Alarm/camera/local hardware/calendar or local condition metadata, not a separate WHO 9 wire implementation; declaration/context screen only
MyHomeSystemEmulator	bt_CAM_DEV_PGIN/btcam_dev.cpp	dcf3c67b3fdc07ad192f8fbcb145567d451d5a8d	a168f0aef95895fd6c9fdaa11a1762795d563c7f335ceeabaf47b28bd4166930	5e3f862ec50d23a3a6b1fede37e146fd15b6cfeeab99838a14932ae8016c8cf3	numeric-selector-context-screen	excluded	Numeric selector context is Lighting/Alarm/camera/local hardware/calendar or local condition metadata, not a separate WHO 9 wire implementation; declaration/context screen only
MyHomeSystemEmulator	bt_F520_DEV_PGIN/f520xmlserializer.cpp	2d961271a8b1a18cfd7da4bd9a2c0ca6974b277e	300915964cb7c8ca95de76b1934bf60ea7d1cb1297ef33418aca2f3e6eacc4ea	b1613ba6ccc17a46fbb457d1c5e9062fe172a840d1262d254c4ed7240d8c4cbd	numeric-selector-context-screen	excluded	Numeric selector context is Lighting/Alarm/camera/local hardware/calendar or local condition metadata, not a separate WHO 9 wire implementation; declaration/context screen only
MyHomeSystemEmulator	myopenbagsimulator/graphdialog.cpp	06da35ef59cc9594ccfb66c5c460725af9ab538e	e3ed796a7c1ea0f3b0497cfb770a53e7999872167e5774df6990e8360c5ef2d0	f0fc6745e5f6590339ce8f8a30226aeb54f46f5bbcb0556b27cf2520a51209ee	numeric-selector-context-screen	excluded	Numeric selector context is Lighting/Alarm/camera/local hardware/calendar or local condition metadata, not a separate WHO 9 wire implementation; declaration/context screen only
MyHomeSystemEmulator	myopenbagsimulator/mainwindow.cpp	36cc1d3a195a44e9227e63ef24fdbdd2b05b57f7	e2024b3f778ff551ee74e34c1366046e526c8a344278c0eabfabcce66d826da1	c80f6e2219d73be16d0819f3f7d516f8189bbc7a16d666985d86fe2058c02673	numeric-selector-context-screen	excluded	Numeric selector context is Lighting/Alarm/camera/local hardware/calendar or local condition metadata, not a separate WHO 9 wire implementation; declaration/context screen only
MyHomeSystemEmulator	myopenbagsimulator/settingdialog.cpp	1f99ef7c81f8e5bae623493bab095ee2a4f9ec65	9aba35dd9b9b23d7f9b3567f8c4185b52eab5ee0dde817c3856c632bd8e32d37	c9669d2fc742c10b7d57765a39b97ef749f2e398ebfc2e1fa012a9a8b5ffc4bb	numeric-selector-context-screen	excluded	Numeric selector context is Lighting/Alarm/camera/local hardware/calendar or local condition metadata, not a separate WHO 9 wire implementation; declaration/context screen only
MyHomeSystemEmulator	myopenbagsimulator/simulationtime.cpp	d8a08818fac049b812e285f90afa33eb82bca811	e467b6e745c4e3bf249037e4aac9853b181df6af069c8c102c5ccd76e855e1e1	e0ec90b6c89654e65447d4ebb2121a82ea1548b06eb62a672c2c54b29c2de5f5	numeric-selector-context-screen	excluded	Numeric selector context is Lighting/Alarm/camera/local hardware/calendar or local condition metadata, not a separate WHO 9 wire implementation; declaration/context screen only
MyHomeSystemEmulator	myopenbagsimulator/mainwindow.cpp	bc6c4935adb4841911db01c989901b4d612ab279	d6e470b735eb0566f64ae407496235a5234073bc1eacc82e3ecc546692a1b2b1	c80f6e2219d73be16d0819f3f7d516f8189bbc7a16d666985d86fe2058c02673	numeric-selector-context-screen	excluded	Numeric selector context is Lighting/Alarm/camera/local hardware/calendar or local condition metadata, not a separate WHO 9 wire implementation; declaration/context screen only
MyHomeSystemEmulator	myopenbagsimulator/mainwindow.cpp	d2fc63d3e569810233840218561efe8f6b6540ad	cf871de2a1c8551a7fdd806172cea5a37d13afc0147844e5f0dc608f896d68eb	c80f6e2219d73be16d0819f3f7d516f8189bbc7a16d666985d86fe2058c02673	numeric-selector-context-screen	excluded	Numeric selector context is Lighting/Alarm/camera/local hardware/calendar or local condition metadata, not a separate WHO 9 wire implementation; declaration/context screen only
MyHomeSystemEmulator	myopenbagsimulator/mainwindow.cpp	d4046759fdcde2bb73969d24e3c711cd1c8d14e9	006f9458c823621fa61d24aa24ceb1bc89e5b862b2a255536be52dab80bcfa6b	c80f6e2219d73be16d0819f3f7d516f8189bbc7a16d666985d86fe2058c02673	numeric-selector-context-screen	excluded	Numeric selector context is Lighting/Alarm/camera/local hardware/calendar or local condition metadata, not a separate WHO 9 wire implementation; declaration/context screen only
MyHomeSystemEmulator	bt_F520_DEV_PGIN/f520xmlserializer.cpp	dd3c7c02d05c22cd4ffd6d567af38ede308d3e0b	3799a374ab62b8a1d611b2f745e77bdf0eb1345143387e8bd5e685bfa5ff5be8	b1613ba6ccc17a46fbb457d1c5e9062fe172a840d1262d254c4ed7240d8c4cbd	numeric-selector-context-screen	excluded	Numeric selector context is Lighting/Alarm/camera/local hardware/calendar or local condition metadata, not a separate WHO 9 wire implementation; declaration/context screen only
MyHomeSystemEmulator	myopenbagsimulator/mainwindow.cpp	0c7ccb0a0c454bf6b5a0a02a005d9d35913d4ebf	8b044bbdf9e338e598e4bb777c469912909326bdc0f54a796590d0bc28a911af	c80f6e2219d73be16d0819f3f7d516f8189bbc7a16d666985d86fe2058c02673	numeric-selector-context-screen	excluded	Numeric selector context is Lighting/Alarm/camera/local hardware/calendar or local condition metadata, not a separate WHO 9 wire implementation; declaration/context screen only
MyHomeSystemEmulator	bt_F520_DEV_PGIN/f520xmlserializer.cpp	75106b03f041855e3f612950541c69a5f2bd066e	80f687b3ea63116f1c09cec6f784e392dbdde541ef4bf8b066844294d1fca076	b1613ba6ccc17a46fbb457d1c5e9062fe172a840d1262d254c4ed7240d8c4cbd	numeric-selector-context-screen	excluded	Numeric selector context is Lighting/Alarm/camera/local hardware/calendar or local condition metadata, not a separate WHO 9 wire implementation; declaration/context screen only
MyHomeSystemEmulator	bt_F520_DEV_PGIN/f520xmlserializer.cpp	2b921b9e0d698696e2378f74f4d6d29d4310d166	9d051eb730a0f14d2988e646f4e9753e34e7bc2645e238a0c2dbb228a56e6c94	b1613ba6ccc17a46fbb457d1c5e9062fe172a840d1262d254c4ed7240d8c4cbd	numeric-selector-context-screen	excluded	Numeric selector context is Lighting/Alarm/camera/local hardware/calendar or local condition metadata, not a separate WHO 9 wire implementation; declaration/context screen only
MyHomeSystemEmulator	myopenbagsimulator/graphdialog.cpp	fc262941b14f90702f404da2493579fefb52dc83	8c1e586f3cd730b93e7bac8a0031ec2edd68a5fe6c1991270a3853d524bf0c59	f0fc6745e5f6590339ce8f8a30226aeb54f46f5bbcb0556b27cf2520a51209ee	numeric-selector-context-screen	excluded	Numeric selector context is Lighting/Alarm/camera/local hardware/calendar or local condition metadata, not a separate WHO 9 wire implementation; declaration/context screen only
MyHomeSystemEmulator	myopenbagsimulator/mainwindow.cpp	51d1ac4ba5b01ef76efecfc7c849a77da9f9b608	6c4299f9c64f40f8d12c923684c38f3835a6945c36ab6c0613b4c7302b4487df	c80f6e2219d73be16d0819f3f7d516f8189bbc7a16d666985d86fe2058c02673	numeric-selector-context-screen	excluded	Numeric selector context is Lighting/Alarm/camera/local hardware/calendar or local condition metadata, not a separate WHO 9 wire implementation; declaration/context screen only
MyHomeSystemEmulator	myopenbagsimulator/settingdialog.cpp	26b8dabbb28b5878ed65d4dbce0b2ceefa591725	b3fc27d3320a4b0a68c0c97de68cec12c0b36966cd68f7279b5062f01998b935	c9669d2fc742c10b7d57765a39b97ef749f2e398ebfc2e1fa012a9a8b5ffc4bb	numeric-selector-context-screen	excluded	Numeric selector context is Lighting/Alarm/camera/local hardware/calendar or local condition metadata, not a separate WHO 9 wire implementation; declaration/context screen only
