repository	source_commit	path	blob	content_sha256	selector_projection_sha256	read_method	disposition	review_basis
libqtdevices	bd1d6f38368dc7ac8e2f6918ff14bdd6331216cb	cfg/conf.V.5.0.2.xml	8f75ec31820c45e1e17a3c6672848e4b540e7291	c0ae6d08de73b3be7f4cb6a780c364eed4ad04ab4493b2db866b15acd5c18e59	4254376a1f56fc83969fdfd84dfa8ef4b3ef022f796af53d0b9b94ec78ec2105	declared-XML-selector-projection-read	excluded	Lighting/Automation and F411/F422 selector projection compared with executable consumers; fixture values and object IDs excluded as physical capacities or Firmware evidence; malformed XML not runtime acceptance evidence; unrelated Configuration omitted
libqtdevices	bd1d6f38368dc7ac8e2f6918ff14bdd6331216cb	cfg/conf.V.5.0.3.xml	09e77a409c6d95cf4d1ef5fb4ceb9225ef951f9c	999fc5346cedd219801f00c2bd2243833c7d2eb1d49ad33398a4683e09d3e4b4	d261514b3119e75b7395fcc9c329def30e4a785ec3135043b8e318d0ed8dc645	declared-XML-selector-projection-read	excluded	Lighting/Automation and F411/F422 selector projection compared with executable consumers; fixture values and object IDs excluded as physical capacities or Firmware evidence; malformed XML not runtime acceptance evidence; unrelated Configuration omitted
libqtdevices	bd1d6f38368dc7ac8e2f6918ff14bdd6331216cb	cfg/conf.automatismi.xml	66ca90c6cf759803e12e6d01a6c207909d9a0584	f12c173b9681418084808c7eba2db0996c42ae8cb8401d4b0d51c93ad929513e	e9cd5f0ad1ae0356b4e7a74ad7a21b0fa5a16a5d1baf81482693975ed5fe3560	declared-XML-selector-projection-read	excluded	Lighting/Automation and F411/F422 selector projection compared with executable consumers; fixture values and object IDs excluded as physical capacities or Firmware evidence; malformed XML not runtime acceptance evidence; unrelated Configuration omitted
libqtdevices	bd1d6f38368dc7ac8e2f6918ff14bdd6331216cb	cfg/conf.illuminazione.arabo.xml	42bdc97d611c9364eee2ddc8f67ed61e7c8b7b25	844487cee2f4ba56f4b5e1fe61dc7275773bf6184730360c86d28b03bd85c12e	618c48fd6dced538af98767cbbc776ac263f58eb331bf01b09156a6484380cb2	declared-XML-selector-projection-read	excluded	Lighting/Automation and F411/F422 selector projection compared with executable consumers; fixture values and object IDs excluded as physical capacities or Firmware evidence; malformed XML not runtime acceptance evidence; unrelated Configuration omitted
libqtdevices	bd1d6f38368dc7ac8e2f6918ff14bdd6331216cb	cfg/conf.illuminazione.cinese.xml	d12f9a600b3e619f2d9146f9f1627a81aa9c06be	0a01263afbd17967e5ca434bf36d810e7f5abb146c077d6969d3a58f1b69d47a	618c48fd6dced538af98767cbbc776ac263f58eb331bf01b09156a6484380cb2	declared-XML-selector-projection-read	excluded	Lighting/Automation and F411/F422 selector projection compared with executable consumers; fixture values and object IDs excluded as physical capacities or Firmware evidence; malformed XML not runtime acceptance evidence; unrelated Configuration omitted
libqtdevices	bd1d6f38368dc7ac8e2f6918ff14bdd6331216cb	cfg/conf.illuminazione.xml	5d0fd6b9ac01d38275d95f2ca73899dea17a1250	13388537e065cf7f734303fc6afad697976ce3d0cb860dc0e64fe35c803e963b	5e6808787437b9e14e0c14acc01eea09bd101487d84e7acc0c468a4653171028	declared-XML-selector-projection-read	excluded	Lighting/Automation and F411/F422 selector projection compared with executable consumers; fixture values and object IDs excluded as physical capacities or Firmware evidence; malformed XML not runtime acceptance evidence; unrelated Configuration omitted
libqtdevices	bd1d6f38368dc7ac8e2f6918ff14bdd6331216cb	cfg/conf.videocitofonia.xml	ef551a7185a7c6985ff04d55711d2226fc19fdff	21068a29636d8b7b013dcb394b9135d97d0abdc9199471b3fdb05a88f3f054bb	4f53cda18c2baa0c0354bb5f9a3ecbe5ed12ab4d8e11ba873c2f11161202b945	declared-XML-selector-projection-read	excluded	Lighting/Automation and F411/F422 selector projection compared with executable consumers; fixture values and object IDs excluded as physical capacities or Firmware evidence; malformed XML not runtime acceptance evidence; unrelated Configuration omitted
libqtdevices	bd1d6f38368dc7ac8e2f6918ff14bdd6331216cb	cfg/conf.xml	16a8bb70cc931e7dcac251d269e914bce2ae45d1	227f8ccf80a9783bd7bcbbfb342de798773f0548690717afb8ef080ab7f4b420	6290c6d2e058193095437c7f229e0bb116bf625f9c2eb1ae449699fab5c98cd2	declared-XML-selector-projection-read	excluded	Lighting/Automation and F411/F422 selector projection compared with executable consumers; fixture values and object IDs excluded as physical capacities or Firmware evidence; malformed XML not runtime acceptance evidence; unrelated Configuration omitted
libqtdevices	3188b95e1103d27781a89cd04c754b490408e5f8	cfg/conf.V.5.0.2.xml	5ce06d7149b1f1a3261599b05ceaf4cff69d4050	84466bff000f34b87e7de15b5ca0c0b55a46f64d1994fe9e3693ec130e4e015a	4254376a1f56fc83969fdfd84dfa8ef4b3ef022f796af53d0b9b94ec78ec2105	declared-XML-selector-projection-read	excluded	Lighting/Automation and F411/F422 selector projection compared with executable consumers; fixture values and object IDs excluded as physical capacities or Firmware evidence; malformed XML not runtime acceptance evidence; unrelated Configuration omitted
libqtdevices	26eb6d2f9d07253433e8fdfbc906a15a9e390449	cfg/conf.termo2.xml	8b9d086ffd473c84db5adf6732be9faa2bf68463	a6eb54141cbaa0de14944ac95dad79ebb3b7226fe157cb830ed56c4bb1cc41b4	4254376a1f56fc83969fdfd84dfa8ef4b3ef022f796af53d0b9b94ec78ec2105	declared-XML-selector-projection-read	excluded	Lighting/Automation and F411/F422 selector projection compared with executable consumers; fixture values and object IDs excluded as physical capacities or Firmware evidence; malformed XML not runtime acceptance evidence; unrelated Configuration omitted
libqtdevices	26eb6d2f9d07253433e8fdfbc906a15a9e390449	cfg/conf.xml	49461e1131f2333c79490fd9d20c93470ac8f3ad	c9fe43e35838b05cc67a24dd086b02e2d172d7331aaed3a9d1291f0b4aa52c4f	4254376a1f56fc83969fdfd84dfa8ef4b3ef022f796af53d0b9b94ec78ec2105	declared-XML-selector-projection-read	excluded	Lighting/Automation and F411/F422 selector projection compared with executable consumers; fixture values and object IDs excluded as physical capacities or Firmware evidence; malformed XML not runtime acceptance evidence; unrelated Configuration omitted
libqtdevices	5cfd5ea8279339a408fb2db76f71eb8ebb422b3e	cfg/conf.termo2.xml	7a426a3a64ddd6117fc54d5a90bca14b1d4a827b	15c1c46a5f758cd1866de1fd671e2223082393e37d79651d3908eec2510375e6	4254376a1f56fc83969fdfd84dfa8ef4b3ef022f796af53d0b9b94ec78ec2105	declared-XML-selector-projection-read	excluded	Lighting/Automation and F411/F422 selector projection compared with executable consumers; fixture values and object IDs excluded as physical capacities or Firmware evidence; malformed XML not runtime acceptance evidence; unrelated Configuration omitted
libqtdevices	fef0b488f01cec24bc56f37d8c3383cd9355dbc2	cfg/conf.xml	594a903d4873f3e0af31e15a79110e3cf48c91bf	d0969d62a5c68ad1cb5e4f9194faeaf54603b18dbd86e23bb42f181abbd9cb16	4254376a1f56fc83969fdfd84dfa8ef4b3ef022f796af53d0b9b94ec78ec2105	historical-latin1-selector-projection-read	excluded	Lighting/Automation and F411/F422 selector projection compared with executable consumers; fixture values and object IDs excluded as physical capacities or Firmware evidence; malformed XML not runtime acceptance evidence; unrelated Configuration omitted
libqtdevices	f4d0f452e065ad2acab205aa614a7c28ded2326e	cfg/conf.xml	f2d0f998784f847c39f1f7f3e0cd07b39598bf01	49b9aaef37d5399783dea08bb897f7ecc865595de81b6e12f6254e9e70d99e65	4254376a1f56fc83969fdfd84dfa8ef4b3ef022f796af53d0b9b94ec78ec2105	historical-latin1-selector-projection-read	excluded	Lighting/Automation and F411/F422 selector projection compared with executable consumers; fixture values and object IDs excluded as physical capacities or Firmware evidence; malformed XML not runtime acceptance evidence; unrelated Configuration omitted
libqtdevices	c5110539e35ea4ff2f5d68e36feb27f12988ca67	cfg/conf.xml	d65650098659e5a9fd266b6331095f83d140ccd2	0a4f15410fc25b40b16bb78076c2bb732cfa3d017bb74655f09bbbc173ff04fd	4254376a1f56fc83969fdfd84dfa8ef4b3ef022f796af53d0b9b94ec78ec2105	declared-XML-selector-projection-read	excluded	Lighting/Automation and F411/F422 selector projection compared with executable consumers; fixture values and object IDs excluded as physical capacities or Firmware evidence; malformed XML not runtime acceptance evidence; unrelated Configuration omitted
BtExperience	d498d4b792b6da40e809e43373e0b0d758b507b9	conf/all/archive.xml	730e431f4efab4f782fa95c895ba0fad154e2918	066ad6408c1dbe2f7ce7605053135a027486f045c22118fe92c238bddf4b2133	1b1bb3121840c66f57c74d60ec96cb66721f8af12eddfea5ce6740de126a1f4c	declared-XML-selector-projection-read	excluded	Lighting/Automation and F411/F422 selector projection compared with executable consumers; fixture values and object IDs excluded as physical capacities or Firmware evidence; malformed XML not runtime acceptance evidence; unrelated Configuration omitted
BtExperience	96b6d08540623487a6e60baa61028fc7ba26ae7a	conf/all/archive.xml	c752e2e552764d8a3b70a139fa4eb8b26e593b78	f355abd9031de26cf742bd141746e5051324c3b2c06bace2b6069247cfc888a8	2674948479a7f6aaff2d3f0a26dc80eeba4220711c0051e1772e6254f377b440	declared-XML-selector-projection-read	excluded	Lighting/Automation and F411/F422 selector projection compared with executable consumers; fixture values and object IDs excluded as physical capacities or Firmware evidence; malformed XML not runtime acceptance evidence; unrelated Configuration omitted
BtExperience	d498d4b792b6da40e809e43373e0b0d758b507b9	conf/all/layout.xml	d59f69ba74cff2875929e7b5616090bf28708633	2c607b52dcedb40e8fd54c0ea8ff372ba2f08b2ef31b6c6764e745023e22472f	4f53cda18c2baa0c0354bb5f9a3ecbe5ed12ab4d8e11ba873c2f11161202b945	declared-XML-selector-projection-read	excluded	Lighting/Automation and F411/F422 selector projection compared with executable consumers; fixture values and object IDs excluded as physical capacities or Firmware evidence; malformed XML not runtime acceptance evidence; unrelated Configuration omitted
BtExperience	96b6d08540623487a6e60baa61028fc7ba26ae7a	conf/all/layout.xml	d1d11e710c7047698f9b4d4882808f6bd529a621	aa5130358e7c03af9c7d7896d153d065ae8ef0b351ca9b34a9e1071e77a4749b	4f53cda18c2baa0c0354bb5f9a3ecbe5ed12ab4d8e11ba873c2f11161202b945	declared-XML-selector-projection-read	excluded	Lighting/Automation and F411/F422 selector projection compared with executable consumers; fixture values and object IDs excluded as physical capacities or Firmware evidence; malformed XML not runtime acceptance evidence; unrelated Configuration omitted
BtExperience	d854b123fddccc187b6d6e003cab8d2d55ff6df0	conf/all/conf.xml	365eb5cfcac4f576aa50645405af9c866d2b3568	9af9052122cf8d73c8f17e064e87987e3d30ce30b700df28c752cd68678cb3fb	4f53cda18c2baa0c0354bb5f9a3ecbe5ed12ab4d8e11ba873c2f11161202b945	declared-XML-selector-projection-read	excluded	Lighting/Automation and F411/F422 selector projection compared with executable consumers; fixture values and object IDs excluded as physical capacities or Firmware evidence; malformed XML not runtime acceptance evidence; unrelated Configuration omitted
BtExperience	28ab0dedf514dc69743fc1eb746686bf09f29751	conf/all/conf.xml	70cdcf182f543234f63a31dc31527266771716d1	0de3461667b0688f5b807f1cda69b789bd5e798b0bfa1db34559054d116007d8	4f53cda18c2baa0c0354bb5f9a3ecbe5ed12ab4d8e11ba873c2f11161202b945	declared-XML-selector-projection-read	excluded	Lighting/Automation and F411/F422 selector projection compared with executable consumers; fixture values and object IDs excluded as physical capacities or Firmware evidence; malformed XML not runtime acceptance evidence; unrelated Configuration omitted
BtExperience	0f9af7b1275c75f867449c0b10795b31abb13ad2	conf/energymanagement/archive.xml	d7f1dcb5a6bc2a0bc4ff1911a2018c636ccaab05	22d8cbb989a0b741b9188ef1a8074981439d1bf7563451cab582276012dd9b2d	4f53cda18c2baa0c0354bb5f9a3ecbe5ed12ab4d8e11ba873c2f11161202b945	declared-XML-selector-projection-read	excluded	Lighting/Automation and F411/F422 selector projection compared with executable consumers; fixture values and object IDs excluded as physical capacities or Firmware evidence; malformed XML not runtime acceptance evidence; unrelated Configuration omitted
BtExperience	aa2c6402fc8f37d424b83560de78bf02a992093b	conf/energymanagement/archive.xml	6c100ad1653dc6dd7d0a39ccf9a1cc6640b9c260	73908b8f153ed5ad6ba901eaa098c6949dbf40430a8fae35d84c51a4fc6ffe6d	4f53cda18c2baa0c0354bb5f9a3ecbe5ed12ab4d8e11ba873c2f11161202b945	declared-XML-selector-projection-read	excluded	Lighting/Automation and F411/F422 selector projection compared with executable consumers; fixture values and object IDs excluded as physical capacities or Firmware evidence; malformed XML not runtime acceptance evidence; unrelated Configuration omitted
BtExperience	0f9af7b1275c75f867449c0b10795b31abb13ad2	conf/energymanagement/layout.xml	d9f2024c28f1629067377f87729cc7e361ebca87	bfcb69949fba8dc322936902ff413376f4fe379bd88af08dc3d78c3ca9ba584a	4f53cda18c2baa0c0354bb5f9a3ecbe5ed12ab4d8e11ba873c2f11161202b945	declared-XML-selector-projection-read	excluded	Lighting/Automation and F411/F422 selector projection compared with executable consumers; fixture values and object IDs excluded as physical capacities or Firmware evidence; malformed XML not runtime acceptance evidence; unrelated Configuration omitted
BtExperience	aa2c6402fc8f37d424b83560de78bf02a992093b	conf/energymanagement/layout.xml	6884f4c217f7a4ee6a6c22f199f63ff563cc8dd8	6f094e97828b88edfe489f4a2fc9340da24b22bc5ba6632078687386ec12c1b4	4f53cda18c2baa0c0354bb5f9a3ecbe5ed12ab4d8e11ba873c2f11161202b945	declared-XML-selector-projection-read	excluded	Lighting/Automation and F411/F422 selector projection compared with executable consumers; fixture values and object IDs excluded as physical capacities or Firmware evidence; malformed XML not runtime acceptance evidence; unrelated Configuration omitted
BtExperience	f36ba88ae4b8f70e787a9d298c4c8a7d77301a44	conf/all/archive.xml	1dbffe39ba71e6aec19486af8cc5445ffd116fc9	1226b31597e334e85a9b1c7037744c8be264dcb1e123fb72947c8ff181285461	21718c27a237770719944fe455d803c4d595f08711b2fa327778bd2168f9a30a	declared-XML-selector-projection-read	excluded	Lighting/Automation and F411/F422 selector projection compared with executable consumers; fixture values and object IDs excluded as physical capacities or Firmware evidence; malformed XML not runtime acceptance evidence; unrelated Configuration omitted
BtExperience	f9df14208b544cb497e884747451ba7523cf477d	conf/all/archive.xml	f01660e9f23bd1b47022993b267f1c8d0215c4ab	aa8eeac1040dec5ff3dcd85561cd759a0685211eb445ce29a7156430678590f5	21718c27a237770719944fe455d803c4d595f08711b2fa327778bd2168f9a30a	declared-XML-selector-projection-read	excluded	Lighting/Automation and F411/F422 selector projection compared with executable consumers; fixture values and object IDs excluded as physical capacities or Firmware evidence; malformed XML not runtime acceptance evidence; unrelated Configuration omitted
BtExperience	f9df14208b544cb497e884747451ba7523cf477d	conf/all/layout.xml	0c69b46aab279f88cd61951afab41f34459f2e5d	c8144b929edaeaa9ec0ad0dbea27e9c9f9b580b35dce8e287d62b7d78ff07078	4f53cda18c2baa0c0354bb5f9a3ecbe5ed12ab4d8e11ba873c2f11161202b945	declared-XML-selector-projection-read	excluded	Lighting/Automation and F411/F422 selector projection compared with executable consumers; fixture values and object IDs excluded as physical capacities or Firmware evidence; malformed XML not runtime acceptance evidence; unrelated Configuration omitted
BtExperience	db4261b012561663b2df18594145afdca6b62a91	archive (copy).xml	634ffdefb207276fd07174f05c8863bf74faebc4	179d520b9212a58bffa6c9d8d7eb4c92e5388d883dbf0bb12b2c4e67f9e5822e	c8fd5c217f86ad6a249119e97de9f236e3837fcd0bc325a5ca62bd6fb05d5a58	declared-XML-selector-projection-read	excluded	Lighting/Automation and F411/F422 selector projection compared with executable consumers; fixture values and object IDs excluded as physical capacities or Firmware evidence; malformed XML not runtime acceptance evidence; unrelated Configuration omitted
BtExperience	f269bb34e37a9a1f81ae7366b628d9ce346fdfcc	conf/all/archive.xml	b54ddb11bba6e3187622c0afc44e8f724c64c196	8d7b97f06fb25eadb830414686939bddb93ca4f99c67ffc23f6b78c1e82887ba	21718c27a237770719944fe455d803c4d595f08711b2fa327778bd2168f9a30a	declared-XML-selector-projection-read	excluded	Lighting/Automation and F411/F422 selector projection compared with executable consumers; fixture values and object IDs excluded as physical capacities or Firmware evidence; malformed XML not runtime acceptance evidence; unrelated Configuration omitted
BtExperience	f269bb34e37a9a1f81ae7366b628d9ce346fdfcc	conf/all/layout.xml	e1ac066eb1e62e05aa0f93dd29f18a1f0d2276a5	499c9f81fdb57af0450591a9a8be60c7c2e0e875f9ac5e29ffa10c406a420df6	4f53cda18c2baa0c0354bb5f9a3ecbe5ed12ab4d8e11ba873c2f11161202b945	declared-XML-selector-projection-read	excluded	Lighting/Automation and F411/F422 selector projection compared with executable consumers; fixture values and object IDs excluded as physical capacities or Firmware evidence; malformed XML not runtime acceptance evidence; unrelated Configuration omitted
BtExperience	b70ff3d487789995d3326846c1a83ac50d4b79ff	conf/all/archive.xml	83ee33d14a2de9887a176ee18868d3452119c570	996563422554ef273adf1fd7931358cb0236e78f6b2baa29d8e6b9a64c029444	21718c27a237770719944fe455d803c4d595f08711b2fa327778bd2168f9a30a	declared-XML-selector-projection-read	excluded	Lighting/Automation and F411/F422 selector projection compared with executable consumers; fixture values and object IDs excluded as physical capacities or Firmware evidence; malformed XML not runtime acceptance evidence; unrelated Configuration omitted
BtExperience	b70ff3d487789995d3326846c1a83ac50d4b79ff	conf/energymanagement/archive.xml	0cb68e676275e490a9b1be92fdffd5627e253794	c8a5c53d4370b2c3ba0c80a983debc6f1cd38ddeabbe45dcbb286a2023ffc8d1	4f53cda18c2baa0c0354bb5f9a3ecbe5ed12ab4d8e11ba873c2f11161202b945	declared-XML-selector-projection-read	excluded	Lighting/Automation and F411/F422 selector projection compared with executable consumers; fixture values and object IDs excluded as physical capacities or Firmware evidence; malformed XML not runtime acceptance evidence; unrelated Configuration omitted
BtExperience	36e6d4f74bd7c445e33920da6f3355e93b9c39ab	conf/termo.4z/layout.xml	ef61b8803d49b1ddbeaeecd6cc972c5073de599b	b689b58729cdc9b997de00456c8ee61df4e524996c979ee54d08b73ed142fb0c	4f53cda18c2baa0c0354bb5f9a3ecbe5ed12ab4d8e11ba873c2f11161202b945	declared-XML-selector-projection-read	excluded	Lighting/Automation and F411/F422 selector projection compared with executable consumers; fixture values and object IDs excluded as physical capacities or Firmware evidence; malformed XML not runtime acceptance evidence; unrelated Configuration omitted
BtExperience	3bf9f079c775b4f68ac86f45ca938e93da230ef4	conf/termo.4z/layout.xml	ea06b3f1268dfdcb9726bcddceb783173a57e36f	f078de6db71fedc79f34ccdf999a7186ea6ee026cea6209208506b9abc4c8483	4f53cda18c2baa0c0354bb5f9a3ecbe5ed12ab4d8e11ba873c2f11161202b945	declared-XML-selector-projection-read	excluded	Lighting/Automation and F411/F422 selector projection compared with executable consumers; fixture values and object IDs excluded as physical capacities or Firmware evidence; malformed XML not runtime acceptance evidence; unrelated Configuration omitted
BtExperience	36e6d4f74bd7c445e33920da6f3355e93b9c39ab	conf/termo.99z/layout.xml	539d777ded17da0ee2e6952217508a30b1e5d94e	14d63bf826e2326a37ec664a33e544550106c76ff773873319798833d943c210	4f53cda18c2baa0c0354bb5f9a3ecbe5ed12ab4d8e11ba873c2f11161202b945	declared-XML-selector-projection-read	excluded	Lighting/Automation and F411/F422 selector projection compared with executable consumers; fixture values and object IDs excluded as physical capacities or Firmware evidence; malformed XML not runtime acceptance evidence; unrelated Configuration omitted
BtExperience	3bf9f079c775b4f68ac86f45ca938e93da230ef4	conf/termo.99z/layout.xml	5bca37a1094cb304954d5e68c5292a0c26829e61	4912d261cbbb2bef89a95c31228f3089f1a9333bf9c2904240cca9e508f9e0a0	4f53cda18c2baa0c0354bb5f9a3ecbe5ed12ab4d8e11ba873c2f11161202b945	declared-XML-selector-projection-read	excluded	Lighting/Automation and F411/F422 selector projection compared with executable consumers; fixture values and object IDs excluded as physical capacities or Firmware evidence; malformed XML not runtime acceptance evidence; unrelated Configuration omitted
BtExperience	36e6d4f74bd7c445e33920da6f3355e93b9c39ab	conf/vde/archive.xml	eba1a2301a11f290dd1627f57eeaa5d3ba358dba	699793acd7bc793ffb40c318fc8c391d821f0efd53bab74f8c41d99534d8f48d	4f53cda18c2baa0c0354bb5f9a3ecbe5ed12ab4d8e11ba873c2f11161202b945	declared-XML-selector-projection-read	excluded	Lighting/Automation and F411/F422 selector projection compared with executable consumers; fixture values and object IDs excluded as physical capacities or Firmware evidence; malformed XML not runtime acceptance evidence; unrelated Configuration omitted
BtExperience	3bf9f079c775b4f68ac86f45ca938e93da230ef4	conf/vde/archive.xml	fdc89d4b01a0bd55503391e7416027558ab93a98	a0b0ea70d7b9b8368c268feca120b99bdcd2a446d96defe908a87557dec55c85	4f53cda18c2baa0c0354bb5f9a3ecbe5ed12ab4d8e11ba873c2f11161202b945	declared-XML-selector-projection-read	excluded	Lighting/Automation and F411/F422 selector projection compared with executable consumers; fixture values and object IDs excluded as physical capacities or Firmware evidence; malformed XML not runtime acceptance evidence; unrelated Configuration omitted
BtExperience	36e6d4f74bd7c445e33920da6f3355e93b9c39ab	conf/vde/layout.xml	cb1dba3dcaf2d6f1190ea5bce93b5b33847595e1	248ed2065a3cdfcf9eaeac31d0d57415ee1ab301252773c44f76f38ce6fea02c	4f53cda18c2baa0c0354bb5f9a3ecbe5ed12ab4d8e11ba873c2f11161202b945	declared-XML-selector-projection-read	excluded	Lighting/Automation and F411/F422 selector projection compared with executable consumers; fixture values and object IDs excluded as physical capacities or Firmware evidence; malformed XML not runtime acceptance evidence; unrelated Configuration omitted
BtExperience	3bf9f079c775b4f68ac86f45ca938e93da230ef4	conf/vde/layout.xml	e64281a8eb44bebe6cf6cf602c39a883ab70af1f	b8dbb27b9a1de21299d8d1ee9b57e19fcf8f5bbecfa3e31c1d7d3ea8d07e8561	4f53cda18c2baa0c0354bb5f9a3ecbe5ed12ab4d8e11ba873c2f11161202b945	declared-XML-selector-projection-read	excluded	Lighting/Automation and F411/F422 selector projection compared with executable consumers; fixture values and object IDs excluded as physical capacities or Firmware evidence; malformed XML not runtime acceptance evidence; unrelated Configuration omitted
BtExperience	22adedc6ea574fa74993ee905dcc37592dd90604	conf/air.conditioning/archive.xml	70976f055ffc243ea10070a2feef7cfbba82e342	3a3a96e60b44459da17352ba254ba6f7f103cd292397bc0722536c83d9baf2dd	4f53cda18c2baa0c0354bb5f9a3ecbe5ed12ab4d8e11ba873c2f11161202b945	declared-XML-selector-projection-read	excluded	Lighting/Automation and F411/F422 selector projection compared with executable consumers; fixture values and object IDs excluded as physical capacities or Firmware evidence; malformed XML not runtime acceptance evidence; unrelated Configuration omitted
BtExperience	ad48659516bacd74db3b3b26ddf1abade6a15b42	conf/air.conditioning/archive.xml	a5cc964460d89727e57f9d73df369acc74cac2b8	7b146b41f39ac61043d834020fcc3e168e313c9efcad8dbd888fdfeed4d1465d	4f53cda18c2baa0c0354bb5f9a3ecbe5ed12ab4d8e11ba873c2f11161202b945	declared-XML-selector-projection-read	excluded	Lighting/Automation and F411/F422 selector projection compared with executable consumers; fixture values and object IDs excluded as physical capacities or Firmware evidence; malformed XML not runtime acceptance evidence; unrelated Configuration omitted
BtExperience	22adedc6ea574fa74993ee905dcc37592dd90604	conf/air.conditioning/layout.xml	21c3d9f95f185fac4438577ff100923bf1387253	1aefd95a4dbc0dc650e247359dbdb4c19335ec1b3317aee57a8531ff9140df96	4f53cda18c2baa0c0354bb5f9a3ecbe5ed12ab4d8e11ba873c2f11161202b945	declared-XML-selector-projection-read	excluded	Lighting/Automation and F411/F422 selector projection compared with executable consumers; fixture values and object IDs excluded as physical capacities or Firmware evidence; malformed XML not runtime acceptance evidence; unrelated Configuration omitted
BtExperience	ad48659516bacd74db3b3b26ddf1abade6a15b42	conf/air.conditioning/layout.xml	54d729e08f68bee6a052a94babf18d48eab50698	58c2cfd54011b159111ab251b13e811783347bb9b1bef3f07825d07b21e8e89c	4f53cda18c2baa0c0354bb5f9a3ecbe5ed12ab4d8e11ba873c2f11161202b945	declared-XML-selector-projection-read	excluded	Lighting/Automation and F411/F422 selector projection compared with executable consumers; fixture values and object IDs excluded as physical capacities or Firmware evidence; malformed XML not runtime acceptance evidence; unrelated Configuration omitted
BtExperience	22adedc6ea574fa74993ee905dcc37592dd90604	conf/all/archive.xml	484cc3b6408b71d0fdaf12db48ec80816afba6a2	db2149b665ac41ac48c72efe07d3c173b82d36e153529bbff8ba3249c9e791ea	21718c27a237770719944fe455d803c4d595f08711b2fa327778bd2168f9a30a	declared-XML-selector-projection-read	excluded	Lighting/Automation and F411/F422 selector projection compared with executable consumers; fixture values and object IDs excluded as physical capacities or Firmware evidence; malformed XML not runtime acceptance evidence; unrelated Configuration omitted
BtExperience	22adedc6ea574fa74993ee905dcc37592dd90604	conf/messages/archive.xml	c4a2be0110e6d413fc93e322630f72e30bad3d5f	ef05623f631e6835ca968f4d96eaa98718e7fd31ae96e7b899df3731281f93bb	4f53cda18c2baa0c0354bb5f9a3ecbe5ed12ab4d8e11ba873c2f11161202b945	declared-XML-selector-projection-read	excluded	Lighting/Automation and F411/F422 selector projection compared with executable consumers; fixture values and object IDs excluded as physical capacities or Firmware evidence; malformed XML not runtime acceptance evidence; unrelated Configuration omitted
BtExperience	ad48659516bacd74db3b3b26ddf1abade6a15b42	conf/messages/archive.xml	88dae722c2c35b2ea818f323d81a2bf699789ae0	eb80f7cd3504f2437ac00ad0517efa5a62adc8ccf1ad9c65813a3121df15e0d4	4f53cda18c2baa0c0354bb5f9a3ecbe5ed12ab4d8e11ba873c2f11161202b945	declared-XML-selector-projection-read	excluded	Lighting/Automation and F411/F422 selector projection compared with executable consumers; fixture values and object IDs excluded as physical capacities or Firmware evidence; malformed XML not runtime acceptance evidence; unrelated Configuration omitted
BtExperience	3257c74670deb208959161f8a429078e9352df34	conf/air.conditioning/archive.xml	eca10d3106728d7bc5adae0c8c4f1a9a65264e1a	a0a7b41f3a3393c0a88117a8e275b509759f6482522421c6fce1ff735b982277	4f53cda18c2baa0c0354bb5f9a3ecbe5ed12ab4d8e11ba873c2f11161202b945	declared-XML-selector-projection-read	excluded	Lighting/Automation and F411/F422 selector projection compared with executable consumers; fixture values and object IDs excluded as physical capacities or Firmware evidence; malformed XML not runtime acceptance evidence; unrelated Configuration omitted
BtExperience	5bbbaa00674a895db3798525fb559d178b3a37f2	conf/all/archive.xml	62d3c87b4388a8d4ee33d148ee81eb5329f7371a	25f3e82cffe22284cd5f563500784e703cd59ce14f3d1769dd5544876a4240a6	21718c27a237770719944fe455d803c4d595f08711b2fa327778bd2168f9a30a	declared-XML-selector-projection-read	excluded	Lighting/Automation and F411/F422 selector projection compared with executable consumers; fixture values and object IDs excluded as physical capacities or Firmware evidence; malformed XML not runtime acceptance evidence; unrelated Configuration omitted
BtExperience	5bbbaa00674a895db3798525fb559d178b3a37f2	conf/energymanagement/archive.xml	e4ef938ddf6c8b5363173c4a9ddb1f018a75f62c	04ff207fcd9517deb245b9f22549bc6fd6aa4da6858059a0962ea4a48bfe8259	4f53cda18c2baa0c0354bb5f9a3ecbe5ed12ab4d8e11ba873c2f11161202b945	declared-XML-selector-projection-read	excluded	Lighting/Automation and F411/F422 selector projection compared with executable consumers; fixture values and object IDs excluded as physical capacities or Firmware evidence; malformed XML not runtime acceptance evidence; unrelated Configuration omitted
BtExperience	ce83e201e998c05c404d12ca9c438747452362c2	conf/all/archive.xml	b640993bc3198e6f5de43c7e97ba8c45edad7961	2433372c4fda88a8af3ce6de51f161de213834ddeac131f3a1f17448ee96d1ab	21718c27a237770719944fe455d803c4d595f08711b2fa327778bd2168f9a30a	declared-XML-selector-projection-read	excluded	Lighting/Automation and F411/F422 selector projection compared with executable consumers; fixture values and object IDs excluded as physical capacities or Firmware evidence; malformed XML not runtime acceptance evidence; unrelated Configuration omitted
BtExperience	ce83e201e998c05c404d12ca9c438747452362c2	conf/all/layout.xml	aea70939d5613f585f3763dceffa33edbe855a55	40b157c2be3bf214b9300fc430cb0539413e12a076f41e1a9c7b83aad85438e8	4f53cda18c2baa0c0354bb5f9a3ecbe5ed12ab4d8e11ba873c2f11161202b945	declared-XML-selector-projection-read	excluded	Lighting/Automation and F411/F422 selector projection compared with executable consumers; fixture values and object IDs excluded as physical capacities or Firmware evidence; malformed XML not runtime acceptance evidence; unrelated Configuration omitted
BtExperience	ce83e201e998c05c404d12ca9c438747452362c2	conf/popup/archive.xml	d162a4f66f6e3b7bdeb98531e94e7f98bcab8648	20cd37255861964eafebc46266fe0dcab7a1fce9f1b7824479425438332735f5	129b9597d8827c30560427dc96e45b04d39881cdd96b627a8b61464ae8dc6e37	declared-XML-selector-projection-read	excluded	Lighting/Automation and F411/F422 selector projection compared with executable consumers; fixture values and object IDs excluded as physical capacities or Firmware evidence; malformed XML not runtime acceptance evidence; unrelated Configuration omitted
BtExperience	80d78753fb27de219dbe0f740c56c13ebe1b828a	conf/popup/archive.xml	501471bf62610b0297451de342f43b8256b50f59	e449f8423f9432e406497c980cb281e7647b5b1ccb214b31907ad76bd29bd267	129b9597d8827c30560427dc96e45b04d39881cdd96b627a8b61464ae8dc6e37	declared-XML-selector-projection-read	excluded	Lighting/Automation and F411/F422 selector projection compared with executable consumers; fixture values and object IDs excluded as physical capacities or Firmware evidence; malformed XML not runtime acceptance evidence; unrelated Configuration omitted
BtExperience	ce83e201e998c05c404d12ca9c438747452362c2	conf/popup/layout.xml	9dfeab85f4485f65441ad0cc15315d9504f4c9fb	c930ceae9dc48811317532e121bf1e56f66954731def99171226022effcfc20e	4f53cda18c2baa0c0354bb5f9a3ecbe5ed12ab4d8e11ba873c2f11161202b945	declared-XML-selector-projection-read	excluded	Lighting/Automation and F411/F422 selector projection compared with executable consumers; fixture values and object IDs excluded as physical capacities or Firmware evidence; malformed XML not runtime acceptance evidence; unrelated Configuration omitted
BtExperience	80d78753fb27de219dbe0f740c56c13ebe1b828a	conf/popup/layout.xml	231065bead99a5a80073e8c77f399df634e1e29a	b9bf5d82fcea60406839dcab4101872388ee21cb42404476aeb092e3233cad8e	4f53cda18c2baa0c0354bb5f9a3ecbe5ed12ab4d8e11ba873c2f11161202b945	declared-XML-selector-projection-read	excluded	Lighting/Automation and F411/F422 selector projection compared with executable consumers; fixture values and object IDs excluded as physical capacities or Firmware evidence; malformed XML not runtime acceptance evidence; unrelated Configuration omitted
BtExperience	2644684a5e3c9c12dc3fffdcae244e3333215ede	conf/energymanagement/layout.xml	ed0bd7762836fdbd5eddf15474cd34036b392e21	e33adc05d654eb305b3bfb08dd30a4ed76a7b83d3e8c50864519800d8f8d6384	4f53cda18c2baa0c0354bb5f9a3ecbe5ed12ab4d8e11ba873c2f11161202b945	declared-XML-selector-projection-read	excluded	Lighting/Automation and F411/F422 selector projection compared with executable consumers; fixture values and object IDs excluded as physical capacities or Firmware evidence; malformed XML not runtime acceptance evidence; unrelated Configuration omitted
BtExperience	7dbf5433fc5a98d4975127849a5a7f25b34015cf	conf/all/archive.xml	ce354f1afd7dd382e04e56a2b16e9522e75a8aa0	e90ffecfbe13cf2c229a696c0e7dfaf2d563c04f98d723e5fa3e757c819c6273	21718c27a237770719944fe455d803c4d595f08711b2fa327778bd2168f9a30a	declared-XML-selector-projection-read	excluded	Lighting/Automation and F411/F422 selector projection compared with executable consumers; fixture values and object IDs excluded as physical capacities or Firmware evidence; malformed XML not runtime acceptance evidence; unrelated Configuration omitted
BtExperience	7dbf5433fc5a98d4975127849a5a7f25b34015cf	conf/energymanagement/archive.xml	c885b4421944c059ca1668f11243a3e5eebf2d1c	2a2a000e1cc6aa6c24b5d735244f2b9e1e6698acab4372fff7089ba2849b41bb	4f53cda18c2baa0c0354bb5f9a3ecbe5ed12ab4d8e11ba873c2f11161202b945	declared-XML-selector-projection-read	excluded	Lighting/Automation and F411/F422 selector projection compared with executable consumers; fixture values and object IDs excluded as physical capacities or Firmware evidence; malformed XML not runtime acceptance evidence; unrelated Configuration omitted
BtExperience	7dbf5433fc5a98d4975127849a5a7f25b34015cf	conf/popup/archive.xml	f33f59c04523c3133cbf6b3a9e1b72a6e71a2d28	6dbf0ee019ddd25dc09628f91a537b1ba73a235b602487db5f701e0d6410581c	129b9597d8827c30560427dc96e45b04d39881cdd96b627a8b61464ae8dc6e37	declared-XML-selector-projection-read	excluded	Lighting/Automation and F411/F422 selector projection compared with executable consumers; fixture values and object IDs excluded as physical capacities or Firmware evidence; malformed XML not runtime acceptance evidence; unrelated Configuration omitted
BtExperience	fbfa9b4c6f0b28219e1b796af730184a1e2b9f0b	conf/all/layout.xml	6fe9a85efb4a596e919231d8b10d0eb933aa4003	6f53489b8d902ad454fb64731c8e37f81a29722f1701d67e002de3190669cecb	4f53cda18c2baa0c0354bb5f9a3ecbe5ed12ab4d8e11ba873c2f11161202b945	declared-XML-selector-projection-read	excluded	Lighting/Automation and F411/F422 selector projection compared with executable consumers; fixture values and object IDs excluded as physical capacities or Firmware evidence; malformed XML not runtime acceptance evidence; unrelated Configuration omitted
BtExperience	fbfa9b4c6f0b28219e1b796af730184a1e2b9f0b	conf/antintrusione/layout.xml	25e54b497c259276b0cd8508956430c1948a3004	ffc4102330f4f1a83fcdb6a6bca24e06e8bb60522e7b74292cadc77e95a27c95	4f53cda18c2baa0c0354bb5f9a3ecbe5ed12ab4d8e11ba873c2f11161202b945	declared-XML-selector-projection-read	excluded	Lighting/Automation and F411/F422 selector projection compared with executable consumers; fixture values and object IDs excluded as physical capacities or Firmware evidence; malformed XML not runtime acceptance evidence; unrelated Configuration omitted
BtExperience	08c9971a772c4ed6db30da35338aef31557caedc	conf/antintrusione/layout.xml	3c6fa7094c31356374c0be6a33da020db12a4307	ff535dc8a5b4165b5dab5eccc56ddcd6114ce76b9f623ccbd5429dbd3257800a	4f53cda18c2baa0c0354bb5f9a3ecbe5ed12ab4d8e11ba873c2f11161202b945	declared-XML-selector-projection-read	excluded	Lighting/Automation and F411/F422 selector projection compared with executable consumers; fixture values and object IDs excluded as physical capacities or Firmware evidence; malformed XML not runtime acceptance evidence; unrelated Configuration omitted
BtExperience	fbfa9b4c6f0b28219e1b796af730184a1e2b9f0b	conf/diffson.mono/layout.xml	28d0f4c61b2478b996fa1be6fe2ba4be84865b41	b56805319e8615fa59ebce6314a75648eb2ca90914c62ce495dd38f4fa2468b2	4f53cda18c2baa0c0354bb5f9a3ecbe5ed12ab4d8e11ba873c2f11161202b945	declared-XML-selector-projection-read	excluded	Lighting/Automation and F411/F422 selector projection compared with executable consumers; fixture values and object IDs excluded as physical capacities or Firmware evidence; malformed XML not runtime acceptance evidence; unrelated Configuration omitted
BtExperience	08c9971a772c4ed6db30da35338aef31557caedc	conf/diffson.mono/layout.xml	1ce6fc87e10855cd4aa699fc0a566146e450af07	3126569e1c174e73bd671c175db9ac11de245c82847542e592bb4644d6e30d05	4f53cda18c2baa0c0354bb5f9a3ecbe5ed12ab4d8e11ba873c2f11161202b945	declared-XML-selector-projection-read	excluded	Lighting/Automation and F411/F422 selector projection compared with executable consumers; fixture values and object IDs excluded as physical capacities or Firmware evidence; malformed XML not runtime acceptance evidence; unrelated Configuration omitted
BtExperience	fbfa9b4c6f0b28219e1b796af730184a1e2b9f0b	conf/diffson.multi/layout.xml	4c2a2348c95ed3d439b1c3cd219b16f904fab209	4a8882dd879bafb103452601c08a70f0e75cb5f16ad5e4a9ec0a54738c11996a	4f53cda18c2baa0c0354bb5f9a3ecbe5ed12ab4d8e11ba873c2f11161202b945	declared-XML-selector-projection-read	excluded	Lighting/Automation and F411/F422 selector projection compared with executable consumers; fixture values and object IDs excluded as physical capacities or Firmware evidence; malformed XML not runtime acceptance evidence; unrelated Configuration omitted
BtExperience	08c9971a772c4ed6db30da35338aef31557caedc	conf/diffson.multi/layout.xml	e82971ae3f70dcc148c64aa424212382aab82b13	e59efa399636cb3263f57fce6f0c4af281cc9cab850503a5fc2faf000ad6f0e6	4f53cda18c2baa0c0354bb5f9a3ecbe5ed12ab4d8e11ba873c2f11161202b945	declared-XML-selector-projection-read	excluded	Lighting/Automation and F411/F422 selector projection compared with executable consumers; fixture values and object IDs excluded as physical capacities or Firmware evidence; malformed XML not runtime acceptance evidence; unrelated Configuration omitted
BtExperience	fbfa9b4c6f0b28219e1b796af730184a1e2b9f0b	conf/energymanagement/layout.xml	d23a3764d6adccc6d9deb448445c12a0d63f9a9f	d00d50d3d9e5557839c081e08e5454c750efd65b4b0644cc447b46eb8e45abdf	4f53cda18c2baa0c0354bb5f9a3ecbe5ed12ab4d8e11ba873c2f11161202b945	declared-XML-selector-projection-read	excluded	Lighting/Automation and F411/F422 selector projection compared with executable consumers; fixture values and object IDs excluded as physical capacities or Firmware evidence; malformed XML not runtime acceptance evidence; unrelated Configuration omitted
BtExperience	fbfa9b4c6f0b28219e1b796af730184a1e2b9f0b	conf/illuminazione/layout.xml	6f94564f65aab4820e18d03bafeee75411a22811	64da5213574a4c0bd790b18cbc3d1a2c5b918411bfc4f4db849ac7819501dd72	4f53cda18c2baa0c0354bb5f9a3ecbe5ed12ab4d8e11ba873c2f11161202b945	declared-XML-selector-projection-read	excluded	Lighting/Automation and F411/F422 selector projection compared with executable consumers; fixture values and object IDs excluded as physical capacities or Firmware evidence; malformed XML not runtime acceptance evidence; unrelated Configuration omitted
BtExperience	08c9971a772c4ed6db30da35338aef31557caedc	conf/illuminazione/layout.xml	12be3aa5ee6c73146c4b290063b52d2ba8a9ac0c	3e2523f5ad40de21e2ec1aa2f4d520fe51281e5daff31d7f64deb51554f662ff	4f53cda18c2baa0c0354bb5f9a3ecbe5ed12ab4d8e11ba873c2f11161202b945	declared-XML-selector-projection-read	excluded	Lighting/Automation and F411/F422 selector projection compared with executable consumers; fixture values and object IDs excluded as physical capacities or Firmware evidence; malformed XML not runtime acceptance evidence; unrelated Configuration omitted
BtExperience	fbfa9b4c6f0b28219e1b796af730184a1e2b9f0b	conf/messages/layout.xml	18ee160a3862775fc232449f810c98e7165bc4bc	3dbc04e706c6bc8101ff841e368f8ed2c36d941f8cf09a632ff0a097853eb968	4f53cda18c2baa0c0354bb5f9a3ecbe5ed12ab4d8e11ba873c2f11161202b945	declared-XML-selector-projection-read	excluded	Lighting/Automation and F411/F422 selector projection compared with executable consumers; fixture values and object IDs excluded as physical capacities or Firmware evidence; malformed XML not runtime acceptance evidence; unrelated Configuration omitted
BtExperience	08c9971a772c4ed6db30da35338aef31557caedc	conf/messages/layout.xml	c43bd88e414a1ca05a18906ad6a87f8b010b553d	d524b01c5290e3d55cb4ee67dcdcce3d52fd0ead23d3efa2050425418237a135	4f53cda18c2baa0c0354bb5f9a3ecbe5ed12ab4d8e11ba873c2f11161202b945	declared-XML-selector-projection-read	excluded	Lighting/Automation and F411/F422 selector projection compared with executable consumers; fixture values and object IDs excluded as physical capacities or Firmware evidence; malformed XML not runtime acceptance evidence; unrelated Configuration omitted
BtExperience	fbfa9b4c6f0b28219e1b796af730184a1e2b9f0b	conf/popup/layout.xml	5f0cea5c620f8404485d91122a61b34d5bafa053	6ee01a257da42306b870129604b899d71b81685e0ec62910ee91e2634d4a5855	4f53cda18c2baa0c0354bb5f9a3ecbe5ed12ab4d8e11ba873c2f11161202b945	declared-XML-selector-projection-read	excluded	Lighting/Automation and F411/F422 selector projection compared with executable consumers; fixture values and object IDs excluded as physical capacities or Firmware evidence; malformed XML not runtime acceptance evidence; unrelated Configuration omitted
BtExperience	fbfa9b4c6f0b28219e1b796af730184a1e2b9f0b	conf/scenarios/layout.xml	739c96e19d3e07c5917b61390cb4170675de299e	e8131b8ea1cf81c51aed5b3f94b7861b51ede9aae167645dc20ea24ccbde9825	4f53cda18c2baa0c0354bb5f9a3ecbe5ed12ab4d8e11ba873c2f11161202b945	declared-XML-selector-projection-read	excluded	Lighting/Automation and F411/F422 selector projection compared with executable consumers; fixture values and object IDs excluded as physical capacities or Firmware evidence; malformed XML not runtime acceptance evidence; unrelated Configuration omitted
BtExperience	08c9971a772c4ed6db30da35338aef31557caedc	conf/scenarios/layout.xml	15984ddbbe3f4ec5f3dc6d5f971323cf93250159	f77100f4dc64e1f4537d95e44b95c92075da2efc254137a6c18565acbae61ec7	4f53cda18c2baa0c0354bb5f9a3ecbe5ed12ab4d8e11ba873c2f11161202b945	declared-XML-selector-projection-read	excluded	Lighting/Automation and F411/F422 selector projection compared with executable consumers; fixture values and object IDs excluded as physical capacities or Firmware evidence; malformed XML not runtime acceptance evidence; unrelated Configuration omitted
BtExperience	fbfa9b4c6f0b28219e1b796af730184a1e2b9f0b	conf/termo.4z/layout.xml	5883154299a3012238ab0f0d5e16b59b8e5310c8	80082cde343ce023323acc6b646f09a37c2846a90f05fc7b55b0cc58fdb93cbc	4f53cda18c2baa0c0354bb5f9a3ecbe5ed12ab4d8e11ba873c2f11161202b945	declared-XML-selector-projection-read	excluded	Lighting/Automation and F411/F422 selector projection compared with executable consumers; fixture values and object IDs excluded as physical capacities or Firmware evidence; malformed XML not runtime acceptance evidence; unrelated Configuration omitted
BtExperience	fbfa9b4c6f0b28219e1b796af730184a1e2b9f0b	conf/termo.99z/layout.xml	b698163eefbcfc9189164c7ea13b38fde0699c4c	4c3474c737233a86b46fcca53ce607d28de86cf704ce5b3bc624cd4138fc77fc	4f53cda18c2baa0c0354bb5f9a3ecbe5ed12ab4d8e11ba873c2f11161202b945	declared-XML-selector-projection-read	excluded	Lighting/Automation and F411/F422 selector projection compared with executable consumers; fixture values and object IDs excluded as physical capacities or Firmware evidence; malformed XML not runtime acceptance evidence; unrelated Configuration omitted
BtExperience	fbfa9b4c6f0b28219e1b796af730184a1e2b9f0b	conf/vde/layout.xml	47c6441ad5f34d07e81ad3cab5d6a27fc9748b91	0a44899387c7f620f0ce827992a9a6315219c2f425bc4539485cc94f8e2479bc	4f53cda18c2baa0c0354bb5f9a3ecbe5ed12ab4d8e11ba873c2f11161202b945	declared-XML-selector-projection-read	excluded	Lighting/Automation and F411/F422 selector projection compared with executable consumers; fixture values and object IDs excluded as physical capacities or Firmware evidence; malformed XML not runtime acceptance evidence; unrelated Configuration omitted
BtExperience	72ab5d8de4b549e2c40db1a37b59a9bfd9adb7cb	conf/all/archive.xml	5e2dcca089db880535157f48048ee5578e3d14cb	76eb23f079d1d42e0055962a4ace5d7a7a191d4620ac6f4446a61f880324594b	dfa208c7ceb646c9dccfddfe617120d4f58f2fc03000322f17209363eead6efb	declared-XML-selector-projection-read	excluded	Lighting/Automation and F411/F422 selector projection compared with executable consumers; fixture values and object IDs excluded as physical capacities or Firmware evidence; malformed XML not runtime acceptance evidence; unrelated Configuration omitted
BtExperience	72ab5d8de4b549e2c40db1a37b59a9bfd9adb7cb	conf/illuminazione/archive.xml	86a030c9c4ff02d023e7f17f238d7b6ae6a844fa	81ff59361b0244b3dee9eaaf047effd0f18c160786b02197a8435ea1debf9c0e	883c1b30457cc8fd6dd3e4279279a82cb7955b3963c2712d187e70ce619ecaa0	declared-XML-selector-projection-read	excluded	Lighting/Automation and F411/F422 selector projection compared with executable consumers; fixture values and object IDs excluded as physical capacities or Firmware evidence; malformed XML not runtime acceptance evidence; unrelated Configuration omitted
BtExperience	7b0aa7a28a622287b3309ded986dc0d3b57fae70	conf/illuminazione/archive.xml	4913c615be9b655e862db696d67ea23260fd63df	857de86e854418602be00b5d6c7c8383213c2f6f3d16463c51b3f3f29f91ea3e	d92971a4a9690df6d184866d11472f10f577087851439c58e763e60bb9a50881	declared-XML-selector-projection-read	excluded	Lighting/Automation and F411/F422 selector projection compared with executable consumers; fixture values and object IDs excluded as physical capacities or Firmware evidence; malformed XML not runtime acceptance evidence; unrelated Configuration omitted
BtExperience	163c72063bd26c56754d78ad04e85854c5e3b021	conf/all/archive.xml	bdd03976c76dcd441b53a826553965b6941e043a	5a149021058998036083087e1e4a0aa43a6a429deae527fed71ec819c7c9e21f	1b453db815001168331ba5dd63a68d336d4ea8c64c8d2938f157236918da02ea	declared-XML-selector-projection-read	excluded	Lighting/Automation and F411/F422 selector projection compared with executable consumers; fixture values and object IDs excluded as physical capacities or Firmware evidence; malformed XML not runtime acceptance evidence; unrelated Configuration omitted
BtExperience	163c72063bd26c56754d78ad04e85854c5e3b021	conf/all/layout.xml	cef9c55d4bdeb3259efc2353e77a9e17eec8f24b	6c5295f63dfaa71fb955a865319271c9764a6244d511ab69de2062ba6852b4ea	4f53cda18c2baa0c0354bb5f9a3ecbe5ed12ab4d8e11ba873c2f11161202b945	declared-XML-selector-projection-read	excluded	Lighting/Automation and F411/F422 selector projection compared with executable consumers; fixture values and object IDs excluded as physical capacities or Firmware evidence; malformed XML not runtime acceptance evidence; unrelated Configuration omitted
BtExperience	163c72063bd26c56754d78ad04e85854c5e3b021	conf/antintrusione/layout.xml	4527646dadf2ac4d5f6ce55f53758a9c6f77307f	8b68ccf2dbcee76d50cd7c0bf2ec94dddb9beb80f9485ac2b406f5f7c0970146	4f53cda18c2baa0c0354bb5f9a3ecbe5ed12ab4d8e11ba873c2f11161202b945	declared-XML-selector-projection-read	excluded	Lighting/Automation and F411/F422 selector projection compared with executable consumers; fixture values and object IDs excluded as physical capacities or Firmware evidence; malformed XML not runtime acceptance evidence; unrelated Configuration omitted
BtExperience	6804eaf2788b41e442c4c0f63555c29e2488585a	conf/automazione/archive.xml	3c8258dc93936e4e0d423360bcc8dcee62302b55	a39aa8e428bd7a31146a76d41e887e029334163e6d8d0f10e6ef7adc249345bf	1bc1d372f644685e05f0624adfecb5ece7560c6299d0a227bec6b0cd53ee1bdd	declared-XML-selector-projection-read	excluded	Lighting/Automation and F411/F422 selector projection compared with executable consumers; fixture values and object IDs excluded as physical capacities or Firmware evidence; malformed XML not runtime acceptance evidence; unrelated Configuration omitted
BtExperience	6804eaf2788b41e442c4c0f63555c29e2488585a	conf/automazione/conf.xml	ac2f10683cf3275aa1e8b39644f7c7339a2cb914	c43b936ce605e9767f849c21d8a6570a288dd995dd2b61eefecba1a7f96cbe94	4f53cda18c2baa0c0354bb5f9a3ecbe5ed12ab4d8e11ba873c2f11161202b945	declared-XML-selector-projection-read	excluded	Lighting/Automation and F411/F422 selector projection compared with executable consumers; fixture values and object IDs excluded as physical capacities or Firmware evidence; malformed XML not runtime acceptance evidence; unrelated Configuration omitted
BtExperience	6804eaf2788b41e442c4c0f63555c29e2488585a	conf/automazione/layout.xml	1a11bbbd57cfb8213fee48c8171075486e3bb987	d48828df74fbb91ef2a5848940cbc44c1415f46bb1fdd85bcea6dfe488014e72	4f53cda18c2baa0c0354bb5f9a3ecbe5ed12ab4d8e11ba873c2f11161202b945	declared-XML-selector-projection-read	excluded	Lighting/Automation and F411/F422 selector projection compared with executable consumers; fixture values and object IDs excluded as physical capacities or Firmware evidence; malformed XML not runtime acceptance evidence; unrelated Configuration omitted
BtExperience	163c72063bd26c56754d78ad04e85854c5e3b021	conf/energymanagement/layout.xml	359da8c461606476768c2d379ed22d24ec75c359	50b96b367eabbe7c83447315cf67629c61095f29195e7c561780cd8c48fd224e	4f53cda18c2baa0c0354bb5f9a3ecbe5ed12ab4d8e11ba873c2f11161202b945	declared-XML-selector-projection-read	excluded	Lighting/Automation and F411/F422 selector projection compared with executable consumers; fixture values and object IDs excluded as physical capacities or Firmware evidence; malformed XML not runtime acceptance evidence; unrelated Configuration omitted
BtExperience	163c72063bd26c56754d78ad04e85854c5e3b021	conf/messages/layout.xml	ff9a07f9cd4b5f0d890b9027828348c954de1bc4	3c5a2566d91b381d64d4e0b3ea5889172558966740500af20f94a611b85624e2	4f53cda18c2baa0c0354bb5f9a3ecbe5ed12ab4d8e11ba873c2f11161202b945	declared-XML-selector-projection-read	excluded	Lighting/Automation and F411/F422 selector projection compared with executable consumers; fixture values and object IDs excluded as physical capacities or Firmware evidence; malformed XML not runtime acceptance evidence; unrelated Configuration omitted
BtExperience	163c72063bd26c56754d78ad04e85854c5e3b021	conf/popup/layout.xml	233ab5efc227a07a264e506a19d48636eca587c5	c8109bbfe9b6472c63d32fbe767967ddf21a3f3313332f7f6e2c85b989f45e65	4f53cda18c2baa0c0354bb5f9a3ecbe5ed12ab4d8e11ba873c2f11161202b945	declared-XML-selector-projection-read	excluded	Lighting/Automation and F411/F422 selector projection compared with executable consumers; fixture values and object IDs excluded as physical capacities or Firmware evidence; malformed XML not runtime acceptance evidence; unrelated Configuration omitted
BtExperience	163c72063bd26c56754d78ad04e85854c5e3b021	conf/scenarios/layout.xml	fd49f46c3d11ec05593bd2e290d24d452fadff34	41179ffc009f3b712b2c4f700e387e933b52d00a4615a9010fa83ae2a6e08d84	4f53cda18c2baa0c0354bb5f9a3ecbe5ed12ab4d8e11ba873c2f11161202b945	declared-XML-selector-projection-read	excluded	Lighting/Automation and F411/F422 selector projection compared with executable consumers; fixture values and object IDs excluded as physical capacities or Firmware evidence; malformed XML not runtime acceptance evidence; unrelated Configuration omitted
BtExperience	163c72063bd26c56754d78ad04e85854c5e3b021	conf/vde/layout.xml	40015492c76433dab75e0dbad68c21e41ff9a938	ee3f3e9dea41c0b3d1f11170560edbf8092330ff141e4be75605724d7f7a49cf	4f53cda18c2baa0c0354bb5f9a3ecbe5ed12ab4d8e11ba873c2f11161202b945	declared-XML-selector-projection-read	excluded	Lighting/Automation and F411/F422 selector projection compared with executable consumers; fixture values and object IDs excluded as physical capacities or Firmware evidence; malformed XML not runtime acceptance evidence; unrelated Configuration omitted
BtExperience	c2eb830ad0a51c67134ac4c3e14bc2616e7e416a	conf/all/layout.xml	0b319ac05c7547ac9c3996eda8b6b421ad4a85a8	e13ec4f8943330db46dce7550c743a7facea27e80964cfd8051c09ab423d500a	4f53cda18c2baa0c0354bb5f9a3ecbe5ed12ab4d8e11ba873c2f11161202b945	declared-XML-selector-projection-read	excluded	Lighting/Automation and F411/F422 selector projection compared with executable consumers; fixture values and object IDs excluded as physical capacities or Firmware evidence; malformed XML not runtime acceptance evidence; unrelated Configuration omitted
BtExperience	8d536c488442890f33a8864c8a8cafccbb470605	conf/all/layout.xml	fa89f202fb9c8e0e9de215885eb4747ce110f971	2c2d56d6d062178d1dc10fab90284748024b30dd7d2a223e72ab596565a46f8b	4f53cda18c2baa0c0354bb5f9a3ecbe5ed12ab4d8e11ba873c2f11161202b945	declared-XML-selector-projection-read	excluded	Lighting/Automation and F411/F422 selector projection compared with executable consumers; fixture values and object IDs excluded as physical capacities or Firmware evidence; malformed XML not runtime acceptance evidence; unrelated Configuration omitted
BtExperience	8d536c488442890f33a8864c8a8cafccbb470605	conf/energymanagement/layout.xml	98a3a3e1f66d6861bb81a7d48889d4229d29b0b5	9d6021de6e331c500e15c5b57b847996c56237fa790d69ccdb08df38032d841c	4f53cda18c2baa0c0354bb5f9a3ecbe5ed12ab4d8e11ba873c2f11161202b945	declared-XML-selector-projection-read	excluded	Lighting/Automation and F411/F422 selector projection compared with executable consumers; fixture values and object IDs excluded as physical capacities or Firmware evidence; malformed XML not runtime acceptance evidence; unrelated Configuration omitted
BtExperience	8d536c488442890f33a8864c8a8cafccbb470605	conf/messages/layout.xml	3104876723871298ce3f35b17f3aa2c77a43c812	2a6da61f3d30b2d3f19228a7314e378a6eecc7123cc371d12c9b945e1fb83f01	4f53cda18c2baa0c0354bb5f9a3ecbe5ed12ab4d8e11ba873c2f11161202b945	declared-XML-selector-projection-read	excluded	Lighting/Automation and F411/F422 selector projection compared with executable consumers; fixture values and object IDs excluded as physical capacities or Firmware evidence; malformed XML not runtime acceptance evidence; unrelated Configuration omitted
BtExperience	8d536c488442890f33a8864c8a8cafccbb470605	conf/popup/layout.xml	d498d0486906f89d190f0f61863d57bcabe0b989	51c0264376a5608a8fca653738cd50605523f01ce2c025ebcb9ec5d1bf55a7f7	4f53cda18c2baa0c0354bb5f9a3ecbe5ed12ab4d8e11ba873c2f11161202b945	declared-XML-selector-projection-read	excluded	Lighting/Automation and F411/F422 selector projection compared with executable consumers; fixture values and object IDs excluded as physical capacities or Firmware evidence; malformed XML not runtime acceptance evidence; unrelated Configuration omitted
BtExperience	8d536c488442890f33a8864c8a8cafccbb470605	conf/scenarios/layout.xml	0586d66579f6d6844d9e033fc17b1dffb3b51a53	afd7b70de6d83cbce103d7d24e437b7bfd0d4d37c369619ac877b919008ef33a	4f53cda18c2baa0c0354bb5f9a3ecbe5ed12ab4d8e11ba873c2f11161202b945	declared-XML-selector-projection-read	excluded	Lighting/Automation and F411/F422 selector projection compared with executable consumers; fixture values and object IDs excluded as physical capacities or Firmware evidence; malformed XML not runtime acceptance evidence; unrelated Configuration omitted
BtExperience	e34d59d60c8423e6974c838aa97699c2e8a5bed0	conf/all/layout.xml	a6091174e8af0d7adf1386e0fc0b104dea8bcf61	1186726c688c0137ed9f5fc4cd767c850d8677d7316d94f69188f5921d209723	4f53cda18c2baa0c0354bb5f9a3ecbe5ed12ab4d8e11ba873c2f11161202b945	declared-XML-selector-projection-read	excluded	Lighting/Automation and F411/F422 selector projection compared with executable consumers; fixture values and object IDs excluded as physical capacities or Firmware evidence; malformed XML not runtime acceptance evidence; unrelated Configuration omitted
BtExperience	e34d59d60c8423e6974c838aa97699c2e8a5bed0	conf/popup/layout.xml	bf5d336fac3650ec7a5aab82c017791ab06546d4	c52aa47da80a6ac4cd61b931454dab5597f61cc0e82184204fc149e5f68167a0	4f53cda18c2baa0c0354bb5f9a3ecbe5ed12ab4d8e11ba873c2f11161202b945	declared-XML-selector-projection-read	excluded	Lighting/Automation and F411/F422 selector projection compared with executable consumers; fixture values and object IDs excluded as physical capacities or Firmware evidence; malformed XML not runtime acceptance evidence; unrelated Configuration omitted
BtExperience	e166fa6f6f0eaf197c092bd89afdbbd265b5104c	conf/antintrusione/archive.xml	3b0ee8cdd29523890450406c2e0daff25085c51a	6a242319d459b7ccf54f298e749c69251bb3775868543b23ceebe96fab41ae4d	4f53cda18c2baa0c0354bb5f9a3ecbe5ed12ab4d8e11ba873c2f11161202b945	declared-XML-selector-projection-read	excluded	Lighting/Automation and F411/F422 selector projection compared with executable consumers; fixture values and object IDs excluded as physical capacities or Firmware evidence; malformed XML not runtime acceptance evidence; unrelated Configuration omitted
BtExperience	549805dd4102b61b461fdcbedaeb9a9161ed6992	conf/antintrusione/archive.xml	b6ac65ef2ea87b6647a6d624e91f058bdaaf98dc	261e96c837f5ca5969052daabe5a385c4cddbe5d313f783d854c3e00d72a0ba3	4f53cda18c2baa0c0354bb5f9a3ecbe5ed12ab4d8e11ba873c2f11161202b945	declared-XML-selector-projection-read	excluded	Lighting/Automation and F411/F422 selector projection compared with executable consumers; fixture values and object IDs excluded as physical capacities or Firmware evidence; malformed XML not runtime acceptance evidence; unrelated Configuration omitted
BtExperience	e166fa6f6f0eaf197c092bd89afdbbd265b5104c	conf/antintrusione/layout.xml	a02522dfa8913fda577900116c8aa9c6a7049557	6857a13b434f2916b3a46cdb8c5d925fc38de116c966fef59d5d2a960be6fc70	4f53cda18c2baa0c0354bb5f9a3ecbe5ed12ab4d8e11ba873c2f11161202b945	declared-XML-selector-projection-read	excluded	Lighting/Automation and F411/F422 selector projection compared with executable consumers; fixture values and object IDs excluded as physical capacities or Firmware evidence; malformed XML not runtime acceptance evidence; unrelated Configuration omitted
BtExperience	68482f157f1ec6a3e4732a5026205a600f235402	conf/diffson.multi/layout.xml	f7dd5a5e0771e1a69220ec8a4f3ee3bd7885803e	2dc6c50aa53a4360aecf8784a5ff0955f2d6c3165e21acf29c93ff360cbb6a9a	4f53cda18c2baa0c0354bb5f9a3ecbe5ed12ab4d8e11ba873c2f11161202b945	declared-XML-selector-projection-read	excluded	Lighting/Automation and F411/F422 selector projection compared with executable consumers; fixture values and object IDs excluded as physical capacities or Firmware evidence; malformed XML not runtime acceptance evidence; unrelated Configuration omitted
BtExperience	fe7c8e881a5994a3a7b2d0bf90d38432b4fa7126	conf/diffson.mono/layout.xml	e4b3beaa5914656ffa3ad7f6250ba8619bbc7267	def9cb148392655431dd5915ec7bb4d51a4b7a746c75be1de0d0293fb3ebb3b0	4f53cda18c2baa0c0354bb5f9a3ecbe5ed12ab4d8e11ba873c2f11161202b945	declared-XML-selector-projection-read	excluded	Lighting/Automation and F411/F422 selector projection compared with executable consumers; fixture values and object IDs excluded as physical capacities or Firmware evidence; malformed XML not runtime acceptance evidence; unrelated Configuration omitted
BtExperience	3b3fe2b505c06d844283d684ad5224edf8466ea6	conf/air.conditioning/conf.xml	1adfd8d2843e5506f77dc06ef87c50d9adb99c5c	58f0a37ca1fe9d43f630299216d50810937a3553e67862bd8afb84a6eaf81f55	4f53cda18c2baa0c0354bb5f9a3ecbe5ed12ab4d8e11ba873c2f11161202b945	declared-XML-selector-projection-read	excluded	Lighting/Automation and F411/F422 selector projection compared with executable consumers; fixture values and object IDs excluded as physical capacities or Firmware evidence; malformed XML not runtime acceptance evidence; unrelated Configuration omitted
BtExperience	3b3fe2b505c06d844283d684ad5224edf8466ea6	conf/all/conf.xml	2b3cafe04a15f1bcf63070c533b325ff673a34f1	b09fb987f938ac409a657dda4005c51e0e89e8b921e7852f2f968b0734f185b8	4f53cda18c2baa0c0354bb5f9a3ecbe5ed12ab4d8e11ba873c2f11161202b945	declared-XML-selector-projection-read	excluded	Lighting/Automation and F411/F422 selector projection compared with executable consumers; fixture values and object IDs excluded as physical capacities or Firmware evidence; malformed XML not runtime acceptance evidence; unrelated Configuration omitted
BtExperience	3b3fe2b505c06d844283d684ad5224edf8466ea6	conf/popup/conf.xml	7d1975a75174362931a2a226dbeaf44f1c42a68f	68cdd52d670c6c43f69c716d6880d99560f5d18fe0409a4b73554074bd9e5975	4f53cda18c2baa0c0354bb5f9a3ecbe5ed12ab4d8e11ba873c2f11161202b945	declared-XML-selector-projection-read	excluded	Lighting/Automation and F411/F422 selector projection compared with executable consumers; fixture values and object IDs excluded as physical capacities or Firmware evidence; malformed XML not runtime acceptance evidence; unrelated Configuration omitted
BtExperience	bc9cda26f9c1ed6bd21a475731f1d1e4ac4783ba	conf/popup/conf.xml	5bd8e6b46ba08217741b9effd9c49a262fcbade1	d588c8f0307bfb5e3fff401446350e1d0fd8809df0a57d92d8ee685cc18a8876	4f53cda18c2baa0c0354bb5f9a3ecbe5ed12ab4d8e11ba873c2f11161202b945	declared-XML-selector-projection-read	excluded	Lighting/Automation and F411/F422 selector projection compared with executable consumers; fixture values and object IDs excluded as physical capacities or Firmware evidence; malformed XML not runtime acceptance evidence; unrelated Configuration omitted
BtExperience	d3672397fcb576ceadd6935f2d3555f40a1cdfe4	conf/all/layout.xml	e1b0c1f3c4ae8da6e6ba0ef2171469e40c54ea0e	2ca84dec0d9eca9afeb7561d1ede0bf5c69e2bb916ffd14cb1ffcd67d98dc921	4f53cda18c2baa0c0354bb5f9a3ecbe5ed12ab4d8e11ba873c2f11161202b945	declared-XML-selector-projection-read	excluded	Lighting/Automation and F411/F422 selector projection compared with executable consumers; fixture values and object IDs excluded as physical capacities or Firmware evidence; malformed XML not runtime acceptance evidence; unrelated Configuration omitted
BtExperience	d3672397fcb576ceadd6935f2d3555f40a1cdfe4	conf/diffson.mono/layout.xml	c565bf94df2f63d8066035e1e26a62d7a91cc114	f24799488eaf3c2bcda696026ed3d09d30675f0bb86bbc37565e85b24aaf55bf	4f53cda18c2baa0c0354bb5f9a3ecbe5ed12ab4d8e11ba873c2f11161202b945	declared-XML-selector-projection-read	excluded	Lighting/Automation and F411/F422 selector projection compared with executable consumers; fixture values and object IDs excluded as physical capacities or Firmware evidence; malformed XML not runtime acceptance evidence; unrelated Configuration omitted
BtExperience	d3672397fcb576ceadd6935f2d3555f40a1cdfe4	conf/diffson.multi/layout.xml	7119012ffd6b109518ca6830a1c7ec4123adc09b	6104c88d1d9878fd4e69b3ad269b8a0c3604952b0d9b74283ef5dc404116eb31	4f53cda18c2baa0c0354bb5f9a3ecbe5ed12ab4d8e11ba873c2f11161202b945	declared-XML-selector-projection-read	excluded	Lighting/Automation and F411/F422 selector projection compared with executable consumers; fixture values and object IDs excluded as physical capacities or Firmware evidence; malformed XML not runtime acceptance evidence; unrelated Configuration omitted
BtExperience	1d3963e3725ef6e39d9d91ec86971621524e522f	conf/all/archive.xml	60f6f7ba4bdf3d1247e867be9020bf9c03f43119	7d249d40226ac48f7a60d2803ab6b0707eefd66e6fa7a7d0ac90629c19d5fb37	1b453db815001168331ba5dd63a68d336d4ea8c64c8d2938f157236918da02ea	declared-XML-selector-projection-read	excluded	Lighting/Automation and F411/F422 selector projection compared with executable consumers; fixture values and object IDs excluded as physical capacities or Firmware evidence; malformed XML not runtime acceptance evidence; unrelated Configuration omitted
BtExperience	1d3963e3725ef6e39d9d91ec86971621524e522f	conf/vde/archive.xml	aaeb904da3f990a81f260f740b00c1e444041073	e760236a2cd1c868ef8827777ffffb18e8ec1557a53d2106488d428668173185	4f53cda18c2baa0c0354bb5f9a3ecbe5ed12ab4d8e11ba873c2f11161202b945	declared-XML-selector-projection-read	excluded	Lighting/Automation and F411/F422 selector projection compared with executable consumers; fixture values and object IDs excluded as physical capacities or Firmware evidence; malformed XML not runtime acceptance evidence; unrelated Configuration omitted
BtExperience	2cdb5d66f605752a38471d1740607285b4c7b799	conf/all/archive.xml	0d2332bb93ef84e295ef88146324251a3fd17bef	60deb3831f497cdae98823ebb0246c6389b744ca96bfc1f72d95528c769ce3f5	758e24c7b9fa19f3c26fbf206bc35a86a0160cc2f6c571a5793d5d20229f83e9	declared-XML-selector-projection-read	excluded	Lighting/Automation and F411/F422 selector projection compared with executable consumers; fixture values and object IDs excluded as physical capacities or Firmware evidence; malformed XML not runtime acceptance evidence; unrelated Configuration omitted
BtExperience	2cdb5d66f605752a38471d1740607285b4c7b799	conf/all/layout.xml	2f1ceb13414b67118b9ebf613b7697fe7fb4d561	885fcb508b5f3a7aa617f794d00575faff05fd8f2c7cd7a345ba8419146ab4d9	4f53cda18c2baa0c0354bb5f9a3ecbe5ed12ab4d8e11ba873c2f11161202b945	declared-XML-selector-projection-read	excluded	Lighting/Automation and F411/F422 selector projection compared with executable consumers; fixture values and object IDs excluded as physical capacities or Firmware evidence; malformed XML not runtime acceptance evidence; unrelated Configuration omitted
BtExperience	6439c4b7835edc92b2341d8b1938ad4cb494d068	conf/all/archive.xml	233d6898112829cbfee7a6677eb95701457db3d7	3fe902b2d9d0289d36126fbb6cb0b35c0fc18800052282ed1e9372fb80ca03af	1b453db815001168331ba5dd63a68d336d4ea8c64c8d2938f157236918da02ea	declared-XML-selector-projection-read	excluded	Lighting/Automation and F411/F422 selector projection compared with executable consumers; fixture values and object IDs excluded as physical capacities or Firmware evidence; malformed XML not runtime acceptance evidence; unrelated Configuration omitted
BtExperience	6439c4b7835edc92b2341d8b1938ad4cb494d068	conf/all/layout.xml	0927bb6e053b0842e86ed80673df5296305d4151	6c4f3d3420d6694e41e5ef85a17e0bfd5d19bcf44e842bf212e339ee0adc5478	4f53cda18c2baa0c0354bb5f9a3ecbe5ed12ab4d8e11ba873c2f11161202b945	declared-XML-selector-projection-read	excluded	Lighting/Automation and F411/F422 selector projection compared with executable consumers; fixture values and object IDs excluded as physical capacities or Firmware evidence; malformed XML not runtime acceptance evidence; unrelated Configuration omitted
BtExperience	5094f7bde389b9385c54bb601af24e4bbad0a7ea	conf/air.conditioning/layout.xml	e8ddfe7c28236d9c1903681dd4f2fc395239ce37	c3b422a3a5a6f07c448e0337b3f760c06f86548f759cd56ffb69601b016fe261	4f53cda18c2baa0c0354bb5f9a3ecbe5ed12ab4d8e11ba873c2f11161202b945	declared-XML-selector-projection-read	excluded	Lighting/Automation and F411/F422 selector projection compared with executable consumers; fixture values and object IDs excluded as physical capacities or Firmware evidence; malformed XML not runtime acceptance evidence; unrelated Configuration omitted
BtExperience	5094f7bde389b9385c54bb601af24e4bbad0a7ea	conf/all/archive.xml	9636e2de2fe7519e8fe656cd43b2ddf627430e31	ebf509cbddb3f3e9b8a4a1fe6eb09d94b05e146bc2c1d3ee0337e24bf9d72b5b	758e24c7b9fa19f3c26fbf206bc35a86a0160cc2f6c571a5793d5d20229f83e9	declared-XML-selector-projection-read	excluded	Lighting/Automation and F411/F422 selector projection compared with executable consumers; fixture values and object IDs excluded as physical capacities or Firmware evidence; malformed XML not runtime acceptance evidence; unrelated Configuration omitted
BtExperience	5094f7bde389b9385c54bb601af24e4bbad0a7ea	conf/all/layout.xml	deff8d4ab8e49b4278fa85adfb269f10d69d56be	444126ace3a162d24304718a76776bb1386664ba0fb6086fcabf47000c1dc768	4f53cda18c2baa0c0354bb5f9a3ecbe5ed12ab4d8e11ba873c2f11161202b945	declared-XML-selector-projection-read	excluded	Lighting/Automation and F411/F422 selector projection compared with executable consumers; fixture values and object IDs excluded as physical capacities or Firmware evidence; malformed XML not runtime acceptance evidence; unrelated Configuration omitted
BtExperience	5094f7bde389b9385c54bb601af24e4bbad0a7ea	conf/antintrusione/layout.xml	30970aadf2317405d3c3910e5eb9bb46d6178180	b11d97526d19a6934fa3a2f26c56791f56bda2e7fd2cab977dd2207aa404a6a9	4f53cda18c2baa0c0354bb5f9a3ecbe5ed12ab4d8e11ba873c2f11161202b945	declared-XML-selector-projection-read	excluded	Lighting/Automation and F411/F422 selector projection compared with executable consumers; fixture values and object IDs excluded as physical capacities or Firmware evidence; malformed XML not runtime acceptance evidence; unrelated Configuration omitted
BtExperience	5094f7bde389b9385c54bb601af24e4bbad0a7ea	conf/diffson.mono/layout.xml	fa54e887e265ad06fcb18add01a10a7fa265dd01	6cc22cb0cc8785b98bfcb516a3dc64b4f758c4a6fb9e981071dfaf2df2d308ff	4f53cda18c2baa0c0354bb5f9a3ecbe5ed12ab4d8e11ba873c2f11161202b945	declared-XML-selector-projection-read	excluded	Lighting/Automation and F411/F422 selector projection compared with executable consumers; fixture values and object IDs excluded as physical capacities or Firmware evidence; malformed XML not runtime acceptance evidence; unrelated Configuration omitted
BtExperience	5094f7bde389b9385c54bb601af24e4bbad0a7ea	conf/diffson.multi/layout.xml	2ae088c3661b4bee144324dc252078dcc982efbd	82ecf9cfdd4ee5642c8811be5bf12b00078e1ac43abe5e350e7fa8ac3a408928	4f53cda18c2baa0c0354bb5f9a3ecbe5ed12ab4d8e11ba873c2f11161202b945	declared-XML-selector-projection-read	excluded	Lighting/Automation and F411/F422 selector projection compared with executable consumers; fixture values and object IDs excluded as physical capacities or Firmware evidence; malformed XML not runtime acceptance evidence; unrelated Configuration omitted
BtExperience	5094f7bde389b9385c54bb601af24e4bbad0a7ea	conf/energymanagement/layout.xml	7f9de7268c7ca45dc4193fa7568e382222f05593	c04c1d5d15174a5a229538b436759c855a1133a76af369e2b4c3a2a87aaa0456	4f53cda18c2baa0c0354bb5f9a3ecbe5ed12ab4d8e11ba873c2f11161202b945	declared-XML-selector-projection-read	excluded	Lighting/Automation and F411/F422 selector projection compared with executable consumers; fixture values and object IDs excluded as physical capacities or Firmware evidence; malformed XML not runtime acceptance evidence; unrelated Configuration omitted
BtExperience	5094f7bde389b9385c54bb601af24e4bbad0a7ea	conf/illuminazione/layout.xml	fbcee7617f3c7b1e437edf2d29acfd58e0bcf3bb	3ed84db0096371dcc46c6389998754bcf71e167263bb5e82d2e2e0406d9f64c2	4f53cda18c2baa0c0354bb5f9a3ecbe5ed12ab4d8e11ba873c2f11161202b945	declared-XML-selector-projection-read	excluded	Lighting/Automation and F411/F422 selector projection compared with executable consumers; fixture values and object IDs excluded as physical capacities or Firmware evidence; malformed XML not runtime acceptance evidence; unrelated Configuration omitted
BtExperience	5094f7bde389b9385c54bb601af24e4bbad0a7ea	conf/messages/layout.xml	977ee75294217e86eee2c9ecf4d91af2c50069c5	effabd5ce762f5aef8718407fd33a7bdaebfd37bb6ce734620ea3b6e2b28df8a	4f53cda18c2baa0c0354bb5f9a3ecbe5ed12ab4d8e11ba873c2f11161202b945	declared-XML-selector-projection-read	excluded	Lighting/Automation and F411/F422 selector projection compared with executable consumers; fixture values and object IDs excluded as physical capacities or Firmware evidence; malformed XML not runtime acceptance evidence; unrelated Configuration omitted
BtExperience	5094f7bde389b9385c54bb601af24e4bbad0a7ea	conf/popup/archive.xml	26abbfd6f11bf733524253bde9123d667157a779	33e0da00ae643fc37ccbbe12d4c5615005475c3374f768821dcf80d974a2a78c	129b9597d8827c30560427dc96e45b04d39881cdd96b627a8b61464ae8dc6e37	declared-XML-selector-projection-read	excluded	Lighting/Automation and F411/F422 selector projection compared with executable consumers; fixture values and object IDs excluded as physical capacities or Firmware evidence; malformed XML not runtime acceptance evidence; unrelated Configuration omitted
BtExperience	5094f7bde389b9385c54bb601af24e4bbad0a7ea	conf/popup/layout.xml	4becbdfc22f1eec373d24a7530b8c6922973fd8f	952cfc97a94af25d458d6328dd7ac40f0c9614e61cf9dc49626b57e661b609c0	4f53cda18c2baa0c0354bb5f9a3ecbe5ed12ab4d8e11ba873c2f11161202b945	declared-XML-selector-projection-read	excluded	Lighting/Automation and F411/F422 selector projection compared with executable consumers; fixture values and object IDs excluded as physical capacities or Firmware evidence; malformed XML not runtime acceptance evidence; unrelated Configuration omitted
BtExperience	5094f7bde389b9385c54bb601af24e4bbad0a7ea	conf/scenarios/layout.xml	0c8efa088fa30d6250a8d3c627debd840e6cd737	e6c15077f5f9b9baebe1c5f0d6bee79eb7f4f53fe2c3207b30ed3885f6228e1f	4f53cda18c2baa0c0354bb5f9a3ecbe5ed12ab4d8e11ba873c2f11161202b945	declared-XML-selector-projection-read	excluded	Lighting/Automation and F411/F422 selector projection compared with executable consumers; fixture values and object IDs excluded as physical capacities or Firmware evidence; malformed XML not runtime acceptance evidence; unrelated Configuration omitted
BtExperience	5094f7bde389b9385c54bb601af24e4bbad0a7ea	conf/termo.4z/archive.xml	e30f0e294f5ea829cc6022ade2f791d99255084b	857af521bc1df7e5dab761b750b46a96c43ab560006ffcf1d1eca431a9d0bed6	4f53cda18c2baa0c0354bb5f9a3ecbe5ed12ab4d8e11ba873c2f11161202b945	declared-XML-selector-projection-read	excluded	Lighting/Automation and F411/F422 selector projection compared with executable consumers; fixture values and object IDs excluded as physical capacities or Firmware evidence; malformed XML not runtime acceptance evidence; unrelated Configuration omitted
BtExperience	2bc279a5cb8cfde7277bb330d6e2e78f2120c3f1	conf/termo.4z/archive.xml	db54a75373606807b303703abd1dd5b8090a11e2	59e425d7970c40aab14b18e4c7e2f15a33c38946339b5e0bcd305104471f367d	4f53cda18c2baa0c0354bb5f9a3ecbe5ed12ab4d8e11ba873c2f11161202b945	declared-XML-selector-projection-read	excluded	Lighting/Automation and F411/F422 selector projection compared with executable consumers; fixture values and object IDs excluded as physical capacities or Firmware evidence; malformed XML not runtime acceptance evidence; unrelated Configuration omitted
BtExperience	5094f7bde389b9385c54bb601af24e4bbad0a7ea	conf/termo.4z/layout.xml	1f25ad25d657db4771fc42354332ebc6c6d81978	2e5ba3d75ae3d64b11588f4a52f605dfadc4a111b03cbf062bba5aba4a5959de	4f53cda18c2baa0c0354bb5f9a3ecbe5ed12ab4d8e11ba873c2f11161202b945	declared-XML-selector-projection-read	excluded	Lighting/Automation and F411/F422 selector projection compared with executable consumers; fixture values and object IDs excluded as physical capacities or Firmware evidence; malformed XML not runtime acceptance evidence; unrelated Configuration omitted
BtExperience	5094f7bde389b9385c54bb601af24e4bbad0a7ea	conf/termo.99z/archive.xml	79870d1d8d42fcd862829236fcc6eaecd4ba1d36	adfcb1841776197888c44017864ef8fca8bad61caf59d2aaf431bcabf4191815	4f53cda18c2baa0c0354bb5f9a3ecbe5ed12ab4d8e11ba873c2f11161202b945	declared-XML-selector-projection-read	excluded	Lighting/Automation and F411/F422 selector projection compared with executable consumers; fixture values and object IDs excluded as physical capacities or Firmware evidence; malformed XML not runtime acceptance evidence; unrelated Configuration omitted
BtExperience	2bc279a5cb8cfde7277bb330d6e2e78f2120c3f1	conf/termo.99z/archive.xml	f25faedbfaa94aa964f905b929eee09434466223	12709771d880c705eb80ce18875a0aeaa460a22e90d6775f75b263ccd5a976da	4f53cda18c2baa0c0354bb5f9a3ecbe5ed12ab4d8e11ba873c2f11161202b945	declared-XML-selector-projection-read	excluded	Lighting/Automation and F411/F422 selector projection compared with executable consumers; fixture values and object IDs excluded as physical capacities or Firmware evidence; malformed XML not runtime acceptance evidence; unrelated Configuration omitted
BtExperience	5094f7bde389b9385c54bb601af24e4bbad0a7ea	conf/termo.99z/layout.xml	5a7e9e39c66a3c641bf7f524eb3b95af4d8fa6c2	55d544f65859192dedd4fa3ad28f6d9741706c27a099fc515a3debba344a9e29	4f53cda18c2baa0c0354bb5f9a3ecbe5ed12ab4d8e11ba873c2f11161202b945	declared-XML-selector-projection-read	excluded	Lighting/Automation and F411/F422 selector projection compared with executable consumers; fixture values and object IDs excluded as physical capacities or Firmware evidence; malformed XML not runtime acceptance evidence; unrelated Configuration omitted
BtExperience	5094f7bde389b9385c54bb601af24e4bbad0a7ea	conf/vde/layout.xml	7c9a5ed897fe2d8d981189541c8561b96a224788	1274d3a6c303b7de574b592fad108245c797f6dbb95a7195eefd526e0c07daf1	4f53cda18c2baa0c0354bb5f9a3ecbe5ed12ab4d8e11ba873c2f11161202b945	declared-XML-selector-projection-read	excluded	Lighting/Automation and F411/F422 selector projection compared with executable consumers; fixture values and object IDs excluded as physical capacities or Firmware evidence; malformed XML not runtime acceptance evidence; unrelated Configuration omitted
BtExperience	a7d1f8fe9ca20775bfc70ccb7ea30262124adf5c	conf/all/archive.xml	e1d98e74dd81c57328211826d9f919d17178ba2a	ad5d4dc0499eccccf581b2e54c147ac6d0581820656110c4bc2c4aa972d49f48	4f96f86071c53f69cf9906454917a1633f5ed0d5cd70fdda036a284d5ae0bf95	declared-XML-selector-projection-read	excluded	Lighting/Automation and F411/F422 selector projection compared with executable consumers; fixture values and object IDs excluded as physical capacities or Firmware evidence; malformed XML not runtime acceptance evidence; unrelated Configuration omitted
BtExperience	a7d1f8fe9ca20775bfc70ccb7ea30262124adf5c	conf/all/layout.xml	65d6efffe8e254bcfe3a2d4bbc37c26a3fe0a055	946a5e82459c59a0fa06d08350c41af8bb883ba5a78c0bd44769f8bb9176f5f3	4f53cda18c2baa0c0354bb5f9a3ecbe5ed12ab4d8e11ba873c2f11161202b945	declared-XML-selector-projection-read	excluded	Lighting/Automation and F411/F422 selector projection compared with executable consumers; fixture values and object IDs excluded as physical capacities or Firmware evidence; malformed XML not runtime acceptance evidence; unrelated Configuration omitted
BtExperience	0cde937c05caceaa326c81679956b869b4369e08	conf/all/layout.xml	8d26e2efdef3477a0fa6eb5aad58476174e96f6c	0893308f8c75300236a301cdd7c5191909bd108ebc1cd6ba764a7ed412be1c4a	4f53cda18c2baa0c0354bb5f9a3ecbe5ed12ab4d8e11ba873c2f11161202b945	declared-XML-selector-projection-read	excluded	Lighting/Automation and F411/F422 selector projection compared with executable consumers; fixture values and object IDs excluded as physical capacities or Firmware evidence; malformed XML not runtime acceptance evidence; unrelated Configuration omitted
BtExperience	0cde937c05caceaa326c81679956b869b4369e08	conf/antintrusione/layout.xml	98175a17447df1087034b88076e12b0b7405540a	fc7caff13f013bb4851488ecb2630a2f0dc4b7e5bb87cb54aa045db728a9fb98	4f53cda18c2baa0c0354bb5f9a3ecbe5ed12ab4d8e11ba873c2f11161202b945	declared-XML-selector-projection-read	excluded	Lighting/Automation and F411/F422 selector projection compared with executable consumers; fixture values and object IDs excluded as physical capacities or Firmware evidence; malformed XML not runtime acceptance evidence; unrelated Configuration omitted
BtExperience	0cde937c05caceaa326c81679956b869b4369e08	conf/energymanagement/layout.xml	f3f67c64dc8f03248361204a21ca21dabd03d6fd	8854245c723d2310e90aaf61d0d150e79e5433b73a008a7eae835b8a3a08fe2d	4f53cda18c2baa0c0354bb5f9a3ecbe5ed12ab4d8e11ba873c2f11161202b945	declared-XML-selector-projection-read	excluded	Lighting/Automation and F411/F422 selector projection compared with executable consumers; fixture values and object IDs excluded as physical capacities or Firmware evidence; malformed XML not runtime acceptance evidence; unrelated Configuration omitted
BtExperience	0cde937c05caceaa326c81679956b869b4369e08	conf/messages/layout.xml	2b5d21dd7f5b48a964e59511f41b09aa11022723	8b5b00dcbcab00d492867d28dcd7ad6249463054b501ee947f2e97c657291ead	4f53cda18c2baa0c0354bb5f9a3ecbe5ed12ab4d8e11ba873c2f11161202b945	declared-XML-selector-projection-read	excluded	Lighting/Automation and F411/F422 selector projection compared with executable consumers; fixture values and object IDs excluded as physical capacities or Firmware evidence; malformed XML not runtime acceptance evidence; unrelated Configuration omitted
BtExperience	0cde937c05caceaa326c81679956b869b4369e08	conf/popup/layout.xml	90c83e1936c94c731ef13c61b56da2d518117b77	33645abf7853bd83eb84cd3240afa8373eb9424433498db179ba73ad538ee8ce	4f53cda18c2baa0c0354bb5f9a3ecbe5ed12ab4d8e11ba873c2f11161202b945	declared-XML-selector-projection-read	excluded	Lighting/Automation and F411/F422 selector projection compared with executable consumers; fixture values and object IDs excluded as physical capacities or Firmware evidence; malformed XML not runtime acceptance evidence; unrelated Configuration omitted
BtExperience	0cde937c05caceaa326c81679956b869b4369e08	conf/scenarios/layout.xml	4734a64e1c7b9f22e7a4cbb3b97bcb84caf0d9ea	4816ec67783545bc45a70e0a7e138d50cebd129fdb792ca685b00b63a2bc1c97	4f53cda18c2baa0c0354bb5f9a3ecbe5ed12ab4d8e11ba873c2f11161202b945	declared-XML-selector-projection-read	excluded	Lighting/Automation and F411/F422 selector projection compared with executable consumers; fixture values and object IDs excluded as physical capacities or Firmware evidence; malformed XML not runtime acceptance evidence; unrelated Configuration omitted
BtExperience	b7251cd7a4dfafecf53d6ee16d49e646bc54c847	conf/all/layout.xml	9fad24df15026f0617926aaf5440650a6e6cb7d0	4c72f8bb41184a394dbed3481c84a831bce6a4bd70b50f2bf9a1c3e1135a2508	4f53cda18c2baa0c0354bb5f9a3ecbe5ed12ab4d8e11ba873c2f11161202b945	declared-XML-selector-projection-read	excluded	Lighting/Automation and F411/F422 selector projection compared with executable consumers; fixture values and object IDs excluded as physical capacities or Firmware evidence; malformed XML not runtime acceptance evidence; unrelated Configuration omitted
BtExperience	b7251cd7a4dfafecf53d6ee16d49e646bc54c847	conf/antintrusione/layout.xml	d62eaa25a25598db66eb6b5fcaf0066a5eca1e48	065feddfaea61b3348b9afcb9ab9aab701776bb4f981d027edcc6e99645b36dd	4f53cda18c2baa0c0354bb5f9a3ecbe5ed12ab4d8e11ba873c2f11161202b945	declared-XML-selector-projection-read	excluded	Lighting/Automation and F411/F422 selector projection compared with executable consumers; fixture values and object IDs excluded as physical capacities or Firmware evidence; malformed XML not runtime acceptance evidence; unrelated Configuration omitted
BtExperience	b7251cd7a4dfafecf53d6ee16d49e646bc54c847	conf/diffson.mono/archive.xml	17368c9045ad62866eefe83e0b5e8fd0dffeb31f	0ccd9ce65373179a6fe9b7d287b681edd58d2a95357818f7b199b418d99899c3	4f53cda18c2baa0c0354bb5f9a3ecbe5ed12ab4d8e11ba873c2f11161202b945	declared-XML-selector-projection-read	excluded	Lighting/Automation and F411/F422 selector projection compared with executable consumers; fixture values and object IDs excluded as physical capacities or Firmware evidence; malformed XML not runtime acceptance evidence; unrelated Configuration omitted
BtExperience	65d93f176f3123f6cd86e360c3b0b4e91f2cfb93	conf/diffson.mono/archive.xml	b32beebfba3bf19bc91a9d20c9244ac5dbebc56d	c8c7fd6805471cd4e401ea4edbfef0f5e718a8ff455292b3d5d1c896ed17e082	4f53cda18c2baa0c0354bb5f9a3ecbe5ed12ab4d8e11ba873c2f11161202b945	declared-XML-selector-projection-read	excluded	Lighting/Automation and F411/F422 selector projection compared with executable consumers; fixture values and object IDs excluded as physical capacities or Firmware evidence; malformed XML not runtime acceptance evidence; unrelated Configuration omitted
BtExperience	b7251cd7a4dfafecf53d6ee16d49e646bc54c847	conf/diffson.mono/layout.xml	ac553840b56efef9043486e58b0d94686c1259e0	ca300fdf45fe6e60223c8a01ab205795dad571b0c5e567d724f2862f96004403	4f53cda18c2baa0c0354bb5f9a3ecbe5ed12ab4d8e11ba873c2f11161202b945	declared-XML-selector-projection-read	excluded	Lighting/Automation and F411/F422 selector projection compared with executable consumers; fixture values and object IDs excluded as physical capacities or Firmware evidence; malformed XML not runtime acceptance evidence; unrelated Configuration omitted
BtExperience	b7251cd7a4dfafecf53d6ee16d49e646bc54c847	conf/diffson.multi/layout.xml	a004418adfd21d1f28be02b9080c58780f99008e	2d9f2cd52b6c983a125276162c9f97e0a8cd2fd103124e9c3f522331a73e6362	4f53cda18c2baa0c0354bb5f9a3ecbe5ed12ab4d8e11ba873c2f11161202b945	declared-XML-selector-projection-read	excluded	Lighting/Automation and F411/F422 selector projection compared with executable consumers; fixture values and object IDs excluded as physical capacities or Firmware evidence; malformed XML not runtime acceptance evidence; unrelated Configuration omitted
BtExperience	b7251cd7a4dfafecf53d6ee16d49e646bc54c847	conf/energymanagement/layout.xml	1ac563a82a4b03296447ba40ece1064385eebef6	24879f3f665a4f23c1a881503269c3d997e5644c66ecfce095d0eaf8fb32c94e	4f53cda18c2baa0c0354bb5f9a3ecbe5ed12ab4d8e11ba873c2f11161202b945	declared-XML-selector-projection-read	excluded	Lighting/Automation and F411/F422 selector projection compared with executable consumers; fixture values and object IDs excluded as physical capacities or Firmware evidence; malformed XML not runtime acceptance evidence; unrelated Configuration omitted
BtExperience	b7251cd7a4dfafecf53d6ee16d49e646bc54c847	conf/illuminazione/layout.xml	a60bc5cd84eb418c32c7808e69882ebc4946dd6b	bade02735493f125e858857f9ffcf0403e0dad8330bc95b93f5324026d4a8c39	4f53cda18c2baa0c0354bb5f9a3ecbe5ed12ab4d8e11ba873c2f11161202b945	declared-XML-selector-projection-read	excluded	Lighting/Automation and F411/F422 selector projection compared with executable consumers; fixture values and object IDs excluded as physical capacities or Firmware evidence; malformed XML not runtime acceptance evidence; unrelated Configuration omitted
BtExperience	b7251cd7a4dfafecf53d6ee16d49e646bc54c847	conf/messages/layout.xml	140439c526d57bb8cb770f23941d0023ce53bfd1	996bc7e9d67cb9d68297959706075b36f37e3a40a33eb43870a1ab20e317a212	4f53cda18c2baa0c0354bb5f9a3ecbe5ed12ab4d8e11ba873c2f11161202b945	declared-XML-selector-projection-read	excluded	Lighting/Automation and F411/F422 selector projection compared with executable consumers; fixture values and object IDs excluded as physical capacities or Firmware evidence; malformed XML not runtime acceptance evidence; unrelated Configuration omitted
BtExperience	b7251cd7a4dfafecf53d6ee16d49e646bc54c847	conf/popup/layout.xml	93b9f5f4aad4597194e4610d94f14ef1354a5d8a	28b8bb47c29ae1013d9d994ed1f57e47e21db90bd1b72134756a405ab15ecaa9	4f53cda18c2baa0c0354bb5f9a3ecbe5ed12ab4d8e11ba873c2f11161202b945	declared-XML-selector-projection-read	excluded	Lighting/Automation and F411/F422 selector projection compared with executable consumers; fixture values and object IDs excluded as physical capacities or Firmware evidence; malformed XML not runtime acceptance evidence; unrelated Configuration omitted
BtExperience	b7251cd7a4dfafecf53d6ee16d49e646bc54c847	conf/scenarios/layout.xml	282febf8cc9fd51dc300021bbb1bec7e16a36f4e	02fe94c9ae75fa3d47f723246c94d831b052c855847c608738835ebf08b14a11	4f53cda18c2baa0c0354bb5f9a3ecbe5ed12ab4d8e11ba873c2f11161202b945	declared-XML-selector-projection-read	excluded	Lighting/Automation and F411/F422 selector projection compared with executable consumers; fixture values and object IDs excluded as physical capacities or Firmware evidence; malformed XML not runtime acceptance evidence; unrelated Configuration omitted
BtExperience	b7251cd7a4dfafecf53d6ee16d49e646bc54c847	conf/termo.4z/layout.xml	d4c5836edfc8451b4b61143af54191b1f3f15ccd	7ed44677bf7d4095d8271c3e77d21a1aa29c797f0bd5ab64f9a8932f3a7f1bf5	4f53cda18c2baa0c0354bb5f9a3ecbe5ed12ab4d8e11ba873c2f11161202b945	declared-XML-selector-projection-read	excluded	Lighting/Automation and F411/F422 selector projection compared with executable consumers; fixture values and object IDs excluded as physical capacities or Firmware evidence; malformed XML not runtime acceptance evidence; unrelated Configuration omitted
BtExperience	b7251cd7a4dfafecf53d6ee16d49e646bc54c847	conf/termo.99z/layout.xml	24cf9ec9ba3f5c61edf7f9dbb8bba7c521768626	f57e09ad0f50b595831d33fbd64e7c71beff606f2dd42f513e5d3ac191eef196	4f53cda18c2baa0c0354bb5f9a3ecbe5ed12ab4d8e11ba873c2f11161202b945	declared-XML-selector-projection-read	excluded	Lighting/Automation and F411/F422 selector projection compared with executable consumers; fixture values and object IDs excluded as physical capacities or Firmware evidence; malformed XML not runtime acceptance evidence; unrelated Configuration omitted
BtExperience	b7251cd7a4dfafecf53d6ee16d49e646bc54c847	conf/vde/layout.xml	394b524a73cba309958f388ff47c471f89771882	4db64f1d8b64f41b6245993b8ad3c751656bcfc559ac9ea70006d4a4d464ad1b	4f53cda18c2baa0c0354bb5f9a3ecbe5ed12ab4d8e11ba873c2f11161202b945	declared-XML-selector-projection-read	excluded	Lighting/Automation and F411/F422 selector projection compared with executable consumers; fixture values and object IDs excluded as physical capacities or Firmware evidence; malformed XML not runtime acceptance evidence; unrelated Configuration omitted
BtExperience	5e09f60a272ce4dab04e3c10d40ef8ca94c46818	conf/antintrusione/layout.xml	b2e77556f792a2f1921d8627f3c185d9eb432c4f	8b663920cca0885be967e79f751a0623c4a7577ef5b5a5da5141d26b222b235f	4f53cda18c2baa0c0354bb5f9a3ecbe5ed12ab4d8e11ba873c2f11161202b945	declared-XML-selector-projection-read	excluded	Lighting/Automation and F411/F422 selector projection compared with executable consumers; fixture values and object IDs excluded as physical capacities or Firmware evidence; malformed XML not runtime acceptance evidence; unrelated Configuration omitted
BtExperience	5e09f60a272ce4dab04e3c10d40ef8ca94c46818	conf/diffson.mono/layout.xml	0e850d6ccaceb01d37522e614e5a333dbe808fe2	0e1285ed9a1052c9ffffe5ac7900d39ca240f42d407a107242b60b70bd1d1cf2	4f53cda18c2baa0c0354bb5f9a3ecbe5ed12ab4d8e11ba873c2f11161202b945	declared-XML-selector-projection-read	excluded	Lighting/Automation and F411/F422 selector projection compared with executable consumers; fixture values and object IDs excluded as physical capacities or Firmware evidence; malformed XML not runtime acceptance evidence; unrelated Configuration omitted
BtExperience	5e09f60a272ce4dab04e3c10d40ef8ca94c46818	conf/diffson.multi/layout.xml	2373dbb6974177bf26cbfd80df9a7eaf4f986d87	15414a52adf2ade2ac33d74cacec04fdeb862ff2364c77c59a2d88faa7c6a34d	4f53cda18c2baa0c0354bb5f9a3ecbe5ed12ab4d8e11ba873c2f11161202b945	declared-XML-selector-projection-read	excluded	Lighting/Automation and F411/F422 selector projection compared with executable consumers; fixture values and object IDs excluded as physical capacities or Firmware evidence; malformed XML not runtime acceptance evidence; unrelated Configuration omitted
BtExperience	5e09f60a272ce4dab04e3c10d40ef8ca94c46818	conf/scenarios/layout.xml	12928f1d91736dc112b3f92b7bae465b57db4a99	5d4894d00e88bd9e9b79ecfc07c6b05c8d6ea20c6f40ab36f5eb7d3161d5946c	4f53cda18c2baa0c0354bb5f9a3ecbe5ed12ab4d8e11ba873c2f11161202b945	declared-XML-selector-projection-read	excluded	Lighting/Automation and F411/F422 selector projection compared with executable consumers; fixture values and object IDs excluded as physical capacities or Firmware evidence; malformed XML not runtime acceptance evidence; unrelated Configuration omitted
BtExperience	5e09f60a272ce4dab04e3c10d40ef8ca94c46818	conf/termo.4z/layout.xml	e252432c3c3c2b80948e111ed7e6cd7737660942	d2118acde5089034600e0f4103e67bbba0a9f106542718cfb2051efeec7c7d82	4f53cda18c2baa0c0354bb5f9a3ecbe5ed12ab4d8e11ba873c2f11161202b945	declared-XML-selector-projection-read	excluded	Lighting/Automation and F411/F422 selector projection compared with executable consumers; fixture values and object IDs excluded as physical capacities or Firmware evidence; malformed XML not runtime acceptance evidence; unrelated Configuration omitted
BtExperience	5e09f60a272ce4dab04e3c10d40ef8ca94c46818	conf/termo.99z/layout.xml	fcb523d26fdc20b7a0a0197ee10f4dc026e8d35e	388d2efdc6a9d2bd6fc848a8517505b3fe69b567fe5ce68b4969ba497de75629	4f53cda18c2baa0c0354bb5f9a3ecbe5ed12ab4d8e11ba873c2f11161202b945	declared-XML-selector-projection-read	excluded	Lighting/Automation and F411/F422 selector projection compared with executable consumers; fixture values and object IDs excluded as physical capacities or Firmware evidence; malformed XML not runtime acceptance evidence; unrelated Configuration omitted
BtExperience	5e09f60a272ce4dab04e3c10d40ef8ca94c46818	conf/vde/layout.xml	e34a6c0d2970b714effb2b2c4317b4c76c55b923	28784fc2034796cfdd40af3ab74f47a432511f1caec834073e505c79b2e24cf0	4f53cda18c2baa0c0354bb5f9a3ecbe5ed12ab4d8e11ba873c2f11161202b945	declared-XML-selector-projection-read	excluded	Lighting/Automation and F411/F422 selector projection compared with executable consumers; fixture values and object IDs excluded as physical capacities or Firmware evidence; malformed XML not runtime acceptance evidence; unrelated Configuration omitted
BtExperience	c7cc56615908bfbac2227ab11b932f1d63ddee4b	conf/all/layout.xml	924bbc862d4febab3b42d1b6fe8e78e0ebab914a	27c018aae1f6c05fbcd1e9ce712b5a55e367cd6456efcdcd7ad926f86caff4c9	4f53cda18c2baa0c0354bb5f9a3ecbe5ed12ab4d8e11ba873c2f11161202b945	declared-XML-selector-projection-read	excluded	Lighting/Automation and F411/F422 selector projection compared with executable consumers; fixture values and object IDs excluded as physical capacities or Firmware evidence; malformed XML not runtime acceptance evidence; unrelated Configuration omitted
BtExperience	c7cc56615908bfbac2227ab11b932f1d63ddee4b	conf/antintrusione/layout.xml	d99df2faf4910cb7a41b074eb59dc188f9794cea	8db27a09d69012c30fa3cd97a7e56216c0cf893d2d30306a7d48f3282b19a1c8	4f53cda18c2baa0c0354bb5f9a3ecbe5ed12ab4d8e11ba873c2f11161202b945	declared-XML-selector-projection-read	excluded	Lighting/Automation and F411/F422 selector projection compared with executable consumers; fixture values and object IDs excluded as physical capacities or Firmware evidence; malformed XML not runtime acceptance evidence; unrelated Configuration omitted
BtExperience	c7cc56615908bfbac2227ab11b932f1d63ddee4b	conf/energymanagement/layout.xml	e237e75223fd7e1376fc7a5faf0fde2749fda96f	25ec2fc8c0216bd9a0c36e13cdbbc26129031c420fac54c7e53b6052c6bf5f3a	4f53cda18c2baa0c0354bb5f9a3ecbe5ed12ab4d8e11ba873c2f11161202b945	declared-XML-selector-projection-read	excluded	Lighting/Automation and F411/F422 selector projection compared with executable consumers; fixture values and object IDs excluded as physical capacities or Firmware evidence; malformed XML not runtime acceptance evidence; unrelated Configuration omitted
BtExperience	c7cc56615908bfbac2227ab11b932f1d63ddee4b	conf/messages/layout.xml	8f5ea943d20156dcdb6cffb38afeb7cb306ca71f	e70bf50b5e879e3e4e4a5c18ec7559201d6306027d736af2cf1a4ab1a3824c45	4f53cda18c2baa0c0354bb5f9a3ecbe5ed12ab4d8e11ba873c2f11161202b945	declared-XML-selector-projection-read	excluded	Lighting/Automation and F411/F422 selector projection compared with executable consumers; fixture values and object IDs excluded as physical capacities or Firmware evidence; malformed XML not runtime acceptance evidence; unrelated Configuration omitted
BtExperience	c7cc56615908bfbac2227ab11b932f1d63ddee4b	conf/popup/layout.xml	150f92e7588366f16d95146b5277b5d360f19cf5	d1f9702d9ba57932298b447f9cc35b480fdfa56199798cfcd53a06f9fbac55a5	4f53cda18c2baa0c0354bb5f9a3ecbe5ed12ab4d8e11ba873c2f11161202b945	declared-XML-selector-projection-read	excluded	Lighting/Automation and F411/F422 selector projection compared with executable consumers; fixture values and object IDs excluded as physical capacities or Firmware evidence; malformed XML not runtime acceptance evidence; unrelated Configuration omitted
BtExperience	c7cc56615908bfbac2227ab11b932f1d63ddee4b	conf/scenarios/layout.xml	42ab15de687fbec6d4a00885e62abcf74f5143d2	aa0c6950d71c2986d9fb1793ce344df49449a09cc61387e5c997e1ced50a8137	4f53cda18c2baa0c0354bb5f9a3ecbe5ed12ab4d8e11ba873c2f11161202b945	declared-XML-selector-projection-read	excluded	Lighting/Automation and F411/F422 selector projection compared with executable consumers; fixture values and object IDs excluded as physical capacities or Firmware evidence; malformed XML not runtime acceptance evidence; unrelated Configuration omitted
BtExperience	c7cc56615908bfbac2227ab11b932f1d63ddee4b	conf/vde/layout.xml	3c36bbaef0d86c9db0e668ce71734fe6936e6aaa	7e535208cbb879c121129302921bd6474e4445dcabd00c30a5227166eaa783df	4f53cda18c2baa0c0354bb5f9a3ecbe5ed12ab4d8e11ba873c2f11161202b945	declared-XML-selector-projection-read	excluded	Lighting/Automation and F411/F422 selector projection compared with executable consumers; fixture values and object IDs excluded as physical capacities or Firmware evidence; malformed XML not runtime acceptance evidence; unrelated Configuration omitted
BtExperience	6dcb90eb45abcb5189a17c6a718684d6b3b72143	conf/all/layout.xml	015c0b4a06ae698fab2d92c9e5b11636de67d427	d6494c82db6e0356ec648651ac7e6c8a416a1d46f2db983f6c741686ffa5106e	4f53cda18c2baa0c0354bb5f9a3ecbe5ed12ab4d8e11ba873c2f11161202b945	declared-XML-selector-projection-read	excluded	Lighting/Automation and F411/F422 selector projection compared with executable consumers; fixture values and object IDs excluded as physical capacities or Firmware evidence; malformed XML not runtime acceptance evidence; unrelated Configuration omitted
BtExperience	6dcb90eb45abcb5189a17c6a718684d6b3b72143	conf/antintrusione/layout.xml	75ab2f018e8aaa64ff7b7a002a285b45eb0bec0c	8eb7a58ab5cdd18daa95d91096aa4dac15d1617acbd6ec14fea2045ba9931d75	4f53cda18c2baa0c0354bb5f9a3ecbe5ed12ab4d8e11ba873c2f11161202b945	declared-XML-selector-projection-read	excluded	Lighting/Automation and F411/F422 selector projection compared with executable consumers; fixture values and object IDs excluded as physical capacities or Firmware evidence; malformed XML not runtime acceptance evidence; unrelated Configuration omitted
BtExperience	6dcb90eb45abcb5189a17c6a718684d6b3b72143	conf/popup/layout.xml	72e76ac8693a5f3357fa9fafaad19c4cbcdd0d4d	68ad5b5fca1514ae1c5526fa6fa5627aaebb0e3500deb278e48bd35b13bed778	4f53cda18c2baa0c0354bb5f9a3ecbe5ed12ab4d8e11ba873c2f11161202b945	declared-XML-selector-projection-read	excluded	Lighting/Automation and F411/F422 selector projection compared with executable consumers; fixture values and object IDs excluded as physical capacities or Firmware evidence; malformed XML not runtime acceptance evidence; unrelated Configuration omitted
BtExperience	6dcb90eb45abcb5189a17c6a718684d6b3b72143	conf/scenarios/layout.xml	eefaf39bcc0c3c02b53bbc6be4725b30d9e74cd5	c878e46da1f7c5cf78d8ca3adf15f8a57cf3fc79138dd9fe0df41abe86b8fd40	4f53cda18c2baa0c0354bb5f9a3ecbe5ed12ab4d8e11ba873c2f11161202b945	declared-XML-selector-projection-read	excluded	Lighting/Automation and F411/F422 selector projection compared with executable consumers; fixture values and object IDs excluded as physical capacities or Firmware evidence; malformed XML not runtime acceptance evidence; unrelated Configuration omitted
BtExperience	9e16ad21f052c6c214f771ece984ab960d2f2438	conf/scenarios/layout.xml	651dc0eccbf23211b118e3beeec5ef6e2beb84b7	7aa1caba62f2b07065cea2478cdd1524a1b46c992e80aac734e140888ffd8a23	4f53cda18c2baa0c0354bb5f9a3ecbe5ed12ab4d8e11ba873c2f11161202b945	declared-XML-selector-projection-read	excluded	Lighting/Automation and F411/F422 selector projection compared with executable consumers; fixture values and object IDs excluded as physical capacities or Firmware evidence; malformed XML not runtime acceptance evidence; unrelated Configuration omitted
BtExperience	ea2a972279392eb8dd6b229a337ab6092ee9154c	conf/air.conditioning/conf.xml	6f59c39517355f32330fa4a20d10c137f08cdba0	1f5bc5c6e210d7b071284f63c3a7a1d1ee4f0344e92f8d5d7063c3cb5800fdfa	4f53cda18c2baa0c0354bb5f9a3ecbe5ed12ab4d8e11ba873c2f11161202b945	declared-XML-selector-projection-read	excluded	Lighting/Automation and F411/F422 selector projection compared with executable consumers; fixture values and object IDs excluded as physical capacities or Firmware evidence; malformed XML not runtime acceptance evidence; unrelated Configuration omitted
BtExperience	ea2a972279392eb8dd6b229a337ab6092ee9154c	conf/all/conf.xml	0ee78d417ec90a492d538e5ab8ad08cc83aae99f	ca5534fae1fd80f5c75cc388ee282a51d7506f5ec14299a5fba90f53ca00ce9b	4f53cda18c2baa0c0354bb5f9a3ecbe5ed12ab4d8e11ba873c2f11161202b945	declared-XML-selector-projection-read	excluded	Lighting/Automation and F411/F422 selector projection compared with executable consumers; fixture values and object IDs excluded as physical capacities or Firmware evidence; malformed XML not runtime acceptance evidence; unrelated Configuration omitted
BtExperience	ea2a972279392eb8dd6b229a337ab6092ee9154c	conf/diffson.mono/conf.xml	aa4aafc8fae7d2497a30ae21455176e7323211b5	280b011b2959fa09d9b49ce41a6cf05afeb02cb489eb40fb44675b89ce488289	4f53cda18c2baa0c0354bb5f9a3ecbe5ed12ab4d8e11ba873c2f11161202b945	declared-XML-selector-projection-read	excluded	Lighting/Automation and F411/F422 selector projection compared with executable consumers; fixture values and object IDs excluded as physical capacities or Firmware evidence; malformed XML not runtime acceptance evidence; unrelated Configuration omitted
BtExperience	bbbe2161ae2c61a9f71e06bc775a101a32cb2481	conf/all/layout.xml	9b8091ae4c210deaf90fb62cd493baa592e3eb2a	060754080dcc528e7186273b3ff9f717a7bf52125f6e601cabb2150c1331323d	4f53cda18c2baa0c0354bb5f9a3ecbe5ed12ab4d8e11ba873c2f11161202b945	declared-XML-selector-projection-read	excluded	Lighting/Automation and F411/F422 selector projection compared with executable consumers; fixture values and object IDs excluded as physical capacities or Firmware evidence; malformed XML not runtime acceptance evidence; unrelated Configuration omitted
BtExperience	bbbe2161ae2c61a9f71e06bc775a101a32cb2481	conf/scenarios/layout.xml	b4483887cde49415fd0a056375415a3fd2c9ee41	8bd7674e21deafbfd2cdeb27013e0be2e32164e10e54db54192e77b714d64c49	4f53cda18c2baa0c0354bb5f9a3ecbe5ed12ab4d8e11ba873c2f11161202b945	declared-XML-selector-projection-read	excluded	Lighting/Automation and F411/F422 selector projection compared with executable consumers; fixture values and object IDs excluded as physical capacities or Firmware evidence; malformed XML not runtime acceptance evidence; unrelated Configuration omitted
BtExperience	1cdcabcde5fe3f8957649500fe30c45ca2ad5ad4	conf/all/layout.xml	bc6341c1cd646ca727a719667eacac1f1b8d45e1	4fd85eb843893d388e8e59bc13e6311916a688daf3fffff0014727a6b658198a	4f53cda18c2baa0c0354bb5f9a3ecbe5ed12ab4d8e11ba873c2f11161202b945	declared-XML-selector-projection-read	excluded	Lighting/Automation and F411/F422 selector projection compared with executable consumers; fixture values and object IDs excluded as physical capacities or Firmware evidence; malformed XML not runtime acceptance evidence; unrelated Configuration omitted
BtExperience	247d43e316f1e214afef4e79952406cc774e97f4	conf/diffson.mono/archive.xml	7a7d657847865efc49139b67319d8f2478a87b48	bfd864816b2aad35269d1e1efdfe1e000a261e25f4a33dbfe780bf5da6739905	4f53cda18c2baa0c0354bb5f9a3ecbe5ed12ab4d8e11ba873c2f11161202b945	declared-XML-selector-projection-read	excluded	Lighting/Automation and F411/F422 selector projection compared with executable consumers; fixture values and object IDs excluded as physical capacities or Firmware evidence; malformed XML not runtime acceptance evidence; unrelated Configuration omitted
BtExperience	247d43e316f1e214afef4e79952406cc774e97f4	conf/diffson.mono/layout.xml	b4f6f8102c29a9d2f1f0d8b1cef1fca74aa743d1	f38a5cc5e375cd76db27bcbf6abfcb5d04978c9c71ecf752d0b6568ca31001cf	4f53cda18c2baa0c0354bb5f9a3ecbe5ed12ab4d8e11ba873c2f11161202b945	declared-XML-selector-projection-read	excluded	Lighting/Automation and F411/F422 selector projection compared with executable consumers; fixture values and object IDs excluded as physical capacities or Firmware evidence; malformed XML not runtime acceptance evidence; unrelated Configuration omitted
BtExperience	aa67f24cfa8d79b72aea29690a24817490d4492f	conf/diffson.mono/layout.xml	847b783f967b42cc782a91efee98967928c68868	be624d67b081adcf11cb9a24f19a85143e6c8c8a8214576a2df27a4ddc354700	4f53cda18c2baa0c0354bb5f9a3ecbe5ed12ab4d8e11ba873c2f11161202b945	declared-XML-selector-projection-read	excluded	Lighting/Automation and F411/F422 selector projection compared with executable consumers; fixture values and object IDs excluded as physical capacities or Firmware evidence; malformed XML not runtime acceptance evidence; unrelated Configuration omitted
BtExperience	78fadfbf211ba3b26142d11c27ceee7501dc97aa	conf/all/archive.xml	8b0574430bd3805321319120591cc69d8974345a	793786dcaf0627617d42fd6d300a611aa237024f0de7e9815c58f43f0dcb6532	4f96f86071c53f69cf9906454917a1633f5ed0d5cd70fdda036a284d5ae0bf95	declared-XML-selector-projection-read	excluded	Lighting/Automation and F411/F422 selector projection compared with executable consumers; fixture values and object IDs excluded as physical capacities or Firmware evidence; malformed XML not runtime acceptance evidence; unrelated Configuration omitted
BtExperience	78fadfbf211ba3b26142d11c27ceee7501dc97aa	conf/all/layout.xml	1a61cf973af934c6cafb6e7913818ad85c944431	7d7672ef0ccca4fdff4c16edf8f4bcbf4ace5402c77f94f35aac63f759481751	4f53cda18c2baa0c0354bb5f9a3ecbe5ed12ab4d8e11ba873c2f11161202b945	declared-XML-selector-projection-read	excluded	Lighting/Automation and F411/F422 selector projection compared with executable consumers; fixture values and object IDs excluded as physical capacities or Firmware evidence; malformed XML not runtime acceptance evidence; unrelated Configuration omitted
BtExperience	14bf672821871c2842ed8b774bcfb815dbe18f3b	conf/all/archive.xml	4281ae314b1ad4c9e406ae7227b1d7f69f3968d0	1f5bc769fa1393167687bf4af3e4d58125aaf43c0d3b1418b2a7422f35856a4d	4f96f86071c53f69cf9906454917a1633f5ed0d5cd70fdda036a284d5ae0bf95	declared-XML-selector-projection-read	excluded	Lighting/Automation and F411/F422 selector projection compared with executable consumers; fixture values and object IDs excluded as physical capacities or Firmware evidence; malformed XML not runtime acceptance evidence; unrelated Configuration omitted
BtExperience	14bf672821871c2842ed8b774bcfb815dbe18f3b	conf/all/layout.xml	47525360040c9a053f328789589dd75e3240fb18	0ad744ce608f2d419230f70c88e8a24211cf8e8b4eed53bdb7318c22d24802f4	4f53cda18c2baa0c0354bb5f9a3ecbe5ed12ab4d8e11ba873c2f11161202b945	declared-XML-selector-projection-read	excluded	Lighting/Automation and F411/F422 selector projection compared with executable consumers; fixture values and object IDs excluded as physical capacities or Firmware evidence; malformed XML not runtime acceptance evidence; unrelated Configuration omitted
BtExperience	14bf672821871c2842ed8b774bcfb815dbe18f3b	conf/messages/archive.xml	828c5d741afac805e8eca18b59ab4bef870d2e7f	9a7a3ac971a4a3dcbefc869a5140d135b888a0a915b9701040eced8f03ab4f65	4f53cda18c2baa0c0354bb5f9a3ecbe5ed12ab4d8e11ba873c2f11161202b945	declared-XML-selector-projection-read	excluded	Lighting/Automation and F411/F422 selector projection compared with executable consumers; fixture values and object IDs excluded as physical capacities or Firmware evidence; malformed XML not runtime acceptance evidence; unrelated Configuration omitted
BtExperience	14bf672821871c2842ed8b774bcfb815dbe18f3b	conf/messages/layout.xml	c9294b2676da57cc4c405aac84e5724af35c9c4c	f2ef344016eb20ae3ca06ad7c9220ac703627fcfe62c2d3e80ef42c5e15de2ba	4f53cda18c2baa0c0354bb5f9a3ecbe5ed12ab4d8e11ba873c2f11161202b945	declared-XML-selector-projection-read	excluded	Lighting/Automation and F411/F422 selector projection compared with executable consumers; fixture values and object IDs excluded as physical capacities or Firmware evidence; malformed XML not runtime acceptance evidence; unrelated Configuration omitted
BtExperience	2759bded6c89e90985c2feef3a93ea36a8d49836	conf/all/archive.xml	0b24ae1b0643db78991ddf4e64dda3c9a71f105a	d61047f632395023921ca126e07574cbdaf3611f97816fec20377968a748dd25	ee5bf0bfa3861a2a9a5a425e832558493655c5efa33fb65e8f67fbdcf4f9afde	declared-XML-selector-projection-read	excluded	Lighting/Automation and F411/F422 selector projection compared with executable consumers; fixture values and object IDs excluded as physical capacities or Firmware evidence; malformed XML not runtime acceptance evidence; unrelated Configuration omitted
BtExperience	2759bded6c89e90985c2feef3a93ea36a8d49836	conf/all/layout.xml	a3ed122bb7a66de7d2f213c438de75184bf7c5ad	3293ee46a01c5bdc761480dccdffd567c1e4ace2bc1eadfc08b6ea26fd23a7cd	4f53cda18c2baa0c0354bb5f9a3ecbe5ed12ab4d8e11ba873c2f11161202b945	declared-XML-selector-projection-read	excluded	Lighting/Automation and F411/F422 selector projection compared with executable consumers; fixture values and object IDs excluded as physical capacities or Firmware evidence; malformed XML not runtime acceptance evidence; unrelated Configuration omitted
BtExperience	fcdfb97603cb79ec3c57e506b8af43f40b74ae45	conf/all/layout.xml	feb790e6e2c3612f514c8246c5d1686e29c1e6e3	50e536d5c850a4614910b30a18eef46abeb8d466924ebbf949fe94580151be22	4f53cda18c2baa0c0354bb5f9a3ecbe5ed12ab4d8e11ba873c2f11161202b945	declared-XML-selector-projection-read	excluded	Lighting/Automation and F411/F422 selector projection compared with executable consumers; fixture values and object IDs excluded as physical capacities or Firmware evidence; malformed XML not runtime acceptance evidence; unrelated Configuration omitted
BtExperience	c4a5f32e17d4f4b10897728a1e698e8a5ea2265d	conf/all/archive.xml	43ee88aef0d98d06da1a012cf1550ebfac531d69	e589b54cc36e677e53671288b768ff36225199651059e4b1a89adff377bc561e	ee5bf0bfa3861a2a9a5a425e832558493655c5efa33fb65e8f67fbdcf4f9afde	declared-XML-selector-projection-read	excluded	Lighting/Automation and F411/F422 selector projection compared with executable consumers; fixture values and object IDs excluded as physical capacities or Firmware evidence; malformed XML not runtime acceptance evidence; unrelated Configuration omitted
BtExperience	c4a5f32e17d4f4b10897728a1e698e8a5ea2265d	conf/vde/archive.xml	566c8d99ec3ae68bf8f854b1a5f51f67a99d22bf	b4caaaf0e787207c2c1c18fbfaed19fd13e2f59c92827a8e01bd0e50c1723535	4f53cda18c2baa0c0354bb5f9a3ecbe5ed12ab4d8e11ba873c2f11161202b945	declared-XML-selector-projection-read	excluded	Lighting/Automation and F411/F422 selector projection compared with executable consumers; fixture values and object IDs excluded as physical capacities or Firmware evidence; malformed XML not runtime acceptance evidence; unrelated Configuration omitted
BtExperience	30843a43e0714cb29142cd8e5596c7bed253a9c3	conf/air.conditioning/layout.xml	5761921bf00bfe3fcc5948b45cd14498f8ebb3a6	88dcf9f0518115a6978eb3591ae83fc3c0573fba74ebfd5da17e27ca105c99cd	4f53cda18c2baa0c0354bb5f9a3ecbe5ed12ab4d8e11ba873c2f11161202b945	declared-XML-selector-projection-read	excluded	Lighting/Automation and F411/F422 selector projection compared with executable consumers; fixture values and object IDs excluded as physical capacities or Firmware evidence; malformed XML not runtime acceptance evidence; unrelated Configuration omitted
BtExperience	30843a43e0714cb29142cd8e5596c7bed253a9c3	conf/all/archive.xml	4d1a4891585b0099f6f544c82fac3597a99851d5	c0747565715b0001ef03393ab2aeb6d3eee2f960392b40774556113cb712ca16	ee5bf0bfa3861a2a9a5a425e832558493655c5efa33fb65e8f67fbdcf4f9afde	declared-XML-selector-projection-read	excluded	Lighting/Automation and F411/F422 selector projection compared with executable consumers; fixture values and object IDs excluded as physical capacities or Firmware evidence; malformed XML not runtime acceptance evidence; unrelated Configuration omitted
BtExperience	30843a43e0714cb29142cd8e5596c7bed253a9c3	conf/all/layout.xml	ddc9ed7450546e53bf92ef29fb02c5a32500da13	eaab0bf313728fbebfefe5162419ed6c2b3ae5036193bbf7bbc2354c8315e0fb	4f53cda18c2baa0c0354bb5f9a3ecbe5ed12ab4d8e11ba873c2f11161202b945	declared-XML-selector-projection-read	excluded	Lighting/Automation and F411/F422 selector projection compared with executable consumers; fixture values and object IDs excluded as physical capacities or Firmware evidence; malformed XML not runtime acceptance evidence; unrelated Configuration omitted
BtExperience	30843a43e0714cb29142cd8e5596c7bed253a9c3	conf/antintrusione/layout.xml	2264ab1acbd0b77ffad5779b007a0d2c8206e2e4	50d0d50a39226a50330d04c150e9441374cf250b7ef6bf73c861248648645dec	4f53cda18c2baa0c0354bb5f9a3ecbe5ed12ab4d8e11ba873c2f11161202b945	declared-XML-selector-projection-read	excluded	Lighting/Automation and F411/F422 selector projection compared with executable consumers; fixture values and object IDs excluded as physical capacities or Firmware evidence; malformed XML not runtime acceptance evidence; unrelated Configuration omitted
BtExperience	30843a43e0714cb29142cd8e5596c7bed253a9c3	conf/diffson.mono/layout.xml	e0632aa45b98363e22b513ff81884a4486a71935	46499ffbb4a96e832aa26a43b9e391dcb12ee304bf62ff9f1b4440278d465ad6	4f53cda18c2baa0c0354bb5f9a3ecbe5ed12ab4d8e11ba873c2f11161202b945	declared-XML-selector-projection-read	excluded	Lighting/Automation and F411/F422 selector projection compared with executable consumers; fixture values and object IDs excluded as physical capacities or Firmware evidence; malformed XML not runtime acceptance evidence; unrelated Configuration omitted
BtExperience	30843a43e0714cb29142cd8e5596c7bed253a9c3	conf/diffson.multi/layout.xml	b17051d248521f8ff6f0d2261192d8f93427cd52	2f9cd3d72c737c876164f2993b426bcf0874c6600e6dfd772040c656d7dbcc8b	4f53cda18c2baa0c0354bb5f9a3ecbe5ed12ab4d8e11ba873c2f11161202b945	declared-XML-selector-projection-read	excluded	Lighting/Automation and F411/F422 selector projection compared with executable consumers; fixture values and object IDs excluded as physical capacities or Firmware evidence; malformed XML not runtime acceptance evidence; unrelated Configuration omitted
BtExperience	30843a43e0714cb29142cd8e5596c7bed253a9c3	conf/energymanagement/layout.xml	e8908fbc69efc7dd589c82b96e38c76053125494	9243c1dcbf31e9ddec56bc08aca56d74380e8d686fd22c94469b82947b16b91b	4f53cda18c2baa0c0354bb5f9a3ecbe5ed12ab4d8e11ba873c2f11161202b945	declared-XML-selector-projection-read	excluded	Lighting/Automation and F411/F422 selector projection compared with executable consumers; fixture values and object IDs excluded as physical capacities or Firmware evidence; malformed XML not runtime acceptance evidence; unrelated Configuration omitted
BtExperience	30843a43e0714cb29142cd8e5596c7bed253a9c3	conf/illuminazione/layout.xml	695d35d6aaced57503136074b9b10d43e126485a	cb0d9f9b4493f165ca56aa931b4e5fb821752406351aceb99338cdf1748a2838	4f53cda18c2baa0c0354bb5f9a3ecbe5ed12ab4d8e11ba873c2f11161202b945	declared-XML-selector-projection-read	excluded	Lighting/Automation and F411/F422 selector projection compared with executable consumers; fixture values and object IDs excluded as physical capacities or Firmware evidence; malformed XML not runtime acceptance evidence; unrelated Configuration omitted
BtExperience	30843a43e0714cb29142cd8e5596c7bed253a9c3	conf/messages/layout.xml	bc61240af94a5e5849ec193ccd8d023b789f3139	d0e288aa97333c1feef9d871d824ef0e98cabe5a12516f8bc41f9e836b123a69	4f53cda18c2baa0c0354bb5f9a3ecbe5ed12ab4d8e11ba873c2f11161202b945	declared-XML-selector-projection-read	excluded	Lighting/Automation and F411/F422 selector projection compared with executable consumers; fixture values and object IDs excluded as physical capacities or Firmware evidence; malformed XML not runtime acceptance evidence; unrelated Configuration omitted
BtExperience	30843a43e0714cb29142cd8e5596c7bed253a9c3	conf/popup/layout.xml	9eb7e95b05c001876495f892be03713c33ed7294	ed4fae9ef63e9ee187f7ae5cab8bebbfd465e6e929d9a6a4db1d256d03fb88bd	4f53cda18c2baa0c0354bb5f9a3ecbe5ed12ab4d8e11ba873c2f11161202b945	declared-XML-selector-projection-read	excluded	Lighting/Automation and F411/F422 selector projection compared with executable consumers; fixture values and object IDs excluded as physical capacities or Firmware evidence; malformed XML not runtime acceptance evidence; unrelated Configuration omitted
BtExperience	30843a43e0714cb29142cd8e5596c7bed253a9c3	conf/scenarios/layout.xml	e69e4bcda5fb6b00d8c04f45c37de819e3bd280a	0815589a1d1ee6b750da3fdc062cf911b9bac7cac5d949304188978918f8724d	4f53cda18c2baa0c0354bb5f9a3ecbe5ed12ab4d8e11ba873c2f11161202b945	declared-XML-selector-projection-read	excluded	Lighting/Automation and F411/F422 selector projection compared with executable consumers; fixture values and object IDs excluded as physical capacities or Firmware evidence; malformed XML not runtime acceptance evidence; unrelated Configuration omitted
BtExperience	30843a43e0714cb29142cd8e5596c7bed253a9c3	conf/termo.4z/layout.xml	4f7458dac4d1f2a8a8bff4a030c7cd093a1e7c33	3713f9a7292d45c0e851c3dec03a9c1ed7f5709a280f959d334f2a6facd2c815	4f53cda18c2baa0c0354bb5f9a3ecbe5ed12ab4d8e11ba873c2f11161202b945	declared-XML-selector-projection-read	excluded	Lighting/Automation and F411/F422 selector projection compared with executable consumers; fixture values and object IDs excluded as physical capacities or Firmware evidence; malformed XML not runtime acceptance evidence; unrelated Configuration omitted
BtExperience	30843a43e0714cb29142cd8e5596c7bed253a9c3	conf/termo.99z/layout.xml	a788d540f3535094812fd5b955de4d516c05a0ae	9edad1f8e6d064b83ee036813437ea82fd6d1b18bf35db7b4a61985f83ff3dd4	4f53cda18c2baa0c0354bb5f9a3ecbe5ed12ab4d8e11ba873c2f11161202b945	declared-XML-selector-projection-read	excluded	Lighting/Automation and F411/F422 selector projection compared with executable consumers; fixture values and object IDs excluded as physical capacities or Firmware evidence; malformed XML not runtime acceptance evidence; unrelated Configuration omitted
BtExperience	30843a43e0714cb29142cd8e5596c7bed253a9c3	conf/vde/layout.xml	e56793ca64e4cf3ace7558017dc909f956bd16ab	daf56bac064d5bed1d1723e6ec60809a8bbc7c3b985e51389dda0b3174ffecfc	4f53cda18c2baa0c0354bb5f9a3ecbe5ed12ab4d8e11ba873c2f11161202b945	declared-XML-selector-projection-read	excluded	Lighting/Automation and F411/F422 selector projection compared with executable consumers; fixture values and object IDs excluded as physical capacities or Firmware evidence; malformed XML not runtime acceptance evidence; unrelated Configuration omitted
BtExperience	745cf5ea36c5c270dfd9542a5190f2988583b1e7	conf/all/archive.xml	78d2544943aa2a118978722b97a3d02225608a93	651f7a8184438e928e83af91ca2c3e013016089d6c2c5f18e475667969694d1a	129b9597d8827c30560427dc96e45b04d39881cdd96b627a8b61464ae8dc6e37	declared-XML-selector-projection-read	excluded	Lighting/Automation and F411/F422 selector projection compared with executable consumers; fixture values and object IDs excluded as physical capacities or Firmware evidence; malformed XML not runtime acceptance evidence; unrelated Configuration omitted
BtExperience	745cf5ea36c5c270dfd9542a5190f2988583b1e7	conf/diffson.multi/archive.xml	638c7866562063992e07a8127074ae0895a99b52	9cf285caa526f2733f5d61c99a7cf7fc33b5573d64d6284ca03470e191a6d50a	4f53cda18c2baa0c0354bb5f9a3ecbe5ed12ab4d8e11ba873c2f11161202b945	declared-XML-selector-projection-read	excluded	Lighting/Automation and F411/F422 selector projection compared with executable consumers; fixture values and object IDs excluded as physical capacities or Firmware evidence; malformed XML not runtime acceptance evidence; unrelated Configuration omitted
BtExperience	940eb1a3f078ed8d1c5596a9738ae43d38814829	conf/diffson.multi/archive.xml	6db4efb698f6e9d7f0d862ed20b5fbe530317ba7	212bc24ffe4e4c4537ed269ced701f38237c78a0ab8785bda9db66209fcf309b	4f53cda18c2baa0c0354bb5f9a3ecbe5ed12ab4d8e11ba873c2f11161202b945	declared-XML-selector-projection-read	excluded	Lighting/Automation and F411/F422 selector projection compared with executable consumers; fixture values and object IDs excluded as physical capacities or Firmware evidence; malformed XML not runtime acceptance evidence; unrelated Configuration omitted
BtExperience	745cf5ea36c5c270dfd9542a5190f2988583b1e7	conf/diffson.multi/layout.xml	0ea2f027becfcbf4bbf9bf0fa59aec0db3dd8240	ec25ccff7e530af09eb4f5db4afc1c17d7f50b3b5c3237ee61a6d3b5866527f4	4f53cda18c2baa0c0354bb5f9a3ecbe5ed12ab4d8e11ba873c2f11161202b945	declared-XML-selector-projection-read	excluded	Lighting/Automation and F411/F422 selector projection compared with executable consumers; fixture values and object IDs excluded as physical capacities or Firmware evidence; malformed XML not runtime acceptance evidence; unrelated Configuration omitted
BtExperience	745cf5ea36c5c270dfd9542a5190f2988583b1e7	conf/illuminazione/archive.xml	bb81199fe9b344c3358403af9b60acffadee2586	a13c6542ee204f007de3721ae6ee7e519b0a9b171f9cd64b2287243dca95ab61	829eb3b20441dd4c67c2709fbf9b651627014dfafff1617ad13c5ec4429299f7	declared-XML-selector-projection-read	excluded	Lighting/Automation and F411/F422 selector projection compared with executable consumers; fixture values and object IDs excluded as physical capacities or Firmware evidence; malformed XML not runtime acceptance evidence; unrelated Configuration omitted
BtExperience	78291abf2e5b6c347a31a2b00749271c26c9ab2c	conf/all/archive.xml	4900b0a5163965fd30cb85a418c409a85529c732	b4f478524f96c301d16fdcbfe3696641d4cd4c606c021eed19a20ec8fa233ff0	ee5bf0bfa3861a2a9a5a425e832558493655c5efa33fb65e8f67fbdcf4f9afde	declared-XML-selector-projection-read	excluded	Lighting/Automation and F411/F422 selector projection compared with executable consumers; fixture values and object IDs excluded as physical capacities or Firmware evidence; malformed XML not runtime acceptance evidence; unrelated Configuration omitted
BtExperience	78291abf2e5b6c347a31a2b00749271c26c9ab2c	conf/diffson.multi/archive.xml	7ad5ef424a3fb9935165a7b0d436baf1d35d4255	ef0bd4ace33f06fb9763db7d3703f7fce6dea46b18a4e35955c30ebaba9b00b5	4f53cda18c2baa0c0354bb5f9a3ecbe5ed12ab4d8e11ba873c2f11161202b945	declared-XML-selector-projection-read	excluded	Lighting/Automation and F411/F422 selector projection compared with executable consumers; fixture values and object IDs excluded as physical capacities or Firmware evidence; malformed XML not runtime acceptance evidence; unrelated Configuration omitted
BtExperience	e38c2c35ebd63646e385865b2881922d094998ee	conf/all/archive.xml	d7c447830de53395c5d4452fd790c2c0548c5f1f	3edae150d1836890bb0ca3f2e3b91c6ae228dcc1c97df080991b98d5d607b49a	129b9597d8827c30560427dc96e45b04d39881cdd96b627a8b61464ae8dc6e37	declared-XML-selector-projection-read	excluded	Lighting/Automation and F411/F422 selector projection compared with executable consumers; fixture values and object IDs excluded as physical capacities or Firmware evidence; malformed XML not runtime acceptance evidence; unrelated Configuration omitted
BtExperience	e38c2c35ebd63646e385865b2881922d094998ee	conf/antintrusione/archive.xml	c1314379e929c4f9a702a4a1f761bda02cf4648d	27aca181af4e851f167108c676408d20f5bd17f3e560cebd6322e8de040ca38f	4f53cda18c2baa0c0354bb5f9a3ecbe5ed12ab4d8e11ba873c2f11161202b945	declared-XML-selector-projection-read	excluded	Lighting/Automation and F411/F422 selector projection compared with executable consumers; fixture values and object IDs excluded as physical capacities or Firmware evidence; malformed XML not runtime acceptance evidence; unrelated Configuration omitted
BtExperience	e38c2c35ebd63646e385865b2881922d094998ee	conf/popup/archive.xml	83edcb219a8205004a9920a3f197176bd752aa1c	69aa38f56e5debcd45dbb959a7bb46e03389fc3a616819a8ceab0dab7e2b1d6b	129b9597d8827c30560427dc96e45b04d39881cdd96b627a8b61464ae8dc6e37	declared-XML-selector-projection-read	excluded	Lighting/Automation and F411/F422 selector projection compared with executable consumers; fixture values and object IDs excluded as physical capacities or Firmware evidence; malformed XML not runtime acceptance evidence; unrelated Configuration omitted
BtExperience	5c9200f9fcfb162f356675c3bc4caa9c2602468c	conf/all/archive.xml	b288fb5d12937beb8e6091080d8be9ef244d0356	168f22d5d2d4fb1e6ba345be852be94a1aa5046f61c07dc71ec92257a0b22bba	129b9597d8827c30560427dc96e45b04d39881cdd96b627a8b61464ae8dc6e37	declared-XML-selector-projection-read	excluded	Lighting/Automation and F411/F422 selector projection compared with executable consumers; fixture values and object IDs excluded as physical capacities or Firmware evidence; malformed XML not runtime acceptance evidence; unrelated Configuration omitted
BtExperience	5c9200f9fcfb162f356675c3bc4caa9c2602468c	conf/all/layout.xml	ae22c7db8e49e85dc09409b1f57e21a0c30b033d	54b5f264451114c1524627f6d637ea4ab9eb9734779dc1ff127c92f986bb87b1	4f53cda18c2baa0c0354bb5f9a3ecbe5ed12ab4d8e11ba873c2f11161202b945	declared-XML-selector-projection-read	excluded	Lighting/Automation and F411/F422 selector projection compared with executable consumers; fixture values and object IDs excluded as physical capacities or Firmware evidence; malformed XML not runtime acceptance evidence; unrelated Configuration omitted
BtExperience	6330298b95e87faf35f8a7d885047ae8abe6f18a	conf/all/archive.xml	ce439f5b91271957296648c9648dd8a74816cb61	a743f5739cd30d18eff4ae96e853d18a24a63dc72ca765a67c7aafc4465119b0	129b9597d8827c30560427dc96e45b04d39881cdd96b627a8b61464ae8dc6e37	declared-XML-selector-projection-read	excluded	Lighting/Automation and F411/F422 selector projection compared with executable consumers; fixture values and object IDs excluded as physical capacities or Firmware evidence; malformed XML not runtime acceptance evidence; unrelated Configuration omitted
BtExperience	a0604b0c61f6bf7de32e5f56ba9c728043c48f1c	conf/diffson.multi/archive.xml	e92cc679bb63725fef7899ecd732ee482956e8c4	e827bda0e5496946ea26fde3f7278fa1fffbb89f40bde107500d5f7f5f23a942	4f53cda18c2baa0c0354bb5f9a3ecbe5ed12ab4d8e11ba873c2f11161202b945	declared-XML-selector-projection-read	excluded	Lighting/Automation and F411/F422 selector projection compared with executable consumers; fixture values and object IDs excluded as physical capacities or Firmware evidence; malformed XML not runtime acceptance evidence; unrelated Configuration omitted
BtExperience	a0604b0c61f6bf7de32e5f56ba9c728043c48f1c	conf/diffson.multi/layout.xml	698e14e0b9d2019928d08868eda63d11f5e45d95	4877197c17277d896e803ad30d0812ac6f0e410af33ce9980bf7a60cd41f5b3e	4f53cda18c2baa0c0354bb5f9a3ecbe5ed12ab4d8e11ba873c2f11161202b945	declared-XML-selector-projection-read	excluded	Lighting/Automation and F411/F422 selector projection compared with executable consumers; fixture values and object IDs excluded as physical capacities or Firmware evidence; malformed XML not runtime acceptance evidence; unrelated Configuration omitted
BtExperience	0c6a549a24f731fa16cee270e1e3bbe358e69ce2	conf/all/archive.xml	3deaa622257037cf54cdbc20776e13573907be8c	39234dd8d8d663c2c9a7f9709efbd397b8e92f308b1b83e103220dbe6c115ecc	129b9597d8827c30560427dc96e45b04d39881cdd96b627a8b61464ae8dc6e37	declared-XML-selector-projection-read	excluded	Lighting/Automation and F411/F422 selector projection compared with executable consumers; fixture values and object IDs excluded as physical capacities or Firmware evidence; malformed XML not runtime acceptance evidence; unrelated Configuration omitted
BtExperience	0c6a549a24f731fa16cee270e1e3bbe358e69ce2	conf/all/layout.xml	a2f6e19888a2ede6be4b22f9e8b2003aea999fec	5524561968224f9fb6f3e907017735b15e419cd161130bc60b1ed8cc2218754a	4f53cda18c2baa0c0354bb5f9a3ecbe5ed12ab4d8e11ba873c2f11161202b945	declared-XML-selector-projection-read	excluded	Lighting/Automation and F411/F422 selector projection compared with executable consumers; fixture values and object IDs excluded as physical capacities or Firmware evidence; malformed XML not runtime acceptance evidence; unrelated Configuration omitted
BtExperience	dc1260a51203ae968cf27d59191f29d55e9daece	conf/all/layout.xml	401e986f7172b97451c7078b4195ac1e99df1851	f9c7c2f94cf64c528f6fda37e2473d9c9ad72082d7174d633b284bb042c56871	4f53cda18c2baa0c0354bb5f9a3ecbe5ed12ab4d8e11ba873c2f11161202b945	declared-XML-selector-projection-read	excluded	Lighting/Automation and F411/F422 selector projection compared with executable consumers; fixture values and object IDs excluded as physical capacities or Firmware evidence; malformed XML not runtime acceptance evidence; unrelated Configuration omitted
BtExperience	95ce2065e6100025db3e99a9b4cf11d476dea4bb	conf/all/archive.xml	2b4bfb0fe52ca388b8f1f018a2ebec50e2a0fd99	af786023d013a3a4cfbb39ceeeed58539a861ce9a2929fbc7114fe89c8791196	129b9597d8827c30560427dc96e45b04d39881cdd96b627a8b61464ae8dc6e37	declared-XML-selector-projection-read	excluded	Lighting/Automation and F411/F422 selector projection compared with executable consumers; fixture values and object IDs excluded as physical capacities or Firmware evidence; malformed XML not runtime acceptance evidence; unrelated Configuration omitted
BtExperience	95ce2065e6100025db3e99a9b4cf11d476dea4bb	conf/all/layout.xml	9ff4ce7fb6d471630b864890154a3bec6732a1f9	50cc17aaf47dc23ae177199a74741b235f92656f5fb344b53fa6ad360c8be106	4f53cda18c2baa0c0354bb5f9a3ecbe5ed12ab4d8e11ba873c2f11161202b945	declared-XML-selector-projection-read	excluded	Lighting/Automation and F411/F422 selector projection compared with executable consumers; fixture values and object IDs excluded as physical capacities or Firmware evidence; malformed XML not runtime acceptance evidence; unrelated Configuration omitted
BtExperience	95ce2065e6100025db3e99a9b4cf11d476dea4bb	conf/diffson.mono/archive.xml	f7312bba034bc20d233f391d07f7236ee8b49012	b71c6365c0c7e602d9cc9bc3af6f2fd043a382eff7aa204315d52d37f1569d02	4f53cda18c2baa0c0354bb5f9a3ecbe5ed12ab4d8e11ba873c2f11161202b945	declared-XML-selector-projection-read	excluded	Lighting/Automation and F411/F422 selector projection compared with executable consumers; fixture values and object IDs excluded as physical capacities or Firmware evidence; malformed XML not runtime acceptance evidence; unrelated Configuration omitted
BtExperience	95ce2065e6100025db3e99a9b4cf11d476dea4bb	conf/diffson.mono/layout.xml	a3630f4fabd2bb7767c6b3869e5faf97a72fb087	e51f66978b94a0b4d57519fc569b0838d5885893bf3c78aa346b519ac80a56be	4f53cda18c2baa0c0354bb5f9a3ecbe5ed12ab4d8e11ba873c2f11161202b945	declared-XML-selector-projection-read	excluded	Lighting/Automation and F411/F422 selector projection compared with executable consumers; fixture values and object IDs excluded as physical capacities or Firmware evidence; malformed XML not runtime acceptance evidence; unrelated Configuration omitted
BtExperience	95ce2065e6100025db3e99a9b4cf11d476dea4bb	conf/diffson.multi/archive.xml	bf09652e0238957678ae150ac1e66b00fedc8d51	86eb2f8f16786eceadfe35401fde00bc8e44735ab9cabb06c8ac0f42272fbd55	4f53cda18c2baa0c0354bb5f9a3ecbe5ed12ab4d8e11ba873c2f11161202b945	declared-XML-selector-projection-read	excluded	Lighting/Automation and F411/F422 selector projection compared with executable consumers; fixture values and object IDs excluded as physical capacities or Firmware evidence; malformed XML not runtime acceptance evidence; unrelated Configuration omitted
BtExperience	95ce2065e6100025db3e99a9b4cf11d476dea4bb	conf/diffson.multi/layout.xml	afd55fa0592ae274436d74a6cb87449361e4aa45	69958575ee68c488d6ea193ccd391ad307b91c936363247d5b0d2a7260337cdd	4f53cda18c2baa0c0354bb5f9a3ecbe5ed12ab4d8e11ba873c2f11161202b945	declared-XML-selector-projection-read	excluded	Lighting/Automation and F411/F422 selector projection compared with executable consumers; fixture values and object IDs excluded as physical capacities or Firmware evidence; malformed XML not runtime acceptance evidence; unrelated Configuration omitted
BtExperience	95ce2065e6100025db3e99a9b4cf11d476dea4bb	conf/scenarios/layout.xml	6de06b820100819d75b2bda99fe85aea912cf7eb	10d67bc17e103fc636b7b6220438949f025846268b778b7931a7411f6ee46778	4f53cda18c2baa0c0354bb5f9a3ecbe5ed12ab4d8e11ba873c2f11161202b945	declared-XML-selector-projection-read	excluded	Lighting/Automation and F411/F422 selector projection compared with executable consumers; fixture values and object IDs excluded as physical capacities or Firmware evidence; malformed XML not runtime acceptance evidence; unrelated Configuration omitted
BtExperience	95ce2065e6100025db3e99a9b4cf11d476dea4bb	conf/termo.4z/archive.xml	eebbd745ed008b54d3ef411139706bde782965c8	582bfc1d1d4db03a647c817f33e229cb241a4647d540fdedae4f0112fb9ff12a	4f53cda18c2baa0c0354bb5f9a3ecbe5ed12ab4d8e11ba873c2f11161202b945	declared-XML-selector-projection-read	excluded	Lighting/Automation and F411/F422 selector projection compared with executable consumers; fixture values and object IDs excluded as physical capacities or Firmware evidence; malformed XML not runtime acceptance evidence; unrelated Configuration omitted
BtExperience	95ce2065e6100025db3e99a9b4cf11d476dea4bb	conf/termo.4z/layout.xml	3843653228ebf8716bfe5ef38c8299d4459ee44c	a89b6b760fd32f132ce29ee072aafaa4805bd78ef972c9655d4b6d70b2dc0950	4f53cda18c2baa0c0354bb5f9a3ecbe5ed12ab4d8e11ba873c2f11161202b945	declared-XML-selector-projection-read	excluded	Lighting/Automation and F411/F422 selector projection compared with executable consumers; fixture values and object IDs excluded as physical capacities or Firmware evidence; malformed XML not runtime acceptance evidence; unrelated Configuration omitted
BtExperience	95ce2065e6100025db3e99a9b4cf11d476dea4bb	conf/termo.99z/layout.xml	eb2cbbdc87d95cdbf70117abfee9491b160b95cf	150ca720ca22c1323e765dd3912ee2ef686854de7c4a5cd19ee607958c5ad238	4f53cda18c2baa0c0354bb5f9a3ecbe5ed12ab4d8e11ba873c2f11161202b945	declared-XML-selector-projection-read	excluded	Lighting/Automation and F411/F422 selector projection compared with executable consumers; fixture values and object IDs excluded as physical capacities or Firmware evidence; malformed XML not runtime acceptance evidence; unrelated Configuration omitted
BtExperience	a7166abbd6ed63eccb4d424ff253b65d92c1a4d3	conf/all/archive.xml	d48b52bca02ed036ac9f315cd4ce5a0ef434d6b5	f76a67d938e827f4dd57f1a52ad601ceb2fcfe6597da9e78af3cef0a7d189dba	129b9597d8827c30560427dc96e45b04d39881cdd96b627a8b61464ae8dc6e37	declared-XML-selector-projection-read	excluded	Lighting/Automation and F411/F422 selector projection compared with executable consumers; fixture values and object IDs excluded as physical capacities or Firmware evidence; malformed XML not runtime acceptance evidence; unrelated Configuration omitted
BtExperience	a7166abbd6ed63eccb4d424ff253b65d92c1a4d3	conf/all/layout.xml	8b01d69f61c5b2d96728b9c8bab85fcabbc80216	63852a508fb633355c6f21a535058fe1f3728be2a93ba581a4cf38bf9a62d5b0	4f53cda18c2baa0c0354bb5f9a3ecbe5ed12ab4d8e11ba873c2f11161202b945	declared-XML-selector-projection-read	excluded	Lighting/Automation and F411/F422 selector projection compared with executable consumers; fixture values and object IDs excluded as physical capacities or Firmware evidence; malformed XML not runtime acceptance evidence; unrelated Configuration omitted
BtExperience	355051d024faf714894a0d0d25134e5f8581efd5	conf/all/archive.xml	a4c10d22e6eff056f60fa9af547460eda6a88689	969978c219226f5e0530b4bcf604b9ce7e367a54ff2cd9a563014696a1c68041	129b9597d8827c30560427dc96e45b04d39881cdd96b627a8b61464ae8dc6e37	declared-XML-selector-projection-read	excluded	Lighting/Automation and F411/F422 selector projection compared with executable consumers; fixture values and object IDs excluded as physical capacities or Firmware evidence; malformed XML not runtime acceptance evidence; unrelated Configuration omitted
BtExperience	355051d024faf714894a0d0d25134e5f8581efd5	conf/all/layout.xml	8601367352476dc3e9003aded4732d7da075cb98	01f2848c225af9a53e588afed822b13b6aad441138ea761f52847feb09f398cc	4f53cda18c2baa0c0354bb5f9a3ecbe5ed12ab4d8e11ba873c2f11161202b945	declared-XML-selector-projection-read	excluded	Lighting/Automation and F411/F422 selector projection compared with executable consumers; fixture values and object IDs excluded as physical capacities or Firmware evidence; malformed XML not runtime acceptance evidence; unrelated Configuration omitted
BtExperience	78aee54ac25bb7140ee47f88d5a4a8ebb1d2f54d	conf/diffson.mono/archive.xml	82c4e81b482a6100a33eb5cf8f1e84a6c19769be	e257a4c56cfbca36590d6817c0dfbee39baaeca552e7bd0c0e36fc3dac980dc9	4f53cda18c2baa0c0354bb5f9a3ecbe5ed12ab4d8e11ba873c2f11161202b945	declared-XML-selector-projection-read	excluded	Lighting/Automation and F411/F422 selector projection compared with executable consumers; fixture values and object IDs excluded as physical capacities or Firmware evidence; malformed XML not runtime acceptance evidence; unrelated Configuration omitted
BtExperience	78aee54ac25bb7140ee47f88d5a4a8ebb1d2f54d	conf/diffson.multi/archive.xml	0226352bacb72a882f728ff60c00053ea575c399	7efe753ccdc91084c6fe81f50b5db461eb61cfd68c379918148f51346c8655e4	4f53cda18c2baa0c0354bb5f9a3ecbe5ed12ab4d8e11ba873c2f11161202b945	declared-XML-selector-projection-read	excluded	Lighting/Automation and F411/F422 selector projection compared with executable consumers; fixture values and object IDs excluded as physical capacities or Firmware evidence; malformed XML not runtime acceptance evidence; unrelated Configuration omitted
BtExperience	ae55b314adf0bfa42d07f836ee088a9408a58b16	conf/diffson.mono/layout.xml	4a7d3cb4955ad429b0db96cb9a707b07fc38dff9	d72a7629a762ee8808b9550aea4e803f5ae5259f8418553e0fac0973b345f1ba	4f53cda18c2baa0c0354bb5f9a3ecbe5ed12ab4d8e11ba873c2f11161202b945	declared-XML-selector-projection-read	excluded	Lighting/Automation and F411/F422 selector projection compared with executable consumers; fixture values and object IDs excluded as physical capacities or Firmware evidence; malformed XML not runtime acceptance evidence; unrelated Configuration omitted
BtExperience	ae55b314adf0bfa42d07f836ee088a9408a58b16	conf/diffson.multi/layout.xml	e213ef1a34bdd9762b2ea0e11b12b33ae05fcf1f	db6f6b1de5ab59f4f397bc235e22f641e0eb59fa4b700802dc2f4b6be7f9f81c	4f53cda18c2baa0c0354bb5f9a3ecbe5ed12ab4d8e11ba873c2f11161202b945	declared-XML-selector-projection-read	excluded	Lighting/Automation and F411/F422 selector projection compared with executable consumers; fixture values and object IDs excluded as physical capacities or Firmware evidence; malformed XML not runtime acceptance evidence; unrelated Configuration omitted
BtExperience	ae55b314adf0bfa42d07f836ee088a9408a58b16	conf/scenarios/layout.xml	88c3c6c4e9e4e73d5f60a33ddf541d16adfecdae	7a0cf7b742bb24274078f7aa5e6b771225cc1ac017c5b268ab1acc47e297ee40	4f53cda18c2baa0c0354bb5f9a3ecbe5ed12ab4d8e11ba873c2f11161202b945	declared-XML-selector-projection-read	excluded	Lighting/Automation and F411/F422 selector projection compared with executable consumers; fixture values and object IDs excluded as physical capacities or Firmware evidence; malformed XML not runtime acceptance evidence; unrelated Configuration omitted
BtExperience	585062159201b19ef83d0d3c9c8fd9053d5f0123	conf/vde/archive.xml	4980d58aff29b5997ddec2d9254b43501a2a2a9c	1a685a2d0fbbae8cb79ab0b71f641ead6169fd2d32964c95e8c5d8f2953aed07	4f53cda18c2baa0c0354bb5f9a3ecbe5ed12ab4d8e11ba873c2f11161202b945	declared-XML-selector-projection-read	excluded	Lighting/Automation and F411/F422 selector projection compared with executable consumers; fixture values and object IDs excluded as physical capacities or Firmware evidence; malformed XML not runtime acceptance evidence; unrelated Configuration omitted
BtExperience	585062159201b19ef83d0d3c9c8fd9053d5f0123	conf/vde/layout.xml	ef490c4e65cb8d6cb893e7cfd2e87d50ce266686	0d41c0188d396cab8b40aca20149c96f1f380d21a9d30a470e794d63ae61b515	4f53cda18c2baa0c0354bb5f9a3ecbe5ed12ab4d8e11ba873c2f11161202b945	declared-XML-selector-projection-read	excluded	Lighting/Automation and F411/F422 selector projection compared with executable consumers; fixture values and object IDs excluded as physical capacities or Firmware evidence; malformed XML not runtime acceptance evidence; unrelated Configuration omitted
BtExperience	f2ff27e4068aa6baa1c2a261ba670d48c0904908	conf/air.conditioning/conf.xml	d775d5b5c11f66bf74d8e633a836c6d5804747c0	2ddee8c2d243701e29f192da2183935beb5cc5414ed351aa256829f4def645e4	4f53cda18c2baa0c0354bb5f9a3ecbe5ed12ab4d8e11ba873c2f11161202b945	declared-XML-selector-projection-read	excluded	Lighting/Automation and F411/F422 selector projection compared with executable consumers; fixture values and object IDs excluded as physical capacities or Firmware evidence; malformed XML not runtime acceptance evidence; unrelated Configuration omitted
BtExperience	f2ff27e4068aa6baa1c2a261ba670d48c0904908	conf/all/conf.xml	fd544d20dbbcb3ef08d4453b2b6d176158587952	3592cdc3203acc409a5d5f523b94ff2194c57e8b22af049977e77b4f577b3c57	4f53cda18c2baa0c0354bb5f9a3ecbe5ed12ab4d8e11ba873c2f11161202b945	declared-XML-selector-projection-read	excluded	Lighting/Automation and F411/F422 selector projection compared with executable consumers; fixture values and object IDs excluded as physical capacities or Firmware evidence; malformed XML not runtime acceptance evidence; unrelated Configuration omitted
BtExperience	a69af96dc592b9d3124e757befef93f97ba0be2b	conf/all/layout.xml	d87671b68f3093e1f31f3c7c2b1958706996237b	1d8998aa730ffdaa2501f349661ceb70b96e7204e254bc4344640cdcea89e4ee	4f53cda18c2baa0c0354bb5f9a3ecbe5ed12ab4d8e11ba873c2f11161202b945	declared-XML-selector-projection-read	excluded	Lighting/Automation and F411/F422 selector projection compared with executable consumers; fixture values and object IDs excluded as physical capacities or Firmware evidence; malformed XML not runtime acceptance evidence; unrelated Configuration omitted
BtExperience	e0ea8efbbb5a4c59912eea23273109e6be60e700	conf/all/layout.xml	a66b87515d52b60e89e7b745de38f0ddad5058ab	eb7df8b5be00a368d8168126e9abf64ce0ef8686838c12b18c9dfd8a2ae65b9b	4f53cda18c2baa0c0354bb5f9a3ecbe5ed12ab4d8e11ba873c2f11161202b945	declared-XML-selector-projection-read	excluded	Lighting/Automation and F411/F422 selector projection compared with executable consumers; fixture values and object IDs excluded as physical capacities or Firmware evidence; malformed XML not runtime acceptance evidence; unrelated Configuration omitted
BtExperience	0c47eb62d05e12ee10f29e0209134a29676a9422	conf/all/archive.xml	be0d34839bd0e7a6ce5eb34052b10afbe4671eb2	94adae7c1a5f3f2b3d906f8acc7fee20cf6fe498445e3d00c0d993a165e4c1a2	129b9597d8827c30560427dc96e45b04d39881cdd96b627a8b61464ae8dc6e37	declared-XML-selector-projection-read	excluded	Lighting/Automation and F411/F422 selector projection compared with executable consumers; fixture values and object IDs excluded as physical capacities or Firmware evidence; malformed XML not runtime acceptance evidence; unrelated Configuration omitted
BtExperience	0c47eb62d05e12ee10f29e0209134a29676a9422	conf/messages/archive.xml	92f54ee2b212e0fe8f1d67c11ad17d97baa1ec1b	c72c8a563b572d97f392ec8989c759366aadb3f36e48c0054ee447aa50b90319	4f53cda18c2baa0c0354bb5f9a3ecbe5ed12ab4d8e11ba873c2f11161202b945	declared-XML-selector-projection-read	excluded	Lighting/Automation and F411/F422 selector projection compared with executable consumers; fixture values and object IDs excluded as physical capacities or Firmware evidence; malformed XML not runtime acceptance evidence; unrelated Configuration omitted
BtExperience	0c47eb62d05e12ee10f29e0209134a29676a9422	conf/popup/conf.xml	edfc9f630d89c37cea76a302b487b8840ca9086d	795af6d0a462089ca5eaef623de5a146cc253cf04da93a661e11a853172eb3eb	4f53cda18c2baa0c0354bb5f9a3ecbe5ed12ab4d8e11ba873c2f11161202b945	declared-XML-selector-projection-read	excluded	Lighting/Automation and F411/F422 selector projection compared with executable consumers; fixture values and object IDs excluded as physical capacities or Firmware evidence; malformed XML not runtime acceptance evidence; unrelated Configuration omitted
BtExperience	0c47eb62d05e12ee10f29e0209134a29676a9422	conf/popup/layout.xml	4ed6cfc401bfd79f4689f100f48603bfdcc39e24	b4f27765c20d764fd5622ff81022fff7838a53c7b06686006ee0e36c9ecf3d1a	4f53cda18c2baa0c0354bb5f9a3ecbe5ed12ab4d8e11ba873c2f11161202b945	declared-XML-selector-projection-read	excluded	Lighting/Automation and F411/F422 selector projection compared with executable consumers; fixture values and object IDs excluded as physical capacities or Firmware evidence; malformed XML not runtime acceptance evidence; unrelated Configuration omitted
BtExperience	0c47eb62d05e12ee10f29e0209134a29676a9422	conf/scenarios/archive.xml	536043210339483fc668b5e9246fd055b76f31dd	a57970b43363d3511d7e02a2523adea2ba323890584b40ffb82f78a454af9d52	4f53cda18c2baa0c0354bb5f9a3ecbe5ed12ab4d8e11ba873c2f11161202b945	declared-XML-selector-projection-read	excluded	Lighting/Automation and F411/F422 selector projection compared with executable consumers; fixture values and object IDs excluded as physical capacities or Firmware evidence; malformed XML not runtime acceptance evidence; unrelated Configuration omitted
BtExperience	eaeb3959429f262c26563a7527dd5f49117d3687	conf/scenarios/archive.xml	4df6a9fab64c915c434611d06c7f7613e3bbbc27	82d843820324333c83a64c2180a9b63db2c3f305c44c9a80f6fec36175d597e9	4f53cda18c2baa0c0354bb5f9a3ecbe5ed12ab4d8e11ba873c2f11161202b945	declared-XML-selector-projection-read	excluded	Lighting/Automation and F411/F422 selector projection compared with executable consumers; fixture values and object IDs excluded as physical capacities or Firmware evidence; malformed XML not runtime acceptance evidence; unrelated Configuration omitted
BtExperience	8350279768a6f1b49a32e5af71bd26d9e4f4281c	conf/all/archive.xml	37fd63f0eb2c1912cf4f77f25f3c683ce27c06d6	c908ce6b5af72047ffb29037a3a8083217d49c30e5e4fec7032900b8eef9742e	129b9597d8827c30560427dc96e45b04d39881cdd96b627a8b61464ae8dc6e37	declared-XML-selector-projection-read	excluded	Lighting/Automation and F411/F422 selector projection compared with executable consumers; fixture values and object IDs excluded as physical capacities or Firmware evidence; malformed XML not runtime acceptance evidence; unrelated Configuration omitted
BtExperience	ae8c9ca6d2e8791cfd356cb041415cc6d559e7d3	conf/air.conditioning/conf.xml	70f9406ea228eadeeb35c55ae83502b2f80e9caa	8a2cfcb5781b8136d6c2dfd3cd473e2eafcf0111f36eb78ccb131730d74dab3e	4f53cda18c2baa0c0354bb5f9a3ecbe5ed12ab4d8e11ba873c2f11161202b945	declared-XML-selector-projection-read	excluded	Lighting/Automation and F411/F422 selector projection compared with executable consumers; fixture values and object IDs excluded as physical capacities or Firmware evidence; malformed XML not runtime acceptance evidence; unrelated Configuration omitted
BtExperience	ae8c9ca6d2e8791cfd356cb041415cc6d559e7d3	conf/all/conf.xml	dbbb07f8ec2a90c71e160bafb674c08aacbb9003	9f4c60871e6bd8769b6b1068246d2d0ddf511b287c129046cb83d7cbfc28f781	4f53cda18c2baa0c0354bb5f9a3ecbe5ed12ab4d8e11ba873c2f11161202b945	declared-XML-selector-projection-read	excluded	Lighting/Automation and F411/F422 selector projection compared with executable consumers; fixture values and object IDs excluded as physical capacities or Firmware evidence; malformed XML not runtime acceptance evidence; unrelated Configuration omitted
BtExperience	459e18087f05619b6e6ca63e86908a3bafdde89e	conf/all/layout.xml	d3c22fc4936854b88d71d57fce919efd29f0f695	e6acadafacb0f1393297c7f33dfdc8b55232c8bddc3889fad3cbfdee0f116c44	4f53cda18c2baa0c0354bb5f9a3ecbe5ed12ab4d8e11ba873c2f11161202b945	declared-XML-selector-projection-read	excluded	Lighting/Automation and F411/F422 selector projection compared with executable consumers; fixture values and object IDs excluded as physical capacities or Firmware evidence; malformed XML not runtime acceptance evidence; unrelated Configuration omitted
BtExperience	459e18087f05619b6e6ca63e86908a3bafdde89e	conf/antintrusione/layout.xml	38111917e262272a546ccb528e3fb378a8df1055	45d23659055084bb009c7cc395252e4aed94d6055daceb4e3bbbce3b910bbe6e	4f53cda18c2baa0c0354bb5f9a3ecbe5ed12ab4d8e11ba873c2f11161202b945	declared-XML-selector-projection-read	excluded	Lighting/Automation and F411/F422 selector projection compared with executable consumers; fixture values and object IDs excluded as physical capacities or Firmware evidence; malformed XML not runtime acceptance evidence; unrelated Configuration omitted
BtExperience	459e18087f05619b6e6ca63e86908a3bafdde89e	conf/energymanagement/layout.xml	0a0e3ee92b59bed6db5a98f3a24c57485fc883d4	739fb9051466b3a708a14d52ab440f144001b6175e3fe4a3de52c78bdccaf050	4f53cda18c2baa0c0354bb5f9a3ecbe5ed12ab4d8e11ba873c2f11161202b945	declared-XML-selector-projection-read	excluded	Lighting/Automation and F411/F422 selector projection compared with executable consumers; fixture values and object IDs excluded as physical capacities or Firmware evidence; malformed XML not runtime acceptance evidence; unrelated Configuration omitted
BtExperience	459e18087f05619b6e6ca63e86908a3bafdde89e	conf/messages/layout.xml	ddcb8a5ca8d7b5871562a71a57fdcf40e0096358	4a25a71dbe04c015cf9e0313191bce26e6f042f38beb73c0d8f2999a1450d2ee	4f53cda18c2baa0c0354bb5f9a3ecbe5ed12ab4d8e11ba873c2f11161202b945	declared-XML-selector-projection-read	excluded	Lighting/Automation and F411/F422 selector projection compared with executable consumers; fixture values and object IDs excluded as physical capacities or Firmware evidence; malformed XML not runtime acceptance evidence; unrelated Configuration omitted
BtExperience	459e18087f05619b6e6ca63e86908a3bafdde89e	conf/popup/layout.xml	ea898092342870f533326d7ab7b28b3443837575	331d1746900a11c10b579c876e669e8f11ecc07d191305386b966fbfa5cca3f7	4f53cda18c2baa0c0354bb5f9a3ecbe5ed12ab4d8e11ba873c2f11161202b945	declared-XML-selector-projection-read	excluded	Lighting/Automation and F411/F422 selector projection compared with executable consumers; fixture values and object IDs excluded as physical capacities or Firmware evidence; malformed XML not runtime acceptance evidence; unrelated Configuration omitted
BtExperience	459e18087f05619b6e6ca63e86908a3bafdde89e	conf/scenarios/layout.xml	a738369808e5f45b8d5259d116c5c3944aecc2de	a3fb724ab3e5dca76079f1e3e3bcbed420ff3d2028303b551596ca5cbfc42f71	4f53cda18c2baa0c0354bb5f9a3ecbe5ed12ab4d8e11ba873c2f11161202b945	declared-XML-selector-projection-read	excluded	Lighting/Automation and F411/F422 selector projection compared with executable consumers; fixture values and object IDs excluded as physical capacities or Firmware evidence; malformed XML not runtime acceptance evidence; unrelated Configuration omitted
BtExperience	06c7a73789259b230310c057414449004bae3d62	conf/all/layout.xml	5e2612a428d21fa743d6f39f6e2144d842072c51	ff2690420bb29b1d1e9ce32a35636936f01bbf6f293dea137d916d85ae4d138f	4f53cda18c2baa0c0354bb5f9a3ecbe5ed12ab4d8e11ba873c2f11161202b945	declared-XML-selector-projection-read	excluded	Lighting/Automation and F411/F422 selector projection compared with executable consumers; fixture values and object IDs excluded as physical capacities or Firmware evidence; malformed XML not runtime acceptance evidence; unrelated Configuration omitted
BtExperience	06c7a73789259b230310c057414449004bae3d62	conf/antintrusione/layout.xml	41feb8170bfc054351319bcdfdd54e074397a4a5	5eaa17199dfb22cf81caa706a615194ad160e3a392ed2472fcbfa304a4644346	4f53cda18c2baa0c0354bb5f9a3ecbe5ed12ab4d8e11ba873c2f11161202b945	declared-XML-selector-projection-read	excluded	Lighting/Automation and F411/F422 selector projection compared with executable consumers; fixture values and object IDs excluded as physical capacities or Firmware evidence; malformed XML not runtime acceptance evidence; unrelated Configuration omitted
BtExperience	06c7a73789259b230310c057414449004bae3d62	conf/energymanagement/layout.xml	f93c40b0bff15a99c830023bd541c1d87c3af92b	791fe068233917876a3af755168ded4302fa855e670fabf1313703f963a906f2	4f53cda18c2baa0c0354bb5f9a3ecbe5ed12ab4d8e11ba873c2f11161202b945	declared-XML-selector-projection-read	excluded	Lighting/Automation and F411/F422 selector projection compared with executable consumers; fixture values and object IDs excluded as physical capacities or Firmware evidence; malformed XML not runtime acceptance evidence; unrelated Configuration omitted
BtExperience	06c7a73789259b230310c057414449004bae3d62	conf/messages/layout.xml	e559361bc81e55e5cd652eec8c08da8070a7566b	493b9377bc3bdfe859e5ff908bd3c2e0782765d14730d3e929f8d3e96ddb22f2	4f53cda18c2baa0c0354bb5f9a3ecbe5ed12ab4d8e11ba873c2f11161202b945	declared-XML-selector-projection-read	excluded	Lighting/Automation and F411/F422 selector projection compared with executable consumers; fixture values and object IDs excluded as physical capacities or Firmware evidence; malformed XML not runtime acceptance evidence; unrelated Configuration omitted
BtExperience	06c7a73789259b230310c057414449004bae3d62	conf/popup/layout.xml	7a02f5cd65033ee68271d81725cb1b8033bda3bb	34e6dce32a5a7991a80dec0d80f50e81ab297cb5d3b968dca56835b128970123	4f53cda18c2baa0c0354bb5f9a3ecbe5ed12ab4d8e11ba873c2f11161202b945	declared-XML-selector-projection-read	excluded	Lighting/Automation and F411/F422 selector projection compared with executable consumers; fixture values and object IDs excluded as physical capacities or Firmware evidence; malformed XML not runtime acceptance evidence; unrelated Configuration omitted
BtExperience	06c7a73789259b230310c057414449004bae3d62	conf/scenarios/layout.xml	0a2f37893f4bc2c85648d4f4d0355b08bc24148b	5adcba4cb2da88e5245b761fe5764febf0631250bcfa684a4664201a1668d1a8	4f53cda18c2baa0c0354bb5f9a3ecbe5ed12ab4d8e11ba873c2f11161202b945	declared-XML-selector-projection-read	excluded	Lighting/Automation and F411/F422 selector projection compared with executable consumers; fixture values and object IDs excluded as physical capacities or Firmware evidence; malformed XML not runtime acceptance evidence; unrelated Configuration omitted
BtExperience	6931175b6e2f2f05942c57d35151f14d400fc99f	conf/all/archive.xml	cb5ca18d277d290c084011ff0c72fa95596e20d3	7fbb8015049b6d6e2731a73d95363f491e2ac493143a079c008ae9445f9d5441	129b9597d8827c30560427dc96e45b04d39881cdd96b627a8b61464ae8dc6e37	declared-XML-selector-projection-read	excluded	Lighting/Automation and F411/F422 selector projection compared with executable consumers; fixture values and object IDs excluded as physical capacities or Firmware evidence; malformed XML not runtime acceptance evidence; unrelated Configuration omitted
BtExperience	6931175b6e2f2f05942c57d35151f14d400fc99f	conf/all/layout.xml	f44631c319d607bce5a301774fdbb22fa97e0238	0520cb2bd85a51cc37bd1e746dcab5fc3ae655fe127e77279d94fddf1df88117	4f53cda18c2baa0c0354bb5f9a3ecbe5ed12ab4d8e11ba873c2f11161202b945	declared-XML-selector-projection-read	excluded	Lighting/Automation and F411/F422 selector projection compared with executable consumers; fixture values and object IDs excluded as physical capacities or Firmware evidence; malformed XML not runtime acceptance evidence; unrelated Configuration omitted
BtExperience	6931175b6e2f2f05942c57d35151f14d400fc99f	conf/diffson.mono/archive.xml	494ff8ab59178913066089f7a0d9bb6d15865594	d644271efcd6c895ad01b040badd343f35ef89e34b7b906e7d80d209284b2061	4f53cda18c2baa0c0354bb5f9a3ecbe5ed12ab4d8e11ba873c2f11161202b945	declared-XML-selector-projection-read	excluded	Lighting/Automation and F411/F422 selector projection compared with executable consumers; fixture values and object IDs excluded as physical capacities or Firmware evidence; malformed XML not runtime acceptance evidence; unrelated Configuration omitted
BtExperience	6931175b6e2f2f05942c57d35151f14d400fc99f	conf/diffson.mono/layout.xml	c88f20746962ff5e06cc6a6de9987f01c8c21165	706921e489f63f113674a68bc0c4190975a3856e4336daeba0ede6a214a7a865	4f53cda18c2baa0c0354bb5f9a3ecbe5ed12ab4d8e11ba873c2f11161202b945	declared-XML-selector-projection-read	excluded	Lighting/Automation and F411/F422 selector projection compared with executable consumers; fixture values and object IDs excluded as physical capacities or Firmware evidence; malformed XML not runtime acceptance evidence; unrelated Configuration omitted
BtExperience	6931175b6e2f2f05942c57d35151f14d400fc99f	conf/diffson.multi/archive.xml	3d73375c5a276d2bcca94e26fd858998e441c370	3cad2af584b8be9abbb73ddfc4c881abf1687a005888233286584ce19e22df43	4f53cda18c2baa0c0354bb5f9a3ecbe5ed12ab4d8e11ba873c2f11161202b945	declared-XML-selector-projection-read	excluded	Lighting/Automation and F411/F422 selector projection compared with executable consumers; fixture values and object IDs excluded as physical capacities or Firmware evidence; malformed XML not runtime acceptance evidence; unrelated Configuration omitted
BtExperience	6931175b6e2f2f05942c57d35151f14d400fc99f	conf/diffson.multi/layout.xml	587fb731980cff37ad6a6cfa2d536c9bcc00ccf3	c39cd04bee2be19b669f630cba0a9a21763845f6c2bb78696e475f1acaafb0f4	4f53cda18c2baa0c0354bb5f9a3ecbe5ed12ab4d8e11ba873c2f11161202b945	declared-XML-selector-projection-read	excluded	Lighting/Automation and F411/F422 selector projection compared with executable consumers; fixture values and object IDs excluded as physical capacities or Firmware evidence; malformed XML not runtime acceptance evidence; unrelated Configuration omitted
BtExperience	787211272cbb883a0eebcad7c24d55c177680973	conf/diffson.mono/archive.xml	4d08498ce32a8285951328feb7a8098228e6d59f	b0f7da7b98de9b1064b136543a31a3fc32e163c8f9d885c67d5fb5971df80c25	4f53cda18c2baa0c0354bb5f9a3ecbe5ed12ab4d8e11ba873c2f11161202b945	declared-XML-selector-projection-read	excluded	Lighting/Automation and F411/F422 selector projection compared with executable consumers; fixture values and object IDs excluded as physical capacities or Firmware evidence; malformed XML not runtime acceptance evidence; unrelated Configuration omitted
BtExperience	787211272cbb883a0eebcad7c24d55c177680973	conf/diffson.multi/archive.xml	22c6f23f936763390bbadac741b8f8e34886c92d	d864bbdabdb6f2d95c8a462c5398712d2f6f5f4cd6c03ce92bf91cd8925590de	4f53cda18c2baa0c0354bb5f9a3ecbe5ed12ab4d8e11ba873c2f11161202b945	declared-XML-selector-projection-read	excluded	Lighting/Automation and F411/F422 selector projection compared with executable consumers; fixture values and object IDs excluded as physical capacities or Firmware evidence; malformed XML not runtime acceptance evidence; unrelated Configuration omitted
BtExperience	4806d6d1d099020a4a19b34eb31930ce43a48589	conf/all/archive.xml	d6db08843d395c8fc62c2130220e168e2b6b6dc9	d21f7a2b27f8d062af7aac7db8244f96165c128a392cbacacf362244abcfcd2e	129b9597d8827c30560427dc96e45b04d39881cdd96b627a8b61464ae8dc6e37	declared-XML-selector-projection-read	excluded	Lighting/Automation and F411/F422 selector projection compared with executable consumers; fixture values and object IDs excluded as physical capacities or Firmware evidence; malformed XML not runtime acceptance evidence; unrelated Configuration omitted
BtExperience	4806d6d1d099020a4a19b34eb31930ce43a48589	conf/all/layout.xml	97d15079eeeb9b409984b82514300bb86ca6e3e1	f9606751f9819127c2938f0315647c78f05a4b52187932e75688b417b4374d7c	4f53cda18c2baa0c0354bb5f9a3ecbe5ed12ab4d8e11ba873c2f11161202b945	declared-XML-selector-projection-read	excluded	Lighting/Automation and F411/F422 selector projection compared with executable consumers; fixture values and object IDs excluded as physical capacities or Firmware evidence; malformed XML not runtime acceptance evidence; unrelated Configuration omitted
BtExperience	168ec69c7bc15a328b79f97621b404750e50beda	conf/all/archive.xml	e003b6a69d8c05fdc3b62dba7108715a9b828a37	6cf2e58b3aa751d860e1cf086b4cc00b7da9c97143de01052a8da8e276adbcfd	129b9597d8827c30560427dc96e45b04d39881cdd96b627a8b61464ae8dc6e37	declared-XML-selector-projection-read	excluded	Lighting/Automation and F411/F422 selector projection compared with executable consumers; fixture values and object IDs excluded as physical capacities or Firmware evidence; malformed XML not runtime acceptance evidence; unrelated Configuration omitted
BtExperience	cb37198e0337b69da2682e8fb3242c081f4fe76c	conf/air.conditioning/archive.xml	8f612dd3df684f312d7009b99b0af0a74e141e1e	4007777195c0ce4d7a0fa565d279dad48e21d23db971d96b7066403b8f7b5fa7	4f53cda18c2baa0c0354bb5f9a3ecbe5ed12ab4d8e11ba873c2f11161202b945	declared-XML-selector-projection-read	excluded	Lighting/Automation and F411/F422 selector projection compared with executable consumers; fixture values and object IDs excluded as physical capacities or Firmware evidence; malformed XML not runtime acceptance evidence; unrelated Configuration omitted
BtExperience	cb37198e0337b69da2682e8fb3242c081f4fe76c	conf/air.conditioning/layout.xml	bd06d7cee6d78cafef37753f20af5ed96cf532fd	e74b940524431ed6088eee32e39e98098924cee811e4130c4f0b0c467cb53e77	4f53cda18c2baa0c0354bb5f9a3ecbe5ed12ab4d8e11ba873c2f11161202b945	declared-XML-selector-projection-read	excluded	Lighting/Automation and F411/F422 selector projection compared with executable consumers; fixture values and object IDs excluded as physical capacities or Firmware evidence; malformed XML not runtime acceptance evidence; unrelated Configuration omitted
BtExperience	cb37198e0337b69da2682e8fb3242c081f4fe76c	conf/all/layout.xml	d0990d06bbd3bf40b3272d39baf23ed4f1026d75	68ee9ebdc1250967e476ce95cb55058f6d10d686ee95e75ef2d3f8b018b77b0e	4f53cda18c2baa0c0354bb5f9a3ecbe5ed12ab4d8e11ba873c2f11161202b945	declared-XML-selector-projection-read	excluded	Lighting/Automation and F411/F422 selector projection compared with executable consumers; fixture values and object IDs excluded as physical capacities or Firmware evidence; malformed XML not runtime acceptance evidence; unrelated Configuration omitted
BtExperience	cb37198e0337b69da2682e8fb3242c081f4fe76c	conf/antintrusione/layout.xml	d196cab2d1cbb616639330643ddeb8cee0341a5e	d36c594f111eb44333a3fe8706ff8e021e3211f2eebe7499a72a9fa24989bc9d	4f53cda18c2baa0c0354bb5f9a3ecbe5ed12ab4d8e11ba873c2f11161202b945	declared-XML-selector-projection-read	excluded	Lighting/Automation and F411/F422 selector projection compared with executable consumers; fixture values and object IDs excluded as physical capacities or Firmware evidence; malformed XML not runtime acceptance evidence; unrelated Configuration omitted
BtExperience	cb37198e0337b69da2682e8fb3242c081f4fe76c	conf/diffson.mono/layout.xml	17f9d6f51cbcb11557708ccadca42b6e0e8d0476	618da60624ccd3648a3116b98fec199f2eb37730b971243b874fc64d1e22da33	4f53cda18c2baa0c0354bb5f9a3ecbe5ed12ab4d8e11ba873c2f11161202b945	declared-XML-selector-projection-read	excluded	Lighting/Automation and F411/F422 selector projection compared with executable consumers; fixture values and object IDs excluded as physical capacities or Firmware evidence; malformed XML not runtime acceptance evidence; unrelated Configuration omitted
BtExperience	cb37198e0337b69da2682e8fb3242c081f4fe76c	conf/diffson.multi/layout.xml	751d63978bdccc51b49fddfb3dddec817b0cac8a	973b90c3cc4a98cdcba86423b9a138ca137a0e82f33779ba05d99c157c3a5023	4f53cda18c2baa0c0354bb5f9a3ecbe5ed12ab4d8e11ba873c2f11161202b945	declared-XML-selector-projection-read	excluded	Lighting/Automation and F411/F422 selector projection compared with executable consumers; fixture values and object IDs excluded as physical capacities or Firmware evidence; malformed XML not runtime acceptance evidence; unrelated Configuration omitted
BtExperience	cb37198e0337b69da2682e8fb3242c081f4fe76c	conf/energymanagement/layout.xml	9762f735f06cdf73fb07f0087065511815dcc6bb	90322beab028fcda147899d783109ac19eed184bf3c0ba79949391bc42f4707e	4f53cda18c2baa0c0354bb5f9a3ecbe5ed12ab4d8e11ba873c2f11161202b945	declared-XML-selector-projection-read	excluded	Lighting/Automation and F411/F422 selector projection compared with executable consumers; fixture values and object IDs excluded as physical capacities or Firmware evidence; malformed XML not runtime acceptance evidence; unrelated Configuration omitted
BtExperience	cb37198e0337b69da2682e8fb3242c081f4fe76c	conf/illuminazione/layout.xml	441a1088af0054e82580b7e7c50d7dfb82892ebe	74e1c054b09533acfdde6ea15f0f839bace32cb8d7c02b52628cea03b040f6a3	4f53cda18c2baa0c0354bb5f9a3ecbe5ed12ab4d8e11ba873c2f11161202b945	declared-XML-selector-projection-read	excluded	Lighting/Automation and F411/F422 selector projection compared with executable consumers; fixture values and object IDs excluded as physical capacities or Firmware evidence; malformed XML not runtime acceptance evidence; unrelated Configuration omitted
BtExperience	cb37198e0337b69da2682e8fb3242c081f4fe76c	conf/messages/layout.xml	9abac9940ed71e92868a8a8bbe4df18f649ade2d	062783642fb1f8332ebb94605b49686742eacbaf0144df0a9e52f04736eefd47	4f53cda18c2baa0c0354bb5f9a3ecbe5ed12ab4d8e11ba873c2f11161202b945	declared-XML-selector-projection-read	excluded	Lighting/Automation and F411/F422 selector projection compared with executable consumers; fixture values and object IDs excluded as physical capacities or Firmware evidence; malformed XML not runtime acceptance evidence; unrelated Configuration omitted
BtExperience	cb37198e0337b69da2682e8fb3242c081f4fe76c	conf/popup/layout.xml	ae3f2e00af7737b9faa2965d22e912cc3355953a	ae2a3d71513befe528eb48c631b25ce2bf1257ed44bf4990d7088a67ed9fd2f3	4f53cda18c2baa0c0354bb5f9a3ecbe5ed12ab4d8e11ba873c2f11161202b945	declared-XML-selector-projection-read	excluded	Lighting/Automation and F411/F422 selector projection compared with executable consumers; fixture values and object IDs excluded as physical capacities or Firmware evidence; malformed XML not runtime acceptance evidence; unrelated Configuration omitted
BtExperience	cb37198e0337b69da2682e8fb3242c081f4fe76c	conf/scenarios/archive.xml	e971538133a15e0ce0ed549741f3df199b9eb684	833e907dd0dbbee18fcd85e740be1967f23b071a6d5295e5e3c062fce1f86e58	4f53cda18c2baa0c0354bb5f9a3ecbe5ed12ab4d8e11ba873c2f11161202b945	declared-XML-selector-projection-read	excluded	Lighting/Automation and F411/F422 selector projection compared with executable consumers; fixture values and object IDs excluded as physical capacities or Firmware evidence; malformed XML not runtime acceptance evidence; unrelated Configuration omitted
BtExperience	cb37198e0337b69da2682e8fb3242c081f4fe76c	conf/scenarios/layout.xml	b67b0b5f839bdabf7dfa0dfe78774cf30797f7af	7f2d4e86dd07d436e0fcd227a237fb07b219759b27d3d74bc54e9973b0078250	4f53cda18c2baa0c0354bb5f9a3ecbe5ed12ab4d8e11ba873c2f11161202b945	declared-XML-selector-projection-read	excluded	Lighting/Automation and F411/F422 selector projection compared with executable consumers; fixture values and object IDs excluded as physical capacities or Firmware evidence; malformed XML not runtime acceptance evidence; unrelated Configuration omitted
BtExperience	cb37198e0337b69da2682e8fb3242c081f4fe76c	conf/termo.4z/layout.xml	fa0ecdfdca4f29448c7614c1e8348eeea023f9a4	b2dd3e3e72405be06d3dc5d5012d263cb9070170675f9c0c51ec54574afde8fb	4f53cda18c2baa0c0354bb5f9a3ecbe5ed12ab4d8e11ba873c2f11161202b945	declared-XML-selector-projection-read	excluded	Lighting/Automation and F411/F422 selector projection compared with executable consumers; fixture values and object IDs excluded as physical capacities or Firmware evidence; malformed XML not runtime acceptance evidence; unrelated Configuration omitted
BtExperience	cb37198e0337b69da2682e8fb3242c081f4fe76c	conf/termo.99z/layout.xml	45ffe922e9a2cf3505213574132c5da69f2a1b57	54f837bfdfe3877974ff9a416dcb6591d363ab0be82f744f5c3711d954dad081	4f53cda18c2baa0c0354bb5f9a3ecbe5ed12ab4d8e11ba873c2f11161202b945	declared-XML-selector-projection-read	excluded	Lighting/Automation and F411/F422 selector projection compared with executable consumers; fixture values and object IDs excluded as physical capacities or Firmware evidence; malformed XML not runtime acceptance evidence; unrelated Configuration omitted
BtExperience	cb37198e0337b69da2682e8fb3242c081f4fe76c	conf/vde/layout.xml	a2587b6d4c16538cf882049861646c3d6e4e6e97	930951d513e5780ca68c36a678c13da548eeb5665b52843b784fd22b30dec704	4f53cda18c2baa0c0354bb5f9a3ecbe5ed12ab4d8e11ba873c2f11161202b945	declared-XML-selector-projection-read	excluded	Lighting/Automation and F411/F422 selector projection compared with executable consumers; fixture values and object IDs excluded as physical capacities or Firmware evidence; malformed XML not runtime acceptance evidence; unrelated Configuration omitted
BtExperience	10959d7c819d6dbd9244ead054412fb8d5df40e7	conf/all/archive.xml	56bdc0ed9b9c15c9f1846a436a587d6c12a059a2	ad19bf6f2bd852d813e6a0347d3578bb0274077cd0e99fa3f5f43b2048c907a7	129b9597d8827c30560427dc96e45b04d39881cdd96b627a8b61464ae8dc6e37	declared-XML-selector-projection-read	excluded	Lighting/Automation and F411/F422 selector projection compared with executable consumers; fixture values and object IDs excluded as physical capacities or Firmware evidence; malformed XML not runtime acceptance evidence; unrelated Configuration omitted
BtExperience	10959d7c819d6dbd9244ead054412fb8d5df40e7	conf/all/layout.xml	d63a8a15f3c199ff3d956cae9ab8997b397b6ed6	ddb1692bce4a63602637d4d3b71ea6163e0b9a055cc3076e558b8d189dd8e108	4f53cda18c2baa0c0354bb5f9a3ecbe5ed12ab4d8e11ba873c2f11161202b945	declared-XML-selector-projection-read	excluded	Lighting/Automation and F411/F422 selector projection compared with executable consumers; fixture values and object IDs excluded as physical capacities or Firmware evidence; malformed XML not runtime acceptance evidence; unrelated Configuration omitted
BtExperience	10959d7c819d6dbd9244ead054412fb8d5df40e7	conf/antintrusione/archive.xml	ea1add373600b668c0a088c48225cdc18aa8a5ef	cf9480353c15f0cef72ac79bf3483f716e4783506a430462b6f7c51318231922	4f53cda18c2baa0c0354bb5f9a3ecbe5ed12ab4d8e11ba873c2f11161202b945	declared-XML-selector-projection-read	excluded	Lighting/Automation and F411/F422 selector projection compared with executable consumers; fixture values and object IDs excluded as physical capacities or Firmware evidence; malformed XML not runtime acceptance evidence; unrelated Configuration omitted
BtExperience	10959d7c819d6dbd9244ead054412fb8d5df40e7	conf/diffson.mono/archive.xml	6a2fc5c8cbfba973cf7d6408b94edab2e954d2a7	e5d15e76128eb2fdb442e05253b04dfe3a9b6836814d43a40a3bfdb48e7c9cd9	4f53cda18c2baa0c0354bb5f9a3ecbe5ed12ab4d8e11ba873c2f11161202b945	declared-XML-selector-projection-read	excluded	Lighting/Automation and F411/F422 selector projection compared with executable consumers; fixture values and object IDs excluded as physical capacities or Firmware evidence; malformed XML not runtime acceptance evidence; unrelated Configuration omitted
BtExperience	10959d7c819d6dbd9244ead054412fb8d5df40e7	conf/diffson.mono/layout.xml	d099031145944557536628e784057dba4dc1c26a	34eb6e9bd16d0063a9ddfe729733a7efba593578f0a1cbe1bda47bac6cfe4302	4f53cda18c2baa0c0354bb5f9a3ecbe5ed12ab4d8e11ba873c2f11161202b945	declared-XML-selector-projection-read	excluded	Lighting/Automation and F411/F422 selector projection compared with executable consumers; fixture values and object IDs excluded as physical capacities or Firmware evidence; malformed XML not runtime acceptance evidence; unrelated Configuration omitted
BtExperience	10959d7c819d6dbd9244ead054412fb8d5df40e7	conf/diffson.multi/archive.xml	367a19dd34df257b77c9c6f2f32a447731938d86	7c965239181474339efeeb9bbb935d73aac065ab7e8146cc8fede36b4754d5ca	4f53cda18c2baa0c0354bb5f9a3ecbe5ed12ab4d8e11ba873c2f11161202b945	declared-XML-selector-projection-read	excluded	Lighting/Automation and F411/F422 selector projection compared with executable consumers; fixture values and object IDs excluded as physical capacities or Firmware evidence; malformed XML not runtime acceptance evidence; unrelated Configuration omitted
BtExperience	10959d7c819d6dbd9244ead054412fb8d5df40e7	conf/energymanagement/archive.xml	6f7f731f0ba3a2d0e89502d2f66eec563cff84b8	edc84d2058606cdcf9e632ff47f522326a82171cae7c98be298331559278cf61	4f53cda18c2baa0c0354bb5f9a3ecbe5ed12ab4d8e11ba873c2f11161202b945	declared-XML-selector-projection-read	excluded	Lighting/Automation and F411/F422 selector projection compared with executable consumers; fixture values and object IDs excluded as physical capacities or Firmware evidence; malformed XML not runtime acceptance evidence; unrelated Configuration omitted
BtExperience	10959d7c819d6dbd9244ead054412fb8d5df40e7	conf/messages/archive.xml	516ab13462149255abc75c16127c78116427138f	321864ac1e3d342c2f7d153a12713ce3c5501a278bda99bf26387964886ca8c5	4f53cda18c2baa0c0354bb5f9a3ecbe5ed12ab4d8e11ba873c2f11161202b945	declared-XML-selector-projection-read	excluded	Lighting/Automation and F411/F422 selector projection compared with executable consumers; fixture values and object IDs excluded as physical capacities or Firmware evidence; malformed XML not runtime acceptance evidence; unrelated Configuration omitted
BtExperience	10959d7c819d6dbd9244ead054412fb8d5df40e7	conf/termo.4z/archive.xml	4eaa66651a19475c9c3794e82ef976a471b76c9b	c2950846918f6f545644cddee3b8ebcc344ca80349c81bd64d43881bec22540d	4f53cda18c2baa0c0354bb5f9a3ecbe5ed12ab4d8e11ba873c2f11161202b945	declared-XML-selector-projection-read	excluded	Lighting/Automation and F411/F422 selector projection compared with executable consumers; fixture values and object IDs excluded as physical capacities or Firmware evidence; malformed XML not runtime acceptance evidence; unrelated Configuration omitted
BtExperience	10959d7c819d6dbd9244ead054412fb8d5df40e7	conf/termo.99z/archive.xml	94dcbb8dc5272bd8b8fee376666d73e3a51e4b27	0d3bacb8cdb3dc8ef049ab288922fa3ad3faa2f8888be95e20b9919c4d9f4823	4f53cda18c2baa0c0354bb5f9a3ecbe5ed12ab4d8e11ba873c2f11161202b945	declared-XML-selector-projection-read	excluded	Lighting/Automation and F411/F422 selector projection compared with executable consumers; fixture values and object IDs excluded as physical capacities or Firmware evidence; malformed XML not runtime acceptance evidence; unrelated Configuration omitted
BtExperience	8b48e5a1f114e77e29859fb373c476fe05aaa941	conf/all/archive.xml	855d8923cceedd6bff4b0d3792883b36e61c558e	1aec68cea507755e4df3d7e742c81c77ace70142ab46f00d784bc32e77c81585	129b9597d8827c30560427dc96e45b04d39881cdd96b627a8b61464ae8dc6e37	declared-XML-selector-projection-read	excluded	Lighting/Automation and F411/F422 selector projection compared with executable consumers; fixture values and object IDs excluded as physical capacities or Firmware evidence; malformed XML not runtime acceptance evidence; unrelated Configuration omitted
BtExperience	8b48e5a1f114e77e29859fb373c476fe05aaa941	conf/energymanagement/archive.xml	edadb47fece05a6f126976852be43301358d3bfb	238e98318ce071f873052c9cc8ab806fcdcafb10f881feecb5eb9d8f20762106	4f53cda18c2baa0c0354bb5f9a3ecbe5ed12ab4d8e11ba873c2f11161202b945	declared-XML-selector-projection-read	excluded	Lighting/Automation and F411/F422 selector projection compared with executable consumers; fixture values and object IDs excluded as physical capacities or Firmware evidence; malformed XML not runtime acceptance evidence; unrelated Configuration omitted
BtExperience	962472bd32c01aecc7c10f39d4f3e67149dae024	conf/all/archive.xml	8791adcb28b5c082ebf9834ac887dad3569169cf	22331cd16a5279470249064ef625dd27ffe3d07ad7c1c433044c76a8c6495ef7	129b9597d8827c30560427dc96e45b04d39881cdd96b627a8b61464ae8dc6e37	declared-XML-selector-projection-read	excluded	Lighting/Automation and F411/F422 selector projection compared with executable consumers; fixture values and object IDs excluded as physical capacities or Firmware evidence; malformed XML not runtime acceptance evidence; unrelated Configuration omitted
BtExperience	1e78dafb71d95cca626f14d368c0c535c80dedf3	conf/all/archive.xml	712ffaa5825368c869759c566b369d762003d6e1	ed3b3947d92c2a08813092a7661453117fae53cdb4e306d7ad5e54c45278c4ca	129b9597d8827c30560427dc96e45b04d39881cdd96b627a8b61464ae8dc6e37	declared-XML-selector-projection-read	excluded	Lighting/Automation and F411/F422 selector projection compared with executable consumers; fixture values and object IDs excluded as physical capacities or Firmware evidence; malformed XML not runtime acceptance evidence; unrelated Configuration omitted
BtExperience	1e78dafb71d95cca626f14d368c0c535c80dedf3	conf/diffson.mono/archive.xml	6ff9c9a89d982215e2b7ab6f85e3d8c5b3bb4011	5cc5edb87f6cb8f3189da83812d5424ddd51fad8548a4e9b79d57e47f5aeafc5	4f53cda18c2baa0c0354bb5f9a3ecbe5ed12ab4d8e11ba873c2f11161202b945	declared-XML-selector-projection-read	excluded	Lighting/Automation and F411/F422 selector projection compared with executable consumers; fixture values and object IDs excluded as physical capacities or Firmware evidence; malformed XML not runtime acceptance evidence; unrelated Configuration omitted
BtExperience	1e78dafb71d95cca626f14d368c0c535c80dedf3	conf/diffson.multi/archive.xml	235abc956e0630a3e33d7fd3e84c6c3b920a4e00	b6449f0d1bf87bf2c6f3b541183b3ebbbe4cd2caf44db4b2a901ed385d0afb94	4f53cda18c2baa0c0354bb5f9a3ecbe5ed12ab4d8e11ba873c2f11161202b945	declared-XML-selector-projection-read	excluded	Lighting/Automation and F411/F422 selector projection compared with executable consumers; fixture values and object IDs excluded as physical capacities or Firmware evidence; malformed XML not runtime acceptance evidence; unrelated Configuration omitted
BtExperience	d17df3dceef01bf75adffbf9375efd914684415a	conf/all/archive.xml	a03e5d353e2b3b1b3568e0b0a30a6af6b1051694	a0705af0a57a57fc3dcb122cfd77dda0ebfd2869fec62b5dbd7214c374f0dfc1	129b9597d8827c30560427dc96e45b04d39881cdd96b627a8b61464ae8dc6e37	declared-XML-selector-projection-read	excluded	Lighting/Automation and F411/F422 selector projection compared with executable consumers; fixture values and object IDs excluded as physical capacities or Firmware evidence; malformed XML not runtime acceptance evidence; unrelated Configuration omitted
BtExperience	d17df3dceef01bf75adffbf9375efd914684415a	conf/diffson.mono/archive.xml	60bf9942822015da04d236454757425fa7e8add0	49c06d83e0ac26cc9c2bcf1b9f7f77a627d578d34d289d88a3f0f5846f33e5ec	4f53cda18c2baa0c0354bb5f9a3ecbe5ed12ab4d8e11ba873c2f11161202b945	declared-XML-selector-projection-read	excluded	Lighting/Automation and F411/F422 selector projection compared with executable consumers; fixture values and object IDs excluded as physical capacities or Firmware evidence; malformed XML not runtime acceptance evidence; unrelated Configuration omitted
BtExperience	d17df3dceef01bf75adffbf9375efd914684415a	conf/diffson.multi/archive.xml	d131484d27b27535db184be258ae3a43dce72275	2efef4b28a0fd579fedd6acf699e231c90d3c35d039fabd72d41b07f8850932b	4f53cda18c2baa0c0354bb5f9a3ecbe5ed12ab4d8e11ba873c2f11161202b945	declared-XML-selector-projection-read	excluded	Lighting/Automation and F411/F422 selector projection compared with executable consumers; fixture values and object IDs excluded as physical capacities or Firmware evidence; malformed XML not runtime acceptance evidence; unrelated Configuration omitted
BtExperience	d7747508b918310ca340a08e9d80cfe703e117c9	conf/energymanagement/archive.xml	370beb9ebd3d29e0fdff52a4565aa726fbf87292	e301b58e3c0943b9844481027661001e2bbc1ea7909040c054e513650c2a8f8f	4f53cda18c2baa0c0354bb5f9a3ecbe5ed12ab4d8e11ba873c2f11161202b945	declared-XML-selector-projection-read	excluded	Lighting/Automation and F411/F422 selector projection compared with executable consumers; fixture values and object IDs excluded as physical capacities or Firmware evidence; malformed XML not runtime acceptance evidence; unrelated Configuration omitted
BtExperience	7a646f5ef162f4fa1187e51bddf938ba962958e7	conf/all/archive.xml	0a68b40ac91edd7fd07f1dfcd0b9951f6a08943d	61190bb04c79feb3cbca5e8322f6cf39ee8ac5570e601729c951f7648b0903e4	129b9597d8827c30560427dc96e45b04d39881cdd96b627a8b61464ae8dc6e37	declared-XML-selector-projection-read	excluded	Lighting/Automation and F411/F422 selector projection compared with executable consumers; fixture values and object IDs excluded as physical capacities or Firmware evidence; malformed XML not runtime acceptance evidence; unrelated Configuration omitted
BtExperience	7a646f5ef162f4fa1187e51bddf938ba962958e7	conf/all/layout.xml	bf4f2b67ef4b6e65a44a70dba26159959c06e2ed	caf79bb057cbdc8171cf1b09fd380ed6727c01382170b60efc51dd3fb5d43854	4f53cda18c2baa0c0354bb5f9a3ecbe5ed12ab4d8e11ba873c2f11161202b945	declared-XML-selector-projection-read	excluded	Lighting/Automation and F411/F422 selector projection compared with executable consumers; fixture values and object IDs excluded as physical capacities or Firmware evidence; malformed XML not runtime acceptance evidence; unrelated Configuration omitted
BtExperience	7a646f5ef162f4fa1187e51bddf938ba962958e7	conf/energymanagement/archive.xml	b7e6f92b0b22e65a4e246c24d8d3ccc05e3c33e6	246332ad15d767727c3d185f3cffd42e7f5e961937c5077d33b7ebd97d717280	4f53cda18c2baa0c0354bb5f9a3ecbe5ed12ab4d8e11ba873c2f11161202b945	declared-XML-selector-projection-read	excluded	Lighting/Automation and F411/F422 selector projection compared with executable consumers; fixture values and object IDs excluded as physical capacities or Firmware evidence; malformed XML not runtime acceptance evidence; unrelated Configuration omitted
BtExperience	7a646f5ef162f4fa1187e51bddf938ba962958e7	conf/energymanagement/layout.xml	cb93dc7172de241adae5d6b59a71bc6787339dae	de40de23ad323d197cabd4741d6bf38fd018246a3e77cc1943d9cb13e83601a9	4f53cda18c2baa0c0354bb5f9a3ecbe5ed12ab4d8e11ba873c2f11161202b945	declared-XML-selector-projection-read	excluded	Lighting/Automation and F411/F422 selector projection compared with executable consumers; fixture values and object IDs excluded as physical capacities or Firmware evidence; malformed XML not runtime acceptance evidence; unrelated Configuration omitted
BtExperience	7a646f5ef162f4fa1187e51bddf938ba962958e7	conf/vde/archive.xml	12b48d36f8bb292cb73ace3ca58bf4daa8790aa3	e25ff4180b77ae6998a4560c97a910757a0a926032b52596178384d20c818c48	4f53cda18c2baa0c0354bb5f9a3ecbe5ed12ab4d8e11ba873c2f11161202b945	declared-XML-selector-projection-read	excluded	Lighting/Automation and F411/F422 selector projection compared with executable consumers; fixture values and object IDs excluded as physical capacities or Firmware evidence; malformed XML not runtime acceptance evidence; unrelated Configuration omitted
BtExperience	7a646f5ef162f4fa1187e51bddf938ba962958e7	conf/vde/layout.xml	cc1d21716c88433c78620aedbdd23d24fb73989c	26c3a1d0fc507a0a2296431dc7edce9e931a8f38036085e20bac4eafab7b71b2	4f53cda18c2baa0c0354bb5f9a3ecbe5ed12ab4d8e11ba873c2f11161202b945	declared-XML-selector-projection-read	excluded	Lighting/Automation and F411/F422 selector projection compared with executable consumers; fixture values and object IDs excluded as physical capacities or Firmware evidence; malformed XML not runtime acceptance evidence; unrelated Configuration omitted
BtExperience	d65a48b9b28a8e51f26701c03138b5e75b30afad	conf/energymanagement/archive.xml	a39b54e93a65ffa5c5369858d252a36f5f7b7a0a	c1e4385ade9801a1ba4ac2be3553454f0235f8990e3d9c980791c6a96775ceab	4f53cda18c2baa0c0354bb5f9a3ecbe5ed12ab4d8e11ba873c2f11161202b945	declared-XML-selector-projection-read	excluded	Lighting/Automation and F411/F422 selector projection compared with executable consumers; fixture values and object IDs excluded as physical capacities or Firmware evidence; malformed XML not runtime acceptance evidence; unrelated Configuration omitted
BtExperience	24c9d21bb937cb2014f7b11c32844a382b17c14d	conf/energymanagement/archive.xml	19ffbfdda470a4e39e228e042bfafa3fb00d8be3	dfd62cd849d1b659cfaa1b5512d16fc85e799a298b7f3e4198390f3d70ea97a6	4f53cda18c2baa0c0354bb5f9a3ecbe5ed12ab4d8e11ba873c2f11161202b945	declared-XML-selector-projection-read	excluded	Lighting/Automation and F411/F422 selector projection compared with executable consumers; fixture values and object IDs excluded as physical capacities or Firmware evidence; malformed XML not runtime acceptance evidence; unrelated Configuration omitted
BtExperience	a1f0d902a41f9bd59e4158576d7cd21e27c65c84	conf/air.conditioning/conf.xml	2ea16bd02558c250d6466e7ce7a4d42271eea577	4f9b7d1f9de0649f307ce009848ef5bfa1b375d1c75ae3302137aac117425194	4f53cda18c2baa0c0354bb5f9a3ecbe5ed12ab4d8e11ba873c2f11161202b945	declared-XML-selector-projection-read	excluded	Lighting/Automation and F411/F422 selector projection compared with executable consumers; fixture values and object IDs excluded as physical capacities or Firmware evidence; malformed XML not runtime acceptance evidence; unrelated Configuration omitted
BtExperience	a1f0d902a41f9bd59e4158576d7cd21e27c65c84	conf/all/conf.xml	a53af8a0f81ffbe40fc3a1c9865de2cc4dd064ed	9fe5671c4e73253fa22f36fa9542ee7ca39ec2e1556c7644fbdbf4b5b7d5de5f	4f53cda18c2baa0c0354bb5f9a3ecbe5ed12ab4d8e11ba873c2f11161202b945	declared-XML-selector-projection-read	excluded	Lighting/Automation and F411/F422 selector projection compared with executable consumers; fixture values and object IDs excluded as physical capacities or Firmware evidence; malformed XML not runtime acceptance evidence; unrelated Configuration omitted
BtExperience	4f6f926262df5342fef35ae553aa74090ee2daf4	conf/all/layout.xml	93af39e43d00bad8e10d85b1fe3c8721b9dcee09	6247ca71a0a839c4b6acc304370ec3aac0fc3c22c832afe664d0ce7afc5f423c	4f53cda18c2baa0c0354bb5f9a3ecbe5ed12ab4d8e11ba873c2f11161202b945	declared-XML-selector-projection-read	excluded	Lighting/Automation and F411/F422 selector projection compared with executable consumers; fixture values and object IDs excluded as physical capacities or Firmware evidence; malformed XML not runtime acceptance evidence; unrelated Configuration omitted
BtExperience	5387d34a63413cb6523d634a7c4b3cbd2e4367c1	conf/energymanagement/layout.xml	a244a4e44dcba53769804f2f3633575248b4063b	490bf6bb81e357d2bbb5b10894b4dff2576d94e843d48e50479499bae63362d2	4f53cda18c2baa0c0354bb5f9a3ecbe5ed12ab4d8e11ba873c2f11161202b945	declared-XML-selector-projection-read	excluded	Lighting/Automation and F411/F422 selector projection compared with executable consumers; fixture values and object IDs excluded as physical capacities or Firmware evidence; malformed XML not runtime acceptance evidence; unrelated Configuration omitted
BtExperience	2e37a8beb881d9aa010a3e75ecd2db7dfc11b482	conf/air.conditioning/layout.xml	0e2c86fb5503e3a6b1b3dc53df32dcc333c2009b	44bc6d664a984670c75c4af478e6f3a8357e747660d01bce69344929d244a93d	4f53cda18c2baa0c0354bb5f9a3ecbe5ed12ab4d8e11ba873c2f11161202b945	declared-XML-selector-projection-read	excluded	Lighting/Automation and F411/F422 selector projection compared with executable consumers; fixture values and object IDs excluded as physical capacities or Firmware evidence; malformed XML not runtime acceptance evidence; unrelated Configuration omitted
BtExperience	2e37a8beb881d9aa010a3e75ecd2db7dfc11b482	conf/all/conf.xml	dc566919adec8adf40a07bdba12cbc78c52e9eca	96f4006f346d53425778a1d742f8032239a5bb4a47e13379b8dc4262b23a6694	129b9597d8827c30560427dc96e45b04d39881cdd96b627a8b61464ae8dc6e37	declared-XML-selector-projection-read	excluded	Lighting/Automation and F411/F422 selector projection compared with executable consumers; fixture values and object IDs excluded as physical capacities or Firmware evidence; malformed XML not runtime acceptance evidence; unrelated Configuration omitted
BtExperience	2e37a8beb881d9aa010a3e75ecd2db7dfc11b482	conf/all/layout.xml	74683012a27181edbad960b264d78e2344cb5ecb	bcc0b90f0acc77f5f407fbe3e1e4ca7bfb4823d7bfe4c88caf591b95977eb47e	4f53cda18c2baa0c0354bb5f9a3ecbe5ed12ab4d8e11ba873c2f11161202b945	declared-XML-selector-projection-read	excluded	Lighting/Automation and F411/F422 selector projection compared with executable consumers; fixture values and object IDs excluded as physical capacities or Firmware evidence; malformed XML not runtime acceptance evidence; unrelated Configuration omitted
BtExperience	2e37a8beb881d9aa010a3e75ecd2db7dfc11b482	conf/antintrusione/conf.xml	2991afb8c3386920b52c346f0b80661042608dd1	edff50489b4c1dd447ee2a4ebdee21e433fa6e3e52d1cad991a676cea637b8c0	4f53cda18c2baa0c0354bb5f9a3ecbe5ed12ab4d8e11ba873c2f11161202b945	declared-XML-selector-projection-read	excluded	Lighting/Automation and F411/F422 selector projection compared with executable consumers; fixture values and object IDs excluded as physical capacities or Firmware evidence; malformed XML not runtime acceptance evidence; unrelated Configuration omitted
BtExperience	2e37a8beb881d9aa010a3e75ecd2db7dfc11b482	conf/antintrusione/layout.xml	01b4ba804f317cf9cd9356af617290387110a248	7b9f12073c252df1ff1893e3446846f15488b000a389a94cdb7235e14a567986	4f53cda18c2baa0c0354bb5f9a3ecbe5ed12ab4d8e11ba873c2f11161202b945	declared-XML-selector-projection-read	excluded	Lighting/Automation and F411/F422 selector projection compared with executable consumers; fixture values and object IDs excluded as physical capacities or Firmware evidence; malformed XML not runtime acceptance evidence; unrelated Configuration omitted
BtExperience	2e37a8beb881d9aa010a3e75ecd2db7dfc11b482	conf/diffson.mono/conf.xml	378357202f374e901c3ce7a167892aa1f215d4de	c5bfbacc502e780f177fd138c1bebc8cf9879e5d192486f97fe2885f3635a633	4f53cda18c2baa0c0354bb5f9a3ecbe5ed12ab4d8e11ba873c2f11161202b945	declared-XML-selector-projection-read	excluded	Lighting/Automation and F411/F422 selector projection compared with executable consumers; fixture values and object IDs excluded as physical capacities or Firmware evidence; malformed XML not runtime acceptance evidence; unrelated Configuration omitted
BtExperience	2e37a8beb881d9aa010a3e75ecd2db7dfc11b482	conf/diffson.mono/layout.xml	919e35620568cb1eeb577655b315168d826b5567	bff0681ea40dc46688898a6b559cfdd514f1227b8204c40ee7f005e27d428812	4f53cda18c2baa0c0354bb5f9a3ecbe5ed12ab4d8e11ba873c2f11161202b945	declared-XML-selector-projection-read	excluded	Lighting/Automation and F411/F422 selector projection compared with executable consumers; fixture values and object IDs excluded as physical capacities or Firmware evidence; malformed XML not runtime acceptance evidence; unrelated Configuration omitted
BtExperience	2e37a8beb881d9aa010a3e75ecd2db7dfc11b482	conf/diffson.multi/conf.xml	7d2a01e8bad0ea2015a1d10bffe10ab2c1a0d12e	afaca007dca454b39a49988340ac7d63c4ef5a481ac2b5effe487fa3babd492e	4f53cda18c2baa0c0354bb5f9a3ecbe5ed12ab4d8e11ba873c2f11161202b945	declared-XML-selector-projection-read	excluded	Lighting/Automation and F411/F422 selector projection compared with executable consumers; fixture values and object IDs excluded as physical capacities or Firmware evidence; malformed XML not runtime acceptance evidence; unrelated Configuration omitted
BtExperience	2e37a8beb881d9aa010a3e75ecd2db7dfc11b482	conf/energymanagement/layout.xml	3980f1152878ffd1bda3422a5f23a20bdf402568	67793c0af17531e108ae0425db7ac7ee629a7e882d02b0da11d4d5df9f02f7a0	4f53cda18c2baa0c0354bb5f9a3ecbe5ed12ab4d8e11ba873c2f11161202b945	declared-XML-selector-projection-read	excluded	Lighting/Automation and F411/F422 selector projection compared with executable consumers; fixture values and object IDs excluded as physical capacities or Firmware evidence; malformed XML not runtime acceptance evidence; unrelated Configuration omitted
BtExperience	2e37a8beb881d9aa010a3e75ecd2db7dfc11b482	conf/illuminazione/conf.xml	cbff9677fd1547bb53db0b79c64ff75597995f83	a62bc2e7b862a928a39975588397e674867ef185a3f459cf73b2d08154e433ea	829eb3b20441dd4c67c2709fbf9b651627014dfafff1617ad13c5ec4429299f7	declared-XML-selector-projection-read	excluded	Lighting/Automation and F411/F422 selector projection compared with executable consumers; fixture values and object IDs excluded as physical capacities or Firmware evidence; malformed XML not runtime acceptance evidence; unrelated Configuration omitted
BtExperience	2e37a8beb881d9aa010a3e75ecd2db7dfc11b482	conf/illuminazione/layout.xml	4685766c2fb64d7367c79075418232c3c2d68c84	7d6b26363dbd73c907daa8c495c49af6392451fd73b2803b4f45e33c8c3a4d69	4f53cda18c2baa0c0354bb5f9a3ecbe5ed12ab4d8e11ba873c2f11161202b945	declared-XML-selector-projection-read	excluded	Lighting/Automation and F411/F422 selector projection compared with executable consumers; fixture values and object IDs excluded as physical capacities or Firmware evidence; malformed XML not runtime acceptance evidence; unrelated Configuration omitted
BtExperience	2e37a8beb881d9aa010a3e75ecd2db7dfc11b482	conf/messages/conf.xml	204d71a254d574207e88d682368f68c6567589dd	4ba7553ed0a7a4ebe8737a8e2089ce4b256384c9a7ab87d691d2e3527d1dd061	4f53cda18c2baa0c0354bb5f9a3ecbe5ed12ab4d8e11ba873c2f11161202b945	declared-XML-selector-projection-read	excluded	Lighting/Automation and F411/F422 selector projection compared with executable consumers; fixture values and object IDs excluded as physical capacities or Firmware evidence; malformed XML not runtime acceptance evidence; unrelated Configuration omitted
BtExperience	2e37a8beb881d9aa010a3e75ecd2db7dfc11b482	conf/messages/layout.xml	6926d6a841e811b134daed5aff32421d8ceb683d	dbdeb2238fd4eda423e15469393d78105511c7d46ae6874d2f17f6c166f83785	4f53cda18c2baa0c0354bb5f9a3ecbe5ed12ab4d8e11ba873c2f11161202b945	declared-XML-selector-projection-read	excluded	Lighting/Automation and F411/F422 selector projection compared with executable consumers; fixture values and object IDs excluded as physical capacities or Firmware evidence; malformed XML not runtime acceptance evidence; unrelated Configuration omitted
BtExperience	2e37a8beb881d9aa010a3e75ecd2db7dfc11b482	conf/scenarios/layout.xml	f70c15df74dbc6b397ef4805dd5cf7fd91f03705	ca9ca5f620c579fa5692af631c84bdec79e58a70a6e481e63d25ffeec4038166	4f53cda18c2baa0c0354bb5f9a3ecbe5ed12ab4d8e11ba873c2f11161202b945	declared-XML-selector-projection-read	excluded	Lighting/Automation and F411/F422 selector projection compared with executable consumers; fixture values and object IDs excluded as physical capacities or Firmware evidence; malformed XML not runtime acceptance evidence; unrelated Configuration omitted
BtExperience	2e37a8beb881d9aa010a3e75ecd2db7dfc11b482	conf/termo.4z/conf.xml	15d40165febf290722a843b6283cdef2673430bf	c03013cfacbb3074f0e16c6025f894aa911baadce27be5939415a3ce26924b31	4f53cda18c2baa0c0354bb5f9a3ecbe5ed12ab4d8e11ba873c2f11161202b945	declared-XML-selector-projection-read	excluded	Lighting/Automation and F411/F422 selector projection compared with executable consumers; fixture values and object IDs excluded as physical capacities or Firmware evidence; malformed XML not runtime acceptance evidence; unrelated Configuration omitted
BtExperience	2e37a8beb881d9aa010a3e75ecd2db7dfc11b482	conf/termo.4z/layout.xml	9a84c8e57a923a075169b291da585284f44bd929	b62009b45628d851039156ca90575acbef5e22194451fd7a569d4b2674e9f10e	4f53cda18c2baa0c0354bb5f9a3ecbe5ed12ab4d8e11ba873c2f11161202b945	declared-XML-selector-projection-read	excluded	Lighting/Automation and F411/F422 selector projection compared with executable consumers; fixture values and object IDs excluded as physical capacities or Firmware evidence; malformed XML not runtime acceptance evidence; unrelated Configuration omitted
BtExperience	2e37a8beb881d9aa010a3e75ecd2db7dfc11b482	conf/termo.99z/conf.xml	28ca91df119dbc3aafb542f9a337a2708bbdd245	f8fab91deaa8b6b7bfc66dc94654058ad9a677042851d1cd2923cc2105dda377	4f53cda18c2baa0c0354bb5f9a3ecbe5ed12ab4d8e11ba873c2f11161202b945	declared-XML-selector-projection-read	excluded	Lighting/Automation and F411/F422 selector projection compared with executable consumers; fixture values and object IDs excluded as physical capacities or Firmware evidence; malformed XML not runtime acceptance evidence; unrelated Configuration omitted
BtExperience	2e37a8beb881d9aa010a3e75ecd2db7dfc11b482	conf/termo.99z/layout.xml	ec41f6030307495b5be06c42d3b59ac9460336a7	e7257878f28bc156451e12ee4c1ef46233832a22909ec7ba3507dc96dff1d1ef	4f53cda18c2baa0c0354bb5f9a3ecbe5ed12ab4d8e11ba873c2f11161202b945	declared-XML-selector-projection-read	excluded	Lighting/Automation and F411/F422 selector projection compared with executable consumers; fixture values and object IDs excluded as physical capacities or Firmware evidence; malformed XML not runtime acceptance evidence; unrelated Configuration omitted
BtExperience	2e37a8beb881d9aa010a3e75ecd2db7dfc11b482	conf/vde/conf.xml	6b7f3100e2269ccd6702b13e98616dc6b7271bb2	de8aef22a1e15579ad414df19cfea54e5a12deb3e8b131c4261d5eaa597fd02d	4f53cda18c2baa0c0354bb5f9a3ecbe5ed12ab4d8e11ba873c2f11161202b945	declared-XML-selector-projection-read	excluded	Lighting/Automation and F411/F422 selector projection compared with executable consumers; fixture values and object IDs excluded as physical capacities or Firmware evidence; malformed XML not runtime acceptance evidence; unrelated Configuration omitted
BtExperience	2e37a8beb881d9aa010a3e75ecd2db7dfc11b482	conf/vde/layout.xml	5c52cbf1ac2408aa6da214c94f7e93fbca51d7e5	7becec0b42dd6626585332516b6e62e9487e9b960e150aff1d0f99efe86ba2f9	4f53cda18c2baa0c0354bb5f9a3ecbe5ed12ab4d8e11ba873c2f11161202b945	declared-XML-selector-projection-read	excluded	Lighting/Automation and F411/F422 selector projection compared with executable consumers; fixture values and object IDs excluded as physical capacities or Firmware evidence; malformed XML not runtime acceptance evidence; unrelated Configuration omitted
BtExperience	0a72e500a56a8ca3b468d8101f927d2b8cc2fafe	conf/all/layout.xml	4373152e15ef13937a58d1c9377fc11c5f68463a	cbf2f6eaa437a023690e73bd84d044970ad3e726d37f5208f0a393268279d1e8	4f53cda18c2baa0c0354bb5f9a3ecbe5ed12ab4d8e11ba873c2f11161202b945	declared-XML-selector-projection-read	excluded	Lighting/Automation and F411/F422 selector projection compared with executable consumers; fixture values and object IDs excluded as physical capacities or Firmware evidence; malformed XML not runtime acceptance evidence; unrelated Configuration omitted
BtExperience	0a72e500a56a8ca3b468d8101f927d2b8cc2fafe	conf/termo.4z/conf.xml	45f1282ea64d92654de17e86dbc19d38fe34e7a8	cfd39863718a2e11f6cd608cf7644f02f3715bed89f7286df40c561d47fc89b0	4f53cda18c2baa0c0354bb5f9a3ecbe5ed12ab4d8e11ba873c2f11161202b945	declared-XML-selector-projection-read	excluded	Lighting/Automation and F411/F422 selector projection compared with executable consumers; fixture values and object IDs excluded as physical capacities or Firmware evidence; malformed XML not runtime acceptance evidence; unrelated Configuration omitted
BtExperience	c608876208d8d7ee46a787841b4f7587d837541a	conf/all/layout.xml	759244ef5df9291269153527bef5895358455e3d	f27a051967450976e431c5c996b24bf5c31292ebface8928f8265e57d51b2b26	4f53cda18c2baa0c0354bb5f9a3ecbe5ed12ab4d8e11ba873c2f11161202b945	declared-XML-selector-projection-read	excluded	Lighting/Automation and F411/F422 selector projection compared with executable consumers; fixture values and object IDs excluded as physical capacities or Firmware evidence; malformed XML not runtime acceptance evidence; unrelated Configuration omitted
BtExperience	28080a29831267e6bce36e14a2624edcb6f43268	conf/all/layout.xml	bf3087d2976e98e6b8f9e72607ee89ca80a87eb7	496353175c44f6d91720824d0b4baada810dbdc9ba614792506932fabd1f168d	4f53cda18c2baa0c0354bb5f9a3ecbe5ed12ab4d8e11ba873c2f11161202b945	declared-XML-selector-projection-read	excluded	Lighting/Automation and F411/F422 selector projection compared with executable consumers; fixture values and object IDs excluded as physical capacities or Firmware evidence; malformed XML not runtime acceptance evidence; unrelated Configuration omitted
BtExperience	15d01e1fdae07be19872f0c0c2b647c4ab70739c	conf/all/layout.xml	74786689adfe0882a63873cfb31b582330c4ae2a	0d3731541babbf2f22e5d52b868081d9471727992d4e1bc761fe702e3b3ed889	4f53cda18c2baa0c0354bb5f9a3ecbe5ed12ab4d8e11ba873c2f11161202b945	declared-XML-selector-projection-read	excluded	Lighting/Automation and F411/F422 selector projection compared with executable consumers; fixture values and object IDs excluded as physical capacities or Firmware evidence; malformed XML not runtime acceptance evidence; unrelated Configuration omitted
BtExperience	8cc15dc628816e44a3d48bbf9a8c121a30fe6321	conf/all/layout.xml	39483579f096422639418ae45f6a5615b530e8b0	9cfce41bb18cad7488dede2ad5520ab7919309ec1f9a32786a1eb6655946b02c	4f53cda18c2baa0c0354bb5f9a3ecbe5ed12ab4d8e11ba873c2f11161202b945	declared-XML-selector-projection-read	excluded	Lighting/Automation and F411/F422 selector projection compared with executable consumers; fixture values and object IDs excluded as physical capacities or Firmware evidence; malformed XML not runtime acceptance evidence; unrelated Configuration omitted
BtExperience	459dd8ae6fc05348fa2443ea724f4872a85c870d	conf/vde/layout.xml	69e621cd099d77bbc35d7824ce92831fac00cc0d	63afe8f30d317a43b356985f9ded6feea93f5079772ee442052e78061435263c	4f53cda18c2baa0c0354bb5f9a3ecbe5ed12ab4d8e11ba873c2f11161202b945	declared-XML-selector-projection-read	excluded	Lighting/Automation and F411/F422 selector projection compared with executable consumers; fixture values and object IDs excluded as physical capacities or Firmware evidence; malformed XML not runtime acceptance evidence; unrelated Configuration omitted
BtExperience	f5aa747586ec2c4ee8ee5580b7eb28ee6e577ac1	conf/all/conf.xml	58ca2c1b3652a59d19d89a99a7e77cda3cf3e6fd	797d8a3f72da1f266be055c08530a3cc27c1279e01e205ceef8311a59f1bddb6	129b9597d8827c30560427dc96e45b04d39881cdd96b627a8b61464ae8dc6e37	declared-XML-selector-projection-read	excluded	Lighting/Automation and F411/F422 selector projection compared with executable consumers; fixture values and object IDs excluded as physical capacities or Firmware evidence; malformed XML not runtime acceptance evidence; unrelated Configuration omitted
BtExperience	03fb60814f8a1a289efa7ef4b129ea69940adcd9	conf/air.conditioning/conf.xml	550b889be375aedc86b4adc3b8af5f05aff4b606	0da2bb3100c0e465998baaaf3eb7b21af79a0e3e23da6f5a81c0f976eb983a6d	4f53cda18c2baa0c0354bb5f9a3ecbe5ed12ab4d8e11ba873c2f11161202b945	declared-XML-selector-projection-read	excluded	Lighting/Automation and F411/F422 selector projection compared with executable consumers; fixture values and object IDs excluded as physical capacities or Firmware evidence; malformed XML not runtime acceptance evidence; unrelated Configuration omitted
BtExperience	03fb60814f8a1a289efa7ef4b129ea69940adcd9	conf/all/conf.xml	772366b81d9831768f958f3f3894faa2cec3be4b	51b816a404072dbb24ebd288c9648396d9038ad1329e6b4de63235aef938ff1a	129b9597d8827c30560427dc96e45b04d39881cdd96b627a8b61464ae8dc6e37	declared-XML-selector-projection-read	excluded	Lighting/Automation and F411/F422 selector projection compared with executable consumers; fixture values and object IDs excluded as physical capacities or Firmware evidence; malformed XML not runtime acceptance evidence; unrelated Configuration omitted
BtExperience	4d1a607487eac9385e4dff36043e4c3e6c02ff5d	conf/all/conf.xml	e141b11e7070b0b8b890e6ec2047c4b4b1d4e8f4	22512b21c6c9d0569d8a674d9e43cd57e6f1d166a2746600ffdb785e7b4622c0	129b9597d8827c30560427dc96e45b04d39881cdd96b627a8b61464ae8dc6e37	declared-XML-selector-projection-read	excluded	Lighting/Automation and F411/F422 selector projection compared with executable consumers; fixture values and object IDs excluded as physical capacities or Firmware evidence; malformed XML not runtime acceptance evidence; unrelated Configuration omitted
BtExperience	4d1a607487eac9385e4dff36043e4c3e6c02ff5d	conf/energymanagement/conf.xml	89d4945f3ad9711c40e27bf2d93bfaed69c5b0c1	cfcfe6b2d13de655e6e5355967c83741b8bdbc8850277fde1f883d9fa2b3e83e	4f53cda18c2baa0c0354bb5f9a3ecbe5ed12ab4d8e11ba873c2f11161202b945	declared-XML-selector-projection-read	excluded	Lighting/Automation and F411/F422 selector projection compared with executable consumers; fixture values and object IDs excluded as physical capacities or Firmware evidence; malformed XML not runtime acceptance evidence; unrelated Configuration omitted
BtExperience	68a5380b7575d0d9ee5d82d2c52732b9ee26b7de	conf/all/layout.xml	684efb6d7bd9e036d7258107825e86cc1c0ae042	4e543adef4f2e624acab2b55a7f76eb9db77bf673505869ee72aa8e2c693403b	4f53cda18c2baa0c0354bb5f9a3ecbe5ed12ab4d8e11ba873c2f11161202b945	declared-XML-selector-projection-read	excluded	Lighting/Automation and F411/F422 selector projection compared with executable consumers; fixture values and object IDs excluded as physical capacities or Firmware evidence; malformed XML not runtime acceptance evidence; unrelated Configuration omitted
BtExperience	400b2d576ad351e69fe4c522b8ade907ef4a0302	conf/all/layout.xml	a0d8f36d1a6295bb3d34a41b00d87be7f5f66f52	30e03e543963c638ff11fda1152789dff86bd566224169f22876e868b60e59c3	4f53cda18c2baa0c0354bb5f9a3ecbe5ed12ab4d8e11ba873c2f11161202b945	declared-XML-selector-projection-read	excluded	Lighting/Automation and F411/F422 selector projection compared with executable consumers; fixture values and object IDs excluded as physical capacities or Firmware evidence; malformed XML not runtime acceptance evidence; unrelated Configuration omitted
BtExperience	02644a186df33932bf6f8a2c94b322c8fb7be91f	conf/all/layout.xml	3a6ed26cf5492b230c81d6b377f4b72188a8822d	66f7e08c214d5a203c5df0dfa5c2e4c30f49b6a258131c70926099c54c5d07f1	4f53cda18c2baa0c0354bb5f9a3ecbe5ed12ab4d8e11ba873c2f11161202b945	declared-XML-selector-projection-read	excluded	Lighting/Automation and F411/F422 selector projection compared with executable consumers; fixture values and object IDs excluded as physical capacities or Firmware evidence; malformed XML not runtime acceptance evidence; unrelated Configuration omitted
BtExperience	02644a186df33932bf6f8a2c94b322c8fb7be91f	conf/diffson.multi/layout.xml	d6b4d7014ae1441eb5e940165675490875e5823a	8722a5db4b1f6d725bf13f5058c13f87294659d9e1557a1d0762a0729820e57a	4f53cda18c2baa0c0354bb5f9a3ecbe5ed12ab4d8e11ba873c2f11161202b945	declared-XML-selector-projection-read	excluded	Lighting/Automation and F411/F422 selector projection compared with executable consumers; fixture values and object IDs excluded as physical capacities or Firmware evidence; malformed XML not runtime acceptance evidence; unrelated Configuration omitted
BtExperience	80ac23b84316d6cd653870983b7d0dc9d1966a9c	conf/all/layout.xml	9abb0535b66eb8db9f82b262faee3ee0a05830b0	d45655fe87f69fa59215db253918bb9c2b43e82ad3093eb5cac4215101f52078	4f53cda18c2baa0c0354bb5f9a3ecbe5ed12ab4d8e11ba873c2f11161202b945	declared-XML-selector-projection-read	excluded	Lighting/Automation and F411/F422 selector projection compared with executable consumers; fixture values and object IDs excluded as physical capacities or Firmware evidence; malformed XML not runtime acceptance evidence; unrelated Configuration omitted
BtExperience	68306f3e88444ddcaeb4894e6fc701b86a860354	conf/antintrusione/layout.xml	74bc104dab2d3337012cd8919dec35e6b18be532	7910f3dd5af178f07b22fe40019b8a8c77ea17662905775c102bdd8ebcd16bc0	4f53cda18c2baa0c0354bb5f9a3ecbe5ed12ab4d8e11ba873c2f11161202b945	declared-XML-selector-projection-read	excluded	Lighting/Automation and F411/F422 selector projection compared with executable consumers; fixture values and object IDs excluded as physical capacities or Firmware evidence; malformed XML not runtime acceptance evidence; unrelated Configuration omitted
BtExperience	68306f3e88444ddcaeb4894e6fc701b86a860354	conf/energymanagement/layout.xml	b027882cea2087b21c10debd37fc089029a23e92	6af7bfab9f791b77149b6fa993910c93240a4f34d8579924cfec05f89ad5d863	4f53cda18c2baa0c0354bb5f9a3ecbe5ed12ab4d8e11ba873c2f11161202b945	declared-XML-selector-projection-read	excluded	Lighting/Automation and F411/F422 selector projection compared with executable consumers; fixture values and object IDs excluded as physical capacities or Firmware evidence; malformed XML not runtime acceptance evidence; unrelated Configuration omitted
BtExperience	68306f3e88444ddcaeb4894e6fc701b86a860354	conf/scenarios/layout.xml	737da75beedf9f656af738abd2f7803e81a67ad3	78eb3335a1594e58a48e16066f65db85cfefd02bbef6a21727a6d0e94ef5fcde	4f53cda18c2baa0c0354bb5f9a3ecbe5ed12ab4d8e11ba873c2f11161202b945	declared-XML-selector-projection-read	excluded	Lighting/Automation and F411/F422 selector projection compared with executable consumers; fixture values and object IDs excluded as physical capacities or Firmware evidence; malformed XML not runtime acceptance evidence; unrelated Configuration omitted
BtExperience	b822ee27860ae5246db501471b1bcdfbd47f7b1b	conf/all/layout.xml	ab76fd6c26bfd38e78d31ae6c933cd3f780b9b99	0432cff6df9c805983c8d646509c75bfb8030ffe36e660f207c2c903926b3cf9	4f53cda18c2baa0c0354bb5f9a3ecbe5ed12ab4d8e11ba873c2f11161202b945	declared-XML-selector-projection-read	excluded	Lighting/Automation and F411/F422 selector projection compared with executable consumers; fixture values and object IDs excluded as physical capacities or Firmware evidence; malformed XML not runtime acceptance evidence; unrelated Configuration omitted
BtExperience	aa4bdbfe3fdd332c63c0d45f5d04d84ba3344cc7	conf/all/layout.xml	33cbeb48ee927700a0deaded45cd166665b14325	b88a5de4298a27f575058ef7615894c05850714b10c6b7544b4bfb46de339487	4f53cda18c2baa0c0354bb5f9a3ecbe5ed12ab4d8e11ba873c2f11161202b945	declared-XML-selector-projection-read	excluded	Lighting/Automation and F411/F422 selector projection compared with executable consumers; fixture values and object IDs excluded as physical capacities or Firmware evidence; malformed XML not runtime acceptance evidence; unrelated Configuration omitted
BtExperience	10b3c2be29c0d66c96a8ca48089b0dccde22d4cc	conf/all/conf.xml	03768283413ca58c8e0c09421fe78a8b7043ee7c	3a3fdd9156a1cdeb8b840ffa58b8a30965a807b4825bb516b6367b7811c43ed0	129b9597d8827c30560427dc96e45b04d39881cdd96b627a8b61464ae8dc6e37	declared-XML-selector-projection-read	excluded	Lighting/Automation and F411/F422 selector projection compared with executable consumers; fixture values and object IDs excluded as physical capacities or Firmware evidence; malformed XML not runtime acceptance evidence; unrelated Configuration omitted
BtExperience	10b3c2be29c0d66c96a8ca48089b0dccde22d4cc	conf/all/layout.xml	95552e202eae66c1f323368f37b8585cd4e35dcf	f231e2c29f60fd3d4d4ef7584117ef27fd65c46d65ab50321c1c6ab911af952f	4f53cda18c2baa0c0354bb5f9a3ecbe5ed12ab4d8e11ba873c2f11161202b945	declared-XML-selector-projection-read	excluded	Lighting/Automation and F411/F422 selector projection compared with executable consumers; fixture values and object IDs excluded as physical capacities or Firmware evidence; malformed XML not runtime acceptance evidence; unrelated Configuration omitted
BtExperience	10b3c2be29c0d66c96a8ca48089b0dccde22d4cc	conf/scenarios/conf.xml	131779ed0e84cb257e3c1b4b0c094f49f86dc232	2967cf7cebee0f8d6b3f52e686d4ebc313e1fecfb8b30c6615faffd7d6fe6546	4f53cda18c2baa0c0354bb5f9a3ecbe5ed12ab4d8e11ba873c2f11161202b945	declared-XML-selector-projection-read	excluded	Lighting/Automation and F411/F422 selector projection compared with executable consumers; fixture values and object IDs excluded as physical capacities or Firmware evidence; malformed XML not runtime acceptance evidence; unrelated Configuration omitted
BtExperience	10b3c2be29c0d66c96a8ca48089b0dccde22d4cc	conf/scenarios/layout.xml	847fbb1805ec51ba7259e997b9c0feab594e3184	be78c5d76b07c44dc29505e32c1afe72fde8a0145f3cbe526d98f75354c60733	4f53cda18c2baa0c0354bb5f9a3ecbe5ed12ab4d8e11ba873c2f11161202b945	declared-XML-selector-projection-read	excluded	Lighting/Automation and F411/F422 selector projection compared with executable consumers; fixture values and object IDs excluded as physical capacities or Firmware evidence; malformed XML not runtime acceptance evidence; unrelated Configuration omitted
BtExperience	42bb9b6c2d2719388c217fdcf6a1d35bfdecaf7b	conf/all/conf.xml	690469aeeee8eab67f5ecde1041f7307b2de14a1	e2874048c37d5a0391894e93ff109598b6815c02686dd842933d27103e18a566	129b9597d8827c30560427dc96e45b04d39881cdd96b627a8b61464ae8dc6e37	declared-XML-selector-projection-read	excluded	Lighting/Automation and F411/F422 selector projection compared with executable consumers; fixture values and object IDs excluded as physical capacities or Firmware evidence; malformed XML not runtime acceptance evidence; unrelated Configuration omitted
BtExperience	42bb9b6c2d2719388c217fdcf6a1d35bfdecaf7b	conf/scenarios/conf.xml	227396f7159ee5916e3962ff10e3287bec1647f6	b5d5ecfc30448be48297b968b6b9aa376dc171528f50b9a91c499b5154221d70	4f53cda18c2baa0c0354bb5f9a3ecbe5ed12ab4d8e11ba873c2f11161202b945	declared-XML-selector-projection-read	excluded	Lighting/Automation and F411/F422 selector projection compared with executable consumers; fixture values and object IDs excluded as physical capacities or Firmware evidence; malformed XML not runtime acceptance evidence; unrelated Configuration omitted
BtExperience	a3fdf16edc197dcf54c0390fe6a0b7e555023350	conf/air.conditioning/conf.xml	5e05e6156e0b127ab3cbf2245bf2e3c34f0a1b9c	96654931c9ebb8fd83ce4d2759fd1222f8b43ceea6a78bc9079fb31ec7f17f65	4f53cda18c2baa0c0354bb5f9a3ecbe5ed12ab4d8e11ba873c2f11161202b945	declared-XML-selector-projection-read	excluded	Lighting/Automation and F411/F422 selector projection compared with executable consumers; fixture values and object IDs excluded as physical capacities or Firmware evidence; malformed XML not runtime acceptance evidence; unrelated Configuration omitted
BtExperience	a3fdf16edc197dcf54c0390fe6a0b7e555023350	conf/air.conditioning/layout.xml	9af4ef1c235b1c3134a2ab7f996295c7f6fff68b	53e3ee25c6b1bb3db11e82bbd8cfe356be85206fec8a825fa9ba9019658295eb	4f53cda18c2baa0c0354bb5f9a3ecbe5ed12ab4d8e11ba873c2f11161202b945	declared-XML-selector-projection-read	excluded	Lighting/Automation and F411/F422 selector projection compared with executable consumers; fixture values and object IDs excluded as physical capacities or Firmware evidence; malformed XML not runtime acceptance evidence; unrelated Configuration omitted
BtExperience	a3fdf16edc197dcf54c0390fe6a0b7e555023350	conf/all/conf.xml	53c3d53535cdde7bb8b270318a152ef51ce866b8	9172666dd799c7273557c8fbd7d04a5d7d511c7a2edd4842e71060a0d60e07bc	129b9597d8827c30560427dc96e45b04d39881cdd96b627a8b61464ae8dc6e37	declared-XML-selector-projection-read	excluded	Lighting/Automation and F411/F422 selector projection compared with executable consumers; fixture values and object IDs excluded as physical capacities or Firmware evidence; malformed XML not runtime acceptance evidence; unrelated Configuration omitted
BtExperience	a3fdf16edc197dcf54c0390fe6a0b7e555023350	conf/all/layout.xml	4c3ff8914a32c18bbe5c963d1d3e91987e8d841b	094fc58378e540010e1c3178e9678b336cc04d88c6009d1faa5b7ac3c614d1e1	4f53cda18c2baa0c0354bb5f9a3ecbe5ed12ab4d8e11ba873c2f11161202b945	declared-XML-selector-projection-read	excluded	Lighting/Automation and F411/F422 selector projection compared with executable consumers; fixture values and object IDs excluded as physical capacities or Firmware evidence; malformed XML not runtime acceptance evidence; unrelated Configuration omitted
BtExperience	a3fdf16edc197dcf54c0390fe6a0b7e555023350	conf/antintrusione/layout.xml	5e77945b3702276aa8113faf8e2407565dd915d2	8ba35f78adb28ccc11eca0add44af9bd4e8f612c6e39b392803d887680486842	4f53cda18c2baa0c0354bb5f9a3ecbe5ed12ab4d8e11ba873c2f11161202b945	declared-XML-selector-projection-read	excluded	Lighting/Automation and F411/F422 selector projection compared with executable consumers; fixture values and object IDs excluded as physical capacities or Firmware evidence; malformed XML not runtime acceptance evidence; unrelated Configuration omitted
BtExperience	a3fdf16edc197dcf54c0390fe6a0b7e555023350	conf/illuminazione/layout.xml	02d82aa6008d8657c91f0a47b30525f0711dfd2c	ad729dcdca2a2ba1d07a95e3f87e3b716549ae515deffafe4505cb8214dc5fc4	4f53cda18c2baa0c0354bb5f9a3ecbe5ed12ab4d8e11ba873c2f11161202b945	declared-XML-selector-projection-read	excluded	Lighting/Automation and F411/F422 selector projection compared with executable consumers; fixture values and object IDs excluded as physical capacities or Firmware evidence; malformed XML not runtime acceptance evidence; unrelated Configuration omitted
BtExperience	a3fdf16edc197dcf54c0390fe6a0b7e555023350	conf/scenarios/conf.xml	7333392781ae36eaa14309b91f40df128a3cbd52	b0e262f3874e4a909140e703e1857eb0e30cc8059620aa602aae95922d70791e	4f53cda18c2baa0c0354bb5f9a3ecbe5ed12ab4d8e11ba873c2f11161202b945	declared-XML-selector-projection-read	excluded	Lighting/Automation and F411/F422 selector projection compared with executable consumers; fixture values and object IDs excluded as physical capacities or Firmware evidence; malformed XML not runtime acceptance evidence; unrelated Configuration omitted
BtExperience	a3fdf16edc197dcf54c0390fe6a0b7e555023350	conf/scenarios/layout.xml	16ab7beba080b09094b6b98a4067cdf4caff811f	8fec9e921bd293e8ed7d4c480c752dcd04ab935505335017480048900348888f	4f53cda18c2baa0c0354bb5f9a3ecbe5ed12ab4d8e11ba873c2f11161202b945	declared-XML-selector-projection-read	excluded	Lighting/Automation and F411/F422 selector projection compared with executable consumers; fixture values and object IDs excluded as physical capacities or Firmware evidence; malformed XML not runtime acceptance evidence; unrelated Configuration omitted
BtExperience	7d7012d1f02af515a606973927ded626689b56c7	conf/all/conf.xml	b8bb3359d4ea95fb658702addf1c1796d9d91ea4	01e03d3e15e1e228111d1478c042c42762210c3f3bbf0cfe70c29f0cc77db8d2	129b9597d8827c30560427dc96e45b04d39881cdd96b627a8b61464ae8dc6e37	declared-XML-selector-projection-read	excluded	Lighting/Automation and F411/F422 selector projection compared with executable consumers; fixture values and object IDs excluded as physical capacities or Firmware evidence; malformed XML not runtime acceptance evidence; unrelated Configuration omitted
BtExperience	7d7012d1f02af515a606973927ded626689b56c7	conf/all/layout.xml	e6604b81bad86669804c058bb76b25a69bfedad5	b0f9b834d02173b2a44f1e9ac1cf867b9f93fb87f8f2a09ea24d844eaf065e02	4f53cda18c2baa0c0354bb5f9a3ecbe5ed12ab4d8e11ba873c2f11161202b945	declared-XML-selector-projection-read	excluded	Lighting/Automation and F411/F422 selector projection compared with executable consumers; fixture values and object IDs excluded as physical capacities or Firmware evidence; malformed XML not runtime acceptance evidence; unrelated Configuration omitted
BtExperience	7d7012d1f02af515a606973927ded626689b56c7	conf/scenarios/conf.xml	31d502d818dcd4b71817817729a2931fb3e0eee4	eb7fc4ccc1d60764c1583aba205269978fe77bc7b6f8e189e522940172feacfe	4f53cda18c2baa0c0354bb5f9a3ecbe5ed12ab4d8e11ba873c2f11161202b945	declared-XML-selector-projection-read	excluded	Lighting/Automation and F411/F422 selector projection compared with executable consumers; fixture values and object IDs excluded as physical capacities or Firmware evidence; malformed XML not runtime acceptance evidence; unrelated Configuration omitted
BtExperience	7d7012d1f02af515a606973927ded626689b56c7	conf/scenarios/layout.xml	69cf0f8cd0b723fd2c0f079e335aefb11d9098c7	e0926dedae3647675828c3e0178529f86859a46a3caf47e2564d03dc975ec5ac	4f53cda18c2baa0c0354bb5f9a3ecbe5ed12ab4d8e11ba873c2f11161202b945	declared-XML-selector-projection-read	excluded	Lighting/Automation and F411/F422 selector projection compared with executable consumers; fixture values and object IDs excluded as physical capacities or Firmware evidence; malformed XML not runtime acceptance evidence; unrelated Configuration omitted
BtExperience	2c47917aee3a5287f0a3e025fc6bd1c18e4abd74	conf/all/layout.xml	dc81ba6f97969e0422ef8b9691ec08c91cf64d46	c71f103243ecadbe79e6bd7af13a3c28d236ce69252e8eedf5a0f32dc7619b81	4f53cda18c2baa0c0354bb5f9a3ecbe5ed12ab4d8e11ba873c2f11161202b945	declared-XML-selector-projection-read	excluded	Lighting/Automation and F411/F422 selector projection compared with executable consumers; fixture values and object IDs excluded as physical capacities or Firmware evidence; malformed XML not runtime acceptance evidence; unrelated Configuration omitted
BtExperience	e11e5402e88c9398966b8fc8e1b57c47ce4dd954	conf/all/conf.xml	cd0d49eba8732ffa24336fe66b92f0fcbd280fb3	7105eb65e405a364bb74f306db9bf9f7b08a0f3daf9afb4d77dbef4af35e015d	129b9597d8827c30560427dc96e45b04d39881cdd96b627a8b61464ae8dc6e37	declared-XML-selector-projection-read	excluded	Lighting/Automation and F411/F422 selector projection compared with executable consumers; fixture values and object IDs excluded as physical capacities or Firmware evidence; malformed XML not runtime acceptance evidence; unrelated Configuration omitted
BtExperience	eccbbb9ca356d9e9b663e611ea2cb512fc3d13bd	conf/all/conf.xml	8947eebab382e3a64c77ab7017aaa9cb465ac593	cb70fc1e4881f8765eda084da47d17dbbf6c6770148a6a85975030e580729587	129b9597d8827c30560427dc96e45b04d39881cdd96b627a8b61464ae8dc6e37	declared-XML-selector-projection-read	excluded	Lighting/Automation and F411/F422 selector projection compared with executable consumers; fixture values and object IDs excluded as physical capacities or Firmware evidence; malformed XML not runtime acceptance evidence; unrelated Configuration omitted
BtExperience	eccbbb9ca356d9e9b663e611ea2cb512fc3d13bd	conf/all/layout.xml	754865df158fbc7ad64195281bf0aff233ea1b4f	79c3fef2ef996e74d341d5054b3b48fb9fb2fd8a31812edfb6e5897c816cdaee	4f53cda18c2baa0c0354bb5f9a3ecbe5ed12ab4d8e11ba873c2f11161202b945	declared-XML-selector-projection-read	excluded	Lighting/Automation and F411/F422 selector projection compared with executable consumers; fixture values and object IDs excluded as physical capacities or Firmware evidence; malformed XML not runtime acceptance evidence; unrelated Configuration omitted
BtExperience	1aa07cca4679a95d5461c93d2c656c0a7df173e0	conf/all/layout.xml	bd19788a8cbd7c4b8ecc1a87156b56c2ddf1f2b5	49cf52645d3e35cf85f135c96f8e4afe758596f7216df44495440ed9c7ae8e83	4f53cda18c2baa0c0354bb5f9a3ecbe5ed12ab4d8e11ba873c2f11161202b945	declared-XML-selector-projection-read	excluded	Lighting/Automation and F411/F422 selector projection compared with executable consumers; fixture values and object IDs excluded as physical capacities or Firmware evidence; malformed XML not runtime acceptance evidence; unrelated Configuration omitted
BtExperience	814ae6d66dd5ae6d6ebb2fcb420584fce964a388	conf/air.conditioning/layout.xml	fe6d0aa4aea29e8ab2a098554200bf0d9956a94a	b539fea7bf20aa35f9537fb3354f17a2cb8a3687030b930414f825f72612d326	4f53cda18c2baa0c0354bb5f9a3ecbe5ed12ab4d8e11ba873c2f11161202b945	declared-XML-selector-projection-read	excluded	Lighting/Automation and F411/F422 selector projection compared with executable consumers; fixture values and object IDs excluded as physical capacities or Firmware evidence; malformed XML not runtime acceptance evidence; unrelated Configuration omitted
BtExperience	e3636cef93ad3f8f715d2b6151f2652d2f73108b	conf/air.conditioning/conf.xml	6d146576b32da35eaf09095dbce5b65d3ebee0e9	bfec2aea707fa9889799eb0691481abafe287375f4eb81989fe7aca143a5e52f	4f53cda18c2baa0c0354bb5f9a3ecbe5ed12ab4d8e11ba873c2f11161202b945	declared-XML-selector-projection-read	excluded	Lighting/Automation and F411/F422 selector projection compared with executable consumers; fixture values and object IDs excluded as physical capacities or Firmware evidence; malformed XML not runtime acceptance evidence; unrelated Configuration omitted
BtExperience	0efaa9cce6d2e0ec003f97d0773429c4427b3e5f	conf/all/conf.xml	51d4438178a350ec2720dbabaaeffd5e70507de4	3e4b11680369d3a49a69a27567e076c8af6c752eebf5790aafb703ac3f4a0f62	129b9597d8827c30560427dc96e45b04d39881cdd96b627a8b61464ae8dc6e37	declared-XML-selector-projection-read	excluded	Lighting/Automation and F411/F422 selector projection compared with executable consumers; fixture values and object IDs excluded as physical capacities or Firmware evidence; malformed XML not runtime acceptance evidence; unrelated Configuration omitted
BtExperience	0efaa9cce6d2e0ec003f97d0773429c4427b3e5f	conf/all/layout.xml	cac13979bb828849a2318ca410ad855c56940485	ec9849a707ae60a2bf06b52c43c54531fe7d44f17356dbc3f2e528148c952aff	4f53cda18c2baa0c0354bb5f9a3ecbe5ed12ab4d8e11ba873c2f11161202b945	declared-XML-selector-projection-read	excluded	Lighting/Automation and F411/F422 selector projection compared with executable consumers; fixture values and object IDs excluded as physical capacities or Firmware evidence; malformed XML not runtime acceptance evidence; unrelated Configuration omitted
BtExperience	0efaa9cce6d2e0ec003f97d0773429c4427b3e5f	conf/diffson.mono/conf.xml	0c7f06c7ea20527ad5c408712f1756d9f317eeca	9b4e0a3234cc4fc3b7e0f1dbb106ee7d7d7254d54f6f4821972a23e5b6b13423	4f53cda18c2baa0c0354bb5f9a3ecbe5ed12ab4d8e11ba873c2f11161202b945	declared-XML-selector-projection-read	excluded	Lighting/Automation and F411/F422 selector projection compared with executable consumers; fixture values and object IDs excluded as physical capacities or Firmware evidence; malformed XML not runtime acceptance evidence; unrelated Configuration omitted
BtExperience	e63a7fda033ccbc23a97e8ef408d3329f16778db	conf/scenarios/conf.xml	0c6408cc8ea87d28844263fcb4fab80cccf83dcd	5b78b964488524e622a2379b2f961cfa77c3358a37771ba322fdfa5110fa9795	4f53cda18c2baa0c0354bb5f9a3ecbe5ed12ab4d8e11ba873c2f11161202b945	declared-XML-selector-projection-read	excluded	Lighting/Automation and F411/F422 selector projection compared with executable consumers; fixture values and object IDs excluded as physical capacities or Firmware evidence; malformed XML not runtime acceptance evidence; unrelated Configuration omitted
BtExperience	f70e585cd6e0f2b45f54efd70e9ed3bb1187b835	conf/energymanagement/conf.xml	859898c9ab33c70ffc657982ffa24c4a047b60df	1b47f6a5c538fe0ab0f1af24778bbef97cad2ce4198c66472d112147f7144073	4f53cda18c2baa0c0354bb5f9a3ecbe5ed12ab4d8e11ba873c2f11161202b945	declared-XML-selector-projection-read	excluded	Lighting/Automation and F411/F422 selector projection compared with executable consumers; fixture values and object IDs excluded as physical capacities or Firmware evidence; malformed XML not runtime acceptance evidence; unrelated Configuration omitted
BtExperience	4d1624bc9f122fef63ca6e7bbfc8c7b8768154ac	conf/energymanagement/conf.xml	2581a6edb0abc045a6acb138c1634c8abb295988	8089ca08743f5c95bbd4ae417f8794d32aaec19885097ee4908c5d18229605a1	4f53cda18c2baa0c0354bb5f9a3ecbe5ed12ab4d8e11ba873c2f11161202b945	declared-XML-selector-projection-read	excluded	Lighting/Automation and F411/F422 selector projection compared with executable consumers; fixture values and object IDs excluded as physical capacities or Firmware evidence; malformed XML not runtime acceptance evidence; unrelated Configuration omitted
BtExperience	4d1624bc9f122fef63ca6e7bbfc8c7b8768154ac	conf/energymanagement/layout.xml	81609acba9b3c688612c68e2348fdf0cd524d515	aff90a321318242f1beeeff8a2b149943f64cf8ce06a4d04e989e09ac658e1c1	4f53cda18c2baa0c0354bb5f9a3ecbe5ed12ab4d8e11ba873c2f11161202b945	declared-XML-selector-projection-read	excluded	Lighting/Automation and F411/F422 selector projection compared with executable consumers; fixture values and object IDs excluded as physical capacities or Firmware evidence; malformed XML not runtime acceptance evidence; unrelated Configuration omitted
BtExperience	96a6d0c151870ba88be88b44ba324c7da4f67f9e	conf/all/conf.xml	aa496e82a86a5a33739120368f4256c5e3c76e2f	4cc59574fb62a96df56fdc91518f9b50e64a5dae20083a37684aa72d66d5ed47	129b9597d8827c30560427dc96e45b04d39881cdd96b627a8b61464ae8dc6e37	declared-XML-selector-projection-read	excluded	Lighting/Automation and F411/F422 selector projection compared with executable consumers; fixture values and object IDs excluded as physical capacities or Firmware evidence; malformed XML not runtime acceptance evidence; unrelated Configuration omitted
BtExperience	96a6d0c151870ba88be88b44ba324c7da4f67f9e	conf/energymanagement/conf.xml	52fad403951e2dd9e1bce4968361e3be65358c7c	f737861191c850493d4822640f3cbf39417cc87cb9cdca47640a34e544da7a0c	4f53cda18c2baa0c0354bb5f9a3ecbe5ed12ab4d8e11ba873c2f11161202b945	declared-XML-selector-projection-read	excluded	Lighting/Automation and F411/F422 selector projection compared with executable consumers; fixture values and object IDs excluded as physical capacities or Firmware evidence; malformed XML not runtime acceptance evidence; unrelated Configuration omitted
BtExperience	96a6d0c151870ba88be88b44ba324c7da4f67f9e	conf/energymanagement/layout.xml	762cd8a03ff7d8c918c9f9e4b93fcb2b9c9a9a61	53de082202213dc1e6f6f46c76619a8106516b909a9aebcbdaa3e09a3f73adc7	4f53cda18c2baa0c0354bb5f9a3ecbe5ed12ab4d8e11ba873c2f11161202b945	declared-XML-selector-projection-read	excluded	Lighting/Automation and F411/F422 selector projection compared with executable consumers; fixture values and object IDs excluded as physical capacities or Firmware evidence; malformed XML not runtime acceptance evidence; unrelated Configuration omitted
BtExperience	bfb6708c3bfc8c2e7dc668d48e9e9a76c538677c	conf/all/conf.xml	f3e4849f7bcfb69e334e8a9a23f582cc4555b907	52e62fded70d70a060870a36dfcd3644f103ce68ffc2426602239dd6c60c7498	129b9597d8827c30560427dc96e45b04d39881cdd96b627a8b61464ae8dc6e37	declared-XML-selector-projection-read	excluded	Lighting/Automation and F411/F422 selector projection compared with executable consumers; fixture values and object IDs excluded as physical capacities or Firmware evidence; malformed XML not runtime acceptance evidence; unrelated Configuration omitted
BtExperience	bfb6708c3bfc8c2e7dc668d48e9e9a76c538677c	conf/termo.99z/conf.xml	2ffb2c145a9fabbb7146da4329a040fc85f86532	8b5590ebdce141484aa777b631c3f7fb1f3ea6e6c14ea74fba0e64942fa82794	4f53cda18c2baa0c0354bb5f9a3ecbe5ed12ab4d8e11ba873c2f11161202b945	declared-XML-selector-projection-read	excluded	Lighting/Automation and F411/F422 selector projection compared with executable consumers; fixture values and object IDs excluded as physical capacities or Firmware evidence; malformed XML not runtime acceptance evidence; unrelated Configuration omitted
BtExperience	ae159715c94cbfb4d67d3fc37316fd67236173fc	conf/all/conf.xml	519371aeaaccc3fe431740a14a093d1cbe6160d7	1777b9d1338dcb03d2c7943a7680fac17e3ee6ef2e9e7da09b5747c8bb88715e	129b9597d8827c30560427dc96e45b04d39881cdd96b627a8b61464ae8dc6e37	declared-XML-selector-projection-read	excluded	Lighting/Automation and F411/F422 selector projection compared with executable consumers; fixture values and object IDs excluded as physical capacities or Firmware evidence; malformed XML not runtime acceptance evidence; unrelated Configuration omitted
BtExperience	ae159715c94cbfb4d67d3fc37316fd67236173fc	conf/all/layout.xml	1d00e280331fa1f0d5440f6567f66e5a93689b04	7e4df8812a72bf32d289d280f5c25ee199f182833a88841017be2a2ac769091d	4f53cda18c2baa0c0354bb5f9a3ecbe5ed12ab4d8e11ba873c2f11161202b945	declared-XML-selector-projection-read	excluded	Lighting/Automation and F411/F422 selector projection compared with executable consumers; fixture values and object IDs excluded as physical capacities or Firmware evidence; malformed XML not runtime acceptance evidence; unrelated Configuration omitted
BtExperience	ae159715c94cbfb4d67d3fc37316fd67236173fc	conf/termo.99z/conf.xml	08de1eb05a017a4c05fef19847df854a78219759	b862248d1293650796ebe3bd2ee1d5000d69c5f05d84b4bf831a4956ff0d1293	4f53cda18c2baa0c0354bb5f9a3ecbe5ed12ab4d8e11ba873c2f11161202b945	declared-XML-selector-projection-read	excluded	Lighting/Automation and F411/F422 selector projection compared with executable consumers; fixture values and object IDs excluded as physical capacities or Firmware evidence; malformed XML not runtime acceptance evidence; unrelated Configuration omitted
BtExperience	befe59099471f7587867fd12143a414703fada96	conf/all/conf.xml	f2e93f71063190b86accdab2d0760590f88bea00	f5e20cc0a74f336e784e34d6c2fdbde91cd14fb05a8ae207f82ad1f9bd1e1fde	829eb3b20441dd4c67c2709fbf9b651627014dfafff1617ad13c5ec4429299f7	declared-XML-selector-projection-read	excluded	Lighting/Automation and F411/F422 selector projection compared with executable consumers; fixture values and object IDs excluded as physical capacities or Firmware evidence; malformed XML not runtime acceptance evidence; unrelated Configuration omitted
BtExperience	d74a8ed23a6f73596f6e34d4c3e0a2c2eea5c997	conf/all/conf.xml	ab7a7233ed5bdf8060bae4f25f5430c727d1cc27	4aa6ff5494374860bba8d61e85e67290d315c06539f0644bde5f396b8caa7801	829eb3b20441dd4c67c2709fbf9b651627014dfafff1617ad13c5ec4429299f7	declared-XML-selector-projection-read	excluded	Lighting/Automation and F411/F422 selector projection compared with executable consumers; fixture values and object IDs excluded as physical capacities or Firmware evidence; malformed XML not runtime acceptance evidence; unrelated Configuration omitted
BtExperience	d74a8ed23a6f73596f6e34d4c3e0a2c2eea5c997	conf/termo.99z/conf.xml	ac6c73de70596a01f6e68f1c31cb30e3baff9815	c10e95deff5e3a753a99da6d9e902de29ff8198e41e545d96b7544cbe01cb73e	4f53cda18c2baa0c0354bb5f9a3ecbe5ed12ab4d8e11ba873c2f11161202b945	declared-XML-selector-projection-read	excluded	Lighting/Automation and F411/F422 selector projection compared with executable consumers; fixture values and object IDs excluded as physical capacities or Firmware evidence; malformed XML not runtime acceptance evidence; unrelated Configuration omitted
BtExperience	55fad97b79171306f34292ba258e5af6ccd1c14a	conf/diffson.multi/conf.xml	b107017800bc648b0d0c2d3fe6a80c2e19ceea14	b710c135b2c86ca3e62ff8f1ef325ac632a726f9f4f751e047296ec4abd619bf	4f53cda18c2baa0c0354bb5f9a3ecbe5ed12ab4d8e11ba873c2f11161202b945	declared-XML-selector-projection-read	excluded	Lighting/Automation and F411/F422 selector projection compared with executable consumers; fixture values and object IDs excluded as physical capacities or Firmware evidence; malformed XML not runtime acceptance evidence; unrelated Configuration omitted
BtExperience	6f960d30b5ae1572e130af93aaa6872c9c5f1973	conf/diffson.multi/conf.xml	7de3759f6620e13a1493f3a752f19a14057730ef	bd39d526ff3ee349f8027c66da884b58b2077a5349456b5f87ee1abf9b982b9c	4f53cda18c2baa0c0354bb5f9a3ecbe5ed12ab4d8e11ba873c2f11161202b945	declared-XML-selector-projection-read	excluded	Lighting/Automation and F411/F422 selector projection compared with executable consumers; fixture values and object IDs excluded as physical capacities or Firmware evidence; malformed XML not runtime acceptance evidence; unrelated Configuration omitted
BtExperience	9d7b6ffb21dd5050b12aa2d05f2f13f36f7a0679	conf/all/conf.xml	63ee8e474b7d3bcdb7bf2bd2aed3ff38222b8be3	4a166d116a1de0609c0d1cd53e8ae3b348365fec2b5dfbfa9f2a7ebfa1fad986	2c6d407b65edb77c27f895406c3e195bae9cfc33a0ad1fa4cbfb97611a2b081a	declared-XML-selector-projection-read	excluded	Lighting/Automation and F411/F422 selector projection compared with executable consumers; fixture values and object IDs excluded as physical capacities or Firmware evidence; malformed XML not runtime acceptance evidence; unrelated Configuration omitted
BtExperience	9d7b6ffb21dd5050b12aa2d05f2f13f36f7a0679	conf/illuminazione/conf.xml	ba39a3cdb45fc5e8307c5be974b3a93b9b936f4a	6655ac40e12c18a8a8fcc0e1035c1340304fd25d634b7af6e02348f52fe3ffb7	2c6d407b65edb77c27f895406c3e195bae9cfc33a0ad1fa4cbfb97611a2b081a	declared-XML-selector-projection-read	excluded	Lighting/Automation and F411/F422 selector projection compared with executable consumers; fixture values and object IDs excluded as physical capacities or Firmware evidence; malformed XML not runtime acceptance evidence; unrelated Configuration omitted
BtExperience	2e87a4fd670f15ca705e61fd0e89babd5c3a5065	conf/all/conf.xml	0580aa01da9d47d274a4bd66b9bf2d9030576919	348a0be6927d6750fa4c2cd35a539a12c7a10723c4fcc1d7d495a2f7d48d460e	2c6d407b65edb77c27f895406c3e195bae9cfc33a0ad1fa4cbfb97611a2b081a	declared-XML-selector-projection-read	excluded	Lighting/Automation and F411/F422 selector projection compared with executable consumers; fixture values and object IDs excluded as physical capacities or Firmware evidence; malformed XML not runtime acceptance evidence; unrelated Configuration omitted
BtExperience	2e87a4fd670f15ca705e61fd0e89babd5c3a5065	conf/antintrusione/conf.xml	e27e590b8e11315aa1987c647b819f02157f7ce9	d3e23d937edd4bec935b1f7fe22837aacd473e38bba4f6b6820613fe1ea42dcf	4f53cda18c2baa0c0354bb5f9a3ecbe5ed12ab4d8e11ba873c2f11161202b945	declared-XML-selector-projection-read	excluded	Lighting/Automation and F411/F422 selector projection compared with executable consumers; fixture values and object IDs excluded as physical capacities or Firmware evidence; malformed XML not runtime acceptance evidence; unrelated Configuration omitted
BtExperience	e1431bf28b2200290432e7e391a16b1277ed6525	conf/all/conf.xml	0a62d9d226a9d12ec440b449bfc962270d85d8f1	2eedce1ea3c7c7c89b1dd99d5786f112e7f6f31c1876f59f42a33723fe152906	29df7db3d82b9fffead0e5f7b07498026b8dbff0d452882f6dcb03ad00233a22	declared-XML-selector-projection-read	excluded	Lighting/Automation and F411/F422 selector projection compared with executable consumers; fixture values and object IDs excluded as physical capacities or Firmware evidence; malformed XML not runtime acceptance evidence; unrelated Configuration omitted
BtExperience	e1431bf28b2200290432e7e391a16b1277ed6525	conf/illuminazione/conf.xml	b0d3a3d08a4a5b6a473e802de0132d1076afb382	e2ed52d66bd95dfdeb9da0f65f317f25d7b16840b6be057bdcf6ddba1929a15d	29df7db3d82b9fffead0e5f7b07498026b8dbff0d452882f6dcb03ad00233a22	declared-XML-selector-projection-read	excluded	Lighting/Automation and F411/F422 selector projection compared with executable consumers; fixture values and object IDs excluded as physical capacities or Firmware evidence; malformed XML not runtime acceptance evidence; unrelated Configuration omitted
BtExperience	5faf20b2ffbac32be05820c7388c10295678329b	conf/conf.all.xml	f064cf495a7d3d03e97d2c2f90e3dde79bc61cc9	d9fa7fcb64025ea550c254c22f5f9df156ad97e9969defe2a63f6137463bacef	124f02c713e4f757aaf5b6576e0503fd3797ae8fbd72858acabb5ce2fb1e1449	declared-XML-selector-projection-read	excluded	Lighting/Automation and F411/F422 selector projection compared with executable consumers; fixture values and object IDs excluded as physical capacities or Firmware evidence; malformed XML not runtime acceptance evidence; unrelated Configuration omitted
BtExperience	5faf20b2ffbac32be05820c7388c10295678329b	conf/conf.illuminazione.xml	a539dd2f3018d6df1a170af35ac29bd5723ef2d5	1dd99c55de86c144ee3c5b2b7ac64f1f4148e56c4bfb9abaa3b2de86421f3ba8	124f02c713e4f757aaf5b6576e0503fd3797ae8fbd72858acabb5ce2fb1e1449	declared-XML-selector-projection-read	excluded	Lighting/Automation and F411/F422 selector projection compared with executable consumers; fixture values and object IDs excluded as physical capacities or Firmware evidence; malformed XML not runtime acceptance evidence; unrelated Configuration omitted
BtExperience	177866741a66420d7a32b9eb0798e348a7933468	conf/all/conf.xml	214910f671ff4a04d815ccdcca10351b0d4d10cb	5b579440e6fe215038b16bb0240951cf162e3180b5570e2f50fe332c8c59e283	29df7db3d82b9fffead0e5f7b07498026b8dbff0d452882f6dcb03ad00233a22	declared-XML-selector-projection-read	excluded	Lighting/Automation and F411/F422 selector projection compared with executable consumers; fixture values and object IDs excluded as physical capacities or Firmware evidence; malformed XML not runtime acceptance evidence; unrelated Configuration omitted
BtExperience	177866741a66420d7a32b9eb0798e348a7933468	conf/antintrusione/conf.xml	dc721d978c5c8e96aa4574f3cb724ff1fa021ec4	bdce30c7b08a1218ce325a40ae22a35152c8cf22440c2aae1639b6e6c7197065	4f53cda18c2baa0c0354bb5f9a3ecbe5ed12ab4d8e11ba873c2f11161202b945	declared-XML-selector-projection-read	excluded	Lighting/Automation and F411/F422 selector projection compared with executable consumers; fixture values and object IDs excluded as physical capacities or Firmware evidence; malformed XML not runtime acceptance evidence; unrelated Configuration omitted
BtExperience	414361eb931d4c41280d71a0ce45ae7bf5b663ea	conf/all/conf.xml	1ceeec8a1716d56b6848e3cb8fed4ed44b5d7d23	ee62734f9f1bc633755bbd79ce74aad331b8f5fb33319593a6483560be73adc7	5a4e410452e292312b32e2ada3364aa9e99ca4d65faeecbcbe1437da0cf6cbe5	declared-XML-selector-projection-read	excluded	Lighting/Automation and F411/F422 selector projection compared with executable consumers; fixture values and object IDs excluded as physical capacities or Firmware evidence; malformed XML not runtime acceptance evidence; unrelated Configuration omitted
BtExperience	ebdd2b9b66d0dc24bfcefdd85efcbbcdd67c87a4	conf/illuminazione/conf.xml	d8eac1ea796b9f5a8c65d273d78390bf58f12e29	7536414b7ae36ee07063ce4b0f7bab6198dbda0e2199e03c2be44624f7154dcc	5a4e410452e292312b32e2ada3364aa9e99ca4d65faeecbcbe1437da0cf6cbe5	declared-XML-selector-projection-read	excluded	Lighting/Automation and F411/F422 selector projection compared with executable consumers; fixture values and object IDs excluded as physical capacities or Firmware evidence; malformed XML not runtime acceptance evidence; unrelated Configuration omitted
BtExperience	ffb0568d2d36131dba11d7f34fa175d175cec481	conf/conf.all.xml	e738eb575fbf4516b754b008a42db8dbb08aed7c	2190ae59bc877f4ed66433260d1ed0623ea578a2852bdb519bb24f70902c0c2e	124f02c713e4f757aaf5b6576e0503fd3797ae8fbd72858acabb5ce2fb1e1449	declared-XML-selector-projection-read	excluded	Lighting/Automation and F411/F422 selector projection compared with executable consumers; fixture values and object IDs excluded as physical capacities or Firmware evidence; malformed XML not runtime acceptance evidence; unrelated Configuration omitted
BtExperience	6b02b2740a9ea29e071790fa9b576f8d56821885	conf/conf.all.xml	076e2003cfad7e3aa071122c221d5ce33cfeb70c	3a0782e3b83240eadd851d8bcd88df011642a8f6eed7dbc01711d10a1ce011c7	124f02c713e4f757aaf5b6576e0503fd3797ae8fbd72858acabb5ce2fb1e1449	declared-XML-selector-projection-read	excluded	Lighting/Automation and F411/F422 selector projection compared with executable consumers; fixture values and object IDs excluded as physical capacities or Firmware evidence; malformed XML not runtime acceptance evidence; unrelated Configuration omitted
BtExperience	5b783afb0e0bb7422247c2b82db0755724ab45a5	conf/conf.all.xml	1bf25ce101576f6fcd33f37c0030d1587d49cbd9	7652b21b1ff747d770042201266e93d9c4bcb348f2ab109455d6341c0337351e	124f02c713e4f757aaf5b6576e0503fd3797ae8fbd72858acabb5ce2fb1e1449	declared-XML-selector-projection-read	excluded	Lighting/Automation and F411/F422 selector projection compared with executable consumers; fixture values and object IDs excluded as physical capacities or Firmware evidence; malformed XML not runtime acceptance evidence; unrelated Configuration omitted
BtExperience	cf60353ddd14a790d0b2d321dac6b0c8fc819568	conf/conf.all.xml	fe636878357140cde6b651b1526bb065db1f87a7	c14567920233de9e84a8574093aec862d5d6383a854dfdf6e83fad22022b2fdf	124f02c713e4f757aaf5b6576e0503fd3797ae8fbd72858acabb5ce2fb1e1449	declared-XML-selector-projection-read	excluded	Lighting/Automation and F411/F422 selector projection compared with executable consumers; fixture values and object IDs excluded as physical capacities or Firmware evidence; malformed XML not runtime acceptance evidence; unrelated Configuration omitted
BtExperience	ff0259358f998645f9863e913062d22fcb7909df	conf/conf.all.xml	5ea8f383bca202127cafe020b8eaf77e5fe1aeb0	0e127947c2e15a800e5c94712fb92581658446bd4dc9b49819376d65c8c49c7d	1fa502056924aebc4ee8b3e8d841a60bc774e324bf35bde4d2c101231d1ba3dc	declared-XML-selector-projection-read	excluded	Lighting/Automation and F411/F422 selector projection compared with executable consumers; fixture values and object IDs excluded as physical capacities or Firmware evidence; malformed XML not runtime acceptance evidence; unrelated Configuration omitted
BtExperience	ff0259358f998645f9863e913062d22fcb7909df	conf/conf.illuminazione.xml	f72bd8d392905d42de7203df59c6d62e977639f4	caff1ed53d8cdcbd086401ceade6ae091cadd22654f28b9861c9692bb5bc12af	1fa502056924aebc4ee8b3e8d841a60bc774e324bf35bde4d2c101231d1ba3dc	declared-XML-selector-projection-read	excluded	Lighting/Automation and F411/F422 selector projection compared with executable consumers; fixture values and object IDs excluded as physical capacities or Firmware evidence; malformed XML not runtime acceptance evidence; unrelated Configuration omitted
BtExperience	4240ef3002ed87812675f1e7e982d29230511f0e	conf/conf.all.xml	b18da3230bf6e86b2a82f3f163f27675428ef487	abfaf1fabfc9d62a826f4ce7d08fe6fe7a0e82196408ee704b139ba4e198c981	4f53cda18c2baa0c0354bb5f9a3ecbe5ed12ab4d8e11ba873c2f11161202b945	declared-XML-selector-projection-read	excluded	Lighting/Automation and F411/F422 selector projection compared with executable consumers; fixture values and object IDs excluded as physical capacities or Firmware evidence; malformed XML not runtime acceptance evidence; unrelated Configuration omitted
BtExperience	4240ef3002ed87812675f1e7e982d29230511f0e	conf/conf.illuminazione.xml	a21e8f2c164b61f79154dd79a8d3e2d0fca80a20	99e23aa01d7c2584a67e17eb6536559fae574fbe7239ecefcf9bb520fa7eec13	4f53cda18c2baa0c0354bb5f9a3ecbe5ed12ab4d8e11ba873c2f11161202b945	declared-XML-selector-projection-read	excluded	Lighting/Automation and F411/F422 selector projection compared with executable consumers; fixture values and object IDs excluded as physical capacities or Firmware evidence; malformed XML not runtime acceptance evidence; unrelated Configuration omitted
BtExperience	602d3325810510c7666fd937c7feda88ee09567c	conf/conf.illuminazione.xml	71fb0d3c723f6a00c295689de74c3a2eb24ab813	786ad10c522d083b3b21e0dba912f1fac1e3d06d033c1968bfe4d86af676fec5	4f53cda18c2baa0c0354bb5f9a3ecbe5ed12ab4d8e11ba873c2f11161202b945	unparsed-XML-excluded	excluded	Lighting/Automation and F411/F422 selector projection compared with executable consumers; fixture values and object IDs excluded as physical capacities or Firmware evidence; malformed XML not runtime acceptance evidence; unrelated Configuration omitted
BtExperience	30271bfc3f10ec188c7b61f4aeee598d4c87f024	conf/conf.all.xml	c12876c1f3086bdd1ace1a3217dce07f45e64862	293672fef57e7a645f1b8a69ad9bc1dc24da9f1658abfa9867d68014b8419b07	4f53cda18c2baa0c0354bb5f9a3ecbe5ed12ab4d8e11ba873c2f11161202b945	declared-XML-selector-projection-read	excluded	Lighting/Automation and F411/F422 selector projection compared with executable consumers; fixture values and object IDs excluded as physical capacities or Firmware evidence; malformed XML not runtime acceptance evidence; unrelated Configuration omitted
BtExperience	2964a5d6252304455077c9f97f6607a62c09e855	conf/conf.all.xml	7bd18eaaab00ff747eeac71327a81b3c45553177	1cb460e924828f416a12c986fb75e50ec536a27c707236c015492e5885b7223b	4f53cda18c2baa0c0354bb5f9a3ecbe5ed12ab4d8e11ba873c2f11161202b945	declared-XML-selector-projection-read	excluded	Lighting/Automation and F411/F422 selector projection compared with executable consumers; fixture values and object IDs excluded as physical capacities or Firmware evidence; malformed XML not runtime acceptance evidence; unrelated Configuration omitted
BtExperience	5f5294b44a95d18678efec99db6e4100ade64439	conf/conf.all.xml	632e5d940df68fef824c68026e43e814377a2370	9afff76acc40b5556c023e69706384a66db330c5c4b411ff76ce916feab1dee6	4f53cda18c2baa0c0354bb5f9a3ecbe5ed12ab4d8e11ba873c2f11161202b945	declared-XML-selector-projection-read	excluded	Lighting/Automation and F411/F422 selector projection compared with executable consumers; fixture values and object IDs excluded as physical capacities or Firmware evidence; malformed XML not runtime acceptance evidence; unrelated Configuration omitted
BtExperience	ff33293c70e7d62bdc5548bc9caca3ecb305b36b	conf/conf.all.xml	e39aabc2be5313a76bf12d600bc8ad15aad8f600	dcebb8bc6a58e4174851c9d9bc93e1bad2cc27820944993d4ef45f926ceeee71	4f53cda18c2baa0c0354bb5f9a3ecbe5ed12ab4d8e11ba873c2f11161202b945	declared-XML-selector-projection-read	excluded	Lighting/Automation and F411/F422 selector projection compared with executable consumers; fixture values and object IDs excluded as physical capacities or Firmware evidence; malformed XML not runtime acceptance evidence; unrelated Configuration omitted
BtExperience	c8f8ac9fa7d983b9edc79e020cb2d73953b6ba87	conf/conf.all.xml	a1093fbe4c904298647f0e69268fc96f3c79fdef	62d57e54d1844964b787e0926d1daff66e0f162480f805d2e4416b26af9939aa	4f53cda18c2baa0c0354bb5f9a3ecbe5ed12ab4d8e11ba873c2f11161202b945	declared-XML-selector-projection-read	excluded	Lighting/Automation and F411/F422 selector projection compared with executable consumers; fixture values and object IDs excluded as physical capacities or Firmware evidence; malformed XML not runtime acceptance evidence; unrelated Configuration omitted
BtExperience	4ae52e4d7897a1f6eec3b8617ad3baf2d5b9a290	conf/conf.all.xml	276b1a10951c0b9ca94ca597eae3fe5eaa7e8de0	9bb1a857cc4e0c94b6c82946c01e8c14c5f5bfdc702ffee83bc4b2ce52765a9e	4f53cda18c2baa0c0354bb5f9a3ecbe5ed12ab4d8e11ba873c2f11161202b945	declared-XML-selector-projection-read	excluded	Lighting/Automation and F411/F422 selector projection compared with executable consumers; fixture values and object IDs excluded as physical capacities or Firmware evidence; malformed XML not runtime acceptance evidence; unrelated Configuration omitted
BtExperience	5f347d156cc648b78875aa95647d9e850a72ac57	conf/conf.all.xml	f7f756068d0718b7bed647b797f85528bb4cc19e	3db7a046686cbddedf2c630f2ef74bbeebdefb913dd238c88a886a51eac10be0	4f53cda18c2baa0c0354bb5f9a3ecbe5ed12ab4d8e11ba873c2f11161202b945	declared-XML-selector-projection-read	excluded	Lighting/Automation and F411/F422 selector projection compared with executable consumers; fixture values and object IDs excluded as physical capacities or Firmware evidence; malformed XML not runtime acceptance evidence; unrelated Configuration omitted
BtExperience	6b3884b45bce6835bced8458f602bb3699679c83	conf/conf.all.xml	e4fd219a31f55f96a99a3caa0bb8370ec73d8f81	1101cf29eaf846c4983fe16dd94cf712fb5f6efd21ca9a1686362e99e8d02662	4f53cda18c2baa0c0354bb5f9a3ecbe5ed12ab4d8e11ba873c2f11161202b945	declared-XML-selector-projection-read	excluded	Lighting/Automation and F411/F422 selector projection compared with executable consumers; fixture values and object IDs excluded as physical capacities or Firmware evidence; malformed XML not runtime acceptance evidence; unrelated Configuration omitted
BtExperience	a69f18259c42387b2b44767624e7159b12d06712	conf/conf.all.xml	33be5b8e4fcd87c1c59e1976051d936108ff9541	28b57d3b85ddbf82bc7cacd75da7e587566c4be8de95b60a15b97e37fc989af7	4f53cda18c2baa0c0354bb5f9a3ecbe5ed12ab4d8e11ba873c2f11161202b945	declared-XML-selector-projection-read	excluded	Lighting/Automation and F411/F422 selector projection compared with executable consumers; fixture values and object IDs excluded as physical capacities or Firmware evidence; malformed XML not runtime acceptance evidence; unrelated Configuration omitted
BtExperience	e3a25cf05e6bfeb4270bfacb163b66a9875b95ee	conf/conf.all.xml	355f67a6453f621ac77750dbd59af6ea651a100a	024d44a5487841f47166ed2b056f7816eb8a9960f9b62f75d485604daedf4433	4f53cda18c2baa0c0354bb5f9a3ecbe5ed12ab4d8e11ba873c2f11161202b945	declared-XML-selector-projection-read	excluded	Lighting/Automation and F411/F422 selector projection compared with executable consumers; fixture values and object IDs excluded as physical capacities or Firmware evidence; malformed XML not runtime acceptance evidence; unrelated Configuration omitted
BtExperience	850ab0b5d84794b2ae6847f5eb8761c4fda8b4f1	conf.xml	f31831b3310ed5699e993cbf026ab6efe21650f2	ee6b764b933150e9b178c7bdc8b967cf9916201e6c89e7a67dc5c40331806142	4f53cda18c2baa0c0354bb5f9a3ecbe5ed12ab4d8e11ba873c2f11161202b945	declared-XML-selector-projection-read	excluded	Lighting/Automation and F411/F422 selector projection compared with executable consumers; fixture values and object IDs excluded as physical capacities or Firmware evidence; malformed XML not runtime acceptance evidence; unrelated Configuration omitted
BtExperience	ff13a336571782490d8970b5431da7923f20b43a	conf.xml	12b8a8376554bd696707df891f73cc70979a9d5f	718617140c467a6568aacf6118fc4bdef6bd160954151756fc042f59f13a9fb1	4f53cda18c2baa0c0354bb5f9a3ecbe5ed12ab4d8e11ba873c2f11161202b945	declared-XML-selector-projection-read	excluded	Lighting/Automation and F411/F422 selector projection compared with executable consumers; fixture values and object IDs excluded as physical capacities or Firmware evidence; malformed XML not runtime acceptance evidence; unrelated Configuration omitted
BtExperience	fc8aba123f540a4227ebd8ac423a0f874f97463a	conf.xml	807734398a0970376587b85a63d0e831be43e44c	eb57596833de87be8309af1a0eaf4a0581ddc6302e2a7b0ee60a6172d47ec223	4f53cda18c2baa0c0354bb5f9a3ecbe5ed12ab4d8e11ba873c2f11161202b945	declared-XML-selector-projection-read	excluded	Lighting/Automation and F411/F422 selector projection compared with executable consumers; fixture values and object IDs excluded as physical capacities or Firmware evidence; malformed XML not runtime acceptance evidence; unrelated Configuration omitted
BtExperience	bc80af88c429f891c0d117d7b8daff43c00cb675	conf.xml	be58f523d7dcd0935400a922c4e51be23c7913f6	b4fcfb156db1805039f318bf91a5d6a5a1f8c27c9e0d918cb3d62b9157717226	4f53cda18c2baa0c0354bb5f9a3ecbe5ed12ab4d8e11ba873c2f11161202b945	declared-XML-selector-projection-read	excluded	Lighting/Automation and F411/F422 selector projection compared with executable consumers; fixture values and object IDs excluded as physical capacities or Firmware evidence; malformed XML not runtime acceptance evidence; unrelated Configuration omitted
BtExperience	bef97bb9879e3fc2cd9438c8ac52dc3aaef4144e	conf.xml	8834b04b9fee5ecc2f82ecb570536463f78bf806	1222838bcc7eda058a0cc2da07e4ecd6eaed1683f939b28687739904ebe26a0d	4f53cda18c2baa0c0354bb5f9a3ecbe5ed12ab4d8e11ba873c2f11161202b945	declared-XML-selector-projection-read	excluded	Lighting/Automation and F411/F422 selector projection compared with executable consumers; fixture values and object IDs excluded as physical capacities or Firmware evidence; malformed XML not runtime acceptance evidence; unrelated Configuration omitted
BtExperience	0044a313bf44df5bcb783bbb46637b33280ef37a	conf.xml	7e649c1cac8fa619968494e7bf8cf654b575cfda	33364a67b72de9bf5ecd4f47659b97cb3d880992eefa3f08d7c79192b972fa93	4f53cda18c2baa0c0354bb5f9a3ecbe5ed12ab4d8e11ba873c2f11161202b945	declared-XML-selector-projection-read	excluded	Lighting/Automation and F411/F422 selector projection compared with executable consumers; fixture values and object IDs excluded as physical capacities or Firmware evidence; malformed XML not runtime acceptance evidence; unrelated Configuration omitted
BtExperience	83cdc12c36940e42f89c678ecfb0105522656438	conf.xml	d07c0126016311761f4962bc81fb06351eaec048	e78e3b2e46dea6dde0e943d2b71b96e838c74fa7273c129babcfee932f2aceab	4f53cda18c2baa0c0354bb5f9a3ecbe5ed12ab4d8e11ba873c2f11161202b945	declared-XML-selector-projection-read	excluded	Lighting/Automation and F411/F422 selector projection compared with executable consumers; fixture values and object IDs excluded as physical capacities or Firmware evidence; malformed XML not runtime acceptance evidence; unrelated Configuration omitted
BtExperience	36aa4022b70d2bc34d781ae67e04a7fe4b711734	conf.xml	d156e076b410964ea1362b81f710a7dc241a0517	1b6a0314c8c369fe3fb84c0d71db63a4bea9f0a58dc62b601f70a78a56feccf3	4f53cda18c2baa0c0354bb5f9a3ecbe5ed12ab4d8e11ba873c2f11161202b945	declared-XML-selector-projection-read	excluded	Lighting/Automation and F411/F422 selector projection compared with executable consumers; fixture values and object IDs excluded as physical capacities or Firmware evidence; malformed XML not runtime acceptance evidence; unrelated Configuration omitted
MyHomeSystemEmulator	4efc1d4a6a310bc598b29f54dca9c96de19d2abe	CONFFILE/IndesitTestPlant.xml	fe97661048508888864a996db0bb44f3141fa8b9	55c819ba8745b8c3acd4e9e521ec3db4287999a9a17e7ab15a85d45dcd1c6115	4f53cda18c2baa0c0354bb5f9a3ecbe5ed12ab4d8e11ba873c2f11161202b945	declared-XML-selector-projection-read	excluded	Lighting/Automation and F411/F422 selector projection compared with executable consumers; fixture values and object IDs excluded as physical capacities or Firmware evidence; malformed XML not runtime acceptance evidence; unrelated Configuration omitted
MyHomeSystemEmulator	56fbadd43020694bac572ea1229d1c27364ceaaf	bt_F411_DEV_PGIN/resources/F411_1.xml	33152bfc8c7ca425df064cea9bb54e0b62cd3ffa	6ceaf556eb172a87c6c59179bb26437bbaede3fe2242d3b605c5c533da1dbbbe	13bf136f8198c17f2841fb04caf3c4dbf8a63638b624f07f1459c421d2b5f839	declared-XML-selector-projection-read	excluded	Lighting/Automation and F411/F422 selector projection compared with executable consumers; fixture values and object IDs excluded as physical capacities or Firmware evidence; malformed XML not runtime acceptance evidence; unrelated Configuration omitted
MyHomeSystemEmulator	56fbadd43020694bac572ea1229d1c27364ceaaf	bt_F411_DEV_PGIN/resources/F411_2.xml	61cb64848949e340597a7ba2d6ec18ec6d4b82fa	20ff0b53c44feea2a72f5ae30dd21bae2707617be2393f51687707c166a0fe98	564a1ca1e44f8eab707cf68c759dce905edd3af7a6ab8ddd3cd3929e30c8d05c	declared-XML-selector-projection-read	excluded	Lighting/Automation and F411/F422 selector projection compared with executable consumers; fixture values and object IDs excluded as physical capacities or Firmware evidence; malformed XML not runtime acceptance evidence; unrelated Configuration omitted
MyHomeSystemEmulator	56fbadd43020694bac572ea1229d1c27364ceaaf	bt_F411_DEV_PGIN/resources/F411_4.xml	801862659acbdbc14e685515f6ae046da90ace0a	4948584367b70889eb84e363b5bc0052181467f135b59cf08440e7082331f4f5	4e8409afdfc4245d2bd6f19d66e4113b34065d574d700f0ac8e309d3e8082921	declared-XML-selector-projection-read	excluded	Lighting/Automation and F411/F422 selector projection compared with executable consumers; fixture values and object IDs excluded as physical capacities or Firmware evidence; malformed XML not runtime acceptance evidence; unrelated Configuration omitted
MyHomeSystemEmulator	56fbadd43020694bac572ea1229d1c27364ceaaf	bt_F422_DEV_PGIN/resources/F422.xml	5a314d0451004023620884fd6eda55bae0b45082	6625bc166a7cf7290cc1ceb43d45fe0ff83014d536a908ee6dd19e4ec426b404	4f53cda18c2baa0c0354bb5f9a3ecbe5ed12ab4d8e11ba873c2f11161202b945	declared-XML-selector-projection-read	excluded	Lighting/Automation and F411/F422 selector projection compared with executable consumers; fixture values and object IDs excluded as physical capacities or Firmware evidence; malformed XML not runtime acceptance evidence; unrelated Configuration omitted
