repository	revision	parent	path	old_blob	new_blob	change	review	reason
BtExperience	4ad862bf301fd3e2ebe0b62233edfce803682294	120bb25a382dbef170d404ec716389e7745aa2f0	BtObjects/gstmediaplayer.cpp	c29af820af8643f44ebace066ba36811d42e1b91	82c90525af465f5c3e8aeccd0b7f55a7177745d9	M	parent_tree_identity	Actual retained-parent file edge; semantic conclusions are component-scoped in the companion ledger, not implied by this edge.
BtExperience	4ad862bf301fd3e2ebe0b62233edfce803682294	120bb25a382dbef170d404ec716389e7745aa2f0	BtObjects/mediaobjects.cpp	06983f98f3847b8584eb500119c68de128a710d1	a12f1189733662bf1d4c9a30dbf9937074041897	M	parent_tree_identity	Actual retained-parent file edge; semantic conclusions are component-scoped in the companion ledger, not implied by this edge.
BtExperience	4ad862bf301fd3e2ebe0b62233edfce803682294	120bb25a382dbef170d404ec716389e7745aa2f0	BtObjects/multimediaplayer.cpp	31d8b1726782ac8c292771b8734bf45da1f65f05	2020069c57203a374a076a19f8916aa2401f6bff	M	parent_tree_identity	Actual retained-parent file edge; semantic conclusions are component-scoped in the companion ledger, not implied by this edge.
BtExperience	4ad862bf301fd3e2ebe0b62233edfce803682294	120bb25a382dbef170d404ec716389e7745aa2f0	BtObjects/playlistplayer.cpp	865b58795ac198fede7284ef20532731c24de2a4	e070766c2a9b96ee1c7530117e2ef77d350a4ac3	M	parent_tree_identity	Actual retained-parent file edge; semantic conclusions are component-scoped in the companion ledger, not implied by this edge.
BtExperience	4ad862bf301fd3e2ebe0b62233edfce803682294	120bb25a382dbef170d404ec716389e7745aa2f0	BtObjects/test/test_multimedia_player.cpp	8d28956b9c567b3319b3b2ebc74322e6e1b9d93a	2ad02fd406799ddccd5bad49414894312d03822e	M	parent_tree_identity	Actual retained-parent file edge; semantic conclusions are component-scoped in the companion ledger, not implied by this edge.
BtExperience	4ad862bf301fd3e2ebe0b62233edfce803682294	120bb25a382dbef170d404ec716389e7745aa2f0	gstmediaplayer/gstmediaplayer.cpp	fdce6d2a05c1814edd82cf7bfcee4551536d2ff6	afef438d0a9a509482d5358afa3992802d3b3eae	M	parent_tree_identity	Actual retained-parent file edge; semantic conclusions are component-scoped in the companion ledger, not implied by this edge.
BtExperience	120bb25a382dbef170d404ec716389e7745aa2f0	7e5369603c680e76a64c76b643f10dec1f30093f	BtObjects/mediaobjects.cpp	b7d30b132a7e0fbec2288b0d818d088f50811966	06983f98f3847b8584eb500119c68de128a710d1	M	parent_tree_identity	Actual retained-parent file edge; semantic conclusions are component-scoped in the companion ledger, not implied by this edge.
BtExperience	8449fc8eac9b624db4d0c934f8b843eeba5f9a6b	d924976050143f28e5c5668d9959a3f8af8fa9ba	BtObjects/mediaobjects.cpp	b7d30b132a7e0fbec2288b0d818d088f50811966	06983f98f3847b8584eb500119c68de128a710d1	M	parent_tree_identity	Actual retained-parent file edge; semantic conclusions are component-scoped in the companion ledger, not implied by this edge.
BtExperience	d924976050143f28e5c5668d9959a3f8af8fa9ba	c6a80a15d287af66fc63e47355f856d96385cd40	BtObjects/mediaobjects.cpp	b34482e03fbd8a404f653fdf52b13b926a89fb1e	b7d30b132a7e0fbec2288b0d818d088f50811966	M	parent_tree_identity	Actual retained-parent file edge; semantic conclusions are component-scoped in the companion ledger, not implied by this edge.
BtExperience	c6a80a15d287af66fc63e47355f856d96385cd40	c6ba744a85bdcb8d9996466346c46f396f208a99	BtObjects/mediaobjects.cpp	8c0ed1614925d45ebfa5c4e3bd22cfbde2d80f24	b34482e03fbd8a404f653fdf52b13b926a89fb1e	M	parent_tree_identity	Actual retained-parent file edge; semantic conclusions are component-scoped in the companion ledger, not implied by this edge.
BtExperience	c6a80a15d287af66fc63e47355f856d96385cd40	c6ba744a85bdcb8d9996466346c46f396f208a99	BtObjects/playlistplayer.cpp	e7f5b44c5051be11f6fab0c3fc69a73ba5f819ba	865b58795ac198fede7284ef20532731c24de2a4	M	parent_tree_identity	Actual retained-parent file edge; semantic conclusions are component-scoped in the companion ledger, not implied by this edge.
BtExperience	c6ba744a85bdcb8d9996466346c46f396f208a99	8ee17d01670a8251cf685dadfc0170f4c66fe8ef	BtObjects/test/test_multimedia_player.cpp	9d3223bef300abcb93904373e7d1594551a09d82	8d28956b9c567b3319b3b2ebc74322e6e1b9d93a	M	parent_tree_identity	Actual retained-parent file edge; semantic conclusions are component-scoped in the companion ledger, not implied by this edge.
BtExperience	8ee17d01670a8251cf685dadfc0170f4c66fe8ef	b5f362f67cb4967c82d89134495161ef8d973573	BtObjects/mediaobjects.cpp	c4de9237615ccb540b3c4eb9c06d3c8c58c9f6e5	8c0ed1614925d45ebfa5c4e3bd22cfbde2d80f24	M	parent_tree_identity	Actual retained-parent file edge; semantic conclusions are component-scoped in the companion ledger, not implied by this edge.
BtExperience	8ee17d01670a8251cf685dadfc0170f4c66fe8ef	b5f362f67cb4967c82d89134495161ef8d973573	BtObjects/multimediaplayer.cpp	20befc090c72e30951d73345417d1ecbf758d1e0	31d8b1726782ac8c292771b8734bf45da1f65f05	M	parent_tree_identity	Actual retained-parent file edge; semantic conclusions are component-scoped in the companion ledger, not implied by this edge.
BtExperience	8ee17d01670a8251cf685dadfc0170f4c66fe8ef	b5f362f67cb4967c82d89134495161ef8d973573	BtObjects/playlistplayer.cpp	cf40faf83f272b2aab89e1f302325cbc74323e0a	e7f5b44c5051be11f6fab0c3fc69a73ba5f819ba	M	parent_tree_identity	Actual retained-parent file edge; semantic conclusions are component-scoped in the companion ledger, not implied by this edge.
BtExperience	b5f362f67cb4967c82d89134495161ef8d973573	88099739cbaa5a6b0635bc895312f50781721bd3	BtObjects/playlistplayer.cpp	40880896517038465cc725ba4a1f42f0861a15ab	cf40faf83f272b2aab89e1f302325cbc74323e0a	M	parent_tree_identity	Actual retained-parent file edge; semantic conclusions are component-scoped in the companion ledger, not implied by this edge.
BtExperience	b5f362f67cb4967c82d89134495161ef8d973573	88099739cbaa5a6b0635bc895312f50781721bd3	BtObjects/test/test_multimedia_player.cpp	1a83ca1151b5b850d8d3fe37d3631e7526dff14d	9d3223bef300abcb93904373e7d1594551a09d82	M	parent_tree_identity	Actual retained-parent file edge; semantic conclusions are component-scoped in the companion ledger, not implied by this edge.
BtExperience	88099739cbaa5a6b0635bc895312f50781721bd3	eec461db534810cca738217968efeb0ae3b6084b	BtObjects/mediaobjects.cpp	cf33b01bf74d688e7e3fd37abab2adc4752a192c	c4de9237615ccb540b3c4eb9c06d3c8c58c9f6e5	M	parent_tree_identity	Actual retained-parent file edge; semantic conclusions are component-scoped in the companion ledger, not implied by this edge.
BtExperience	0331389d1586d86b621e3979a589e7abefc37966	376522de77bb70bfba6d80ac95f40596acc53172	BtObjects/mediaobjects.cpp	c4de9237615ccb540b3c4eb9c06d3c8c58c9f6e5	cf33b01bf74d688e7e3fd37abab2adc4752a192c	M	parent_tree_identity	Actual retained-parent file edge; semantic conclusions are component-scoped in the companion ledger, not implied by this edge.
BtExperience	795380113e3100b44f22aeb9064992602fb10d40	57843bf3755f21b346446724e3ca4649654cd447	BtObjects/playlistplayer.cpp	b13c889504d6215d7ccde3d26578999cefbe7062	40880896517038465cc725ba4a1f42f0861a15ab	M	parent_tree_identity	Actual retained-parent file edge; semantic conclusions are component-scoped in the companion ledger, not implied by this edge.
BtExperience	795380113e3100b44f22aeb9064992602fb10d40	57843bf3755f21b346446724e3ca4649654cd447	BtObjects/test/test_multimedia_player.cpp	7e1892eb5eccafb08678d48a113835f531f99465	1a83ca1151b5b850d8d3fe37d3631e7526dff14d	M	parent_tree_identity	Actual retained-parent file edge; semantic conclusions are component-scoped in the companion ledger, not implied by this edge.
BtExperience	d56b2eb49ab232e4dd6f39dc215027b8f338da4b	2f2503cd0304ce8e374ad945be30e01f1b056c3d	BtObjects/playlistplayer.cpp	b13c889504d6215d7ccde3d26578999cefbe7062	40880896517038465cc725ba4a1f42f0861a15ab	M	parent_tree_identity	Actual retained-parent file edge; semantic conclusions are component-scoped in the companion ledger, not implied by this edge.
BtExperience	d56b2eb49ab232e4dd6f39dc215027b8f338da4b	2f2503cd0304ce8e374ad945be30e01f1b056c3d	BtObjects/test/test_multimedia_player.cpp	7e1892eb5eccafb08678d48a113835f531f99465	1a83ca1151b5b850d8d3fe37d3631e7526dff14d	M	parent_tree_identity	Actual retained-parent file edge; semantic conclusions are component-scoped in the companion ledger, not implied by this edge.
BtExperience	815768184a59689638e048f305f884145294da64	f37039c05ff71e823da728b29fe7f9b7cbbe54f3	BtObjects/mediaobjects.cpp	5a62c1783c312f19dfd23016f3e34d3eb943c4d7	c4de9237615ccb540b3c4eb9c06d3c8c58c9f6e5	M	parent_tree_identity	Actual retained-parent file edge; semantic conclusions are component-scoped in the companion ledger, not implied by this edge.
BtExperience	f37039c05ff71e823da728b29fe7f9b7cbbe54f3	ac101226e18d7b1f47e15a27465c264fbdf7720e	BtObjects/mediaobjects.cpp	097a3f444f90a94f8a7ebf946d04a58c082112d4	5a62c1783c312f19dfd23016f3e34d3eb943c4d7	M	parent_tree_identity	Actual retained-parent file edge; semantic conclusions are component-scoped in the companion ledger, not implied by this edge.
BtExperience	15c50a1ee51cb56d808fe69fd2c9618cd4260a3c	0fb85c0bf2de4fe7fd847620c4a8b9e35b23d201	BtObjects/mediaobjects.cpp	4f8f80039a4152940d1f63744bde5a09d0ec4a4e	097a3f444f90a94f8a7ebf946d04a58c082112d4	M	parent_tree_identity	Actual retained-parent file edge; semantic conclusions are component-scoped in the companion ledger, not implied by this edge.
BtExperience	791951f351f153f6002edd4a44329a9140760c71	da7a3ec3acbe51401085b56140a6762759802655	BtObjects/mediaobjects.cpp	4f8f80039a4152940d1f63744bde5a09d0ec4a4e	097a3f444f90a94f8a7ebf946d04a58c082112d4	M	parent_tree_identity	Actual retained-parent file edge; semantic conclusions are component-scoped in the companion ledger, not implied by this edge.
BtExperience	45a880630d6a6cd83f61a55b35d45d632c11be2c	4a4003fb8f68a0c976cc9764609994d009234f48	BtObjects/mediaobjects.cpp	4f8f80039a4152940d1f63744bde5a09d0ec4a4e	097a3f444f90a94f8a7ebf946d04a58c082112d4	M	parent_tree_identity	Actual retained-parent file edge; semantic conclusions are component-scoped in the companion ledger, not implied by this edge.
BtExperience	3da563b71c507bf3794d3c1ad15b58c0a70af3cf	1a223721e8aeac2afdce91e32f67d327e518bc4a	BtObjects/mediaobjects.cpp	4f8f80039a4152940d1f63744bde5a09d0ec4a4e	097a3f444f90a94f8a7ebf946d04a58c082112d4	M	parent_tree_identity	Actual retained-parent file edge; semantic conclusions are component-scoped in the companion ledger, not implied by this edge.
BtExperience	fd63ef10a9cb8b530588c8db848b4e4335168cf9	d1d443d27c9a7296d6a555042bacf525d660ded3	BtObjects/mediaobjects.cpp	4f8f80039a4152940d1f63744bde5a09d0ec4a4e	097a3f444f90a94f8a7ebf946d04a58c082112d4	M	parent_tree_identity	Actual retained-parent file edge; semantic conclusions are component-scoped in the companion ledger, not implied by this edge.
BtExperience	bc662e7769afd65e7d25872940a8516de500e1d3	970672451d2c0d2abed849df22d3bff6253c240c	BtObjects/mediaobjects.cpp	4f8f80039a4152940d1f63744bde5a09d0ec4a4e	097a3f444f90a94f8a7ebf946d04a58c082112d4	M	parent_tree_identity	Actual retained-parent file edge; semantic conclusions are component-scoped in the companion ledger, not implied by this edge.
BtExperience	72897fdfe5959a297df5a7eb146bd822a9d17e29	7cb7ad53ed8c82b81bf5d01c1364fa6f7a291ffc	BtObjects/mediaobjects.cpp	4f8f80039a4152940d1f63744bde5a09d0ec4a4e	097a3f444f90a94f8a7ebf946d04a58c082112d4	M	parent_tree_identity	Actual retained-parent file edge; semantic conclusions are component-scoped in the companion ledger, not implied by this edge.
BtExperience	5303acb1582d2c20c9d1bcfb21be4698f70dbc02	abd1d5b9e16ca0ccafe478fb16cddaddad5d547f	BtObjects/playlistplayer.cpp	01106accab0b8a6c6914c5d323f772f27d6856ee	b13c889504d6215d7ccde3d26578999cefbe7062	M	parent_tree_identity	Actual retained-parent file edge; semantic conclusions are component-scoped in the companion ledger, not implied by this edge.
BtExperience	67cfc1b8d33800bb670e4bae8958b0081eddc6fc	179e6a5c4c49f2b11921da171b71324c56e67afc	BtObjects/playlistplayer.cpp	01106accab0b8a6c6914c5d323f772f27d6856ee	b13c889504d6215d7ccde3d26578999cefbe7062	M	parent_tree_identity	Actual retained-parent file edge; semantic conclusions are component-scoped in the companion ledger, not implied by this edge.
BtExperience	179e6a5c4c49f2b11921da171b71324c56e67afc	3cdd96a2e1467a7157a72bbc966eab82891dbbbd	BtObjects/playlistplayer.cpp	8bd525959519c839838ca1c3a69f5045fbb6f145	01106accab0b8a6c6914c5d323f772f27d6856ee	M	parent_tree_identity	Actual retained-parent file edge; semantic conclusions are component-scoped in the companion ledger, not implied by this edge.
BtExperience	6f3d050a79b2d018678df1fdefe585add436c202	14d04b7a50dbb863a7a365f2e501ac543b66f17f	BtObjects/playlistplayer.cpp	8bd525959519c839838ca1c3a69f5045fbb6f145	01106accab0b8a6c6914c5d323f772f27d6856ee	M	parent_tree_identity	Actual retained-parent file edge; semantic conclusions are component-scoped in the companion ledger, not implied by this edge.
BtExperience	7064382e0d109827c4363278ea5f61f4de210aad	152a13be28d8085694db2432112b5d8492b971e9	BtObjects/playlistplayer.cpp	8bd525959519c839838ca1c3a69f5045fbb6f145	01106accab0b8a6c6914c5d323f772f27d6856ee	M	parent_tree_identity	Actual retained-parent file edge; semantic conclusions are component-scoped in the companion ledger, not implied by this edge.
BtExperience	677463e6299243ec10a3f85d7231c8711cbdcd00	e777fc17fe5f5c383aad329a299e65b88a15b29e	BtObjects/gstmediaplayer.cpp	9b3b242b819250dbfb73f918b0152e641d599668	c29af820af8643f44ebace066ba36811d42e1b91	M	parent_tree_identity	Actual retained-parent file edge; semantic conclusions are component-scoped in the companion ledger, not implied by this edge.
BtExperience	8619ad0375abe0976040b8bd272254fc65645f2f	8cbe3e7f51bd089eefeee6cc580b8e318a2abb7f	BtObjects/gstmediaplayer.cpp	a66506f9c576a9ad2442f5bbcc24aad3fc51ae22	c29af820af8643f44ebace066ba36811d42e1b91	M	parent_tree_identity	Actual retained-parent file edge; semantic conclusions are component-scoped in the companion ledger, not implied by this edge.
BtExperience	8cbe3e7f51bd089eefeee6cc580b8e318a2abb7f	5b20cee0f3a1cccda443eb0df86eba95af57d7b0	BtObjects/gstmediaplayer.cpp	9b3b242b819250dbfb73f918b0152e641d599668	a66506f9c576a9ad2442f5bbcc24aad3fc51ae22	M	parent_tree_identity	Actual retained-parent file edge; semantic conclusions are component-scoped in the companion ledger, not implied by this edge.
BtExperience	a9ed4adf265a6771ea5f9eb8a297a1824b345ee6	fbd1b96921b3e2b60050410845ef8d4c4c223b7f	BtObjects/playlistplayer.cpp	2a6b214dd8641eb3d9c42cd418aae27ed9338e73	8bd525959519c839838ca1c3a69f5045fbb6f145	M	parent_tree_identity	Actual retained-parent file edge; semantic conclusions are component-scoped in the companion ledger, not implied by this edge.
BtExperience	8c4fcb19642f25f79a7da7cdad7db495a0c3a575	61568a0ca2eae0717648d732ed89610465629c2a	BtObjects/gstmediaplayer.cpp	6ba254c83b590f0fd80ef7d41e6ff228fffbae66	9b3b242b819250dbfb73f918b0152e641d599668	M	parent_tree_identity	Actual retained-parent file edge; semantic conclusions are component-scoped in the companion ledger, not implied by this edge.
BtExperience	65b4846e192213979711e065d3026dda6ebcd7a1	15097f76f16e5eac308ab4d32cca3f28dfd1e7d9	BtObjects/gstmediaplayer.cpp	6ba254c83b590f0fd80ef7d41e6ff228fffbae66	9b3b242b819250dbfb73f918b0152e641d599668	M	parent_tree_identity	Actual retained-parent file edge; semantic conclusions are component-scoped in the companion ledger, not implied by this edge.
BtExperience	65b4846e192213979711e065d3026dda6ebcd7a1	c2bc8beda45593d897feca6470cd22fb21d2dd00	BtObjects/multimediaplayer.cpp	ed30007d99e576c95d05a11954279454f8b042aa	20befc090c72e30951d73345417d1ecbf758d1e0	M	parent_tree_identity	Actual retained-parent file edge; semantic conclusions are component-scoped in the companion ledger, not implied by this edge.
BtExperience	65b4846e192213979711e065d3026dda6ebcd7a1	c2bc8beda45593d897feca6470cd22fb21d2dd00	BtObjects/playlistplayer.cpp	a4951f972aa2a2f4280fe48e4c9bf26f1ee5880b	2a6b214dd8641eb3d9c42cd418aae27ed9338e73	M	parent_tree_identity	Actual retained-parent file edge; semantic conclusions are component-scoped in the companion ledger, not implied by this edge.
BtExperience	65b4846e192213979711e065d3026dda6ebcd7a1	c2bc8beda45593d897feca6470cd22fb21d2dd00	BtObjects/test/test_multimedia_player.cpp	42579689403e5fb714af300dd301b4ed4c6fca05	7e1892eb5eccafb08678d48a113835f531f99465	M	parent_tree_identity	Actual retained-parent file edge; semantic conclusions are component-scoped in the companion ledger, not implied by this edge.
BtExperience	15097f76f16e5eac308ab4d32cca3f28dfd1e7d9	daa2712fed82308a283be9dbf2e2744560576931	BtObjects/multimediaplayer.cpp	ed30007d99e576c95d05a11954279454f8b042aa	20befc090c72e30951d73345417d1ecbf758d1e0	M	parent_tree_identity	Actual retained-parent file edge; semantic conclusions are component-scoped in the companion ledger, not implied by this edge.
BtExperience	15097f76f16e5eac308ab4d32cca3f28dfd1e7d9	daa2712fed82308a283be9dbf2e2744560576931	BtObjects/playlistplayer.cpp	a4951f972aa2a2f4280fe48e4c9bf26f1ee5880b	2a6b214dd8641eb3d9c42cd418aae27ed9338e73	M	parent_tree_identity	Actual retained-parent file edge; semantic conclusions are component-scoped in the companion ledger, not implied by this edge.
BtExperience	15097f76f16e5eac308ab4d32cca3f28dfd1e7d9	daa2712fed82308a283be9dbf2e2744560576931	BtObjects/test/test_multimedia_player.cpp	42579689403e5fb714af300dd301b4ed4c6fca05	7e1892eb5eccafb08678d48a113835f531f99465	M	parent_tree_identity	Actual retained-parent file edge; semantic conclusions are component-scoped in the companion ledger, not implied by this edge.
BtExperience	f41e8b272bc20e15d8a32a687f0dd323a980d133	014589c719032c150035a4f39403d25215e13f36	BtObjects/multimediaplayer.cpp	ed30007d99e576c95d05a11954279454f8b042aa	20befc090c72e30951d73345417d1ecbf758d1e0	M	parent_tree_identity	Actual retained-parent file edge; semantic conclusions are component-scoped in the companion ledger, not implied by this edge.
BtExperience	f41e8b272bc20e15d8a32a687f0dd323a980d133	014589c719032c150035a4f39403d25215e13f36	BtObjects/playlistplayer.cpp	a4951f972aa2a2f4280fe48e4c9bf26f1ee5880b	2a6b214dd8641eb3d9c42cd418aae27ed9338e73	M	parent_tree_identity	Actual retained-parent file edge; semantic conclusions are component-scoped in the companion ledger, not implied by this edge.
BtExperience	f41e8b272bc20e15d8a32a687f0dd323a980d133	014589c719032c150035a4f39403d25215e13f36	BtObjects/test/test_multimedia_player.cpp	42579689403e5fb714af300dd301b4ed4c6fca05	7e1892eb5eccafb08678d48a113835f531f99465	M	parent_tree_identity	Actual retained-parent file edge; semantic conclusions are component-scoped in the companion ledger, not implied by this edge.
BtExperience	c2bc8beda45593d897feca6470cd22fb21d2dd00	014589c719032c150035a4f39403d25215e13f36	BtObjects/gstmediaplayer.cpp	6ba254c83b590f0fd80ef7d41e6ff228fffbae66	9b3b242b819250dbfb73f918b0152e641d599668	M	parent_tree_identity	Actual retained-parent file edge; semantic conclusions are component-scoped in the companion ledger, not implied by this edge.
BtExperience	014589c719032c150035a4f39403d25215e13f36	5667ef2b87d3fa9d156227f06aa5d8f93b8a7caf	BtObjects/playlistplayer.cpp	01b9e5bd9b3a56e77ba64f5cad0c356e89d59b00	a4951f972aa2a2f4280fe48e4c9bf26f1ee5880b	M	parent_tree_identity	Actual retained-parent file edge; semantic conclusions are component-scoped in the companion ledger, not implied by this edge.
BtExperience	0aea2be6de7038dd09625eeec03c69fd170fbeea	845158e1a9d400fbf8727c27b657408ddd85b781	BtObjects/playlistplayer.cpp	01b9e5bd9b3a56e77ba64f5cad0c356e89d59b00	a4951f972aa2a2f4280fe48e4c9bf26f1ee5880b	M	parent_tree_identity	Actual retained-parent file edge; semantic conclusions are component-scoped in the companion ledger, not implied by this edge.
BtExperience	6430e3ddeb1c2d7a4ac43df71bdf37a6fc5b879b	db4261b012561663b2df18594145afdca6b62a91	BtObjects/gstmediaplayer.cpp	21d25edd1cdb5876808b8aabc8efe540882cdb53	6ba254c83b590f0fd80ef7d41e6ff228fffbae66	M	parent_tree_identity	Actual retained-parent file edge; semantic conclusions are component-scoped in the companion ledger, not implied by this edge.
BtExperience	863fc61a020384df6868bc867840cd3e2b245990	49d27ab9871e092466730219de15c92b9e1112d5	BtObjects/gstmediaplayer.cpp	21d25edd1cdb5876808b8aabc8efe540882cdb53	6ba254c83b590f0fd80ef7d41e6ff228fffbae66	M	parent_tree_identity	Actual retained-parent file edge; semantic conclusions are component-scoped in the companion ledger, not implied by this edge.
BtExperience	bff96ec29365645bcaea4cdc3258eb5551fef3f0	e5fac6fee40f2b889fa795ebd250e5c6ca05a2f4	BtObjects/gstmediaplayer.cpp	0e34e17f00f901b0ca4f8d94d69191562acd03e5	21d25edd1cdb5876808b8aabc8efe540882cdb53	M	parent_tree_identity	Actual retained-parent file edge; semantic conclusions are component-scoped in the companion ledger, not implied by this edge.
BtExperience	7b3660ed9018365f4dd93fc8081e1d36c0d28e29	3d8ac82cccbe14d4a8878f577e44488d746df36e	BtObjects/gstmediaplayer.cpp	0e34e17f00f901b0ca4f8d94d69191562acd03e5	21d25edd1cdb5876808b8aabc8efe540882cdb53	M	parent_tree_identity	Actual retained-parent file edge; semantic conclusions are component-scoped in the companion ledger, not implied by this edge.
BtExperience	2b551ad59773270e7499228e17a77dc5bbf445ca	3933a81bfeee7184bd2eebf4a825000070951f43	BtObjects/mediaobjects.cpp	63030ad3418ed532f9f5f78d74d81216246520d8	4f8f80039a4152940d1f63744bde5a09d0ec4a4e	M	parent_tree_identity	Actual retained-parent file edge; semantic conclusions are component-scoped in the companion ledger, not implied by this edge.
BtExperience	c9987bf459ebcc77a11a2ebf62a02e27a2221127	d9d1792d64afd931c6991909ef74f9579b1a50f2	BtObjects/mediaobjects.cpp	63030ad3418ed532f9f5f78d74d81216246520d8	4f8f80039a4152940d1f63744bde5a09d0ec4a4e	M	parent_tree_identity	Actual retained-parent file edge; semantic conclusions are component-scoped in the companion ledger, not implied by this edge.
BtExperience	348fc316c68e36b3b483283e1a43c83f5e757397	b70ff3d487789995d3326846c1a83ac50d4b79ff	BtObjects/multimediaplayer.cpp	b543bb0bf7c7b49e444887e336d32a5a03067d19	ed30007d99e576c95d05a11954279454f8b042aa	M	parent_tree_identity	Actual retained-parent file edge; semantic conclusions are component-scoped in the companion ledger, not implied by this edge.
BtExperience	211db61b8cecf433ad07fd333602a9cef791fce7	b5cb2c21e30fa371409d2a943c69f74c07e5f536	BtObjects/multimediaplayer.cpp	b543bb0bf7c7b49e444887e336d32a5a03067d19	ed30007d99e576c95d05a11954279454f8b042aa	M	parent_tree_identity	Actual retained-parent file edge; semantic conclusions are component-scoped in the companion ledger, not implied by this edge.
BtExperience	e4c4582fd7db9004d11641fb2771c5bd22afa27e	18d080f09a6234fa9b23aa82427b295504affda8	BtObjects/multimediaplayer.cpp	b543bb0bf7c7b49e444887e336d32a5a03067d19	ed30007d99e576c95d05a11954279454f8b042aa	M	parent_tree_identity	Actual retained-parent file edge; semantic conclusions are component-scoped in the companion ledger, not implied by this edge.
BtExperience	aaf3d0a599e8231eac019072de5e26ac89115873	55e64a56001c49e76fccccbb7f24738352ff6059	BtObjects/mediaobjects.cpp	74d9a91d2bac9852c12d3ce6a78c93edeb355cf3	63030ad3418ed532f9f5f78d74d81216246520d8	M	parent_tree_identity	Actual retained-parent file edge; semantic conclusions are component-scoped in the companion ledger, not implied by this edge.
BtExperience	9fcdc1f7084337e60d49b29c777f7cf76ea7fa34	ad1947bc3a42b201b9dfeb400dbba25508b1e84f	BtObjects/mediaobjects.cpp	74d9a91d2bac9852c12d3ce6a78c93edeb355cf3	63030ad3418ed532f9f5f78d74d81216246520d8	M	parent_tree_identity	Actual retained-parent file edge; semantic conclusions are component-scoped in the companion ledger, not implied by this edge.
BtExperience	5a31d5147e82ca6b98009fabea5d3982266ee63a	822fc372795fc2c97a3f435a71c0656838c2031c	BtObjects/mediaobjects.cpp	74d9a91d2bac9852c12d3ce6a78c93edeb355cf3	63030ad3418ed532f9f5f78d74d81216246520d8	M	parent_tree_identity	Actual retained-parent file edge; semantic conclusions are component-scoped in the companion ledger, not implied by this edge.
BtExperience	ad48659516bacd74db3b3b26ddf1abade6a15b42	22adedc6ea574fa74993ee905dcc37592dd90604	BtObjects/mediaobjects.cpp	792fd47904d11c14ee835a8cfaff32e0cd57a17e	74d9a91d2bac9852c12d3ce6a78c93edeb355cf3	M	parent_tree_identity	Actual retained-parent file edge; semantic conclusions are component-scoped in the companion ledger, not implied by this edge.
BtExperience	ad48659516bacd74db3b3b26ddf1abade6a15b42	22adedc6ea574fa74993ee905dcc37592dd90604	BtObjects/playlistplayer.cpp	f6e8366cbb9af9739c1a6db23ffcd15972e6d480	01b9e5bd9b3a56e77ba64f5cad0c356e89d59b00	M	parent_tree_identity	Actual retained-parent file edge; semantic conclusions are component-scoped in the companion ledger, not implied by this edge.
BtExperience	fb0f69add5f785a69e67c891c2edfe975ecb0e8b	0f7d056e31e19d8a248ae1dc23ea5ece0547ec3c	BtObjects/mediaobjects.cpp	792fd47904d11c14ee835a8cfaff32e0cd57a17e	74d9a91d2bac9852c12d3ce6a78c93edeb355cf3	M	parent_tree_identity	Actual retained-parent file edge; semantic conclusions are component-scoped in the companion ledger, not implied by this edge.
BtExperience	fb0f69add5f785a69e67c891c2edfe975ecb0e8b	0f7d056e31e19d8a248ae1dc23ea5ece0547ec3c	BtObjects/playlistplayer.cpp	7caa273fdc4ac81f07d82f7240e385fcef97d644	01b9e5bd9b3a56e77ba64f5cad0c356e89d59b00	M	parent_tree_identity	Actual retained-parent file edge; semantic conclusions are component-scoped in the companion ledger, not implied by this edge.
BtExperience	ed917fad10a9e7d07145e8e38630c624af33cffb	229009c8c0d3b43d245d28daeebc12bd2ae98888	BtObjects/mediaobjects.cpp	792fd47904d11c14ee835a8cfaff32e0cd57a17e	74d9a91d2bac9852c12d3ce6a78c93edeb355cf3	M	parent_tree_identity	Actual retained-parent file edge; semantic conclusions are component-scoped in the companion ledger, not implied by this edge.
BtExperience	229009c8c0d3b43d245d28daeebc12bd2ae98888	888d4bb7de9633041ec2d84d68c3a44c63360235	BtObjects/playlistplayer.cpp	7caa273fdc4ac81f07d82f7240e385fcef97d644	01b9e5bd9b3a56e77ba64f5cad0c356e89d59b00	M	parent_tree_identity	Actual retained-parent file edge; semantic conclusions are component-scoped in the companion ledger, not implied by this edge.
BtExperience	47814af3f742ff57b123415d670868a3a808653e	85612b5ac9ad2e1a45a9c75857ef95b939dfcdfb	BtObjects/playlistplayer.cpp	f6e8366cbb9af9739c1a6db23ffcd15972e6d480	7caa273fdc4ac81f07d82f7240e385fcef97d644	M	parent_tree_identity	Actual retained-parent file edge; semantic conclusions are component-scoped in the companion ledger, not implied by this edge.
BtExperience	d66de3aa99f1240e84b4e3d0f9c7d8901a0944bf	2644684a5e3c9c12dc3fffdcae244e3333215ede	BtObjects/mediaobjects.cpp	49829eaa608a1e0ebf907b1237f76aa79bdae7fa	792fd47904d11c14ee835a8cfaff32e0cd57a17e	M	parent_tree_identity	Actual retained-parent file edge; semantic conclusions are component-scoped in the companion ledger, not implied by this edge.
BtExperience	a11dbdc84407454c2b30e467b54c072e5ecaa5b8	405382e7436a235e17d2a59f3526b050c55a98a1	BtObjects/mediaobjects.cpp	49829eaa608a1e0ebf907b1237f76aa79bdae7fa	792fd47904d11c14ee835a8cfaff32e0cd57a17e	M	parent_tree_identity	Actual retained-parent file edge; semantic conclusions are component-scoped in the companion ledger, not implied by this edge.
BtExperience	699c21759157031a77533b7aa8b7c77f66c65234	c915c4cc0380afa6d61012a9e119b4a36e431fda	BtObjects/multimediaplayer.cpp	6a43b847d751a32adc4dee2e55f818ed457a4895	b543bb0bf7c7b49e444887e336d32a5a03067d19	M	parent_tree_identity	Actual retained-parent file edge; semantic conclusions are component-scoped in the companion ledger, not implied by this edge.
BtExperience	74ceb35795fbf1659b19480f8895dadb6a2cca04	eb839266f8481b5c0ae7dd279b5577d902c88a9f	BtObjects/multimediaplayer.cpp	6a43b847d751a32adc4dee2e55f818ed457a4895	b543bb0bf7c7b49e444887e336d32a5a03067d19	M	parent_tree_identity	Actual retained-parent file edge; semantic conclusions are component-scoped in the companion ledger, not implied by this edge.
BtExperience	7d68c520871d1bc9d6d781ed648072025ff8c6bd	461bcfc084330323b3798a8975d1671c67537918	BtObjects/mediaobjects.cpp	8ea87ea85da5ac3af82a1bbbe6851da000892324	49829eaa608a1e0ebf907b1237f76aa79bdae7fa	M	parent_tree_identity	Actual retained-parent file edge; semantic conclusions are component-scoped in the companion ledger, not implied by this edge.
BtExperience	7dbf5433fc5a98d4975127849a5a7f25b34015cf	5e271f373662954bb68d2e883a9bd9e6ea6dca2b	BtObjects/mediaobjects.cpp	8ea87ea85da5ac3af82a1bbbe6851da000892324	49829eaa608a1e0ebf907b1237f76aa79bdae7fa	M	parent_tree_identity	Actual retained-parent file edge; semantic conclusions are component-scoped in the companion ledger, not implied by this edge.
BtExperience	08c9971a772c4ed6db30da35338aef31557caedc	fbfa9b4c6f0b28219e1b796af730184a1e2b9f0b	BtObjects/mediaobjects.cpp	87fe3c19a9b3940f92d2bc2b10fbc12595837602	8ea87ea85da5ac3af82a1bbbe6851da000892324	M	parent_tree_identity	Actual retained-parent file edge; semantic conclusions are component-scoped in the companion ledger, not implied by this edge.
BtExperience	e0b7938c865c70c2931b6e7ab79823ea20688a3f	d6b83465cb322413a6123357ed575592efbe352e	BtObjects/mediaobjects.cpp	f796ef0b9598043bfea695fe9f7e55bc7e55ac06	8ea87ea85da5ac3af82a1bbbe6851da000892324	M	parent_tree_identity	Actual retained-parent file edge; semantic conclusions are component-scoped in the companion ledger, not implied by this edge.
BtExperience	5264b5ca3a8040fec9e967555f5645db0d87db80	7f30a05c3277c7ca2dc0cb60e9ce2e0e1f3475ff	BtObjects/mediaobjects.cpp	87fe3c19a9b3940f92d2bc2b10fbc12595837602	f796ef0b9598043bfea695fe9f7e55bc7e55ac06	M	parent_tree_identity	Actual retained-parent file edge; semantic conclusions are component-scoped in the companion ledger, not implied by this edge.
BtExperience	aaf8e7bdd41dfadae71a8335444c91ad45f17f1a	401d4d6185c6a5a76a0546d841d62b9e43bc3690	BtObjects/mediaobjects.cpp	87fe3c19a9b3940f92d2bc2b10fbc12595837602	f796ef0b9598043bfea695fe9f7e55bc7e55ac06	M	parent_tree_identity	Actual retained-parent file edge; semantic conclusions are component-scoped in the companion ledger, not implied by this edge.
BtExperience	646b29027ef701a971513b8f50561df65eb9323b	a3efb60bb0e9aa83d1cd225b71c6ec24fc2e73f0	BtObjects/mediaobjects.cpp	8f4aad70f6440a30766458c6c9d0b869dbd598ef	87fe3c19a9b3940f92d2bc2b10fbc12595837602	M	parent_tree_identity	Actual retained-parent file edge; semantic conclusions are component-scoped in the companion ledger, not implied by this edge.
BtExperience	646b29027ef701a971513b8f50561df65eb9323b	a3efb60bb0e9aa83d1cd225b71c6ec24fc2e73f0	BtObjects/playlistplayer.cpp	24d28daeca38ee368f27f144b04cdd7a3e81f01d	f6e8366cbb9af9739c1a6db23ffcd15972e6d480	M	parent_tree_identity	Actual retained-parent file edge; semantic conclusions are component-scoped in the companion ledger, not implied by this edge.
BtExperience	a051664d0a4e18026209567a1c4e6e275ce026cd	846b16b2ed8a3801579550b5965ddfab7eb7b58f	BtObjects/playlistplayer.cpp	1187a6e2b0da05c533520585a24fdda5493ec0bd	f6e8366cbb9af9739c1a6db23ffcd15972e6d480	M	parent_tree_identity	Actual retained-parent file edge; semantic conclusions are component-scoped in the companion ledger, not implied by this edge.
BtExperience	846b16b2ed8a3801579550b5965ddfab7eb7b58f	5861a02aec1f868f9ecfc9df6cb9b2215839bdef	BtObjects/playlistplayer.cpp	24d28daeca38ee368f27f144b04cdd7a3e81f01d	1187a6e2b0da05c533520585a24fdda5493ec0bd	M	parent_tree_identity	Actual retained-parent file edge; semantic conclusions are component-scoped in the companion ledger, not implied by this edge.
BtExperience	5861a02aec1f868f9ecfc9df6cb9b2215839bdef	bddd3c287a0406b6e04cd7eac958e75859f4982b	BtObjects/mediaobjects.cpp	8f4aad70f6440a30766458c6c9d0b869dbd598ef	87fe3c19a9b3940f92d2bc2b10fbc12595837602	M	parent_tree_identity	Actual retained-parent file edge; semantic conclusions are component-scoped in the companion ledger, not implied by this edge.
BtExperience	6804eaf2788b41e442c4c0f63555c29e2488585a	163c72063bd26c56754d78ad04e85854c5e3b021	BtObjects/mediaobjects.cpp	40c0472efdce0bdc91929bafb20ba9129dfcf350	8f4aad70f6440a30766458c6c9d0b869dbd598ef	M	parent_tree_identity	Actual retained-parent file edge; semantic conclusions are component-scoped in the companion ledger, not implied by this edge.
BtExperience	549805dd4102b61b461fdcbedaeb9a9161ed6992	61072f72fa56f64441486fa4ed17d3298f9e5c3b	BtObjects/mediaobjects.cpp	40c0472efdce0bdc91929bafb20ba9129dfcf350	8f4aad70f6440a30766458c6c9d0b869dbd598ef	M	parent_tree_identity	Actual retained-parent file edge; semantic conclusions are component-scoped in the companion ledger, not implied by this edge.
BtExperience	da8cbee8ef674c866d88a2bc2a2831a9eec91c08	32a43ed3bcfa50e3129971ea93a724d20353bba6	BtObjects/mediaobjects.cpp	40c0472efdce0bdc91929bafb20ba9129dfcf350	8f4aad70f6440a30766458c6c9d0b869dbd598ef	M	parent_tree_identity	Actual retained-parent file edge; semantic conclusions are component-scoped in the companion ledger, not implied by this edge.
BtExperience	f55eb0268a961cbab0b4a79e2de7d6e26585cfeb	68482f157f1ec6a3e4732a5026205a600f235402	BtObjects/mediaobjects.cpp	651aa1793be136bc9f3d2c8bf3f6b8d32cefd2ff	40c0472efdce0bdc91929bafb20ba9129dfcf350	M	parent_tree_identity	Actual retained-parent file edge; semantic conclusions are component-scoped in the companion ledger, not implied by this edge.
BtExperience	f55eb0268a961cbab0b4a79e2de7d6e26585cfeb	68482f157f1ec6a3e4732a5026205a600f235402	BtObjects/multimediaplayer.cpp	bc5a8f5ad0f1db21510dadfde0486ff3c32624b7	6a43b847d751a32adc4dee2e55f818ed457a4895	M	parent_tree_identity	Actual retained-parent file edge; semantic conclusions are component-scoped in the companion ledger, not implied by this edge.
BtExperience	f55eb0268a961cbab0b4a79e2de7d6e26585cfeb	68482f157f1ec6a3e4732a5026205a600f235402	BtObjects/test/test_multimedia_player.cpp	32b52496c34189bf68c47d0eea23258d5532719c	42579689403e5fb714af300dd301b4ed4c6fca05	M	parent_tree_identity	Actual retained-parent file edge; semantic conclusions are component-scoped in the companion ledger, not implied by this edge.
BtExperience	d874628f431f084e2f2713268f899c056eb481ee	ec76602a5b0d37e06cb10fdcdadb3dceaa5f9dcf	BtObjects/multimediaplayer.cpp	bc5a8f5ad0f1db21510dadfde0486ff3c32624b7	6a43b847d751a32adc4dee2e55f818ed457a4895	M	parent_tree_identity	Actual retained-parent file edge; semantic conclusions are component-scoped in the companion ledger, not implied by this edge.
BtExperience	d874628f431f084e2f2713268f899c056eb481ee	ec76602a5b0d37e06cb10fdcdadb3dceaa5f9dcf	BtObjects/test/test_multimedia_player.cpp	32b52496c34189bf68c47d0eea23258d5532719c	42579689403e5fb714af300dd301b4ed4c6fca05	M	parent_tree_identity	Actual retained-parent file edge; semantic conclusions are component-scoped in the companion ledger, not implied by this edge.
BtExperience	f61f11ecf928cd5012dfccc6a95aca83e1f7a1f8	038ec7895db9dcf49baff4fe76e9be7aa5e545fb	BtObjects/mediaobjects.cpp	651aa1793be136bc9f3d2c8bf3f6b8d32cefd2ff	40c0472efdce0bdc91929bafb20ba9129dfcf350	M	parent_tree_identity	Actual retained-parent file edge; semantic conclusions are component-scoped in the companion ledger, not implied by this edge.
BtExperience	c41ed9b3ce32add539467a6528c19ff05ce393ff	48d791fe92fd0959a156d86bf9ae2efc5d8ed2f9	BtObjects/mediaobjects.cpp	651aa1793be136bc9f3d2c8bf3f6b8d32cefd2ff	40c0472efdce0bdc91929bafb20ba9129dfcf350	M	parent_tree_identity	Actual retained-parent file edge; semantic conclusions are component-scoped in the companion ledger, not implied by this edge.
BtExperience	70682ad7244af6c501f92751746f26d260e0a6b2	d3672397fcb576ceadd6935f2d3555f40a1cdfe4	gstmediaplayer/gstmediaplayer.cpp	69e00cc5f1319ac12bc7d331db3f3796c9e872b0	fdce6d2a05c1814edd82cf7bfcee4551536d2ff6	M	parent_tree_identity	Actual retained-parent file edge; semantic conclusions are component-scoped in the companion ledger, not implied by this edge.
BtExperience	b671449a1b1b0cdfdbc809439ea1b33355e4952e	1d3963e3725ef6e39d9d91ec86971621524e522f	BtObjects/gstmediaplayer.cpp	d4c791a8673f0ba540323fae580ea6f219c1bcc5	0e34e17f00f901b0ca4f8d94d69191562acd03e5	M	parent_tree_identity	Actual retained-parent file edge; semantic conclusions are component-scoped in the companion ledger, not implied by this edge.
BtExperience	b671449a1b1b0cdfdbc809439ea1b33355e4952e	1d3963e3725ef6e39d9d91ec86971621524e522f	BtObjects/multimediaplayer.cpp	36d7aa2e571029003c3dd9e59e789de86b872fa1	bc5a8f5ad0f1db21510dadfde0486ff3c32624b7	M	parent_tree_identity	Actual retained-parent file edge; semantic conclusions are component-scoped in the companion ledger, not implied by this edge.
BtExperience	b671449a1b1b0cdfdbc809439ea1b33355e4952e	1d3963e3725ef6e39d9d91ec86971621524e522f	BtObjects/test/test_multimedia_player.cpp	9c9928d9cbdb23a88806db5c465bcd903d4fa750	32b52496c34189bf68c47d0eea23258d5532719c	M	parent_tree_identity	Actual retained-parent file edge; semantic conclusions are component-scoped in the companion ledger, not implied by this edge.
BtExperience	b671449a1b1b0cdfdbc809439ea1b33355e4952e	1d3963e3725ef6e39d9d91ec86971621524e522f	gstmediaplayer/gstmediaplayer.cpp	69e00cc5f1319ac12bc7d331db3f3796c9e872b0	fdce6d2a05c1814edd82cf7bfcee4551536d2ff6	M	parent_tree_identity	Actual retained-parent file edge; semantic conclusions are component-scoped in the companion ledger, not implied by this edge.
BtExperience	e8b9046bcd9f079e0d30830abb6b57d86aa4f7dd	28f826d473ed1295ca0a211ceef4643e7d8b0cf6	gstmediaplayer/gstmediaplayer.cpp	69e00cc5f1319ac12bc7d331db3f3796c9e872b0	fdce6d2a05c1814edd82cf7bfcee4551536d2ff6	M	parent_tree_identity	Actual retained-parent file edge; semantic conclusions are component-scoped in the companion ledger, not implied by this edge.
BtExperience	1928c73bd57e3c57ab5f2912eba26890832b40bd	2c96bbc7fc84719e3fbc2254290c1eb3fce9078a	BtObjects/gstmediaplayer.cpp	d4c791a8673f0ba540323fae580ea6f219c1bcc5	0e34e17f00f901b0ca4f8d94d69191562acd03e5	M	parent_tree_identity	Actual retained-parent file edge; semantic conclusions are component-scoped in the companion ledger, not implied by this edge.
BtExperience	1928c73bd57e3c57ab5f2912eba26890832b40bd	2c96bbc7fc84719e3fbc2254290c1eb3fce9078a	BtObjects/multimediaplayer.cpp	36d7aa2e571029003c3dd9e59e789de86b872fa1	bc5a8f5ad0f1db21510dadfde0486ff3c32624b7	M	parent_tree_identity	Actual retained-parent file edge; semantic conclusions are component-scoped in the companion ledger, not implied by this edge.
BtExperience	1928c73bd57e3c57ab5f2912eba26890832b40bd	2c96bbc7fc84719e3fbc2254290c1eb3fce9078a	BtObjects/test/test_multimedia_player.cpp	9c9928d9cbdb23a88806db5c465bcd903d4fa750	32b52496c34189bf68c47d0eea23258d5532719c	M	parent_tree_identity	Actual retained-parent file edge; semantic conclusions are component-scoped in the companion ledger, not implied by this edge.
BtExperience	e3da75f218498b18ffd0a6635dcd672ce2639049	55daae54ac94ebc0d9d77c846fc86f629d742705	BtObjects/gstmediaplayer.cpp	d4c791a8673f0ba540323fae580ea6f219c1bcc5	0e34e17f00f901b0ca4f8d94d69191562acd03e5	M	parent_tree_identity	Actual retained-parent file edge; semantic conclusions are component-scoped in the companion ledger, not implied by this edge.
BtExperience	e3da75f218498b18ffd0a6635dcd672ce2639049	55daae54ac94ebc0d9d77c846fc86f629d742705	BtObjects/multimediaplayer.cpp	36d7aa2e571029003c3dd9e59e789de86b872fa1	bc5a8f5ad0f1db21510dadfde0486ff3c32624b7	M	parent_tree_identity	Actual retained-parent file edge; semantic conclusions are component-scoped in the companion ledger, not implied by this edge.
BtExperience	e3da75f218498b18ffd0a6635dcd672ce2639049	55daae54ac94ebc0d9d77c846fc86f629d742705	BtObjects/test/test_multimedia_player.cpp	9c9928d9cbdb23a88806db5c465bcd903d4fa750	32b52496c34189bf68c47d0eea23258d5532719c	M	parent_tree_identity	Actual retained-parent file edge; semantic conclusions are component-scoped in the companion ledger, not implied by this edge.
BtExperience	dad8e141b5deeeaa14296add21941b4309da867c	a74e4b1128ca686b7dde6ef3837409223c33501f	BtObjects/mediaobjects.cpp	9702ec0fa8285c7e9fd9dd1736ff259194f8b057	651aa1793be136bc9f3d2c8bf3f6b8d32cefd2ff	M	parent_tree_identity	Actual retained-parent file edge; semantic conclusions are component-scoped in the companion ledger, not implied by this edge.
BtExperience	e3e2862c4faa00669c780d956837e57f31d532df	6d5da0e72e33820a21eec85a6a389e93b3459954	BtObjects/mediaobjects.cpp	9702ec0fa8285c7e9fd9dd1736ff259194f8b057	651aa1793be136bc9f3d2c8bf3f6b8d32cefd2ff	M	parent_tree_identity	Actual retained-parent file edge; semantic conclusions are component-scoped in the companion ledger, not implied by this edge.
BtExperience	aa00795eab8b502e3dd98980929293a5e1653fe2	07d86c2a3c3800a8a8794cdbab4eae15afa921b0	BtObjects/mediaobjects.cpp	9702ec0fa8285c7e9fd9dd1736ff259194f8b057	651aa1793be136bc9f3d2c8bf3f6b8d32cefd2ff	M	parent_tree_identity	Actual retained-parent file edge; semantic conclusions are component-scoped in the companion ledger, not implied by this edge.
BtExperience	2bc279a5cb8cfde7277bb330d6e2e78f2120c3f1	5094f7bde389b9385c54bb601af24e4bbad0a7ea	BtObjects/playlistplayer.cpp	669e31b20ab10f75124b87ccc46b71c696de9c0e	24d28daeca38ee368f27f144b04cdd7a3e81f01d	M	parent_tree_identity	Actual retained-parent file edge; semantic conclusions are component-scoped in the companion ledger, not implied by this edge.
BtExperience	f5e774b4c759d232122afef378c9f4ec4270afb4	5b9b3c0442bbabfb3bc1c358849975ab0e634484	BtObjects/playlistplayer.cpp	669e31b20ab10f75124b87ccc46b71c696de9c0e	24d28daeca38ee368f27f144b04cdd7a3e81f01d	M	parent_tree_identity	Actual retained-parent file edge; semantic conclusions are component-scoped in the companion ledger, not implied by this edge.
BtExperience	bb41cc3555de50b0638fc60c5c824bfd5decc9ce	363c6e5eba396572188c738540a29ba399e53dd3	BtObjects/playlistplayer.cpp	669e31b20ab10f75124b87ccc46b71c696de9c0e	24d28daeca38ee368f27f144b04cdd7a3e81f01d	M	parent_tree_identity	Actual retained-parent file edge; semantic conclusions are component-scoped in the companion ledger, not implied by this edge.
BtExperience	41130d9410eb5f56091b07e9f4d69d9874c35a60	7cf92f0810d1d8806bd5bf7c9e7b7c4ba4fa7550	BtObjects/playlistplayer.cpp	e691216e82c54a81cc423896f68e1ae9d0f5edf0	669e31b20ab10f75124b87ccc46b71c696de9c0e	M	parent_tree_identity	Actual retained-parent file edge; semantic conclusions are component-scoped in the companion ledger, not implied by this edge.
BtExperience	1a7b7799871e3802b2d9015161db0ce41d14e963	0cde937c05caceaa326c81679956b869b4369e08	BtObjects/playlistplayer.cpp	c5effad583c5862405c859af4e4d236f14fe0a9b	e691216e82c54a81cc423896f68e1ae9d0f5edf0	M	parent_tree_identity	Actual retained-parent file edge; semantic conclusions are component-scoped in the companion ledger, not implied by this edge.
BtExperience	69f3efa8b033fccb265fc92c2fffa0576e6eb040	516943e692181858c73fe44dfcaf55c0e02a7d03	BtObjects/playlistplayer.cpp	c5effad583c5862405c859af4e4d236f14fe0a9b	e691216e82c54a81cc423896f68e1ae9d0f5edf0	M	parent_tree_identity	Actual retained-parent file edge; semantic conclusions are component-scoped in the companion ledger, not implied by this edge.
BtExperience	d42bee13d34e86891d2a16c9a504f59495e22b8b	1ff125a5a909e6315637e4704ee253c725587747	BtObjects/mediaobjects.cpp	2d80f24a4aab20b7d0bf2067bfbf41475cc715c9	9702ec0fa8285c7e9fd9dd1736ff259194f8b057	M	parent_tree_identity	Actual retained-parent file edge; semantic conclusions are component-scoped in the companion ledger, not implied by this edge.
BtExperience	d42bee13d34e86891d2a16c9a504f59495e22b8b	1ff125a5a909e6315637e4704ee253c725587747	BtObjects/multimediaplayer.cpp	48497e0fd5261f048eadb3c04b62ed93a4014ea8	36d7aa2e571029003c3dd9e59e789de86b872fa1	M	parent_tree_identity	Actual retained-parent file edge; semantic conclusions are component-scoped in the companion ledger, not implied by this edge.
BtExperience	d42bee13d34e86891d2a16c9a504f59495e22b8b	1ff125a5a909e6315637e4704ee253c725587747	BtObjects/playlistplayer.cpp	f0c38f0071f11d535080dfde19e0be6e511060bf	c5effad583c5862405c859af4e4d236f14fe0a9b	M	parent_tree_identity	Actual retained-parent file edge; semantic conclusions are component-scoped in the companion ledger, not implied by this edge.
BtExperience	65d93f176f3123f6cd86e360c3b0b4e91f2cfb93	b7251cd7a4dfafecf53d6ee16d49e646bc54c847	BtObjects/mediaobjects.cpp	03223fa865f1a54d60dcc9b9ca06dd4fe2cfbf4e	9702ec0fa8285c7e9fd9dd1736ff259194f8b057	M	parent_tree_identity	Actual retained-parent file edge; semantic conclusions are component-scoped in the companion ledger, not implied by this edge.
BtExperience	65d93f176f3123f6cd86e360c3b0b4e91f2cfb93	b7251cd7a4dfafecf53d6ee16d49e646bc54c847	BtObjects/multimediaplayer.cpp	48497e0fd5261f048eadb3c04b62ed93a4014ea8	36d7aa2e571029003c3dd9e59e789de86b872fa1	M	parent_tree_identity	Actual retained-parent file edge; semantic conclusions are component-scoped in the companion ledger, not implied by this edge.
BtExperience	65d93f176f3123f6cd86e360c3b0b4e91f2cfb93	b7251cd7a4dfafecf53d6ee16d49e646bc54c847	BtObjects/playlistplayer.cpp	16407e14ca400f9ae5fbc3f87b8ce1fb37c908e2	c5effad583c5862405c859af4e4d236f14fe0a9b	M	parent_tree_identity	Actual retained-parent file edge; semantic conclusions are component-scoped in the companion ledger, not implied by this edge.
BtExperience	d9052117ea7a77e26102aea67f2107577a50b964	ac64e66df70191bd2224c9b04913755f1ce9bd78	BtObjects/multimediaplayer.cpp	2b29a65ec6fc73ddd8400a091bd0942b6cf068f0	36d7aa2e571029003c3dd9e59e789de86b872fa1	M	parent_tree_identity	Actual retained-parent file edge; semantic conclusions are component-scoped in the companion ledger, not implied by this edge.
BtExperience	d9052117ea7a77e26102aea67f2107577a50b964	ac64e66df70191bd2224c9b04913755f1ce9bd78	BtObjects/playlistplayer.cpp	eff2d75ce6ba726bfcfe205d838e545ae8934029	c5effad583c5862405c859af4e4d236f14fe0a9b	M	parent_tree_identity	Actual retained-parent file edge; semantic conclusions are component-scoped in the companion ledger, not implied by this edge.
BtExperience	ac64e66df70191bd2224c9b04913755f1ce9bd78	6c8dec381bf9ab5b3a20ef216578a70323229594	BtObjects/multimediaplayer.cpp	48497e0fd5261f048eadb3c04b62ed93a4014ea8	2b29a65ec6fc73ddd8400a091bd0942b6cf068f0	M	parent_tree_identity	Actual retained-parent file edge; semantic conclusions are component-scoped in the companion ledger, not implied by this edge.
BtExperience	6c8dec381bf9ab5b3a20ef216578a70323229594	6545f0d302421fda7fa0f14cd4425f69d4ed5e2d	BtObjects/mediaobjects.cpp	2d80f24a4aab20b7d0bf2067bfbf41475cc715c9	9702ec0fa8285c7e9fd9dd1736ff259194f8b057	M	parent_tree_identity	Actual retained-parent file edge; semantic conclusions are component-scoped in the companion ledger, not implied by this edge.
BtExperience	6c8dec381bf9ab5b3a20ef216578a70323229594	6545f0d302421fda7fa0f14cd4425f69d4ed5e2d	BtObjects/playlistplayer.cpp	f0c38f0071f11d535080dfde19e0be6e511060bf	eff2d75ce6ba726bfcfe205d838e545ae8934029	M	parent_tree_identity	Actual retained-parent file edge; semantic conclusions are component-scoped in the companion ledger, not implied by this edge.
BtExperience	aa9ab6428d1e84f454844275d032b832d15c966c	5e09f60a272ce4dab04e3c10d40ef8ca94c46818	BtObjects/mediaobjects.cpp	03223fa865f1a54d60dcc9b9ca06dd4fe2cfbf4e	2d80f24a4aab20b7d0bf2067bfbf41475cc715c9	M	parent_tree_identity	Actual retained-parent file edge; semantic conclusions are component-scoped in the companion ledger, not implied by this edge.
BtExperience	aa9ab6428d1e84f454844275d032b832d15c966c	ae6d262a13e325a75a272302df1890f67a89f15e	BtObjects/playlistplayer.cpp	16407e14ca400f9ae5fbc3f87b8ce1fb37c908e2	f0c38f0071f11d535080dfde19e0be6e511060bf	M	parent_tree_identity	Actual retained-parent file edge; semantic conclusions are component-scoped in the companion ledger, not implied by this edge.
BtExperience	5e09f60a272ce4dab04e3c10d40ef8ca94c46818	cc8e6091c9ef7d881a69d65405e5724246475c55	BtObjects/playlistplayer.cpp	16407e14ca400f9ae5fbc3f87b8ce1fb37c908e2	f0c38f0071f11d535080dfde19e0be6e511060bf	M	parent_tree_identity	Actual retained-parent file edge; semantic conclusions are component-scoped in the companion ledger, not implied by this edge.
BtExperience	ea47630088fba9fd17e1b8b2b4bfb21248d5d72c	1f7446bc64b8086dc465a6677cb25467460280cb	BtObjects/mediaobjects.cpp	62807fb05c1c5cb72408bbf2dea2b4e73a200519	2d80f24a4aab20b7d0bf2067bfbf41475cc715c9	M	parent_tree_identity	Actual retained-parent file edge; semantic conclusions are component-scoped in the companion ledger, not implied by this edge.
BtExperience	7697e2a456049d1949a902bde685c7aa85106885	ee1f204d5a2abe04e192f8630c1601e24ba01d8d	BtObjects/mediaobjects.cpp	006619e6a31f9ef5992a8041492a926be761d9be	62807fb05c1c5cb72408bbf2dea2b4e73a200519	M	parent_tree_identity	Actual retained-parent file edge; semantic conclusions are component-scoped in the companion ledger, not implied by this edge.
BtExperience	4e35bcd8a2fb3086dc8e86dc3467ba7c0da1a742	4367d191f10f543e4ff72b56cf59f0a9b0fd54ca	BtObjects/mediaobjects.cpp	51d458c70b5194d9a46ac2ea247b067ea72221a2	006619e6a31f9ef5992a8041492a926be761d9be	M	parent_tree_identity	Actual retained-parent file edge; semantic conclusions are component-scoped in the companion ledger, not implied by this edge.
BtExperience	fd69516292f7f81de0eaeb8053e1c0440c9fa6f1	a649576e7e0477f0427ca5d85c9f101212972ff4	BtObjects/mediaobjects.cpp	03223fa865f1a54d60dcc9b9ca06dd4fe2cfbf4e	51d458c70b5194d9a46ac2ea247b067ea72221a2	M	parent_tree_identity	Actual retained-parent file edge; semantic conclusions are component-scoped in the companion ledger, not implied by this edge.
BtExperience	b9849a454de2f8d5442db2258fa3ed31ed15c889	1cdcabcde5fe3f8957649500fe30c45ca2ad5ad4	BtObjects/playlistplayer.cpp	8a7d9bdd5aa3aa5531c27158539da209d8180912	16407e14ca400f9ae5fbc3f87b8ce1fb37c908e2	M	parent_tree_identity	Actual retained-parent file edge; semantic conclusions are component-scoped in the companion ledger, not implied by this edge.
BtExperience	a576fd76a22b9d26c5988cbd3f14b5c74eb411f1	f81a46f753e4afdd9b0103721b35c8e42790f233	BtObjects/playlistplayer.cpp	8a7d9bdd5aa3aa5531c27158539da209d8180912	16407e14ca400f9ae5fbc3f87b8ce1fb37c908e2	M	parent_tree_identity	Actual retained-parent file edge; semantic conclusions are component-scoped in the companion ledger, not implied by this edge.
BtExperience	f7a458d1c00e0be9050844ea5bdb29464283de32	247d43e316f1e214afef4e79952406cc774e97f4	BtObjects/mediaobjects.cpp	246ed3d8631354672231be20a7d3c47d43059e49	03223fa865f1a54d60dcc9b9ca06dd4fe2cfbf4e	M	parent_tree_identity	Actual retained-parent file edge; semantic conclusions are component-scoped in the companion ledger, not implied by this edge.
BtExperience	d1638f952dc6e81765ba1b61336bfee4227708e7	3ddd55c7026886197062a587a88f1bf3694f3b46	BtObjects/mediaobjects.cpp	80d0691e4e35c8b1ec6cce66bacc40cd84371405	03223fa865f1a54d60dcc9b9ca06dd4fe2cfbf4e	M	parent_tree_identity	Actual retained-parent file edge; semantic conclusions are component-scoped in the companion ledger, not implied by this edge.
BtExperience	3ddd55c7026886197062a587a88f1bf3694f3b46	eac5b32c116f4d59581ea13c1b457e872a0960c0	BtObjects/mediaobjects.cpp	65254b96c013afb3aee79b847054e96d74c5088e	80d0691e4e35c8b1ec6cce66bacc40cd84371405	M	parent_tree_identity	Actual retained-parent file edge; semantic conclusions are component-scoped in the companion ledger, not implied by this edge.
BtExperience	eac5b32c116f4d59581ea13c1b457e872a0960c0	aa67f24cfa8d79b72aea29690a24817490d4492f	BtObjects/mediaobjects.cpp	5a3852c0031eccf51fa05269208ae489efa04f59	65254b96c013afb3aee79b847054e96d74c5088e	M	parent_tree_identity	Actual retained-parent file edge; semantic conclusions are component-scoped in the companion ledger, not implied by this edge.
BtExperience	fdd0ccc8aed678af6b9cb1e60230504f94e67f11	2c40771196cd61035da406f4f483e9331ea02e99	BtObjects/mediaobjects.cpp	246ed3d8631354672231be20a7d3c47d43059e49	5a3852c0031eccf51fa05269208ae489efa04f59	M	parent_tree_identity	Actual retained-parent file edge; semantic conclusions are component-scoped in the companion ledger, not implied by this edge.
BtExperience	3f6f181a22bbd9fedaad314f996916bfed3159c6	2759bded6c89e90985c2feef3a93ea36a8d49836	BtObjects/mediaobjects.cpp	addda016c2f9509baaded10fa91634c9b3f7e316	246ed3d8631354672231be20a7d3c47d43059e49	M	parent_tree_identity	Actual retained-parent file edge; semantic conclusions are component-scoped in the companion ledger, not implied by this edge.
BtExperience	3f6f181a22bbd9fedaad314f996916bfed3159c6	2759bded6c89e90985c2feef3a93ea36a8d49836	BtObjects/multimediaplayer.cpp	4983bbb7b3a27f2f6d6b44775e09db1725e7b36d	48497e0fd5261f048eadb3c04b62ed93a4014ea8	M	parent_tree_identity	Actual retained-parent file edge; semantic conclusions are component-scoped in the companion ledger, not implied by this edge.
BtExperience	69bb130ed3ac8c90d40fb2e8b43524c363760064	bc78459352957560b1408aedf352ec5a4c488469	BtObjects/mediaobjects.cpp	db347e339ab5ad95ad21b52dcbec80b72e491a3c	246ed3d8631354672231be20a7d3c47d43059e49	M	parent_tree_identity	Actual retained-parent file edge; semantic conclusions are component-scoped in the companion ledger, not implied by this edge.
BtExperience	69bb130ed3ac8c90d40fb2e8b43524c363760064	bc78459352957560b1408aedf352ec5a4c488469	BtObjects/multimediaplayer.cpp	4983bbb7b3a27f2f6d6b44775e09db1725e7b36d	48497e0fd5261f048eadb3c04b62ed93a4014ea8	M	parent_tree_identity	Actual retained-parent file edge; semantic conclusions are component-scoped in the companion ledger, not implied by this edge.
BtExperience	0734098086fd5c3da580cd251d867e03beb340cf	3ace9dd590986df04fbe4ebc0bcb5f7a0fbd325c	BtObjects/multimediaplayer.cpp	4983bbb7b3a27f2f6d6b44775e09db1725e7b36d	48497e0fd5261f048eadb3c04b62ed93a4014ea8	M	parent_tree_identity	Actual retained-parent file edge; semantic conclusions are component-scoped in the companion ledger, not implied by this edge.
BtExperience	3ace9dd590986df04fbe4ebc0bcb5f7a0fbd325c	ea4443cb353bf3650ca23b5bbbfc69f67df156c2	BtObjects/mediaobjects.cpp	addda016c2f9509baaded10fa91634c9b3f7e316	246ed3d8631354672231be20a7d3c47d43059e49	M	parent_tree_identity	Actual retained-parent file edge; semantic conclusions are component-scoped in the companion ledger, not implied by this edge.
BtExperience	c3e3ac3199e1abff8879157fd9b45fe8343ff570	cc2513ec6c0533d528825a922d2abbbd6cef39f6	BtObjects/mediaobjects.cpp	db347e339ab5ad95ad21b52dcbec80b72e491a3c	addda016c2f9509baaded10fa91634c9b3f7e316	M	parent_tree_identity	Actual retained-parent file edge; semantic conclusions are component-scoped in the companion ledger, not implied by this edge.
BtExperience	307e864f4db88a5e73d7c5f7985db2219d771c62	da89a95283f3a5a3b1851ecbdecc6f09fadcf6d7	BtObjects/mediaobjects.cpp	2b2f052248758c5181c1a4473845504d2b276004	db347e339ab5ad95ad21b52dcbec80b72e491a3c	M	parent_tree_identity	Actual retained-parent file edge; semantic conclusions are component-scoped in the companion ledger, not implied by this edge.
BtExperience	6c8453c514b36e70d612c83ab9f3f96f28886de6	ed1642a7dd6104146b960776e885a3714868fbec	BtObjects/mediaobjects.cpp	db347e339ab5ad95ad21b52dcbec80b72e491a3c	addda016c2f9509baaded10fa91634c9b3f7e316	M	parent_tree_identity	Actual retained-parent file edge; semantic conclusions are component-scoped in the companion ledger, not implied by this edge.
BtExperience	4a869267b6f76b8162d5dfcca53251ab35c567ab	ca07b5105771feaa9947b2e7734859f7bd4bc4cf	BtObjects/mediaobjects.cpp	2b2f052248758c5181c1a4473845504d2b276004	db347e339ab5ad95ad21b52dcbec80b72e491a3c	M	parent_tree_identity	Actual retained-parent file edge; semantic conclusions are component-scoped in the companion ledger, not implied by this edge.
BtExperience	c1f7f6bc05dc1ad990ba7d6fa743c2673194824c	0478fb7311a411ed285b267abf47799518afed86	BtObjects/gstmediaplayer.cpp	4bbab7ac0a079d9442a37160565fe775fe3c62e2	d4c791a8673f0ba540323fae580ea6f219c1bcc5	M	parent_tree_identity	Actual retained-parent file edge; semantic conclusions are component-scoped in the companion ledger, not implied by this edge.
BtExperience	3efda89ec27fadc182e3af281e8d164bdfe8c052	a1b922ce485770ff13d275dfa33267b168cd6499	BtObjects/gstmediaplayer.cpp	4bbab7ac0a079d9442a37160565fe775fe3c62e2	d4c791a8673f0ba540323fae580ea6f219c1bcc5	M	parent_tree_identity	Actual retained-parent file edge; semantic conclusions are component-scoped in the companion ledger, not implied by this edge.
BtExperience	98c788381c1197319edad57f55e9d29f038c0bb7	64bb48fd08bfe15b824f08720fd3a3ec7eb79b16	BtObjects/gstmediaplayer.cpp	4bbab7ac0a079d9442a37160565fe775fe3c62e2	d4c791a8673f0ba540323fae580ea6f219c1bcc5	M	parent_tree_identity	Actual retained-parent file edge; semantic conclusions are component-scoped in the companion ledger, not implied by this edge.
BtExperience	85004d9730d0c8288af38dd5fdc040ee90196a38	30843a43e0714cb29142cd8e5596c7bed253a9c3	BtObjects/playlistplayer.cpp	4a34ec9fef741df3e3a86f789d04ffb4e45eeba0	8a7d9bdd5aa3aa5531c27158539da209d8180912	M	parent_tree_identity	Actual retained-parent file edge; semantic conclusions are component-scoped in the companion ledger, not implied by this edge.
BtExperience	c8b5f520a0a121c080c586713d23a4f2ea279d69	af230be3c8dc2206e172ef5c63930d49704120d1	BtObjects/playlistplayer.cpp	4a34ec9fef741df3e3a86f789d04ffb4e45eeba0	8a7d9bdd5aa3aa5531c27158539da209d8180912	M	parent_tree_identity	Actual retained-parent file edge; semantic conclusions are component-scoped in the companion ledger, not implied by this edge.
BtExperience	4ffc087b8f66903d3cf777a5fe930aa155366e4d	72ed8cde8fd7c5ecc1bda23eae7362e5e86398d6	BtObjects/playlistplayer.cpp	8da8baa6dc684e6876e27692d3d158042c1eae31	8a7d9bdd5aa3aa5531c27158539da209d8180912	M	parent_tree_identity	Actual retained-parent file edge; semantic conclusions are component-scoped in the companion ledger, not implied by this edge.
BtExperience	f222c5b9e1b217d2d54e4fa6325219622f6619ef	0ec94a7f24710d8a7d475f3c4806df6a406cee90	BtObjects/playlistplayer.cpp	b7012b24df9059d493aebd110f916359641bd04c	8da8baa6dc684e6876e27692d3d158042c1eae31	M	parent_tree_identity	Actual retained-parent file edge; semantic conclusions are component-scoped in the companion ledger, not implied by this edge.
BtExperience	0e2ba3b4f6fd9edbc967b81af20db5325964d8ef	f1db8cf425e67ea4b12fc8a6c47a1ca415715fc4	BtObjects/playlistplayer.cpp	4a34ec9fef741df3e3a86f789d04ffb4e45eeba0	b7012b24df9059d493aebd110f916359641bd04c	M	parent_tree_identity	Actual retained-parent file edge; semantic conclusions are component-scoped in the companion ledger, not implied by this edge.
BtExperience	940eb1a3f078ed8d1c5596a9738ae43d38814829	745cf5ea36c5c270dfd9542a5190f2988583b1e7	BtObjects/mediaobjects.cpp	4d1b7bab938efd1a6a3ec846182c7e99626ad1b8	2b2f052248758c5181c1a4473845504d2b276004	M	parent_tree_identity	Actual retained-parent file edge; semantic conclusions are component-scoped in the companion ledger, not implied by this edge.
BtExperience	0c812ac32a95167d127e79b46c9ef5572d0bb945	59d0b3cd1ac7d54cd5ebeef5a7b3db859aae2853	BtObjects/mediaobjects.cpp	2034483b175302531c5042a68b4181b953306914	2b2f052248758c5181c1a4473845504d2b276004	M	parent_tree_identity	Actual retained-parent file edge; semantic conclusions are component-scoped in the companion ledger, not implied by this edge.
BtExperience	78291abf2e5b6c347a31a2b00749271c26c9ab2c	4dadca0f6fee22a399a81dc8b6668d04db1dc13a	BtObjects/mediaobjects.cpp	12792972fde5b9b2235a18247b7170a8c74d9672	2034483b175302531c5042a68b4181b953306914	M	parent_tree_identity	Actual retained-parent file edge; semantic conclusions are component-scoped in the companion ledger, not implied by this edge.
BtExperience	37cb23435e21aabfedc54d6289881bb820204c12	26a548fbe2dca2ca9197e00ab85cb87a318c6bc4	BtObjects/mediaobjects.cpp	8bd96a49ff28f08f987d1212b880b45004c2b67d	12792972fde5b9b2235a18247b7170a8c74d9672	M	parent_tree_identity	Actual retained-parent file edge; semantic conclusions are component-scoped in the companion ledger, not implied by this edge.
BtExperience	26a548fbe2dca2ca9197e00ab85cb87a318c6bc4	6adf784256463dadb1e7f0fc6df5d4e4e17aed8f	BtObjects/mediaobjects.cpp	4d1b7bab938efd1a6a3ec846182c7e99626ad1b8	8bd96a49ff28f08f987d1212b880b45004c2b67d	M	parent_tree_identity	Actual retained-parent file edge; semantic conclusions are component-scoped in the companion ledger, not implied by this edge.
BtExperience	7ab04d0b8fca7b8916adcd61a4077dab2f503ca3	a0604b0c61f6bf7de32e5f56ba9c728043c48f1c	BtObjects/gstmediaplayer.cpp	56d519ba52daa3e8f40ea483080eb7514235bce5	4bbab7ac0a079d9442a37160565fe775fe3c62e2	M	parent_tree_identity	Actual retained-parent file edge; semantic conclusions are component-scoped in the companion ledger, not implied by this edge.
BtExperience	7ab04d0b8fca7b8916adcd61a4077dab2f503ca3	a0604b0c61f6bf7de32e5f56ba9c728043c48f1c	BtObjects/mediaobjects.cpp	d32dc2d53bb571ae1d876c972ea031ce0dd4f3f0	4d1b7bab938efd1a6a3ec846182c7e99626ad1b8	M	parent_tree_identity	Actual retained-parent file edge; semantic conclusions are component-scoped in the companion ledger, not implied by this edge.
BtExperience	7ab04d0b8fca7b8916adcd61a4077dab2f503ca3	a0604b0c61f6bf7de32e5f56ba9c728043c48f1c	BtObjects/multimediaplayer.cpp	f064170fec889dddecd2fda2cf09c5cf328ce90a	4983bbb7b3a27f2f6d6b44775e09db1725e7b36d	M	parent_tree_identity	Actual retained-parent file edge; semantic conclusions are component-scoped in the companion ledger, not implied by this edge.
BtExperience	7ab04d0b8fca7b8916adcd61a4077dab2f503ca3	a0604b0c61f6bf7de32e5f56ba9c728043c48f1c	gstmediaplayer/gstmediaplayer.cpp	0a94d46bb07b56f3c5ac598ae4ae1e5935263485	69e00cc5f1319ac12bc7d331db3f3796c9e872b0	M	parent_tree_identity	Actual retained-parent file edge; semantic conclusions are component-scoped in the companion ledger, not implied by this edge.
BtExperience	057fbeb984054843ee72be8f8dc9270613db9a28	2bd773c232136b680650b93d44b4e866f7eae7fc	BtObjects/gstmediaplayer.cpp	56d519ba52daa3e8f40ea483080eb7514235bce5	4bbab7ac0a079d9442a37160565fe775fe3c62e2	M	parent_tree_identity	Actual retained-parent file edge; semantic conclusions are component-scoped in the companion ledger, not implied by this edge.
BtExperience	057fbeb984054843ee72be8f8dc9270613db9a28	2bd773c232136b680650b93d44b4e866f7eae7fc	BtObjects/mediaobjects.cpp	d32dc2d53bb571ae1d876c972ea031ce0dd4f3f0	4d1b7bab938efd1a6a3ec846182c7e99626ad1b8	M	parent_tree_identity	Actual retained-parent file edge; semantic conclusions are component-scoped in the companion ledger, not implied by this edge.
BtExperience	057fbeb984054843ee72be8f8dc9270613db9a28	2bd773c232136b680650b93d44b4e866f7eae7fc	BtObjects/multimediaplayer.cpp	f064170fec889dddecd2fda2cf09c5cf328ce90a	4983bbb7b3a27f2f6d6b44775e09db1725e7b36d	M	parent_tree_identity	Actual retained-parent file edge; semantic conclusions are component-scoped in the companion ledger, not implied by this edge.
BtExperience	057fbeb984054843ee72be8f8dc9270613db9a28	2bd773c232136b680650b93d44b4e866f7eae7fc	gstmediaplayer/gstmediaplayer.cpp	0a94d46bb07b56f3c5ac598ae4ae1e5935263485	69e00cc5f1319ac12bc7d331db3f3796c9e872b0	M	parent_tree_identity	Actual retained-parent file edge; semantic conclusions are component-scoped in the companion ledger, not implied by this edge.
BtExperience	a0604b0c61f6bf7de32e5f56ba9c728043c48f1c	0c6a549a24f731fa16cee270e1e3bbe358e69ce2	BtObjects/gstmediaplayer.cpp	0000000000000000000000000000000000000000	56d519ba52daa3e8f40ea483080eb7514235bce5	A	parent_tree_identity	Actual retained-parent file edge; semantic conclusions are component-scoped in the companion ledger, not implied by this edge.
BtExperience	a0604b0c61f6bf7de32e5f56ba9c728043c48f1c	0c6a549a24f731fa16cee270e1e3bbe358e69ce2	BtObjects/mediaobjects.cpp	00d5de7eddac193ea845b2eebd342969960965e2	d32dc2d53bb571ae1d876c972ea031ce0dd4f3f0	M	parent_tree_identity	Actual retained-parent file edge; semantic conclusions are component-scoped in the companion ledger, not implied by this edge.
BtExperience	a0604b0c61f6bf7de32e5f56ba9c728043c48f1c	0c6a549a24f731fa16cee270e1e3bbe358e69ce2	BtObjects/multimediaplayer.cpp	0554e044cf7b51f4cbf9ef32ac54d98c63bdc88e	f064170fec889dddecd2fda2cf09c5cf328ce90a	M	parent_tree_identity	Actual retained-parent file edge; semantic conclusions are component-scoped in the companion ledger, not implied by this edge.
BtExperience	a0604b0c61f6bf7de32e5f56ba9c728043c48f1c	0c6a549a24f731fa16cee270e1e3bbe358e69ce2	BtObjects/playlistplayer.cpp	a3810714dcdee2420c155decfb0fd854064a98e1	4a34ec9fef741df3e3a86f789d04ffb4e45eeba0	M	parent_tree_identity	Actual retained-parent file edge; semantic conclusions are component-scoped in the companion ledger, not implied by this edge.
BtExperience	a0604b0c61f6bf7de32e5f56ba9c728043c48f1c	0c6a549a24f731fa16cee270e1e3bbe358e69ce2	gstmediaplayer/gstmediaplayer.cpp	0000000000000000000000000000000000000000	0a94d46bb07b56f3c5ac598ae4ae1e5935263485	A	parent_tree_identity	Actual retained-parent file edge; semantic conclusions are component-scoped in the companion ledger, not implied by this edge.
BtExperience	7fc12822bd004986009bae4e57ddfbe823c3cf5c	b76d29fc3a6805bd42b10b13948796b060b4b62c	BtObjects/mediaobjects.cpp	d32dc2d53bb571ae1d876c972ea031ce0dd4f3f0	4d1b7bab938efd1a6a3ec846182c7e99626ad1b8	M	parent_tree_identity	Actual retained-parent file edge; semantic conclusions are component-scoped in the companion ledger, not implied by this edge.
BtExperience	46406096c2564d58066d9a48678ee4b1f0fe21e6	252fd8ea0fa918fa245241aac4db9bac8b02b879	BtObjects/mediaobjects.cpp	d32dc2d53bb571ae1d876c972ea031ce0dd4f3f0	4d1b7bab938efd1a6a3ec846182c7e99626ad1b8	M	parent_tree_identity	Actual retained-parent file edge; semantic conclusions are component-scoped in the companion ledger, not implied by this edge.
BtExperience	58f4fe6bf56a07e0f66b99d9f0d5bdf2cd517481	dc1260a51203ae968cf27d59191f29d55e9daece	BtObjects/gstmediaplayer.cpp	a61c3b7095f6e9c9d1dff5fee9989d60de8c4dce	4bbab7ac0a079d9442a37160565fe775fe3c62e2	M	parent_tree_identity	Actual retained-parent file edge; semantic conclusions are component-scoped in the companion ledger, not implied by this edge.
BtExperience	58f4fe6bf56a07e0f66b99d9f0d5bdf2cd517481	dc1260a51203ae968cf27d59191f29d55e9daece	BtObjects/mediaobjects.cpp	26ec3e1d2cfb85f6dff3c369dfa48c8bf280a08c	d32dc2d53bb571ae1d876c972ea031ce0dd4f3f0	M	parent_tree_identity	Actual retained-parent file edge; semantic conclusions are component-scoped in the companion ledger, not implied by this edge.
BtExperience	58f4fe6bf56a07e0f66b99d9f0d5bdf2cd517481	dc1260a51203ae968cf27d59191f29d55e9daece	BtObjects/multimediaplayer.cpp	c54c6647a5187cf11d244a4f40ad693a5650d323	4983bbb7b3a27f2f6d6b44775e09db1725e7b36d	M	parent_tree_identity	Actual retained-parent file edge; semantic conclusions are component-scoped in the companion ledger, not implied by this edge.
BtExperience	58f4fe6bf56a07e0f66b99d9f0d5bdf2cd517481	dc1260a51203ae968cf27d59191f29d55e9daece	BtObjects/playlistplayer.cpp	5db2d291cf91a9abcf3d517b7c75e6c6976f639e	4a34ec9fef741df3e3a86f789d04ffb4e45eeba0	M	parent_tree_identity	Actual retained-parent file edge; semantic conclusions are component-scoped in the companion ledger, not implied by this edge.
BtExperience	58f4fe6bf56a07e0f66b99d9f0d5bdf2cd517481	dc1260a51203ae968cf27d59191f29d55e9daece	gstmediaplayer/gstmediaplayer.cpp	55e11f59bd5cc535235a29aaed86ec29ee22ca59	69e00cc5f1319ac12bc7d331db3f3796c9e872b0	M	parent_tree_identity	Actual retained-parent file edge; semantic conclusions are component-scoped in the companion ledger, not implied by this edge.
BtExperience	6ae81e81edfe74321ed1a02672e1b13aa177c63e	d315be5cf10d150f07e0fa6126f4773174917120	gstmediaplayer/gstmediaplayer.cpp	0a94d46bb07b56f3c5ac598ae4ae1e5935263485	69e00cc5f1319ac12bc7d331db3f3796c9e872b0	M	parent_tree_identity	Actual retained-parent file edge; semantic conclusions are component-scoped in the companion ledger, not implied by this edge.
BtExperience	4d8231bb6d607e4ff5b0b9fc01645df880ff6f25	172b17c4697f9c53ebb6e72423d3f616782a2e6d	BtObjects/gstmediaplayer.cpp	56d519ba52daa3e8f40ea483080eb7514235bce5	4bbab7ac0a079d9442a37160565fe775fe3c62e2	M	parent_tree_identity	Actual retained-parent file edge; semantic conclusions are component-scoped in the companion ledger, not implied by this edge.
BtExperience	4d8231bb6d607e4ff5b0b9fc01645df880ff6f25	172b17c4697f9c53ebb6e72423d3f616782a2e6d	BtObjects/multimediaplayer.cpp	c242871085cdc7dc9b065afc5bbda8fa79cf450d	4983bbb7b3a27f2f6d6b44775e09db1725e7b36d	M	parent_tree_identity	Actual retained-parent file edge; semantic conclusions are component-scoped in the companion ledger, not implied by this edge.
BtExperience	172b17c4697f9c53ebb6e72423d3f616782a2e6d	58be8e61a309433171cc5075e601a362a2fef025	BtObjects/multimediaplayer.cpp	b722dbad90fd678bf4178ae378a05f8c97d80b54	c242871085cdc7dc9b065afc5bbda8fa79cf450d	M	parent_tree_identity	Actual retained-parent file edge; semantic conclusions are component-scoped in the companion ledger, not implied by this edge.
BtExperience	58be8e61a309433171cc5075e601a362a2fef025	34f2547ada7ddd2183c5a2d81d2a49d39470938e	BtObjects/multimediaplayer.cpp	f064170fec889dddecd2fda2cf09c5cf328ce90a	b722dbad90fd678bf4178ae378a05f8c97d80b54	M	parent_tree_identity	Actual retained-parent file edge; semantic conclusions are component-scoped in the companion ledger, not implied by this edge.
BtExperience	34f2547ada7ddd2183c5a2d81d2a49d39470938e	ea6f06285da79e658c26c5e3a3a02180b7ffbee6	BtObjects/gstmediaplayer.cpp	7810b19e46e6d40a7949cdabfb2ba2f6f0e0adae	56d519ba52daa3e8f40ea483080eb7514235bce5	M	parent_tree_identity	Actual retained-parent file edge; semantic conclusions are component-scoped in the companion ledger, not implied by this edge.
BtExperience	34f2547ada7ddd2183c5a2d81d2a49d39470938e	ea6f06285da79e658c26c5e3a3a02180b7ffbee6	BtObjects/multimediaplayer.cpp	c54c6647a5187cf11d244a4f40ad693a5650d323	f064170fec889dddecd2fda2cf09c5cf328ce90a	M	parent_tree_identity	Actual retained-parent file edge; semantic conclusions are component-scoped in the companion ledger, not implied by this edge.
BtExperience	ea6f06285da79e658c26c5e3a3a02180b7ffbee6	8773d57810654e480bff51d2be494c7b57d43977	BtObjects/playlistplayer.cpp	5db2d291cf91a9abcf3d517b7c75e6c6976f639e	4a34ec9fef741df3e3a86f789d04ffb4e45eeba0	M	parent_tree_identity	Actual retained-parent file edge; semantic conclusions are component-scoped in the companion ledger, not implied by this edge.
BtExperience	d367f4225e54d8d2b7574afa96a85ceb5a5377eb	49c47dd5b0b3380690b4b340af40edd1358efa2b	BtObjects/gstmediaplayer.cpp	e9a25a7e2b178985e2b90eaa768c8f320bac7486	7810b19e46e6d40a7949cdabfb2ba2f6f0e0adae	M	parent_tree_identity	Actual retained-parent file edge; semantic conclusions are component-scoped in the companion ledger, not implied by this edge.
BtExperience	49c47dd5b0b3380690b4b340af40edd1358efa2b	e6707be8f85ca1fc2fcc875c268d994f5e0f1044	BtObjects/gstmediaplayer.cpp	ed02e30f2cbe307712c9fca76685a907aa482721	e9a25a7e2b178985e2b90eaa768c8f320bac7486	M	parent_tree_identity	Actual retained-parent file edge; semantic conclusions are component-scoped in the companion ledger, not implied by this edge.
BtExperience	e6707be8f85ca1fc2fcc875c268d994f5e0f1044	c7eb975f6a88a10a5d1f96f9594a593623361d45	BtObjects/gstmediaplayer.cpp	392f3b3f2ff6207fc5e02f973dff870082eadec5	ed02e30f2cbe307712c9fca76685a907aa482721	M	parent_tree_identity	Actual retained-parent file edge; semantic conclusions are component-scoped in the companion ledger, not implied by this edge.
BtExperience	43d549788640c990c27b4dd4ed624bd9b63d3972	6091090cef67c70c5c3f5250509530fa54b4dbca	BtObjects/gstmediaplayer.cpp	423f10029605277cd48846648a10f5cb1dc96eba	392f3b3f2ff6207fc5e02f973dff870082eadec5	M	parent_tree_identity	Actual retained-parent file edge; semantic conclusions are component-scoped in the companion ledger, not implied by this edge.
BtExperience	6091090cef67c70c5c3f5250509530fa54b4dbca	0f72cdb979bc0594655bc27230314cee4c96eb1b	BtObjects/gstmediaplayer.cpp	a61c3b7095f6e9c9d1dff5fee9989d60de8c4dce	423f10029605277cd48846648a10f5cb1dc96eba	M	parent_tree_identity	Actual retained-parent file edge; semantic conclusions are component-scoped in the companion ledger, not implied by this edge.
BtExperience	0f72cdb979bc0594655bc27230314cee4c96eb1b	7777754745145e3ffa6ea4a6af40806abc1ba643	gstmediaplayer/gstmediaplayer.cpp	55e11f59bd5cc535235a29aaed86ec29ee22ca59	0a94d46bb07b56f3c5ac598ae4ae1e5935263485	M	parent_tree_identity	Actual retained-parent file edge; semantic conclusions are component-scoped in the companion ledger, not implied by this edge.
BtExperience	585d9eb7d3db943daeb3341f331588c71224b1e6	4712423e0a6f07fa2133dc05b815d68084f4ae5c	BtObjects/mediaobjects.cpp	26ec3e1d2cfb85f6dff3c369dfa48c8bf280a08c	d32dc2d53bb571ae1d876c972ea031ce0dd4f3f0	M	parent_tree_identity	Actual retained-parent file edge; semantic conclusions are component-scoped in the companion ledger, not implied by this edge.
BtExperience	3d5e0567589e8a107dd7177d4d76540b680bf54a	3bd639f90faccc5c7995563f679f29a27855bbe3	BtObjects/gstmediaplayer.cpp	0000000000000000000000000000000000000000	a61c3b7095f6e9c9d1dff5fee9989d60de8c4dce	A	parent_tree_identity	Actual retained-parent file edge; semantic conclusions are component-scoped in the companion ledger, not implied by this edge.
BtExperience	3d5e0567589e8a107dd7177d4d76540b680bf54a	3bd639f90faccc5c7995563f679f29a27855bbe3	BtObjects/multimediaplayer.cpp	0554e044cf7b51f4cbf9ef32ac54d98c63bdc88e	c54c6647a5187cf11d244a4f40ad693a5650d323	M	parent_tree_identity	Actual retained-parent file edge; semantic conclusions are component-scoped in the companion ledger, not implied by this edge.
BtExperience	3d5e0567589e8a107dd7177d4d76540b680bf54a	3bd639f90faccc5c7995563f679f29a27855bbe3	BtObjects/playlistplayer.cpp	edca9d062bdac7f1391fb61ea4bd2155348a385b	5db2d291cf91a9abcf3d517b7c75e6c6976f639e	M	parent_tree_identity	Actual retained-parent file edge; semantic conclusions are component-scoped in the companion ledger, not implied by this edge.
BtExperience	3d5e0567589e8a107dd7177d4d76540b680bf54a	3bd639f90faccc5c7995563f679f29a27855bbe3	gstmediaplayer/gstmediaplayer.cpp	0000000000000000000000000000000000000000	55e11f59bd5cc535235a29aaed86ec29ee22ca59	A	parent_tree_identity	Actual retained-parent file edge; semantic conclusions are component-scoped in the companion ledger, not implied by this edge.
BtExperience	67380a10bc9e3d2f429fc56d2c7b181edcc03a18	a71b46801f35f9c7c416f9af7bb0edb92ef1f372	BtObjects/gstmediaplayer.cpp	7f94b5f2de8c34490c0a4cb342258678b3d38241	a61c3b7095f6e9c9d1dff5fee9989d60de8c4dce	M	parent_tree_identity	Actual retained-parent file edge; semantic conclusions are component-scoped in the companion ledger, not implied by this edge.
BtExperience	a2e814f906397350cc6046954c5ea862bc7dc439	ae18bfae1378fa4bc1d6c1d127e09455618f1c4e	BtObjects/gstmediaplayer.cpp	b3ab27408b00c7da73c3b13edeb9dccea317571b	7f94b5f2de8c34490c0a4cb342258678b3d38241	M	parent_tree_identity	Actual retained-parent file edge; semantic conclusions are component-scoped in the companion ledger, not implied by this edge.
BtExperience	a2e814f906397350cc6046954c5ea862bc7dc439	ae18bfae1378fa4bc1d6c1d127e09455618f1c4e	BtObjects/multimediaplayer.cpp	1c1a91204408f4d9e16392a95673017c1d3e0fcc	c54c6647a5187cf11d244a4f40ad693a5650d323	M	parent_tree_identity	Actual retained-parent file edge; semantic conclusions are component-scoped in the companion ledger, not implied by this edge.
BtExperience	a2e814f906397350cc6046954c5ea862bc7dc439	ae18bfae1378fa4bc1d6c1d127e09455618f1c4e	BtObjects/playlistplayer.cpp	edca9d062bdac7f1391fb61ea4bd2155348a385b	5db2d291cf91a9abcf3d517b7c75e6c6976f639e	M	parent_tree_identity	Actual retained-parent file edge; semantic conclusions are component-scoped in the companion ledger, not implied by this edge.
BtExperience	d007cbd6fe5c486b3114172d803da4baa2018d84	813a114864eb95692ae4c9c6747a45634b6eb3ed	gstmediaplayer/gstmediaplayer.cpp	e7b07ee84f950b69ffde3ad872bc6c108c0a355c	55e11f59bd5cc535235a29aaed86ec29ee22ca59	M	parent_tree_identity	Actual retained-parent file edge; semantic conclusions are component-scoped in the companion ledger, not implied by this edge.
BtExperience	813a114864eb95692ae4c9c6747a45634b6eb3ed	cf1c1a0325c7a90d781108fac9e6c60c9df3ffa8	gstmediaplayer/gstmediaplayer.cpp	b7efb5b2e7bb940e5c4d75eb0f87dd7941f77417	e7b07ee84f950b69ffde3ad872bc6c108c0a355c	M	parent_tree_identity	Actual retained-parent file edge; semantic conclusions are component-scoped in the companion ledger, not implied by this edge.
BtExperience	cf1c1a0325c7a90d781108fac9e6c60c9df3ffa8	925654fb3b36f14f675d876f9443018bdeac2eb0	gstmediaplayer/gstmediaplayer.cpp	ad471caa208a636159f713616fa23a0e0d591fa0	b7efb5b2e7bb940e5c4d75eb0f87dd7941f77417	M	parent_tree_identity	Actual retained-parent file edge; semantic conclusions are component-scoped in the companion ledger, not implied by this edge.
BtExperience	925654fb3b36f14f675d876f9443018bdeac2eb0	53da5852fa859a49280a459bf2b05a4a34940fa6	gstmediaplayer/gstmediaplayer.cpp	ccd990cc87cd5e075b1d1825516662fe8186cb26	ad471caa208a636159f713616fa23a0e0d591fa0	M	parent_tree_identity	Actual retained-parent file edge; semantic conclusions are component-scoped in the companion ledger, not implied by this edge.
BtExperience	53da5852fa859a49280a459bf2b05a4a34940fa6	216d86dddb341cd3998fdd152edd0858e921af5c	BtObjects/gstmediaplayer.cpp	0000000000000000000000000000000000000000	b3ab27408b00c7da73c3b13edeb9dccea317571b	A	parent_tree_identity	Actual retained-parent file edge; semantic conclusions are component-scoped in the companion ledger, not implied by this edge.
BtExperience	53da5852fa859a49280a459bf2b05a4a34940fa6	216d86dddb341cd3998fdd152edd0858e921af5c	BtObjects/multimediaplayer.cpp	0554e044cf7b51f4cbf9ef32ac54d98c63bdc88e	1c1a91204408f4d9e16392a95673017c1d3e0fcc	M	parent_tree_identity	Actual retained-parent file edge; semantic conclusions are component-scoped in the companion ledger, not implied by this edge.
BtExperience	53da5852fa859a49280a459bf2b05a4a34940fa6	216d86dddb341cd3998fdd152edd0858e921af5c	gstmediaplayer/gstmediaplayer.cpp	0000000000000000000000000000000000000000	ccd990cc87cd5e075b1d1825516662fe8186cb26	A	parent_tree_identity	Actual retained-parent file edge; semantic conclusions are component-scoped in the companion ledger, not implied by this edge.
BtExperience	c1898084360252d8a4a8a0eabb6ba8d8d73edfa5	4ad32d189f412d4bb2dfbe4b3c62c32493b44680	BtObjects/mediaobjects.cpp	00d5de7eddac193ea845b2eebd342969960965e2	26ec3e1d2cfb85f6dff3c369dfa48c8bf280a08c	M	parent_tree_identity	Actual retained-parent file edge; semantic conclusions are component-scoped in the companion ledger, not implied by this edge.
BtExperience	c1898084360252d8a4a8a0eabb6ba8d8d73edfa5	4ad32d189f412d4bb2dfbe4b3c62c32493b44680	BtObjects/playlistplayer.cpp	a3810714dcdee2420c155decfb0fd854064a98e1	edca9d062bdac7f1391fb61ea4bd2155348a385b	M	parent_tree_identity	Actual retained-parent file edge; semantic conclusions are component-scoped in the companion ledger, not implied by this edge.
BtExperience	0c6a549a24f731fa16cee270e1e3bbe358e69ce2	95ce2065e6100025db3e99a9b4cf11d476dea4bb	BtObjects/mediaobjects.cpp	201ca42fb355f73fd78d732ff98592020c62bf5d	00d5de7eddac193ea845b2eebd342969960965e2	M	parent_tree_identity	Actual retained-parent file edge; semantic conclusions are component-scoped in the companion ledger, not implied by this edge.
BtExperience	355051d024faf714894a0d0d25134e5f8581efd5	5d8e8cc87d59da957bd6da9a7aed50ee8ee8c05a	BtObjects/playlistplayer.cpp	c646c9145bdf46f8edfdd04da321efdc9d819c8a	edca9d062bdac7f1391fb61ea4bd2155348a385b	M	parent_tree_identity	Actual retained-parent file edge; semantic conclusions are component-scoped in the companion ledger, not implied by this edge.
BtExperience	5d8e8cc87d59da957bd6da9a7aed50ee8ee8c05a	0b9ef30962f6fb0726543eca168d74f3a5612c46	BtObjects/playlistplayer.cpp	3e2377e01bbb9f39f9a5ccb5a3f9f37e0eecc359	c646c9145bdf46f8edfdd04da321efdc9d819c8a	M	parent_tree_identity	Actual retained-parent file edge; semantic conclusions are component-scoped in the companion ledger, not implied by this edge.
BtExperience	0b9ef30962f6fb0726543eca168d74f3a5612c46	205c2389a10cd004cf25336730ed933e202f7269	BtObjects/mediaobjects.cpp	00d5de7eddac193ea845b2eebd342969960965e2	26ec3e1d2cfb85f6dff3c369dfa48c8bf280a08c	M	parent_tree_identity	Actual retained-parent file edge; semantic conclusions are component-scoped in the companion ledger, not implied by this edge.
BtExperience	5f401f1f65c8c5429b64dc1d189e83d33564c610	01310a446e65f1375a69452fc349a1f5ed32fcac	BtObjects/playlistplayer.cpp	a3810714dcdee2420c155decfb0fd854064a98e1	3e2377e01bbb9f39f9a5ccb5a3f9f37e0eecc359	M	parent_tree_identity	Actual retained-parent file edge; semantic conclusions are component-scoped in the companion ledger, not implied by this edge.
BtExperience	3dd426226691b9f62a4c843f964b7c8f8fc03f38	00d55958e008d968437259dd6584ee90c384e3c7	BtObjects/mediaobjects.cpp	bc6a58e3918754e6dab761338af8a14e6cc24a7e	00d5de7eddac193ea845b2eebd342969960965e2	M	parent_tree_identity	Actual retained-parent file edge; semantic conclusions are component-scoped in the companion ledger, not implied by this edge.
BtExperience	c4f3070eed0edf54f7548676a16311be5ebe6687	379bfa4fe9fc5b4fc82477b07b81e8955b8ec2c9	BtObjects/mediaobjects.cpp	bc6a58e3918754e6dab761338af8a14e6cc24a7e	00d5de7eddac193ea845b2eebd342969960965e2	M	parent_tree_identity	Actual retained-parent file edge; semantic conclusions are component-scoped in the companion ledger, not implied by this edge.
BtExperience	ca9fa7d2f6b91d0753ced8d66a4786ff2f70ff9c	78aee54ac25bb7140ee47f88d5a4a8ebb1d2f54d	BtObjects/mediaobjects.cpp	b300d5faa89842893100fec6683db45d6758be4d	bc6a58e3918754e6dab761338af8a14e6cc24a7e	M	parent_tree_identity	Actual retained-parent file edge; semantic conclusions are component-scoped in the companion ledger, not implied by this edge.
BtExperience	3d3d8cdd1277606f3050e8d2b8a998891aab5552	905909d03a8facf9792cebd3323149f2cf30dbbe	BtObjects/mediaobjects.cpp	93f47ab50a2071b374b262e4fc91a0bc50303456	bc6a58e3918754e6dab761338af8a14e6cc24a7e	M	parent_tree_identity	Actual retained-parent file edge; semantic conclusions are component-scoped in the companion ledger, not implied by this edge.
BtExperience	facd763f809597e2b48d1e4f11001646bb4f73e7	848544c9ca885bf228aa4a0ba828bfc3618cb4a4	BtObjects/mediaobjects.cpp	df21642d342987c86e07f197cf3c4b2d78e99ddb	93f47ab50a2071b374b262e4fc91a0bc50303456	M	parent_tree_identity	Actual retained-parent file edge; semantic conclusions are component-scoped in the companion ledger, not implied by this edge.
BtExperience	848544c9ca885bf228aa4a0ba828bfc3618cb4a4	b8ef2acb49be9165e1b06b3c4cf81f7182653d26	BtObjects/mediaobjects.cpp	c521441e61c8d73e25f2efad0cade31f7d950f33	df21642d342987c86e07f197cf3c4b2d78e99ddb	M	parent_tree_identity	Actual retained-parent file edge; semantic conclusions are component-scoped in the companion ledger, not implied by this edge.
BtExperience	b8ef2acb49be9165e1b06b3c4cf81f7182653d26	ef5dd7e3c97142f413f6ebc012fcbff0d3cd090e	BtObjects/mediaobjects.cpp	b300d5faa89842893100fec6683db45d6758be4d	c521441e61c8d73e25f2efad0cade31f7d950f33	M	parent_tree_identity	Actual retained-parent file edge; semantic conclusions are component-scoped in the companion ledger, not implied by this edge.
BtExperience	a759846f40f18ec0db6340dbaccb75c7dde6e709	40fc109d77fce07b8ad737f33ef6822d16b16756	BtObjects/mediaobjects.cpp	201ca42fb355f73fd78d732ff98592020c62bf5d	b300d5faa89842893100fec6683db45d6758be4d	M	parent_tree_identity	Actual retained-parent file edge; semantic conclusions are component-scoped in the companion ledger, not implied by this edge.
BtExperience	d9a8a8b3bf0578ed4ccb03b70989303e7fc1b345	b4cfa1e089ef1231e3da4fc65cbe6bb1b05b69df	BtObjects/mediaobjects.cpp	201ca42fb355f73fd78d732ff98592020c62bf5d	b300d5faa89842893100fec6683db45d6758be4d	M	parent_tree_identity	Actual retained-parent file edge; semantic conclusions are component-scoped in the companion ledger, not implied by this edge.
BtExperience	eaeb3959429f262c26563a7527dd5f49117d3687	0c47eb62d05e12ee10f29e0209134a29676a9422	BtObjects/mediaobjects.cpp	377e77465cb9bfbe21ee69360bb2208dc87130aa	201ca42fb355f73fd78d732ff98592020c62bf5d	M	parent_tree_identity	Actual retained-parent file edge; semantic conclusions are component-scoped in the companion ledger, not implied by this edge.
BtExperience	0c5b4c4c2e449898ebdb08ec1456b008aaa77a56	e366ab0c5e0992cb3b94a63cea6ffa573052d32e	BtObjects/mediaobjects.cpp	377e77465cb9bfbe21ee69360bb2208dc87130aa	201ca42fb355f73fd78d732ff98592020c62bf5d	M	parent_tree_identity	Actual retained-parent file edge; semantic conclusions are component-scoped in the companion ledger, not implied by this edge.
BtExperience	ae8c9ca6d2e8791cfd356cb041415cc6d559e7d3	bedf1e353530407515988cf426dd2b9093520a0b	BtObjects/playlistplayer.cpp	483d97394542272657649e266390d283e8150892	a3810714dcdee2420c155decfb0fd854064a98e1	M	parent_tree_identity	Actual retained-parent file edge; semantic conclusions are component-scoped in the companion ledger, not implied by this edge.
BtExperience	8211c4481a5cedaa617583943c5c85679e4687d0	c3c9c81d5aec7134d8d20d7c6711bcd90e5d171f	BtObjects/playlistplayer.cpp	483d97394542272657649e266390d283e8150892	a3810714dcdee2420c155decfb0fd854064a98e1	M	parent_tree_identity	Actual retained-parent file edge; semantic conclusions are component-scoped in the companion ledger, not implied by this edge.
BtExperience	97ddcf5332c866d40a6b7df4aa55541546b48a8d	3095f1845b0687f269f4ffb12d4be14d038bb950	BtObjects/mediaobjects.cpp	27f9380fc86809b859291bd9d76c30488ddd130a	377e77465cb9bfbe21ee69360bb2208dc87130aa	M	parent_tree_identity	Actual retained-parent file edge; semantic conclusions are component-scoped in the companion ledger, not implied by this edge.
BtExperience	97ddcf5332c866d40a6b7df4aa55541546b48a8d	3095f1845b0687f269f4ffb12d4be14d038bb950	BtObjects/multimediaplayer.cpp	89b20fd62d49cff2d0117d303e3ca1b3eff1afd3	0554e044cf7b51f4cbf9ef32ac54d98c63bdc88e	M	parent_tree_identity	Actual retained-parent file edge; semantic conclusions are component-scoped in the companion ledger, not implied by this edge.
BtExperience	97ddcf5332c866d40a6b7df4aa55541546b48a8d	3095f1845b0687f269f4ffb12d4be14d038bb950	BtObjects/playlistplayer.cpp	31024ed4258faa1deb83449924db3250cfa46726	483d97394542272657649e266390d283e8150892	M	parent_tree_identity	Actual retained-parent file edge; semantic conclusions are component-scoped in the companion ledger, not implied by this edge.
BtExperience	97ddcf5332c866d40a6b7df4aa55541546b48a8d	3095f1845b0687f269f4ffb12d4be14d038bb950	BtObjects/test/test_multimedia_player.cpp	0a2635caeb24025530392304b857a6894468ccb0	9c9928d9cbdb23a88806db5c465bcd903d4fa750	M	parent_tree_identity	Actual retained-parent file edge; semantic conclusions are component-scoped in the companion ledger, not implied by this edge.
BtExperience	11e0aa81f8cbb4a68e5748380f912c5f1a4fdb7f	a367978cb32ac8979bb5c916371c000c4896b163	BtObjects/mediaobjects.cpp	27f9380fc86809b859291bd9d76c30488ddd130a	377e77465cb9bfbe21ee69360bb2208dc87130aa	M	parent_tree_identity	Actual retained-parent file edge; semantic conclusions are component-scoped in the companion ledger, not implied by this edge.
BtExperience	abd60ed2953f3f5056ea8d7765995cfddd1ad192	838ba32c6241bc50c0eb1240b1c27bdbf524e6f6	BtObjects/mediaobjects.cpp	06a55eb67c42359f3b02db7edb44a7b96f6dc238	377e77465cb9bfbe21ee69360bb2208dc87130aa	M	parent_tree_identity	Actual retained-parent file edge; semantic conclusions are component-scoped in the companion ledger, not implied by this edge.
BtExperience	ed0d6541e967e1afdff98a6b0a09171bc83f2f4c	63e9842cb962909899c1739fd6dc311687a8d694	BtObjects/mediaobjects.cpp	27f9380fc86809b859291bd9d76c30488ddd130a	06a55eb67c42359f3b02db7edb44a7b96f6dc238	M	parent_tree_identity	Actual retained-parent file edge; semantic conclusions are component-scoped in the companion ledger, not implied by this edge.
BtExperience	307799583f8c84126b32510008feaeaffb5b40ba	b15e4bef395a4b78655fbf99dff49805fe3b266c	BtObjects/playlistplayer.cpp	e384c07026d65f2f356bd23f976bd1ae86c7ac95	483d97394542272657649e266390d283e8150892	M	parent_tree_identity	Actual retained-parent file edge; semantic conclusions are component-scoped in the companion ledger, not implied by this edge.
BtExperience	307799583f8c84126b32510008feaeaffb5b40ba	b15e4bef395a4b78655fbf99dff49805fe3b266c	BtObjects/test/test_multimedia_player.cpp	0a2635caeb24025530392304b857a6894468ccb0	9c9928d9cbdb23a88806db5c465bcd903d4fa750	M	parent_tree_identity	Actual retained-parent file edge; semantic conclusions are component-scoped in the companion ledger, not implied by this edge.
BtExperience	b15e4bef395a4b78655fbf99dff49805fe3b266c	888d1e0e56bf578b03bb28defee2c461afb789d3	BtObjects/playlistplayer.cpp	64f022e02e5758594fd3dd8e4b31d194d9f925cd	e384c07026d65f2f356bd23f976bd1ae86c7ac95	M	parent_tree_identity	Actual retained-parent file edge; semantic conclusions are component-scoped in the companion ledger, not implied by this edge.
BtExperience	888d1e0e56bf578b03bb28defee2c461afb789d3	88ce575f8bae4986c938634542d6337a29788c10	BtObjects/multimediaplayer.cpp	89b20fd62d49cff2d0117d303e3ca1b3eff1afd3	0554e044cf7b51f4cbf9ef32ac54d98c63bdc88e	M	parent_tree_identity	Actual retained-parent file edge; semantic conclusions are component-scoped in the companion ledger, not implied by this edge.
BtExperience	88ce575f8bae4986c938634542d6337a29788c10	d6fd34bfd702cc3e64fe57e3e227fc7179e58333	BtObjects/playlistplayer.cpp	31024ed4258faa1deb83449924db3250cfa46726	64f022e02e5758594fd3dd8e4b31d194d9f925cd	M	parent_tree_identity	Actual retained-parent file edge; semantic conclusions are component-scoped in the companion ledger, not implied by this edge.
BtExperience	8905b9f4083898b42075102cd75aad25252ecebd	b9e565cb67949e39f300ba816f8ddeedc18dc8ea	BtObjects/playlistplayer.cpp	31024ed4258faa1deb83449924db3250cfa46726	64f022e02e5758594fd3dd8e4b31d194d9f925cd	M	parent_tree_identity	Actual retained-parent file edge; semantic conclusions are component-scoped in the companion ledger, not implied by this edge.
BtExperience	6ff37888c4e58119df95b8fd7ecacd15dc61005d	66bd1de848875228463fa646b2ecf78a83c6d379	BtObjects/mediaobjects.cpp	6a945536a10f513754649e00a0d6752fed3903f2	27f9380fc86809b859291bd9d76c30488ddd130a	M	parent_tree_identity	Actual retained-parent file edge; semantic conclusions are component-scoped in the companion ledger, not implied by this edge.
BtExperience	22ab286cfe8e8e43c4953db528e7bba83176bc3c	7196b53e4c18d3b31e748dea8fa2bbd1ab14c5a7	BtObjects/mediaobjects.cpp	9fc84a73e1e48b9e8b18c74361d4808600c57a13	6a945536a10f513754649e00a0d6752fed3903f2	M	parent_tree_identity	Actual retained-parent file edge; semantic conclusions are component-scoped in the companion ledger, not implied by this edge.
BtExperience	22ab286cfe8e8e43c4953db528e7bba83176bc3c	7196b53e4c18d3b31e748dea8fa2bbd1ab14c5a7	BtObjects/playlistplayer.cpp	c828a52985e3988103191f823f18716addbcabfd	31024ed4258faa1deb83449924db3250cfa46726	M	parent_tree_identity	Actual retained-parent file edge; semantic conclusions are component-scoped in the companion ledger, not implied by this edge.
BtExperience	12eebcd9a06cd164c697d75ae23dcfab3f82c088	8bffe8fd7bfcea0c912cff9eabfcc96c882c8416	BtObjects/playlistplayer.cpp	137439b677fafeec57168091a56cbbdb9ea06fe0	31024ed4258faa1deb83449924db3250cfa46726	M	parent_tree_identity	Actual retained-parent file edge; semantic conclusions are component-scoped in the companion ledger, not implied by this edge.
BtExperience	8bffe8fd7bfcea0c912cff9eabfcc96c882c8416	b687fb36dbc4d101d11bf9906296671102851215	BtObjects/playlistplayer.cpp	c828a52985e3988103191f823f18716addbcabfd	137439b677fafeec57168091a56cbbdb9ea06fe0	M	parent_tree_identity	Actual retained-parent file edge; semantic conclusions are component-scoped in the companion ledger, not implied by this edge.
BtExperience	46c1c74bbcf3a364e73271da84fb690e97c2b780	e312ed611b59b6d94162e985be964fb5c4f4d420	BtObjects/mediaobjects.cpp	38f3a4157addbb76f39df217ffeca60d69d54403	6a945536a10f513754649e00a0d6752fed3903f2	M	parent_tree_identity	Actual retained-parent file edge; semantic conclusions are component-scoped in the companion ledger, not implied by this edge.
BtExperience	e22a6b6ee70fd4af8529d0bc6982055574347d57	c1b9aac65752a7ba0bcbb6870ce912a2c76a42f7	BtObjects/mediaobjects.cpp	9fc84a73e1e48b9e8b18c74361d4808600c57a13	38f3a4157addbb76f39df217ffeca60d69d54403	M	parent_tree_identity	Actual retained-parent file edge; semantic conclusions are component-scoped in the companion ledger, not implied by this edge.
BtExperience	f5f4db2f5a347f4d800e82d2099046d93a11d94c	6931175b6e2f2f05942c57d35151f14d400fc99f	BtObjects/mediaobjects.cpp	2092ef57bc940e9c8aab48bc50f8a779b5fa3319	9fc84a73e1e48b9e8b18c74361d4808600c57a13	M	parent_tree_identity	Actual retained-parent file edge; semantic conclusions are component-scoped in the companion ledger, not implied by this edge.
BtExperience	f5f4db2f5a347f4d800e82d2099046d93a11d94c	6931175b6e2f2f05942c57d35151f14d400fc99f	BtObjects/playlistplayer.cpp	0000000000000000000000000000000000000000	c828a52985e3988103191f823f18716addbcabfd	A	parent_tree_identity	Actual retained-parent file edge; semantic conclusions are component-scoped in the companion ledger, not implied by this edge.
BtExperience	f5f4db2f5a347f4d800e82d2099046d93a11d94c	6931175b6e2f2f05942c57d35151f14d400fc99f	gui/player.cpp	fd471845f2b7beab996cd9abb440fa219ebca1fe	0000000000000000000000000000000000000000	D	parent_tree_identity	Actual retained-parent file edge; semantic conclusions are component-scoped in the companion ledger, not implied by this edge.
BtExperience	4f6cc3e271a1ae3c4ec23557e26ac44633122337	ce1fce083e81375ce789f857e02e9566551121f0	BtObjects/mediaobjects.cpp	6ff0db87fc458faf788c2d05a490210ac3d40b31	9fc84a73e1e48b9e8b18c74361d4808600c57a13	M	parent_tree_identity	Actual retained-parent file edge; semantic conclusions are component-scoped in the companion ledger, not implied by this edge.
BtExperience	787211272cbb883a0eebcad7c24d55c177680973	a4eab758a147b551b02c422e1c1103afd45ea99c	BtObjects/mediaobjects.cpp	d5d9cb0e7251233b2d885162922ab553d35359bc	6ff0db87fc458faf788c2d05a490210ac3d40b31	M	parent_tree_identity	Actual retained-parent file edge; semantic conclusions are component-scoped in the companion ledger, not implied by this edge.
BtExperience	a4eab758a147b551b02c422e1c1103afd45ea99c	cee4ea1b5eed375d170f5a006b97f79fa90c6d37	BtObjects/playlistplayer.cpp	2c052e19ca93162aefdfe7dbc06d40637490dd83	c828a52985e3988103191f823f18716addbcabfd	M	parent_tree_identity	Actual retained-parent file edge; semantic conclusions are component-scoped in the companion ledger, not implied by this edge.
BtExperience	4806d6d1d099020a4a19b34eb31930ce43a48589	8ca17cf2a6d54474587f3dd9ff14835aa04b1919	BtObjects/playlistplayer.cpp	0000000000000000000000000000000000000000	2c052e19ca93162aefdfe7dbc06d40637490dd83	A	parent_tree_identity	Actual retained-parent file edge; semantic conclusions are component-scoped in the companion ledger, not implied by this edge.
BtExperience	4806d6d1d099020a4a19b34eb31930ce43a48589	8ca17cf2a6d54474587f3dd9ff14835aa04b1919	gui/player.cpp	fd471845f2b7beab996cd9abb440fa219ebca1fe	0000000000000000000000000000000000000000	D	parent_tree_identity	Actual retained-parent file edge; semantic conclusions are component-scoped in the companion ledger, not implied by this edge.
BtExperience	359cf0f9d7f62b7d493605761879f308d06716fb	dd3d13c909f1aa910882e43dacf2e6de45f3f705	BtObjects/mediaobjects.cpp	2092ef57bc940e9c8aab48bc50f8a779b5fa3319	d5d9cb0e7251233b2d885162922ab553d35359bc	M	parent_tree_identity	Actual retained-parent file edge; semantic conclusions are component-scoped in the companion ledger, not implied by this edge.
BtExperience	168ec69c7bc15a328b79f97621b404750e50beda	e46197aef017477efc14f9e49354171e1af41075	BtObjects/mediaobjects.cpp	2092ef57bc940e9c8aab48bc50f8a779b5fa3319	d5d9cb0e7251233b2d885162922ab553d35359bc	M	parent_tree_identity	Actual retained-parent file edge; semantic conclusions are component-scoped in the companion ledger, not implied by this edge.
BtExperience	0aeee37b5edaf6913d984f2197d99855c272167d	50a1abb20a67bfda0b9086e3169683c3317eb9af	BtObjects/multimediaplayer.cpp	ea9d5a3029c57b72a8f1c4c6d8a5673d036545ff	89b20fd62d49cff2d0117d303e3ca1b3eff1afd3	M	parent_tree_identity	Actual retained-parent file edge; semantic conclusions are component-scoped in the companion ledger, not implied by this edge.
BtExperience	d243a87a2dbadc8f7c0914763cd163360b16e229	56e06ec44a451a12d494e5a841b2b4a4b6fc8685	BtObjects/multimediaplayer.cpp	ea9d5a3029c57b72a8f1c4c6d8a5673d036545ff	89b20fd62d49cff2d0117d303e3ca1b3eff1afd3	M	parent_tree_identity	Actual retained-parent file edge; semantic conclusions are component-scoped in the companion ledger, not implied by this edge.
BtExperience	51a5528385d03757de5f07c77e68168d08ab2aef	1f95db8df24baa2dd2719e82aa113a77e774fb9c	BtObjects/multimediaplayer.cpp	ea9d5a3029c57b72a8f1c4c6d8a5673d036545ff	89b20fd62d49cff2d0117d303e3ca1b3eff1afd3	M	parent_tree_identity	Actual retained-parent file edge; semantic conclusions are component-scoped in the companion ledger, not implied by this edge.
BtExperience	63fbeb33660be71f3cf77bd5c2f76b8a58c4a8c1	10959d7c819d6dbd9244ead054412fb8d5df40e7	BtObjects/mediaobjects.cpp	5f0e624539595ac00f521e662ebc5f3a0a26c7b5	2092ef57bc940e9c8aab48bc50f8a779b5fa3319	M	parent_tree_identity	Actual retained-parent file edge; semantic conclusions are component-scoped in the companion ledger, not implied by this edge.
BtExperience	af64d827cfdb9203d0217fd40f61dcd82d23694b	008f884c0ee2480bd4f307a19c84a291138cd6b9	BtObjects/mediaobjects.cpp	5f0e624539595ac00f521e662ebc5f3a0a26c7b5	2092ef57bc940e9c8aab48bc50f8a779b5fa3319	M	parent_tree_identity	Actual retained-parent file edge; semantic conclusions are component-scoped in the companion ledger, not implied by this edge.
BtExperience	ad363dae0e33a34bf6c0deedd9d3e63457d64f03	0a7a1a3afa671aa8c6e6b22fbd2d6380b271f177	BtObjects/mediaobjects.cpp	5f0e624539595ac00f521e662ebc5f3a0a26c7b5	2092ef57bc940e9c8aab48bc50f8a779b5fa3319	M	parent_tree_identity	Actual retained-parent file edge; semantic conclusions are component-scoped in the companion ledger, not implied by this edge.
BtExperience	ccf3fce1ac2aa6c598679043e2feb65c62e1136e	1e78dafb71d95cca626f14d368c0c535c80dedf3	BtObjects/mediaobjects.cpp	14c2b76f7459058ee2cefa95a4c3f7fe97b1a765	2092ef57bc940e9c8aab48bc50f8a779b5fa3319	M	parent_tree_identity	Actual retained-parent file edge; semantic conclusions are component-scoped in the companion ledger, not implied by this edge.
BtExperience	1e78dafb71d95cca626f14d368c0c535c80dedf3	52c1904c4fe222652c8f0c6d8d212123fae6002d	BtObjects/mediaobjects.cpp	88aede335838544a5d6795fcfea075cc9e79931c	14c2b76f7459058ee2cefa95a4c3f7fe97b1a765	M	parent_tree_identity	Actual retained-parent file edge; semantic conclusions are component-scoped in the companion ledger, not implied by this edge.
BtExperience	52c1904c4fe222652c8f0c6d8d212123fae6002d	d17df3dceef01bf75adffbf9375efd914684415a	BtObjects/mediaobjects.cpp	5f0e624539595ac00f521e662ebc5f3a0a26c7b5	88aede335838544a5d6795fcfea075cc9e79931c	M	parent_tree_identity	Actual retained-parent file edge; semantic conclusions are component-scoped in the companion ledger, not implied by this edge.
BtExperience	2c077017c0bd94af79a8d0379cfb6759ef528916	7a646f5ef162f4fa1187e51bddf938ba962958e7	BtObjects/multimediaplayer.cpp	fbe6d241a7e6ccb397f50480beb25d3fbcf3cf48	ea9d5a3029c57b72a8f1c4c6d8a5673d036545ff	M	parent_tree_identity	Actual retained-parent file edge; semantic conclusions are component-scoped in the companion ledger, not implied by this edge.
BtExperience	2c077017c0bd94af79a8d0379cfb6759ef528916	7a646f5ef162f4fa1187e51bddf938ba962958e7	BtObjects/test/test_multimedia_player.cpp	83ddb73f6a7dacc130d7862b5c478cc158c7cdd8	0a2635caeb24025530392304b857a6894468ccb0	M	parent_tree_identity	Actual retained-parent file edge; semantic conclusions are component-scoped in the companion ledger, not implied by this edge.
BtExperience	2c077017c0bd94af79a8d0379cfb6759ef528916	7a646f5ef162f4fa1187e51bddf938ba962958e7	gui/player.cpp	e521ac8f2f6e2b295af8a44734c5e4fb676f9b8f	fd471845f2b7beab996cd9abb440fa219ebca1fe	M	parent_tree_identity	Actual retained-parent file edge; semantic conclusions are component-scoped in the companion ledger, not implied by this edge.
BtExperience	9d8c23fae6f921c5e0999fd73f176edd75ed3a9c	2c89cfd4d18f22ba8d60350f7f4e7af8c5f55046	BtObjects/multimediaplayer.cpp	e8c7e30947bd401cf20fb2ab7ba5086effd0e42f	ea9d5a3029c57b72a8f1c4c6d8a5673d036545ff	M	parent_tree_identity	Actual retained-parent file edge; semantic conclusions are component-scoped in the companion ledger, not implied by this edge.
BtExperience	9e88e73cfcc689cf784397aaf61d26853a4dcbce	65ae4870798b8a47a89400051f57d1145f64dc53	BtObjects/multimediaplayer.cpp	e8c7e30947bd401cf20fb2ab7ba5086effd0e42f	ea9d5a3029c57b72a8f1c4c6d8a5673d036545ff	M	parent_tree_identity	Actual retained-parent file edge; semantic conclusions are component-scoped in the companion ledger, not implied by this edge.
BtExperience	2a4421665d85a23085bde0f526aeae2b95928e05	0a23ca84954936ef98adf3a5e11208dc3e1cf495	BtObjects/multimediaplayer.cpp	0f146cee77f25dddf9a57cb7ccc15470b3b03a8c	ea9d5a3029c57b72a8f1c4c6d8a5673d036545ff	M	parent_tree_identity	Actual retained-parent file edge; semantic conclusions are component-scoped in the companion ledger, not implied by this edge.
BtExperience	0a23ca84954936ef98adf3a5e11208dc3e1cf495	844b811837178d6ea21e1426822ac6220d323c52	BtObjects/multimediaplayer.cpp	e8c7e30947bd401cf20fb2ab7ba5086effd0e42f	0f146cee77f25dddf9a57cb7ccc15470b3b03a8c	M	parent_tree_identity	Actual retained-parent file edge; semantic conclusions are component-scoped in the companion ledger, not implied by this edge.
BtExperience	d89017349e2e6e2d23ad6e2c0b6447e9f287d153	bfa790c1ff2d49c06c2a5b6826182e6667aa8023	BtObjects/gstmediaplayer.cpp	91b2b74d9c673fc62b2c3e10e3cb8afb8da4d3ea	0000000000000000000000000000000000000000	D	parent_tree_identity	Actual retained-parent file edge; semantic conclusions are component-scoped in the companion ledger, not implied by this edge.
BtExperience	d89017349e2e6e2d23ad6e2c0b6447e9f287d153	bfa790c1ff2d49c06c2a5b6826182e6667aa8023	BtObjects/multimediaplayer.cpp	5aff8589662647b63f7c4daeb8d6e2ab41472566	e8c7e30947bd401cf20fb2ab7ba5086effd0e42f	M	parent_tree_identity	Actual retained-parent file edge; semantic conclusions are component-scoped in the companion ledger, not implied by this edge.
BtExperience	d89017349e2e6e2d23ad6e2c0b6447e9f287d153	bfa790c1ff2d49c06c2a5b6826182e6667aa8023	BtObjects/test/test_multimedia_player.cpp	83ddb73f6a7dacc130d7862b5c478cc158c7cdd8	0a2635caeb24025530392304b857a6894468ccb0	M	parent_tree_identity	Actual retained-parent file edge; semantic conclusions are component-scoped in the companion ledger, not implied by this edge.
BtExperience	d89017349e2e6e2d23ad6e2c0b6447e9f287d153	bfa790c1ff2d49c06c2a5b6826182e6667aa8023	gui/player.cpp	3e5e805c4d435d2861c91b2d9fdf97677b331c35	fd471845f2b7beab996cd9abb440fa219ebca1fe	M	parent_tree_identity	Actual retained-parent file edge; semantic conclusions are component-scoped in the companion ledger, not implied by this edge.
BtExperience	d65a48b9b28a8e51f26701c03138b5e75b30afad	278dcc2aa9d2b8d34067bf7c76881111820cd29b	BtObjects/multimediaplayer.cpp	4c5a01335c5236af4c0ed4cad100955dae7a29d5	e8c7e30947bd401cf20fb2ab7ba5086effd0e42f	M	parent_tree_identity	Actual retained-parent file edge; semantic conclusions are component-scoped in the companion ledger, not implied by this edge.
BtExperience	278dcc2aa9d2b8d34067bf7c76881111820cd29b	7eb5e3423c83322eb6e883b7a93999c1d96e6b08	BtObjects/gstmediaplayer.cpp	7cc12b729eb9f79983bab45880f959d796070ac4	0000000000000000000000000000000000000000	D	parent_tree_identity	Actual retained-parent file edge; semantic conclusions are component-scoped in the companion ledger, not implied by this edge.
BtExperience	e49404666ef2e68033f864a76d893239ef05b930	6c3fd4946ca0bd1c785f05bcf6fe1d576ae859b7	BtObjects/multimediaplayer.cpp	5aff8589662647b63f7c4daeb8d6e2ab41472566	4c5a01335c5236af4c0ed4cad100955dae7a29d5	M	parent_tree_identity	Actual retained-parent file edge; semantic conclusions are component-scoped in the companion ledger, not implied by this edge.
BtExperience	9d2a4af1441e31c3f31d85952635e42665143ed1	c0983cbdbbd88f9a0bd4be789ad0c3e75354f483	gui/player.cpp	5267a05976fed6e83986324c3eea64b74e1aa0dd	fd471845f2b7beab996cd9abb440fa219ebca1fe	M	parent_tree_identity	Actual retained-parent file edge; semantic conclusions are component-scoped in the companion ledger, not implied by this edge.
BtExperience	c0983cbdbbd88f9a0bd4be789ad0c3e75354f483	e155fe7a138fb7dd01e9fad64e274e124c61c56f	gui/player.cpp	c7112dbd853bfb37ef95303635d6651dc9200b51	5267a05976fed6e83986324c3eea64b74e1aa0dd	M	parent_tree_identity	Actual retained-parent file edge; semantic conclusions are component-scoped in the companion ledger, not implied by this edge.
BtExperience	e155fe7a138fb7dd01e9fad64e274e124c61c56f	e5f3ba96fedae93e4a94d82826e52e7e39611b99	BtObjects/gstmediaplayer.cpp	7ff0a0e6edd86218dcf386d1ad6bf62acf63ee16	7cc12b729eb9f79983bab45880f959d796070ac4	M	parent_tree_identity	Actual retained-parent file edge; semantic conclusions are component-scoped in the companion ledger, not implied by this edge.
BtExperience	e5f3ba96fedae93e4a94d82826e52e7e39611b99	2cec63211aa13e21d8f6c022e9558b8192ade58c	BtObjects/gstmediaplayer.cpp	91b2b74d9c673fc62b2c3e10e3cb8afb8da4d3ea	7ff0a0e6edd86218dcf386d1ad6bf62acf63ee16	M	parent_tree_identity	Actual retained-parent file edge; semantic conclusions are component-scoped in the companion ledger, not implied by this edge.
BtExperience	2cec63211aa13e21d8f6c022e9558b8192ade58c	40e0fda5674b7a21439366918cdba0e10eb1dd8c	gui/player.cpp	3e5e805c4d435d2861c91b2d9fdf97677b331c35	c7112dbd853bfb37ef95303635d6651dc9200b51	M	parent_tree_identity	Actual retained-parent file edge; semantic conclusions are component-scoped in the companion ledger, not implied by this edge.
BtExperience	40e0fda5674b7a21439366918cdba0e10eb1dd8c	8cac9861180060da954c16f08cb89431022de9fe	BtObjects/test/test_multimedia_player.cpp	83ddb73f6a7dacc130d7862b5c478cc158c7cdd8	0a2635caeb24025530392304b857a6894468ccb0	M	parent_tree_identity	Actual retained-parent file edge; semantic conclusions are component-scoped in the companion ledger, not implied by this edge.
BtExperience	c1b328a444a3548b79532e5214e2502d93ddfbd9	9ff54b125c2a9bd29c6158c2fe51b793197570af	BtObjects/gstmediaplayer.cpp	c35dbb1cfe30067af0fcdaeeab03ab4158d984b4	91b2b74d9c673fc62b2c3e10e3cb8afb8da4d3ea	M	parent_tree_identity	Actual retained-parent file edge; semantic conclusions are component-scoped in the companion ledger, not implied by this edge.
BtExperience	aced8253a38608bb135c4e4361fe19b96f0ffbcf	3d5440256e85ea5f7434ce5aebea389e46cfac26	BtObjects/gstmediaplayer.cpp	c35dbb1cfe30067af0fcdaeeab03ab4158d984b4	91b2b74d9c673fc62b2c3e10e3cb8afb8da4d3ea	M	parent_tree_identity	Actual retained-parent file edge; semantic conclusions are component-scoped in the companion ledger, not implied by this edge.
BtExperience	e8a0e244987eb280205751e383490cf578f89e13	67a7f0408fe5855c031aab47ab9e3d1cc5dbe4ca	BtObjects/gstmediaplayer.cpp	c35dbb1cfe30067af0fcdaeeab03ab4158d984b4	91b2b74d9c673fc62b2c3e10e3cb8afb8da4d3ea	M	parent_tree_identity	Actual retained-parent file edge; semantic conclusions are component-scoped in the companion ledger, not implied by this edge.
BtExperience	568a55980cbdf71b20eb237bc6ac362659d82da9	83a470528133b7176f4cdbbeac7312e626ac60c8	BtObjects/gstmediaplayer.cpp	0000000000000000000000000000000000000000	c35dbb1cfe30067af0fcdaeeab03ab4158d984b4	A	parent_tree_identity	Actual retained-parent file edge; semantic conclusions are component-scoped in the companion ledger, not implied by this edge.
BtExperience	568a55980cbdf71b20eb237bc6ac362659d82da9	83a470528133b7176f4cdbbeac7312e626ac60c8	BtObjects/multimediaplayer.cpp	fbe6d241a7e6ccb397f50480beb25d3fbcf3cf48	5aff8589662647b63f7c4daeb8d6e2ab41472566	M	parent_tree_identity	Actual retained-parent file edge; semantic conclusions are component-scoped in the companion ledger, not implied by this edge.
BtExperience	568a55980cbdf71b20eb237bc6ac362659d82da9	83a470528133b7176f4cdbbeac7312e626ac60c8	gui/player.cpp	e521ac8f2f6e2b295af8a44734c5e4fb676f9b8f	3e5e805c4d435d2861c91b2d9fdf97677b331c35	M	parent_tree_identity	Actual retained-parent file edge; semantic conclusions are component-scoped in the companion ledger, not implied by this edge.
BtExperience	ba2ed4ea99f9e84c416980592ed468142cda9378	d25bb835e9f6391e741af0e54e215bebe06fa69f	BtObjects/multimediaplayer.cpp	05bc04fb24699a4ebb911cec8b1a36230bf4e57c	5aff8589662647b63f7c4daeb8d6e2ab41472566	M	parent_tree_identity	Actual retained-parent file edge; semantic conclusions are component-scoped in the companion ledger, not implied by this edge.
BtExperience	d25bb835e9f6391e741af0e54e215bebe06fa69f	a03289ff038d47d9832b2c7d0ff57152e6b09bbb	BtObjects/gstmediaplayer.cpp	a11cd2f5940032095475188622f720e19ee70a4c	c35dbb1cfe30067af0fcdaeeab03ab4158d984b4	M	parent_tree_identity	Actual retained-parent file edge; semantic conclusions are component-scoped in the companion ledger, not implied by this edge.
BtExperience	909118400733fe3158bd5c55c900e22d3ae51080	c1662ad8c83aacec910118526614eef74140fc41	BtObjects/multimediaplayer.cpp	fbe6d241a7e6ccb397f50480beb25d3fbcf3cf48	05bc04fb24699a4ebb911cec8b1a36230bf4e57c	M	parent_tree_identity	Actual retained-parent file edge; semantic conclusions are component-scoped in the companion ledger, not implied by this edge.
BtExperience	c1662ad8c83aacec910118526614eef74140fc41	44022f717a7d18f5670a31c4d930413112e58b66	BtObjects/gstmediaplayer.cpp	c6143bb9a9abaa94d75ea0b9a1531d3991b0e9d7	a11cd2f5940032095475188622f720e19ee70a4c	M	parent_tree_identity	Actual retained-parent file edge; semantic conclusions are component-scoped in the companion ledger, not implied by this edge.
BtExperience	44022f717a7d18f5670a31c4d930413112e58b66	c794d83c2967381f93ba31a55c9395d71bb4aef2	BtObjects/gstmediaplayer.cpp	db18c2c74f83a4005429093bb45ec0778f5f7e36	c6143bb9a9abaa94d75ea0b9a1531d3991b0e9d7	M	parent_tree_identity	Actual retained-parent file edge; semantic conclusions are component-scoped in the companion ledger, not implied by this edge.
BtExperience	5bea0610b16998f60319df6e2196805c5feb0e59	9400a84eaff35156c95ff562b946455e471532d1	BtObjects/gstmediaplayer.cpp	4a080fdb4087e266c6702dd4ec04de3ae8df6bcb	db18c2c74f83a4005429093bb45ec0778f5f7e36	M	parent_tree_identity	Actual retained-parent file edge; semantic conclusions are component-scoped in the companion ledger, not implied by this edge.
BtExperience	9400a84eaff35156c95ff562b946455e471532d1	6c68334eaa2d41842403070dbe8cca8329180d2b	BtObjects/gstmediaplayer.cpp	0000000000000000000000000000000000000000	4a080fdb4087e266c6702dd4ec04de3ae8df6bcb	A	parent_tree_identity	Actual retained-parent file edge; semantic conclusions are component-scoped in the companion ledger, not implied by this edge.
BtExperience	6c68334eaa2d41842403070dbe8cca8329180d2b	216949907b9df6bb0b8ada16dddb240312bc32e8	gui/player.cpp	e449d9e96af06d291e77c4fcfcea88b8cd141c47	3e5e805c4d435d2861c91b2d9fdf97677b331c35	M	parent_tree_identity	Actual retained-parent file edge; semantic conclusions are component-scoped in the companion ledger, not implied by this edge.
BtExperience	216949907b9df6bb0b8ada16dddb240312bc32e8	02bd42d4dfa11d6d5b4c118e79017935afc1a0f0	gui/player.cpp	e521ac8f2f6e2b295af8a44734c5e4fb676f9b8f	e449d9e96af06d291e77c4fcfcea88b8cd141c47	M	parent_tree_identity	Actual retained-parent file edge; semantic conclusions are component-scoped in the companion ledger, not implied by this edge.
BtExperience	ed2344b9f8ab6c4b7059a37f06007cba10c43641	a1f0d902a41f9bd59e4158576d7cd21e27c65c84	BtObjects/mediaobjects.cpp	bb9be33fd12d5607e57f64a48074faef16e77a9c	5f0e624539595ac00f521e662ebc5f3a0a26c7b5	M	parent_tree_identity	Actual retained-parent file edge; semantic conclusions are component-scoped in the companion ledger, not implied by this edge.
BtExperience	af714c1dcfb7d997a545b19f361bc732e3f8aaf3	a5a3583900895c380b1444f06b192347aa820174	BtObjects/mediaobjects.cpp	b1e45ffe6267e66c9074cad78981300b21414986	5f0e624539595ac00f521e662ebc5f3a0a26c7b5	M	parent_tree_identity	Actual retained-parent file edge; semantic conclusions are component-scoped in the companion ledger, not implied by this edge.
BtExperience	38e5d448c45e45e03ffa9c6a1d5727b363ed1ab3	7cdfd8553ad0c6eb79e49af9be63446f0f437c45	BtObjects/mediaobjects.cpp	c741dd44cd2167823e4755b6720733c0a2946fb1	b1e45ffe6267e66c9074cad78981300b21414986	M	parent_tree_identity	Actual retained-parent file edge; semantic conclusions are component-scoped in the companion ledger, not implied by this edge.
BtExperience	7cdfd8553ad0c6eb79e49af9be63446f0f437c45	dc9f16cacf434fcb63c0e2d37738b40c1ea363f2	BtObjects/mediaobjects.cpp	48e22fbecc4cd2e9b1c0fdfd3a347d98e9270629	c741dd44cd2167823e4755b6720733c0a2946fb1	M	parent_tree_identity	Actual retained-parent file edge; semantic conclusions are component-scoped in the companion ledger, not implied by this edge.
BtExperience	93a94bd2f71338e70b0b573538d35c9c36d5ebe9	c4632610e17accf8921bf5abf39b93d17d616ecf	BtObjects/mediaobjects.cpp	bb9be33fd12d5607e57f64a48074faef16e77a9c	48e22fbecc4cd2e9b1c0fdfd3a347d98e9270629	M	parent_tree_identity	Actual retained-parent file edge; semantic conclusions are component-scoped in the companion ledger, not implied by this edge.
BtExperience	64a9d4ff9caaa3d0cfcabec33edbe6353d239ca9	5387d34a63413cb6523d634a7c4b3cbd2e4367c1	gui/player.cpp	c9a509cf82d99551634b0105bbdf8e09950d0a02	e521ac8f2f6e2b295af8a44734c5e4fb676f9b8f	M	parent_tree_identity	Actual retained-parent file edge; semantic conclusions are component-scoped in the companion ledger, not implied by this edge.
BtExperience	3b017061480ff86d15a7886b1402b39e3647d306	2e37a8beb881d9aa010a3e75ecd2db7dfc11b482	BtObjects/mediaobjects.cpp	1aaae647c82198d1d3bc876ac8f4a3efb2edf490	bb9be33fd12d5607e57f64a48074faef16e77a9c	M	parent_tree_identity	Actual retained-parent file edge; semantic conclusions are component-scoped in the companion ledger, not implied by this edge.
BtExperience	3b017061480ff86d15a7886b1402b39e3647d306	2e37a8beb881d9aa010a3e75ecd2db7dfc11b482	BtObjects/multimediaplayer.cpp	818163cab412aba4b1e86601d92b612118f83967	fbe6d241a7e6ccb397f50480beb25d3fbcf3cf48	M	parent_tree_identity	Actual retained-parent file edge; semantic conclusions are component-scoped in the companion ledger, not implied by this edge.
BtExperience	3b017061480ff86d15a7886b1402b39e3647d306	2e37a8beb881d9aa010a3e75ecd2db7dfc11b482	BtObjects/test/test_multimedia_player.cpp	e8164ffaaceedab9ed2188f534f2edee475235b0	83ddb73f6a7dacc130d7862b5c478cc158c7cdd8	M	parent_tree_identity	Actual retained-parent file edge; semantic conclusions are component-scoped in the companion ledger, not implied by this edge.
BtExperience	3b017061480ff86d15a7886b1402b39e3647d306	2e37a8beb881d9aa010a3e75ecd2db7dfc11b482	gui/player.cpp	cc31088b9341f499b3c1631ef9c9c19cbfd787e3	e521ac8f2f6e2b295af8a44734c5e4fb676f9b8f	M	parent_tree_identity	Actual retained-parent file edge; semantic conclusions are component-scoped in the companion ledger, not implied by this edge.
BtExperience	196257e0ab14decff9879cedf5e98331ec375c33	88e6e27c131f56c636e42ce8442065953ef4c062	gui/player.cpp	c9a509cf82d99551634b0105bbdf8e09950d0a02	e521ac8f2f6e2b295af8a44734c5e4fb676f9b8f	M	parent_tree_identity	Actual retained-parent file edge; semantic conclusions are component-scoped in the companion ledger, not implied by this edge.
BtExperience	9f53b847aaa45402c6f910d9fa44d77b5d33c7ae	0a72e500a56a8ca3b468d8101f927d2b8cc2fafe	BtObjects/mediaobjects.cpp	5ee8da5c781fd00e8c1c3e73f25e4d79e783873a	bb9be33fd12d5607e57f64a48074faef16e77a9c	M	parent_tree_identity	Actual retained-parent file edge; semantic conclusions are component-scoped in the companion ledger, not implied by this edge.
BtExperience	6751bf1249850283244d64e3b21f2965de7b3d7f	490e3982301f18c9e2ece208c78d700318881e40	BtObjects/mediaobjects.cpp	5ee8da5c781fd00e8c1c3e73f25e4d79e783873a	bb9be33fd12d5607e57f64a48074faef16e77a9c	M	parent_tree_identity	Actual retained-parent file edge; semantic conclusions are component-scoped in the companion ledger, not implied by this edge.
BtExperience	6751bf1249850283244d64e3b21f2965de7b3d7f	d5c57e449d0f735ae9e8c741c380ef3a47d4e597	gui/player.cpp	c9a509cf82d99551634b0105bbdf8e09950d0a02	e521ac8f2f6e2b295af8a44734c5e4fb676f9b8f	M	parent_tree_identity	Actual retained-parent file edge; semantic conclusions are component-scoped in the companion ledger, not implied by this edge.
BtExperience	d5c57e449d0f735ae9e8c741c380ef3a47d4e597	095d91e9351e65cc103e056c983a3a845d65b1cf	BtObjects/mediaobjects.cpp	5ee8da5c781fd00e8c1c3e73f25e4d79e783873a	bb9be33fd12d5607e57f64a48074faef16e77a9c	M	parent_tree_identity	Actual retained-parent file edge; semantic conclusions are component-scoped in the companion ledger, not implied by this edge.
BtExperience	39fcca5871375200edc84e4efc529af1b46ac53e	bddc68f713d3a1824b44339e4cbc5a89b120cbc2	BtObjects/mediaobjects.cpp	5ee8da5c781fd00e8c1c3e73f25e4d79e783873a	bb9be33fd12d5607e57f64a48074faef16e77a9c	M	parent_tree_identity	Actual retained-parent file edge; semantic conclusions are component-scoped in the companion ledger, not implied by this edge.
BtExperience	19ebbbb86c572b2847b7e12f812009e6b7c2b8f4	c608876208d8d7ee46a787841b4f7587d837541a	BtObjects/mediaobjects.cpp	1aaae647c82198d1d3bc876ac8f4a3efb2edf490	5ee8da5c781fd00e8c1c3e73f25e4d79e783873a	M	parent_tree_identity	Actual retained-parent file edge; semantic conclusions are component-scoped in the companion ledger, not implied by this edge.
BtExperience	19ebbbb86c572b2847b7e12f812009e6b7c2b8f4	c608876208d8d7ee46a787841b4f7587d837541a	BtObjects/multimediaplayer.cpp	818163cab412aba4b1e86601d92b612118f83967	fbe6d241a7e6ccb397f50480beb25d3fbcf3cf48	M	parent_tree_identity	Actual retained-parent file edge; semantic conclusions are component-scoped in the companion ledger, not implied by this edge.
BtExperience	19ebbbb86c572b2847b7e12f812009e6b7c2b8f4	c608876208d8d7ee46a787841b4f7587d837541a	BtObjects/test/test_multimedia_player.cpp	e8164ffaaceedab9ed2188f534f2edee475235b0	83ddb73f6a7dacc130d7862b5c478cc158c7cdd8	M	parent_tree_identity	Actual retained-parent file edge; semantic conclusions are component-scoped in the companion ledger, not implied by this edge.
BtExperience	19ebbbb86c572b2847b7e12f812009e6b7c2b8f4	c608876208d8d7ee46a787841b4f7587d837541a	gui/player.cpp	cc31088b9341f499b3c1631ef9c9c19cbfd787e3	c9a509cf82d99551634b0105bbdf8e09950d0a02	M	parent_tree_identity	Actual retained-parent file edge; semantic conclusions are component-scoped in the companion ledger, not implied by this edge.
BtExperience	308931b7e45873f1a1fe39baac3ede64bb4fd740	e984b7c8717426f9341fb27716ebec4b4fba3bdc	gui/player.cpp	c9a509cf82d99551634b0105bbdf8e09950d0a02	e521ac8f2f6e2b295af8a44734c5e4fb676f9b8f	M	parent_tree_identity	Actual retained-parent file edge; semantic conclusions are component-scoped in the companion ledger, not implied by this edge.
BtExperience	92ca521fe4aca82c47dd066c400888ad79f700b5	64303cebb3f7c3941a7263352a5a9be69dade015	gui/player.cpp	31c0d3e41ada8ff8fcd6d2ca3e5d256d44f81a66	e521ac8f2f6e2b295af8a44734c5e4fb676f9b8f	M	parent_tree_identity	Actual retained-parent file edge; semantic conclusions are component-scoped in the companion ledger, not implied by this edge.
BtExperience	64303cebb3f7c3941a7263352a5a9be69dade015	c1637e51f687fae545b57e84fbda2b8c558b72b9	gui/player.cpp	c9a509cf82d99551634b0105bbdf8e09950d0a02	31c0d3e41ada8ff8fcd6d2ca3e5d256d44f81a66	M	parent_tree_identity	Actual retained-parent file edge; semantic conclusions are component-scoped in the companion ledger, not implied by this edge.
BtExperience	b2a9832ec258e22e1edc48c08770a8b090b26f02	cf8a49e82da4e85821a97bdd82688fb7ff07eed2	gui/player.cpp	c9a509cf82d99551634b0105bbdf8e09950d0a02	31c0d3e41ada8ff8fcd6d2ca3e5d256d44f81a66	M	parent_tree_identity	Actual retained-parent file edge; semantic conclusions are component-scoped in the companion ledger, not implied by this edge.
BtExperience	7466137120a2e8995ee601ab07ebb66ad227d58f	0ab6aa9cf2423459b0a839c8d3af2289fa74bb52	gui/player.cpp	c9a509cf82d99551634b0105bbdf8e09950d0a02	31c0d3e41ada8ff8fcd6d2ca3e5d256d44f81a66	M	parent_tree_identity	Actual retained-parent file edge; semantic conclusions are component-scoped in the companion ledger, not implied by this edge.
BtExperience	0ab6aa9cf2423459b0a839c8d3af2289fa74bb52	c94902a726b1c469e937731e1a24c0d968d63461	BtObjects/multimediaplayer.cpp	cf22821d0beb524b92888a6c3115eea600659208	fbe6d241a7e6ccb397f50480beb25d3fbcf3cf48	M	parent_tree_identity	Actual retained-parent file edge; semantic conclusions are component-scoped in the companion ledger, not implied by this edge.
BtExperience	0ab6aa9cf2423459b0a839c8d3af2289fa74bb52	c94902a726b1c469e937731e1a24c0d968d63461	gui/player.cpp	cc31088b9341f499b3c1631ef9c9c19cbfd787e3	c9a509cf82d99551634b0105bbdf8e09950d0a02	M	parent_tree_identity	Actual retained-parent file edge; semantic conclusions are component-scoped in the companion ledger, not implied by this edge.
BtExperience	e38c3a5bd77ed4fe3c79136f419e2b116282f4fa	e8aac3fcb17d23967f865167eb695b87a8c2502c	gui/player.cpp	c710f37f31e4c14ad85df30db5b87d487596f0d0	c9a509cf82d99551634b0105bbdf8e09950d0a02	M	parent_tree_identity	Actual retained-parent file edge; semantic conclusions are component-scoped in the companion ledger, not implied by this edge.
BtExperience	1f931737d4317cc5d45197be758b5d875415ee2e	fbf9520277ba455765aaab1b3623daa892f08611	BtObjects/multimediaplayer.cpp	cf22821d0beb524b92888a6c3115eea600659208	fbe6d241a7e6ccb397f50480beb25d3fbcf3cf48	M	parent_tree_identity	Actual retained-parent file edge; semantic conclusions are component-scoped in the companion ledger, not implied by this edge.
BtExperience	1f931737d4317cc5d45197be758b5d875415ee2e	fbf9520277ba455765aaab1b3623daa892f08611	gui/player.cpp	cc31088b9341f499b3c1631ef9c9c19cbfd787e3	c710f37f31e4c14ad85df30db5b87d487596f0d0	M	parent_tree_identity	Actual retained-parent file edge; semantic conclusions are component-scoped in the companion ledger, not implied by this edge.
BtExperience	22b292e2559159632514bfe7246f37c60c177a55	241725bb98208e602e5af740f107c28a16f4bc04	BtObjects/test/test_multimedia_player.cpp	4a6f7e160e697e3769c9a532551a38d8c7c549b6	83ddb73f6a7dacc130d7862b5c478cc158c7cdd8	M	parent_tree_identity	Actual retained-parent file edge; semantic conclusions are component-scoped in the companion ledger, not implied by this edge.
BtExperience	4edd81ecd81e7f926ca0bfb2d36c6cdf12995a3a	1b3dfd30c5f553e9aed203adfacc152d953a8325	BtObjects/mediaobjects.cpp	14302a893e327aefa7aefcd7727b2c7d88da3b65	5ee8da5c781fd00e8c1c3e73f25e4d79e783873a	M	parent_tree_identity	Actual retained-parent file edge; semantic conclusions are component-scoped in the companion ledger, not implied by this edge.
BtExperience	4edd81ecd81e7f926ca0bfb2d36c6cdf12995a3a	1b3dfd30c5f553e9aed203adfacc152d953a8325	BtObjects/multimediaplayer.cpp	401d40b5d317d7f0c33d2f62134b5b726dca2a69	cf22821d0beb524b92888a6c3115eea600659208	M	parent_tree_identity	Actual retained-parent file edge; semantic conclusions are component-scoped in the companion ledger, not implied by this edge.
BtExperience	4edd81ecd81e7f926ca0bfb2d36c6cdf12995a3a	1b3dfd30c5f553e9aed203adfacc152d953a8325	BtObjects/test/test_multimedia_player.cpp	ea51e6ea84a7942ee609f4506a61a88e74de769f	4a6f7e160e697e3769c9a532551a38d8c7c549b6	M	parent_tree_identity	Actual retained-parent file edge; semantic conclusions are component-scoped in the companion ledger, not implied by this edge.
BtExperience	7fe2e5bdf47acecb40887ac6daedf879108b1707	3fedf944f3f945b27283f281f1a188a5b1ecadfd	BtObjects/multimediaplayer.cpp	818163cab412aba4b1e86601d92b612118f83967	401d40b5d317d7f0c33d2f62134b5b726dca2a69	M	parent_tree_identity	Actual retained-parent file edge; semantic conclusions are component-scoped in the companion ledger, not implied by this edge.
BtExperience	705892e1a2179451baf0df9fd56590a5a7e458e4	fb1122ade4c470f375ead879beb31a9cc05c1f2d	BtObjects/mediaobjects.cpp	1aaae647c82198d1d3bc876ac8f4a3efb2edf490	14302a893e327aefa7aefcd7727b2c7d88da3b65	M	parent_tree_identity	Actual retained-parent file edge; semantic conclusions are component-scoped in the companion ledger, not implied by this edge.
BtExperience	fb1122ade4c470f375ead879beb31a9cc05c1f2d	23b086ca40bf0455f22b5368efb30b13af64151a	BtObjects/test/test_multimedia_player.cpp	e8164ffaaceedab9ed2188f534f2edee475235b0	ea51e6ea84a7942ee609f4506a61a88e74de769f	M	parent_tree_identity	Actual retained-parent file edge; semantic conclusions are component-scoped in the companion ledger, not implied by this edge.
BtExperience	b8ced52181525f7a4b9d7514fd0a9d694932c1f4	95981a264b82253c19ce6b137c317b6908de38e7	gui/player.cpp	51534212b018b85df955138e379ed1adbe32f43d	cc31088b9341f499b3c1631ef9c9c19cbfd787e3	M	parent_tree_identity	Actual retained-parent file edge; semantic conclusions are component-scoped in the companion ledger, not implied by this edge.
BtExperience	6c00a7250831a4432bb5faf7d204236a37170956	abf65376df595b2be79948da73cbc3d2c3d93692	gui/player.cpp	96a33abe698402ac470aea410f3e44524eb0b835	cc31088b9341f499b3c1631ef9c9c19cbfd787e3	M	parent_tree_identity	Actual retained-parent file edge; semantic conclusions are component-scoped in the companion ledger, not implied by this edge.
BtExperience	524ca330c60e494ff089028d9f1167c925bae786	84cb1c2b56aa2b261380e5fabb960dff7bcd070e	gui/player.cpp	f73750d7f84084f3a3ae3cc7f38261c3b7388868	96a33abe698402ac470aea410f3e44524eb0b835	M	parent_tree_identity	Actual retained-parent file edge; semantic conclusions are component-scoped in the companion ledger, not implied by this edge.
BtExperience	2e282982ac59795d6467516204d4e86622ac0cc6	a24383d6d4f35f6167e13196327e48a28852f94a	gui/player.cpp	d71c91f133ccba64825c1a9a5e3a1f221fd4ab72	f73750d7f84084f3a3ae3cc7f38261c3b7388868	M	parent_tree_identity	Actual retained-parent file edge; semantic conclusions are component-scoped in the companion ledger, not implied by this edge.
BtExperience	a24383d6d4f35f6167e13196327e48a28852f94a	9717630d5f27bd82e39b94a7daef139073e9780c	gui/player.cpp	51534212b018b85df955138e379ed1adbe32f43d	d71c91f133ccba64825c1a9a5e3a1f221fd4ab72	M	parent_tree_identity	Actual retained-parent file edge; semantic conclusions are component-scoped in the companion ledger, not implied by this edge.
BtExperience	ca6940d58c58f78a25800be369e1479bb2f2137d	a2ef1d7f8d08a851c4a4f999cdde48dcbf6fef64	gui/player.cpp	d71c91f133ccba64825c1a9a5e3a1f221fd4ab72	f73750d7f84084f3a3ae3cc7f38261c3b7388868	M	parent_tree_identity	Actual retained-parent file edge; semantic conclusions are component-scoped in the companion ledger, not implied by this edge.
BtExperience	0fe17070d86dbf92c25225950348795d05505682	26b411968d3ff7cd410594746351c93de4701880	gui/audiovideoplayer.cpp	0d0bd55b3ed94d4ae5450f372d1b03a3072bfb3f	0000000000000000000000000000000000000000	D	parent_tree_identity	Actual retained-parent file edge; semantic conclusions are component-scoped in the companion ledger, not implied by this edge.
BtExperience	0fe17070d86dbf92c25225950348795d05505682	26b411968d3ff7cd410594746351c93de4701880	gui/player.cpp	0000000000000000000000000000000000000000	51534212b018b85df955138e379ed1adbe32f43d	A	parent_tree_identity	Actual retained-parent file edge; semantic conclusions are component-scoped in the companion ledger, not implied by this edge.
BtExperience	a58fd37e524831bbc8ca1dc597fa1aa9a29f68cc	fd3ecdf1438f0cbb95b8ac722a7033a9b6b2d19b	gui/player.cpp	8d518ef3982558fd0598491ad3c451a4d31a451c	d71c91f133ccba64825c1a9a5e3a1f221fd4ab72	M	parent_tree_identity	Actual retained-parent file edge; semantic conclusions are component-scoped in the companion ledger, not implied by this edge.
BtExperience	1012f423875d756d4e7329245e330777a3aa40c6	f921b294018b8ff42c24527fe1a0c27a648b276e	gui/player.cpp	51534212b018b85df955138e379ed1adbe32f43d	8d518ef3982558fd0598491ad3c451a4d31a451c	M	parent_tree_identity	Actual retained-parent file edge; semantic conclusions are component-scoped in the companion ledger, not implied by this edge.
BtExperience	f921b294018b8ff42c24527fe1a0c27a648b276e	bef6e9a476c33cfb38c7e35e5325f137de2f480d	gui/audiovideoplayer.cpp	0d0bd55b3ed94d4ae5450f372d1b03a3072bfb3f	0000000000000000000000000000000000000000	D	parent_tree_identity	Actual retained-parent file edge; semantic conclusions are component-scoped in the companion ledger, not implied by this edge.
BtExperience	f921b294018b8ff42c24527fe1a0c27a648b276e	bef6e9a476c33cfb38c7e35e5325f137de2f480d	gui/player.cpp	0000000000000000000000000000000000000000	51534212b018b85df955138e379ed1adbe32f43d	A	parent_tree_identity	Actual retained-parent file edge; semantic conclusions are component-scoped in the companion ledger, not implied by this edge.
BtExperience	68306f3e88444ddcaeb4894e6fc701b86a860354	7f66671a1bc91ac58d43b8c9ee2105ceed063129	gui/player.cpp	0d0bd55b3ed94d4ae5450f372d1b03a3072bfb3f	51534212b018b85df955138e379ed1adbe32f43d	M	parent_tree_identity	Actual retained-parent file edge; semantic conclusions are component-scoped in the companion ledger, not implied by this edge.
BtExperience	5bc007fe2a9bc249d684f1272812dd81e427b46f	19d411ce359cf2a99e796eac66bd9cee17cbce32	gui/audiovideoplayer.cpp	f5ec30aa307326c745a6a54763900f2bf91ea140	0d0bd55b3ed94d4ae5450f372d1b03a3072bfb3f	M	parent_tree_identity	Actual retained-parent file edge; semantic conclusions are component-scoped in the companion ledger, not implied by this edge.
BtExperience	7f66671a1bc91ac58d43b8c9ee2105ceed063129	d25f2c202d85d9470509a5a9b2cfa4e7579086e0	gui/audiovideoplayer.cpp	0d0bd55b3ed94d4ae5450f372d1b03a3072bfb3f	0000000000000000000000000000000000000000	D	parent_tree_identity	Actual retained-parent file edge; semantic conclusions are component-scoped in the companion ledger, not implied by this edge.
BtExperience	7f66671a1bc91ac58d43b8c9ee2105ceed063129	d25f2c202d85d9470509a5a9b2cfa4e7579086e0	gui/player.cpp	0000000000000000000000000000000000000000	0d0bd55b3ed94d4ae5450f372d1b03a3072bfb3f	A	parent_tree_identity	Actual retained-parent file edge; semantic conclusions are component-scoped in the companion ledger, not implied by this edge.
BtExperience	abdad096a929dc8a2253c499d65b912e9ebc2cbf	a82115351b7746531fdb8a794c98217712000fbc	gui/audiovideoplayer.cpp	841702dca21a5fa95939593d955f5cbd8d045615	0d0bd55b3ed94d4ae5450f372d1b03a3072bfb3f	M	parent_tree_identity	Actual retained-parent file edge; semantic conclusions are component-scoped in the companion ledger, not implied by this edge.
BtExperience	b5cc85a4a6676a813a05271add6ad12154038cb5	6e54308dccd063332faa3857d719078dd22d4c60	gui/audiovideoplayer.cpp	8823b79db11630691725b127c97d0f58d6b81a58	841702dca21a5fa95939593d955f5cbd8d045615	M	parent_tree_identity	Actual retained-parent file edge; semantic conclusions are component-scoped in the companion ledger, not implied by this edge.
BtExperience	6e54308dccd063332faa3857d719078dd22d4c60	1b52731a0c1d9e432bcfdb29fc9e689bfee8ab0b	gui/audiovideoplayer.cpp	443ca13732742a04dbc87292a11951f871112517	8823b79db11630691725b127c97d0f58d6b81a58	M	parent_tree_identity	Actual retained-parent file edge; semantic conclusions are component-scoped in the companion ledger, not implied by this edge.
BtExperience	7b853c1fbd46bb40f16fa85869943f869894cd94	335c0052e14f5e33f2eacebcef660b2da1f14c61	gui/audiovideoplayer.cpp	f5ec30aa307326c745a6a54763900f2bf91ea140	443ca13732742a04dbc87292a11951f871112517	M	parent_tree_identity	Actual retained-parent file edge; semantic conclusions are component-scoped in the companion ledger, not implied by this edge.
BtExperience	6bae9e16c0e6641e108222fe6aed6be01e803e89	c267b397dcf03f4d0e35537efee56fab14d07b82	BtObjects/multimediaplayer.cpp	2afeca8d1a9ef2620bfa6deddeb0fac3f591d8a3	818163cab412aba4b1e86601d92b612118f83967	M	parent_tree_identity	Actual retained-parent file edge; semantic conclusions are component-scoped in the companion ledger, not implied by this edge.
BtExperience	6bae9e16c0e6641e108222fe6aed6be01e803e89	c267b397dcf03f4d0e35537efee56fab14d07b82	BtObjects/test/test_multimedia_player.cpp	c162f38418b57bb673e619e56b2a13e58f8bab6a	e8164ffaaceedab9ed2188f534f2edee475235b0	M	parent_tree_identity	Actual retained-parent file edge; semantic conclusions are component-scoped in the companion ledger, not implied by this edge.
BtExperience	6bae9e16c0e6641e108222fe6aed6be01e803e89	c267b397dcf03f4d0e35537efee56fab14d07b82	gui/audiovideoplayer.cpp	0000000000000000000000000000000000000000	f5ec30aa307326c745a6a54763900f2bf91ea140	A	parent_tree_identity	Actual retained-parent file edge; semantic conclusions are component-scoped in the companion ledger, not implied by this edge.
BtExperience	f00aa181aef619b20e6b4e1d6fa4bb702790f9d5	f8faaa1eadca0a735095217fa72671ff40ea148d	gui/audiovideoplayer.cpp	2c612128ef8f20b9d579990164125b366caca4ec	f5ec30aa307326c745a6a54763900f2bf91ea140	M	parent_tree_identity	Actual retained-parent file edge; semantic conclusions are component-scoped in the companion ledger, not implied by this edge.
BtExperience	f8faaa1eadca0a735095217fa72671ff40ea148d	f14e34ef8d75b8fbb407b05b2d299fc9d0ce7a43	BtObjects/multimediaplayer.cpp	a8c4b038fbca08bb803c74de5aa6702ee17c0469	818163cab412aba4b1e86601d92b612118f83967	M	parent_tree_identity	Actual retained-parent file edge; semantic conclusions are component-scoped in the companion ledger, not implied by this edge.
BtExperience	f8faaa1eadca0a735095217fa72671ff40ea148d	f14e34ef8d75b8fbb407b05b2d299fc9d0ce7a43	BtObjects/test/test_multimedia_player.cpp	c162f38418b57bb673e619e56b2a13e58f8bab6a	e8164ffaaceedab9ed2188f534f2edee475235b0	M	parent_tree_identity	Actual retained-parent file edge; semantic conclusions are component-scoped in the companion ledger, not implied by this edge.
BtExperience	f8faaa1eadca0a735095217fa72671ff40ea148d	f14e34ef8d75b8fbb407b05b2d299fc9d0ce7a43	gui/audiovideoplayer.cpp	f867d0613b1f1b86ab42a4238cb7279458e29f32	2c612128ef8f20b9d579990164125b366caca4ec	M	parent_tree_identity	Actual retained-parent file edge; semantic conclusions are component-scoped in the companion ledger, not implied by this edge.
BtExperience	ac4e0e38dbf4c8cff9f4f7acc6d916ac01d037e3	206319ae5ce32501692b4de4422848c8a8205b79	gui/audiovideoplayer.cpp	8c4cc02df9f6ef60efd635682594837594f112a0	f867d0613b1f1b86ab42a4238cb7279458e29f32	M	parent_tree_identity	Actual retained-parent file edge; semantic conclusions are component-scoped in the companion ledger, not implied by this edge.
BtExperience	206319ae5ce32501692b4de4422848c8a8205b79	509c94f715c90e7cb35d5fb8e17a69ab9b451c5c	BtObjects/multimediaplayer.cpp	2afeca8d1a9ef2620bfa6deddeb0fac3f591d8a3	a8c4b038fbca08bb803c74de5aa6702ee17c0469	M	parent_tree_identity	Actual retained-parent file edge; semantic conclusions are component-scoped in the companion ledger, not implied by this edge.
BtExperience	206319ae5ce32501692b4de4422848c8a8205b79	509c94f715c90e7cb35d5fb8e17a69ab9b451c5c	gui/audiovideoplayer.cpp	10965fd9b9e746ebe71cf80f8ea49f5f87aae61c	8c4cc02df9f6ef60efd635682594837594f112a0	M	parent_tree_identity	Actual retained-parent file edge; semantic conclusions are component-scoped in the companion ledger, not implied by this edge.
BtExperience	317182295fa4396a6e029a1971a34f4d0f55ea47	bf70e9b81743360b828ccdb3fdc03d4d29bea3e1	gui/audiovideoplayer.cpp	0000000000000000000000000000000000000000	10965fd9b9e746ebe71cf80f8ea49f5f87aae61c	A	parent_tree_identity	Actual retained-parent file edge; semantic conclusions are component-scoped in the companion ledger, not implied by this edge.
BtExperience	1be2e0c96a1214b0746772f17b43ce94df71871e	a3fdf16edc197dcf54c0390fe6a0b7e555023350	BtObjects/mediaobjects.cpp	867c25bfc08d1d5b9ccc3fadf5adbb5d8245ee28	1aaae647c82198d1d3bc876ac8f4a3efb2edf490	M	parent_tree_identity	Actual retained-parent file edge; semantic conclusions are component-scoped in the companion ledger, not implied by this edge.
BtExperience	a2f4c7fc23b86e7ecdd9fbe61a85a9848f1600a9	7d7012d1f02af515a606973927ded626689b56c7	BtObjects/mediaobjects.cpp	867c25bfc08d1d5b9ccc3fadf5adbb5d8245ee28	1aaae647c82198d1d3bc876ac8f4a3efb2edf490	M	parent_tree_identity	Actual retained-parent file edge; semantic conclusions are component-scoped in the companion ledger, not implied by this edge.
BtExperience	7eec318da5f88dac8d5fa1848bd03708057f44e3	eccbbb9ca356d9e9b663e611ea2cb512fc3d13bd	BtObjects/mediaobjects.cpp	867c25bfc08d1d5b9ccc3fadf5adbb5d8245ee28	1aaae647c82198d1d3bc876ac8f4a3efb2edf490	M	parent_tree_identity	Actual retained-parent file edge; semantic conclusions are component-scoped in the companion ledger, not implied by this edge.
BtExperience	e3636cef93ad3f8f715d2b6151f2652d2f73108b	0efaa9cce6d2e0ec003f97d0773429c4427b3e5f	BtObjects/mediaobjects.cpp	ff53b1e43b876da07a910fb60087cec6534fa4c0	867c25bfc08d1d5b9ccc3fadf5adbb5d8245ee28	M	parent_tree_identity	Actual retained-parent file edge; semantic conclusions are component-scoped in the companion ledger, not implied by this edge.
BtExperience	3464c8bf52bca5aa453e31bbe5bdb5b218de550a	c0d5935742feb76981b453ee28775b266d8f8f8a	BtObjects/mediaobjects.cpp	dc8db557acb4d77cae26d64a14aacfa133357ab4	867c25bfc08d1d5b9ccc3fadf5adbb5d8245ee28	M	parent_tree_identity	Actual retained-parent file edge; semantic conclusions are component-scoped in the companion ledger, not implied by this edge.
BtExperience	c0d5935742feb76981b453ee28775b266d8f8f8a	7952d24f6768999a8940adf4455a9d80628c1c5f	BtObjects/mediaobjects.cpp	ff53b1e43b876da07a910fb60087cec6534fa4c0	dc8db557acb4d77cae26d64a14aacfa133357ab4	M	parent_tree_identity	Actual retained-parent file edge; semantic conclusions are component-scoped in the companion ledger, not implied by this edge.
BtExperience	b714aeea09a9e7fd241248362f0bc52626a03d9f	112a5acfd74237f355612e805ab9d7c37b3820a1	BtObjects/mediaobjects.cpp	b93be2cf09314d7f2c9c59f426cfaccf7f51d72d	ff53b1e43b876da07a910fb60087cec6534fa4c0	M	parent_tree_identity	Actual retained-parent file edge; semantic conclusions are component-scoped in the companion ledger, not implied by this edge.
BtExperience	b714aeea09a9e7fd241248362f0bc52626a03d9f	112a5acfd74237f355612e805ab9d7c37b3820a1	BtObjects/multimediaplayer.cpp	3941b5ff42dd0b26ff59cb91dea54bc0a99d6403	2afeca8d1a9ef2620bfa6deddeb0fac3f591d8a3	M	parent_tree_identity	Actual retained-parent file edge; semantic conclusions are component-scoped in the companion ledger, not implied by this edge.
BtExperience	112a5acfd74237f355612e805ab9d7c37b3820a1	b10972dc323972a011b569076b1b6164fc2a9f88	BtObjects/mediaobjects.cpp	51e622fc23bb0c0e4ae498ad40f1e5c4b98e0064	b93be2cf09314d7f2c9c59f426cfaccf7f51d72d	M	parent_tree_identity	Actual retained-parent file edge; semantic conclusions are component-scoped in the companion ledger, not implied by this edge.
BtExperience	008c18e977cea0d1ed2a75fc14e01998bcd0a775	afc4e59ea30c4f0c800028852b514f010f0c6433	BtObjects/mediaobjects.cpp	273a10a7724b2971e2c534ed1fc66917c6f13f0e	ff53b1e43b876da07a910fb60087cec6534fa4c0	M	parent_tree_identity	Actual retained-parent file edge; semantic conclusions are component-scoped in the companion ledger, not implied by this edge.
BtExperience	afc4e59ea30c4f0c800028852b514f010f0c6433	d3ad06219fa9b89e6e44cf47f120a0e3122a6f6b	BtObjects/mediaobjects.cpp	b93be2cf09314d7f2c9c59f426cfaccf7f51d72d	273a10a7724b2971e2c534ed1fc66917c6f13f0e	M	parent_tree_identity	Actual retained-parent file edge; semantic conclusions are component-scoped in the companion ledger, not implied by this edge.
BtExperience	d3ad06219fa9b89e6e44cf47f120a0e3122a6f6b	b0c7b1904c99e0ece5bafd309b654e41a109b5d3	BtObjects/multimediaplayer.cpp	3941b5ff42dd0b26ff59cb91dea54bc0a99d6403	2afeca8d1a9ef2620bfa6deddeb0fac3f591d8a3	M	parent_tree_identity	Actual retained-parent file edge; semantic conclusions are component-scoped in the companion ledger, not implied by this edge.
BtExperience	44ca6be1c3bcae7775abbdba2a087c1baecfce35	ad98da014479b99752913b0fcd8c1283ccf3d7f2	BtObjects/mediaobjects.cpp	51e622fc23bb0c0e4ae498ad40f1e5c4b98e0064	b93be2cf09314d7f2c9c59f426cfaccf7f51d72d	M	parent_tree_identity	Actual retained-parent file edge; semantic conclusions are component-scoped in the companion ledger, not implied by this edge.
BtExperience	e9564c122952e1930ca889580536a010a6dd8aba	69d706064c63a9c2162de7495a29258e1a3f37a0	BtObjects/mediaobjects.cpp	e0650d167e4215e2525c2679c10b19010f1b3404	b93be2cf09314d7f2c9c59f426cfaccf7f51d72d	M	parent_tree_identity	Actual retained-parent file edge; semantic conclusions are component-scoped in the companion ledger, not implied by this edge.
BtExperience	69d706064c63a9c2162de7495a29258e1a3f37a0	53ec2608a334a56d79dd1defe7714b4fb7e0088d	BtObjects/mediaobjects.cpp	2d1eda2e3315819a4de95e489be4a0f94368caf4	e0650d167e4215e2525c2679c10b19010f1b3404	M	parent_tree_identity	Actual retained-parent file edge; semantic conclusions are component-scoped in the companion ledger, not implied by this edge.
BtExperience	53ec2608a334a56d79dd1defe7714b4fb7e0088d	72f7bad8d27d4b6f82013ecdff8d0a34cb1f5b79	BtObjects/mediaobjects.cpp	84889eafad2eab8ad97ac2d51f3ae35240ade2e3	2d1eda2e3315819a4de95e489be4a0f94368caf4	M	parent_tree_identity	Actual retained-parent file edge; semantic conclusions are component-scoped in the companion ledger, not implied by this edge.
BtExperience	71e2bbb97c35f5f1f45cd962c4a482e2c834c989	1898f9adffeb8445727b13794c4aeda6e4b5f621	BtObjects/mediaobjects.cpp	79d1c595276db51e337785219216a37f078f31a8	84889eafad2eab8ad97ac2d51f3ae35240ade2e3	M	parent_tree_identity	Actual retained-parent file edge; semantic conclusions are component-scoped in the companion ledger, not implied by this edge.
BtExperience	30afdb9e9a5eacd8652307a01b212c6d0b53b566	8c68b5987ccf2c408ea3f80309f46cb179cbd181	BtObjects/mediaobjects.cpp	e38dd16e904465012cf2e65321398bb28600be4f	79d1c595276db51e337785219216a37f078f31a8	M	parent_tree_identity	Actual retained-parent file edge; semantic conclusions are component-scoped in the companion ledger, not implied by this edge.
BtExperience	8c68b5987ccf2c408ea3f80309f46cb179cbd181	04ae2fddaecefc74e94a6909bb2852098c774f43	BtObjects/mediaobjects.cpp	51e622fc23bb0c0e4ae498ad40f1e5c4b98e0064	e38dd16e904465012cf2e65321398bb28600be4f	M	parent_tree_identity	Actual retained-parent file edge; semantic conclusions are component-scoped in the companion ledger, not implied by this edge.
BtExperience	7cdf25b3fbd711c345bdb9fab407c062b8f9e645	74325b8cec763db2365971abcab484a905d13644	BtObjects/mediaobjects.cpp	93bd0e977f6bc36d3997f24aca55d7559efda30d	51e622fc23bb0c0e4ae498ad40f1e5c4b98e0064	M	parent_tree_identity	Actual retained-parent file edge; semantic conclusions are component-scoped in the companion ledger, not implied by this edge.
BtExperience	7cdf25b3fbd711c345bdb9fab407c062b8f9e645	74325b8cec763db2365971abcab484a905d13644	BtObjects/test/test_multimedia_player.cpp	dbabb8da0bd7846bebd7f0c76fe262e59a4f872c	c162f38418b57bb673e619e56b2a13e58f8bab6a	M	parent_tree_identity	Actual retained-parent file edge; semantic conclusions are component-scoped in the companion ledger, not implied by this edge.
BtExperience	8708e195f83cd0d6dfd96da74f9ea90661a01bcb	cdbe67ae31c6a8bd6ab67b06bb2bf0523f06faab	BtObjects/mediaobjects.cpp	93bd0e977f6bc36d3997f24aca55d7559efda30d	51e622fc23bb0c0e4ae498ad40f1e5c4b98e0064	M	parent_tree_identity	Actual retained-parent file edge; semantic conclusions are component-scoped in the companion ledger, not implied by this edge.
BtExperience	7856e5d9ae4ca763a03d2677e371ed35b5f100e4	df3becd29271df58a9d570be9b61612eefbbd928	BtObjects/mediaobjects.cpp	93bd0e977f6bc36d3997f24aca55d7559efda30d	51e622fc23bb0c0e4ae498ad40f1e5c4b98e0064	M	parent_tree_identity	Actual retained-parent file edge; semantic conclusions are component-scoped in the companion ledger, not implied by this edge.
BtExperience	1cea28f046575326119cb8091dce07cd4f64fef2	508065b56347f4fa5358a6a0ccbba788da2a558e	BtObjects/test/test_multimedia_player.cpp	dbabb8da0bd7846bebd7f0c76fe262e59a4f872c	c162f38418b57bb673e619e56b2a13e58f8bab6a	M	parent_tree_identity	Actual retained-parent file edge; semantic conclusions are component-scoped in the companion ledger, not implied by this edge.
BtExperience	408867b894f480d6e6c06d83a91da67fcc4a91cf	ae159715c94cbfb4d67d3fc37316fd67236173fc	BtObjects/mediaobjects.cpp	cad2de77c5df9c0fca88f05a9668a56809eb89dd	93bd0e977f6bc36d3997f24aca55d7559efda30d	M	parent_tree_identity	Actual retained-parent file edge; semantic conclusions are component-scoped in the companion ledger, not implied by this edge.
BtExperience	6f83cf5fd4cd56a584ea63e4e0e927aa3c3650d8	fe05261dac7aebd0b98d3659ba9eee69586ec4ce	BtObjects/mediaobjects.cpp	ecea1885a7af06e1a485ecb1852453c8d7797b2f	93bd0e977f6bc36d3997f24aca55d7559efda30d	M	parent_tree_identity	Actual retained-parent file edge; semantic conclusions are component-scoped in the companion ledger, not implied by this edge.
BtExperience	1fa26fa94d322eb75f9d5ad68a74fdb0573a6b03	0e0f423dca4527b24c6d612f3c8180fc4b4304c0	BtObjects/mediaobjects.cpp	cad2de77c5df9c0fca88f05a9668a56809eb89dd	ecea1885a7af06e1a485ecb1852453c8d7797b2f	M	parent_tree_identity	Actual retained-parent file edge; semantic conclusions are component-scoped in the companion ledger, not implied by this edge.
BtExperience	0e0f423dca4527b24c6d612f3c8180fc4b4304c0	833281505cbfde4fadc8d769a2c6606cd1b27a16	BtObjects/mediaobjects.cpp	e6e0f0dc8419e90c3ecf3d7d514033a940a5ba8a	cad2de77c5df9c0fca88f05a9668a56809eb89dd	M	parent_tree_identity	Actual retained-parent file edge; semantic conclusions are component-scoped in the companion ledger, not implied by this edge.
BtExperience	dbf742a8bd0e70bb21eceaad51e17d76585a0d73	21c2651e95ef29a69454ee6be5f9a369a37759ad	BtObjects/mediaobjects.cpp	e6e0f0dc8419e90c3ecf3d7d514033a940a5ba8a	cad2de77c5df9c0fca88f05a9668a56809eb89dd	M	parent_tree_identity	Actual retained-parent file edge; semantic conclusions are component-scoped in the companion ledger, not implied by this edge.
BtExperience	5523501039cab8a2ca1b58f755413520f845a186	187a01b4198bc9bd8e76ca65ef72a3148fe58b57	BtObjects/mediaobjects.cpp	e6e0f0dc8419e90c3ecf3d7d514033a940a5ba8a	cad2de77c5df9c0fca88f05a9668a56809eb89dd	M	parent_tree_identity	Actual retained-parent file edge; semantic conclusions are component-scoped in the companion ledger, not implied by this edge.
BtExperience	f06c2114d5b527b6663813f28e2224331681724c	b45902ea770ccbad21e605a7c2642f443b97a0ca	BtObjects/mediaobjects.cpp	c261c08923954a3217e8117f73e235b5b1d215cf	e6e0f0dc8419e90c3ecf3d7d514033a940a5ba8a	M	parent_tree_identity	Actual retained-parent file edge; semantic conclusions are component-scoped in the companion ledger, not implied by this edge.
BtExperience	f06c2114d5b527b6663813f28e2224331681724c	b45902ea770ccbad21e605a7c2642f443b97a0ca	BtObjects/multimediaplayer.cpp	5dd6a7fb29c5392c9ca521e6b7b37034ba31fdef	3941b5ff42dd0b26ff59cb91dea54bc0a99d6403	M	parent_tree_identity	Actual retained-parent file edge; semantic conclusions are component-scoped in the companion ledger, not implied by this edge.
BtExperience	28087cc03bd85d3351d2210ce1ed9d40df06920d	57e954d815dfd1eb2d7d5580ff73b0b39c2798fa	BtObjects/mediaobjects.cpp	0794299f99396402f8343808e11d5f57d8308724	e6e0f0dc8419e90c3ecf3d7d514033a940a5ba8a	M	parent_tree_identity	Actual retained-parent file edge; semantic conclusions are component-scoped in the companion ledger, not implied by this edge.
BtExperience	c48bfb138c408f251dbb8fbdc866018b291083be	16996b7f75d2d3b061b9851449fc9c7041102622	BtObjects/mediaobjects.cpp	ee21aec18fe6aeb62d3abf8f279b8aff5b0807b8	0794299f99396402f8343808e11d5f57d8308724	M	parent_tree_identity	Actual retained-parent file edge; semantic conclusions are component-scoped in the companion ledger, not implied by this edge.
BtExperience	16996b7f75d2d3b061b9851449fc9c7041102622	66fd548c5b6329a43d51701922e0d9f8e0263988	BtObjects/multimediaplayer.cpp	5dd6a7fb29c5392c9ca521e6b7b37034ba31fdef	3941b5ff42dd0b26ff59cb91dea54bc0a99d6403	M	parent_tree_identity	Actual retained-parent file edge; semantic conclusions are component-scoped in the companion ledger, not implied by this edge.
BtExperience	66fd548c5b6329a43d51701922e0d9f8e0263988	6bb9a478d191611752ce12591cecfa01ffff2839	BtObjects/mediaobjects.cpp	476f3d338f6ed269da4a0e5239757511ebe16926	ee21aec18fe6aeb62d3abf8f279b8aff5b0807b8	M	parent_tree_identity	Actual retained-parent file edge; semantic conclusions are component-scoped in the companion ledger, not implied by this edge.
BtExperience	6bb9a478d191611752ce12591cecfa01ffff2839	8bc68b5a0f73a21a714233afe26d5849e5ff9cc3	BtObjects/mediaobjects.cpp	c261c08923954a3217e8117f73e235b5b1d215cf	476f3d338f6ed269da4a0e5239757511ebe16926	M	parent_tree_identity	Actual retained-parent file edge; semantic conclusions are component-scoped in the companion ledger, not implied by this edge.
BtExperience	8bc68b5a0f73a21a714233afe26d5849e5ff9cc3	fab405b6cc419fc9dfc7af0d891279ec5be72ec4	BtObjects/mediaobjects.cpp	7b0d9ac4ae88a5cd56f1f56d4cf7be7af594d68f	c261c08923954a3217e8117f73e235b5b1d215cf	M	parent_tree_identity	Actual retained-parent file edge; semantic conclusions are component-scoped in the companion ledger, not implied by this edge.
BtExperience	225f86963e4784763625d5f54d4f29c9aad9f0c5	362f80d7343c07b64c20dde558899b5b5e35b403	BtObjects/mediaobjects.cpp	7b0d9ac4ae88a5cd56f1f56d4cf7be7af594d68f	c261c08923954a3217e8117f73e235b5b1d215cf	M	parent_tree_identity	Actual retained-parent file edge; semantic conclusions are component-scoped in the companion ledger, not implied by this edge.
BtExperience	b5e0e8389d4508768b47afe8fe1f1d037277849f	5e4d8f2736bbf37e4bfc049d66cd3d2ec3dfc9c5	BtObjects/mediaobjects.cpp	7b0d9ac4ae88a5cd56f1f56d4cf7be7af594d68f	c261c08923954a3217e8117f73e235b5b1d215cf	M	parent_tree_identity	Actual retained-parent file edge; semantic conclusions are component-scoped in the companion ledger, not implied by this edge.
BtExperience	e6c0c74ab52ad1adbbfea39dfb64bace4dc3ffd1	5410781b34b4e7819da65db459e7ea24764d176f	BtObjects/mediaobjects.cpp	dae96214996cf22fd0b9e4960aeb039dabf6f9ee	c261c08923954a3217e8117f73e235b5b1d215cf	M	parent_tree_identity	Actual retained-parent file edge; semantic conclusions are component-scoped in the companion ledger, not implied by this edge.
BtExperience	5410781b34b4e7819da65db459e7ea24764d176f	c6bebe25b7efb55b73f397288584f4e8477b33f3	BtObjects/mediaobjects.cpp	7b0d9ac4ae88a5cd56f1f56d4cf7be7af594d68f	dae96214996cf22fd0b9e4960aeb039dabf6f9ee	M	parent_tree_identity	Actual retained-parent file edge; semantic conclusions are component-scoped in the companion ledger, not implied by this edge.
BtExperience	47e8f4905029df20b477d4998ed1a410bd84db87	55fad97b79171306f34292ba258e5af6ccd1c14a	BtObjects/mediaobjects.cpp	85dd6203e30a98c35e5e9597cbc7353b9063ac14	7b0d9ac4ae88a5cd56f1f56d4cf7be7af594d68f	M	parent_tree_identity	Actual retained-parent file edge; semantic conclusions are component-scoped in the companion ledger, not implied by this edge.
BtExperience	444520266eec5397d7cc624ee92c3c05f3289e6b	cf079547d9d50d5dc303a582ee0f96419aefba07	BtObjects/mediaobjects.cpp	85dd6203e30a98c35e5e9597cbc7353b9063ac14	7b0d9ac4ae88a5cd56f1f56d4cf7be7af594d68f	M	parent_tree_identity	Actual retained-parent file edge; semantic conclusions are component-scoped in the companion ledger, not implied by this edge.
BtExperience	5874094a64e059a18013e352d9055b8f3a787661	c5011e77d4192265ba6a97fb2545f572b2d468f1	BtObjects/test/test_multimedia_player.cpp	983f7f73c5e5d2a103663a0b8f722adc6ca57e0c	dbabb8da0bd7846bebd7f0c76fe262e59a4f872c	M	parent_tree_identity	Actual retained-parent file edge; semantic conclusions are component-scoped in the companion ledger, not implied by this edge.
BtExperience	a7fc59fa438656349ffe1160ef015d040fbe4f90	aa1648e27e03d7a2bdffd95bbcc5ec42d3cd34e6	BtObjects/test/test_multimedia_player.cpp	983f7f73c5e5d2a103663a0b8f722adc6ca57e0c	dbabb8da0bd7846bebd7f0c76fe262e59a4f872c	M	parent_tree_identity	Actual retained-parent file edge; semantic conclusions are component-scoped in the companion ledger, not implied by this edge.
BtExperience	5522c1daa1238febf8ccfc7974dcb8b5aa3ebcaf	422c2204e31c1d58212db014d75aa47db5cf49ef	BtObjects/multimediaplayer.cpp	7f6b06bb7b7f07e82e5487a191ed29f807043794	5dd6a7fb29c5392c9ca521e6b7b37034ba31fdef	M	parent_tree_identity	Actual retained-parent file edge; semantic conclusions are component-scoped in the companion ledger, not implied by this edge.
BtExperience	5522c1daa1238febf8ccfc7974dcb8b5aa3ebcaf	422c2204e31c1d58212db014d75aa47db5cf49ef	BtObjects/test/test_multimedia_player.cpp	cdfcf212f75c6575948771208d0f8b564d5bcec0	983f7f73c5e5d2a103663a0b8f722adc6ca57e0c	M	parent_tree_identity	Actual retained-parent file edge; semantic conclusions are component-scoped in the companion ledger, not implied by this edge.
BtExperience	d7735dba4ea2a03708cc80c5d65634deefc66f61	5334e4ff3c1d18cfae15438a58b4df3a5abf5468	BtObjects/multimediaplayer.cpp	ef80e0e7378f4a224cf75d87290d5490f45ff665	5dd6a7fb29c5392c9ca521e6b7b37034ba31fdef	M	parent_tree_identity	Actual retained-parent file edge; semantic conclusions are component-scoped in the companion ledger, not implied by this edge.
BtExperience	d7735dba4ea2a03708cc80c5d65634deefc66f61	5334e4ff3c1d18cfae15438a58b4df3a5abf5468	BtObjects/test/test_multimedia_player.cpp	81f381f2193990f717f99e354aa053c693048dce	983f7f73c5e5d2a103663a0b8f722adc6ca57e0c	M	parent_tree_identity	Actual retained-parent file edge; semantic conclusions are component-scoped in the companion ledger, not implied by this edge.
BtExperience	5334e4ff3c1d18cfae15438a58b4df3a5abf5468	be767ec7110aff8b7868e1bccf8b0802565cd4e7	BtObjects/multimediaplayer.cpp	0fb1a717b923fa37c72f070235af9d1ad695bbc1	ef80e0e7378f4a224cf75d87290d5490f45ff665	M	parent_tree_identity	Actual retained-parent file edge; semantic conclusions are component-scoped in the companion ledger, not implied by this edge.
BtExperience	5334e4ff3c1d18cfae15438a58b4df3a5abf5468	be767ec7110aff8b7868e1bccf8b0802565cd4e7	BtObjects/test/test_multimedia_player.cpp	65a4920bc1a0ab61931b78f0331b69fa626b2265	81f381f2193990f717f99e354aa053c693048dce	M	parent_tree_identity	Actual retained-parent file edge; semantic conclusions are component-scoped in the companion ledger, not implied by this edge.
BtExperience	be767ec7110aff8b7868e1bccf8b0802565cd4e7	7d5ebf52353e65ee106e78069de86d2bde2efe3d	BtObjects/test/test_multimedia_player.cpp	242705be99dbd3ca3fe0d028763e4c7bca098785	65a4920bc1a0ab61931b78f0331b69fa626b2265	M	parent_tree_identity	Actual retained-parent file edge; semantic conclusions are component-scoped in the companion ledger, not implied by this edge.
BtExperience	7d5ebf52353e65ee106e78069de86d2bde2efe3d	9034945582a1a3c649db8fd49207e3c3962c1d39	BtObjects/multimediaplayer.cpp	b716b5b1e8338938dc4a150a6e53f7ce483c7daa	0fb1a717b923fa37c72f070235af9d1ad695bbc1	M	parent_tree_identity	Actual retained-parent file edge; semantic conclusions are component-scoped in the companion ledger, not implied by this edge.
BtExperience	7d5ebf52353e65ee106e78069de86d2bde2efe3d	9034945582a1a3c649db8fd49207e3c3962c1d39	BtObjects/test/test_multimedia_player.cpp	730ffff746a77f8108154791901edf4800b587d6	242705be99dbd3ca3fe0d028763e4c7bca098785	M	parent_tree_identity	Actual retained-parent file edge; semantic conclusions are component-scoped in the companion ledger, not implied by this edge.
BtExperience	9034945582a1a3c649db8fd49207e3c3962c1d39	cf91b0c68e7c681efab57814b5e2081c5b6d5511	BtObjects/multimediaplayer.cpp	e63849b89b2f779cc61c7b0f9bf4fb9828de915d	b716b5b1e8338938dc4a150a6e53f7ce483c7daa	M	parent_tree_identity	Actual retained-parent file edge; semantic conclusions are component-scoped in the companion ledger, not implied by this edge.
BtExperience	9034945582a1a3c649db8fd49207e3c3962c1d39	cf91b0c68e7c681efab57814b5e2081c5b6d5511	BtObjects/test/test_multimedia_player.cpp	5f095f39249e0866f6bfccafb90470a8aa71be98	730ffff746a77f8108154791901edf4800b587d6	M	parent_tree_identity	Actual retained-parent file edge; semantic conclusions are component-scoped in the companion ledger, not implied by this edge.
BtExperience	cf91b0c68e7c681efab57814b5e2081c5b6d5511	a33376dfd8d4ef689274d87b7a572f991659dcf2	BtObjects/test/test_multimedia_player.cpp	8ceb1f4eda2eb2bc3104fcdc9d3cdc8d3fe80d84	5f095f39249e0866f6bfccafb90470a8aa71be98	M	parent_tree_identity	Actual retained-parent file edge; semantic conclusions are component-scoped in the companion ledger, not implied by this edge.
BtExperience	a33376dfd8d4ef689274d87b7a572f991659dcf2	9652e92533b7653f2f3c898c42e542eab54f676b	BtObjects/multimediaplayer.cpp	7f6b06bb7b7f07e82e5487a191ed29f807043794	e63849b89b2f779cc61c7b0f9bf4fb9828de915d	M	parent_tree_identity	Actual retained-parent file edge; semantic conclusions are component-scoped in the companion ledger, not implied by this edge.
BtExperience	a33376dfd8d4ef689274d87b7a572f991659dcf2	9652e92533b7653f2f3c898c42e542eab54f676b	BtObjects/test/test_multimedia_player.cpp	cdfcf212f75c6575948771208d0f8b564d5bcec0	8ceb1f4eda2eb2bc3104fcdc9d3cdc8d3fe80d84	M	parent_tree_identity	Actual retained-parent file edge; semantic conclusions are component-scoped in the companion ledger, not implied by this edge.
BtExperience	a2b641686388f787d9ef909bd603b25f1c9778f1	9eae320b32d9572c6c2128537d671984c1085df7	BtObjects/multimediaplayer.cpp	0000000000000000000000000000000000000000	7f6b06bb7b7f07e82e5487a191ed29f807043794	A	parent_tree_identity	Actual retained-parent file edge; semantic conclusions are component-scoped in the companion ledger, not implied by this edge.
BtExperience	a2b641686388f787d9ef909bd603b25f1c9778f1	9eae320b32d9572c6c2128537d671984c1085df7	BtObjects/test/test_multimedia_player.cpp	0000000000000000000000000000000000000000	cdfcf212f75c6575948771208d0f8b564d5bcec0	A	parent_tree_identity	Actual retained-parent file edge; semantic conclusions are component-scoped in the companion ledger, not implied by this edge.
BtExperience	5442e100857b3288d4b4bd1ba27f38ce99eb23fd	eded78c2b7a3c70c8650a38126a7f989ae26690a	BtObjects/multimediaplayer.cpp	f01046555f2c9f55e0e1dfeb2623d5d1f0118bff	7f6b06bb7b7f07e82e5487a191ed29f807043794	M	parent_tree_identity	Actual retained-parent file edge; semantic conclusions are component-scoped in the companion ledger, not implied by this edge.
BtExperience	5442e100857b3288d4b4bd1ba27f38ce99eb23fd	eded78c2b7a3c70c8650a38126a7f989ae26690a	BtObjects/test/test_multimedia_player.cpp	aecb2fff51e1b11d2f263a0f5a2156af71f30c9b	cdfcf212f75c6575948771208d0f8b564d5bcec0	M	parent_tree_identity	Actual retained-parent file edge; semantic conclusions are component-scoped in the companion ledger, not implied by this edge.
BtExperience	54a0bd964dbc6769fc508e969234b1329da3405e	503f3dfa1d96b6f223737a14ea157ac0f91c4680	BtObjects/test/test_multimedia_player.cpp	931b9355bd6b7ef3982bb5c4f22c6484704d65af	aecb2fff51e1b11d2f263a0f5a2156af71f30c9b	M	parent_tree_identity	Actual retained-parent file edge; semantic conclusions are component-scoped in the companion ledger, not implied by this edge.
BtExperience	503f3dfa1d96b6f223737a14ea157ac0f91c4680	4b94c8d75d178afd3846e0d73753b8adec04f083	BtObjects/multimediaplayer.cpp	7c18863d784421c39b01de838519cc0b88220840	f01046555f2c9f55e0e1dfeb2623d5d1f0118bff	M	parent_tree_identity	Actual retained-parent file edge; semantic conclusions are component-scoped in the companion ledger, not implied by this edge.
BtExperience	4b94c8d75d178afd3846e0d73753b8adec04f083	13d95ac6ceb25f71bb4b7fc591a7e6e27d97b5fe	BtObjects/multimediaplayer.cpp	f8d8a2e47f604847396402b84c396af6f27b8d91	7c18863d784421c39b01de838519cc0b88220840	M	parent_tree_identity	Actual retained-parent file edge; semantic conclusions are component-scoped in the companion ledger, not implied by this edge.
BtExperience	4b94c8d75d178afd3846e0d73753b8adec04f083	13d95ac6ceb25f71bb4b7fc591a7e6e27d97b5fe	BtObjects/test/test_multimedia_player.cpp	ad0bf07508299ad0cab4da755878ef69669969ca	931b9355bd6b7ef3982bb5c4f22c6484704d65af	M	parent_tree_identity	Actual retained-parent file edge; semantic conclusions are component-scoped in the companion ledger, not implied by this edge.
BtExperience	13d95ac6ceb25f71bb4b7fc591a7e6e27d97b5fe	b6c23435fbc5a383d053c56e0db4a1c9aa5ece24	BtObjects/test/test_multimedia_player.cpp	04cf52380edcc7f9a9b9a41dd97e85baa1010ad5	ad0bf07508299ad0cab4da755878ef69669969ca	M	parent_tree_identity	Actual retained-parent file edge; semantic conclusions are component-scoped in the companion ledger, not implied by this edge.
BtExperience	af6ff3d76182d6c7fe90c142ae5e33ee93332c0e	b9fe7a3612f485a166b497a16c1d4c17679be7a2	BtObjects/multimediaplayer.cpp	0000000000000000000000000000000000000000	f8d8a2e47f604847396402b84c396af6f27b8d91	A	parent_tree_identity	Actual retained-parent file edge; semantic conclusions are component-scoped in the companion ledger, not implied by this edge.
BtExperience	af6ff3d76182d6c7fe90c142ae5e33ee93332c0e	b9fe7a3612f485a166b497a16c1d4c17679be7a2	BtObjects/test/test_multimedia_player.cpp	0000000000000000000000000000000000000000	04cf52380edcc7f9a9b9a41dd97e85baa1010ad5	A	parent_tree_identity	Actual retained-parent file edge; semantic conclusions are component-scoped in the companion ledger, not implied by this edge.
BtExperience	dbbb3ca03b5b0983e2940d7c5f50ead98dbe56f5	5faf20b2ffbac32be05820c7388c10295678329b	BtObjects/mediaobjects.cpp	9f9c379928506e29d48d8a0e738315ae7ec6e4c1	85dd6203e30a98c35e5e9597cbc7353b9063ac14	M	parent_tree_identity	Actual retained-parent file edge; semantic conclusions are component-scoped in the companion ledger, not implied by this edge.
BtExperience	0837ae5077105d64c3fc8d1a9714afa15d71d19e	59c19d82e99d63c2b738093503a86e10df16d9a1	BtObjects/mediaobjects.cpp	9f9c379928506e29d48d8a0e738315ae7ec6e4c1	85dd6203e30a98c35e5e9597cbc7353b9063ac14	M	parent_tree_identity	Actual retained-parent file edge; semantic conclusions are component-scoped in the companion ledger, not implied by this edge.
BtExperience	e0d40b75d63885c79225de76bc852d05149aefdc	211c033a6384fdebc51111eed76aa42f0807f94c	BtObjects/mediaobjects.cpp	06a5773c1f740cbb1e2e9e0cf679c754ad1ddbed	9f9c379928506e29d48d8a0e738315ae7ec6e4c1	M	parent_tree_identity	Actual retained-parent file edge; semantic conclusions are component-scoped in the companion ledger, not implied by this edge.
BtExperience	b385222c1eeed304da475db56ecbf122e1fd3d22	e98ef41734c5514952587fdcff6df5b0ed221222	BtObjects/mediaobjects.cpp	06a5773c1f740cbb1e2e9e0cf679c754ad1ddbed	9f9c379928506e29d48d8a0e738315ae7ec6e4c1	M	parent_tree_identity	Actual retained-parent file edge; semantic conclusions are component-scoped in the companion ledger, not implied by this edge.
BtExperience	40ac35279b08683efa40c380527c4ecf73d2773e	5657abf691fdbde70eedae159766dbc14163b04d	BtObjects/mediaobjects.cpp	06a5773c1f740cbb1e2e9e0cf679c754ad1ddbed	9f9c379928506e29d48d8a0e738315ae7ec6e4c1	M	parent_tree_identity	Actual retained-parent file edge; semantic conclusions are component-scoped in the companion ledger, not implied by this edge.
BtExperience	6c982e698997962a21239cb285f905de23c5f4b7	4240ef3002ed87812675f1e7e982d29230511f0e	BtObjects/mediaobjects.cpp	746e74139e1297cffd7c9df334f3c0bf0eaea7d9	06a5773c1f740cbb1e2e9e0cf679c754ad1ddbed	M	parent_tree_identity	Actual retained-parent file edge; semantic conclusions are component-scoped in the companion ledger, not implied by this edge.
BtExperience	6b062007971a53dd0ad9e1610cad4c339de7e9b8	0e78aca4cb9c2f30cf20f06ad0822b2825dcd8b6	BtObjects/mediaobjects.cpp	746e74139e1297cffd7c9df334f3c0bf0eaea7d9	06a5773c1f740cbb1e2e9e0cf679c754ad1ddbed	M	parent_tree_identity	Actual retained-parent file edge; semantic conclusions are component-scoped in the companion ledger, not implied by this edge.
BtExperience	86d6ceaccfd44a8b8398b9b7f7439d84217b2469	602d3325810510c7666fd937c7feda88ee09567c	BtObjects/mediaobjects.cpp	06a5773c1f740cbb1e2e9e0cf679c754ad1ddbed	746e74139e1297cffd7c9df334f3c0bf0eaea7d9	M	parent_tree_identity	Actual retained-parent file edge; semantic conclusions are component-scoped in the companion ledger, not implied by this edge.
BtExperience	0e40e6760d14dedd15ba197e6da8928701d530fa	2241bcf0f7979438e4cc8d18bbc9f5ec5fcd2635	BtObjects/mediaobjects.cpp	746e74139e1297cffd7c9df334f3c0bf0eaea7d9	06a5773c1f740cbb1e2e9e0cf679c754ad1ddbed	M	parent_tree_identity	Actual retained-parent file edge; semantic conclusions are component-scoped in the companion ledger, not implied by this edge.
BtExperience	6b3884b45bce6835bced8458f602bb3699679c83	11c36bfb1250a4e3e779af6eb4530a2fb29bb68b	BtObjects/mediaobjects.cpp	adfba7c7846e170287f42760ebfcec1a09b11de6	746e74139e1297cffd7c9df334f3c0bf0eaea7d9	M	parent_tree_identity	Actual retained-parent file edge; semantic conclusions are component-scoped in the companion ledger, not implied by this edge.
BtExperience	94e7afe7f963a27f452b8ed92579b1a6fcbe43ca	e88446fc6717f6bdf6454e8ebe99d3ed97a4f031	BtObjects/mediaobjects.cpp	adfba7c7846e170287f42760ebfcec1a09b11de6	746e74139e1297cffd7c9df334f3c0bf0eaea7d9	M	parent_tree_identity	Actual retained-parent file edge; semantic conclusions are component-scoped in the companion ledger, not implied by this edge.
BtExperience	bca9a69f442a0c996998bf463694c6eb762c6f9d	20b08947f3fbc72b1799d59298c891e8392d40ca	BtObjects/mediaobjects.cpp	c137a0cfd8944821a767fc766a072579f06a11a2	746e74139e1297cffd7c9df334f3c0bf0eaea7d9	M	parent_tree_identity	Actual retained-parent file edge; semantic conclusions are component-scoped in the companion ledger, not implied by this edge.
BtExperience	922ec6cd92a3e5ccafaf7870a3ef0bd3428b4812	73ecb82509923b53f82c4f5e5224526a228dd471	BtObjects/mediaobjects.cpp	87b1365424c9858ce3357f2f75f0ef1fef329fa8	c137a0cfd8944821a767fc766a072579f06a11a2	M	parent_tree_identity	Actual retained-parent file edge; semantic conclusions are component-scoped in the companion ledger, not implied by this edge.
BtExperience	73ecb82509923b53f82c4f5e5224526a228dd471	a2ff0f73b5e468c535e3936dd7c5a3be81dcae2d	BtObjects/mediaobjects.cpp	adfba7c7846e170287f42760ebfcec1a09b11de6	87b1365424c9858ce3357f2f75f0ef1fef329fa8	M	parent_tree_identity	Actual retained-parent file edge; semantic conclusions are component-scoped in the companion ledger, not implied by this edge.
BtExperience	4b67853c692f920c082948c17ab0f47d7fe6f96f	7a6e674f13f7416c9b6385a7b252aa77e629a605	BtObjects/mediaobjects.cpp	7de83fd3679c945ccf17889b1bdbaa9d4b635a2e	adfba7c7846e170287f42760ebfcec1a09b11de6	M	parent_tree_identity	Actual retained-parent file edge; semantic conclusions are component-scoped in the companion ledger, not implied by this edge.
BtExperience	46e9d51338b54411bc4e3709a727461bd4c208cd	2a7657411540ec5c9f6c332588faab8432b4e8a4	BtObjects/mediaobjects.cpp	7de83fd3679c945ccf17889b1bdbaa9d4b635a2e	adfba7c7846e170287f42760ebfcec1a09b11de6	M	parent_tree_identity	Actual retained-parent file edge; semantic conclusions are component-scoped in the companion ledger, not implied by this edge.
BtExperience	e564040cf666e27a43829ecf5caf4135e0d586f3	2b5454eb5d4505b5e9478edf675873b77a15ab0c	BtObjects/mediaobjects.cpp	7de83fd3679c945ccf17889b1bdbaa9d4b635a2e	adfba7c7846e170287f42760ebfcec1a09b11de6	M	parent_tree_identity	Actual retained-parent file edge; semantic conclusions are component-scoped in the companion ledger, not implied by this edge.
BtExperience	f88de636ca8d94ea35c653649d59930dea3b3156	e3a25cf05e6bfeb4270bfacb163b66a9875b95ee	BtObjects/mediaobjects.cpp	6d72cac84f96eca7db5fdf13286ccd27225b35a6	7de83fd3679c945ccf17889b1bdbaa9d4b635a2e	M	parent_tree_identity	Actual retained-parent file edge; semantic conclusions are component-scoped in the companion ledger, not implied by this edge.
BtExperience	31b7e65e717cc72c7d840a4733aa4d3f35e46433	c204c85cf5d47b1d2f3c34d5a74ceb54e51d030f	BtObjects/mediaobjects.cpp	d85c49e79b55004c6f631fd8c7ba25cf492ed2f3	7de83fd3679c945ccf17889b1bdbaa9d4b635a2e	M	parent_tree_identity	Actual retained-parent file edge; semantic conclusions are component-scoped in the companion ledger, not implied by this edge.
BtExperience	c204c85cf5d47b1d2f3c34d5a74ceb54e51d030f	04c5342c8d3dcb355c0e23ab1fa59e45c004b727	BtObjects/mediaobjects.cpp	6d72cac84f96eca7db5fdf13286ccd27225b35a6	d85c49e79b55004c6f631fd8c7ba25cf492ed2f3	M	parent_tree_identity	Actual retained-parent file edge; semantic conclusions are component-scoped in the companion ledger, not implied by this edge.
BtExperience	b1f75e4aaf8a739c76a6ad478593cda088b7183c	850ab0b5d84794b2ae6847f5eb8761c4fda8b4f1	BtObjects/mediaobjects.cpp	4316c52fda0ae14547e5736106828bc06336e4fc	6d72cac84f96eca7db5fdf13286ccd27225b35a6	M	parent_tree_identity	Actual retained-parent file edge; semantic conclusions are component-scoped in the companion ledger, not implied by this edge.
BtExperience	27639fa81e383b82f720e0b1fc53d6efc9d3d0cf	8ea140557e769c14d9b482521f156875320d12c8	BtObjects/mediaobjects.cpp	6990e82bc8ca2aa717a371fbb599fa0145ede5db	6d72cac84f96eca7db5fdf13286ccd27225b35a6	M	parent_tree_identity	Actual retained-parent file edge; semantic conclusions are component-scoped in the companion ledger, not implied by this edge.
BtExperience	8ea140557e769c14d9b482521f156875320d12c8	672963c97991987ce381ecdeba999b4e77c8d46a	BtObjects/mediaobjects.cpp	4316c52fda0ae14547e5736106828bc06336e4fc	6990e82bc8ca2aa717a371fbb599fa0145ede5db	M	parent_tree_identity	Actual retained-parent file edge; semantic conclusions are component-scoped in the companion ledger, not implied by this edge.
BtExperience	ef9f2282acf0b685e4ea5f025742b3ebee4ee6d0	aee662740e34030286925903530da389c0eb8c69	BtObjects/mediaobjects.cpp	6990e82bc8ca2aa717a371fbb599fa0145ede5db	6d72cac84f96eca7db5fdf13286ccd27225b35a6	M	parent_tree_identity	Actual retained-parent file edge; semantic conclusions are component-scoped in the companion ledger, not implied by this edge.
BtExperience	7855f75b8e77040551aaae5efbd9cabb1a32b49b	e14902d5eed6db0d213fe704a2647ed1782d25ab	BtObjects/mediaobjects.cpp	4316c52fda0ae14547e5736106828bc06336e4fc	6990e82bc8ca2aa717a371fbb599fa0145ede5db	M	parent_tree_identity	Actual retained-parent file edge; semantic conclusions are component-scoped in the companion ledger, not implied by this edge.
BtExperience	5755061fe904edf2e39f7a208f80f26960421baa	ab5a145891c547a0d052c3e69b056e6057d24c17	BtObjects/mediaobjects.cpp	80ba5759f0187b022933bf00d51b50ac1f8a4908	6990e82bc8ca2aa717a371fbb599fa0145ede5db	M	parent_tree_identity	Actual retained-parent file edge; semantic conclusions are component-scoped in the companion ledger, not implied by this edge.
BtExperience	b3e9bbed6bae8cedcc75a24032aa6458b611d683	8f0986ae2b1e235a7c84a73088442d3381ca9c17	BtObjects/mediaobjects.cpp	c749a8227f8a88d424ed5bbd3a0e65d86ee0c0c2	80ba5759f0187b022933bf00d51b50ac1f8a4908	M	parent_tree_identity	Actual retained-parent file edge; semantic conclusions are component-scoped in the companion ledger, not implied by this edge.
BtExperience	5f136f61b33248269241380206b7b3427e118fe1	8ffcb7d4210b77fdf5bfbd70a17ab2e7225e8d8e	BtObjects/mediaobjects.cpp	356868f8db2d1ef2eba07b49610449f2258a8703	c749a8227f8a88d424ed5bbd3a0e65d86ee0c0c2	M	parent_tree_identity	Actual retained-parent file edge; semantic conclusions are component-scoped in the companion ledger, not implied by this edge.
BtExperience	c91f1b3f70e6aaa85edb0553e1e968c7848d1888	54f06e858c985b6bff06a08129505bfecc0a2d4b	BtObjects/mediaobjects.cpp	1c1ea007a6b5a2d7ed03f9531a7ab34576a3aa21	356868f8db2d1ef2eba07b49610449f2258a8703	M	parent_tree_identity	Actual retained-parent file edge; semantic conclusions are component-scoped in the companion ledger, not implied by this edge.
BtExperience	54f06e858c985b6bff06a08129505bfecc0a2d4b	07bf27c612dab414ff844648ee53baa223ea4472	BtObjects/mediaobjects.cpp	7abdd4e367f219b64b919e4ea458c971c6dfb00a	1c1ea007a6b5a2d7ed03f9531a7ab34576a3aa21	M	parent_tree_identity	Actual retained-parent file edge; semantic conclusions are component-scoped in the companion ledger, not implied by this edge.
BtExperience	4a2cdb0b2e88cbc9c9506ada1970e992218bbd86	85ce82fc62a8eb6a6353342b60091d44aab84a27	BtObjects/mediaobjects.cpp	bd9417a7ed8ebb7d7f3f281122eff11aa2964e14	7abdd4e367f219b64b919e4ea458c971c6dfb00a	M	parent_tree_identity	Actual retained-parent file edge; semantic conclusions are component-scoped in the companion ledger, not implied by this edge.
BtExperience	85ce82fc62a8eb6a6353342b60091d44aab84a27	6bb8ebbe1bea4c0083e278343b5eac5502bc68a6	BtObjects/mediaobjects.cpp	4316c52fda0ae14547e5736106828bc06336e4fc	bd9417a7ed8ebb7d7f3f281122eff11aa2964e14	M	parent_tree_identity	Actual retained-parent file edge; semantic conclusions are component-scoped in the companion ledger, not implied by this edge.
BtExperience	f2ce667b691fa3947c100609a4c1e5f2795bb4de	834c35a982a479aed6e09d1b6082008655bbcdab	BtObjects/mediaobjects.cpp	734fe6ad0d09b2e52fcc3e6c712917e943ab35ca	4316c52fda0ae14547e5736106828bc06336e4fc	M	parent_tree_identity	Actual retained-parent file edge; semantic conclusions are component-scoped in the companion ledger, not implied by this edge.
BtExperience	1cd15f7ea498094d1f76cdaa4967b246b1638a2f	ff13a336571782490d8970b5431da7923f20b43a	BtObjects/mediaobjects.cpp	cfa4f3f749f95108c14667815de4a2b2201153c4	734fe6ad0d09b2e52fcc3e6c712917e943ab35ca	M	parent_tree_identity	Actual retained-parent file edge; semantic conclusions are component-scoped in the companion ledger, not implied by this edge.
BtExperience	0e035974fae09ee22f534e718daf3157c3576dd1	e23bda117499e889cb64ee9e620dcfbe9081dec3	BtObjects/mediaobjects.cpp	0b1d8ab5d2571de72b67907d242fd0a67cec067b	cfa4f3f749f95108c14667815de4a2b2201153c4	M	parent_tree_identity	Actual retained-parent file edge; semantic conclusions are component-scoped in the companion ledger, not implied by this edge.
BtExperience	fd006559b511959892ef254d41505b5f91388052	49bbc641fd36c27266e9e1f5a685f6de18220585	BtObjects/mediaobjects.cpp	0b1d8ab5d2571de72b67907d242fd0a67cec067b	cfa4f3f749f95108c14667815de4a2b2201153c4	M	parent_tree_identity	Actual retained-parent file edge; semantic conclusions are component-scoped in the companion ledger, not implied by this edge.
BtExperience	08c2bfc71c23aa72a87b9618b10525bdab9f9b2a	9f6eb1e711216e59f17c5f674801174530888e25	BtObjects/mediaobjects.cpp	a683e955decf2371df946a645b62bed5bf7c7b75	cfa4f3f749f95108c14667815de4a2b2201153c4	M	parent_tree_identity	Actual retained-parent file edge; semantic conclusions are component-scoped in the companion ledger, not implied by this edge.
BtExperience	f25f7c8ae389cac420d2630b468018bb376cc307	a7fcc62952eabea25f010f2938e909733c889984	BtObjects/mediaobjects.cpp	a683e955decf2371df946a645b62bed5bf7c7b75	cfa4f3f749f95108c14667815de4a2b2201153c4	M	parent_tree_identity	Actual retained-parent file edge; semantic conclusions are component-scoped in the companion ledger, not implied by this edge.
BtExperience	422fcf668cb2f8e3cc3dee3166b9ccde45569ba5	8477f71062ed7d6a8cecd28d2adf264b878015f4	BtObjects/mediaobjects.cpp	0b1d8ab5d2571de72b67907d242fd0a67cec067b	a683e955decf2371df946a645b62bed5bf7c7b75	M	parent_tree_identity	Actual retained-parent file edge; semantic conclusions are component-scoped in the companion ledger, not implied by this edge.
BtExperience	33ad205cd5b6f81f45df9b79d65bfc9c947de11e	90a93f0c80b3f6b7ebce37a800e9961458677f42	BtObjects/mediaobjects.cpp	0b1d8ab5d2571de72b67907d242fd0a67cec067b	a683e955decf2371df946a645b62bed5bf7c7b75	M	parent_tree_identity	Actual retained-parent file edge; semantic conclusions are component-scoped in the companion ledger, not implied by this edge.
BtExperience	dd0edc6a30b38373d0cf47d7b7ff47f2a69759ca	7a7252e79b6fd051abf8f0bb8a0a2daba1422a08	BtObjects/mediaobjects.cpp	77edb9e3a564db2a8a812f7623f75f5df1ba6edd	0b1d8ab5d2571de72b67907d242fd0a67cec067b	M	parent_tree_identity	Actual retained-parent file edge; semantic conclusions are component-scoped in the companion ledger, not implied by this edge.
BtExperience	053d05e648d7fb5acf5e03654319bcf5ba649fb0	d4ba87675b45f4d0c743a6029b36bff3ed90a8a8	BtObjects/mediaobjects.cpp	d7e8637f742159e4ac800c8443ae4ab2d8365a94	77edb9e3a564db2a8a812f7623f75f5df1ba6edd	M	parent_tree_identity	Actual retained-parent file edge; semantic conclusions are component-scoped in the companion ledger, not implied by this edge.
BtExperience	24da32b2e3d58a376e8525ad99482e89c13463cb	d636cb7673a9e4314fd3776daad7bec28b52f93d	BtObjects/mediaobjects.cpp	8abc72839f0285de6d1cb01db806bef254e6308d	77edb9e3a564db2a8a812f7623f75f5df1ba6edd	M	parent_tree_identity	Actual retained-parent file edge; semantic conclusions are component-scoped in the companion ledger, not implied by this edge.
BtExperience	60568c68f666c91f277621ad80399fedba536977	703b20ac779e0871b94d0d77be35ae4a6406eb01	BtObjects/mediaobjects.cpp	d7e8637f742159e4ac800c8443ae4ab2d8365a94	8abc72839f0285de6d1cb01db806bef254e6308d	M	parent_tree_identity	Actual retained-parent file edge; semantic conclusions are component-scoped in the companion ledger, not implied by this edge.
BtExperience	7780d31bdf8ef8c4b97ce8f2738df865176aa377	43feda80ee587805aca3266c6a02a648d4ad1fc4	BtObjects/mediaobjects.cpp	17af6984b994cf7f76caf8c7dafec30869e399fb	d7e8637f742159e4ac800c8443ae4ab2d8365a94	M	parent_tree_identity	Actual retained-parent file edge; semantic conclusions are component-scoped in the companion ledger, not implied by this edge.
BtExperience	fc8aba123f540a4227ebd8ac423a0f874f97463a	94084035ebfeecdd35c1123a8131d3204c6be374	BtObjects/mediaobjects.cpp	b56418e087055bf8fe7ade645ccfdf981fc459f3	17af6984b994cf7f76caf8c7dafec30869e399fb	M	parent_tree_identity	Actual retained-parent file edge; semantic conclusions are component-scoped in the companion ledger, not implied by this edge.
BtExperience	1f1e68724d099aca22c5ee37745b45ef95333c87	160fd4d6e1fa7e1cc3c7461b604bac81963d5762	BtObjects/mediaobjects.cpp	9fcfbaa89d87874c4cdfd1027b1c8f3de9f9aab9	b56418e087055bf8fe7ade645ccfdf981fc459f3	M	parent_tree_identity	Actual retained-parent file edge; semantic conclusions are component-scoped in the companion ledger, not implied by this edge.
BtExperience	160fd4d6e1fa7e1cc3c7461b604bac81963d5762	992397210a30979360898dfdae7fafb051d54326	BtObjects/mediaobjects.cpp	e66839969614168e70532bfe6d7bf72d9d593c97	9fcfbaa89d87874c4cdfd1027b1c8f3de9f9aab9	M	parent_tree_identity	Actual retained-parent file edge; semantic conclusions are component-scoped in the companion ledger, not implied by this edge.
BtExperience	992397210a30979360898dfdae7fafb051d54326	9bdbf8e9f619e8a2a65a7e8681701064c1593520	BtObjects/mediaobjects.cpp	5224d4b32b42004c0adffbab5d26860de1ffa0fe	e66839969614168e70532bfe6d7bf72d9d593c97	M	parent_tree_identity	Actual retained-parent file edge; semantic conclusions are component-scoped in the companion ledger, not implied by this edge.
BtExperience	9bdbf8e9f619e8a2a65a7e8681701064c1593520	be8a8e85e378883bd70024c590e391959531475f	BtObjects/mediaobjects.cpp	5c04303d9404fd6086b721c2ba35bb102800ab18	5224d4b32b42004c0adffbab5d26860de1ffa0fe	M	parent_tree_identity	Actual retained-parent file edge; semantic conclusions are component-scoped in the companion ledger, not implied by this edge.
BtExperience	be8a8e85e378883bd70024c590e391959531475f	3c8227e0d2eb1ae942a41e7f6bec17cdb77d6ba6	BtObjects/mediaobjects.cpp	0000000000000000000000000000000000000000	5c04303d9404fd6086b721c2ba35bb102800ab18	A	parent_tree_identity	Actual retained-parent file edge; semantic conclusions are component-scoped in the companion ledger, not implied by this edge.
libqtcommon	2db0f1b7259ef79e70145fda9c1b1a6e5133dceb	dc834cd273d39d088c9a2a6f9cb1fe1144099249	mediaplayer.cpp	2aeb1fc877af5167de59b32ee2b000409b099585	e7e31fb489a3e7ad347c0d8ef219a071ce65d19c	M	parent_tree_identity	Actual retained-parent file edge; semantic conclusions are component-scoped in the companion ledger, not implied by this edge.
libqtcommon	dc834cd273d39d088c9a2a6f9cb1fe1144099249	9317bc3a54defe4a60697c995a26c8fa70d4bf1c	mediaplayer.cpp	c0b262b1c449646439a6528400cfc2e314f33d58	2aeb1fc877af5167de59b32ee2b000409b099585	M	parent_tree_identity	Actual retained-parent file edge; semantic conclusions are component-scoped in the companion ledger, not implied by this edge.
libqtcommon	cc2ff33e128cb04c8a628b99f25fe4d35dbb9b31	1ab1b5a7252861c88854fd09825c64976ba0a385	mediaplayer.cpp	e7e5f06962bc52b4c83e1e3fc59e84c7a6b0a18e	c0b262b1c449646439a6528400cfc2e314f33d58	M	parent_tree_identity	Actual retained-parent file edge; semantic conclusions are component-scoped in the companion ledger, not implied by this edge.
libqtcommon	782bf6dee9433e5a2d0f4a0a5002825f9e149b02	04b75edbd74a7198628deb24dad4fbcf66397022	mediaplayer.cpp	f12abc1c909442019d7ca63470a715dfe7ab9a07	e7e5f06962bc52b4c83e1e3fc59e84c7a6b0a18e	M	parent_tree_identity	Actual retained-parent file edge; semantic conclusions are component-scoped in the companion ledger, not implied by this edge.
libqtcommon	fdac1d3518119704beb3d2e99be13c287f9b2762	85278ce00fe129d7b6fdcf3b7fec28e0c63974e5	mediaplayer.cpp	657bb01abb6181ba893f1cef6672121743b3bc71	f12abc1c909442019d7ca63470a715dfe7ab9a07	M	parent_tree_identity	Actual retained-parent file edge; semantic conclusions are component-scoped in the companion ledger, not implied by this edge.
libqtcommon	85278ce00fe129d7b6fdcf3b7fec28e0c63974e5	338bf571b33a5607f254327c67db572c25835bb5	mediaplayer.cpp	ce834f6865109eed74a31dd4514fd7d45654e4d7	657bb01abb6181ba893f1cef6672121743b3bc71	M	parent_tree_identity	Actual retained-parent file edge; semantic conclusions are component-scoped in the companion ledger, not implied by this edge.
libqtcommon	338bf571b33a5607f254327c67db572c25835bb5	34ab2ecb57f865ff1e115e0049424136dd33992c	mediaplayer.cpp	60f0062d96ba4aeb73b3d0fc892b111f33105aff	ce834f6865109eed74a31dd4514fd7d45654e4d7	M	parent_tree_identity	Actual retained-parent file edge; semantic conclusions are component-scoped in the companion ledger, not implied by this edge.
libqtcommon	67486453755b79821fc3e06940cb2b6e40fc6cb6	5e312570da8cb95151812be4592b42425c7ac66a	list_manager.cpp	c935b06bf6b1824d4af00244f01e480fe2e0b5fc	b38a1f09e9b8ed9e15425fdc279185275ea55fd0	M	parent_tree_identity	Actual retained-parent file edge; semantic conclusions are component-scoped in the companion ledger, not implied by this edge.
libqtcommon	db74d55eb4d884cccfa3e237ad3639c36f049976	4a76ed2c843581ed3790dac61a5908d7ea5e3b32	mediaplayer.cpp	e84cb05965819d6a6c10224619017d43c5f323f3	60f0062d96ba4aeb73b3d0fc892b111f33105aff	M	parent_tree_identity	Actual retained-parent file edge; semantic conclusions are component-scoped in the companion ledger, not implied by this edge.
libqtcommon	75ea551e987c4ecd4267e76487423b19249cf132	ab769bdbbe0f45c89177130dca4c38f08be6d5b1	mediaplayer.cpp	e84cb05965819d6a6c10224619017d43c5f323f3	60f0062d96ba4aeb73b3d0fc892b111f33105aff	M	parent_tree_identity	Actual retained-parent file edge; semantic conclusions are component-scoped in the companion ledger, not implied by this edge.
libqtcommon	4a76ed2c843581ed3790dac61a5908d7ea5e3b32	e991ed39a6941a16dca746026545b17291554d6a	mediaplayer.cpp	09b2cc03a8e963d75f3f70e63c3e33682a1b644f	e84cb05965819d6a6c10224619017d43c5f323f3	M	parent_tree_identity	Actual retained-parent file edge; semantic conclusions are component-scoped in the companion ledger, not implied by this edge.
libqtcommon	ab769bdbbe0f45c89177130dca4c38f08be6d5b1	1fbc2d561f15936b5fa86066329d9f6e649a8416	mediaplayer.cpp	09b2cc03a8e963d75f3f70e63c3e33682a1b644f	e84cb05965819d6a6c10224619017d43c5f323f3	M	parent_tree_identity	Actual retained-parent file edge; semantic conclusions are component-scoped in the companion ledger, not implied by this edge.
libqtcommon	e991ed39a6941a16dca746026545b17291554d6a	d9aa199b596c868588b0710c3684daf2b74141a3	list_manager.cpp	1cebfc4d36529cf3c57b93221a250e04534dbe1e	c935b06bf6b1824d4af00244f01e480fe2e0b5fc	M	parent_tree_identity	Actual retained-parent file edge; semantic conclusions are component-scoped in the companion ledger, not implied by this edge.
libqtcommon	d9aa199b596c868588b0710c3684daf2b74141a3	1a9114800a268f493719c1a41594741cb4b6a260	mediaplayer.cpp	0d091fb1c4abe98e0bcd2da3a4338d66c8135e48	09b2cc03a8e963d75f3f70e63c3e33682a1b644f	M	parent_tree_identity	Actual retained-parent file edge; semantic conclusions are component-scoped in the companion ledger, not implied by this edge.
libqtcommon	1a9114800a268f493719c1a41594741cb4b6a260	4ec84ca318659affe491249f2f29608310a0c965	mediaplayer.cpp	da5b209faccda2baca2e8fbac1f676de02d02c0f	0d091fb1c4abe98e0bcd2da3a4338d66c8135e48	M	parent_tree_identity	Actual retained-parent file edge; semantic conclusions are component-scoped in the companion ledger, not implied by this edge.
libqtcommon	c8e38a21c0d194433444856df376edd592956ef4	15469f4137fd9d3ab8b000ae6c5aeafd85e4a625	mediaplayer.cpp	c5e716c9258f910a609eeb20af53f1201caa5260	da5b209faccda2baca2e8fbac1f676de02d02c0f	M	parent_tree_identity	Actual retained-parent file edge; semantic conclusions are component-scoped in the companion ledger, not implied by this edge.
libqtcommon	15469f4137fd9d3ab8b000ae6c5aeafd85e4a625	546b619ad118a4d31b0e52ae3c119a70a99307bf	mediaplayer.cpp	a7de9d15fd6392d8016d7389d257d81b402dcbae	c5e716c9258f910a609eeb20af53f1201caa5260	M	parent_tree_identity	Actual retained-parent file edge; semantic conclusions are component-scoped in the companion ledger, not implied by this edge.
libqtcommon	0f54c6daf5b8c8fab8238a2ed6f0a5d66ca86c08	616e0d805c9d8684b228b564a628d71188d6af47	list_manager.cpp	e4a75ae259e6c033fbb935a1d5b4b598b1fa484d	1cebfc4d36529cf3c57b93221a250e04534dbe1e	M	parent_tree_identity	Actual retained-parent file edge; semantic conclusions are component-scoped in the companion ledger, not implied by this edge.
libqtcommon	53a2bb9376b15b7771e0d7fb008c4bcccf95dce0	07b2da14499014ac09e9b620feab1fd62f1c1194	mediaplayer.cpp	7e892a9193988ccee5148b69f7d9f69c05594d7a	a7de9d15fd6392d8016d7389d257d81b402dcbae	M	parent_tree_identity	Actual retained-parent file edge; semantic conclusions are component-scoped in the companion ledger, not implied by this edge.
libqtcommon	07b2da14499014ac09e9b620feab1fd62f1c1194	b4a09a716752c684b638f30500e2ad59efe149c8	mediaplayer.cpp	c65cad06c8180f8432e17d20d76ab015e91c994d	7e892a9193988ccee5148b69f7d9f69c05594d7a	M	parent_tree_identity	Actual retained-parent file edge; semantic conclusions are component-scoped in the companion ledger, not implied by this edge.
libqtcommon	b4a09a716752c684b638f30500e2ad59efe149c8	bea652adb03c2f8a3b5d5df8dff76a0ba68b4791	mediaplayer.cpp	22d3e012bdf0acfbfcd47b886eeb643eb4bbe0eb	c65cad06c8180f8432e17d20d76ab015e91c994d	M	parent_tree_identity	Actual retained-parent file edge; semantic conclusions are component-scoped in the companion ledger, not implied by this edge.
libqtcommon	bea652adb03c2f8a3b5d5df8dff76a0ba68b4791	e1fe2fe7afd616feae8870fa42493eae8415adae	mediaplayer.cpp	7abf34edda64846a291ec9f2eeb618131ef51404	22d3e012bdf0acfbfcd47b886eeb643eb4bbe0eb	M	parent_tree_identity	Actual retained-parent file edge; semantic conclusions are component-scoped in the companion ledger, not implied by this edge.
libqtcommon	e1fe2fe7afd616feae8870fa42493eae8415adae	8af7072b403b532169448c5094a1ab611b4910fe	mediaplayer.cpp	fee33c2843b6fa8f80d04fb4391c5f0105986443	7abf34edda64846a291ec9f2eeb618131ef51404	M	parent_tree_identity	Actual retained-parent file edge; semantic conclusions are component-scoped in the companion ledger, not implied by this edge.
libqtcommon	8af7072b403b532169448c5094a1ab611b4910fe	feb4ac86880082c94ef22faf5aacbf82923d3d65	mediaplayer.cpp	9e2f7b11bf6a1951e73c53d89e84c02167c37f5d	fee33c2843b6fa8f80d04fb4391c5f0105986443	M	parent_tree_identity	Actual retained-parent file edge; semantic conclusions are component-scoped in the companion ledger, not implied by this edge.
libqtcommon	feb4ac86880082c94ef22faf5aacbf82923d3d65	568c738ae526240aabcf6a789bcaf0e1e3be3589	mediaplayer.cpp	481e192f612a18eb804560d0d77e8f07fb59a43f	9e2f7b11bf6a1951e73c53d89e84c02167c37f5d	M	parent_tree_identity	Actual retained-parent file edge; semantic conclusions are component-scoped in the companion ledger, not implied by this edge.
libqtcommon	568c738ae526240aabcf6a789bcaf0e1e3be3589	db65910045782a1f87dd4ea26a570e1eba0608ee	mediaplayer.cpp	ab18a1960ecf775d12b059fbf36de3564a3c1fb1	481e192f612a18eb804560d0d77e8f07fb59a43f	M	parent_tree_identity	Actual retained-parent file edge; semantic conclusions are component-scoped in the companion ledger, not implied by this edge.
libqtcommon	e501fd27c8b519740a6ba9e5578ea9687e4ff0f6	475fb1f45022ea5f07db8b304651458aad9f5dbb	mediaplayer.cpp	f079e0af5a41724dd39230eabec670147f50f7d0	ab18a1960ecf775d12b059fbf36de3564a3c1fb1	M	parent_tree_identity	Actual retained-parent file edge; semantic conclusions are component-scoped in the companion ledger, not implied by this edge.
libqtcommon	f6fb6390f47c3560d4393e73fa1554df124b3551	18ae2b8269d59b465f0e19e76eebe13bd849146e	mediaplayer.cpp	1cd92574c2dc0b13c87c4bb248f53c6fde984475	f079e0af5a41724dd39230eabec670147f50f7d0	M	parent_tree_identity	Actual retained-parent file edge; semantic conclusions are component-scoped in the companion ledger, not implied by this edge.
libqtcommon	ff44d8039d809572581b1b3afa4b5c8cf68db059	9681952cdcf735d174feeb884c9454209b257568	mediaplayer.cpp	c44fe7adf9791ce302be515082d5fddec19f89c6	1cd92574c2dc0b13c87c4bb248f53c6fde984475	M	parent_tree_identity	Actual retained-parent file edge; semantic conclusions are component-scoped in the companion ledger, not implied by this edge.
libqtcommon	9681952cdcf735d174feeb884c9454209b257568	5bf0551e8506105c56a2bd35fb0b3f3968853dbc	mediaplayer.cpp	405212b779e97dfe6a023e706ee112aabcaa0428	c44fe7adf9791ce302be515082d5fddec19f89c6	M	parent_tree_identity	Actual retained-parent file edge; semantic conclusions are component-scoped in the companion ledger, not implied by this edge.
libqtcommon	5bf0551e8506105c56a2bd35fb0b3f3968853dbc	9a48ce3e892c57d88a823472ee6207ec84705659	mediaplayer.cpp	aa2a01641936b0c1bc62b67629bbad7f44f5b053	405212b779e97dfe6a023e706ee112aabcaa0428	M	parent_tree_identity	Actual retained-parent file edge; semantic conclusions are component-scoped in the companion ledger, not implied by this edge.
libqtcommon	9a48ce3e892c57d88a823472ee6207ec84705659	27fa273d3f84399804eaeb82225ab45162b3452c	mediaplayer.cpp	e30db7ed45615ca7a3db460979235d18b3b52def	aa2a01641936b0c1bc62b67629bbad7f44f5b053	M	parent_tree_identity	Actual retained-parent file edge; semantic conclusions are component-scoped in the companion ledger, not implied by this edge.
libqtcommon	27fa273d3f84399804eaeb82225ab45162b3452c	1d289702b64868c683b2581cb53682a8bf6e47e7	mediaplayer.cpp	e470b099c570328d4dd3f3a6a2da86aed7f91716	e30db7ed45615ca7a3db460979235d18b3b52def	M	parent_tree_identity	Actual retained-parent file edge; semantic conclusions are component-scoped in the companion ledger, not implied by this edge.
libqtcommon	1d289702b64868c683b2581cb53682a8bf6e47e7	302f27f1bd2479964e537ae6c34acd6c7da44eac	list_manager.cpp	0000000000000000000000000000000000000000	e4a75ae259e6c033fbb935a1d5b4b598b1fa484d	A	parent_tree_identity	Actual retained-parent file edge; semantic conclusions are component-scoped in the companion ledger, not implied by this edge.
libqtcommon	3932bf2d05bb0e1d4dd16b8b81956b93c1aa1a50	f503aa623c87d593106737e027ca5f4b40959b15	mediaplayer.cpp	e403a4dc1c1d27c5b2d217f12072f26f41f3dbbb	e470b099c570328d4dd3f3a6a2da86aed7f91716	M	parent_tree_identity	Actual retained-parent file edge; semantic conclusions are component-scoped in the companion ledger, not implied by this edge.
libqtcommon	378418d89db821753a9f1512a8638443c62d27e7	f503aa623c87d593106737e027ca5f4b40959b15	mediaplayer.cpp	e403a4dc1c1d27c5b2d217f12072f26f41f3dbbb	e470b099c570328d4dd3f3a6a2da86aed7f91716	M	parent_tree_identity	Actual retained-parent file edge; semantic conclusions are component-scoped in the companion ledger, not implied by this edge.
libqtcommon	14ebc569692557e5bfe206aeedbc9abf4eae7474	3b6c594536d9cc4e8864fdb40d50a2561340ade4	mediaplayer.cpp	e403a4dc1c1d27c5b2d217f12072f26f41f3dbbb	e470b099c570328d4dd3f3a6a2da86aed7f91716	M	parent_tree_identity	Actual retained-parent file edge; semantic conclusions are component-scoped in the companion ledger, not implied by this edge.
libqtcommon	91fb83ababfe26681e92676ce330c9cb23aa5cc2	3b6c594536d9cc4e8864fdb40d50a2561340ade4	mediaplayer.cpp	e403a4dc1c1d27c5b2d217f12072f26f41f3dbbb	e470b099c570328d4dd3f3a6a2da86aed7f91716	M	parent_tree_identity	Actual retained-parent file edge; semantic conclusions are component-scoped in the companion ledger, not implied by this edge.
libqtcommon	0e74e0fa2035395f5f8cd3add31b4a36cbcf9eba	3b6c594536d9cc4e8864fdb40d50a2561340ade4	mediaplayer.cpp	e403a4dc1c1d27c5b2d217f12072f26f41f3dbbb	e470b099c570328d4dd3f3a6a2da86aed7f91716	M	parent_tree_identity	Actual retained-parent file edge; semantic conclusions are component-scoped in the companion ledger, not implied by this edge.
libqtcommon	c26e69c30c1a760ff64dd0a898c950fd43da4868	3b6c594536d9cc4e8864fdb40d50a2561340ade4	mediaplayer.cpp	e403a4dc1c1d27c5b2d217f12072f26f41f3dbbb	e470b099c570328d4dd3f3a6a2da86aed7f91716	M	parent_tree_identity	Actual retained-parent file edge; semantic conclusions are component-scoped in the companion ledger, not implied by this edge.
libqtcommon	47a4920d9724e4f740769a59626b50b0e19e5170	3b6c594536d9cc4e8864fdb40d50a2561340ade4	mediaplayer.cpp	e403a4dc1c1d27c5b2d217f12072f26f41f3dbbb	e470b099c570328d4dd3f3a6a2da86aed7f91716	M	parent_tree_identity	Actual retained-parent file edge; semantic conclusions are component-scoped in the companion ledger, not implied by this edge.
libqtcommon	790292b819ab56cc4d03ee346ea618d5d2c9d799	62fe5da91d31878c806cf6a77bab50a65b350d4f	mediaplayer.cpp	e403a4dc1c1d27c5b2d217f12072f26f41f3dbbb	e470b099c570328d4dd3f3a6a2da86aed7f91716	M	parent_tree_identity	Actual retained-parent file edge; semantic conclusions are component-scoped in the companion ledger, not implied by this edge.
libqtcommon	e828d9f81d70badda6503e837b4b686fd6877f03	62fe5da91d31878c806cf6a77bab50a65b350d4f	mediaplayer.cpp	e403a4dc1c1d27c5b2d217f12072f26f41f3dbbb	e470b099c570328d4dd3f3a6a2da86aed7f91716	M	parent_tree_identity	Actual retained-parent file edge; semantic conclusions are component-scoped in the companion ledger, not implied by this edge.
libqtcommon	319bec20379bc3352e6beefe0e5761143136b48c	321284224a5c0b978251a904f605971718f63a21	mediaplayer.cpp	e403a4dc1c1d27c5b2d217f12072f26f41f3dbbb	e470b099c570328d4dd3f3a6a2da86aed7f91716	M	parent_tree_identity	Actual retained-parent file edge; semantic conclusions are component-scoped in the companion ledger, not implied by this edge.
libqtcommon	a7bae8d20f59deb84e75d06dd840dd2be0878fbf	f581b5ffd0e9fa7a5896e80a8af62ff7d3f284e8	mediaplayer.cpp	e403a4dc1c1d27c5b2d217f12072f26f41f3dbbb	e470b099c570328d4dd3f3a6a2da86aed7f91716	M	parent_tree_identity	Actual retained-parent file edge; semantic conclusions are component-scoped in the companion ledger, not implied by this edge.
libqtcommon	b28a1581c014b4eaa047d1eb43854baa1a51982c	76d49e9b6b43852d7820dcd747c3ae7836088353	mediaplayer.cpp	e403a4dc1c1d27c5b2d217f12072f26f41f3dbbb	e470b099c570328d4dd3f3a6a2da86aed7f91716	M	parent_tree_identity	Actual retained-parent file edge; semantic conclusions are component-scoped in the companion ledger, not implied by this edge.
libqtcommon	65d4ab5471ea302fee008a5aad9d598e8639074e	2ce237c3112aa43c35bc59d68c92b443633f3599	mediaplayer.cpp	e403a4dc1c1d27c5b2d217f12072f26f41f3dbbb	e470b099c570328d4dd3f3a6a2da86aed7f91716	M	parent_tree_identity	Actual retained-parent file edge; semantic conclusions are component-scoped in the companion ledger, not implied by this edge.
libqtcommon	8b02e9a35b9896b9a5b5d79b7681c1a7fdf54185	6012f92eda5f0e67bf54b94cc9aaefeefeb5da54	mediaplayer.cpp	e403a4dc1c1d27c5b2d217f12072f26f41f3dbbb	e470b099c570328d4dd3f3a6a2da86aed7f91716	M	parent_tree_identity	Actual retained-parent file edge; semantic conclusions are component-scoped in the companion ledger, not implied by this edge.
libqtcommon	08494c37687a19faf168f8b97270577b7f03eae7	6012f92eda5f0e67bf54b94cc9aaefeefeb5da54	mediaplayer.cpp	e403a4dc1c1d27c5b2d217f12072f26f41f3dbbb	e470b099c570328d4dd3f3a6a2da86aed7f91716	M	parent_tree_identity	Actual retained-parent file edge; semantic conclusions are component-scoped in the companion ledger, not implied by this edge.
libqtcommon	da334456c6e5566bb90231ec6bcd3782f1f418fa	6012f92eda5f0e67bf54b94cc9aaefeefeb5da54	mediaplayer.cpp	e403a4dc1c1d27c5b2d217f12072f26f41f3dbbb	e470b099c570328d4dd3f3a6a2da86aed7f91716	M	parent_tree_identity	Actual retained-parent file edge; semantic conclusions are component-scoped in the companion ledger, not implied by this edge.
libqtcommon	17f23b1bb2a084efd34649c538f855430fdc7970	9aec4b6257564fb0c1ed9dd141c5a7e5326b676c	mediaplayer.cpp	e403a4dc1c1d27c5b2d217f12072f26f41f3dbbb	e470b099c570328d4dd3f3a6a2da86aed7f91716	M	parent_tree_identity	Actual retained-parent file edge; semantic conclusions are component-scoped in the companion ledger, not implied by this edge.
libqtcommon	7098f441eb3153d0160ac835d9c65cdf90d0aa47	8126f976f8fd64f2f11d40dbecf0cd5eb3481d03	mediaplayer.cpp	fc3492962c30a29c4120c5b1d00f56f1c6f4e220	e403a4dc1c1d27c5b2d217f12072f26f41f3dbbb	M	parent_tree_identity	Actual retained-parent file edge; semantic conclusions are component-scoped in the companion ledger, not implied by this edge.
libqtcommon	8306b6d73d88abc995541dcb19eba41586999b1d	8126f976f8fd64f2f11d40dbecf0cd5eb3481d03	mediaplayer.cpp	fc3492962c30a29c4120c5b1d00f56f1c6f4e220	e403a4dc1c1d27c5b2d217f12072f26f41f3dbbb	M	parent_tree_identity	Actual retained-parent file edge; semantic conclusions are component-scoped in the companion ledger, not implied by this edge.
libqtcommon	f93e04709a4aa17c58a13ff2a5224975de70404b	8126f976f8fd64f2f11d40dbecf0cd5eb3481d03	mediaplayer.cpp	fc3492962c30a29c4120c5b1d00f56f1c6f4e220	e403a4dc1c1d27c5b2d217f12072f26f41f3dbbb	M	parent_tree_identity	Actual retained-parent file edge; semantic conclusions are component-scoped in the companion ledger, not implied by this edge.
libqtcommon	4e0662dfd48481ec24b9f89168ce3a5ee82840a2	8126f976f8fd64f2f11d40dbecf0cd5eb3481d03	mediaplayer.cpp	fc3492962c30a29c4120c5b1d00f56f1c6f4e220	e403a4dc1c1d27c5b2d217f12072f26f41f3dbbb	M	parent_tree_identity	Actual retained-parent file edge; semantic conclusions are component-scoped in the companion ledger, not implied by this edge.
libqtcommon	c84d802f21a2a967d0be38e0ab8c0da345072eca	2e25cc451600d908d7df5fbd7872fae09030d3c7	mediaplayer.cpp	fc3492962c30a29c4120c5b1d00f56f1c6f4e220	e403a4dc1c1d27c5b2d217f12072f26f41f3dbbb	M	parent_tree_identity	Actual retained-parent file edge; semantic conclusions are component-scoped in the companion ledger, not implied by this edge.
libqtcommon	84ba386eb93a3ca3f18c7350e7b490df0d8e76a9	2e25cc451600d908d7df5fbd7872fae09030d3c7	mediaplayer.cpp	fc3492962c30a29c4120c5b1d00f56f1c6f4e220	e403a4dc1c1d27c5b2d217f12072f26f41f3dbbb	M	parent_tree_identity	Actual retained-parent file edge; semantic conclusions are component-scoped in the companion ledger, not implied by this edge.
libqtcommon	658d57a3c6eb7bd9d7e91d8c62650894c5b96680	1d67fddd23ebdd494681dcfc1ffc086cd0d4cf6d	mediaplayer.cpp	fc3492962c30a29c4120c5b1d00f56f1c6f4e220	e403a4dc1c1d27c5b2d217f12072f26f41f3dbbb	M	parent_tree_identity	Actual retained-parent file edge; semantic conclusions are component-scoped in the companion ledger, not implied by this edge.
libqtcommon	285c34e81da52bdbec682d4828dbb75f9ec71f35	1d67fddd23ebdd494681dcfc1ffc086cd0d4cf6d	mediaplayer.cpp	fc3492962c30a29c4120c5b1d00f56f1c6f4e220	e403a4dc1c1d27c5b2d217f12072f26f41f3dbbb	M	parent_tree_identity	Actual retained-parent file edge; semantic conclusions are component-scoped in the companion ledger, not implied by this edge.
libqtcommon	d828f5aa06b90ebf2da728a1c0c48cd893ff02d0	1d67fddd23ebdd494681dcfc1ffc086cd0d4cf6d	mediaplayer.cpp	fc3492962c30a29c4120c5b1d00f56f1c6f4e220	e403a4dc1c1d27c5b2d217f12072f26f41f3dbbb	M	parent_tree_identity	Actual retained-parent file edge; semantic conclusions are component-scoped in the companion ledger, not implied by this edge.
libqtcommon	bcd7444729353c9fc98da3b1e9f4946437a4e845	1d67fddd23ebdd494681dcfc1ffc086cd0d4cf6d	mediaplayer.cpp	fc3492962c30a29c4120c5b1d00f56f1c6f4e220	e403a4dc1c1d27c5b2d217f12072f26f41f3dbbb	M	parent_tree_identity	Actual retained-parent file edge; semantic conclusions are component-scoped in the companion ledger, not implied by this edge.
libqtcommon	26d52febeb0c24d8c24bcadef764fea2d8fdf830	1d67fddd23ebdd494681dcfc1ffc086cd0d4cf6d	mediaplayer.cpp	fc3492962c30a29c4120c5b1d00f56f1c6f4e220	e403a4dc1c1d27c5b2d217f12072f26f41f3dbbb	M	parent_tree_identity	Actual retained-parent file edge; semantic conclusions are component-scoped in the companion ledger, not implied by this edge.
libqtcommon	b45b704c3e802ba30519cb17fd318cf1914fea99	1d67fddd23ebdd494681dcfc1ffc086cd0d4cf6d	mediaplayer.cpp	fc3492962c30a29c4120c5b1d00f56f1c6f4e220	e403a4dc1c1d27c5b2d217f12072f26f41f3dbbb	M	parent_tree_identity	Actual retained-parent file edge; semantic conclusions are component-scoped in the companion ledger, not implied by this edge.
libqtcommon	d0e5f05b569d4567c7b49e8d97ccf4664de8b3ce	1d67fddd23ebdd494681dcfc1ffc086cd0d4cf6d	mediaplayer.cpp	fc3492962c30a29c4120c5b1d00f56f1c6f4e220	e403a4dc1c1d27c5b2d217f12072f26f41f3dbbb	M	parent_tree_identity	Actual retained-parent file edge; semantic conclusions are component-scoped in the companion ledger, not implied by this edge.
libqtcommon	d5a68411cfca958e193b42368c99798cd9fa85c4	94e3bd7410bff32588533de0ec681fa1057367fe	mediaplayer.cpp	fc3492962c30a29c4120c5b1d00f56f1c6f4e220	e403a4dc1c1d27c5b2d217f12072f26f41f3dbbb	M	parent_tree_identity	Actual retained-parent file edge; semantic conclusions are component-scoped in the companion ledger, not implied by this edge.
libqtcommon	acdf53237de8db867b5f1c3f1f3f81b241a10931	94e3bd7410bff32588533de0ec681fa1057367fe	mediaplayer.cpp	fc3492962c30a29c4120c5b1d00f56f1c6f4e220	e403a4dc1c1d27c5b2d217f12072f26f41f3dbbb	M	parent_tree_identity	Actual retained-parent file edge; semantic conclusions are component-scoped in the companion ledger, not implied by this edge.
libqtcommon	14710aba237a9c1f83fe54de3bc7cef5a87ffb57	dfd8a04af72fd9a1ba0c9deba7dfa8372bbf27b5	mediaplayer.cpp	4a7214cfc486d101c315242423f69698df2b0682	e403a4dc1c1d27c5b2d217f12072f26f41f3dbbb	M	parent_tree_identity	Actual retained-parent file edge; semantic conclusions are component-scoped in the companion ledger, not implied by this edge.
libqtcommon	5b1fe226da47db82d8531889f1221f8a633bbfbf	d94c793394637f745a434b3571bbc330772bfa40	mediaplayer.cpp	4a7214cfc486d101c315242423f69698df2b0682	e403a4dc1c1d27c5b2d217f12072f26f41f3dbbb	M	parent_tree_identity	Actual retained-parent file edge; semantic conclusions are component-scoped in the companion ledger, not implied by this edge.
libqtcommon	5b1fe226da47db82d8531889f1221f8a633bbfbf	9a4bb6ef19127b9292ed62894df8094e2f628ee8	mediaplayer.cpp	fc3492962c30a29c4120c5b1d00f56f1c6f4e220	e403a4dc1c1d27c5b2d217f12072f26f41f3dbbb	M	parent_tree_identity	Actual retained-parent file edge; semantic conclusions are component-scoped in the companion ledger, not implied by this edge.
libqtcommon	e488b2644f6491d3c21837ad323a3a88fe23c95c	9e0866575c178bdf0c0071f9cf7be1b6c1c4076e	mediaplayer.cpp	092b81c33917205ab7ee708df0f751e10f51b39f	fc3492962c30a29c4120c5b1d00f56f1c6f4e220	M	parent_tree_identity	Actual retained-parent file edge; semantic conclusions are component-scoped in the companion ledger, not implied by this edge.
libqtcommon	174f4aeafe9690006460b8fbb74256a6b649be5e	9e0866575c178bdf0c0071f9cf7be1b6c1c4076e	mediaplayer.cpp	092b81c33917205ab7ee708df0f751e10f51b39f	fc3492962c30a29c4120c5b1d00f56f1c6f4e220	M	parent_tree_identity	Actual retained-parent file edge; semantic conclusions are component-scoped in the companion ledger, not implied by this edge.
libqtcommon	4f02bfd1d9b156c63e89bdc921574755c883a036	9e0866575c178bdf0c0071f9cf7be1b6c1c4076e	mediaplayer.cpp	092b81c33917205ab7ee708df0f751e10f51b39f	4a7214cfc486d101c315242423f69698df2b0682	M	parent_tree_identity	Actual retained-parent file edge; semantic conclusions are component-scoped in the companion ledger, not implied by this edge.
libqtcommon	72f4615d992b6741b4cd08c7ab8a854b5cab164a	3b76c700bb157aa36548804d4523501dce956c14	mediaplayer.cpp	092b81c33917205ab7ee708df0f751e10f51b39f	4a7214cfc486d101c315242423f69698df2b0682	M	parent_tree_identity	Actual retained-parent file edge; semantic conclusions are component-scoped in the companion ledger, not implied by this edge.
libqtcommon	72e70b397c19d6495333f43347e426cdc6e45041	4daaaa1516670bc07c1835d4fe2d3eabe40bd4a1	mediaplayer.cpp	092b81c33917205ab7ee708df0f751e10f51b39f	4a7214cfc486d101c315242423f69698df2b0682	M	parent_tree_identity	Actual retained-parent file edge; semantic conclusions are component-scoped in the companion ledger, not implied by this edge.
libqtcommon	dbc36f8cef56d3b929aee0ff177c12a1ccdd279d	b2f14313e504fc2b1a94316514bcc23d63776a96	mediaplayer.cpp	092b81c33917205ab7ee708df0f751e10f51b39f	4a7214cfc486d101c315242423f69698df2b0682	M	parent_tree_identity	Actual retained-parent file edge; semantic conclusions are component-scoped in the companion ledger, not implied by this edge.
libqtcommon	e4d1b24af194407201114be8f49978cce0860c89	b2f14313e504fc2b1a94316514bcc23d63776a96	mediaplayer.cpp	092b81c33917205ab7ee708df0f751e10f51b39f	4a7214cfc486d101c315242423f69698df2b0682	M	parent_tree_identity	Actual retained-parent file edge; semantic conclusions are component-scoped in the companion ledger, not implied by this edge.
libqtcommon	db202ba3be081673d230812727307167132422be	b2f14313e504fc2b1a94316514bcc23d63776a96	mediaplayer.cpp	092b81c33917205ab7ee708df0f751e10f51b39f	4a7214cfc486d101c315242423f69698df2b0682	M	parent_tree_identity	Actual retained-parent file edge; semantic conclusions are component-scoped in the companion ledger, not implied by this edge.
libqtcommon	be3b3dd3942628c48134e606f4848e18328b2779	b2f14313e504fc2b1a94316514bcc23d63776a96	mediaplayer.cpp	092b81c33917205ab7ee708df0f751e10f51b39f	4a7214cfc486d101c315242423f69698df2b0682	M	parent_tree_identity	Actual retained-parent file edge; semantic conclusions are component-scoped in the companion ledger, not implied by this edge.
libqtcommon	b605dde931829e47fd03f9a17ae917f45e0798b0	4d6bacebf5c7f751a95e0fedba175d42079a5e24	mediaplayer.cpp	092b81c33917205ab7ee708df0f751e10f51b39f	4a7214cfc486d101c315242423f69698df2b0682	M	parent_tree_identity	Actual retained-parent file edge; semantic conclusions are component-scoped in the companion ledger, not implied by this edge.
libqtcommon	8d7de3ca2947fa80946b462814c4bc4574c45ea9	4d6bacebf5c7f751a95e0fedba175d42079a5e24	mediaplayer.cpp	092b81c33917205ab7ee708df0f751e10f51b39f	4a7214cfc486d101c315242423f69698df2b0682	M	parent_tree_identity	Actual retained-parent file edge; semantic conclusions are component-scoped in the companion ledger, not implied by this edge.
libqtcommon	2a847f8b44af0973980e1bc333bf98aa650342eb	4d6bacebf5c7f751a95e0fedba175d42079a5e24	mediaplayer.cpp	092b81c33917205ab7ee708df0f751e10f51b39f	4a7214cfc486d101c315242423f69698df2b0682	M	parent_tree_identity	Actual retained-parent file edge; semantic conclusions are component-scoped in the companion ledger, not implied by this edge.
libqtcommon	98e7568da3f97e8ddf87e1f60098603e0adf2751	84587713c18325a2f8603d984fc1d6ef5349af34	mediaplayer.cpp	092b81c33917205ab7ee708df0f751e10f51b39f	4a7214cfc486d101c315242423f69698df2b0682	M	parent_tree_identity	Actual retained-parent file edge; semantic conclusions are component-scoped in the companion ledger, not implied by this edge.
libqtcommon	16e07de781b02ed468dde8127fb1f18848fa0047	da571f0b77fbd9c4aeba538d21ab09e9a8f40c6f	mediaplayer.cpp	092b81c33917205ab7ee708df0f751e10f51b39f	4a7214cfc486d101c315242423f69698df2b0682	M	parent_tree_identity	Actual retained-parent file edge; semantic conclusions are component-scoped in the companion ledger, not implied by this edge.
libqtcommon	a9f9bb24aed99fd81318bf6f2f68cdfc499c2998	423885964b567e5b574504ead9f22f784577b643	mediaplayer.cpp	092b81c33917205ab7ee708df0f751e10f51b39f	4a7214cfc486d101c315242423f69698df2b0682	M	parent_tree_identity	Actual retained-parent file edge; semantic conclusions are component-scoped in the companion ledger, not implied by this edge.
libqtcommon	5209f1469be664289539fe6e9b00b4ed1bbca0a3	5a3b8a0f6ecfb82d72b9a2c811bd3b1d31a5013a	mediaplayer.cpp	d5d7d4bbc07f41c24975b7c74d713daaab111083	092b81c33917205ab7ee708df0f751e10f51b39f	M	parent_tree_identity	Actual retained-parent file edge; semantic conclusions are component-scoped in the companion ledger, not implied by this edge.
libqtcommon	f6ca6938c0bd1903dfd43461ff398f76d981ea50	5a3b8a0f6ecfb82d72b9a2c811bd3b1d31a5013a	mediaplayer.cpp	d5d7d4bbc07f41c24975b7c74d713daaab111083	092b81c33917205ab7ee708df0f751e10f51b39f	M	parent_tree_identity	Actual retained-parent file edge; semantic conclusions are component-scoped in the companion ledger, not implied by this edge.
libqtcommon	606f86d8a60acb91f473c37538d85f26d491ce1d	5c0df8c31f0c77b5ac55231e4a2484187d309fe0	mediaplayer.cpp	d5d7d4bbc07f41c24975b7c74d713daaab111083	092b81c33917205ab7ee708df0f751e10f51b39f	M	parent_tree_identity	Actual retained-parent file edge; semantic conclusions are component-scoped in the companion ledger, not implied by this edge.
libqtcommon	4f7c6b97c226ee75e2da0eff7d6b879380da3235	1377c86113fadb8b20a6df2cd228ff73a6550758	mediaplayer.cpp	d5d7d4bbc07f41c24975b7c74d713daaab111083	092b81c33917205ab7ee708df0f751e10f51b39f	M	parent_tree_identity	Actual retained-parent file edge; semantic conclusions are component-scoped in the companion ledger, not implied by this edge.
libqtcommon	a16006022922b5b65249274f3047a988efac38be	e4f2b25bfea94161b2b25430be1ac6454c20f50b	mediaplayer.cpp	99acc135a64ec75e8274fb32263a0e422f17dc5d	d5d7d4bbc07f41c24975b7c74d713daaab111083	M	parent_tree_identity	Actual retained-parent file edge; semantic conclusions are component-scoped in the companion ledger, not implied by this edge.
libqtcommon	1d680290539342d7ef5017afdf6b539cdeac34e9	b9cf7702ad03e882a23a8deefeb953b9b5535fad	mediaplayer.cpp	99acc135a64ec75e8274fb32263a0e422f17dc5d	d5d7d4bbc07f41c24975b7c74d713daaab111083	M	parent_tree_identity	Actual retained-parent file edge; semantic conclusions are component-scoped in the companion ledger, not implied by this edge.
libqtcommon	aabd79f7ce768892ea8e0213551f5aae82b89d66	430e187d510f6ad98f2f945d3bb445343f36a6ef	mediaplayer.cpp	0244cc680d513b9dbc54f716f17cbf87546b0ef1	99acc135a64ec75e8274fb32263a0e422f17dc5d	M	parent_tree_identity	Actual retained-parent file edge; semantic conclusions are component-scoped in the companion ledger, not implied by this edge.
libqtcommon	13f45f146686df016a6688cc536915c0a541d7db	f421a13808a9840ad4adb25c0a1d565c66a93e8b	mediaplayer.cpp	f24f24fa86e29a3d3b0efc15230977ebc0d16a94	99acc135a64ec75e8274fb32263a0e422f17dc5d	M	parent_tree_identity	Actual retained-parent file edge; semantic conclusions are component-scoped in the companion ledger, not implied by this edge.
libqtcommon	f421a13808a9840ad4adb25c0a1d565c66a93e8b	85c4fd70d321fbc17d24b41a77d267e33f474ce5	mediaplayer.cpp	75a102f3f077d30f7d1a9371fadc302209be3743	f24f24fa86e29a3d3b0efc15230977ebc0d16a94	M	parent_tree_identity	Actual retained-parent file edge; semantic conclusions are component-scoped in the companion ledger, not implied by this edge.
libqtcommon	85c4fd70d321fbc17d24b41a77d267e33f474ce5	a0d63b1c7d59004242f98be402343c712f6224fc	mediaplayer.cpp	0244cc680d513b9dbc54f716f17cbf87546b0ef1	75a102f3f077d30f7d1a9371fadc302209be3743	M	parent_tree_identity	Actual retained-parent file edge; semantic conclusions are component-scoped in the companion ledger, not implied by this edge.
libqtcommon	430e187d510f6ad98f2f945d3bb445343f36a6ef	63a0dd1e1529a4dce91c74c9c3ab7ab280695483	mediaplayer.cpp	c5d1ca7ac83b1027d86c5a3798729ebc7cbed19d	0244cc680d513b9dbc54f716f17cbf87546b0ef1	M	parent_tree_identity	Actual retained-parent file edge; semantic conclusions are component-scoped in the companion ledger, not implied by this edge.
libqtcommon	a0d63b1c7d59004242f98be402343c712f6224fc	00f3563efc20383fc996d5126d6fee0b7726d231	mediaplayer.cpp	c5d1ca7ac83b1027d86c5a3798729ebc7cbed19d	0244cc680d513b9dbc54f716f17cbf87546b0ef1	M	parent_tree_identity	Actual retained-parent file edge; semantic conclusions are component-scoped in the companion ledger, not implied by this edge.
libqtcommon	00f3563efc20383fc996d5126d6fee0b7726d231	a3642ad8e39d7e306ce4dfe0ea05392209012605	mediaplayer.cpp	767a4b9e3d9e163551927a3c1cbe2e8a62c6247c	c5d1ca7ac83b1027d86c5a3798729ebc7cbed19d	M	parent_tree_identity	Actual retained-parent file edge; semantic conclusions are component-scoped in the companion ledger, not implied by this edge.
libqtcommon	f4ce3d527dec24f9464b6f11dad881f22e809a79	a3642ad8e39d7e306ce4dfe0ea05392209012605	mediaplayer.cpp	767a4b9e3d9e163551927a3c1cbe2e8a62c6247c	c5d1ca7ac83b1027d86c5a3798729ebc7cbed19d	M	parent_tree_identity	Actual retained-parent file edge; semantic conclusions are component-scoped in the companion ledger, not implied by this edge.
libqtcommon	a3642ad8e39d7e306ce4dfe0ea05392209012605	9c630c67608072bd30315a61ff4f40c6a644aff5	mediaplayer.cpp	3b05f600fd8a66c329157d58b76ca16d3b4aa0ea	767a4b9e3d9e163551927a3c1cbe2e8a62c6247c	M	parent_tree_identity	Actual retained-parent file edge; semantic conclusions are component-scoped in the companion ledger, not implied by this edge.
libqtcommon	9c630c67608072bd30315a61ff4f40c6a644aff5	b1755a8508a022e849db78018008ea5d323dc2e5	mediaplayer.cpp	2f44eaf7b02c1c79a818472a5b6a6a515f684dfd	3b05f600fd8a66c329157d58b76ca16d3b4aa0ea	M	parent_tree_identity	Actual retained-parent file edge; semantic conclusions are component-scoped in the companion ledger, not implied by this edge.
libqtcommon	b1755a8508a022e849db78018008ea5d323dc2e5	0ce8f4f886f5f5104361dccdcd82bbeb287d4f53	mediaplayer.cpp	829124023863377525687b835ce21322c92c6aac	2f44eaf7b02c1c79a818472a5b6a6a515f684dfd	M	parent_tree_identity	Actual retained-parent file edge; semantic conclusions are component-scoped in the companion ledger, not implied by this edge.
libqtcommon	eca83d479809d57bfc53f7234f49a9588101a069	261ab82def2e09e94d82b500fc16090096c768e9	mediaplayer.cpp	e429cf983be876db82340fce09100ae5031b6a39	829124023863377525687b835ce21322c92c6aac	M	parent_tree_identity	Actual retained-parent file edge; semantic conclusions are component-scoped in the companion ledger, not implied by this edge.
libqtcommon	261ab82def2e09e94d82b500fc16090096c768e9	bdd4d87d7f222e0e65a1c333cfa7082b21c9c74e	mediaplayer.cpp	0ae20da3ca59c3915a5227a8a0a3753b3c1f722b	e429cf983be876db82340fce09100ae5031b6a39	M	parent_tree_identity	Actual retained-parent file edge; semantic conclusions are component-scoped in the companion ledger, not implied by this edge.
libqtcommon	6cf0b8a63c02fb239c64aea67e977f316bcd5eb0	37e8aad5ea1daa09a0724c44b2ee65c3fa9cda8b	mediaplayer.cpp	f1fe9b03edefec2692fe408602fb9068490931b9	0ae20da3ca59c3915a5227a8a0a3753b3c1f722b	M	parent_tree_identity	Actual retained-parent file edge; semantic conclusions are component-scoped in the companion ledger, not implied by this edge.
libqtcommon	993fa0e8d949d0dc4c06a1eda806289ebe73fb7a	37e8aad5ea1daa09a0724c44b2ee65c3fa9cda8b	mediaplayer.cpp	f1fe9b03edefec2692fe408602fb9068490931b9	0ae20da3ca59c3915a5227a8a0a3753b3c1f722b	M	parent_tree_identity	Actual retained-parent file edge; semantic conclusions are component-scoped in the companion ledger, not implied by this edge.
libqtcommon	37e8aad5ea1daa09a0724c44b2ee65c3fa9cda8b	f6f36b1e36868deb4b04bd977f1aa5f5927ac75a	mediaplayer.cpp	c2931e942286c0666bedea531a11d15887c1d099	f1fe9b03edefec2692fe408602fb9068490931b9	M	parent_tree_identity	Actual retained-parent file edge; semantic conclusions are component-scoped in the companion ledger, not implied by this edge.
libqtcommon	f6f36b1e36868deb4b04bd977f1aa5f5927ac75a	e1b47b7a4aef0db88f1febc2f57bbedb0b597528	mediaplayer.cpp	92c2c961917d9b3be00978a37f128ffeb3cc31d9	c2931e942286c0666bedea531a11d15887c1d099	M	parent_tree_identity	Actual retained-parent file edge; semantic conclusions are component-scoped in the companion ledger, not implied by this edge.
libqtcommon	e1b47b7a4aef0db88f1febc2f57bbedb0b597528	6dca34b80ed1574469757be4ce99a97ff5113b04	mediaplayer.cpp	24b93c302f3a5d705020634570289d56a87867de	92c2c961917d9b3be00978a37f128ffeb3cc31d9	M	parent_tree_identity	Actual retained-parent file edge; semantic conclusions are component-scoped in the companion ledger, not implied by this edge.
libqtcommon	6dca34b80ed1574469757be4ce99a97ff5113b04	735e00859ad0b5463f1bb7e347e780eb956ba73b	mediaplayer.cpp	0a0b425e94c1e4d9d968edf7d8b9ab0e1a408768	24b93c302f3a5d705020634570289d56a87867de	M	parent_tree_identity	Actual retained-parent file edge; semantic conclusions are component-scoped in the companion ledger, not implied by this edge.
libqtcommon	cb6b5c637bff14d18946428974ee681ab835f984	08f4e55396aae2cd756dbbf5edcc66f9d37838a5	mediaplayer.cpp	ff76f6950cbcfa006ddc11273762609dd35e4754	0a0b425e94c1e4d9d968edf7d8b9ab0e1a408768	M	parent_tree_identity	Actual retained-parent file edge; semantic conclusions are component-scoped in the companion ledger, not implied by this edge.
libqtcommon	375bab1795d95941660a269048eedb24b43938d4	e53f998ca3a3153d2d592c21b8676d849b783f99	mediaplayer.cpp	e10c2dae53b56a9e8e6ba9922e5b63df4845d355	0a0b425e94c1e4d9d968edf7d8b9ab0e1a408768	M	parent_tree_identity	Actual retained-parent file edge; semantic conclusions are component-scoped in the companion ledger, not implied by this edge.
libqtcommon	5b83db6adba43fb7473b9cdd17f29d9559aa3734	213ed689bde231143838dc71c2628c4643c7826b	mediaplayer.cpp	e10c2dae53b56a9e8e6ba9922e5b63df4845d355	0a0b425e94c1e4d9d968edf7d8b9ab0e1a408768	M	parent_tree_identity	Actual retained-parent file edge; semantic conclusions are component-scoped in the companion ledger, not implied by this edge.
libqtcommon	213ed689bde231143838dc71c2628c4643c7826b	08f4e55396aae2cd756dbbf5edcc66f9d37838a5	mediaplayer.cpp	ff76f6950cbcfa006ddc11273762609dd35e4754	e10c2dae53b56a9e8e6ba9922e5b63df4845d355	M	parent_tree_identity	Actual retained-parent file edge; semantic conclusions are component-scoped in the companion ledger, not implied by this edge.
libqtcommon	aaf90e5cfb3a79b48e618d95807e45ca72cba9c6	08f4e55396aae2cd756dbbf5edcc66f9d37838a5	mediaplayer.cpp	ff76f6950cbcfa006ddc11273762609dd35e4754	e10c2dae53b56a9e8e6ba9922e5b63df4845d355	M	parent_tree_identity	Actual retained-parent file edge; semantic conclusions are component-scoped in the companion ledger, not implied by this edge.
libqtcommon	47ab2d163a96b29584946fe46470e27ba7e9dd43	de378569c7da2bcef7fb8d20d2c382eb4774dc5b	mediaplayer.cpp	49d44e5d61854256213af65e7a128d1dafad68fd	e10c2dae53b56a9e8e6ba9922e5b63df4845d355	M	parent_tree_identity	Actual retained-parent file edge; semantic conclusions are component-scoped in the companion ledger, not implied by this edge.
libqtcommon	458709875012532ddc39f5a90b47df74e729bda8	06290beb4079d7a96d6be7b8c6607abca067ce22	mediaplayer.cpp	49d44e5d61854256213af65e7a128d1dafad68fd	e10c2dae53b56a9e8e6ba9922e5b63df4845d355	M	parent_tree_identity	Actual retained-parent file edge; semantic conclusions are component-scoped in the companion ledger, not implied by this edge.
libqtcommon	15aab365efaaccdd68df2d23aeca166128af3b5f	02da6ac7e54626ebaf672540ca297c43093c03ef	mediaplayer.cpp	3bd47a73e24f992a863850177a99233121279242	e10c2dae53b56a9e8e6ba9922e5b63df4845d355	M	parent_tree_identity	Actual retained-parent file edge; semantic conclusions are component-scoped in the companion ledger, not implied by this edge.
libqtcommon	02da6ac7e54626ebaf672540ca297c43093c03ef	096753ee9799376a3e83c54b5a782e369987dd84	mediaplayer.cpp	49d44e5d61854256213af65e7a128d1dafad68fd	3bd47a73e24f992a863850177a99233121279242	M	parent_tree_identity	Actual retained-parent file edge; semantic conclusions are component-scoped in the companion ledger, not implied by this edge.
libqtcommon	425a67a0bb907904308f7e241ebdc0a3d476f81a	9724a1eb8ba9ffa9a356450c2fd08f1c6fcd6e29	mediaplayer.cpp	c1c49eb8bdd9b951615f5cc392fc0e56ebb4b164	49d44e5d61854256213af65e7a128d1dafad68fd	M	parent_tree_identity	Actual retained-parent file edge; semantic conclusions are component-scoped in the companion ledger, not implied by this edge.
libqtcommon	f05108641c7e9e8deb89735334c21a4d638dc3d6	9bdb4cb907db5bb04c55f240ba71d715657e073b	mediaplayer.cpp	c1c49eb8bdd9b951615f5cc392fc0e56ebb4b164	49d44e5d61854256213af65e7a128d1dafad68fd	M	parent_tree_identity	Actual retained-parent file edge; semantic conclusions are component-scoped in the companion ledger, not implied by this edge.
libqtcommon	cec1c38eee8af78d49eb5e697a78fecf8a7b9e22	9724a1eb8ba9ffa9a356450c2fd08f1c6fcd6e29	mediaplayer.cpp	c1c49eb8bdd9b951615f5cc392fc0e56ebb4b164	49d44e5d61854256213af65e7a128d1dafad68fd	M	parent_tree_identity	Actual retained-parent file edge; semantic conclusions are component-scoped in the companion ledger, not implied by this edge.
libqtcommon	7c69f3f5a671a1d162e26ab5748c1ebcaba0e7e4	f85d2a9be660e4302f4b3d4a94fb2f8f08272517	mediaplayer.cpp	ef68101769405661978fe7bfa118542979d5b76c	c1c49eb8bdd9b951615f5cc392fc0e56ebb4b164	M	parent_tree_identity	Actual retained-parent file edge; semantic conclusions are component-scoped in the companion ledger, not implied by this edge.
libqtcommon	dcd2b9f4f26f41f26bb03b75764e1b1f6488c59c	a3c42c1701236fe0c34b943ebebc1a2053ddb57f	mediaplayer.cpp	ef68101769405661978fe7bfa118542979d5b76c	c1c49eb8bdd9b951615f5cc392fc0e56ebb4b164	M	parent_tree_identity	Actual retained-parent file edge; semantic conclusions are component-scoped in the companion ledger, not implied by this edge.
libqtcommon	0b54e4ff978cf165589286217b13380fbb6a011e	f091e8174db1a656450dfb876194cdf665f6bc6c	mediaplayer.cpp	5c538dc679f1ca23873ea2e6832699fd74830e96	c1c49eb8bdd9b951615f5cc392fc0e56ebb4b164	M	parent_tree_identity	Actual retained-parent file edge; semantic conclusions are component-scoped in the companion ledger, not implied by this edge.
libqtcommon	f091e8174db1a656450dfb876194cdf665f6bc6c	c5936ec9ecabe2585d9dfdfd08333e784722901c	mediaplayer.cpp	ef68101769405661978fe7bfa118542979d5b76c	5c538dc679f1ca23873ea2e6832699fd74830e96	M	parent_tree_identity	Actual retained-parent file edge; semantic conclusions are component-scoped in the companion ledger, not implied by this edge.
libqtcommon	8ba4ca58be11e8ea501f84a66f0e60cd549e1745	88911758d8b2b2b17cf4b5ae4537cf4a5ab9fe20	mediaplayer.cpp	e8f1369098e16793e587c90c7e6a9df3cb057e3a	ef68101769405661978fe7bfa118542979d5b76c	M	parent_tree_identity	Actual retained-parent file edge; semantic conclusions are component-scoped in the companion ledger, not implied by this edge.
libqtcommon	04ca7ba2e8563c6837c955b7287325d7773808f1	88911758d8b2b2b17cf4b5ae4537cf4a5ab9fe20	mediaplayer.cpp	e8f1369098e16793e587c90c7e6a9df3cb057e3a	ef68101769405661978fe7bfa118542979d5b76c	M	parent_tree_identity	Actual retained-parent file edge; semantic conclusions are component-scoped in the companion ledger, not implied by this edge.
libqtcommon	286b922d30574001880136b64c7dd7969ede4e5b	88911758d8b2b2b17cf4b5ae4537cf4a5ab9fe20	mediaplayer.cpp	e8f1369098e16793e587c90c7e6a9df3cb057e3a	ef68101769405661978fe7bfa118542979d5b76c	M	parent_tree_identity	Actual retained-parent file edge; semantic conclusions are component-scoped in the companion ledger, not implied by this edge.
libqtcommon	88911758d8b2b2b17cf4b5ae4537cf4a5ab9fe20	e5d2ee1adb628f5a9c4bfc76d14a5ac7e0fcf83d	mediaplayer.cpp	438151c33ea069ec50feea74e9d2579d22818259	e8f1369098e16793e587c90c7e6a9df3cb057e3a	M	parent_tree_identity	Actual retained-parent file edge; semantic conclusions are component-scoped in the companion ledger, not implied by this edge.
libqtcommon	88911758d8b2b2b17cf4b5ae4537cf4a5ab9fe20	78a5a1a828403f67c2fb714134a13526edc85abb	mediaplayer.cpp	79451fd4245e098a6fae914f665706c151adddfa	e8f1369098e16793e587c90c7e6a9df3cb057e3a	M	parent_tree_identity	Actual retained-parent file edge; semantic conclusions are component-scoped in the companion ledger, not implied by this edge.
libqtcommon	78a5a1a828403f67c2fb714134a13526edc85abb	5edfe1afb04e9a3f7a4bb089234a33b9030de4ff	mediaplayer.cpp	491a79b6a847bd3ab20400f28c60cf69955323bf	79451fd4245e098a6fae914f665706c151adddfa	M	parent_tree_identity	Actual retained-parent file edge; semantic conclusions are component-scoped in the companion ledger, not implied by this edge.
libqtcommon	78a5a1a828403f67c2fb714134a13526edc85abb	e510620ddfc2fa7d4b46e4bb2b0d563f2a363957	mediaplayer.cpp	55f33934103dab17d72e27f6408a9eda6e3c79d2	79451fd4245e098a6fae914f665706c151adddfa	M	parent_tree_identity	Actual retained-parent file edge; semantic conclusions are component-scoped in the companion ledger, not implied by this edge.
libqtcommon	5edfe1afb04e9a3f7a4bb089234a33b9030de4ff	139dd0d1ac263f15f76dd60a042e7c40bd874968	mediaplayer.cpp	fdb434fca6ed6765a935c4c2c20436a305ee0ea4	491a79b6a847bd3ab20400f28c60cf69955323bf	M	parent_tree_identity	Actual retained-parent file edge; semantic conclusions are component-scoped in the companion ledger, not implied by this edge.
libqtcommon	e5d2ee1adb628f5a9c4bfc76d14a5ac7e0fcf83d	352c108ae7717ffe685f746f4a64cc842bbbc46e	mediaplayer.cpp	55f33934103dab17d72e27f6408a9eda6e3c79d2	438151c33ea069ec50feea74e9d2579d22818259	M	parent_tree_identity	Actual retained-parent file edge; semantic conclusions are component-scoped in the companion ledger, not implied by this edge.
libqtcommon	352c108ae7717ffe685f746f4a64cc842bbbc46e	a8e6489ef7abcfd0fe0fab42ca0352532958123f	mediaplayer.cpp	fdb434fca6ed6765a935c4c2c20436a305ee0ea4	55f33934103dab17d72e27f6408a9eda6e3c79d2	M	parent_tree_identity	Actual retained-parent file edge; semantic conclusions are component-scoped in the companion ledger, not implied by this edge.
libqtcommon	eb7b6d2672dd1fd6c6e4c2f5f870be16878654f2	2733418cfe2b99d6487158ed03fb67006590fc53	mediaplayer.cpp	ff76f6950cbcfa006ddc11273762609dd35e4754	fdb434fca6ed6765a935c4c2c20436a305ee0ea4	M	parent_tree_identity	Actual retained-parent file edge; semantic conclusions are component-scoped in the companion ledger, not implied by this edge.
libqtcommon	9941eadaaecb9351930cdc4b23fa80a75ff23465	1c4307ed10976246418951ecd37268b34b61754f	mediaplayer.cpp	08ce318b558e5ce6e83025f7502d2f64e7fd5eb3	fdb434fca6ed6765a935c4c2c20436a305ee0ea4	M	parent_tree_identity	Actual retained-parent file edge; semantic conclusions are component-scoped in the companion ledger, not implied by this edge.
libqtcommon	1093d1c6779485e460473859a35cbfce8a48e005	2733418cfe2b99d6487158ed03fb67006590fc53	mediaplayer.cpp	ff76f6950cbcfa006ddc11273762609dd35e4754	fdb434fca6ed6765a935c4c2c20436a305ee0ea4	M	parent_tree_identity	Actual retained-parent file edge; semantic conclusions are component-scoped in the companion ledger, not implied by this edge.
libqtcommon	7ce789dc9ce2f5ef44cb78e9cbf1423a7644df13	1c4307ed10976246418951ecd37268b34b61754f	mediaplayer.cpp	08ce318b558e5ce6e83025f7502d2f64e7fd5eb3	fdb434fca6ed6765a935c4c2c20436a305ee0ea4	M	parent_tree_identity	Actual retained-parent file edge; semantic conclusions are component-scoped in the companion ledger, not implied by this edge.
libqtcommon	4aa8a9a4c0ffa5bff16b070ba6418fdd488241d9	1c4307ed10976246418951ecd37268b34b61754f	mediaplayer.cpp	08ce318b558e5ce6e83025f7502d2f64e7fd5eb3	fdb434fca6ed6765a935c4c2c20436a305ee0ea4	M	parent_tree_identity	Actual retained-parent file edge; semantic conclusions are component-scoped in the companion ledger, not implied by this edge.
libqtcommon	1c4307ed10976246418951ecd37268b34b61754f	33e89b4c167eda0cd6bb26c5e59ff6c156779091	mediaplayer.cpp	ff76f6950cbcfa006ddc11273762609dd35e4754	08ce318b558e5ce6e83025f7502d2f64e7fd5eb3	M	parent_tree_identity	Actual retained-parent file edge; semantic conclusions are component-scoped in the companion ledger, not implied by this edge.
libqtcommon	175a3247dd16551d4480c0a96b8fa0ec03f0e63a	33e89b4c167eda0cd6bb26c5e59ff6c156779091	mediaplayer.cpp	ff76f6950cbcfa006ddc11273762609dd35e4754	08ce318b558e5ce6e83025f7502d2f64e7fd5eb3	M	parent_tree_identity	Actual retained-parent file edge; semantic conclusions are component-scoped in the companion ledger, not implied by this edge.
libqtcommon	0b39653fea3dc86f7ec70df70fffff45e87f0d4c	87208c90bbc4c155926ea4433067eebd81ad5172	mediaplayer.cpp	9d513257b78cde24ef5e3af9bc131ddde6796f05	08ce318b558e5ce6e83025f7502d2f64e7fd5eb3	M	parent_tree_identity	Actual retained-parent file edge; semantic conclusions are component-scoped in the companion ledger, not implied by this edge.
libqtcommon	87208c90bbc4c155926ea4433067eebd81ad5172	59f8871bf90ced06efc53ad7a8019910c438c1b0	mediaplayer.cpp	433d2984b1efbec37c4c6af5c7ae26bdb5dfa8ff	9d513257b78cde24ef5e3af9bc131ddde6796f05	M	parent_tree_identity	Actual retained-parent file edge; semantic conclusions are component-scoped in the companion ledger, not implied by this edge.
libqtcommon	59f8871bf90ced06efc53ad7a8019910c438c1b0	f726841055dc1e95f6471ebef2f809655acc4bdf	mediaplayer.cpp	78ea882870b5d4f7eda90a573c4176a3699424bf	433d2984b1efbec37c4c6af5c7ae26bdb5dfa8ff	M	parent_tree_identity	Actual retained-parent file edge; semantic conclusions are component-scoped in the companion ledger, not implied by this edge.
libqtcommon	c6d9e7a16748898afb91d4d08b7f972289d10776	8f2f2691cd0e196658ac795f7ae86eb5a289da8e	mediaplayer.cpp	665978d7ed743980eacf35c9408a731e6cb5db86	78ea882870b5d4f7eda90a573c4176a3699424bf	M	parent_tree_identity	Actual retained-parent file edge; semantic conclusions are component-scoped in the companion ledger, not implied by this edge.
libqtcommon	0b9b7cc8e8c5bf1d1ca1937aec22b4e6c8810d2d	7cfd094fcdee872b45647b0b777efae45615e85d	mediaplayer.cpp	665978d7ed743980eacf35c9408a731e6cb5db86	78ea882870b5d4f7eda90a573c4176a3699424bf	M	parent_tree_identity	Actual retained-parent file edge; semantic conclusions are component-scoped in the companion ledger, not implied by this edge.
libqtcommon	8d674e9ff42dda2242ca6d0951b58f5e8d5232b8	424458ac57d5a3255a0c8341d91c5ee5dd3f17f4	mediaplayer.cpp	ff76f6950cbcfa006ddc11273762609dd35e4754	665978d7ed743980eacf35c9408a731e6cb5db86	M	parent_tree_identity	Actual retained-parent file edge; semantic conclusions are component-scoped in the companion ledger, not implied by this edge.
libqtcommon	f5383b0785e6c60e6185c676d03f176381c3bb1e	cddfe060383fb4d401716ab7074f2ba7324bca0e	mediaplayer.cpp	ff76f6950cbcfa006ddc11273762609dd35e4754	665978d7ed743980eacf35c9408a731e6cb5db86	M	parent_tree_identity	Actual retained-parent file edge; semantic conclusions are component-scoped in the companion ledger, not implied by this edge.
libqtcommon	a356351a0c3cc75d03435d30dc1fbbc36dfd24fc	3a4e40c048ef6e62391699a732069ffd95b19aa4	mediaplayer.cpp	ff76f6950cbcfa006ddc11273762609dd35e4754	665978d7ed743980eacf35c9408a731e6cb5db86	M	parent_tree_identity	Actual retained-parent file edge; semantic conclusions are component-scoped in the companion ledger, not implied by this edge.
libqtcommon	ea69dcf2268bab34943df54de4020326f0dfdb57	7b117c734f69fc438cd6f8cff963828e7eeac1f6	mediaplayer.cpp	ff76f6950cbcfa006ddc11273762609dd35e4754	665978d7ed743980eacf35c9408a731e6cb5db86	M	parent_tree_identity	Actual retained-parent file edge; semantic conclusions are component-scoped in the companion ledger, not implied by this edge.
libqtcommon	6e8f655412c63a3087cedbfaf4805402f8060186	f0e14b3e1af0fb4c2317c42bab7337f2d5e7890e	mediaplayer.cpp	ff76f6950cbcfa006ddc11273762609dd35e4754	665978d7ed743980eacf35c9408a731e6cb5db86	M	parent_tree_identity	Actual retained-parent file edge; semantic conclusions are component-scoped in the companion ledger, not implied by this edge.
libqtcommon	649bb25ffdd204489507bfb0400a82c792701e36	3793c4a69f3ae579dd957765512e89d3b84d35e7	mediaplayer.cpp	ff76f6950cbcfa006ddc11273762609dd35e4754	665978d7ed743980eacf35c9408a731e6cb5db86	M	parent_tree_identity	Actual retained-parent file edge; semantic conclusions are component-scoped in the companion ledger, not implied by this edge.
libqtcommon	b933a2cf667c3eaa9043724fb69fe2a0fd1f9a4f	3793c4a69f3ae579dd957765512e89d3b84d35e7	mediaplayer.cpp	ff76f6950cbcfa006ddc11273762609dd35e4754	665978d7ed743980eacf35c9408a731e6cb5db86	M	parent_tree_identity	Actual retained-parent file edge; semantic conclusions are component-scoped in the companion ledger, not implied by this edge.
libqtcommon	37f26f15a8944d9a6445839c6d4d4f8032f705ac	f7885c96c2735da8e9afb87ea9790baa71679784	mediaplayer.cpp	51e11ddba667b5b42295bcc7d58e69585c98e87b	665978d7ed743980eacf35c9408a731e6cb5db86	M	parent_tree_identity	Actual retained-parent file edge; semantic conclusions are component-scoped in the companion ledger, not implied by this edge.
libqtcommon	37470a82913842d186a93d5efb6b013eef1fde34	3793c4a69f3ae579dd957765512e89d3b84d35e7	mediaplayer.cpp	ff76f6950cbcfa006ddc11273762609dd35e4754	665978d7ed743980eacf35c9408a731e6cb5db86	M	parent_tree_identity	Actual retained-parent file edge; semantic conclusions are component-scoped in the companion ledger, not implied by this edge.
libqtcommon	78f3048adefbd2d3e39ca0bfe21128e9bdc351d9	1570c85e801cd711b36e19eede652c985c44ff71	mediaplayer.cpp	ff76f6950cbcfa006ddc11273762609dd35e4754	665978d7ed743980eacf35c9408a731e6cb5db86	M	parent_tree_identity	Actual retained-parent file edge; semantic conclusions are component-scoped in the companion ledger, not implied by this edge.
libqtcommon	443f52a20fe94234e087e1527e287bc2628fed02	ce9354dd668ec7214afce682d20d7f51430d9448	mediaplayer.cpp	ff76f6950cbcfa006ddc11273762609dd35e4754	665978d7ed743980eacf35c9408a731e6cb5db86	M	parent_tree_identity	Actual retained-parent file edge; semantic conclusions are component-scoped in the companion ledger, not implied by this edge.
libqtcommon	87f6642a75fd144597fd9f541b5ad96107b0d91a	b449cf930924b81e461ce461c85ff234cba6565e	mediaplayer.cpp	ea85041dab7183a3d315c8dd83a57c7805ebd99f	665978d7ed743980eacf35c9408a731e6cb5db86	M	parent_tree_identity	Actual retained-parent file edge; semantic conclusions are component-scoped in the companion ledger, not implied by this edge.
libqtcommon	05d639595eca3cea5235070ecee53c42204e49a9	ce9354dd668ec7214afce682d20d7f51430d9448	mediaplayer.cpp	ff76f6950cbcfa006ddc11273762609dd35e4754	665978d7ed743980eacf35c9408a731e6cb5db86	M	parent_tree_identity	Actual retained-parent file edge; semantic conclusions are component-scoped in the companion ledger, not implied by this edge.
libqtcommon	e67adc1ce9a5515089a747435130f71c678373c0	5062edca58f664010955de9196b2763218d1320f	mediaplayer.cpp	ff76f6950cbcfa006ddc11273762609dd35e4754	665978d7ed743980eacf35c9408a731e6cb5db86	M	parent_tree_identity	Actual retained-parent file edge; semantic conclusions are component-scoped in the companion ledger, not implied by this edge.
libqtcommon	a8335faadc0094b073d28d1fc59508513f5989c3	cf31e485b964f5c4ae8b975277f2412fbb24eaf9	mediaplayer.cpp	ff76f6950cbcfa006ddc11273762609dd35e4754	665978d7ed743980eacf35c9408a731e6cb5db86	M	parent_tree_identity	Actual retained-parent file edge; semantic conclusions are component-scoped in the companion ledger, not implied by this edge.
libqtcommon	6f348ca23d82dac3a6d6f3c40be65e0efb8c461c	829dc511f26a6ef8a7c2fd627f84e7df2a0e93ad	mediaplayer.cpp	ff76f6950cbcfa006ddc11273762609dd35e4754	665978d7ed743980eacf35c9408a731e6cb5db86	M	parent_tree_identity	Actual retained-parent file edge; semantic conclusions are component-scoped in the companion ledger, not implied by this edge.
libqtcommon	86366e05bfab2848f8a54f840a4b865d4af653df	f7885c96c2735da8e9afb87ea9790baa71679784	mediaplayer.cpp	51e11ddba667b5b42295bcc7d58e69585c98e87b	665978d7ed743980eacf35c9408a731e6cb5db86	M	parent_tree_identity	Actual retained-parent file edge; semantic conclusions are component-scoped in the companion ledger, not implied by this edge.
libqtcommon	aca5d27a08579baaf12172841e35c171199d20c5	03aec936ccf0a2154f23e104ec805cdd6f219dd1	mediaplayer.cpp	cc3b8f64c37fe2d6c2ebe9b1ee1c3904b4f59b95	665978d7ed743980eacf35c9408a731e6cb5db86	M	parent_tree_identity	Actual retained-parent file edge; semantic conclusions are component-scoped in the companion ledger, not implied by this edge.
libqtcommon	03aec936ccf0a2154f23e104ec805cdd6f219dd1	f7885c96c2735da8e9afb87ea9790baa71679784	mediaplayer.cpp	51e11ddba667b5b42295bcc7d58e69585c98e87b	cc3b8f64c37fe2d6c2ebe9b1ee1c3904b4f59b95	M	parent_tree_identity	Actual retained-parent file edge; semantic conclusions are component-scoped in the companion ledger, not implied by this edge.
libqtcommon	61aa748d8a3f83e57f07e071ce1ac67dfe9e4d3f	ff6b35dde4973cafdc04cf98bbc135c9ff638f0c	mediaplayer.cpp	16ab031ac3dc62ff820b9f269181d8e7904ca894	51e11ddba667b5b42295bcc7d58e69585c98e87b	M	parent_tree_identity	Actual retained-parent file edge; semantic conclusions are component-scoped in the companion ledger, not implied by this edge.
libqtcommon	d1a2fbaf6af56a08a80619c24ef17a5cf61329b9	cb0c3b06b516d54bf5cde010ce8e38076ad34b43	mediaplayer.cpp	ff76f6950cbcfa006ddc11273762609dd35e4754	16ab031ac3dc62ff820b9f269181d8e7904ca894	M	parent_tree_identity	Actual retained-parent file edge; semantic conclusions are component-scoped in the companion ledger, not implied by this edge.
libqtcommon	4bf50385dd1022090c3c45392e196f0feff88042	66c9c2db9b7ede932f9d1a29c13e24565d3c8d89	mediaplayer.cpp	267938b682b66fb27e82d7f4158c31510a270b69	16ab031ac3dc62ff820b9f269181d8e7904ca894	M	parent_tree_identity	Actual retained-parent file edge; semantic conclusions are component-scoped in the companion ledger, not implied by this edge.
libqtcommon	66c9c2db9b7ede932f9d1a29c13e24565d3c8d89	db518e5e081dbb3c89024a830a327c0679577b2f	mediaplayer.cpp	c42b6480e7a221dea141c863281f4099f243121b	267938b682b66fb27e82d7f4158c31510a270b69	M	parent_tree_identity	Actual retained-parent file edge; semantic conclusions are component-scoped in the companion ledger, not implied by this edge.
libqtcommon	50b1512eb2d98b3cf81200424ac0a2995fd5cf46	39b8e659ecfa311c9402d215e625841cc651a3da	mediaplayer.cpp	267938b682b66fb27e82d7f4158c31510a270b69	16ab031ac3dc62ff820b9f269181d8e7904ca894	M	parent_tree_identity	Actual retained-parent file edge; semantic conclusions are component-scoped in the companion ledger, not implied by this edge.
libqtcommon	39b8e659ecfa311c9402d215e625841cc651a3da	e6c110a8d62b15a58f826532d9e419805d780263	mediaplayer.cpp	afcc60689a822f97bf1259fb1964be9e4d2685b6	267938b682b66fb27e82d7f4158c31510a270b69	M	parent_tree_identity	Actual retained-parent file edge; semantic conclusions are component-scoped in the companion ledger, not implied by this edge.
libqtcommon	e6c110a8d62b15a58f826532d9e419805d780263	db518e5e081dbb3c89024a830a327c0679577b2f	mediaplayer.cpp	c42b6480e7a221dea141c863281f4099f243121b	afcc60689a822f97bf1259fb1964be9e4d2685b6	M	parent_tree_identity	Actual retained-parent file edge; semantic conclusions are component-scoped in the companion ledger, not implied by this edge.
libqtcommon	570463d8ff4a58c766c5ee4ce406dddad9bb56e9	1004a9fd5187643e368ae33a7bab7fd8e27c9ad3	mediaplayer.cpp	ff76f6950cbcfa006ddc11273762609dd35e4754	c42b6480e7a221dea141c863281f4099f243121b	M	parent_tree_identity	Actual retained-parent file edge; semantic conclusions are component-scoped in the companion ledger, not implied by this edge.
libqtcommon	d6239dbc4a1eba8f0c2edf0370e9132831c6680d	1004a9fd5187643e368ae33a7bab7fd8e27c9ad3	mediaplayer.cpp	ff76f6950cbcfa006ddc11273762609dd35e4754	c42b6480e7a221dea141c863281f4099f243121b	M	parent_tree_identity	Actual retained-parent file edge; semantic conclusions are component-scoped in the companion ledger, not implied by this edge.
libqtcommon	c245d3d6ad8007923a3445515ec3d4b9b6b43c57	e48cc06584e3297c20bc8b4f38b31fd654de0080	mediaplayer.cpp	ff76f6950cbcfa006ddc11273762609dd35e4754	c42b6480e7a221dea141c863281f4099f243121b	M	parent_tree_identity	Actual retained-parent file edge; semantic conclusions are component-scoped in the companion ledger, not implied by this edge.
libqtcommon	f281abcfe181c89ba92a00f009b7c8c177a27b5e	bf25764b5df17d67112e05f4f64aef65b1f83831	mediaplayer.cpp	942fb4f3871c9f8aadffa3ef7964855c69681fd8	c42b6480e7a221dea141c863281f4099f243121b	M	parent_tree_identity	Actual retained-parent file edge; semantic conclusions are component-scoped in the companion ledger, not implied by this edge.
libqtcommon	bf25764b5df17d67112e05f4f64aef65b1f83831	c05d90ffd703ecf0d91aa04481dd4e005f4b5555	mediaplayer.cpp	d1a068aa6f05d942507b623192a906a7fbe6ae90	942fb4f3871c9f8aadffa3ef7964855c69681fd8	M	parent_tree_identity	Actual retained-parent file edge; semantic conclusions are component-scoped in the companion ledger, not implied by this edge.
libqtcommon	c05d90ffd703ecf0d91aa04481dd4e005f4b5555	8300b4d086dfecd2fe4b30f0cbad0aa7c53b8a7b	mediaplayer.cpp	338e6a96dc0f191654ea3ba9a7aaaea3a454aab8	d1a068aa6f05d942507b623192a906a7fbe6ae90	M	parent_tree_identity	Actual retained-parent file edge; semantic conclusions are component-scoped in the companion ledger, not implied by this edge.
libqtcommon	8300b4d086dfecd2fe4b30f0cbad0aa7c53b8a7b	064ec3c0efec92adb305a71140f003dabfccf578	mediaplayer.cpp	6ff359cbe8634ac4773621984cb38820c97cd3c2	338e6a96dc0f191654ea3ba9a7aaaea3a454aab8	M	parent_tree_identity	Actual retained-parent file edge; semantic conclusions are component-scoped in the companion ledger, not implied by this edge.
libqtcommon	064ec3c0efec92adb305a71140f003dabfccf578	67e457151fea4f752c69b7e38e3bf6bb383eb07a	mediaplayer.cpp	633bd7928e1e2ebf4a3c3c4df5dbcc5c9762e400	6ff359cbe8634ac4773621984cb38820c97cd3c2	M	parent_tree_identity	Actual retained-parent file edge; semantic conclusions are component-scoped in the companion ledger, not implied by this edge.
libqtcommon	67e457151fea4f752c69b7e38e3bf6bb383eb07a	c734fec95ee9d9fe2b0a8cc8723ea6900517b4d4	mediaplayer.cpp	5f0902daa80f19dc44f9c0eb1f266fcf558e326b	633bd7928e1e2ebf4a3c3c4df5dbcc5c9762e400	M	parent_tree_identity	Actual retained-parent file edge; semantic conclusions are component-scoped in the companion ledger, not implied by this edge.
libqtcommon	c734fec95ee9d9fe2b0a8cc8723ea6900517b4d4	831f213779a501a69e7a142258e1c8fc6f27653b	mediaplayer.cpp	054029bd5b5f73c7b78adde13620c2c126ee960d	5f0902daa80f19dc44f9c0eb1f266fcf558e326b	M	parent_tree_identity	Actual retained-parent file edge; semantic conclusions are component-scoped in the companion ledger, not implied by this edge.
libqtcommon	831f213779a501a69e7a142258e1c8fc6f27653b	dca4098a3c1ac5da1ffdbdc774d1969de278edd3	mediaplayer.cpp	d8119ee4b6e13453b3f511059c1864a1d7145cfb	054029bd5b5f73c7b78adde13620c2c126ee960d	M	parent_tree_identity	Actual retained-parent file edge; semantic conclusions are component-scoped in the companion ledger, not implied by this edge.
libqtcommon	dca4098a3c1ac5da1ffdbdc774d1969de278edd3	9f969b13d849ed515a841258ad899794edb783a3	mediaplayer.cpp	4b2888ab7a5d7f84ba8d155b8b4e6f9fdf492627	d8119ee4b6e13453b3f511059c1864a1d7145cfb	M	parent_tree_identity	Actual retained-parent file edge; semantic conclusions are component-scoped in the companion ledger, not implied by this edge.
libqtcommon	9f969b13d849ed515a841258ad899794edb783a3	fb18f4360e24c1fb150f8920891c8936c0f56332	mediaplayer.cpp	0e2ce1a54da420eb50a3cd2159d4078aeb62a143	4b2888ab7a5d7f84ba8d155b8b4e6f9fdf492627	M	parent_tree_identity	Actual retained-parent file edge; semantic conclusions are component-scoped in the companion ledger, not implied by this edge.
libqtcommon	fb18f4360e24c1fb150f8920891c8936c0f56332	0e9c8f613a1eecf4f21b840aed9fe361b9879c8a	mediaplayer.cpp	8f857cfe6024c3fcc1a2a0840d58bf1b17ac64cf	0e2ce1a54da420eb50a3cd2159d4078aeb62a143	M	parent_tree_identity	Actual retained-parent file edge; semantic conclusions are component-scoped in the companion ledger, not implied by this edge.
libqtcommon	0e9c8f613a1eecf4f21b840aed9fe361b9879c8a	2387ee3f0946ee3bdcc28bdb991e1c5b2e143fe6	mediaplayer.cpp	2c71a420147639a227f397e0d6c5ef180e01b711	8f857cfe6024c3fcc1a2a0840d58bf1b17ac64cf	M	parent_tree_identity	Actual retained-parent file edge; semantic conclusions are component-scoped in the companion ledger, not implied by this edge.
libqtcommon	2387ee3f0946ee3bdcc28bdb991e1c5b2e143fe6	1eafb674a0fc25f1f56ccbcae47b9524c6b5ee89	mediaplayer.cpp	b8503e2a13ed07178c7d70038cbee19d10998076	2c71a420147639a227f397e0d6c5ef180e01b711	M	parent_tree_identity	Actual retained-parent file edge; semantic conclusions are component-scoped in the companion ledger, not implied by this edge.
libqtcommon	496c70b506130612faff31d192db28f6f2d54d48	bd606b73e3598da218d17c058f91984915191b7b	mediaplayer.cpp	ff76f6950cbcfa006ddc11273762609dd35e4754	b8503e2a13ed07178c7d70038cbee19d10998076	M	parent_tree_identity	Actual retained-parent file edge; semantic conclusions are component-scoped in the companion ledger, not implied by this edge.
libqtcommon	79db14161c5cac3ca70df625a767b9f692b4ef5e	1f6abadea89d58e41b079aadde8d0531655801d4	mediaplayer.cpp	e979b1faea046edf3cb8540af31bd3e2c78cbd30	b8503e2a13ed07178c7d70038cbee19d10998076	M	parent_tree_identity	Actual retained-parent file edge; semantic conclusions are component-scoped in the companion ledger, not implied by this edge.
libqtcommon	eaeca565810c4312b3395900e97e58bd41b3a1e4	9d3046561702db215fe49e22f5de0d478cc6ff24	mediaplayer.cpp	e979b1faea046edf3cb8540af31bd3e2c78cbd30	b8503e2a13ed07178c7d70038cbee19d10998076	M	parent_tree_identity	Actual retained-parent file edge; semantic conclusions are component-scoped in the companion ledger, not implied by this edge.
libqtcommon	eaeca565810c4312b3395900e97e58bd41b3a1e4	24ad6fc0fbf3eca5ca3b6d782e746637f010a542	mediaplayer.cpp	ff76f6950cbcfa006ddc11273762609dd35e4754	b8503e2a13ed07178c7d70038cbee19d10998076	M	parent_tree_identity	Actual retained-parent file edge; semantic conclusions are component-scoped in the companion ledger, not implied by this edge.
libqtcommon	24ad6fc0fbf3eca5ca3b6d782e746637f010a542	5e50110ee51d6d072e04357bd5c365581581b7ca	mediaplayer.cpp	ea85041dab7183a3d315c8dd83a57c7805ebd99f	ff76f6950cbcfa006ddc11273762609dd35e4754	M	parent_tree_identity	Actual retained-parent file edge; semantic conclusions are component-scoped in the companion ledger, not implied by this edge.
libqtcommon	ec6b41bf79e3ae25719fba8efe146a216521a14b	1e24a37a4035fa05647f1eef86f4152a8a9cc7a0	mediaplayer.cpp	ea85041dab7183a3d315c8dd83a57c7805ebd99f	ff76f6950cbcfa006ddc11273762609dd35e4754	M	parent_tree_identity	Actual retained-parent file edge; semantic conclusions are component-scoped in the companion ledger, not implied by this edge.
libqtcommon	9bc6bf47c79d6c661fcd0c58db7839520e5c5aa8	1b2896de3b563c1ab73d6fe7ce622e6167aa8bec	mediaplayer.cpp	ea85041dab7183a3d315c8dd83a57c7805ebd99f	ff76f6950cbcfa006ddc11273762609dd35e4754	M	parent_tree_identity	Actual retained-parent file edge; semantic conclusions are component-scoped in the companion ledger, not implied by this edge.
libqtcommon	9d3046561702db215fe49e22f5de0d478cc6ff24	1e24a37a4035fa05647f1eef86f4152a8a9cc7a0	mediaplayer.cpp	ea85041dab7183a3d315c8dd83a57c7805ebd99f	e979b1faea046edf3cb8540af31bd3e2c78cbd30	M	parent_tree_identity	Actual retained-parent file edge; semantic conclusions are component-scoped in the companion ledger, not implied by this edge.
libqtcommon	1556b06b8c4aeb7377f06c119bf0d95006dd8e4c	5e50110ee51d6d072e04357bd5c365581581b7ca	mediaplayer.cpp	ea85041dab7183a3d315c8dd83a57c7805ebd99f	e979b1faea046edf3cb8540af31bd3e2c78cbd30	M	parent_tree_identity	Actual retained-parent file edge; semantic conclusions are component-scoped in the companion ledger, not implied by this edge.
libqtcommon	b2147126a22ec91cb6b9e3b63fa92d060065ddd3	5e50110ee51d6d072e04357bd5c365581581b7ca	mediaplayer.cpp	ea85041dab7183a3d315c8dd83a57c7805ebd99f	e979b1faea046edf3cb8540af31bd3e2c78cbd30	M	parent_tree_identity	Actual retained-parent file edge; semantic conclusions are component-scoped in the companion ledger, not implied by this edge.
libqtcommon	aec88647e1f9f75d1f4b27a3e4f1dbf2288d3b11	5e50110ee51d6d072e04357bd5c365581581b7ca	mediaplayer.cpp	ea85041dab7183a3d315c8dd83a57c7805ebd99f	e979b1faea046edf3cb8540af31bd3e2c78cbd30	M	parent_tree_identity	Actual retained-parent file edge; semantic conclusions are component-scoped in the companion ledger, not implied by this edge.
libqtcommon	10e281cbc21463724f51cfb8c84ca13b62c805b0	f00db6eb24ce53d589c589c40a3b33bca214b7e9	mediaplayer.cpp	ea85041dab7183a3d315c8dd83a57c7805ebd99f	e979b1faea046edf3cb8540af31bd3e2c78cbd30	M	parent_tree_identity	Actual retained-parent file edge; semantic conclusions are component-scoped in the companion ledger, not implied by this edge.
libqtcommon	2f1c132b2277d2d3ce1bd606ec11da2b4ea43f53	1882a35fc319bc886023fafc604c0f0eb58e4fd3	mediaplayer.cpp	ea85041dab7183a3d315c8dd83a57c7805ebd99f	e979b1faea046edf3cb8540af31bd3e2c78cbd30	M	parent_tree_identity	Actual retained-parent file edge; semantic conclusions are component-scoped in the companion ledger, not implied by this edge.
libqtcommon	dd910b93410401926f598a5135bbb7b2037e0293	1882a35fc319bc886023fafc604c0f0eb58e4fd3	mediaplayer.cpp	ea85041dab7183a3d315c8dd83a57c7805ebd99f	e979b1faea046edf3cb8540af31bd3e2c78cbd30	M	parent_tree_identity	Actual retained-parent file edge; semantic conclusions are component-scoped in the companion ledger, not implied by this edge.
libqtcommon	0db9f198138fdc9e7393a7ad834f3e152e311c76	643f400cff1145e50fa92a09530f9ee9b54f111f	mediaplayer.cpp	ea85041dab7183a3d315c8dd83a57c7805ebd99f	e979b1faea046edf3cb8540af31bd3e2c78cbd30	M	parent_tree_identity	Actual retained-parent file edge; semantic conclusions are component-scoped in the companion ledger, not implied by this edge.
libqtcommon	0c40e908dada83581f12bf21a59e60e172786afe	643f400cff1145e50fa92a09530f9ee9b54f111f	mediaplayer.cpp	ea85041dab7183a3d315c8dd83a57c7805ebd99f	e979b1faea046edf3cb8540af31bd3e2c78cbd30	M	parent_tree_identity	Actual retained-parent file edge; semantic conclusions are component-scoped in the companion ledger, not implied by this edge.
libqtcommon	15efd01a80864992d2cf73c3ea6d9fc36a90cb06	643f400cff1145e50fa92a09530f9ee9b54f111f	mediaplayer.cpp	ea85041dab7183a3d315c8dd83a57c7805ebd99f	e979b1faea046edf3cb8540af31bd3e2c78cbd30	M	parent_tree_identity	Actual retained-parent file edge; semantic conclusions are component-scoped in the companion ledger, not implied by this edge.
libqtcommon	8e2d07626c5d7772e086cfdbea036137f40c11a8	643f400cff1145e50fa92a09530f9ee9b54f111f	mediaplayer.cpp	ea85041dab7183a3d315c8dd83a57c7805ebd99f	e979b1faea046edf3cb8540af31bd3e2c78cbd30	M	parent_tree_identity	Actual retained-parent file edge; semantic conclusions are component-scoped in the companion ledger, not implied by this edge.
libqtcommon	43a5d0a808683646d33d8c8c502e2b664b168170	28c5ec8096ddc8d9593c6cb89ab8b1537e26cb9f	mediaplayer.cpp	ea85041dab7183a3d315c8dd83a57c7805ebd99f	e979b1faea046edf3cb8540af31bd3e2c78cbd30	M	parent_tree_identity	Actual retained-parent file edge; semantic conclusions are component-scoped in the companion ledger, not implied by this edge.
libqtcommon	c8a3f9145bfc0c77ed782feabddab361cc3cd66c	d924f6222d30f8f0115ddba8ca11c0b6b1da8ab2	mediaplayer.cpp	ea85041dab7183a3d315c8dd83a57c7805ebd99f	e979b1faea046edf3cb8540af31bd3e2c78cbd30	M	parent_tree_identity	Actual retained-parent file edge; semantic conclusions are component-scoped in the companion ledger, not implied by this edge.
libqtcommon	2bcf16e37e4cea23c4b5068264bbdfd242f03c50	1b2896de3b563c1ab73d6fe7ce622e6167aa8bec	mediaplayer.cpp	ea85041dab7183a3d315c8dd83a57c7805ebd99f	e979b1faea046edf3cb8540af31bd3e2c78cbd30	M	parent_tree_identity	Actual retained-parent file edge; semantic conclusions are component-scoped in the companion ledger, not implied by this edge.
libqtcommon	29472301d9c29d5f482e6164d96d61c0af79d8a3	1b2896de3b563c1ab73d6fe7ce622e6167aa8bec	mediaplayer.cpp	ea85041dab7183a3d315c8dd83a57c7805ebd99f	e979b1faea046edf3cb8540af31bd3e2c78cbd30	M	parent_tree_identity	Actual retained-parent file edge; semantic conclusions are component-scoped in the companion ledger, not implied by this edge.
libqtcommon	3b03d0d86339aeb83f607a11898f772f78f046bc	1b2896de3b563c1ab73d6fe7ce622e6167aa8bec	mediaplayer.cpp	ea85041dab7183a3d315c8dd83a57c7805ebd99f	e979b1faea046edf3cb8540af31bd3e2c78cbd30	M	parent_tree_identity	Actual retained-parent file edge; semantic conclusions are component-scoped in the companion ledger, not implied by this edge.
libqtcommon	ff8f19ad59ab444c8a651cad5c747687fa59e0a3	1b2896de3b563c1ab73d6fe7ce622e6167aa8bec	mediaplayer.cpp	ea85041dab7183a3d315c8dd83a57c7805ebd99f	e979b1faea046edf3cb8540af31bd3e2c78cbd30	M	parent_tree_identity	Actual retained-parent file edge; semantic conclusions are component-scoped in the companion ledger, not implied by this edge.
libqtcommon	f951d4ba17104b4c15a6314e6d0b7575d1809fcc	1b2896de3b563c1ab73d6fe7ce622e6167aa8bec	mediaplayer.cpp	ea85041dab7183a3d315c8dd83a57c7805ebd99f	e979b1faea046edf3cb8540af31bd3e2c78cbd30	M	parent_tree_identity	Actual retained-parent file edge; semantic conclusions are component-scoped in the companion ledger, not implied by this edge.
libqtcommon	83ec9ef798076b7a5d43ad945bd75ea8a441212a	db3d3c540270c3e473b1aaa9118a686bf4459808	mediaplayer.cpp	ea85041dab7183a3d315c8dd83a57c7805ebd99f	e979b1faea046edf3cb8540af31bd3e2c78cbd30	M	parent_tree_identity	Actual retained-parent file edge; semantic conclusions are component-scoped in the companion ledger, not implied by this edge.
libqtcommon	535affd231accfec92b434916586599aae813377	6d62144544364a7ca7a06305bf80e0021b47671e	mediaplayer.cpp	ea85041dab7183a3d315c8dd83a57c7805ebd99f	e979b1faea046edf3cb8540af31bd3e2c78cbd30	M	parent_tree_identity	Actual retained-parent file edge; semantic conclusions are component-scoped in the companion ledger, not implied by this edge.
libqtcommon	823f69bcd92e93c75dcca20850b1830b4e2a31c2	2b71a32503b36fa19ce3d87f245811d0f943adad	mediaplayer.cpp	ea85041dab7183a3d315c8dd83a57c7805ebd99f	e979b1faea046edf3cb8540af31bd3e2c78cbd30	M	parent_tree_identity	Actual retained-parent file edge; semantic conclusions are component-scoped in the companion ledger, not implied by this edge.
libqtcommon	480e8aa486284dd301ed6627345ba763cb48fcf8	44c7473abd17f90a57d397d6734c4496d8884751	mediaplayer.cpp	ea85041dab7183a3d315c8dd83a57c7805ebd99f	e979b1faea046edf3cb8540af31bd3e2c78cbd30	M	parent_tree_identity	Actual retained-parent file edge; semantic conclusions are component-scoped in the companion ledger, not implied by this edge.
libqtcommon	3bd62754e93376e3a84ece3865aba119721a3ee5	44c7473abd17f90a57d397d6734c4496d8884751	mediaplayer.cpp	ea85041dab7183a3d315c8dd83a57c7805ebd99f	e979b1faea046edf3cb8540af31bd3e2c78cbd30	M	parent_tree_identity	Actual retained-parent file edge; semantic conclusions are component-scoped in the companion ledger, not implied by this edge.
libqtcommon	cc3d0a8751f0072de2f1fc40f36f6312a8e66456	44c7473abd17f90a57d397d6734c4496d8884751	mediaplayer.cpp	ea85041dab7183a3d315c8dd83a57c7805ebd99f	e979b1faea046edf3cb8540af31bd3e2c78cbd30	M	parent_tree_identity	Actual retained-parent file edge; semantic conclusions are component-scoped in the companion ledger, not implied by this edge.
libqtcommon	b6db5a58b84815d6752d32f0642aa6deecf1afe0	b62afd196bfe8598fa59449d0837972515dc1f20	mediaplayer.cpp	ea85041dab7183a3d315c8dd83a57c7805ebd99f	e979b1faea046edf3cb8540af31bd3e2c78cbd30	M	parent_tree_identity	Actual retained-parent file edge; semantic conclusions are component-scoped in the companion ledger, not implied by this edge.
libqtcommon	fce133b1aabc09d84ce5d40405580cb80e224366	d5de5324ecbb6ba2e7daac74fd2a1b4f7a066e55	mediaplayer.cpp	ea85041dab7183a3d315c8dd83a57c7805ebd99f	e979b1faea046edf3cb8540af31bd3e2c78cbd30	M	parent_tree_identity	Actual retained-parent file edge; semantic conclusions are component-scoped in the companion ledger, not implied by this edge.
libqtcommon	471d044e4d7b8dbd5c7d3d4b40dc6de0dd326381	d5de5324ecbb6ba2e7daac74fd2a1b4f7a066e55	mediaplayer.cpp	ea85041dab7183a3d315c8dd83a57c7805ebd99f	e979b1faea046edf3cb8540af31bd3e2c78cbd30	M	parent_tree_identity	Actual retained-parent file edge; semantic conclusions are component-scoped in the companion ledger, not implied by this edge.
libqtcommon	89ce3d4d42b7d57b425d58ef7a2023d2bdf4a217	d5de5324ecbb6ba2e7daac74fd2a1b4f7a066e55	mediaplayer.cpp	ea85041dab7183a3d315c8dd83a57c7805ebd99f	e979b1faea046edf3cb8540af31bd3e2c78cbd30	M	parent_tree_identity	Actual retained-parent file edge; semantic conclusions are component-scoped in the companion ledger, not implied by this edge.
libqtcommon	80bacbfaed7cc516f2ef7dcbf399b1191f4b4ead	f9a3f6a0e212d521b9ab922e53148ae830ca067d	mediaplayer.cpp	ea85041dab7183a3d315c8dd83a57c7805ebd99f	e979b1faea046edf3cb8540af31bd3e2c78cbd30	M	parent_tree_identity	Actual retained-parent file edge; semantic conclusions are component-scoped in the companion ledger, not implied by this edge.
libqtcommon	be5fddfded11f0fefeccd379fee830e2e4de0137	f15a42dc1b5413f6cf0ef5b032fd35a84ae96ab9	mediaplayer.cpp	ea85041dab7183a3d315c8dd83a57c7805ebd99f	e979b1faea046edf3cb8540af31bd3e2c78cbd30	M	parent_tree_identity	Actual retained-parent file edge; semantic conclusions are component-scoped in the companion ledger, not implied by this edge.
libqtcommon	327e8bd970bbc32b2d90dc4d5403a4ecd229e671	6b9f42f4919f6f0b40bffcab3a5a05f963a9674a	mediaplayer.cpp	ea85041dab7183a3d315c8dd83a57c7805ebd99f	e979b1faea046edf3cb8540af31bd3e2c78cbd30	M	parent_tree_identity	Actual retained-parent file edge; semantic conclusions are component-scoped in the companion ledger, not implied by this edge.
libqtcommon	a87b369bf85ecf64dd504a725694c65cd9ff18ad	1f8ff9e4fa02f13525389a312a18380fb9ec3095	mediaplayer.cpp	ea85041dab7183a3d315c8dd83a57c7805ebd99f	e979b1faea046edf3cb8540af31bd3e2c78cbd30	M	parent_tree_identity	Actual retained-parent file edge; semantic conclusions are component-scoped in the companion ledger, not implied by this edge.
libqtcommon	a87b369bf85ecf64dd504a725694c65cd9ff18ad	6b9f42f4919f6f0b40bffcab3a5a05f963a9674a	mediaplayer.cpp	ea85041dab7183a3d315c8dd83a57c7805ebd99f	e979b1faea046edf3cb8540af31bd3e2c78cbd30	M	parent_tree_identity	Actual retained-parent file edge; semantic conclusions are component-scoped in the companion ledger, not implied by this edge.
libqtcommon	c86014d21c5129e4381200114479dce7c4c60b13	1f8ff9e4fa02f13525389a312a18380fb9ec3095	mediaplayer.cpp	ea85041dab7183a3d315c8dd83a57c7805ebd99f	e979b1faea046edf3cb8540af31bd3e2c78cbd30	M	parent_tree_identity	Actual retained-parent file edge; semantic conclusions are component-scoped in the companion ledger, not implied by this edge.
libqtcommon	b7e5ae334cf8835eb8cfc17b9d5e4939e5204800	1f8ff9e4fa02f13525389a312a18380fb9ec3095	mediaplayer.cpp	ea85041dab7183a3d315c8dd83a57c7805ebd99f	e979b1faea046edf3cb8540af31bd3e2c78cbd30	M	parent_tree_identity	Actual retained-parent file edge; semantic conclusions are component-scoped in the companion ledger, not implied by this edge.
libqtcommon	9b677c9f8672b0578782b972d52167f633dea78a	1f8ff9e4fa02f13525389a312a18380fb9ec3095	mediaplayer.cpp	ea85041dab7183a3d315c8dd83a57c7805ebd99f	e979b1faea046edf3cb8540af31bd3e2c78cbd30	M	parent_tree_identity	Actual retained-parent file edge; semantic conclusions are component-scoped in the companion ledger, not implied by this edge.
libqtcommon	8e6691b9a7f1ad48c0977a6fe7cea5286ff7ad40	95aa95164eb1cfc0219868864c97eccc720ef1aa	mediaplayer.cpp	8ea8d8e12ed9de4f6de42d5ee210d99d7be4c77f	e979b1faea046edf3cb8540af31bd3e2c78cbd30	M	parent_tree_identity	Actual retained-parent file edge; semantic conclusions are component-scoped in the companion ledger, not implied by this edge.
libqtcommon	95aa95164eb1cfc0219868864c97eccc720ef1aa	e55f118bf389de935af9226bd25a300878958c0b	mediaplayer.cpp	6efb8cc9130542872aea5204e7109152297f53eb	8ea8d8e12ed9de4f6de42d5ee210d99d7be4c77f	M	parent_tree_identity	Actual retained-parent file edge; semantic conclusions are component-scoped in the companion ledger, not implied by this edge.
libqtcommon	e55f118bf389de935af9226bd25a300878958c0b	ae3511ed9246c0f4e38efa8f9acce33e6657a7f9	mediaplayer.cpp	1fe513bdfeaafd83a19b8f0a746d394fc4f8ffed	6efb8cc9130542872aea5204e7109152297f53eb	M	parent_tree_identity	Actual retained-parent file edge; semantic conclusions are component-scoped in the companion ledger, not implied by this edge.
libqtcommon	ae3511ed9246c0f4e38efa8f9acce33e6657a7f9	1a8caaad4fff0e761eaa812ac876379e649f7d7d	mediaplayer.cpp	335b6aeb54b6cbd2cc5898091cb62c45693acaa1	1fe513bdfeaafd83a19b8f0a746d394fc4f8ffed	M	parent_tree_identity	Actual retained-parent file edge; semantic conclusions are component-scoped in the companion ledger, not implied by this edge.
libqtcommon	1a8caaad4fff0e761eaa812ac876379e649f7d7d	a74943ed59edf69b75710833f6ceb26a4fe52e48	mediaplayer.cpp	ecbdcc826781207ab52f52132373cd555a33b81f	335b6aeb54b6cbd2cc5898091cb62c45693acaa1	M	parent_tree_identity	Actual retained-parent file edge; semantic conclusions are component-scoped in the companion ledger, not implied by this edge.
libqtcommon	a74943ed59edf69b75710833f6ceb26a4fe52e48	30cf22eab430ef78eb812fe405f5f143cec5c66c	mediaplayer.cpp	a07eb990d66a1e9e9d7cec16a65aefac389d57a3	ecbdcc826781207ab52f52132373cd555a33b81f	M	parent_tree_identity	Actual retained-parent file edge; semantic conclusions are component-scoped in the companion ledger, not implied by this edge.
libqtcommon	30cf22eab430ef78eb812fe405f5f143cec5c66c	239a9745185f7ad005b6b1793399330e69c29136	mediaplayer.cpp	ea85041dab7183a3d315c8dd83a57c7805ebd99f	a07eb990d66a1e9e9d7cec16a65aefac389d57a3	M	parent_tree_identity	Actual retained-parent file edge; semantic conclusions are component-scoped in the companion ledger, not implied by this edge.
libqtcommon	3a1e237a966ed2fe2b7bc9211fc8f004c671b320	a55a319969456d4d28069e0f19fd1f89874303ed	mediaplayer.cpp	79a0be961e8e674312f6f350b0157dfe84bc923a	a07eb990d66a1e9e9d7cec16a65aefac389d57a3	M	parent_tree_identity	Actual retained-parent file edge; semantic conclusions are component-scoped in the companion ledger, not implied by this edge.
libqtcommon	a55a319969456d4d28069e0f19fd1f89874303ed	70c285204c9c77d45edab63d49ae91790906885b	mediaplayer.cpp	ea85041dab7183a3d315c8dd83a57c7805ebd99f	79a0be961e8e674312f6f350b0157dfe84bc923a	M	parent_tree_identity	Actual retained-parent file edge; semantic conclusions are component-scoped in the companion ledger, not implied by this edge.
libqtcommon	6c019afef0ca766a9d99eafad8a55445ce22f13e	20436b9b5e6874fc994a5902ff211dd8b7ebb89d	mediaplayer.cpp	4c8d6a86333255edd4d5ee25f73494b8ec61a5d2	ea85041dab7183a3d315c8dd83a57c7805ebd99f	M	parent_tree_identity	Actual retained-parent file edge; semantic conclusions are component-scoped in the companion ledger, not implied by this edge.
libqtcommon	e3eeeddf5a73cc127a1b025b0d5821be26c2d5fe	096cbe8e754efab3644060dd7ea1af4170379ca4	mediaplayer.cpp	4c8d6a86333255edd4d5ee25f73494b8ec61a5d2	ea85041dab7183a3d315c8dd83a57c7805ebd99f	M	parent_tree_identity	Actual retained-parent file edge; semantic conclusions are component-scoped in the companion ledger, not implied by this edge.
libqtcommon	b11064732c4fe167ce6b58303be07f2eeaf9a009	b0146ae4281b347eb0f80a5ad2f3625ae6220ef0	mediaplayer.cpp	55462526a04a2355966ac2e2bbc16cb3a2f9dc19	4c8d6a86333255edd4d5ee25f73494b8ec61a5d2	M	parent_tree_identity	Actual retained-parent file edge; semantic conclusions are component-scoped in the companion ledger, not implied by this edge.
libqtcommon	5b2c7ddd09ed1af84f5c3572a1b421491b84fe56	5963317356a75832451de6fd33e5e6abb6e738aa	mediaplayer.cpp	ea662734c2f5c32e7ad839a008941868a1b04ae2	55462526a04a2355966ac2e2bbc16cb3a2f9dc19	M	parent_tree_identity	Actual retained-parent file edge; semantic conclusions are component-scoped in the companion ledger, not implied by this edge.
libqtcommon	f91da8f07fb293b9fbbaca635aa356fbfa10dd9c	61d66f63c96b36fb29879a26f0fca07182db5fc4	mediaplayer.cpp	f9ea20b0d369c8748a04613868e1643e79aa0589	55462526a04a2355966ac2e2bbc16cb3a2f9dc19	M	parent_tree_identity	Actual retained-parent file edge; semantic conclusions are component-scoped in the companion ledger, not implied by this edge.
libqtcommon	2a02280e47fc25f15dc64b87b482068173fc4e98	59c11c7525fe8e7c54ef3a923f87905227d8dcae	mediaplayer.cpp	9244f3f93b1a3e3ce11189470df874a4a0e16e1e	f9ea20b0d369c8748a04613868e1643e79aa0589	M	parent_tree_identity	Actual retained-parent file edge; semantic conclusions are component-scoped in the companion ledger, not implied by this edge.
libqtcommon	59c11c7525fe8e7c54ef3a923f87905227d8dcae	95b1dbb630361b3507fde3f56836eac04e9337ee	mediaplayer.cpp	f9ea20b0d369c8748a04613868e1643e79aa0589	9244f3f93b1a3e3ce11189470df874a4a0e16e1e	M	parent_tree_identity	Actual retained-parent file edge; semantic conclusions are component-scoped in the companion ledger, not implied by this edge.
libqtcommon	3ab0e9bf5f5d030266dd8c303508224fb82414b3	3b4d63f287a1dfa7f1166f1e2988ac5c1f14adf6	mediaplayer.cpp	bc588f1d41a3d96ad7fea90fa29d8f8b5a201878	f9ea20b0d369c8748a04613868e1643e79aa0589	M	parent_tree_identity	Actual retained-parent file edge; semantic conclusions are component-scoped in the companion ledger, not implied by this edge.
libqtcommon	bdaa60aac4c2ec56777776439797f8d17235e67f	76743a035dd5a24b3384d949634b2f8480454f0e	mediaplayer.cpp	ea662734c2f5c32e7ad839a008941868a1b04ae2	bc588f1d41a3d96ad7fea90fa29d8f8b5a201878	M	parent_tree_identity	Actual retained-parent file edge; semantic conclusions are component-scoped in the companion ledger, not implied by this edge.
libqtcommon	1007dabbb24de6aac9ecaeab01e5fa285553cbe6	76743a035dd5a24b3384d949634b2f8480454f0e	mediaplayer.cpp	ea662734c2f5c32e7ad839a008941868a1b04ae2	bc588f1d41a3d96ad7fea90fa29d8f8b5a201878	M	parent_tree_identity	Actual retained-parent file edge; semantic conclusions are component-scoped in the companion ledger, not implied by this edge.
libqtcommon	5844344f5ff72e6e03c10fb3c8cecd898c1461bc	76743a035dd5a24b3384d949634b2f8480454f0e	mediaplayer.cpp	ea662734c2f5c32e7ad839a008941868a1b04ae2	bc588f1d41a3d96ad7fea90fa29d8f8b5a201878	M	parent_tree_identity	Actual retained-parent file edge; semantic conclusions are component-scoped in the companion ledger, not implied by this edge.
libqtcommon	2f9bda99294597fe2631b04b5ffd17a7c95a00bc	bb1b77aa08b91903c0ed3a75aaf2287dc2be6263	mediaplayer.cpp	ea662734c2f5c32e7ad839a008941868a1b04ae2	bc588f1d41a3d96ad7fea90fa29d8f8b5a201878	M	parent_tree_identity	Actual retained-parent file edge; semantic conclusions are component-scoped in the companion ledger, not implied by this edge.
libqtcommon	e70aab5436ce0a83c01191440189b749af928016	bb1b77aa08b91903c0ed3a75aaf2287dc2be6263	mediaplayer.cpp	ea662734c2f5c32e7ad839a008941868a1b04ae2	bc588f1d41a3d96ad7fea90fa29d8f8b5a201878	M	parent_tree_identity	Actual retained-parent file edge; semantic conclusions are component-scoped in the companion ledger, not implied by this edge.
libqtcommon	bee517a591df9f01553421bec53aab224e07ee7c	bb1b77aa08b91903c0ed3a75aaf2287dc2be6263	mediaplayer.cpp	ea662734c2f5c32e7ad839a008941868a1b04ae2	bc588f1d41a3d96ad7fea90fa29d8f8b5a201878	M	parent_tree_identity	Actual retained-parent file edge; semantic conclusions are component-scoped in the companion ledger, not implied by this edge.
libqtcommon	06612d0ae3e55fb8e4f8f29e524cd219aece2a83	8e27de9bab80a06310db04b3fd60452652116250	mediaplayer.cpp	ea662734c2f5c32e7ad839a008941868a1b04ae2	bc588f1d41a3d96ad7fea90fa29d8f8b5a201878	M	parent_tree_identity	Actual retained-parent file edge; semantic conclusions are component-scoped in the companion ledger, not implied by this edge.
libqtcommon	cf54317658e7b8199782ad2a9e2fc5be7e36281d	bfb9193bea781ffca45c3f3799c6b3775d7ca590	mediaplayer.cpp	ea662734c2f5c32e7ad839a008941868a1b04ae2	bc588f1d41a3d96ad7fea90fa29d8f8b5a201878	M	parent_tree_identity	Actual retained-parent file edge; semantic conclusions are component-scoped in the companion ledger, not implied by this edge.
libqtcommon	c2817595edf7ad5e8e12fff61478e0309327958d	bfb9193bea781ffca45c3f3799c6b3775d7ca590	mediaplayer.cpp	ea662734c2f5c32e7ad839a008941868a1b04ae2	bc588f1d41a3d96ad7fea90fa29d8f8b5a201878	M	parent_tree_identity	Actual retained-parent file edge; semantic conclusions are component-scoped in the companion ledger, not implied by this edge.
libqtcommon	cfa36dd71756177a061d4ad9f89f0a85615e8357	bfb9193bea781ffca45c3f3799c6b3775d7ca590	mediaplayer.cpp	ea662734c2f5c32e7ad839a008941868a1b04ae2	bc588f1d41a3d96ad7fea90fa29d8f8b5a201878	M	parent_tree_identity	Actual retained-parent file edge; semantic conclusions are component-scoped in the companion ledger, not implied by this edge.
libqtcommon	4ae0c45279f84ff4c2d88c99ab7ee87c8f7e8dab	bfb9193bea781ffca45c3f3799c6b3775d7ca590	mediaplayer.cpp	ea662734c2f5c32e7ad839a008941868a1b04ae2	bc588f1d41a3d96ad7fea90fa29d8f8b5a201878	M	parent_tree_identity	Actual retained-parent file edge; semantic conclusions are component-scoped in the companion ledger, not implied by this edge.
libqtcommon	0d49442eb2acc95de21a53b267567639d4e90b12	bfb9193bea781ffca45c3f3799c6b3775d7ca590	mediaplayer.cpp	ea662734c2f5c32e7ad839a008941868a1b04ae2	bc588f1d41a3d96ad7fea90fa29d8f8b5a201878	M	parent_tree_identity	Actual retained-parent file edge; semantic conclusions are component-scoped in the companion ledger, not implied by this edge.
libqtcommon	e9bdb2fd4e14eefa4729cfc06bc55908283f6a2c	bfb9193bea781ffca45c3f3799c6b3775d7ca590	mediaplayer.cpp	ea662734c2f5c32e7ad839a008941868a1b04ae2	bc588f1d41a3d96ad7fea90fa29d8f8b5a201878	M	parent_tree_identity	Actual retained-parent file edge; semantic conclusions are component-scoped in the companion ledger, not implied by this edge.
libqtcommon	051fbac823687f2a4eb0fd7e20cc741ec6eabebc	bfb9193bea781ffca45c3f3799c6b3775d7ca590	mediaplayer.cpp	ea662734c2f5c32e7ad839a008941868a1b04ae2	bc588f1d41a3d96ad7fea90fa29d8f8b5a201878	M	parent_tree_identity	Actual retained-parent file edge; semantic conclusions are component-scoped in the companion ledger, not implied by this edge.
libqtcommon	2d78828962431dc140db1f7235f5576f0d1d6fca	bfb9193bea781ffca45c3f3799c6b3775d7ca590	mediaplayer.cpp	ea662734c2f5c32e7ad839a008941868a1b04ae2	bc588f1d41a3d96ad7fea90fa29d8f8b5a201878	M	parent_tree_identity	Actual retained-parent file edge; semantic conclusions are component-scoped in the companion ledger, not implied by this edge.
libqtcommon	9840392fc2fbd406a2a62f44add4b72d313eacc3	bfb9193bea781ffca45c3f3799c6b3775d7ca590	mediaplayer.cpp	ea662734c2f5c32e7ad839a008941868a1b04ae2	bc588f1d41a3d96ad7fea90fa29d8f8b5a201878	M	parent_tree_identity	Actual retained-parent file edge; semantic conclusions are component-scoped in the companion ledger, not implied by this edge.
libqtcommon	be36f3259d137513277e8b3badb0651e34d4963e	bfb9193bea781ffca45c3f3799c6b3775d7ca590	mediaplayer.cpp	ea662734c2f5c32e7ad839a008941868a1b04ae2	bc588f1d41a3d96ad7fea90fa29d8f8b5a201878	M	parent_tree_identity	Actual retained-parent file edge; semantic conclusions are component-scoped in the companion ledger, not implied by this edge.
libqtcommon	8512918ccea8e59848528608a67164e4e2a68200	bfb9193bea781ffca45c3f3799c6b3775d7ca590	mediaplayer.cpp	ea662734c2f5c32e7ad839a008941868a1b04ae2	bc588f1d41a3d96ad7fea90fa29d8f8b5a201878	M	parent_tree_identity	Actual retained-parent file edge; semantic conclusions are component-scoped in the companion ledger, not implied by this edge.
libqtcommon	f12d1ff5f43258cf40640d2c04d7bec970bcd0df	a54c0e4b7a3618fa31663f1032e7fa0d20512d45	mediaplayer.cpp	b263a48f59471477e6825a08bc4e7a18709d93aa	ea662734c2f5c32e7ad839a008941868a1b04ae2	M	parent_tree_identity	Actual retained-parent file edge; semantic conclusions are component-scoped in the companion ledger, not implied by this edge.
libqtcommon	ec2b0d39251ca3bebcadc7b0420ed1ffff5ddcb3	bfb9193bea781ffca45c3f3799c6b3775d7ca590	mediaplayer.cpp	ea662734c2f5c32e7ad839a008941868a1b04ae2	bc588f1d41a3d96ad7fea90fa29d8f8b5a201878	M	parent_tree_identity	Actual retained-parent file edge; semantic conclusions are component-scoped in the companion ledger, not implied by this edge.
libqtcommon	3eaea074006e930006112bcd9cb473fa7e963073	7fe3d37d0af6927d83af6f677496b24cf7d6dad0	mediaplayer.cpp	ea662734c2f5c32e7ad839a008941868a1b04ae2	bc588f1d41a3d96ad7fea90fa29d8f8b5a201878	M	parent_tree_identity	Actual retained-parent file edge; semantic conclusions are component-scoped in the companion ledger, not implied by this edge.
libqtcommon	4ca64b5d02478f2895f5e3773ae46f08209e6ffd	bac986dc7f331df73435953d344a715db76b9c26	mediaplayer.cpp	ea662734c2f5c32e7ad839a008941868a1b04ae2	bc588f1d41a3d96ad7fea90fa29d8f8b5a201878	M	parent_tree_identity	Actual retained-parent file edge; semantic conclusions are component-scoped in the companion ledger, not implied by this edge.
libqtcommon	5f5a83af52aae6b63e0c88836e9c680801bc525c	bac986dc7f331df73435953d344a715db76b9c26	mediaplayer.cpp	ea662734c2f5c32e7ad839a008941868a1b04ae2	bc588f1d41a3d96ad7fea90fa29d8f8b5a201878	M	parent_tree_identity	Actual retained-parent file edge; semantic conclusions are component-scoped in the companion ledger, not implied by this edge.
libqtcommon	7d46027529dbe6d021fcfce48d405c689e4aaedb	bac986dc7f331df73435953d344a715db76b9c26	mediaplayer.cpp	ea662734c2f5c32e7ad839a008941868a1b04ae2	bc588f1d41a3d96ad7fea90fa29d8f8b5a201878	M	parent_tree_identity	Actual retained-parent file edge; semantic conclusions are component-scoped in the companion ledger, not implied by this edge.
libqtcommon	ef8b7aafdae6bfe98fbc583a2b715326b3d5862c	bac986dc7f331df73435953d344a715db76b9c26	mediaplayer.cpp	ea662734c2f5c32e7ad839a008941868a1b04ae2	bc588f1d41a3d96ad7fea90fa29d8f8b5a201878	M	parent_tree_identity	Actual retained-parent file edge; semantic conclusions are component-scoped in the companion ledger, not implied by this edge.
libqtcommon	4671999b8cdc2b614c42c886739f82a60841d476	bac986dc7f331df73435953d344a715db76b9c26	mediaplayer.cpp	ea662734c2f5c32e7ad839a008941868a1b04ae2	bc588f1d41a3d96ad7fea90fa29d8f8b5a201878	M	parent_tree_identity	Actual retained-parent file edge; semantic conclusions are component-scoped in the companion ledger, not implied by this edge.
libqtcommon	1b8a2d994e8d0096a239cd6f4679fd16d5906fa2	bac986dc7f331df73435953d344a715db76b9c26	mediaplayer.cpp	ea662734c2f5c32e7ad839a008941868a1b04ae2	bc588f1d41a3d96ad7fea90fa29d8f8b5a201878	M	parent_tree_identity	Actual retained-parent file edge; semantic conclusions are component-scoped in the companion ledger, not implied by this edge.
libqtcommon	a8a71edeaf0770c8b49aaf2fa635a69c5408135d	bac986dc7f331df73435953d344a715db76b9c26	mediaplayer.cpp	ea662734c2f5c32e7ad839a008941868a1b04ae2	bc588f1d41a3d96ad7fea90fa29d8f8b5a201878	M	parent_tree_identity	Actual retained-parent file edge; semantic conclusions are component-scoped in the companion ledger, not implied by this edge.
libqtcommon	3e3ba747f927ff5a33f3c1a0fec7131a33c73c19	bac986dc7f331df73435953d344a715db76b9c26	mediaplayer.cpp	ea662734c2f5c32e7ad839a008941868a1b04ae2	bc588f1d41a3d96ad7fea90fa29d8f8b5a201878	M	parent_tree_identity	Actual retained-parent file edge; semantic conclusions are component-scoped in the companion ledger, not implied by this edge.
libqtcommon	caecea808730ac36cc0ad0981f4b0c0f374f2bdd	bac986dc7f331df73435953d344a715db76b9c26	mediaplayer.cpp	ea662734c2f5c32e7ad839a008941868a1b04ae2	bc588f1d41a3d96ad7fea90fa29d8f8b5a201878	M	parent_tree_identity	Actual retained-parent file edge; semantic conclusions are component-scoped in the companion ledger, not implied by this edge.
libqtcommon	bb8c97aaa7108b6fb1b7626a02c1cce713e92e3f	bac986dc7f331df73435953d344a715db76b9c26	mediaplayer.cpp	ea662734c2f5c32e7ad839a008941868a1b04ae2	bc588f1d41a3d96ad7fea90fa29d8f8b5a201878	M	parent_tree_identity	Actual retained-parent file edge; semantic conclusions are component-scoped in the companion ledger, not implied by this edge.
libqtcommon	4b7248305d070ce388826413fedc8cef4cf7e340	bac986dc7f331df73435953d344a715db76b9c26	mediaplayer.cpp	ea662734c2f5c32e7ad839a008941868a1b04ae2	bc588f1d41a3d96ad7fea90fa29d8f8b5a201878	M	parent_tree_identity	Actual retained-parent file edge; semantic conclusions are component-scoped in the companion ledger, not implied by this edge.
libqtcommon	33f67acd796bc3c1b239208cf8e6283ecaf153a4	bac986dc7f331df73435953d344a715db76b9c26	mediaplayer.cpp	ea662734c2f5c32e7ad839a008941868a1b04ae2	bc588f1d41a3d96ad7fea90fa29d8f8b5a201878	M	parent_tree_identity	Actual retained-parent file edge; semantic conclusions are component-scoped in the companion ledger, not implied by this edge.
libqtcommon	6bbd6eb6906b19989f38a6717792fa23f843603c	bac986dc7f331df73435953d344a715db76b9c26	mediaplayer.cpp	ea662734c2f5c32e7ad839a008941868a1b04ae2	bc588f1d41a3d96ad7fea90fa29d8f8b5a201878	M	parent_tree_identity	Actual retained-parent file edge; semantic conclusions are component-scoped in the companion ledger, not implied by this edge.
libqtcommon	8e6321067788b0c6333ee2eb56704e12768d47d1	bac986dc7f331df73435953d344a715db76b9c26	mediaplayer.cpp	ea662734c2f5c32e7ad839a008941868a1b04ae2	bc588f1d41a3d96ad7fea90fa29d8f8b5a201878	M	parent_tree_identity	Actual retained-parent file edge; semantic conclusions are component-scoped in the companion ledger, not implied by this edge.
libqtcommon	9e3074a8e8188ae2255c6a9cb49127637a4201ad	bac986dc7f331df73435953d344a715db76b9c26	mediaplayer.cpp	ea662734c2f5c32e7ad839a008941868a1b04ae2	bc588f1d41a3d96ad7fea90fa29d8f8b5a201878	M	parent_tree_identity	Actual retained-parent file edge; semantic conclusions are component-scoped in the companion ledger, not implied by this edge.
libqtcommon	fcc288efa479d84464f10263383467981bdfa5b5	bac986dc7f331df73435953d344a715db76b9c26	mediaplayer.cpp	ea662734c2f5c32e7ad839a008941868a1b04ae2	bc588f1d41a3d96ad7fea90fa29d8f8b5a201878	M	parent_tree_identity	Actual retained-parent file edge; semantic conclusions are component-scoped in the companion ledger, not implied by this edge.
libqtcommon	5e47b17e32760812d0a17872fd75fec870b119bd	bac986dc7f331df73435953d344a715db76b9c26	mediaplayer.cpp	ea662734c2f5c32e7ad839a008941868a1b04ae2	bc588f1d41a3d96ad7fea90fa29d8f8b5a201878	M	parent_tree_identity	Actual retained-parent file edge; semantic conclusions are component-scoped in the companion ledger, not implied by this edge.
libqtcommon	e736337fa97a245207b8ea00f9226ad7197eaefa	bac986dc7f331df73435953d344a715db76b9c26	mediaplayer.cpp	ea662734c2f5c32e7ad839a008941868a1b04ae2	bc588f1d41a3d96ad7fea90fa29d8f8b5a201878	M	parent_tree_identity	Actual retained-parent file edge; semantic conclusions are component-scoped in the companion ledger, not implied by this edge.
libqtcommon	a93cfa2e3294bc4db2543138ae51895533f7f459	bac986dc7f331df73435953d344a715db76b9c26	mediaplayer.cpp	ea662734c2f5c32e7ad839a008941868a1b04ae2	bc588f1d41a3d96ad7fea90fa29d8f8b5a201878	M	parent_tree_identity	Actual retained-parent file edge; semantic conclusions are component-scoped in the companion ledger, not implied by this edge.
libqtcommon	777de7fee8644203522f5b7917a21e88d1addeb2	bac986dc7f331df73435953d344a715db76b9c26	mediaplayer.cpp	ea662734c2f5c32e7ad839a008941868a1b04ae2	bc588f1d41a3d96ad7fea90fa29d8f8b5a201878	M	parent_tree_identity	Actual retained-parent file edge; semantic conclusions are component-scoped in the companion ledger, not implied by this edge.
libqtcommon	b933757af039cc9ef1dc6ddcb1150f6c98bca4db	bac986dc7f331df73435953d344a715db76b9c26	mediaplayer.cpp	ea662734c2f5c32e7ad839a008941868a1b04ae2	bc588f1d41a3d96ad7fea90fa29d8f8b5a201878	M	parent_tree_identity	Actual retained-parent file edge; semantic conclusions are component-scoped in the companion ledger, not implied by this edge.
libqtcommon	8a79d78249d2962ffe7fcb4f9cf8193e8a6be61d	bac986dc7f331df73435953d344a715db76b9c26	mediaplayer.cpp	ea662734c2f5c32e7ad839a008941868a1b04ae2	bc588f1d41a3d96ad7fea90fa29d8f8b5a201878	M	parent_tree_identity	Actual retained-parent file edge; semantic conclusions are component-scoped in the companion ledger, not implied by this edge.
libqtcommon	7a9f7284185bdb3d95015001fa15b8a7d1f527da	bac986dc7f331df73435953d344a715db76b9c26	mediaplayer.cpp	ea662734c2f5c32e7ad839a008941868a1b04ae2	bc588f1d41a3d96ad7fea90fa29d8f8b5a201878	M	parent_tree_identity	Actual retained-parent file edge; semantic conclusions are component-scoped in the companion ledger, not implied by this edge.
libqtcommon	edd8b7f080d8553b0d2ffa10dc7fe40b2267480f	bac986dc7f331df73435953d344a715db76b9c26	mediaplayer.cpp	ea662734c2f5c32e7ad839a008941868a1b04ae2	bc588f1d41a3d96ad7fea90fa29d8f8b5a201878	M	parent_tree_identity	Actual retained-parent file edge; semantic conclusions are component-scoped in the companion ledger, not implied by this edge.
libqtcommon	c9ad7ba3e09a363705c4f0f25c3ef6d095820e1a	bac986dc7f331df73435953d344a715db76b9c26	mediaplayer.cpp	ea662734c2f5c32e7ad839a008941868a1b04ae2	bc588f1d41a3d96ad7fea90fa29d8f8b5a201878	M	parent_tree_identity	Actual retained-parent file edge; semantic conclusions are component-scoped in the companion ledger, not implied by this edge.
libqtcommon	aff751cd9368c0ca4f9371eb534506db79bfaa24	bac986dc7f331df73435953d344a715db76b9c26	mediaplayer.cpp	ea662734c2f5c32e7ad839a008941868a1b04ae2	bc588f1d41a3d96ad7fea90fa29d8f8b5a201878	M	parent_tree_identity	Actual retained-parent file edge; semantic conclusions are component-scoped in the companion ledger, not implied by this edge.
libqtcommon	6052984aa8699cd9dc495f237b6155416add9d10	c6ff194da7c04473be3ad41b0490ccc72122550c	mediaplayer.cpp	ea662734c2f5c32e7ad839a008941868a1b04ae2	bc588f1d41a3d96ad7fea90fa29d8f8b5a201878	M	parent_tree_identity	Actual retained-parent file edge; semantic conclusions are component-scoped in the companion ledger, not implied by this edge.
libqtcommon	f366aa436c502d17129e5f523ed87f0ee14ab420	47329ac2ca58ac9f12ee3625dd540134e7c9d5be	mediaplayer.cpp	ea662734c2f5c32e7ad839a008941868a1b04ae2	bc588f1d41a3d96ad7fea90fa29d8f8b5a201878	M	parent_tree_identity	Actual retained-parent file edge; semantic conclusions are component-scoped in the companion ledger, not implied by this edge.
libqtcommon	d65e1bda1f3ee81390e907f3a242aa541a3460e7	cc3b398624a14578691cadd9e2f947d3232d5544	mediaplayer.cpp	b263a48f59471477e6825a08bc4e7a18709d93aa	ea662734c2f5c32e7ad839a008941868a1b04ae2	M	parent_tree_identity	Actual retained-parent file edge; semantic conclusions are component-scoped in the companion ledger, not implied by this edge.
libqtcommon	9a21b8c9eac684836753d3194b9a9b4db567bd9a	5eba81c5d1d83818c0bda8a8fcda0fd85cd09e24	mediaplayer.cpp	b263a48f59471477e6825a08bc4e7a18709d93aa	ea662734c2f5c32e7ad839a008941868a1b04ae2	M	parent_tree_identity	Actual retained-parent file edge; semantic conclusions are component-scoped in the companion ledger, not implied by this edge.
libqtcommon	a54c0e4b7a3618fa31663f1032e7fa0d20512d45	5f7962bd402a6fe756e51bfa2299c0b3cbeebac7	mediaplayer.cpp	a20d65715587b7394ebbe10b56156a6163fe92cc	b263a48f59471477e6825a08bc4e7a18709d93aa	M	parent_tree_identity	Actual retained-parent file edge; semantic conclusions are component-scoped in the companion ledger, not implied by this edge.
libqtcommon	5eba81c5d1d83818c0bda8a8fcda0fd85cd09e24	bee69ae6ef7ddb970eb1d9625fc4e4d1dcb8d89b	mediaplayer.cpp	29f06a6ad6d6dd3ba617b5801da1dd59d4d5b0bd	b263a48f59471477e6825a08bc4e7a18709d93aa	M	parent_tree_identity	Actual retained-parent file edge; semantic conclusions are component-scoped in the companion ledger, not implied by this edge.
libqtcommon	bee69ae6ef7ddb970eb1d9625fc4e4d1dcb8d89b	c358006a7b22e2ec78f635b7ebb690b663f4c38d	mediaplayer.cpp	bcab77d8de860b8db9209d88ecf0c8b28a1c9e44	29f06a6ad6d6dd3ba617b5801da1dd59d4d5b0bd	M	parent_tree_identity	Actual retained-parent file edge; semantic conclusions are component-scoped in the companion ledger, not implied by this edge.
libqtcommon	33c4200b7ede25cea9ef74204eebe74e76ea9f13	96ca624fbcbfccb784f2d7925be9a15755adf8a8	mediaplayer.cpp	1c886ba4813200207e0bcc4a7325092040e83135	bcab77d8de860b8db9209d88ecf0c8b28a1c9e44	M	parent_tree_identity	Actual retained-parent file edge; semantic conclusions are component-scoped in the companion ledger, not implied by this edge.
libqtcommon	b4eb81aad0c014993436860c9ed08aa1f457c5e4	96ca624fbcbfccb784f2d7925be9a15755adf8a8	mediaplayer.cpp	1c886ba4813200207e0bcc4a7325092040e83135	bcab77d8de860b8db9209d88ecf0c8b28a1c9e44	M	parent_tree_identity	Actual retained-parent file edge; semantic conclusions are component-scoped in the companion ledger, not implied by this edge.
libqtcommon	96ca624fbcbfccb784f2d7925be9a15755adf8a8	ed40aa2a655f49376ec17a8affe4af532dd45fde	mediaplayer.cpp	227276f1214eff4e55f68430a262c71a9242fb81	1c886ba4813200207e0bcc4a7325092040e83135	M	parent_tree_identity	Actual retained-parent file edge; semantic conclusions are component-scoped in the companion ledger, not implied by this edge.
libqtcommon	b8515db5d27268b003a43751fa11b0c8fc449807	38e9ca863ce73b2c81d782c015da8b5e833e4e16	mediaplayer.cpp	3c600f449b746a8fcad5336b19a57145635ccb4e	1c886ba4813200207e0bcc4a7325092040e83135	M	parent_tree_identity	Actual retained-parent file edge; semantic conclusions are component-scoped in the companion ledger, not implied by this edge.
libqtcommon	b8515db5d27268b003a43751fa11b0c8fc449807	d0774221416a3c9cd2cbc814849d8d732273b884	mediaplayer.cpp	89fbd9ff0988470fa8fedf1b48e03d3490dcd42b	1c886ba4813200207e0bcc4a7325092040e83135	M	parent_tree_identity	Actual retained-parent file edge; semantic conclusions are component-scoped in the companion ledger, not implied by this edge.
libqtcommon	38e9ca863ce73b2c81d782c015da8b5e833e4e16	fd2ac4852a6d1aa13fb681026b6badf85faf6d75	mediaplayer.cpp	227276f1214eff4e55f68430a262c71a9242fb81	3c600f449b746a8fcad5336b19a57145635ccb4e	M	parent_tree_identity	Actual retained-parent file edge; semantic conclusions are component-scoped in the companion ledger, not implied by this edge.
libqtcommon	20ca9e85c64c9566a188d02ee25059ff88631d4b	2f3cf8d22f07cb3b79c9635c361465ad691b191f	mediaplayer.cpp	0ac1d89d041c135f7bbfd93d1a84f541f368bd6a	3c600f449b746a8fcad5336b19a57145635ccb4e	M	parent_tree_identity	Actual retained-parent file edge; semantic conclusions are component-scoped in the companion ledger, not implied by this edge.
libqtcommon	2f3cf8d22f07cb3b79c9635c361465ad691b191f	fd2ac4852a6d1aa13fb681026b6badf85faf6d75	mediaplayer.cpp	227276f1214eff4e55f68430a262c71a9242fb81	0ac1d89d041c135f7bbfd93d1a84f541f368bd6a	M	parent_tree_identity	Actual retained-parent file edge; semantic conclusions are component-scoped in the companion ledger, not implied by this edge.
libqtcommon	5f7962bd402a6fe756e51bfa2299c0b3cbeebac7	f8f8dd4824257a35d1b07dbc6aee8bad9bb9f2fc	mediaplayer.cpp	2036ee86b6ebc66da21d57dd74a3867560ea1d22	a20d65715587b7394ebbe10b56156a6163fe92cc	M	parent_tree_identity	Actual retained-parent file edge; semantic conclusions are component-scoped in the companion ledger, not implied by this edge.
libqtcommon	ad21e8a8c6626af06d1f232a810bad69cc94da8e	32597415103c1965900e00b02b235de68f9c892c	mediaplayer.cpp	a20d65715587b7394ebbe10b56156a6163fe92cc	227276f1214eff4e55f68430a262c71a9242fb81	M	parent_tree_identity	Actual retained-parent file edge; semantic conclusions are component-scoped in the companion ledger, not implied by this edge.
libqtcommon	32597415103c1965900e00b02b235de68f9c892c	feaea6178b8bae4d019b292e25a5bc8019ee47c6	mediaplayer.cpp	c257c0eb988ba19a590344516f8e63c692e093ce	a20d65715587b7394ebbe10b56156a6163fe92cc	M	parent_tree_identity	Actual retained-parent file edge; semantic conclusions are component-scoped in the companion ledger, not implied by this edge.
libqtcommon	feaea6178b8bae4d019b292e25a5bc8019ee47c6	8bbc4056d0e8a61d60f3a29e8d3409601ab39ec2	mediaplayer.cpp	1349dd3b3649664ced6a2c8bf0d07b9775222329	c257c0eb988ba19a590344516f8e63c692e093ce	M	parent_tree_identity	Actual retained-parent file edge; semantic conclusions are component-scoped in the companion ledger, not implied by this edge.
libqtcommon	8bbc4056d0e8a61d60f3a29e8d3409601ab39ec2	1e8010a5b5d7b82b1fff06ddb910f85e34ca458c	mediaplayer.cpp	e3ead38e1577df2183ac94ab289c474231c9ed0a	1349dd3b3649664ced6a2c8bf0d07b9775222329	M	parent_tree_identity	Actual retained-parent file edge; semantic conclusions are component-scoped in the companion ledger, not implied by this edge.
libqtcommon	d0774221416a3c9cd2cbc814849d8d732273b884	bd28862164e1844a8bb19c51c215f7c7913cd606	mediaplayer.cpp	a228a027a73fad39a4fafb6d4baed83f8c9be7db	89fbd9ff0988470fa8fedf1b48e03d3490dcd42b	M	parent_tree_identity	Actual retained-parent file edge; semantic conclusions are component-scoped in the companion ledger, not implied by this edge.
libqtcommon	ec2bd84fef1d6ca54b2fab89bbb2db71fa2d62e2	bd94ca93e263f34fb6269803d8bbed20d0ef0050	mediaplayer.cpp	2036ee86b6ebc66da21d57dd74a3867560ea1d22	e3ead38e1577df2183ac94ab289c474231c9ed0a	M	parent_tree_identity	Actual retained-parent file edge; semantic conclusions are component-scoped in the companion ledger, not implied by this edge.
libqtcommon	f8f8dd4824257a35d1b07dbc6aee8bad9bb9f2fc	c5cbd1bd2a1e8076c9937e5250ffd9f63d485626	mediaplayer.cpp	4efb6bc2e111e9ec4c45e81fc80974622f39632b	2036ee86b6ebc66da21d57dd74a3867560ea1d22	M	parent_tree_identity	Actual retained-parent file edge; semantic conclusions are component-scoped in the companion ledger, not implied by this edge.
libqtcommon	bd94ca93e263f34fb6269803d8bbed20d0ef0050	2e38f2273a61477390eddbf0bcbdf1c1f5ddb741	mediaplayer.cpp	4efb6bc2e111e9ec4c45e81fc80974622f39632b	2036ee86b6ebc66da21d57dd74a3867560ea1d22	M	parent_tree_identity	Actual retained-parent file edge; semantic conclusions are component-scoped in the companion ledger, not implied by this edge.
libqtcommon	c5cbd1bd2a1e8076c9937e5250ffd9f63d485626	f30e66a091690f9baa393e75bef75db5456180f1	mediaplayer.cpp	0000000000000000000000000000000000000000	4efb6bc2e111e9ec4c45e81fc80974622f39632b	A	parent_tree_identity	Actual retained-parent file edge; semantic conclusions are component-scoped in the companion ledger, not implied by this edge.
libqtcommon	2e38f2273a61477390eddbf0bcbdf1c1f5ddb741	3edf03b6fb3e5ad6fb59eb7832ad1923714c8fc6	mediaplayer.cpp	148e90423dbb722354baaf5da2abeb12f97abf53	4efb6bc2e111e9ec4c45e81fc80974622f39632b	M	parent_tree_identity	Actual retained-parent file edge; semantic conclusions are component-scoped in the companion ledger, not implied by this edge.
libqtcommon	3edf03b6fb3e5ad6fb59eb7832ad1923714c8fc6	8c8224950579881d49b5402b1b0d78e19acc3653	mediaplayer.cpp	1c79b91502a0763461a8eb334b861d7a1a52a7b2	148e90423dbb722354baaf5da2abeb12f97abf53	M	parent_tree_identity	Actual retained-parent file edge; semantic conclusions are component-scoped in the companion ledger, not implied by this edge.
libqtcommon	8c8224950579881d49b5402b1b0d78e19acc3653	bd28862164e1844a8bb19c51c215f7c7913cd606	mediaplayer.cpp	a228a027a73fad39a4fafb6d4baed83f8c9be7db	1c79b91502a0763461a8eb334b861d7a1a52a7b2	M	parent_tree_identity	Actual retained-parent file edge; semantic conclusions are component-scoped in the companion ledger, not implied by this edge.
libqtcommon	e32b8f6349fe46b715f94e911cb1b92a1d8a3744	-	mediaplayer.cpp	0000000000000000000000000000000000000000	a228a027a73fad39a4fafb6d4baed83f8c9be7db	A	parent_tree_identity	Actual retained-parent file edge; semantic conclusions are component-scoped in the companion ledger, not implied by this edge.
libqtdevices	07938c30fb5318ee28a26770155040687c134014	20b67275c780d5d0d4643ef446eabe6ad28877e5	list_manager.cpp	b38a1f09e9b8ed9e15425fdc279185275ea55fd0	0000000000000000000000000000000000000000	D	parent_tree_identity	Actual retained-parent file edge; semantic conclusions are component-scoped in the companion ledger, not implied by this edge.
libqtdevices	07938c30fb5318ee28a26770155040687c134014	20b67275c780d5d0d4643ef446eabe6ad28877e5	mediaplayer.cpp	c0b262b1c449646439a6528400cfc2e314f33d58	0000000000000000000000000000000000000000	D	parent_tree_identity	Actual retained-parent file edge; semantic conclusions are component-scoped in the companion ledger, not implied by this edge.
libqtdevices	07938c30fb5318ee28a26770155040687c134014	20b67275c780d5d0d4643ef446eabe6ad28877e5	ts_10/audioplayer_ts10.cpp	ca34f815df4abc3b9dad9ff673af20cbf7c8c5c6	0000000000000000000000000000000000000000	D	parent_tree_identity	Actual retained-parent file edge; semantic conclusions are component-scoped in the companion ledger, not implied by this edge.
libqtdevices	07938c30fb5318ee28a26770155040687c134014	20b67275c780d5d0d4643ef446eabe6ad28877e5	ts_3_5/audioplayer_ts3.cpp	cf5428914dd0b11f4a91c334c20c15addc7984e5	0000000000000000000000000000000000000000	D	parent_tree_identity	Actual retained-parent file edge; semantic conclusions are component-scoped in the companion ledger, not implied by this edge.
libqtdevices	20b67275c780d5d0d4643ef446eabe6ad28877e5	59effd83e6bef4ea90ec2a8e87ffcffab7c402fe	mediaplayer.cpp	e7e5f06962bc52b4c83e1e3fc59e84c7a6b0a18e	c0b262b1c449646439a6528400cfc2e314f33d58	M	parent_tree_identity	Actual retained-parent file edge; semantic conclusions are component-scoped in the companion ledger, not implied by this edge.
libqtdevices	4361ca22a689396e18386d65be75947d8c22c169	328efb4d609689ba576a230288f838d10fe2a1a2	mediaplayer.cpp	f12abc1c909442019d7ca63470a715dfe7ab9a07	e7e5f06962bc52b4c83e1e3fc59e84c7a6b0a18e	M	parent_tree_identity	Actual retained-parent file edge; semantic conclusions are component-scoped in the companion ledger, not implied by this edge.
libqtdevices	b7cb333196b4abe478da231a6d4aa2d7b4e885fc	397e1b5daafc35942b3f2002c7735a3bc79903dd	mediaplayer.cpp	657bb01abb6181ba893f1cef6672121743b3bc71	f12abc1c909442019d7ca63470a715dfe7ab9a07	M	parent_tree_identity	Actual retained-parent file edge; semantic conclusions are component-scoped in the companion ledger, not implied by this edge.
libqtdevices	397e1b5daafc35942b3f2002c7735a3bc79903dd	a4eea243634f8a20d356d791eea318d019fc5d47	mediaplayer.cpp	ce834f6865109eed74a31dd4514fd7d45654e4d7	657bb01abb6181ba893f1cef6672121743b3bc71	M	parent_tree_identity	Actual retained-parent file edge; semantic conclusions are component-scoped in the companion ledger, not implied by this edge.
libqtdevices	397e1b5daafc35942b3f2002c7735a3bc79903dd	a4eea243634f8a20d356d791eea318d019fc5d47	ts_10/audioplayer_ts10.cpp	0eef73f9a43c7aa7c2c47f80217c5d8dd8338878	ca34f815df4abc3b9dad9ff673af20cbf7c8c5c6	M	parent_tree_identity	Actual retained-parent file edge; semantic conclusions are component-scoped in the companion ledger, not implied by this edge.
libqtdevices	397e1b5daafc35942b3f2002c7735a3bc79903dd	a4eea243634f8a20d356d791eea318d019fc5d47	ts_3_5/audioplayer_ts3.cpp	04a13cbcdbaf736d0cc54f7f020fc90ce0e694e5	cf5428914dd0b11f4a91c334c20c15addc7984e5	M	parent_tree_identity	Actual retained-parent file edge; semantic conclusions are component-scoped in the companion ledger, not implied by this edge.
libqtdevices	b570399cacf5088a0d3e1824b10180510c86524d	d799557d31ec0c3619aaeefe7305bd537e5cb5ec	mediaplayer.cpp	60f0062d96ba4aeb73b3d0fc892b111f33105aff	ce834f6865109eed74a31dd4514fd7d45654e4d7	M	parent_tree_identity	Actual retained-parent file edge; semantic conclusions are component-scoped in the companion ledger, not implied by this edge.
libqtdevices	f8cad12306e4bd8a11bc925567ddaa87a6882a37	ad7564cc7ff32450959fb093bc91764dc208806d	list_manager.cpp	c935b06bf6b1824d4af00244f01e480fe2e0b5fc	b38a1f09e9b8ed9e15425fdc279185275ea55fd0	M	parent_tree_identity	Actual retained-parent file edge; semantic conclusions are component-scoped in the companion ledger, not implied by this edge.
libqtdevices	31c7dbdfff698c7e79c4cd70572be1b562dfb7b8	6497eb725448127fb27692f445a947e59654e27f	mediaplayer.cpp	e84cb05965819d6a6c10224619017d43c5f323f3	60f0062d96ba4aeb73b3d0fc892b111f33105aff	M	parent_tree_identity	Actual retained-parent file edge; semantic conclusions are component-scoped in the companion ledger, not implied by this edge.
libqtdevices	1d4c00a34edd0d87e9235720a4ed978e17e8fb07	d3006c3d4bbdc270e1722452376cab2e6fd37e39	mediaplayer.cpp	e84cb05965819d6a6c10224619017d43c5f323f3	60f0062d96ba4aeb73b3d0fc892b111f33105aff	M	parent_tree_identity	Actual retained-parent file edge; semantic conclusions are component-scoped in the companion ledger, not implied by this edge.
libqtdevices	6497eb725448127fb27692f445a947e59654e27f	b74e51036977a1746770d2694e24e454f5f85351	mediaplayer.cpp	09b2cc03a8e963d75f3f70e63c3e33682a1b644f	e84cb05965819d6a6c10224619017d43c5f323f3	M	parent_tree_identity	Actual retained-parent file edge; semantic conclusions are component-scoped in the companion ledger, not implied by this edge.
libqtdevices	2d5efc846f16a2a5bfe14170ec4a00f1e0f4f1ef	d90849d1f4120ad1704afb0cf9c0bb1f612a2797	mediaplayer.cpp	09b2cc03a8e963d75f3f70e63c3e33682a1b644f	e84cb05965819d6a6c10224619017d43c5f323f3	M	parent_tree_identity	Actual retained-parent file edge; semantic conclusions are component-scoped in the companion ledger, not implied by this edge.
libqtdevices	20e489833aaca72d509c21c63a124a673ba1e39e	fc3ad49c257d0bd6de08ffdcc8b378e492663460	list_manager.cpp	1cebfc4d36529cf3c57b93221a250e04534dbe1e	c935b06bf6b1824d4af00244f01e480fe2e0b5fc	M	parent_tree_identity	Actual retained-parent file edge; semantic conclusions are component-scoped in the companion ledger, not implied by this edge.
libqtdevices	b0eda2b8b875b42084b4a6124971df6c1c36ec92	1d6753bd6234d3d0889f73993fe346262679c600	mediaplayer.cpp	0d091fb1c4abe98e0bcd2da3a4338d66c8135e48	09b2cc03a8e963d75f3f70e63c3e33682a1b644f	M	parent_tree_identity	Actual retained-parent file edge; semantic conclusions are component-scoped in the companion ledger, not implied by this edge.
libqtdevices	1d6753bd6234d3d0889f73993fe346262679c600	e35de588ca209e1ac6bb8c1888d11bcaefc78fa7	mediaplayer.cpp	da5b209faccda2baca2e8fbac1f676de02d02c0f	0d091fb1c4abe98e0bcd2da3a4338d66c8135e48	M	parent_tree_identity	Actual retained-parent file edge; semantic conclusions are component-scoped in the companion ledger, not implied by this edge.
libqtdevices	3152e16d4a285c07a66953f5d40f836180ba07f9	f03f15a73ad3f31acbd684cd994a64b0079a3ef6	mediaplayer.cpp	c5e716c9258f910a609eeb20af53f1201caa5260	da5b209faccda2baca2e8fbac1f676de02d02c0f	M	parent_tree_identity	Actual retained-parent file edge; semantic conclusions are component-scoped in the companion ledger, not implied by this edge.
libqtdevices	f03f15a73ad3f31acbd684cd994a64b0079a3ef6	8810522a1319d7ab68cb973b100317285bbca944	mediaplayer.cpp	a7de9d15fd6392d8016d7389d257d81b402dcbae	c5e716c9258f910a609eeb20af53f1201caa5260	M	parent_tree_identity	Actual retained-parent file edge; semantic conclusions are component-scoped in the companion ledger, not implied by this edge.
libqtdevices	13e3791697be02fe091cc75101daa03e9e37eb15	ee322c21869f5cdea1cd9c813c0397841853582e	list_manager.cpp	e4a75ae259e6c033fbb935a1d5b4b598b1fa484d	1cebfc4d36529cf3c57b93221a250e04534dbe1e	M	parent_tree_identity	Actual retained-parent file edge; semantic conclusions are component-scoped in the companion ledger, not implied by this edge.
libqtdevices	c4e437be08c862ec7007111ac2c20cf09d52d33e	3fa040d3c826cd35c4aa0c93e971bad19c56d1d4	mediaplayer.cpp	7e892a9193988ccee5148b69f7d9f69c05594d7a	a7de9d15fd6392d8016d7389d257d81b402dcbae	M	parent_tree_identity	Actual retained-parent file edge; semantic conclusions are component-scoped in the companion ledger, not implied by this edge.
libqtdevices	3fa040d3c826cd35c4aa0c93e971bad19c56d1d4	51d153f855a864cef3c16254dceffceb6c19c96b	mediaplayer.cpp	c65cad06c8180f8432e17d20d76ab015e91c994d	7e892a9193988ccee5148b69f7d9f69c05594d7a	M	parent_tree_identity	Actual retained-parent file edge; semantic conclusions are component-scoped in the companion ledger, not implied by this edge.
libqtdevices	51d153f855a864cef3c16254dceffceb6c19c96b	4744c8b1f5caa355c6cc62cf27f59621ca54c04e	mediaplayer.cpp	22d3e012bdf0acfbfcd47b886eeb643eb4bbe0eb	c65cad06c8180f8432e17d20d76ab015e91c994d	M	parent_tree_identity	Actual retained-parent file edge; semantic conclusions are component-scoped in the companion ledger, not implied by this edge.
libqtdevices	51d153f855a864cef3c16254dceffceb6c19c96b	4744c8b1f5caa355c6cc62cf27f59621ca54c04e	ts_10/audioplayer_ts10.cpp	338112a9c41bfac11dac933657df5052c6732f5c	0eef73f9a43c7aa7c2c47f80217c5d8dd8338878	M	parent_tree_identity	Actual retained-parent file edge; semantic conclusions are component-scoped in the companion ledger, not implied by this edge.
libqtdevices	51d153f855a864cef3c16254dceffceb6c19c96b	4744c8b1f5caa355c6cc62cf27f59621ca54c04e	ts_3_5/audioplayer_ts3.cpp	3ba566220c060f918c11f56ef2e0951b55f680db	04a13cbcdbaf736d0cc54f7f020fc90ce0e694e5	M	parent_tree_identity	Actual retained-parent file edge; semantic conclusions are component-scoped in the companion ledger, not implied by this edge.
libqtdevices	4744c8b1f5caa355c6cc62cf27f59621ca54c04e	56433f51dae7806226225604d536f9bc40a47b5e	mediaplayer.cpp	7abf34edda64846a291ec9f2eeb618131ef51404	22d3e012bdf0acfbfcd47b886eeb643eb4bbe0eb	M	parent_tree_identity	Actual retained-parent file edge; semantic conclusions are component-scoped in the companion ledger, not implied by this edge.
libqtdevices	56433f51dae7806226225604d536f9bc40a47b5e	a179a53309964bfeb7218e2df9dc5efe302fd9b0	mediaplayer.cpp	fee33c2843b6fa8f80d04fb4391c5f0105986443	7abf34edda64846a291ec9f2eeb618131ef51404	M	parent_tree_identity	Actual retained-parent file edge; semantic conclusions are component-scoped in the companion ledger, not implied by this edge.
libqtdevices	a179a53309964bfeb7218e2df9dc5efe302fd9b0	463bb5026df1a237db41148d8368bc985084e47c	mediaplayer.cpp	9e2f7b11bf6a1951e73c53d89e84c02167c37f5d	fee33c2843b6fa8f80d04fb4391c5f0105986443	M	parent_tree_identity	Actual retained-parent file edge; semantic conclusions are component-scoped in the companion ledger, not implied by this edge.
libqtdevices	463bb5026df1a237db41148d8368bc985084e47c	0394ef80e73abf11d0fcedc5729c689011fade8a	mediaplayer.cpp	481e192f612a18eb804560d0d77e8f07fb59a43f	9e2f7b11bf6a1951e73c53d89e84c02167c37f5d	M	parent_tree_identity	Actual retained-parent file edge; semantic conclusions are component-scoped in the companion ledger, not implied by this edge.
libqtdevices	0394ef80e73abf11d0fcedc5729c689011fade8a	f1d05453b1ebe866f1cb8dc327c0b79ec13d7db2	mediaplayer.cpp	ab18a1960ecf775d12b059fbf36de3564a3c1fb1	481e192f612a18eb804560d0d77e8f07fb59a43f	M	parent_tree_identity	Actual retained-parent file edge; semantic conclusions are component-scoped in the companion ledger, not implied by this edge.
libqtdevices	4edb42da8323ee0f0fac57857e0662fd91bb3e4b	e6952709b581917dc2d3db47e02ec0902d557eae	mediaplayer.cpp	f079e0af5a41724dd39230eabec670147f50f7d0	ab18a1960ecf775d12b059fbf36de3564a3c1fb1	M	parent_tree_identity	Actual retained-parent file edge; semantic conclusions are component-scoped in the companion ledger, not implied by this edge.
libqtdevices	e6952709b581917dc2d3db47e02ec0902d557eae	69148c5818dde256e067afc8e0835d435543adaf	ts_3_5/audioplayer_ts3.cpp	4682aa9bd84459c781d6d104efc160a88f8e3c1b	3ba566220c060f918c11f56ef2e0951b55f680db	M	parent_tree_identity	Actual retained-parent file edge; semantic conclusions are component-scoped in the companion ledger, not implied by this edge.
libqtdevices	ea5af7c3ad01d66007a94230a8153f6635718796	10f7874952c7f6f1291b4d1a9edcd5fd23a95826	mediaplayer.cpp	1cd92574c2dc0b13c87c4bb248f53c6fde984475	f079e0af5a41724dd39230eabec670147f50f7d0	M	parent_tree_identity	Actual retained-parent file edge; semantic conclusions are component-scoped in the companion ledger, not implied by this edge.
libqtdevices	ba2bd8ec7371bc1c14da26f334a0ce56fcc3fd76	06ce4eaa51439366fca2f0ebe33968268ef94064	mediaplayer.cpp	c44fe7adf9791ce302be515082d5fddec19f89c6	1cd92574c2dc0b13c87c4bb248f53c6fde984475	M	parent_tree_identity	Actual retained-parent file edge; semantic conclusions are component-scoped in the companion ledger, not implied by this edge.
libqtdevices	ba2bd8ec7371bc1c14da26f334a0ce56fcc3fd76	06ce4eaa51439366fca2f0ebe33968268ef94064	ts_10/audioplayer_ts10.cpp	a2dc708646a85cdf3451b9ce6da6d8600f35a6d1	338112a9c41bfac11dac933657df5052c6732f5c	M	parent_tree_identity	Actual retained-parent file edge; semantic conclusions are component-scoped in the companion ledger, not implied by this edge.
libqtdevices	992307c263239626f7169af001844d41071a0637	762219c4d4cee4185a1aea3b01c9fdc97fc990b9	mediaplayer.cpp	405212b779e97dfe6a023e706ee112aabcaa0428	c44fe7adf9791ce302be515082d5fddec19f89c6	M	parent_tree_identity	Actual retained-parent file edge; semantic conclusions are component-scoped in the companion ledger, not implied by this edge.
libqtdevices	5c2eab2cc77b54318d68b44ba8311d0bfa501a9c	49496b0637a9e3e49cd1369d85d910f729e402ec	mediaplayer.cpp	aa2a01641936b0c1bc62b67629bbad7f44f5b053	405212b779e97dfe6a023e706ee112aabcaa0428	M	parent_tree_identity	Actual retained-parent file edge; semantic conclusions are component-scoped in the companion ledger, not implied by this edge.
libqtdevices	c774d2d6604b280a3938fbeea74c67cc01d4bb0e	c9fcac96a49e10b39322ce7c6346cbace8a7e596	ts_3_5/audioplayer_ts3.cpp	a179595b922cfde550d58f16239e2baec20ca3e1	4682aa9bd84459c781d6d104efc160a88f8e3c1b	M	parent_tree_identity	Actual retained-parent file edge; semantic conclusions are component-scoped in the companion ledger, not implied by this edge.
libqtdevices	8b86ae2025fb0dfbcf6b9a25476bed4a9baa535c	df30bb3d470ff140fecfcd95ed0437e23f6b3d9a	mediaplayer.cpp	e30db7ed45615ca7a3db460979235d18b3b52def	aa2a01641936b0c1bc62b67629bbad7f44f5b053	M	parent_tree_identity	Actual retained-parent file edge; semantic conclusions are component-scoped in the companion ledger, not implied by this edge.
libqtdevices	5f4fcee8fa54efd373695781ff7fcefc88dc397f	e733537df3f49073b71a12cbeb519408eb5b2494	mediaplayer.cpp	e470b099c570328d4dd3f3a6a2da86aed7f91716	e30db7ed45615ca7a3db460979235d18b3b52def	M	parent_tree_identity	Actual retained-parent file edge; semantic conclusions are component-scoped in the companion ledger, not implied by this edge.
libqtdevices	5f4fcee8fa54efd373695781ff7fcefc88dc397f	e733537df3f49073b71a12cbeb519408eb5b2494	ts_10/audioplayer_ts10.cpp	d774d2099d23495abaf357536d07c4b9aa4e50d5	a2dc708646a85cdf3451b9ce6da6d8600f35a6d1	M	parent_tree_identity	Actual retained-parent file edge; semantic conclusions are component-scoped in the companion ledger, not implied by this edge.
libqtdevices	5f4fcee8fa54efd373695781ff7fcefc88dc397f	e733537df3f49073b71a12cbeb519408eb5b2494	ts_3_5/audioplayer_ts3.cpp	e5774f59ad944fd9258176b46a7a72f135c4e05d	a179595b922cfde550d58f16239e2baec20ca3e1	M	parent_tree_identity	Actual retained-parent file edge; semantic conclusions are component-scoped in the companion ledger, not implied by this edge.
libqtdevices	061f9f1f39b4d373281a2a426e1f296912673a05	3027d486f1e40b539e3d4dff8ed529fb23024bad	ts_3_5/audioplayer_ts3.cpp	e2b24ce03dda5706117f7af761908ab0e78ec18a	e5774f59ad944fd9258176b46a7a72f135c4e05d	M	parent_tree_identity	Actual retained-parent file edge; semantic conclusions are component-scoped in the companion ledger, not implied by this edge.
libqtdevices	3fbdca8210b24ed2b52060ed8cb3a811e1822c3f	5a39077dd09bccb48435cd2258536df5a1dc1c37	ts_3_5/audioplayer_ts3.cpp	4cbfbdaa71fb0bbc86b191b3163be87c65d08061	e2b24ce03dda5706117f7af761908ab0e78ec18a	M	parent_tree_identity	Actual retained-parent file edge; semantic conclusions are component-scoped in the companion ledger, not implied by this edge.
libqtdevices	5a39077dd09bccb48435cd2258536df5a1dc1c37	fd818bc91154838e2601ce7eecfd84578b0f488f	ts_3_5/audioplayer_ts3.cpp	0d12732136cf5d63267bee4da6f0c017e45f7b78	4cbfbdaa71fb0bbc86b191b3163be87c65d08061	M	parent_tree_identity	Actual retained-parent file edge; semantic conclusions are component-scoped in the companion ledger, not implied by this edge.
libqtdevices	10892ae6663af31fdc597c58fe4ccc5e806c10a9	250775433a3a2eb8f9056fb0e7002c6b61c683b1	ts_3_5/audioplayer_ts3.cpp	0f9ff01e491a3c13c00559216e1705053294677a	0d12732136cf5d63267bee4da6f0c017e45f7b78	M	parent_tree_identity	Actual retained-parent file edge; semantic conclusions are component-scoped in the companion ledger, not implied by this edge.
libqtdevices	0efc0f43d6163e8220798b9e1efaa9b3c0c54f77	7a95140bb0128f53de1ca1b706f45e75c1844802	ts_3_5/audioplayer_ts3.cpp	c9ce5355762fe997b29d209ca9ab958def48dc30	0f9ff01e491a3c13c00559216e1705053294677a	M	parent_tree_identity	Actual retained-parent file edge; semantic conclusions are component-scoped in the companion ledger, not implied by this edge.
libqtdevices	7a95140bb0128f53de1ca1b706f45e75c1844802	2caa7b3f939d4eec688e19c22593aec6d98d5a79	ts_10/audioplayer_ts10.cpp	a3001fc930e0c04ad810c39b2fbea26ee696909d	d774d2099d23495abaf357536d07c4b9aa4e50d5	M	parent_tree_identity	Actual retained-parent file edge; semantic conclusions are component-scoped in the companion ledger, not implied by this edge.
libqtdevices	7662743643d9948a9e791b8a1a86bb92e30115ed	0b575caf362e227485fb60f7434747c1c6aaae67	ts_10/audioplayer_ts10.cpp	a0dd09f40ea7625155666b8f9b9a34cb4409d75b	a3001fc930e0c04ad810c39b2fbea26ee696909d	M	parent_tree_identity	Actual retained-parent file edge; semantic conclusions are component-scoped in the companion ledger, not implied by this edge.
libqtdevices	0b575caf362e227485fb60f7434747c1c6aaae67	6ee4490802dbecfc2a2abf802e0c37086554b964	ts_10/audioplayer_ts10.cpp	fc209128da4b323e5fcd861268ad5992908a32fd	a0dd09f40ea7625155666b8f9b9a34cb4409d75b	M	parent_tree_identity	Actual retained-parent file edge; semantic conclusions are component-scoped in the companion ledger, not implied by this edge.
libqtdevices	6ee4490802dbecfc2a2abf802e0c37086554b964	a15ef18681eb7420b7711fac45217a3367aa80f9	audioplayer.cpp	25812f4c3e2c90b78d0c7823859b8818c2533ea4	0000000000000000000000000000000000000000	D	parent_tree_identity	Actual retained-parent file edge; semantic conclusions are component-scoped in the companion ledger, not implied by this edge.
libqtdevices	6ee4490802dbecfc2a2abf802e0c37086554b964	a15ef18681eb7420b7711fac45217a3367aa80f9	ts_10/audioplayer_ts10.cpp	0000000000000000000000000000000000000000	fc209128da4b323e5fcd861268ad5992908a32fd	A	parent_tree_identity	Actual retained-parent file edge; semantic conclusions are component-scoped in the companion ledger, not implied by this edge.
libqtdevices	6ee4490802dbecfc2a2abf802e0c37086554b964	a15ef18681eb7420b7711fac45217a3367aa80f9	ts_3_5/audioplayer_ts3.cpp	0000000000000000000000000000000000000000	c9ce5355762fe997b29d209ca9ab958def48dc30	A	parent_tree_identity	Actual retained-parent file edge; semantic conclusions are component-scoped in the companion ledger, not implied by this edge.
libqtdevices	a15ef18681eb7420b7711fac45217a3367aa80f9	1629154ce48ed8b6b6642d9268f9a8978500530a	audioplayer.cpp	06921c849064b4f7b7a8daea4ed390ef4e49093e	25812f4c3e2c90b78d0c7823859b8818c2533ea4	M	parent_tree_identity	Actual retained-parent file edge; semantic conclusions are component-scoped in the companion ledger, not implied by this edge.
libqtdevices	959b8f41ef93c7fee0b6f83699afb1264b6a7cb4	46170f6411e45ec396e5b5e7b54772eceac84cf0	audioplayer.cpp	83edaf1b5c2cd816cf6c6acb6028c0f3065bb3fb	06921c849064b4f7b7a8daea4ed390ef4e49093e	M	parent_tree_identity	Actual retained-parent file edge; semantic conclusions are component-scoped in the companion ledger, not implied by this edge.
libqtdevices	959b8f41ef93c7fee0b6f83699afb1264b6a7cb4	46170f6411e45ec396e5b5e7b54772eceac84cf0	list_manager.cpp	0000000000000000000000000000000000000000	e4a75ae259e6c033fbb935a1d5b4b598b1fa484d	A	parent_tree_identity	Actual retained-parent file edge; semantic conclusions are component-scoped in the companion ledger, not implied by this edge.
libqtdevices	46170f6411e45ec396e5b5e7b54772eceac84cf0	4cd2de7901820d7a9b531c8960be25026ff71100	audioplayer.cpp	117d7e94c5521ae4e38bbf6a1100857395f9cbc2	83edaf1b5c2cd816cf6c6acb6028c0f3065bb3fb	M	parent_tree_identity	Actual retained-parent file edge; semantic conclusions are component-scoped in the companion ledger, not implied by this edge.
libqtdevices	59decc90dda289c881f353cf527de6c3619553b3	ab74db313a36a77d5134a36c4bbca07960224bbd	audioplayer.cpp	da6e6e210f047f9372c4139403df008421ec54e9	117d7e94c5521ae4e38bbf6a1100857395f9cbc2	M	parent_tree_identity	Actual retained-parent file edge; semantic conclusions are component-scoped in the companion ledger, not implied by this edge.
libqtdevices	5ffcbdf4b678a45f58af6a30da3d7a1613a373cb	377a62e2dc0cd20eb3ec3ef35dcc7cb7ad3fe8b4	audioplayer.cpp	ed94a848b2358fc1fe3188fbbadb453cd1f0e619	da6e6e210f047f9372c4139403df008421ec54e9	M	parent_tree_identity	Actual retained-parent file edge; semantic conclusions are component-scoped in the companion ledger, not implied by this edge.
libqtdevices	a9254533e288a967ada22d0bd1e7719db7f15a0d	13147e7aa6be92f4e62fe457c83c0e067ed63cf4	audioplayer.cpp	0000000000000000000000000000000000000000	ed94a848b2358fc1fe3188fbbadb453cd1f0e619	A	parent_tree_identity	Actual retained-parent file edge; semantic conclusions are component-scoped in the companion ledger, not implied by this edge.
libqtdevices	a9254533e288a967ada22d0bd1e7719db7f15a0d	13147e7aa6be92f4e62fe457c83c0e067ed63cf4	mediaplayer.cpp	e403a4dc1c1d27c5b2d217f12072f26f41f3dbbb	e470b099c570328d4dd3f3a6a2da86aed7f91716	M	parent_tree_identity	Actual retained-parent file edge; semantic conclusions are component-scoped in the companion ledger, not implied by this edge.
libqtdevices	a9254533e288a967ada22d0bd1e7719db7f15a0d	13147e7aa6be92f4e62fe457c83c0e067ed63cf4	ts_10/audioplayer.cpp	14c8fa00b7db11c70280051090fbe37551b3c39e	0000000000000000000000000000000000000000	D	parent_tree_identity	Actual retained-parent file edge; semantic conclusions are component-scoped in the companion ledger, not implied by this edge.
libqtdevices	3c71e1d47d77aa7cabd187e5ee4fe951c2ba4cc9	54b3edc77a6afbc98b4a624f23273288a27d37dd	audioplayer.cpp	0000000000000000000000000000000000000000	ed94a848b2358fc1fe3188fbbadb453cd1f0e619	A	parent_tree_identity	Actual retained-parent file edge; semantic conclusions are component-scoped in the companion ledger, not implied by this edge.
libqtdevices	3c71e1d47d77aa7cabd187e5ee4fe951c2ba4cc9	54b3edc77a6afbc98b4a624f23273288a27d37dd	mediaplayer.cpp	e403a4dc1c1d27c5b2d217f12072f26f41f3dbbb	e470b099c570328d4dd3f3a6a2da86aed7f91716	M	parent_tree_identity	Actual retained-parent file edge; semantic conclusions are component-scoped in the companion ledger, not implied by this edge.
libqtdevices	3c71e1d47d77aa7cabd187e5ee4fe951c2ba4cc9	54b3edc77a6afbc98b4a624f23273288a27d37dd	ts_10/audioplayer.cpp	14c8fa00b7db11c70280051090fbe37551b3c39e	0000000000000000000000000000000000000000	D	parent_tree_identity	Actual retained-parent file edge; semantic conclusions are component-scoped in the companion ledger, not implied by this edge.
libqtdevices	4bd15f2f24d0417966b3ec8b2e8174c5e463d899	1905828c29b3a0b47822c94a97236a6cf2c2d333	audioplayer.cpp	579a81c5f27016223e70c5ff37d1e3ba03dbc91c	ed94a848b2358fc1fe3188fbbadb453cd1f0e619	M	parent_tree_identity	Actual retained-parent file edge; semantic conclusions are component-scoped in the companion ledger, not implied by this edge.
libqtdevices	4bd15f2f24d0417966b3ec8b2e8174c5e463d899	184b6dcea5a3a1cb44e98f502fa23b6296430cda	audioplayer.cpp	0000000000000000000000000000000000000000	ed94a848b2358fc1fe3188fbbadb453cd1f0e619	A	parent_tree_identity	Actual retained-parent file edge; semantic conclusions are component-scoped in the companion ledger, not implied by this edge.
libqtdevices	4bd15f2f24d0417966b3ec8b2e8174c5e463d899	184b6dcea5a3a1cb44e98f502fa23b6296430cda	mediaplayer.cpp	e403a4dc1c1d27c5b2d217f12072f26f41f3dbbb	e470b099c570328d4dd3f3a6a2da86aed7f91716	M	parent_tree_identity	Actual retained-parent file edge; semantic conclusions are component-scoped in the companion ledger, not implied by this edge.
libqtdevices	4bd15f2f24d0417966b3ec8b2e8174c5e463d899	184b6dcea5a3a1cb44e98f502fa23b6296430cda	ts_10/audioplayer.cpp	14c8fa00b7db11c70280051090fbe37551b3c39e	0000000000000000000000000000000000000000	D	parent_tree_identity	Actual retained-parent file edge; semantic conclusions are component-scoped in the companion ledger, not implied by this edge.
libqtdevices	184b6dcea5a3a1cb44e98f502fa23b6296430cda	8e8a915ec6b1338e67baffd29c85cda76ec01488	ts_10/audioplayer.cpp	5a493b704bf7faaf24dcfb803df51325fbdba75c	14c8fa00b7db11c70280051090fbe37551b3c39e	M	parent_tree_identity	Actual retained-parent file edge; semantic conclusions are component-scoped in the companion ledger, not implied by this edge.
libqtdevices	18d46f1cf6fe9ef1fc3b919b7e138cf62e7b79a1	cf9dd7dc6b7b79cc36ebd6c805507cd2096be3b0	audioplayer.cpp	5337e4154fb043a6c1519a105f032f55495bb892	579a81c5f27016223e70c5ff37d1e3ba03dbc91c	M	parent_tree_identity	Actual retained-parent file edge; semantic conclusions are component-scoped in the companion ledger, not implied by this edge.
libqtdevices	18d46f1cf6fe9ef1fc3b919b7e138cf62e7b79a1	c83a9e20d5b2b906c2985c52f3ccfb6711710455	audioplayer.cpp	0000000000000000000000000000000000000000	579a81c5f27016223e70c5ff37d1e3ba03dbc91c	A	parent_tree_identity	Actual retained-parent file edge; semantic conclusions are component-scoped in the companion ledger, not implied by this edge.
libqtdevices	18d46f1cf6fe9ef1fc3b919b7e138cf62e7b79a1	c83a9e20d5b2b906c2985c52f3ccfb6711710455	mediaplayer.cpp	e403a4dc1c1d27c5b2d217f12072f26f41f3dbbb	e470b099c570328d4dd3f3a6a2da86aed7f91716	M	parent_tree_identity	Actual retained-parent file edge; semantic conclusions are component-scoped in the companion ledger, not implied by this edge.
libqtdevices	18d46f1cf6fe9ef1fc3b919b7e138cf62e7b79a1	c83a9e20d5b2b906c2985c52f3ccfb6711710455	ts_10/audioplayer.cpp	5a493b704bf7faaf24dcfb803df51325fbdba75c	0000000000000000000000000000000000000000	D	parent_tree_identity	Actual retained-parent file edge; semantic conclusions are component-scoped in the companion ledger, not implied by this edge.
libqtdevices	c83a9e20d5b2b906c2985c52f3ccfb6711710455	3e64783040d67134c7b160b9f04c47efeb606446	ts_10/audioplayer.cpp	5e4e02a37084788ae54a1ba469724a5afc7f9565	5a493b704bf7faaf24dcfb803df51325fbdba75c	M	parent_tree_identity	Actual retained-parent file edge; semantic conclusions are component-scoped in the companion ledger, not implied by this edge.
libqtdevices	b3d7645b4b16a311d9c58a42c07e9564b84900a3	3e64783040d67134c7b160b9f04c47efeb606446	audioplayer.cpp	0000000000000000000000000000000000000000	5337e4154fb043a6c1519a105f032f55495bb892	A	parent_tree_identity	Actual retained-parent file edge; semantic conclusions are component-scoped in the companion ledger, not implied by this edge.
libqtdevices	b3d7645b4b16a311d9c58a42c07e9564b84900a3	3e64783040d67134c7b160b9f04c47efeb606446	mediaplayer.cpp	e403a4dc1c1d27c5b2d217f12072f26f41f3dbbb	e470b099c570328d4dd3f3a6a2da86aed7f91716	M	parent_tree_identity	Actual retained-parent file edge; semantic conclusions are component-scoped in the companion ledger, not implied by this edge.
libqtdevices	b3d7645b4b16a311d9c58a42c07e9564b84900a3	3e64783040d67134c7b160b9f04c47efeb606446	ts_10/audioplayer.cpp	5e4e02a37084788ae54a1ba469724a5afc7f9565	0000000000000000000000000000000000000000	D	parent_tree_identity	Actual retained-parent file edge; semantic conclusions are component-scoped in the companion ledger, not implied by this edge.
libqtdevices	feae625c9ce18e62c8fb0f242567a622723bc799	933525accb0584cc0a02da6e197318ff7d245ee8	audioplayer.cpp	0000000000000000000000000000000000000000	5337e4154fb043a6c1519a105f032f55495bb892	A	parent_tree_identity	Actual retained-parent file edge; semantic conclusions are component-scoped in the companion ledger, not implied by this edge.
libqtdevices	feae625c9ce18e62c8fb0f242567a622723bc799	933525accb0584cc0a02da6e197318ff7d245ee8	mediaplayer.cpp	e403a4dc1c1d27c5b2d217f12072f26f41f3dbbb	e470b099c570328d4dd3f3a6a2da86aed7f91716	M	parent_tree_identity	Actual retained-parent file edge; semantic conclusions are component-scoped in the companion ledger, not implied by this edge.
libqtdevices	feae625c9ce18e62c8fb0f242567a622723bc799	933525accb0584cc0a02da6e197318ff7d245ee8	ts_10/audioplayer.cpp	5e4e02a37084788ae54a1ba469724a5afc7f9565	0000000000000000000000000000000000000000	D	parent_tree_identity	Actual retained-parent file edge; semantic conclusions are component-scoped in the companion ledger, not implied by this edge.
libqtdevices	b9bcc52a6d943e8b96727197355da193d62af829	0a53ef0d8f23a27c04a2d7896ba80fab5552b90e	audioplayer.cpp	5e4e02a37084788ae54a1ba469724a5afc7f9565	5337e4154fb043a6c1519a105f032f55495bb892	M	parent_tree_identity	Actual retained-parent file edge; semantic conclusions are component-scoped in the companion ledger, not implied by this edge.
libqtdevices	1913f0b2f5f3f8e1778cba1fd05657fa66bd6273	6d7ee01641d28966506b6bf3ad7be45a4a62c78f	audioplayer.cpp	9df2ee61bd93da6534737b30c0dfb33571d400c9	5e4e02a37084788ae54a1ba469724a5afc7f9565	M	parent_tree_identity	Actual retained-parent file edge; semantic conclusions are component-scoped in the companion ledger, not implied by this edge.
libqtdevices	1913f0b2f5f3f8e1778cba1fd05657fa66bd6273	a13c592c67e9b332243f90ac2c2742658a436cee	audioplayer.cpp	0000000000000000000000000000000000000000	5e4e02a37084788ae54a1ba469724a5afc7f9565	A	parent_tree_identity	Actual retained-parent file edge; semantic conclusions are component-scoped in the companion ledger, not implied by this edge.
libqtdevices	1913f0b2f5f3f8e1778cba1fd05657fa66bd6273	a13c592c67e9b332243f90ac2c2742658a436cee	mediaplayer.cpp	e403a4dc1c1d27c5b2d217f12072f26f41f3dbbb	e470b099c570328d4dd3f3a6a2da86aed7f91716	M	parent_tree_identity	Actual retained-parent file edge; semantic conclusions are component-scoped in the companion ledger, not implied by this edge.
libqtdevices	1913f0b2f5f3f8e1778cba1fd05657fa66bd6273	a13c592c67e9b332243f90ac2c2742658a436cee	ts_10/audioplayer.cpp	5e4e02a37084788ae54a1ba469724a5afc7f9565	0000000000000000000000000000000000000000	D	parent_tree_identity	Actual retained-parent file edge; semantic conclusions are component-scoped in the companion ledger, not implied by this edge.
libqtdevices	132e0697c79d647b1d7999e08e51e30f7abf5dfd	e0c33ee51ccce6cc725208236d6fbdbba0b4491e	ts_10/audioplayer.cpp	9df2ee61bd93da6534737b30c0dfb33571d400c9	5e4e02a37084788ae54a1ba469724a5afc7f9565	M	parent_tree_identity	Actual retained-parent file edge; semantic conclusions are component-scoped in the companion ledger, not implied by this edge.
libqtdevices	6d7ee01641d28966506b6bf3ad7be45a4a62c78f	c87033f36e580bf1d2537a23f59c2bce138f394e	audioplayer.cpp	0000000000000000000000000000000000000000	9df2ee61bd93da6534737b30c0dfb33571d400c9	A	parent_tree_identity	Actual retained-parent file edge; semantic conclusions are component-scoped in the companion ledger, not implied by this edge.
libqtdevices	6d7ee01641d28966506b6bf3ad7be45a4a62c78f	c87033f36e580bf1d2537a23f59c2bce138f394e	mediaplayer.cpp	e403a4dc1c1d27c5b2d217f12072f26f41f3dbbb	e470b099c570328d4dd3f3a6a2da86aed7f91716	M	parent_tree_identity	Actual retained-parent file edge; semantic conclusions are component-scoped in the companion ledger, not implied by this edge.
libqtdevices	6d7ee01641d28966506b6bf3ad7be45a4a62c78f	c87033f36e580bf1d2537a23f59c2bce138f394e	ts_10/audioplayer.cpp	9df2ee61bd93da6534737b30c0dfb33571d400c9	0000000000000000000000000000000000000000	D	parent_tree_identity	Actual retained-parent file edge; semantic conclusions are component-scoped in the companion ledger, not implied by this edge.
libqtdevices	c26095b324ce1845ee775daa38d6cbb052ee3696	53fe1ee4ebe064865e7e678c0310d548bb6d654c	audioplayer.cpp	0000000000000000000000000000000000000000	9df2ee61bd93da6534737b30c0dfb33571d400c9	A	parent_tree_identity	Actual retained-parent file edge; semantic conclusions are component-scoped in the companion ledger, not implied by this edge.
libqtdevices	c26095b324ce1845ee775daa38d6cbb052ee3696	53fe1ee4ebe064865e7e678c0310d548bb6d654c	ts_10/audioplayer.cpp	9df2ee61bd93da6534737b30c0dfb33571d400c9	0000000000000000000000000000000000000000	D	parent_tree_identity	Actual retained-parent file edge; semantic conclusions are component-scoped in the companion ledger, not implied by this edge.
libqtdevices	53fe1ee4ebe064865e7e678c0310d548bb6d654c	147e7be090a01e62a1fe76c507c18aa0ce35c95e	mediaplayer.cpp	e403a4dc1c1d27c5b2d217f12072f26f41f3dbbb	e470b099c570328d4dd3f3a6a2da86aed7f91716	M	parent_tree_identity	Actual retained-parent file edge; semantic conclusions are component-scoped in the companion ledger, not implied by this edge.
libqtdevices	f667c9eb5e0c89d74a1c0c92c72ff915e0a917c2	02d8646bddb06fc6f17fdd4a0722d66206cbc4d6	mediaplayer.cpp	e403a4dc1c1d27c5b2d217f12072f26f41f3dbbb	e470b099c570328d4dd3f3a6a2da86aed7f91716	M	parent_tree_identity	Actual retained-parent file edge; semantic conclusions are component-scoped in the companion ledger, not implied by this edge.
libqtdevices	3b6a3bd02df085fddb5bf33055760b1cd35e8f43	f7128640969e67a8d8d8e276635edcf3f6b2fa4a	mediaplayer.cpp	e403a4dc1c1d27c5b2d217f12072f26f41f3dbbb	e470b099c570328d4dd3f3a6a2da86aed7f91716	M	parent_tree_identity	Actual retained-parent file edge; semantic conclusions are component-scoped in the companion ledger, not implied by this edge.
libqtdevices	af0bf083d0d2c61839e376a232f2ff945b48577f	243c5c01ce26aa6e44065adc062e0498714f188c	mediaplayer.cpp	e403a4dc1c1d27c5b2d217f12072f26f41f3dbbb	e470b099c570328d4dd3f3a6a2da86aed7f91716	M	parent_tree_identity	Actual retained-parent file edge; semantic conclusions are component-scoped in the companion ledger, not implied by this edge.
libqtdevices	5c6138fddb10ab9b0e31c489f3bba8d1e0d1b374	7637ff13e458a2f4344ebe6be2fda18d1b1e5bc6	mediaplayer.cpp	e403a4dc1c1d27c5b2d217f12072f26f41f3dbbb	e470b099c570328d4dd3f3a6a2da86aed7f91716	M	parent_tree_identity	Actual retained-parent file edge; semantic conclusions are component-scoped in the companion ledger, not implied by this edge.
libqtdevices	9c929bc7f1541ec917615467d6bb90d79f2f2433	ba3faab02649237b17c1d540f4d43132e81a0c30	mediaplayer.cpp	e403a4dc1c1d27c5b2d217f12072f26f41f3dbbb	e470b099c570328d4dd3f3a6a2da86aed7f91716	M	parent_tree_identity	Actual retained-parent file edge; semantic conclusions are component-scoped in the companion ledger, not implied by this edge.
libqtdevices	54e2b889fb737b83fb27656c5d8c227bc5245a7b	b14c7ba743306cfd8658550d2c6330b281e358be	mediaplayer.cpp	e403a4dc1c1d27c5b2d217f12072f26f41f3dbbb	e470b099c570328d4dd3f3a6a2da86aed7f91716	M	parent_tree_identity	Actual retained-parent file edge; semantic conclusions are component-scoped in the companion ledger, not implied by this edge.
libqtdevices	0f459572a24e6d78fa2e516ca10897dbbfa6022d	4ffe058dbdb79ef2e59064d8f04810de156471f4	mediaplayer.cpp	e403a4dc1c1d27c5b2d217f12072f26f41f3dbbb	e470b099c570328d4dd3f3a6a2da86aed7f91716	M	parent_tree_identity	Actual retained-parent file edge; semantic conclusions are component-scoped in the companion ledger, not implied by this edge.
libqtdevices	cbc183be778a89d079d2b98e2d949191b5078c2f	76ee3a04aceeab3122b204faa1c6c402988d93e3	mediaplayer.cpp	e403a4dc1c1d27c5b2d217f12072f26f41f3dbbb	e470b099c570328d4dd3f3a6a2da86aed7f91716	M	parent_tree_identity	Actual retained-parent file edge; semantic conclusions are component-scoped in the companion ledger, not implied by this edge.
libqtdevices	fd406cce6c69548fc0d92dbc683df4ee22a64183	781b8335d48a89cc20bce12b5b49ec3be9037756	ts_10/audioplayer.cpp	b7fad6cc35f4969be574caf2a84a4990f76bd5f0	9df2ee61bd93da6534737b30c0dfb33571d400c9	M	parent_tree_identity	Actual retained-parent file edge; semantic conclusions are component-scoped in the companion ledger, not implied by this edge.
libqtdevices	798a04e6b0c3cae80ffe0b9c3d9461f35131a8c9	5465aff5973e377b10a758302f9745d68ebe077d	ts_10/audioplayer.cpp	b7fad6cc35f4969be574caf2a84a4990f76bd5f0	9df2ee61bd93da6534737b30c0dfb33571d400c9	M	parent_tree_identity	Actual retained-parent file edge; semantic conclusions are component-scoped in the companion ledger, not implied by this edge.
libqtdevices	781b8335d48a89cc20bce12b5b49ec3be9037756	88bc226552e8979eb7b168b13cc914b9a933ef90	ts_10/audioplayer.cpp	cf5e83cb22f2c1c55a1cf104139d5d9a78ba57c6	b7fad6cc35f4969be574caf2a84a4990f76bd5f0	M	parent_tree_identity	Actual retained-parent file edge; semantic conclusions are component-scoped in the companion ledger, not implied by this edge.
libqtdevices	ea3bd11f92d02d93bbf85ee6ebc157289005a024	e72538c50513d5c4706e0e535e085a336c17a6ea	mediaplayer.cpp	fc3492962c30a29c4120c5b1d00f56f1c6f4e220	e403a4dc1c1d27c5b2d217f12072f26f41f3dbbb	M	parent_tree_identity	Actual retained-parent file edge; semantic conclusions are component-scoped in the companion ledger, not implied by this edge.
libqtdevices	ea3bd11f92d02d93bbf85ee6ebc157289005a024	e72538c50513d5c4706e0e535e085a336c17a6ea	ts_10/audioplayer.cpp	2b44e7990040ced94bb558ebd3574dd7bc1f9e7c	b7fad6cc35f4969be574caf2a84a4990f76bd5f0	M	parent_tree_identity	Actual retained-parent file edge; semantic conclusions are component-scoped in the companion ledger, not implied by this edge.
libqtdevices	ae04d3938b9feff17fbd19463457d5a8ae1c2c0d	f314522457108466cf2233ecc9f5ade77925331e	ts_10/audioplayer.cpp	cf5e83cb22f2c1c55a1cf104139d5d9a78ba57c6	b7fad6cc35f4969be574caf2a84a4990f76bd5f0	M	parent_tree_identity	Actual retained-parent file edge; semantic conclusions are component-scoped in the companion ledger, not implied by this edge.
libqtdevices	88bc226552e8979eb7b168b13cc914b9a933ef90	8bfa1165cfe5cecdc832e4eb920e873c0f01edf7	ts_10/audioplayer.cpp	2536bdd713a205d8c4f609f49cbfc0b4143074a0	cf5e83cb22f2c1c55a1cf104139d5d9a78ba57c6	M	parent_tree_identity	Actual retained-parent file edge; semantic conclusions are component-scoped in the companion ledger, not implied by this edge.
libqtdevices	cde08cf27eb0ff82cba0abdc77610197eef7c8ee	30007832f9d326742eac769a2e27937a658527cc	ts_10/audioplayer.cpp	89cdc0e5494ff3a72dcfafc78dd002dfe2c6abf5	cf5e83cb22f2c1c55a1cf104139d5d9a78ba57c6	M	parent_tree_identity	Actual retained-parent file edge; semantic conclusions are component-scoped in the companion ledger, not implied by this edge.
libqtdevices	30007832f9d326742eac769a2e27937a658527cc	8acb0bcfa5c8ba994521396003d40acdbb243afe	ts_10/audioplayer.cpp	d37eef7b2364adb15ec4780055e4f5c584a2c93a	89cdc0e5494ff3a72dcfafc78dd002dfe2c6abf5	M	parent_tree_identity	Actual retained-parent file edge; semantic conclusions are component-scoped in the companion ledger, not implied by this edge.
libqtdevices	ed442bdf789b1c3426c5068f190200022d22a654	238fe86cd21e35a514a9cfd7f6ab26795840d03a	mediaplayer.cpp	fc3492962c30a29c4120c5b1d00f56f1c6f4e220	e403a4dc1c1d27c5b2d217f12072f26f41f3dbbb	M	parent_tree_identity	Actual retained-parent file edge; semantic conclusions are component-scoped in the companion ledger, not implied by this edge.
libqtdevices	ed442bdf789b1c3426c5068f190200022d22a654	238fe86cd21e35a514a9cfd7f6ab26795840d03a	ts_10/audioplayer.cpp	2b44e7990040ced94bb558ebd3574dd7bc1f9e7c	d37eef7b2364adb15ec4780055e4f5c584a2c93a	M	parent_tree_identity	Actual retained-parent file edge; semantic conclusions are component-scoped in the companion ledger, not implied by this edge.
libqtdevices	73cd8b6695e575fb039a766d1d7922189a01ab58	da076b5772715d04394d69c9b9e4e5de00b197b8	ts_10/audioplayer.cpp	72c4973d176afd8bcacc5b22e4bba4b9951b6bf8	d37eef7b2364adb15ec4780055e4f5c584a2c93a	M	parent_tree_identity	Actual retained-parent file edge; semantic conclusions are component-scoped in the companion ledger, not implied by this edge.
libqtdevices	da076b5772715d04394d69c9b9e4e5de00b197b8	267790927c6d264bf39165ef6b519e66f90cfe13	ts_10/audioplayer.cpp	8f9ccd8423065fe1e0437f904c0a5c423dca0726	72c4973d176afd8bcacc5b22e4bba4b9951b6bf8	M	parent_tree_identity	Actual retained-parent file edge; semantic conclusions are component-scoped in the companion ledger, not implied by this edge.
libqtdevices	267790927c6d264bf39165ef6b519e66f90cfe13	c38834baa724b892edda10637f9e3c75b37cac30	mediaplayer.cpp	fc3492962c30a29c4120c5b1d00f56f1c6f4e220	e403a4dc1c1d27c5b2d217f12072f26f41f3dbbb	M	parent_tree_identity	Actual retained-parent file edge; semantic conclusions are component-scoped in the companion ledger, not implied by this edge.
libqtdevices	267790927c6d264bf39165ef6b519e66f90cfe13	c38834baa724b892edda10637f9e3c75b37cac30	ts_10/audioplayer.cpp	2b44e7990040ced94bb558ebd3574dd7bc1f9e7c	8f9ccd8423065fe1e0437f904c0a5c423dca0726	M	parent_tree_identity	Actual retained-parent file edge; semantic conclusions are component-scoped in the companion ledger, not implied by this edge.
libqtdevices	40b0f22445d584e22d6aa21adbdd3f46121504ed	c31aa644f52c3c0d8cb55617e5720180ded38270	mediaplayer.cpp	fc3492962c30a29c4120c5b1d00f56f1c6f4e220	e403a4dc1c1d27c5b2d217f12072f26f41f3dbbb	M	parent_tree_identity	Actual retained-parent file edge; semantic conclusions are component-scoped in the companion ledger, not implied by this edge.
libqtdevices	40b0f22445d584e22d6aa21adbdd3f46121504ed	c31aa644f52c3c0d8cb55617e5720180ded38270	ts_10/audioplayer.cpp	2b44e7990040ced94bb558ebd3574dd7bc1f9e7c	8f9ccd8423065fe1e0437f904c0a5c423dca0726	M	parent_tree_identity	Actual retained-parent file edge; semantic conclusions are component-scoped in the companion ledger, not implied by this edge.
libqtdevices	e39882cbb8f4b071a4f782664167aba2d22b78cd	496e0a94cffcd4dc8de5dd967c18e623e91dec19	mediaplayer.cpp	fc3492962c30a29c4120c5b1d00f56f1c6f4e220	e403a4dc1c1d27c5b2d217f12072f26f41f3dbbb	M	parent_tree_identity	Actual retained-parent file edge; semantic conclusions are component-scoped in the companion ledger, not implied by this edge.
libqtdevices	e39882cbb8f4b071a4f782664167aba2d22b78cd	496e0a94cffcd4dc8de5dd967c18e623e91dec19	ts_10/audioplayer.cpp	2b44e7990040ced94bb558ebd3574dd7bc1f9e7c	8f9ccd8423065fe1e0437f904c0a5c423dca0726	M	parent_tree_identity	Actual retained-parent file edge; semantic conclusions are component-scoped in the companion ledger, not implied by this edge.
libqtdevices	f7f0c04ce38725cd7f5adfa5536138f39979c695	0dbedd5c532a21bf63af413db898006a5464c525	ts_10/audioplayer.cpp	8a7644a4f5b933c9cd40f089f9cdc1fb81cef99e	8f9ccd8423065fe1e0437f904c0a5c423dca0726	M	parent_tree_identity	Actual retained-parent file edge; semantic conclusions are component-scoped in the companion ledger, not implied by this edge.
libqtdevices	f7f0c04ce38725cd7f5adfa5536138f39979c695	68ccdff90dc462e57e2fd23bebd3da65cfb68f7a	mediaplayer.cpp	fc3492962c30a29c4120c5b1d00f56f1c6f4e220	e403a4dc1c1d27c5b2d217f12072f26f41f3dbbb	M	parent_tree_identity	Actual retained-parent file edge; semantic conclusions are component-scoped in the companion ledger, not implied by this edge.
libqtdevices	f7f0c04ce38725cd7f5adfa5536138f39979c695	68ccdff90dc462e57e2fd23bebd3da65cfb68f7a	ts_10/audioplayer.cpp	2b44e7990040ced94bb558ebd3574dd7bc1f9e7c	8f9ccd8423065fe1e0437f904c0a5c423dca0726	M	parent_tree_identity	Actual retained-parent file edge; semantic conclusions are component-scoped in the companion ledger, not implied by this edge.
libqtdevices	68ccdff90dc462e57e2fd23bebd3da65cfb68f7a	6887074d1bcad45d71ea1843bad6cd4194fba2d2	ts_10/audioplayer.cpp	c1727ff6834165bb41847191fb9e55cadc41bfa3	2b44e7990040ced94bb558ebd3574dd7bc1f9e7c	M	parent_tree_identity	Actual retained-parent file edge; semantic conclusions are component-scoped in the companion ledger, not implied by this edge.
libqtdevices	0dbedd5c532a21bf63af413db898006a5464c525	6887074d1bcad45d71ea1843bad6cd4194fba2d2	mediaplayer.cpp	fc3492962c30a29c4120c5b1d00f56f1c6f4e220	e403a4dc1c1d27c5b2d217f12072f26f41f3dbbb	M	parent_tree_identity	Actual retained-parent file edge; semantic conclusions are component-scoped in the companion ledger, not implied by this edge.
libqtdevices	0dbedd5c532a21bf63af413db898006a5464c525	6887074d1bcad45d71ea1843bad6cd4194fba2d2	ts_10/audioplayer.cpp	c1727ff6834165bb41847191fb9e55cadc41bfa3	8a7644a4f5b933c9cd40f089f9cdc1fb81cef99e	M	parent_tree_identity	Actual retained-parent file edge; semantic conclusions are component-scoped in the companion ledger, not implied by this edge.
libqtdevices	878231f38f7a8841ae08269409b9a14eb9ceecb8	15b91c7c7f313eb23aaab922233b3154d01c3e7f	ts_10/audioplayer.cpp	84be7cfe9117fb66914378cf50dcb93544adaeff	8a7644a4f5b933c9cd40f089f9cdc1fb81cef99e	M	parent_tree_identity	Actual retained-parent file edge; semantic conclusions are component-scoped in the companion ledger, not implied by this edge.
libqtdevices	15b91c7c7f313eb23aaab922233b3154d01c3e7f	4f1c4d1437b09b6849a5153f7b9d2fd1fc9c8a47	ts_10/audioplayer.cpp	325872d510457d72f60676d91bc523874a0883ca	84be7cfe9117fb66914378cf50dcb93544adaeff	M	parent_tree_identity	Actual retained-parent file edge; semantic conclusions are component-scoped in the companion ledger, not implied by this edge.
libqtdevices	64d84dacf6c7abbc69453baf0d86e6c8e9374c92	02a722e5e8d0b02abf26f3fbaddf1f14424dac36	ts_10/audioplayer.cpp	c1727ff6834165bb41847191fb9e55cadc41bfa3	2b44e7990040ced94bb558ebd3574dd7bc1f9e7c	M	parent_tree_identity	Actual retained-parent file edge; semantic conclusions are component-scoped in the companion ledger, not implied by this edge.
libqtdevices	4f1c4d1437b09b6849a5153f7b9d2fd1fc9c8a47	02a722e5e8d0b02abf26f3fbaddf1f14424dac36	mediaplayer.cpp	fc3492962c30a29c4120c5b1d00f56f1c6f4e220	e403a4dc1c1d27c5b2d217f12072f26f41f3dbbb	M	parent_tree_identity	Actual retained-parent file edge; semantic conclusions are component-scoped in the companion ledger, not implied by this edge.
libqtdevices	4f1c4d1437b09b6849a5153f7b9d2fd1fc9c8a47	02a722e5e8d0b02abf26f3fbaddf1f14424dac36	ts_10/audioplayer.cpp	c1727ff6834165bb41847191fb9e55cadc41bfa3	325872d510457d72f60676d91bc523874a0883ca	M	parent_tree_identity	Actual retained-parent file edge; semantic conclusions are component-scoped in the companion ledger, not implied by this edge.
libqtdevices	3ce31b22c875ef831eb318bec9179baf98c63ce3	9e5d95e353a52774b2e42e21c5a4e3257b1a01d0	ts_10/audioplayer.cpp	2536bdd713a205d8c4f609f49cbfc0b4143074a0	325872d510457d72f60676d91bc523874a0883ca	M	parent_tree_identity	Actual retained-parent file edge; semantic conclusions are component-scoped in the companion ledger, not implied by this edge.
libqtdevices	d4f2f686dd079280ad1f1f6c8de99f8d8135af81	ebf64ffba60a992a13b4c3dfaa42a649f429101b	ts_10/audioplayer.cpp	c1727ff6834165bb41847191fb9e55cadc41bfa3	2b44e7990040ced94bb558ebd3574dd7bc1f9e7c	M	parent_tree_identity	Actual retained-parent file edge; semantic conclusions are component-scoped in the companion ledger, not implied by this edge.
libqtdevices	5d1c1ed51f18d17fcd6a5ca69538c2f77aa39647	8f88a3438114297a47936c6f9aa5fbd9c0dfaea7	ts_10/audioplayer.cpp	c1727ff6834165bb41847191fb9e55cadc41bfa3	2b44e7990040ced94bb558ebd3574dd7bc1f9e7c	M	parent_tree_identity	Actual retained-parent file edge; semantic conclusions are component-scoped in the companion ledger, not implied by this edge.
libqtdevices	02b8622e0f684482d08c545e29ee9707b5658c0f	201c58baabe142356ae874e5aaf8866b634f4730	ts_10/audioplayer.cpp	c1727ff6834165bb41847191fb9e55cadc41bfa3	2b44e7990040ced94bb558ebd3574dd7bc1f9e7c	M	parent_tree_identity	Actual retained-parent file edge; semantic conclusions are component-scoped in the companion ledger, not implied by this edge.
libqtdevices	1aac12344ef1066a4371a62a7f9286d9a224523e	1f8d21adee1e0091482866e6d5e83dc978727a03	ts_10/audioplayer.cpp	7c3a0a0d60d1da14500bc79c7abadc5dda97e43c	2536bdd713a205d8c4f609f49cbfc0b4143074a0	M	parent_tree_identity	Actual retained-parent file edge; semantic conclusions are component-scoped in the companion ledger, not implied by this edge.
libqtdevices	b55a22177a079fa58c13abdc1fcaf6db54c88edc	394f6e1c82b52e6b401b984633226aac85cd59ce	ts_10/audioplayer.cpp	c1727ff6834165bb41847191fb9e55cadc41bfa3	2b44e7990040ced94bb558ebd3574dd7bc1f9e7c	M	parent_tree_identity	Actual retained-parent file edge; semantic conclusions are component-scoped in the companion ledger, not implied by this edge.
libqtdevices	9e5d95e353a52774b2e42e21c5a4e3257b1a01d0	201c58baabe142356ae874e5aaf8866b634f4730	mediaplayer.cpp	fc3492962c30a29c4120c5b1d00f56f1c6f4e220	e403a4dc1c1d27c5b2d217f12072f26f41f3dbbb	M	parent_tree_identity	Actual retained-parent file edge; semantic conclusions are component-scoped in the companion ledger, not implied by this edge.
libqtdevices	9e5d95e353a52774b2e42e21c5a4e3257b1a01d0	201c58baabe142356ae874e5aaf8866b634f4730	ts_10/audioplayer.cpp	c1727ff6834165bb41847191fb9e55cadc41bfa3	2536bdd713a205d8c4f609f49cbfc0b4143074a0	M	parent_tree_identity	Actual retained-parent file edge; semantic conclusions are component-scoped in the companion ledger, not implied by this edge.
libqtdevices	6e61efdb8d1cf070120639935645a14ee717c4da	7641816fb63699fb16a889a8f80361e5d6919ef8	ts_10/audioplayer.cpp	71ab92ed24814e02cbc2f03bdbaa4c7f688d2c94	2536bdd713a205d8c4f609f49cbfc0b4143074a0	M	parent_tree_identity	Actual retained-parent file edge; semantic conclusions are component-scoped in the companion ledger, not implied by this edge.
libqtdevices	7641816fb63699fb16a889a8f80361e5d6919ef8	26b9c4e37fae4facfe816d98888f9032b6a9a6ae	ts_10/audioplayer.cpp	f0e9ce5665fd439c5406e3ea8ea3178074c51fd3	71ab92ed24814e02cbc2f03bdbaa4c7f688d2c94	M	parent_tree_identity	Actual retained-parent file edge; semantic conclusions are component-scoped in the companion ledger, not implied by this edge.
libqtdevices	26b9c4e37fae4facfe816d98888f9032b6a9a6ae	bb518aecb6617470d8e5337a53e0b054e20db2c0	ts_10/audioplayer.cpp	fbf9d101543c5bfba1c1729bb8597a252d48ea5c	f0e9ce5665fd439c5406e3ea8ea3178074c51fd3	M	parent_tree_identity	Actual retained-parent file edge; semantic conclusions are component-scoped in the companion ledger, not implied by this edge.
libqtdevices	bb518aecb6617470d8e5337a53e0b054e20db2c0	79a2b140041b50bfb8232b471d431e957a287894	ts_10/audioplayer.cpp	b4f2a6838eaa9712b4c4c8801ac3351b93935d8e	fbf9d101543c5bfba1c1729bb8597a252d48ea5c	M	parent_tree_identity	Actual retained-parent file edge; semantic conclusions are component-scoped in the companion ledger, not implied by this edge.
libqtdevices	79a2b140041b50bfb8232b471d431e957a287894	f018294bda4c29e875d0b84684a0896edfe1a81f	ts_10/audioplayer.cpp	a937673baabec5ca3cdfe3322422ce865ef032cc	b4f2a6838eaa9712b4c4c8801ac3351b93935d8e	M	parent_tree_identity	Actual retained-parent file edge; semantic conclusions are component-scoped in the companion ledger, not implied by this edge.
libqtdevices	f7e85b27c140a80a1eae3760480f313be9e28834	77ae9779246656bab1710713cc4eb3ce548c7bd8	ts_10/audioplayer.cpp	733a43bca2ef04f625717b0596f9c9898fb7bc29	a937673baabec5ca3cdfe3322422ce865ef032cc	M	parent_tree_identity	Actual retained-parent file edge; semantic conclusions are component-scoped in the companion ledger, not implied by this edge.
libqtdevices	cbf01843179bb5d3716ca4614e34578d977ecb93	10a4af320677c61769a11a2d9eb13684ef965560	ts_10/audioplayer.cpp	a311fbb38fb60f2e5ffad8fa400ac13053730d5f	733a43bca2ef04f625717b0596f9c9898fb7bc29	M	parent_tree_identity	Actual retained-parent file edge; semantic conclusions are component-scoped in the companion ledger, not implied by this edge.
libqtdevices	ed87bb6d0e5e8f76e09670604593126d1adcf22b	394f6e1c82b52e6b401b984633226aac85cd59ce	mediaplayer.cpp	fc3492962c30a29c4120c5b1d00f56f1c6f4e220	e403a4dc1c1d27c5b2d217f12072f26f41f3dbbb	M	parent_tree_identity	Actual retained-parent file edge; semantic conclusions are component-scoped in the companion ledger, not implied by this edge.
libqtdevices	ed87bb6d0e5e8f76e09670604593126d1adcf22b	394f6e1c82b52e6b401b984633226aac85cd59ce	ts_10/audioplayer.cpp	c1727ff6834165bb41847191fb9e55cadc41bfa3	a311fbb38fb60f2e5ffad8fa400ac13053730d5f	M	parent_tree_identity	Actual retained-parent file edge; semantic conclusions are component-scoped in the companion ledger, not implied by this edge.
libqtdevices	345adc8fc78576caa14be065edf1af2545a6b663	1a52902007d26b3c320bab548d1e748c7ff8e833	mediaplayer.cpp	fc3492962c30a29c4120c5b1d00f56f1c6f4e220	e403a4dc1c1d27c5b2d217f12072f26f41f3dbbb	M	parent_tree_identity	Actual retained-parent file edge; semantic conclusions are component-scoped in the companion ledger, not implied by this edge.
libqtdevices	345adc8fc78576caa14be065edf1af2545a6b663	1a52902007d26b3c320bab548d1e748c7ff8e833	ts_10/audioplayer.cpp	c1727ff6834165bb41847191fb9e55cadc41bfa3	a311fbb38fb60f2e5ffad8fa400ac13053730d5f	M	parent_tree_identity	Actual retained-parent file edge; semantic conclusions are component-scoped in the companion ledger, not implied by this edge.
libqtdevices	8dfaa0d7a7710d3a734ae2bd1367fd4cd294be5e	720a0d921fa65f136fcf4cf821a43a53de5b5e4c	ts_10/audioplayer.cpp	16ba096faf439af8fb9081f4b1f0c9829829b59f	a311fbb38fb60f2e5ffad8fa400ac13053730d5f	M	parent_tree_identity	Actual retained-parent file edge; semantic conclusions are component-scoped in the companion ledger, not implied by this edge.
libqtdevices	9e2bcc4cb0db59df9dc6d4b7a617de0b81b39a35	3db309f0cb2970e632b783b0900380fba5a78a1c	ts_10/audioplayer.cpp	7c3a0a0d60d1da14500bc79c7abadc5dda97e43c	16ba096faf439af8fb9081f4b1f0c9829829b59f	M	parent_tree_identity	Actual retained-parent file edge; semantic conclusions are component-scoped in the companion ledger, not implied by this edge.
libqtdevices	ce464a87029be696d2532118b71d050b934c2cf9	3ade09cf4a3ff7fb905a4a46dacb7c30cfa03b1a	mediaplayer.cpp	fc3492962c30a29c4120c5b1d00f56f1c6f4e220	e403a4dc1c1d27c5b2d217f12072f26f41f3dbbb	M	parent_tree_identity	Actual retained-parent file edge; semantic conclusions are component-scoped in the companion ledger, not implied by this edge.
libqtdevices	ce464a87029be696d2532118b71d050b934c2cf9	3ade09cf4a3ff7fb905a4a46dacb7c30cfa03b1a	ts_10/audioplayer.cpp	c1727ff6834165bb41847191fb9e55cadc41bfa3	7c3a0a0d60d1da14500bc79c7abadc5dda97e43c	M	parent_tree_identity	Actual retained-parent file edge; semantic conclusions are component-scoped in the companion ledger, not implied by this edge.
libqtdevices	e3a8f6036c97a5c6db495445d65048bad94cc052	c7e3d6dfda7f49c0313dde548e229bccedaeda78	mediaplayer.cpp	fc3492962c30a29c4120c5b1d00f56f1c6f4e220	e403a4dc1c1d27c5b2d217f12072f26f41f3dbbb	M	parent_tree_identity	Actual retained-parent file edge; semantic conclusions are component-scoped in the companion ledger, not implied by this edge.
libqtdevices	e3a8f6036c97a5c6db495445d65048bad94cc052	c7e3d6dfda7f49c0313dde548e229bccedaeda78	ts_10/audioplayer.cpp	c1727ff6834165bb41847191fb9e55cadc41bfa3	7c3a0a0d60d1da14500bc79c7abadc5dda97e43c	M	parent_tree_identity	Actual retained-parent file edge; semantic conclusions are component-scoped in the companion ledger, not implied by this edge.
libqtdevices	b532b789449802199f27332d43d1a386ace8133c	2c1d3e30607ead2552755adccdbff55d89ed6f7f	mediaplayer.cpp	fc3492962c30a29c4120c5b1d00f56f1c6f4e220	e403a4dc1c1d27c5b2d217f12072f26f41f3dbbb	M	parent_tree_identity	Actual retained-parent file edge; semantic conclusions are component-scoped in the companion ledger, not implied by this edge.
libqtdevices	b532b789449802199f27332d43d1a386ace8133c	2c1d3e30607ead2552755adccdbff55d89ed6f7f	ts_10/audioplayer.cpp	c1727ff6834165bb41847191fb9e55cadc41bfa3	7c3a0a0d60d1da14500bc79c7abadc5dda97e43c	M	parent_tree_identity	Actual retained-parent file edge; semantic conclusions are component-scoped in the companion ledger, not implied by this edge.
libqtdevices	c2b5724677a1d56a5ab35ffb4777f918e9d16d7c	45babfdb86215d7e4cdcca63714d96be648141f8	mediaplayer.cpp	fc3492962c30a29c4120c5b1d00f56f1c6f4e220	e403a4dc1c1d27c5b2d217f12072f26f41f3dbbb	M	parent_tree_identity	Actual retained-parent file edge; semantic conclusions are component-scoped in the companion ledger, not implied by this edge.
libqtdevices	c2b5724677a1d56a5ab35ffb4777f918e9d16d7c	45babfdb86215d7e4cdcca63714d96be648141f8	ts_10/audioplayer.cpp	c1727ff6834165bb41847191fb9e55cadc41bfa3	7c3a0a0d60d1da14500bc79c7abadc5dda97e43c	M	parent_tree_identity	Actual retained-parent file edge; semantic conclusions are component-scoped in the companion ledger, not implied by this edge.
libqtdevices	cf845ca82cb4c6361db8aba359b2e631feb87984	bea94652fe3ae67c6d3c75db3d3d1c2c2007ed38	mediaplayer.cpp	4a7214cfc486d101c315242423f69698df2b0682	e403a4dc1c1d27c5b2d217f12072f26f41f3dbbb	M	parent_tree_identity	Actual retained-parent file edge; semantic conclusions are component-scoped in the companion ledger, not implied by this edge.
libqtdevices	cadb81faff9732168e870a469bb78c7084f25d1d	9614edd1ba7501978ca887de1e09d10b94474fed	mediaplayer.cpp	4a7214cfc486d101c315242423f69698df2b0682	e403a4dc1c1d27c5b2d217f12072f26f41f3dbbb	M	parent_tree_identity	Actual retained-parent file edge; semantic conclusions are component-scoped in the companion ledger, not implied by this edge.
libqtdevices	cadb81faff9732168e870a469bb78c7084f25d1d	eb5e68fc4931742ca0b026ee37699969d4544f47	mediaplayer.cpp	fc3492962c30a29c4120c5b1d00f56f1c6f4e220	e403a4dc1c1d27c5b2d217f12072f26f41f3dbbb	M	parent_tree_identity	Actual retained-parent file edge; semantic conclusions are component-scoped in the companion ledger, not implied by this edge.
libqtdevices	cadb81faff9732168e870a469bb78c7084f25d1d	eb5e68fc4931742ca0b026ee37699969d4544f47	ts_10/audioplayer.cpp	c1727ff6834165bb41847191fb9e55cadc41bfa3	7c3a0a0d60d1da14500bc79c7abadc5dda97e43c	M	parent_tree_identity	Actual retained-parent file edge; semantic conclusions are component-scoped in the companion ledger, not implied by this edge.
libqtdevices	4e8533afb876ddd157c3c66f559b9075b609be94	9f0cae21d2d9fdccb34fe2fc663413c95eba8294	mediaplayer.cpp	092b81c33917205ab7ee708df0f751e10f51b39f	fc3492962c30a29c4120c5b1d00f56f1c6f4e220	M	parent_tree_identity	Actual retained-parent file edge; semantic conclusions are component-scoped in the companion ledger, not implied by this edge.
libqtdevices	ed27044ea960d289f83c79f101958a6fc10c72a4	9f0cae21d2d9fdccb34fe2fc663413c95eba8294	mediaplayer.cpp	092b81c33917205ab7ee708df0f751e10f51b39f	fc3492962c30a29c4120c5b1d00f56f1c6f4e220	M	parent_tree_identity	Actual retained-parent file edge; semantic conclusions are component-scoped in the companion ledger, not implied by this edge.
libqtdevices	4c3b98d3a1e140bd16744d7af6a39f605cb38e60	d729d1e73e3868f74557b0501b91a4260954b53a	mediaplayer.cpp	092b81c33917205ab7ee708df0f751e10f51b39f	4a7214cfc486d101c315242423f69698df2b0682	M	parent_tree_identity	Actual retained-parent file edge; semantic conclusions are component-scoped in the companion ledger, not implied by this edge.
libqtdevices	4c3b98d3a1e140bd16744d7af6a39f605cb38e60	d729d1e73e3868f74557b0501b91a4260954b53a	ts_10/audioplayer.cpp	c1727ff6834165bb41847191fb9e55cadc41bfa3	7c3a0a0d60d1da14500bc79c7abadc5dda97e43c	M	parent_tree_identity	Actual retained-parent file edge; semantic conclusions are component-scoped in the companion ledger, not implied by this edge.
libqtdevices	b6736d01c057d1a300750f6abcb07ca756b19689	dbe65faf230b637787b1204c6a05791fa437ecd9	mediaplayer.cpp	092b81c33917205ab7ee708df0f751e10f51b39f	4a7214cfc486d101c315242423f69698df2b0682	M	parent_tree_identity	Actual retained-parent file edge; semantic conclusions are component-scoped in the companion ledger, not implied by this edge.
libqtdevices	b6736d01c057d1a300750f6abcb07ca756b19689	dbe65faf230b637787b1204c6a05791fa437ecd9	ts_10/audioplayer.cpp	c1727ff6834165bb41847191fb9e55cadc41bfa3	7c3a0a0d60d1da14500bc79c7abadc5dda97e43c	M	parent_tree_identity	Actual retained-parent file edge; semantic conclusions are component-scoped in the companion ledger, not implied by this edge.
libqtdevices	38c06e74684b845eacfa224839c4dc8d4076edf9	c5ddd067fc7a7f0644210362b8a943691c5e11a5	ts_10/audioplayer.cpp	25d5dad2148f7caed63c7d4df75d2cdc87f554d8	7c3a0a0d60d1da14500bc79c7abadc5dda97e43c	M	parent_tree_identity	Actual retained-parent file edge; semantic conclusions are component-scoped in the companion ledger, not implied by this edge.
libqtdevices	41c9d09adac25a99050afc06baaa7a428102e3d3	10c459d6962fc2b44f63c712299548039728a149	ts_10/audioplayer.cpp	25d5dad2148f7caed63c7d4df75d2cdc87f554d8	7c3a0a0d60d1da14500bc79c7abadc5dda97e43c	M	parent_tree_identity	Actual retained-parent file edge; semantic conclusions are component-scoped in the companion ledger, not implied by this edge.
libqtdevices	41c9d09adac25a99050afc06baaa7a428102e3d3	c6b79ee48b2bea2a0a3fbdad6a98df7e8fcb6128	mediaplayer.cpp	092b81c33917205ab7ee708df0f751e10f51b39f	4a7214cfc486d101c315242423f69698df2b0682	M	parent_tree_identity	Actual retained-parent file edge; semantic conclusions are component-scoped in the companion ledger, not implied by this edge.
libqtdevices	41c9d09adac25a99050afc06baaa7a428102e3d3	c6b79ee48b2bea2a0a3fbdad6a98df7e8fcb6128	ts_10/audioplayer.cpp	c1727ff6834165bb41847191fb9e55cadc41bfa3	7c3a0a0d60d1da14500bc79c7abadc5dda97e43c	M	parent_tree_identity	Actual retained-parent file edge; semantic conclusions are component-scoped in the companion ledger, not implied by this edge.
libqtdevices	c6b79ee48b2bea2a0a3fbdad6a98df7e8fcb6128	9ffa37675b93ffe41015b4067778e93ea53be247	ts_10/audioplayer.cpp	8cdf0389ab68589d251f863aec3b2dc19b963f4b	c1727ff6834165bb41847191fb9e55cadc41bfa3	M	parent_tree_identity	Actual retained-parent file edge; semantic conclusions are component-scoped in the companion ledger, not implied by this edge.
libqtdevices	c5ddd067fc7a7f0644210362b8a943691c5e11a5	ad4c55b24bb1091c4fe377e45f7c4ea12ce67b8b	ts_10/audioplayer.cpp	3e6bcf97e3e26f1242d1d42d098c0e2c6ef04281	25d5dad2148f7caed63c7d4df75d2cdc87f554d8	M	parent_tree_identity	Actual retained-parent file edge; semantic conclusions are component-scoped in the companion ledger, not implied by this edge.
libqtdevices	13068e1eb741ecc0cf75685d2605df28f9274081	7761b4d79c947cbe23d19f65464a5828f846005f	ts_10/audioplayer.cpp	5bc62acac3275cbf7b3d01802f5e185bfaaf8600	c1727ff6834165bb41847191fb9e55cadc41bfa3	M	parent_tree_identity	Actual retained-parent file edge; semantic conclusions are component-scoped in the companion ledger, not implied by this edge.
libqtdevices	13068e1eb741ecc0cf75685d2605df28f9274081	d5d88eb4e457df83b89cdd640bac9b87ff07f027	ts_10/audioplayer.cpp	8cdf0389ab68589d251f863aec3b2dc19b963f4b	c1727ff6834165bb41847191fb9e55cadc41bfa3	M	parent_tree_identity	Actual retained-parent file edge; semantic conclusions are component-scoped in the companion ledger, not implied by this edge.
libqtdevices	7761b4d79c947cbe23d19f65464a5828f846005f	daf31cf7ab51c0233bdad142bedaa192c206af0f	ts_10/audioplayer.cpp	12a73faf0f6b56db6d1c7bfe3ac3235599b58cf7	5bc62acac3275cbf7b3d01802f5e185bfaaf8600	M	parent_tree_identity	Actual retained-parent file edge; semantic conclusions are component-scoped in the companion ledger, not implied by this edge.
libqtdevices	655fd21378ca84112ecb680198b764240d47f56d	4bf20e5d58a8c592400d62572d39348f0ac2e972	ts_10/audioplayer.cpp	3e6bcf97e3e26f1242d1d42d098c0e2c6ef04281	25d5dad2148f7caed63c7d4df75d2cdc87f554d8	M	parent_tree_identity	Actual retained-parent file edge; semantic conclusions are component-scoped in the companion ledger, not implied by this edge.
libqtdevices	655fd21378ca84112ecb680198b764240d47f56d	d5d88eb4e457df83b89cdd640bac9b87ff07f027	mediaplayer.cpp	092b81c33917205ab7ee708df0f751e10f51b39f	4a7214cfc486d101c315242423f69698df2b0682	M	parent_tree_identity	Actual retained-parent file edge; semantic conclusions are component-scoped in the companion ledger, not implied by this edge.
libqtdevices	655fd21378ca84112ecb680198b764240d47f56d	d5d88eb4e457df83b89cdd640bac9b87ff07f027	ts_10/audioplayer.cpp	8cdf0389ab68589d251f863aec3b2dc19b963f4b	25d5dad2148f7caed63c7d4df75d2cdc87f554d8	M	parent_tree_identity	Actual retained-parent file edge; semantic conclusions are component-scoped in the companion ledger, not implied by this edge.
libqtdevices	f54fa725ae80807e533420e1d12ed15ab4ed6060	465c49ef4361a0e856b3caf6a5177db1ec799f49	ts_10/audioplayer.cpp	12a73faf0f6b56db6d1c7bfe3ac3235599b58cf7	8cdf0389ab68589d251f863aec3b2dc19b963f4b	M	parent_tree_identity	Actual retained-parent file edge; semantic conclusions are component-scoped in the companion ledger, not implied by this edge.
libqtdevices	4bf20e5d58a8c592400d62572d39348f0ac2e972	76e9fa34e2796b342ea932898a2a80153dd51e88	mediaplayer.cpp	092b81c33917205ab7ee708df0f751e10f51b39f	4a7214cfc486d101c315242423f69698df2b0682	M	parent_tree_identity	Actual retained-parent file edge; semantic conclusions are component-scoped in the companion ledger, not implied by this edge.
libqtdevices	4bf20e5d58a8c592400d62572d39348f0ac2e972	76e9fa34e2796b342ea932898a2a80153dd51e88	ts_10/audioplayer.cpp	12a73faf0f6b56db6d1c7bfe3ac3235599b58cf7	3e6bcf97e3e26f1242d1d42d098c0e2c6ef04281	M	parent_tree_identity	Actual retained-parent file edge; semantic conclusions are component-scoped in the companion ledger, not implied by this edge.
libqtdevices	804ed455d0fc120ed18fff0f1950454329f6ea55	ac3d5f03d997fc4f0639407419c4042b81575662	mediaplayer.cpp	092b81c33917205ab7ee708df0f751e10f51b39f	4a7214cfc486d101c315242423f69698df2b0682	M	parent_tree_identity	Actual retained-parent file edge; semantic conclusions are component-scoped in the companion ledger, not implied by this edge.
libqtdevices	804ed455d0fc120ed18fff0f1950454329f6ea55	ac3d5f03d997fc4f0639407419c4042b81575662	ts_10/audioplayer.cpp	12a73faf0f6b56db6d1c7bfe3ac3235599b58cf7	3e6bcf97e3e26f1242d1d42d098c0e2c6ef04281	M	parent_tree_identity	Actual retained-parent file edge; semantic conclusions are component-scoped in the companion ledger, not implied by this edge.
libqtdevices	6cdacd1e0c5ce4000c4642e565abce58e640a76e	2222a02fd1e70133edc6d3df04188fbb410521ea	mediaplayer.cpp	092b81c33917205ab7ee708df0f751e10f51b39f	4a7214cfc486d101c315242423f69698df2b0682	M	parent_tree_identity	Actual retained-parent file edge; semantic conclusions are component-scoped in the companion ledger, not implied by this edge.
libqtdevices	6cdacd1e0c5ce4000c4642e565abce58e640a76e	2222a02fd1e70133edc6d3df04188fbb410521ea	ts_10/audioplayer.cpp	12a73faf0f6b56db6d1c7bfe3ac3235599b58cf7	3e6bcf97e3e26f1242d1d42d098c0e2c6ef04281	M	parent_tree_identity	Actual retained-parent file edge; semantic conclusions are component-scoped in the companion ledger, not implied by this edge.
libqtdevices	db25dcae5fa25bde7ee8359c0c48019afd8dc23d	a7ca3fbf4a60c42e0d42e9b65d4452d2bf2097f6	mediaplayer.cpp	092b81c33917205ab7ee708df0f751e10f51b39f	4a7214cfc486d101c315242423f69698df2b0682	M	parent_tree_identity	Actual retained-parent file edge; semantic conclusions are component-scoped in the companion ledger, not implied by this edge.
libqtdevices	db25dcae5fa25bde7ee8359c0c48019afd8dc23d	a7ca3fbf4a60c42e0d42e9b65d4452d2bf2097f6	ts_10/audioplayer.cpp	12a73faf0f6b56db6d1c7bfe3ac3235599b58cf7	3e6bcf97e3e26f1242d1d42d098c0e2c6ef04281	M	parent_tree_identity	Actual retained-parent file edge; semantic conclusions are component-scoped in the companion ledger, not implied by this edge.
libqtdevices	ba917d7c5e83fc059fa9d5572f372ef85976db89	c37eb188cd6d19dcea08de20191dd46d75ef6cc9	mediaplayer.cpp	092b81c33917205ab7ee708df0f751e10f51b39f	4a7214cfc486d101c315242423f69698df2b0682	M	parent_tree_identity	Actual retained-parent file edge; semantic conclusions are component-scoped in the companion ledger, not implied by this edge.
libqtdevices	ba917d7c5e83fc059fa9d5572f372ef85976db89	c37eb188cd6d19dcea08de20191dd46d75ef6cc9	ts_10/audioplayer.cpp	12a73faf0f6b56db6d1c7bfe3ac3235599b58cf7	3e6bcf97e3e26f1242d1d42d098c0e2c6ef04281	M	parent_tree_identity	Actual retained-parent file edge; semantic conclusions are component-scoped in the companion ledger, not implied by this edge.
libqtdevices	eeab2e80fc712da49d0e49f80022eccb283e5371	4b5c2537517df6c2cf22c21dd2a6c7da692221f9	ts_10/audioplayer.cpp	cde17f1a01184dadd75d5d1a8fcfced28e659c1c	3e6bcf97e3e26f1242d1d42d098c0e2c6ef04281	M	parent_tree_identity	Actual retained-parent file edge; semantic conclusions are component-scoped in the companion ledger, not implied by this edge.
libqtdevices	0c4a0c1557143bef54cae88095ebc17d2e24001f	edc0ae012301e6d724f3ee44bd16a725a3579968	ts_10/audioplayer.cpp	cde17f1a01184dadd75d5d1a8fcfced28e659c1c	3e6bcf97e3e26f1242d1d42d098c0e2c6ef04281	M	parent_tree_identity	Actual retained-parent file edge; semantic conclusions are component-scoped in the companion ledger, not implied by this edge.
libqtdevices	0c4a0c1557143bef54cae88095ebc17d2e24001f	f791deb7b514ede4c55a23975893cbb490ee14ac	mediaplayer.cpp	092b81c33917205ab7ee708df0f751e10f51b39f	4a7214cfc486d101c315242423f69698df2b0682	M	parent_tree_identity	Actual retained-parent file edge; semantic conclusions are component-scoped in the companion ledger, not implied by this edge.
libqtdevices	0c4a0c1557143bef54cae88095ebc17d2e24001f	f791deb7b514ede4c55a23975893cbb490ee14ac	ts_10/audioplayer.cpp	12a73faf0f6b56db6d1c7bfe3ac3235599b58cf7	3e6bcf97e3e26f1242d1d42d098c0e2c6ef04281	M	parent_tree_identity	Actual retained-parent file edge; semantic conclusions are component-scoped in the companion ledger, not implied by this edge.
libqtdevices	12fd4e143a50e9ac9fc4bdd4dfaff67c9202cbe7	b58ef55727d573639a41f5f4524d095206ee7a69	ts_10/audioplayer.cpp	c7e9ca8a6ad9cd21ead55ef9becf5f73bd043257	12a73faf0f6b56db6d1c7bfe3ac3235599b58cf7	M	parent_tree_identity	Actual retained-parent file edge; semantic conclusions are component-scoped in the companion ledger, not implied by this edge.
libqtdevices	66c38cd3c9fa58939f2aaf1e43f8769131e77d20	58c1aa3d120ff4a40e75930c6d890041a6ed94dc	ts_10/audioplayer.cpp	c7e9ca8a6ad9cd21ead55ef9becf5f73bd043257	12a73faf0f6b56db6d1c7bfe3ac3235599b58cf7	M	parent_tree_identity	Actual retained-parent file edge; semantic conclusions are component-scoped in the companion ledger, not implied by this edge.
libqtdevices	b7a5f0b5b562d3843f8c6cd202e8a6e0684c6513	9ab50a12673fef935d66f47a30b82306d87589dd	ts_10/audioplayer.cpp	c7e9ca8a6ad9cd21ead55ef9becf5f73bd043257	12a73faf0f6b56db6d1c7bfe3ac3235599b58cf7	M	parent_tree_identity	Actual retained-parent file edge; semantic conclusions are component-scoped in the companion ledger, not implied by this edge.
libqtdevices	14d816763f6dd47a2f46cff1b7ec3d5eac7475b9	51110a9f8bb99c87cb2840749fce0bb9fb60cf06	ts_10/audioplayer.cpp	c7e9ca8a6ad9cd21ead55ef9becf5f73bd043257	12a73faf0f6b56db6d1c7bfe3ac3235599b58cf7	M	parent_tree_identity	Actual retained-parent file edge; semantic conclusions are component-scoped in the companion ledger, not implied by this edge.
libqtdevices	a84de0e6007b319f0d2686fd6a58b98f1ccb56ac	3eb83521d2de4e816202ce59efedfb30f18c044f	mediaplayer.cpp	092b81c33917205ab7ee708df0f751e10f51b39f	4a7214cfc486d101c315242423f69698df2b0682	M	parent_tree_identity	Actual retained-parent file edge; semantic conclusions are component-scoped in the companion ledger, not implied by this edge.
libqtdevices	a84de0e6007b319f0d2686fd6a58b98f1ccb56ac	3eb83521d2de4e816202ce59efedfb30f18c044f	ts_10/audioplayer.cpp	c7e9ca8a6ad9cd21ead55ef9becf5f73bd043257	cde17f1a01184dadd75d5d1a8fcfced28e659c1c	M	parent_tree_identity	Actual retained-parent file edge; semantic conclusions are component-scoped in the companion ledger, not implied by this edge.
libqtdevices	a01f9f2d8632980287689343c95514166111a5d4	be85b8458fcb5fd88ec136c6876e2a20e16ee4ff	mediaplayer.cpp	092b81c33917205ab7ee708df0f751e10f51b39f	4a7214cfc486d101c315242423f69698df2b0682	M	parent_tree_identity	Actual retained-parent file edge; semantic conclusions are component-scoped in the companion ledger, not implied by this edge.
libqtdevices	a01f9f2d8632980287689343c95514166111a5d4	be85b8458fcb5fd88ec136c6876e2a20e16ee4ff	ts_10/audioplayer.cpp	c7e9ca8a6ad9cd21ead55ef9becf5f73bd043257	cde17f1a01184dadd75d5d1a8fcfced28e659c1c	M	parent_tree_identity	Actual retained-parent file edge; semantic conclusions are component-scoped in the companion ledger, not implied by this edge.
libqtdevices	6787662cb28dd4fce90ddfddc32b44cae49db167	7540e69faccc91ea1d15164045ea90430f9271e8	mediaplayer.cpp	092b81c33917205ab7ee708df0f751e10f51b39f	4a7214cfc486d101c315242423f69698df2b0682	M	parent_tree_identity	Actual retained-parent file edge; semantic conclusions are component-scoped in the companion ledger, not implied by this edge.
libqtdevices	6787662cb28dd4fce90ddfddc32b44cae49db167	7540e69faccc91ea1d15164045ea90430f9271e8	ts_10/audioplayer.cpp	6392110c341b01005325fd135d07e5ffc9205c9c	cde17f1a01184dadd75d5d1a8fcfced28e659c1c	M	parent_tree_identity	Actual retained-parent file edge; semantic conclusions are component-scoped in the companion ledger, not implied by this edge.
libqtdevices	7540e69faccc91ea1d15164045ea90430f9271e8	d041d9a2fd3610234347e6ec6db8dd16c5cc9486	ts_10/audioplayer.cpp	c7e9ca8a6ad9cd21ead55ef9becf5f73bd043257	6392110c341b01005325fd135d07e5ffc9205c9c	M	parent_tree_identity	Actual retained-parent file edge; semantic conclusions are component-scoped in the companion ledger, not implied by this edge.
libqtdevices	656705021d9581c2fe575f4ea634695c063c84d8	8176af97e297923ff11193fabb6a1425ccf18518	upnpclientbrowser.cpp	987621f324272a51faf80f79debaa8abe97d02db	0000000000000000000000000000000000000000	D	parent_tree_identity	Actual retained-parent file edge; semantic conclusions are component-scoped in the companion ledger, not implied by this edge.
libqtdevices	9f31c439d1659de413b14ad11ff626e738d1d94d	a56953ebc92e607e9df13bc894bba082b48e199e	upnpclientbrowser.cpp	0000000000000000000000000000000000000000	987621f324272a51faf80f79debaa8abe97d02db	A	parent_tree_identity	Actual retained-parent file edge; semantic conclusions are component-scoped in the companion ledger, not implied by this edge.
libqtdevices	694292e5ce470701c732995e049ce18206291841	bd2f23ab311b9e1233e839cf76c36c3823ec238d	upnpclientbrowser.cpp	0000000000000000000000000000000000000000	987621f324272a51faf80f79debaa8abe97d02db	A	parent_tree_identity	Actual retained-parent file edge; semantic conclusions are component-scoped in the companion ledger, not implied by this edge.
libqtdevices	a19b5bcc7d3e0e5359143cf1eb05286213c415c7	cfc611985240359d8d34e06bf590dd127dba9ef8	mediaplayer.cpp	d5d7d4bbc07f41c24975b7c74d713daaab111083	092b81c33917205ab7ee708df0f751e10f51b39f	M	parent_tree_identity	Actual retained-parent file edge; semantic conclusions are component-scoped in the companion ledger, not implied by this edge.
libqtdevices	a19b5bcc7d3e0e5359143cf1eb05286213c415c7	cfc611985240359d8d34e06bf590dd127dba9ef8	touchx/audioplayer.cpp	c7e9ca8a6ad9cd21ead55ef9becf5f73bd043257	0000000000000000000000000000000000000000	D	parent_tree_identity	Actual retained-parent file edge; semantic conclusions are component-scoped in the companion ledger, not implied by this edge.
libqtdevices	a19b5bcc7d3e0e5359143cf1eb05286213c415c7	cfc611985240359d8d34e06bf590dd127dba9ef8	ts_10/audioplayer.cpp	0000000000000000000000000000000000000000	c7e9ca8a6ad9cd21ead55ef9becf5f73bd043257	A	parent_tree_identity	Actual retained-parent file edge; semantic conclusions are component-scoped in the companion ledger, not implied by this edge.
libqtdevices	d96e965acf685b2259738ea2fd34e065c19c1ba6	5091ad5c3d7bed15c31ff60cf8fca951ac9d8778	mediaplayer.cpp	d5d7d4bbc07f41c24975b7c74d713daaab111083	092b81c33917205ab7ee708df0f751e10f51b39f	M	parent_tree_identity	Actual retained-parent file edge; semantic conclusions are component-scoped in the companion ledger, not implied by this edge.
libqtdevices	d96e965acf685b2259738ea2fd34e065c19c1ba6	5091ad5c3d7bed15c31ff60cf8fca951ac9d8778	touchx/audioplayer.cpp	c7e9ca8a6ad9cd21ead55ef9becf5f73bd043257	0000000000000000000000000000000000000000	D	parent_tree_identity	Actual retained-parent file edge; semantic conclusions are component-scoped in the companion ledger, not implied by this edge.
libqtdevices	d96e965acf685b2259738ea2fd34e065c19c1ba6	5091ad5c3d7bed15c31ff60cf8fca951ac9d8778	ts_10/audioplayer.cpp	0000000000000000000000000000000000000000	c7e9ca8a6ad9cd21ead55ef9becf5f73bd043257	A	parent_tree_identity	Actual retained-parent file edge; semantic conclusions are component-scoped in the companion ledger, not implied by this edge.
libqtdevices	e37ecdc8d87f5bd838cec328274f4d8dc42af714	664f25e2f585b1a667350cece8b1b8882cdfd3b9	mediaplayer.cpp	d5d7d4bbc07f41c24975b7c74d713daaab111083	092b81c33917205ab7ee708df0f751e10f51b39f	M	parent_tree_identity	Actual retained-parent file edge; semantic conclusions are component-scoped in the companion ledger, not implied by this edge.
libqtdevices	e37ecdc8d87f5bd838cec328274f4d8dc42af714	664f25e2f585b1a667350cece8b1b8882cdfd3b9	touchx/audioplayer.cpp	c7e9ca8a6ad9cd21ead55ef9becf5f73bd043257	0000000000000000000000000000000000000000	D	parent_tree_identity	Actual retained-parent file edge; semantic conclusions are component-scoped in the companion ledger, not implied by this edge.
libqtdevices	e37ecdc8d87f5bd838cec328274f4d8dc42af714	664f25e2f585b1a667350cece8b1b8882cdfd3b9	ts_10/audioplayer.cpp	0000000000000000000000000000000000000000	c7e9ca8a6ad9cd21ead55ef9becf5f73bd043257	A	parent_tree_identity	Actual retained-parent file edge; semantic conclusions are component-scoped in the companion ledger, not implied by this edge.
libqtdevices	fe226e6cd5e5f245027f54e8fa5df0e989282c71	44654de2812579d8d2d098575159f573294d02fb	mediaplayer.cpp	d5d7d4bbc07f41c24975b7c74d713daaab111083	092b81c33917205ab7ee708df0f751e10f51b39f	M	parent_tree_identity	Actual retained-parent file edge; semantic conclusions are component-scoped in the companion ledger, not implied by this edge.
libqtdevices	95ad809e790412b08b2766f9b8f496496491a901	a9bbf8013b1afd7d4bab4282e83b63581164f0cb	touchx/audioplayer.cpp	c7e9ca8a6ad9cd21ead55ef9becf5f73bd043257	0000000000000000000000000000000000000000	D	parent_tree_identity	Actual retained-parent file edge; semantic conclusions are component-scoped in the companion ledger, not implied by this edge.
libqtdevices	95ad809e790412b08b2766f9b8f496496491a901	a9bbf8013b1afd7d4bab4282e83b63581164f0cb	ts_10/audioplayer.cpp	0000000000000000000000000000000000000000	c7e9ca8a6ad9cd21ead55ef9becf5f73bd043257	A	parent_tree_identity	Actual retained-parent file edge; semantic conclusions are component-scoped in the companion ledger, not implied by this edge.
libqtdevices	4e09865502cd970b418c5d62feb4b54d370ab0c0	393a190a387bc9cf6e61f6c25910ffa4d467da3e	touchx/audioplayer.cpp	2d4a1c86d6603978fc4a83ced75b3c21fdca18b1	c7e9ca8a6ad9cd21ead55ef9becf5f73bd043257	M	parent_tree_identity	Actual retained-parent file edge; semantic conclusions are component-scoped in the companion ledger, not implied by this edge.
libqtdevices	e2ca77e4a644f093dc970c2ba6d5f4dccaea11ac	66b3e71a7efeeda8afaf9ddcad20bde7535d4831	touchx/audioplayer.cpp	2d4a1c86d6603978fc4a83ced75b3c21fdca18b1	c7e9ca8a6ad9cd21ead55ef9becf5f73bd043257	M	parent_tree_identity	Actual retained-parent file edge; semantic conclusions are component-scoped in the companion ledger, not implied by this edge.
libqtdevices	8f218da76493a3e7ee9b4d8c9515bcfad3b720fc	0bb950d159d6c4ef9860d108e86312140f3b24f8	touchx/audioplayer.cpp	2d4a1c86d6603978fc4a83ced75b3c21fdca18b1	c7e9ca8a6ad9cd21ead55ef9becf5f73bd043257	M	parent_tree_identity	Actual retained-parent file edge; semantic conclusions are component-scoped in the companion ledger, not implied by this edge.
libqtdevices	67b3bd00a4bb53b8efca0159b40366fb63f74ec9	7a2a99da80b556377c084bd533af1fdf0a91cbd2	touchx/audioplayer.cpp	5a10b1ef5182361c731c57ca53235496f5ed33a4	2d4a1c86d6603978fc4a83ced75b3c21fdca18b1	M	parent_tree_identity	Actual retained-parent file edge; semantic conclusions are component-scoped in the companion ledger, not implied by this edge.
libqtdevices	48c6219fecb1a6932fd5a3df512c180aa7648809	539bb6d3ffabab90bd91f416a0a305604eec5fe8	touchx/audioplayer.cpp	5a10b1ef5182361c731c57ca53235496f5ed33a4	2d4a1c86d6603978fc4a83ced75b3c21fdca18b1	M	parent_tree_identity	Actual retained-parent file edge; semantic conclusions are component-scoped in the companion ledger, not implied by this edge.
libqtdevices	4185fa5c9580a552d3c2a28132fb85bd39350944	4a878d0ababcf246539631386a122e6bba92cc52	touchx/audioplayer.cpp	7b4175db84bddbe5c9a351b738f6ee39394a28a8	5a10b1ef5182361c731c57ca53235496f5ed33a4	M	parent_tree_identity	Actual retained-parent file edge; semantic conclusions are component-scoped in the companion ledger, not implied by this edge.
libqtdevices	4185fa5c9580a552d3c2a28132fb85bd39350944	671f5ef820c75680f44ce76a7ad34a08588187ed	mediaplayer.cpp	99acc135a64ec75e8274fb32263a0e422f17dc5d	d5d7d4bbc07f41c24975b7c74d713daaab111083	M	parent_tree_identity	Actual retained-parent file edge; semantic conclusions are component-scoped in the companion ledger, not implied by this edge.
libqtdevices	4185fa5c9580a552d3c2a28132fb85bd39350944	671f5ef820c75680f44ce76a7ad34a08588187ed	touchx/audioplayer.cpp	aea5970e918b189ba3483779206a192f124718d9	5a10b1ef5182361c731c57ca53235496f5ed33a4	M	parent_tree_identity	Actual retained-parent file edge; semantic conclusions are component-scoped in the companion ledger, not implied by this edge.
libqtdevices	4a878d0ababcf246539631386a122e6bba92cc52	384b0736244b533f7a12e1ecae37f8355c05923d	touchx/audioplayer.cpp	5243f0faff0fc7e5742cbee7fb4b28c09e27bbba	7b4175db84bddbe5c9a351b738f6ee39394a28a8	M	parent_tree_identity	Actual retained-parent file edge; semantic conclusions are component-scoped in the companion ledger, not implied by this edge.
libqtdevices	384b0736244b533f7a12e1ecae37f8355c05923d	fde9f668202e1ff494165048f7bceb5fbfcdd4d1	mediaplayer.cpp	99acc135a64ec75e8274fb32263a0e422f17dc5d	d5d7d4bbc07f41c24975b7c74d713daaab111083	M	parent_tree_identity	Actual retained-parent file edge; semantic conclusions are component-scoped in the companion ledger, not implied by this edge.
libqtdevices	a26d5e0034169f523668f124f0da5981fb71a68d	8a5d9605f13609291aa84b301b78e1780dff0739	touchx/audioplayer.cpp	5243f0faff0fc7e5742cbee7fb4b28c09e27bbba	aea5970e918b189ba3483779206a192f124718d9	M	parent_tree_identity	Actual retained-parent file edge; semantic conclusions are component-scoped in the companion ledger, not implied by this edge.
libqtdevices	f241d42a030442f145bb461f21c26f24973fe9c7	61fba9c975d2c558900c0be3b933b0a77cd92501	mediaplayer.cpp	0244cc680d513b9dbc54f716f17cbf87546b0ef1	99acc135a64ec75e8274fb32263a0e422f17dc5d	M	parent_tree_identity	Actual retained-parent file edge; semantic conclusions are component-scoped in the companion ledger, not implied by this edge.
libqtdevices	f241d42a030442f145bb461f21c26f24973fe9c7	61fba9c975d2c558900c0be3b933b0a77cd92501	touchx/audioplayer.cpp	8f4107bf65ff54a760950b1af1feaa88e49f734a	5243f0faff0fc7e5742cbee7fb4b28c09e27bbba	M	parent_tree_identity	Actual retained-parent file edge; semantic conclusions are component-scoped in the companion ledger, not implied by this edge.
libqtdevices	0b4b8fd0ecb1ab02564711053a39b82275c48e78	c0304a00fe43d6e9e8d04d160890fc3204e5b574	touchx/audioplayer.cpp	52b766a9649b32d3982ddf88984ed03b83263310	5243f0faff0fc7e5742cbee7fb4b28c09e27bbba	M	parent_tree_identity	Actual retained-parent file edge; semantic conclusions are component-scoped in the companion ledger, not implied by this edge.
libqtdevices	f5e0c161a8993f4f2e59fd69645bf884e78dc870	a1dc0d8d4cf446882a6023a9e7444463c457d55b	mediaplayer.cpp	f24f24fa86e29a3d3b0efc15230977ebc0d16a94	99acc135a64ec75e8274fb32263a0e422f17dc5d	M	parent_tree_identity	Actual retained-parent file edge; semantic conclusions are component-scoped in the companion ledger, not implied by this edge.
libqtdevices	a1dc0d8d4cf446882a6023a9e7444463c457d55b	de581807a240aa387e8626211bfd018c4a8ba234	mediaplayer.cpp	75a102f3f077d30f7d1a9371fadc302209be3743	f24f24fa86e29a3d3b0efc15230977ebc0d16a94	M	parent_tree_identity	Actual retained-parent file edge; semantic conclusions are component-scoped in the companion ledger, not implied by this edge.
libqtdevices	de581807a240aa387e8626211bfd018c4a8ba234	3f6a6c6c9060340b1fff8376f0e325866ce0736a	mediaplayer.cpp	0244cc680d513b9dbc54f716f17cbf87546b0ef1	75a102f3f077d30f7d1a9371fadc302209be3743	M	parent_tree_identity	Actual retained-parent file edge; semantic conclusions are component-scoped in the companion ledger, not implied by this edge.
libqtdevices	de581807a240aa387e8626211bfd018c4a8ba234	3f6a6c6c9060340b1fff8376f0e325866ce0736a	touchx/audioplayer.cpp	8f4107bf65ff54a760950b1af1feaa88e49f734a	52b766a9649b32d3982ddf88984ed03b83263310	M	parent_tree_identity	Actual retained-parent file edge; semantic conclusions are component-scoped in the companion ledger, not implied by this edge.
libqtdevices	61fba9c975d2c558900c0be3b933b0a77cd92501	f070e0d1400203df053f60ec9cac53582839b956	mediaplayer.cpp	c5d1ca7ac83b1027d86c5a3798729ebc7cbed19d	0244cc680d513b9dbc54f716f17cbf87546b0ef1	M	parent_tree_identity	Actual retained-parent file edge; semantic conclusions are component-scoped in the companion ledger, not implied by this edge.
libqtdevices	61fba9c975d2c558900c0be3b933b0a77cd92501	f070e0d1400203df053f60ec9cac53582839b956	touchx/audioplayer.cpp	3039c8656fea0e35f141abfe24244f4a2d49bc4e	8f4107bf65ff54a760950b1af1feaa88e49f734a	M	parent_tree_identity	Actual retained-parent file edge; semantic conclusions are component-scoped in the companion ledger, not implied by this edge.
libqtdevices	6c3ea58225b34ba69686e00cbc3e474c67ef42c0	1584aba26863bf83769130649020183e05448975	mediaplayer.cpp	c5d1ca7ac83b1027d86c5a3798729ebc7cbed19d	0244cc680d513b9dbc54f716f17cbf87546b0ef1	M	parent_tree_identity	Actual retained-parent file edge; semantic conclusions are component-scoped in the companion ledger, not implied by this edge.
libqtdevices	1584aba26863bf83769130649020183e05448975	46bec34df189bfd7418924f55cdadf5ff58493ae	touchx/audioplayer.cpp	6bb811a1e98ab7380aed8cde10ed3a6066a9916a	8f4107bf65ff54a760950b1af1feaa88e49f734a	M	parent_tree_identity	Actual retained-parent file edge; semantic conclusions are component-scoped in the companion ledger, not implied by this edge.
libqtdevices	46bec34df189bfd7418924f55cdadf5ff58493ae	ee2b5f4cfdcf2ff7c29240a6d04bd8f171648757	touchx/audioplayer.cpp	3039c8656fea0e35f141abfe24244f4a2d49bc4e	6bb811a1e98ab7380aed8cde10ed3a6066a9916a	M	parent_tree_identity	Actual retained-parent file edge; semantic conclusions are component-scoped in the companion ledger, not implied by this edge.
libqtdevices	ee2b5f4cfdcf2ff7c29240a6d04bd8f171648757	d4998585d8c0c1e7ed95664ffb33a8599c439553	mediaplayer.cpp	767a4b9e3d9e163551927a3c1cbe2e8a62c6247c	c5d1ca7ac83b1027d86c5a3798729ebc7cbed19d	M	parent_tree_identity	Actual retained-parent file edge; semantic conclusions are component-scoped in the companion ledger, not implied by this edge.
libqtdevices	dc0629467a7c4cbd8b1fd168f0d8e09e1bc491dd	8aa163a2b6491f17b5b01eefc65e05862ffc84c2	mediaplayer.cpp	767a4b9e3d9e163551927a3c1cbe2e8a62c6247c	c5d1ca7ac83b1027d86c5a3798729ebc7cbed19d	M	parent_tree_identity	Actual retained-parent file edge; semantic conclusions are component-scoped in the companion ledger, not implied by this edge.
libqtdevices	8c0b55822a23eb6d3f004b1a1971b555a3311f68	5fd602aa8186c4a5d887a4aa45a1c436a684adb0	touchx/audioplayer.cpp	ad7927d4542ba7af4aced72dda88e99e059e4dda	3039c8656fea0e35f141abfe24244f4a2d49bc4e	M	parent_tree_identity	Actual retained-parent file edge; semantic conclusions are component-scoped in the companion ledger, not implied by this edge.
libqtdevices	91499d335d45e42db46df54ede679c5a8409f23a	ec494947f9d89ece51923ebcfc481fc09a01dfea	mediaplayer.cpp	3b05f600fd8a66c329157d58b76ca16d3b4aa0ea	767a4b9e3d9e163551927a3c1cbe2e8a62c6247c	M	parent_tree_identity	Actual retained-parent file edge; semantic conclusions are component-scoped in the companion ledger, not implied by this edge.
libqtdevices	ec494947f9d89ece51923ebcfc481fc09a01dfea	62f0b99624cf983a8fd3c1c21cf1468310bdc2d6	mediaplayer.cpp	2f44eaf7b02c1c79a818472a5b6a6a515f684dfd	3b05f600fd8a66c329157d58b76ca16d3b4aa0ea	M	parent_tree_identity	Actual retained-parent file edge; semantic conclusions are component-scoped in the companion ledger, not implied by this edge.
libqtdevices	62f0b99624cf983a8fd3c1c21cf1468310bdc2d6	4b1a736ea02dc626eacfe28f3cd52dbc97860612	mediaplayer.cpp	829124023863377525687b835ce21322c92c6aac	2f44eaf7b02c1c79a818472a5b6a6a515f684dfd	M	parent_tree_identity	Actual retained-parent file edge; semantic conclusions are component-scoped in the companion ledger, not implied by this edge.
libqtdevices	51b2c9e231a9f830a8cdbe664d82e02d7762cb09	5e91620bb3aafc6e3ed96467da5f5c744bf6e8ac	mediaplayer.cpp	e429cf983be876db82340fce09100ae5031b6a39	829124023863377525687b835ce21322c92c6aac	M	parent_tree_identity	Actual retained-parent file edge; semantic conclusions are component-scoped in the companion ledger, not implied by this edge.
libqtdevices	5e91620bb3aafc6e3ed96467da5f5c744bf6e8ac	e0f59c93f53281c8204569726a627c6a5ae21552	mediaplayer.cpp	0ae20da3ca59c3915a5227a8a0a3753b3c1f722b	e429cf983be876db82340fce09100ae5031b6a39	M	parent_tree_identity	Actual retained-parent file edge; semantic conclusions are component-scoped in the companion ledger, not implied by this edge.
libqtdevices	d06b2d6da0670c84fe0ea5eb8c15dac600f0c891	408251372dfc70aff212498904f99d165c820c72	touchx/audioplayer.cpp	073a22f7657cbc3f9277aca0f9a13eabd4dc0494	ad7927d4542ba7af4aced72dda88e99e059e4dda	M	parent_tree_identity	Actual retained-parent file edge; semantic conclusions are component-scoped in the companion ledger, not implied by this edge.
libqtdevices	d6f982c6c9657374abb8772fc7c64e20a3d4988a	266deb85dfb7fb33275dd8be3e832258967ac4ce	touchx/audioplayer.cpp	073a22f7657cbc3f9277aca0f9a13eabd4dc0494	ad7927d4542ba7af4aced72dda88e99e059e4dda	M	parent_tree_identity	Actual retained-parent file edge; semantic conclusions are component-scoped in the companion ledger, not implied by this edge.
libqtdevices	bcbf0e9b7a9dacfe7c45643c7f75df3337ed6ef5	f4cc3254acabfa79294752fc8b6ec369383082d0	touchx/audioplayer.cpp	5788fddc48b09200ffa1b356ed94438e2e1c2100	073a22f7657cbc3f9277aca0f9a13eabd4dc0494	M	parent_tree_identity	Actual retained-parent file edge; semantic conclusions are component-scoped in the companion ledger, not implied by this edge.
libqtdevices	2ff4011354a1d7f5002f97d5c69ecfc068b8f02a	b08f6bb0cfe9358ec6d5c51198c0562642a30ac1	touchx/audioplayer.cpp	5788fddc48b09200ffa1b356ed94438e2e1c2100	073a22f7657cbc3f9277aca0f9a13eabd4dc0494	M	parent_tree_identity	Actual retained-parent file edge; semantic conclusions are component-scoped in the companion ledger, not implied by this edge.
libqtdevices	2bf17ba482437e091f4ecd495223fe73ea7ab0f6	f9aae61a5ad57c88c6907892e490508169d8de51	touchx/audioplayer.cpp	c92fe85254adaa929ee48a0c1a1e9e0f01da5053	5788fddc48b09200ffa1b356ed94438e2e1c2100	M	parent_tree_identity	Actual retained-parent file edge; semantic conclusions are component-scoped in the companion ledger, not implied by this edge.
libqtdevices	beb1777daaeafb8a9ef809ea169b872d0c865388	856e09f11217af1064b76fdc094ba0e2ecc9a17b	touchx/audioplayer.cpp	c92fe85254adaa929ee48a0c1a1e9e0f01da5053	5788fddc48b09200ffa1b356ed94438e2e1c2100	M	parent_tree_identity	Actual retained-parent file edge; semantic conclusions are component-scoped in the companion ledger, not implied by this edge.
libqtdevices	11059e88c5fe76958f9e385a5e6013a076692f0b	c73e6c0daa72d119237a282b8f00849e52952b70	mediaplayer.cpp	f1fe9b03edefec2692fe408602fb9068490931b9	0ae20da3ca59c3915a5227a8a0a3753b3c1f722b	M	parent_tree_identity	Actual retained-parent file edge; semantic conclusions are component-scoped in the companion ledger, not implied by this edge.
libqtdevices	a32ee1a8798e12c2603f1eb47b0946dabd744e60	23ed0fc88518efa13298b6aa2479aa8c09838d62	mediaplayer.cpp	f1fe9b03edefec2692fe408602fb9068490931b9	0ae20da3ca59c3915a5227a8a0a3753b3c1f722b	M	parent_tree_identity	Actual retained-parent file edge; semantic conclusions are component-scoped in the companion ledger, not implied by this edge.
libqtdevices	23ed0fc88518efa13298b6aa2479aa8c09838d62	f97109aee6be98081dbab77a6c1e706887248e83	mediaplayer.cpp	c2931e942286c0666bedea531a11d15887c1d099	f1fe9b03edefec2692fe408602fb9068490931b9	M	parent_tree_identity	Actual retained-parent file edge; semantic conclusions are component-scoped in the companion ledger, not implied by this edge.
libqtdevices	124ba839925c14c130bdd8206f45628593ff1da6	825945d825d0e19d839252054df50732864f3f75	mediaplayer.cpp	92c2c961917d9b3be00978a37f128ffeb3cc31d9	c2931e942286c0666bedea531a11d15887c1d099	M	parent_tree_identity	Actual retained-parent file edge; semantic conclusions are component-scoped in the companion ledger, not implied by this edge.
libqtdevices	02cd7eece09000e33c403a72fcef68c59aa0e49a	cf379936128cf379bacbe02e6749298f4edab50d	mediaplayer.cpp	24b93c302f3a5d705020634570289d56a87867de	92c2c961917d9b3be00978a37f128ffeb3cc31d9	M	parent_tree_identity	Actual retained-parent file edge; semantic conclusions are component-scoped in the companion ledger, not implied by this edge.
libqtdevices	3deda2db91ff26a13e74806d32d5e4b8c5503757	bac84966733ab87e40556c495db27bc4e60d022c	mediaplayer.cpp	0a0b425e94c1e4d9d968edf7d8b9ab0e1a408768	24b93c302f3a5d705020634570289d56a87867de	M	parent_tree_identity	Actual retained-parent file edge; semantic conclusions are component-scoped in the companion ledger, not implied by this edge.
libqtdevices	dc63d762b5c25a5942d8d4a1af90ee8bc6de7fd7	175e38f3b9fd751ec2c00ab09cc0aecae067f5b0	mediaplayer.cpp	ff76f6950cbcfa006ddc11273762609dd35e4754	0a0b425e94c1e4d9d968edf7d8b9ab0e1a408768	M	parent_tree_identity	Actual retained-parent file edge; semantic conclusions are component-scoped in the companion ledger, not implied by this edge.
libqtdevices	dc63d762b5c25a5942d8d4a1af90ee8bc6de7fd7	175e38f3b9fd751ec2c00ab09cc0aecae067f5b0	touchx/audioplayer.cpp	0000000000000000000000000000000000000000	c92fe85254adaa929ee48a0c1a1e9e0f01da5053	A	parent_tree_identity	Actual retained-parent file edge; semantic conclusions are component-scoped in the companion ledger, not implied by this edge.
libqtdevices	283b8ba9c8448d7cf771771ffa702672a8709080	4e5396bd37dfc40d7d772f55521a0d95bd761f46	mediaplayer.cpp	e10c2dae53b56a9e8e6ba9922e5b63df4845d355	0a0b425e94c1e4d9d968edf7d8b9ab0e1a408768	M	parent_tree_identity	Actual retained-parent file edge; semantic conclusions are component-scoped in the companion ledger, not implied by this edge.
libqtdevices	58a3739698cfba79c6843447d8754bcb7fdae5fd	9aac38ac85190ab2614b3633400c367af8931abf	mediaplayer.cpp	e10c2dae53b56a9e8e6ba9922e5b63df4845d355	0a0b425e94c1e4d9d968edf7d8b9ab0e1a408768	M	parent_tree_identity	Actual retained-parent file edge; semantic conclusions are component-scoped in the companion ledger, not implied by this edge.
libqtdevices	c6bd905d87646b5e05d3bfcda7d6ff21f7959f79	d1f25f0efb1de8c33652ac8f9154fd77cb017a47	mediaplayer.cpp	ff76f6950cbcfa006ddc11273762609dd35e4754	e10c2dae53b56a9e8e6ba9922e5b63df4845d355	M	parent_tree_identity	Actual retained-parent file edge; semantic conclusions are component-scoped in the companion ledger, not implied by this edge.
libqtdevices	c6bd905d87646b5e05d3bfcda7d6ff21f7959f79	d1f25f0efb1de8c33652ac8f9154fd77cb017a47	touchx/audioplayer.cpp	0000000000000000000000000000000000000000	c92fe85254adaa929ee48a0c1a1e9e0f01da5053	A	parent_tree_identity	Actual retained-parent file edge; semantic conclusions are component-scoped in the companion ledger, not implied by this edge.
libqtdevices	26d1c90364de021e280466ee95f86079c5234a8a	88627385f4443fb3a974977b80d14ac9eedeef8c	mediaplayer.cpp	ff76f6950cbcfa006ddc11273762609dd35e4754	e10c2dae53b56a9e8e6ba9922e5b63df4845d355	M	parent_tree_identity	Actual retained-parent file edge; semantic conclusions are component-scoped in the companion ledger, not implied by this edge.
libqtdevices	26d1c90364de021e280466ee95f86079c5234a8a	88627385f4443fb3a974977b80d14ac9eedeef8c	touchx/audioplayer.cpp	0000000000000000000000000000000000000000	c92fe85254adaa929ee48a0c1a1e9e0f01da5053	A	parent_tree_identity	Actual retained-parent file edge; semantic conclusions are component-scoped in the companion ledger, not implied by this edge.
libqtdevices	4e5396bd37dfc40d7d772f55521a0d95bd761f46	03db2fd76fdb3a23aded6c633694ad5d47927480	touchx/audioplayer.cpp	9efb0aad45b028e29e23ff575fe61acd914b8ee8	c92fe85254adaa929ee48a0c1a1e9e0f01da5053	M	parent_tree_identity	Actual retained-parent file edge; semantic conclusions are component-scoped in the companion ledger, not implied by this edge.
libqtdevices	e7b0bff26cc02ba3c80688fcae8ed68b895720e4	3378de261a0f48422d22b775934488d72d226ca4	mediaplayer.cpp	49d44e5d61854256213af65e7a128d1dafad68fd	e10c2dae53b56a9e8e6ba9922e5b63df4845d355	M	parent_tree_identity	Actual retained-parent file edge; semantic conclusions are component-scoped in the companion ledger, not implied by this edge.
libqtdevices	e7b0bff26cc02ba3c80688fcae8ed68b895720e4	a7485a0525493077f47a3ea8a29dd1becdfd4989	touchx/audioplayer.cpp	9efb0aad45b028e29e23ff575fe61acd914b8ee8	c92fe85254adaa929ee48a0c1a1e9e0f01da5053	M	parent_tree_identity	Actual retained-parent file edge; semantic conclusions are component-scoped in the companion ledger, not implied by this edge.
libqtdevices	3378de261a0f48422d22b775934488d72d226ca4	4ec14e4b4bf7146dc0a4902a359734e8da5045fe	touchx/audioplayer.cpp	9efb0aad45b028e29e23ff575fe61acd914b8ee8	c92fe85254adaa929ee48a0c1a1e9e0f01da5053	M	parent_tree_identity	Actual retained-parent file edge; semantic conclusions are component-scoped in the companion ledger, not implied by this edge.
libqtdevices	03db2fd76fdb3a23aded6c633694ad5d47927480	0c9e82bd4547c55546a58e1287bb59cd50feab0b	mediaplayer.cpp	49d44e5d61854256213af65e7a128d1dafad68fd	e10c2dae53b56a9e8e6ba9922e5b63df4845d355	M	parent_tree_identity	Actual retained-parent file edge; semantic conclusions are component-scoped in the companion ledger, not implied by this edge.
libqtdevices	6aec014b42524b366e02ee3e11dc36421f139935	623f3c482b36ed016c5742b70238fb880a7bfbe6	mediaplayer.cpp	3bd47a73e24f992a863850177a99233121279242	e10c2dae53b56a9e8e6ba9922e5b63df4845d355	M	parent_tree_identity	Actual retained-parent file edge; semantic conclusions are component-scoped in the companion ledger, not implied by this edge.
libqtdevices	623f3c482b36ed016c5742b70238fb880a7bfbe6	c42171f40b17ccf080317f4056b033ec7ed5cc27	mediaplayer.cpp	49d44e5d61854256213af65e7a128d1dafad68fd	3bd47a73e24f992a863850177a99233121279242	M	parent_tree_identity	Actual retained-parent file edge; semantic conclusions are component-scoped in the companion ledger, not implied by this edge.
libqtdevices	e5c980c4f55ee133a507bde40599402b2655599b	1d16a22aaee6d139a641341bb2540de8797cb0a6	mediaplayer.cpp	c1c49eb8bdd9b951615f5cc392fc0e56ebb4b164	49d44e5d61854256213af65e7a128d1dafad68fd	M	parent_tree_identity	Actual retained-parent file edge; semantic conclusions are component-scoped in the companion ledger, not implied by this edge.
libqtdevices	4f11276e788f1b4c4157e2dfe55901744fee90b3	9d59d809ef58bf2d47f2305b97e567e1e38539c7	mediaplayer.cpp	c1c49eb8bdd9b951615f5cc392fc0e56ebb4b164	49d44e5d61854256213af65e7a128d1dafad68fd	M	parent_tree_identity	Actual retained-parent file edge; semantic conclusions are component-scoped in the companion ledger, not implied by this edge.
libqtdevices	71f7e7aa9431f196aec457553db63ccae8fbb93c	32e1e4fa8c01244f2e069c8c15564404469efe8c	mediaplayer.cpp	c1c49eb8bdd9b951615f5cc392fc0e56ebb4b164	49d44e5d61854256213af65e7a128d1dafad68fd	M	parent_tree_identity	Actual retained-parent file edge; semantic conclusions are component-scoped in the companion ledger, not implied by this edge.
libqtdevices	160c60b3abfa07e2ec950c0cf2559a00c1260c94	26b446f2e7f4fa8a746d0575675e4cd8ec9914d9	mediaplayer.cpp	ef68101769405661978fe7bfa118542979d5b76c	c1c49eb8bdd9b951615f5cc392fc0e56ebb4b164	M	parent_tree_identity	Actual retained-parent file edge; semantic conclusions are component-scoped in the companion ledger, not implied by this edge.
libqtdevices	01a7e5b41a4399c4e8ff4f7aff1124823895b30f	8f4aba4b5b6bf5cec96fb170f5e303bc525e5c57	mediaplayer.cpp	ef68101769405661978fe7bfa118542979d5b76c	c1c49eb8bdd9b951615f5cc392fc0e56ebb4b164	M	parent_tree_identity	Actual retained-parent file edge; semantic conclusions are component-scoped in the companion ledger, not implied by this edge.
libqtdevices	19b59742bb31e59a05496f7d2cd1a32ea2cc503b	6d2cbc7c15fe839a1cd79d9e460ff6791ba8368f	mediaplayer.cpp	5c538dc679f1ca23873ea2e6832699fd74830e96	c1c49eb8bdd9b951615f5cc392fc0e56ebb4b164	M	parent_tree_identity	Actual retained-parent file edge; semantic conclusions are component-scoped in the companion ledger, not implied by this edge.
libqtdevices	6d2cbc7c15fe839a1cd79d9e460ff6791ba8368f	8b7480efae4ca409151fe4adac7e5b5bad5ae707	mediaplayer.cpp	ef68101769405661978fe7bfa118542979d5b76c	5c538dc679f1ca23873ea2e6832699fd74830e96	M	parent_tree_identity	Actual retained-parent file edge; semantic conclusions are component-scoped in the companion ledger, not implied by this edge.
libqtdevices	c50727a8624cc404d6c603f2c73f1d396e8a4512	cb668e3810ac683b78f908e74076e38cfd99de25	mediaplayer.cpp	e8f1369098e16793e587c90c7e6a9df3cb057e3a	ef68101769405661978fe7bfa118542979d5b76c	M	parent_tree_identity	Actual retained-parent file edge; semantic conclusions are component-scoped in the companion ledger, not implied by this edge.
libqtdevices	76562cd4023b614cc457b100eb78577e219b01b2	afb67451ea18e878adde82cb279c9cf1d119bd3b	mediaplayer.cpp	e8f1369098e16793e587c90c7e6a9df3cb057e3a	ef68101769405661978fe7bfa118542979d5b76c	M	parent_tree_identity	Actual retained-parent file edge; semantic conclusions are component-scoped in the companion ledger, not implied by this edge.
libqtdevices	7b0a1e7bcd8162db14aeae8f9b8e39077e0a4557	f7204c70fca6cfd8f65fa06d0794239f2470baa5	mediaplayer.cpp	e8f1369098e16793e587c90c7e6a9df3cb057e3a	ef68101769405661978fe7bfa118542979d5b76c	M	parent_tree_identity	Actual retained-parent file edge; semantic conclusions are component-scoped in the companion ledger, not implied by this edge.
libqtdevices	df25ca3478a10e07b697cef182239e5937a29bef	f1842b00f8b466017652dc6ac4f3b1b27e89653b	mediaplayer.cpp	438151c33ea069ec50feea74e9d2579d22818259	e8f1369098e16793e587c90c7e6a9df3cb057e3a	M	parent_tree_identity	Actual retained-parent file edge; semantic conclusions are component-scoped in the companion ledger, not implied by this edge.
libqtdevices	df25ca3478a10e07b697cef182239e5937a29bef	f1842b00f8b466017652dc6ac4f3b1b27e89653b	touchx/audioplayer.cpp	d55b433e3d000f438ddf7f4cc7e806ef9a2077c0	9efb0aad45b028e29e23ff575fe61acd914b8ee8	M	parent_tree_identity	Actual retained-parent file edge; semantic conclusions are component-scoped in the companion ledger, not implied by this edge.
libqtdevices	df25ca3478a10e07b697cef182239e5937a29bef	092954339580e596dc2a76fbe211cd6c4452d7b0	mediaplayer.cpp	79451fd4245e098a6fae914f665706c151adddfa	e8f1369098e16793e587c90c7e6a9df3cb057e3a	M	parent_tree_identity	Actual retained-parent file edge; semantic conclusions are component-scoped in the companion ledger, not implied by this edge.
libqtdevices	092954339580e596dc2a76fbe211cd6c4452d7b0	f822841421b3e613ad9eea0b43145e93865077a6	mediaplayer.cpp	491a79b6a847bd3ab20400f28c60cf69955323bf	79451fd4245e098a6fae914f665706c151adddfa	M	parent_tree_identity	Actual retained-parent file edge; semantic conclusions are component-scoped in the companion ledger, not implied by this edge.
libqtdevices	092954339580e596dc2a76fbe211cd6c4452d7b0	789c6be2e14a89315c48fca7447397a030cd7c54	mediaplayer.cpp	55f33934103dab17d72e27f6408a9eda6e3c79d2	79451fd4245e098a6fae914f665706c151adddfa	M	parent_tree_identity	Actual retained-parent file edge; semantic conclusions are component-scoped in the companion ledger, not implied by this edge.
libqtdevices	092954339580e596dc2a76fbe211cd6c4452d7b0	789c6be2e14a89315c48fca7447397a030cd7c54	touchx/audioplayer.cpp	d55b433e3d000f438ddf7f4cc7e806ef9a2077c0	9efb0aad45b028e29e23ff575fe61acd914b8ee8	M	parent_tree_identity	Actual retained-parent file edge; semantic conclusions are component-scoped in the companion ledger, not implied by this edge.
libqtdevices	f822841421b3e613ad9eea0b43145e93865077a6	9a9b236e4e65bd4c1d11265a5e5a1b3f138349fc	mediaplayer.cpp	fdb434fca6ed6765a935c4c2c20436a305ee0ea4	491a79b6a847bd3ab20400f28c60cf69955323bf	M	parent_tree_identity	Actual retained-parent file edge; semantic conclusions are component-scoped in the companion ledger, not implied by this edge.
libqtdevices	f822841421b3e613ad9eea0b43145e93865077a6	9a9b236e4e65bd4c1d11265a5e5a1b3f138349fc	touchx/audioplayer.cpp	d55b433e3d000f438ddf7f4cc7e806ef9a2077c0	9efb0aad45b028e29e23ff575fe61acd914b8ee8	M	parent_tree_identity	Actual retained-parent file edge; semantic conclusions are component-scoped in the companion ledger, not implied by this edge.
libqtdevices	a68e0224711ca6b397756d108c23d0d8b18be0dc	6a97da28b4c95761b82d9256b8b79fb6f1ac97e0	mediaplayer.cpp	55f33934103dab17d72e27f6408a9eda6e3c79d2	438151c33ea069ec50feea74e9d2579d22818259	M	parent_tree_identity	Actual retained-parent file edge; semantic conclusions are component-scoped in the companion ledger, not implied by this edge.
libqtdevices	6a97da28b4c95761b82d9256b8b79fb6f1ac97e0	a2ee741732866181a4b23a16485937bd7a19e132	mediaplayer.cpp	fdb434fca6ed6765a935c4c2c20436a305ee0ea4	55f33934103dab17d72e27f6408a9eda6e3c79d2	M	parent_tree_identity	Actual retained-parent file edge; semantic conclusions are component-scoped in the companion ledger, not implied by this edge.
libqtdevices	1c17547e73f71beec3888e3092cee2ee88261217	05e4cb76424e1dfaaac8c8a4fcbef858af513051	mediaplayer.cpp	ff76f6950cbcfa006ddc11273762609dd35e4754	fdb434fca6ed6765a935c4c2c20436a305ee0ea4	M	parent_tree_identity	Actual retained-parent file edge; semantic conclusions are component-scoped in the companion ledger, not implied by this edge.
libqtdevices	1c17547e73f71beec3888e3092cee2ee88261217	05e4cb76424e1dfaaac8c8a4fcbef858af513051	touchx/audioplayer.cpp	0000000000000000000000000000000000000000	d55b433e3d000f438ddf7f4cc7e806ef9a2077c0	A	parent_tree_identity	Actual retained-parent file edge; semantic conclusions are component-scoped in the companion ledger, not implied by this edge.
libqtdevices	76a98b8dbace0ab0b189ae5af3813f54e150d6c3	f663d6b27f15dd2e3051a47a03b8353b732a5a35	touchx/audioplayer.cpp	319456fd2e64ba61dde22cfa4bcf73bdc0b01d55	d55b433e3d000f438ddf7f4cc7e806ef9a2077c0	M	parent_tree_identity	Actual retained-parent file edge; semantic conclusions are component-scoped in the companion ledger, not implied by this edge.
libqtdevices	052c60cacd45db0553ccce2676d210b558ef044d	bd35121e4152396b284dc7b10a690a4fc2932517	touchx/audioplayer.cpp	319456fd2e64ba61dde22cfa4bcf73bdc0b01d55	d55b433e3d000f438ddf7f4cc7e806ef9a2077c0	M	parent_tree_identity	Actual retained-parent file edge; semantic conclusions are component-scoped in the companion ledger, not implied by this edge.
libqtdevices	bd35121e4152396b284dc7b10a690a4fc2932517	acef32715ed1a135bfa87f9e3dc7259b01fe6cba	mediaplayer.cpp	08ce318b558e5ce6e83025f7502d2f64e7fd5eb3	fdb434fca6ed6765a935c4c2c20436a305ee0ea4	M	parent_tree_identity	Actual retained-parent file edge; semantic conclusions are component-scoped in the companion ledger, not implied by this edge.
libqtdevices	b2b3feadbe06cf5c9a642e89da58e718763d7eb7	f8f044063864c4b4eb2cd5278a043cb802fdc9b2	mediaplayer.cpp	ff76f6950cbcfa006ddc11273762609dd35e4754	fdb434fca6ed6765a935c4c2c20436a305ee0ea4	M	parent_tree_identity	Actual retained-parent file edge; semantic conclusions are component-scoped in the companion ledger, not implied by this edge.
libqtdevices	b2b3feadbe06cf5c9a642e89da58e718763d7eb7	f8f044063864c4b4eb2cd5278a043cb802fdc9b2	touchx/audioplayer.cpp	0000000000000000000000000000000000000000	319456fd2e64ba61dde22cfa4bcf73bdc0b01d55	A	parent_tree_identity	Actual retained-parent file edge; semantic conclusions are component-scoped in the companion ledger, not implied by this edge.
libqtdevices	773f20f66472397e08fd90f49f532fa2442f8b75	51c5b6afaba82a1619352b5d3db90cdb6429e707	mediaplayer.cpp	08ce318b558e5ce6e83025f7502d2f64e7fd5eb3	fdb434fca6ed6765a935c4c2c20436a305ee0ea4	M	parent_tree_identity	Actual retained-parent file edge; semantic conclusions are component-scoped in the companion ledger, not implied by this edge.
libqtdevices	1bf47f93c1ea2f0baf589c7ed875bc34e2265c3e	b22d6d68092af95c89e824bb97aa073a30f31ab8	mediaplayer.cpp	08ce318b558e5ce6e83025f7502d2f64e7fd5eb3	fdb434fca6ed6765a935c4c2c20436a305ee0ea4	M	parent_tree_identity	Actual retained-parent file edge; semantic conclusions are component-scoped in the companion ledger, not implied by this edge.
libqtdevices	b297d402591ebbffe854f376869ddd4f447fbfb8	e9553aef3988499fd8dcc18cd1cdea9d8e77a96f	mediaplayer.cpp	ff76f6950cbcfa006ddc11273762609dd35e4754	08ce318b558e5ce6e83025f7502d2f64e7fd5eb3	M	parent_tree_identity	Actual retained-parent file edge; semantic conclusions are component-scoped in the companion ledger, not implied by this edge.
libqtdevices	b297d402591ebbffe854f376869ddd4f447fbfb8	e9553aef3988499fd8dcc18cd1cdea9d8e77a96f	touchx/audioplayer.cpp	0000000000000000000000000000000000000000	319456fd2e64ba61dde22cfa4bcf73bdc0b01d55	A	parent_tree_identity	Actual retained-parent file edge; semantic conclusions are component-scoped in the companion ledger, not implied by this edge.
libqtdevices	18f7be9c7ec1c23d03f7dfa16d17031ae9dde585	c1729e2d9801a98704dc9c80bafc3f6932898a74	mediaplayer.cpp	ff76f6950cbcfa006ddc11273762609dd35e4754	08ce318b558e5ce6e83025f7502d2f64e7fd5eb3	M	parent_tree_identity	Actual retained-parent file edge; semantic conclusions are component-scoped in the companion ledger, not implied by this edge.
libqtdevices	18f7be9c7ec1c23d03f7dfa16d17031ae9dde585	c1729e2d9801a98704dc9c80bafc3f6932898a74	touchx/audioplayer.cpp	0000000000000000000000000000000000000000	319456fd2e64ba61dde22cfa4bcf73bdc0b01d55	A	parent_tree_identity	Actual retained-parent file edge; semantic conclusions are component-scoped in the companion ledger, not implied by this edge.
libqtdevices	7183bb4508c26faabbf29aee3dd697987050e3c0	ce286100ef0677b24f05713f853584f62609e329	mediaplayer.cpp	9d513257b78cde24ef5e3af9bc131ddde6796f05	08ce318b558e5ce6e83025f7502d2f64e7fd5eb3	M	parent_tree_identity	Actual retained-parent file edge; semantic conclusions are component-scoped in the companion ledger, not implied by this edge.
libqtdevices	df27f1d1702b3174651f189cd239a7fa6a591f35	15d324897a7d4e689154cf71cfec411a61911c24	mediaplayer.cpp	433d2984b1efbec37c4c6af5c7ae26bdb5dfa8ff	9d513257b78cde24ef5e3af9bc131ddde6796f05	M	parent_tree_identity	Actual retained-parent file edge; semantic conclusions are component-scoped in the companion ledger, not implied by this edge.
libqtdevices	575dc7f3e272bcb53f7b13f440a33f34d85d1348	8ff57c048a9feb9415368ade7be07e89a96969a4	touchx/audioplayer.cpp	eabb4e0fc55b894af49650874ce25ded6659804e	319456fd2e64ba61dde22cfa4bcf73bdc0b01d55	M	parent_tree_identity	Actual retained-parent file edge; semantic conclusions are component-scoped in the companion ledger, not implied by this edge.
libqtdevices	8ff57c048a9feb9415368ade7be07e89a96969a4	96b2559117a9e5efe2b1d353cec1f823d060ea81	mediaplayer.cpp	78ea882870b5d4f7eda90a573c4176a3699424bf	433d2984b1efbec37c4c6af5c7ae26bdb5dfa8ff	M	parent_tree_identity	Actual retained-parent file edge; semantic conclusions are component-scoped in the companion ledger, not implied by this edge.
libqtdevices	4fdbb6ff23d520b63688417d13a241018b51490d	df5402943c248f096d6a1427aa734139b8bf3750	mediaplayer.cpp	665978d7ed743980eacf35c9408a731e6cb5db86	78ea882870b5d4f7eda90a573c4176a3699424bf	M	parent_tree_identity	Actual retained-parent file edge; semantic conclusions are component-scoped in the companion ledger, not implied by this edge.
libqtdevices	4fdbb6ff23d520b63688417d13a241018b51490d	df5402943c248f096d6a1427aa734139b8bf3750	touchx/audioplayer.cpp	9afcb97c027aa4315d96e171c18e26d269bd9abf	eabb4e0fc55b894af49650874ce25ded6659804e	M	parent_tree_identity	Actual retained-parent file edge; semantic conclusions are component-scoped in the companion ledger, not implied by this edge.
libqtdevices	a1c0c51e0bd751bad4a902991c9dadac19573054	4a031a3a0b03f826bdbad9d82ac39ba11544abce	mediaplayer.cpp	665978d7ed743980eacf35c9408a731e6cb5db86	78ea882870b5d4f7eda90a573c4176a3699424bf	M	parent_tree_identity	Actual retained-parent file edge; semantic conclusions are component-scoped in the companion ledger, not implied by this edge.
libqtdevices	a1c0c51e0bd751bad4a902991c9dadac19573054	4a031a3a0b03f826bdbad9d82ac39ba11544abce	touchx/audioplayer.cpp	9afcb97c027aa4315d96e171c18e26d269bd9abf	eabb4e0fc55b894af49650874ce25ded6659804e	M	parent_tree_identity	Actual retained-parent file edge; semantic conclusions are component-scoped in the companion ledger, not implied by this edge.
libqtdevices	1b200607bfee74ff023d1d21256fb1f309408bd7	4f3483f36134535323872525c1a186d3289eaff3	touchx/audioplayer.cpp	f5be451a0202b042fbf1e569953fe8085d1453ef	9afcb97c027aa4315d96e171c18e26d269bd9abf	M	parent_tree_identity	Actual retained-parent file edge; semantic conclusions are component-scoped in the companion ledger, not implied by this edge.
libqtdevices	a09a70936913fec9e9f0c4a3aa314f1a0f38ed93	1120c51fc47b2b7a40c77955566816c354556f2f	touchx/audioplayer.cpp	28853897410b10b200c47ea8d5ac3065c6ecae81	f5be451a0202b042fbf1e569953fe8085d1453ef	M	parent_tree_identity	Actual retained-parent file edge; semantic conclusions are component-scoped in the companion ledger, not implied by this edge.
libqtdevices	42380cbff8c2d0ad6189f5a9ac096192e0991ab9	a38e89c9cf03636f3eefbd7a5aa6ed6e732796c5	touchx/audioplayer.cpp	28853897410b10b200c47ea8d5ac3065c6ecae81	f5be451a0202b042fbf1e569953fe8085d1453ef	M	parent_tree_identity	Actual retained-parent file edge; semantic conclusions are component-scoped in the companion ledger, not implied by this edge.
libqtdevices	5f2e89ecf41a1760315c69f56ecebb51ccda925a	639dda59a4fae93d6b658b08b1be7aef905fd122	touchx/audioplayer.cpp	af08c234a44f1fa7377cd855ec4c860e798f07b9	28853897410b10b200c47ea8d5ac3065c6ecae81	M	parent_tree_identity	Actual retained-parent file edge; semantic conclusions are component-scoped in the companion ledger, not implied by this edge.
libqtdevices	7b5e5b50dd735e269863b4b7102939319c3ccbf6	85e9514613430b2783a84c7f5ccc6523615b96f7	touchx/audioplayer.cpp	af08c234a44f1fa7377cd855ec4c860e798f07b9	28853897410b10b200c47ea8d5ac3065c6ecae81	M	parent_tree_identity	Actual retained-parent file edge; semantic conclusions are component-scoped in the companion ledger, not implied by this edge.
libqtdevices	629fe75ba7bae1d6612836dc2bf9bc997a8517ef	696ea7724b47a92cc37b7aa25560eb2c783ff5a3	touchx/audioplayer.cpp	d3d301f5244d35926e3b6375b618e65326ce3ab9	28853897410b10b200c47ea8d5ac3065c6ecae81	M	parent_tree_identity	Actual retained-parent file edge; semantic conclusions are component-scoped in the companion ledger, not implied by this edge.
libqtdevices	629fe75ba7bae1d6612836dc2bf9bc997a8517ef	a82f4726850b62b67f4fa5c1f40407b04fe23383	touchx/audioplayer.cpp	af08c234a44f1fa7377cd855ec4c860e798f07b9	28853897410b10b200c47ea8d5ac3065c6ecae81	M	parent_tree_identity	Actual retained-parent file edge; semantic conclusions are component-scoped in the companion ledger, not implied by this edge.
libqtdevices	696ea7724b47a92cc37b7aa25560eb2c783ff5a3	a7536ede5e6bc5de81bf8ff7ed1157a2c2043021	touchx/audioplayer.cpp	6de9c5c6dac3af0b75557c4c4393274ae0547d12	d3d301f5244d35926e3b6375b618e65326ce3ab9	M	parent_tree_identity	Actual retained-parent file edge; semantic conclusions are component-scoped in the companion ledger, not implied by this edge.
libqtdevices	a7536ede5e6bc5de81bf8ff7ed1157a2c2043021	53841b56a3bc2a6e8543eb80d8abb800d3925d4f	touchx/audioplayer.cpp	5c5fa97f22bf96026b7007fcb102a9af1b58e929	6de9c5c6dac3af0b75557c4c4393274ae0547d12	M	parent_tree_identity	Actual retained-parent file edge; semantic conclusions are component-scoped in the companion ledger, not implied by this edge.
libqtdevices	d7cdc975801b2b9704fb8f689a82003b22488c25	2673d7a75638b1f6785e6b512c245e53265b03a2	touchx/audioplayer.cpp	5c5fa97f22bf96026b7007fcb102a9af1b58e929	af08c234a44f1fa7377cd855ec4c860e798f07b9	M	parent_tree_identity	Actual retained-parent file edge; semantic conclusions are component-scoped in the companion ledger, not implied by this edge.
libqtdevices	d4bf7ac25cca1775ad59617eb70e9b21a9fc6d55	55cac6d85c970e74fe0f70d73aaced1d873a76d0	mediaplayer.cpp	ff76f6950cbcfa006ddc11273762609dd35e4754	665978d7ed743980eacf35c9408a731e6cb5db86	M	parent_tree_identity	Actual retained-parent file edge; semantic conclusions are component-scoped in the companion ledger, not implied by this edge.
libqtdevices	d4bf7ac25cca1775ad59617eb70e9b21a9fc6d55	55cac6d85c970e74fe0f70d73aaced1d873a76d0	touchx/audioplayer.cpp	0000000000000000000000000000000000000000	af08c234a44f1fa7377cd855ec4c860e798f07b9	A	parent_tree_identity	Actual retained-parent file edge; semantic conclusions are component-scoped in the companion ledger, not implied by this edge.
libqtdevices	36778c7d3e3c0db625f92b8e51be20ea785a53d2	63ef86f3f547bf98f5f6ce0626712aa7d586528a	touchx/audioplayer.cpp	c77e2ec3e4a10994b7dd8c0e878108edcd8bd614	af08c234a44f1fa7377cd855ec4c860e798f07b9	M	parent_tree_identity	Actual retained-parent file edge; semantic conclusions are component-scoped in the companion ledger, not implied by this edge.
libqtdevices	2ef2b3f6a85df450f6aa63afd30caaa2cc5fd9a4	c68aa23ca350ff9ffc38112b7d245ac84bf4fcf6	touchx/audioplayer.cpp	5c5fa97f22bf96026b7007fcb102a9af1b58e929	c77e2ec3e4a10994b7dd8c0e878108edcd8bd614	M	parent_tree_identity	Actual retained-parent file edge; semantic conclusions are component-scoped in the companion ledger, not implied by this edge.
libqtdevices	2a2590d02246b40f1f1394444f0e0c5ae20bcb76	a289558cda9ab300856018d28e32bb58a3d13702	mediaplayer.cpp	ff76f6950cbcfa006ddc11273762609dd35e4754	665978d7ed743980eacf35c9408a731e6cb5db86	M	parent_tree_identity	Actual retained-parent file edge; semantic conclusions are component-scoped in the companion ledger, not implied by this edge.
libqtdevices	2a2590d02246b40f1f1394444f0e0c5ae20bcb76	a289558cda9ab300856018d28e32bb58a3d13702	touchx/audioplayer.cpp	0000000000000000000000000000000000000000	5c5fa97f22bf96026b7007fcb102a9af1b58e929	A	parent_tree_identity	Actual retained-parent file edge; semantic conclusions are component-scoped in the companion ledger, not implied by this edge.
libqtdevices	1bdf1a07c0c6aa16ca59a4766d82c5ab33d6cc42	3da25c2fdb8236412e3a6c6b4e11f9eb3a9e3fbc	mediaplayer.cpp	ff76f6950cbcfa006ddc11273762609dd35e4754	665978d7ed743980eacf35c9408a731e6cb5db86	M	parent_tree_identity	Actual retained-parent file edge; semantic conclusions are component-scoped in the companion ledger, not implied by this edge.
libqtdevices	1bdf1a07c0c6aa16ca59a4766d82c5ab33d6cc42	3da25c2fdb8236412e3a6c6b4e11f9eb3a9e3fbc	touchx/audioplayer.cpp	0000000000000000000000000000000000000000	5c5fa97f22bf96026b7007fcb102a9af1b58e929	A	parent_tree_identity	Actual retained-parent file edge; semantic conclusions are component-scoped in the companion ledger, not implied by this edge.
libqtdevices	19ef54d2411d2585ec80a7e4b4ef05e4a7b5e78a	cdf505469213c5331b8748a9de5ab9304caf6f81	touchx/audioplayer.cpp	aefe6f768c214ee3456e837cc3743eb18818c0bd	5c5fa97f22bf96026b7007fcb102a9af1b58e929	M	parent_tree_identity	Actual retained-parent file edge; semantic conclusions are component-scoped in the companion ledger, not implied by this edge.
libqtdevices	abac911f540afd3f2b61e8d1d2d8397a8f752680	585b2c0c124036519923155f6f1ba84193f97c07	touchx/audioplayer.cpp	e07c0bac9dff93768d952c8f42b1d29b4997082c	aefe6f768c214ee3456e837cc3743eb18818c0bd	M	parent_tree_identity	Actual retained-parent file edge; semantic conclusions are component-scoped in the companion ledger, not implied by this edge.
libqtdevices	b72da412d04b1d4c261bb76b7dee8be10a5109d3	56798ba0c6602f799035febd81fe4b939393db84	touchx/audioplayer.cpp	e07c0bac9dff93768d952c8f42b1d29b4997082c	aefe6f768c214ee3456e837cc3743eb18818c0bd	M	parent_tree_identity	Actual retained-parent file edge; semantic conclusions are component-scoped in the companion ledger, not implied by this edge.
libqtdevices	13649f6e2a9c534e1b8cb788c3f3025b756985dd	68d42c2293dae06375941efa61f6197fe0bc6e14	touchx/audioplayer.cpp	b99a1111c91fd3b9939b35b3b6221f0e88f9f4f2	e07c0bac9dff93768d952c8f42b1d29b4997082c	M	parent_tree_identity	Actual retained-parent file edge; semantic conclusions are component-scoped in the companion ledger, not implied by this edge.
libqtdevices	462d32e4b5e5cfc3d5eb69846901d808693702b6	493f35a8503e0ceac7d88853525464d56690fc74	touchx/audioplayer.cpp	8dbeb7f61f7633c2f5385e853bb28fd0fd597a02	e07c0bac9dff93768d952c8f42b1d29b4997082c	M	parent_tree_identity	Actual retained-parent file edge; semantic conclusions are component-scoped in the companion ledger, not implied by this edge.
libqtdevices	2a16ea238ba5579eef87e8013f4d021cd7589e68	6527f0ff1eaaffa76ff61db6ed20e341a4f68455	touchx/audioplayer.cpp	4ebf6134420f887149e49d1ac46352acb0dd95f4	8dbeb7f61f7633c2f5385e853bb28fd0fd597a02	M	parent_tree_identity	Actual retained-parent file edge; semantic conclusions are component-scoped in the companion ledger, not implied by this edge.
libqtdevices	72240000d0b41efcdb3f12958a779ee24d5d8124	dae42a9c5bb61ef4c4f84179e974ac53e6f58758	touchx/audioplayer.cpp	b99a1111c91fd3b9939b35b3b6221f0e88f9f4f2	4ebf6134420f887149e49d1ac46352acb0dd95f4	M	parent_tree_identity	Actual retained-parent file edge; semantic conclusions are component-scoped in the companion ledger, not implied by this edge.
libqtdevices	41faf4aa5c73ab6f44ff5ea74118454b17e36c51	3df2691f2c81c7aa50a13b7b7a49da6722a6c6d6	mediaplayer.cpp	ff76f6950cbcfa006ddc11273762609dd35e4754	665978d7ed743980eacf35c9408a731e6cb5db86	M	parent_tree_identity	Actual retained-parent file edge; semantic conclusions are component-scoped in the companion ledger, not implied by this edge.
libqtdevices	41faf4aa5c73ab6f44ff5ea74118454b17e36c51	3df2691f2c81c7aa50a13b7b7a49da6722a6c6d6	touchx/audioplayer.cpp	0000000000000000000000000000000000000000	b99a1111c91fd3b9939b35b3b6221f0e88f9f4f2	A	parent_tree_identity	Actual retained-parent file edge; semantic conclusions are component-scoped in the companion ledger, not implied by this edge.
libqtdevices	5e4a9add9dcdfd8b1ec6230e2f4500c138543eeb	4996c42add4e56abcbb0184186b150be4cc4e9ca	touchx/audioplayer.cpp	f0f05e034759541fa41b1157dabdbda33ad15750	b99a1111c91fd3b9939b35b3b6221f0e88f9f4f2	M	parent_tree_identity	Actual retained-parent file edge; semantic conclusions are component-scoped in the companion ledger, not implied by this edge.
libqtdevices	5c1c60f8fb46f8b9d445c35536107981bd852439	da3a9f8c15ced2097fd6a19a61738cb66d50bc1d	touchx/audioplayer.cpp	f0f05e034759541fa41b1157dabdbda33ad15750	b99a1111c91fd3b9939b35b3b6221f0e88f9f4f2	M	parent_tree_identity	Actual retained-parent file edge; semantic conclusions are component-scoped in the companion ledger, not implied by this edge.
libqtdevices	ec21e7cc553881a5b2421f2b4edbb4f9261775be	3c53a2a86d835f7c8dc097288bc87705575be4fd	mediaplayer.cpp	ff76f6950cbcfa006ddc11273762609dd35e4754	665978d7ed743980eacf35c9408a731e6cb5db86	M	parent_tree_identity	Actual retained-parent file edge; semantic conclusions are component-scoped in the companion ledger, not implied by this edge.
libqtdevices	ec21e7cc553881a5b2421f2b4edbb4f9261775be	3c53a2a86d835f7c8dc097288bc87705575be4fd	touchx/audioplayer.cpp	0000000000000000000000000000000000000000	f0f05e034759541fa41b1157dabdbda33ad15750	A	parent_tree_identity	Actual retained-parent file edge; semantic conclusions are component-scoped in the companion ledger, not implied by this edge.
libqtdevices	1faf40793d7b9f885fc04c017511f5fd1a807dfc	bba37daa4918f3726a035f8b2949608c704dcfab	mediaplayer.cpp	ff76f6950cbcfa006ddc11273762609dd35e4754	665978d7ed743980eacf35c9408a731e6cb5db86	M	parent_tree_identity	Actual retained-parent file edge; semantic conclusions are component-scoped in the companion ledger, not implied by this edge.
libqtdevices	1faf40793d7b9f885fc04c017511f5fd1a807dfc	bba37daa4918f3726a035f8b2949608c704dcfab	touchx/audioplayer.cpp	0000000000000000000000000000000000000000	f0f05e034759541fa41b1157dabdbda33ad15750	A	parent_tree_identity	Actual retained-parent file edge; semantic conclusions are component-scoped in the companion ledger, not implied by this edge.
libqtdevices	a7a3fd3c13cfe276280638d231ea0c55da3d7372	0765afb6dbd318e9ec57ace403cc86d5fc724be4	mediaplayer.cpp	ff76f6950cbcfa006ddc11273762609dd35e4754	665978d7ed743980eacf35c9408a731e6cb5db86	M	parent_tree_identity	Actual retained-parent file edge; semantic conclusions are component-scoped in the companion ledger, not implied by this edge.
libqtdevices	a7a3fd3c13cfe276280638d231ea0c55da3d7372	0765afb6dbd318e9ec57ace403cc86d5fc724be4	touchx/audioplayer.cpp	0000000000000000000000000000000000000000	f0f05e034759541fa41b1157dabdbda33ad15750	A	parent_tree_identity	Actual retained-parent file edge; semantic conclusions are component-scoped in the companion ledger, not implied by this edge.
libqtdevices	5f0144610dfe54bdcc4ec4d49a5704b9b36e25ee	4ef68d0389449cb2e35eca1186eb9611015ad3d6	mediaplayer.cpp	51e11ddba667b5b42295bcc7d58e69585c98e87b	665978d7ed743980eacf35c9408a731e6cb5db86	M	parent_tree_identity	Actual retained-parent file edge; semantic conclusions are component-scoped in the companion ledger, not implied by this edge.
libqtdevices	5f0144610dfe54bdcc4ec4d49a5704b9b36e25ee	4ef68d0389449cb2e35eca1186eb9611015ad3d6	touchx/audioplayer.cpp	09d0d567d5d89e766b9501cd33b238cfca5138a3	f0f05e034759541fa41b1157dabdbda33ad15750	M	parent_tree_identity	Actual retained-parent file edge; semantic conclusions are component-scoped in the companion ledger, not implied by this edge.
libqtdevices	68f73dad8912dbafb6d5d53d6bab62047bd6d4a8	e95b2b07541d4e2da33c1c409a6c5d578ff00f3a	touchx/audioplayer.cpp	b423edff678eb23f48d4bb6fb4d3d6fd3cad68ec	f0f05e034759541fa41b1157dabdbda33ad15750	M	parent_tree_identity	Actual retained-parent file edge; semantic conclusions are component-scoped in the companion ledger, not implied by this edge.
libqtdevices	a436e13bfbbdbee4ceca33ba525a13779fe3ddd3	b6b0f13853e97a6d75200b76f54cb24f89d54dae	touchx/audioplayer.cpp	b423edff678eb23f48d4bb6fb4d3d6fd3cad68ec	f0f05e034759541fa41b1157dabdbda33ad15750	M	parent_tree_identity	Actual retained-parent file edge; semantic conclusions are component-scoped in the companion ledger, not implied by this edge.
libqtdevices	2218c23a1a81df89511ae6432eb2698fd79aced3	ca7dbc33d29829dfe52db8666c8262c75ff5e4ee	mediaplayer.cpp	ff76f6950cbcfa006ddc11273762609dd35e4754	665978d7ed743980eacf35c9408a731e6cb5db86	M	parent_tree_identity	Actual retained-parent file edge; semantic conclusions are component-scoped in the companion ledger, not implied by this edge.
libqtdevices	2218c23a1a81df89511ae6432eb2698fd79aced3	ca7dbc33d29829dfe52db8666c8262c75ff5e4ee	touchx/audioplayer.cpp	0000000000000000000000000000000000000000	b423edff678eb23f48d4bb6fb4d3d6fd3cad68ec	A	parent_tree_identity	Actual retained-parent file edge; semantic conclusions are component-scoped in the companion ledger, not implied by this edge.
libqtdevices	f7c0924323996a1b0f29dcc5b909db049d2a9af5	56d841f6deb7b7636f360e2f76379a4e28333e2e	mediaplayer.cpp	ff76f6950cbcfa006ddc11273762609dd35e4754	665978d7ed743980eacf35c9408a731e6cb5db86	M	parent_tree_identity	Actual retained-parent file edge; semantic conclusions are component-scoped in the companion ledger, not implied by this edge.
libqtdevices	f7c0924323996a1b0f29dcc5b909db049d2a9af5	56d841f6deb7b7636f360e2f76379a4e28333e2e	touchx/audioplayer.cpp	0000000000000000000000000000000000000000	b423edff678eb23f48d4bb6fb4d3d6fd3cad68ec	A	parent_tree_identity	Actual retained-parent file edge; semantic conclusions are component-scoped in the companion ledger, not implied by this edge.
libqtdevices	b08db6991fdbc57a36a52cc114347bc310773023	a4537cb0c7ccc05273582f983389748072ce7249	touchx/audioplayer.cpp	2b4ea9a50a96fa48c03b89c99d8178a70b77d657	b423edff678eb23f48d4bb6fb4d3d6fd3cad68ec	M	parent_tree_identity	Actual retained-parent file edge; semantic conclusions are component-scoped in the companion ledger, not implied by this edge.
libqtdevices	eb13ddb9294e23ec6fb6ee5503f00c7a9da3a518	bf435addbceaf7554616b6b757fc1cb9034b28e1	touchx/audioplayer.cpp	09ab29dff7e40cd51e6dee29dc2fadc1ac903182	b423edff678eb23f48d4bb6fb4d3d6fd3cad68ec	M	parent_tree_identity	Actual retained-parent file edge; semantic conclusions are component-scoped in the companion ledger, not implied by this edge.
libqtdevices	bf23925ea4d14e5834641161908c66cba205a700	43dcbbbfede380e296b510237c8bc77af0d7651f	touchx/audioplayer.cpp	2b4ea9a50a96fa48c03b89c99d8178a70b77d657	b423edff678eb23f48d4bb6fb4d3d6fd3cad68ec	M	parent_tree_identity	Actual retained-parent file edge; semantic conclusions are component-scoped in the companion ledger, not implied by this edge.
libqtdevices	223c7f707e43f2b4af3c3aaedfdac21c66c733f5	69744616981a57807c410b5094de33c009a9c423	touchx/audioplayer.cpp	09ab29dff7e40cd51e6dee29dc2fadc1ac903182	b423edff678eb23f48d4bb6fb4d3d6fd3cad68ec	M	parent_tree_identity	Actual retained-parent file edge; semantic conclusions are component-scoped in the companion ledger, not implied by this edge.
libqtdevices	5f419cc31a0b5e045e032b5d8244f690dfeac319	5250677ee408ec79bfe42c12b6c25fa2611275d0	touchx/audioplayer.cpp	2b4ea9a50a96fa48c03b89c99d8178a70b77d657	09ab29dff7e40cd51e6dee29dc2fadc1ac903182	M	parent_tree_identity	Actual retained-parent file edge; semantic conclusions are component-scoped in the companion ledger, not implied by this edge.
libqtdevices	a0f7fa831d9dbc006fd19fb2bc845d33b978f532	82d93adc8dddb5085ac5d6bb830d49afc2581174	touchx/audioplayer.cpp	2b4ea9a50a96fa48c03b89c99d8178a70b77d657	09ab29dff7e40cd51e6dee29dc2fadc1ac903182	M	parent_tree_identity	Actual retained-parent file edge; semantic conclusions are component-scoped in the companion ledger, not implied by this edge.
libqtdevices	313801d2770b7f37c19616e083370fc4efd8c65c	4bbbf8616fe9ada2b8aa8294dad7e134fe77ffe8	touchx/audioplayer.cpp	5a934f09f737ac8dcac71c2c38e3b21198d58716	09ab29dff7e40cd51e6dee29dc2fadc1ac903182	M	parent_tree_identity	Actual retained-parent file edge; semantic conclusions are component-scoped in the companion ledger, not implied by this edge.
libqtdevices	d3a99f430a976e71de63fe8da7ce56c9d55b5c07	68326329bc82ea3ac5d3b2f066f4295d811e8bc4	touchx/audioplayer.cpp	2b4ea9a50a96fa48c03b89c99d8178a70b77d657	5a934f09f737ac8dcac71c2c38e3b21198d58716	M	parent_tree_identity	Actual retained-parent file edge; semantic conclusions are component-scoped in the companion ledger, not implied by this edge.
libqtdevices	f7ed0cecede7a0184bfa48c215714cbbfd1c1a3a	b3a047ac958d8434ac0a4c97e8d82ac0acfa0d2b	mediaplayer.cpp	ff76f6950cbcfa006ddc11273762609dd35e4754	665978d7ed743980eacf35c9408a731e6cb5db86	M	parent_tree_identity	Actual retained-parent file edge; semantic conclusions are component-scoped in the companion ledger, not implied by this edge.
libqtdevices	f7ed0cecede7a0184bfa48c215714cbbfd1c1a3a	b3a047ac958d8434ac0a4c97e8d82ac0acfa0d2b	touchx/audioplayer.cpp	0000000000000000000000000000000000000000	2b4ea9a50a96fa48c03b89c99d8178a70b77d657	A	parent_tree_identity	Actual retained-parent file edge; semantic conclusions are component-scoped in the companion ledger, not implied by this edge.
libqtdevices	a4537cb0c7ccc05273582f983389748072ce7249	f2e1741540471f633bc29f21cc10f6d3430f2a1e	mediaplayer.cpp	ea85041dab7183a3d315c8dd83a57c7805ebd99f	665978d7ed743980eacf35c9408a731e6cb5db86	M	parent_tree_identity	Actual retained-parent file edge; semantic conclusions are component-scoped in the companion ledger, not implied by this edge.
libqtdevices	a4537cb0c7ccc05273582f983389748072ce7249	f2e1741540471f633bc29f21cc10f6d3430f2a1e	touchx/audioplayer.cpp	0000000000000000000000000000000000000000	2b4ea9a50a96fa48c03b89c99d8178a70b77d657	A	parent_tree_identity	Actual retained-parent file edge; semantic conclusions are component-scoped in the companion ledger, not implied by this edge.
libqtdevices	a6587ecfcb7b994effcbe2415eb2fed1dcd11165	9d4516786ff9401c2bc6e4c27225b6f67bdfde3f	mediaplayer.cpp	ff76f6950cbcfa006ddc11273762609dd35e4754	665978d7ed743980eacf35c9408a731e6cb5db86	M	parent_tree_identity	Actual retained-parent file edge; semantic conclusions are component-scoped in the companion ledger, not implied by this edge.
libqtdevices	a6587ecfcb7b994effcbe2415eb2fed1dcd11165	9d4516786ff9401c2bc6e4c27225b6f67bdfde3f	touchx/audioplayer.cpp	0000000000000000000000000000000000000000	2b4ea9a50a96fa48c03b89c99d8178a70b77d657	A	parent_tree_identity	Actual retained-parent file edge; semantic conclusions are component-scoped in the companion ledger, not implied by this edge.
libqtdevices	49a1ea0b01d3d2364d7c8e3733d0581d99f8ece6	7790ef77e577f4882ce34fe2d745d4e7614b40f7	touchx/audioplayer.cpp	09d0d567d5d89e766b9501cd33b238cfca5138a3	2b4ea9a50a96fa48c03b89c99d8178a70b77d657	M	parent_tree_identity	Actual retained-parent file edge; semantic conclusions are component-scoped in the companion ledger, not implied by this edge.
libqtdevices	99a3f58564294167381df086ab5686ce3e79dd07	347b14f81a87ba3299794fff33411a6adbb1c23a	touchx/audioplayer.cpp	09d0d567d5d89e766b9501cd33b238cfca5138a3	2b4ea9a50a96fa48c03b89c99d8178a70b77d657	M	parent_tree_identity	Actual retained-parent file edge; semantic conclusions are component-scoped in the companion ledger, not implied by this edge.
libqtdevices	347b14f81a87ba3299794fff33411a6adbb1c23a	6cc5efc59517aa216809939a33d68a44cc92d587	mediaplayer.cpp	ff76f6950cbcfa006ddc11273762609dd35e4754	665978d7ed743980eacf35c9408a731e6cb5db86	M	parent_tree_identity	Actual retained-parent file edge; semantic conclusions are component-scoped in the companion ledger, not implied by this edge.
libqtdevices	347b14f81a87ba3299794fff33411a6adbb1c23a	6cc5efc59517aa216809939a33d68a44cc92d587	touchx/audioplayer.cpp	0000000000000000000000000000000000000000	09d0d567d5d89e766b9501cd33b238cfca5138a3	A	parent_tree_identity	Actual retained-parent file edge; semantic conclusions are component-scoped in the companion ledger, not implied by this edge.
libqtdevices	a83ad6ff25399ab6169af2e93ec6df7fe6a17a39	c19b55cc6501cb924987c5231bbb671a8723b4f9	mediaplayer.cpp	ff76f6950cbcfa006ddc11273762609dd35e4754	665978d7ed743980eacf35c9408a731e6cb5db86	M	parent_tree_identity	Actual retained-parent file edge; semantic conclusions are component-scoped in the companion ledger, not implied by this edge.
libqtdevices	a83ad6ff25399ab6169af2e93ec6df7fe6a17a39	c19b55cc6501cb924987c5231bbb671a8723b4f9	touchx/audioplayer.cpp	0000000000000000000000000000000000000000	09d0d567d5d89e766b9501cd33b238cfca5138a3	A	parent_tree_identity	Actual retained-parent file edge; semantic conclusions are component-scoped in the companion ledger, not implied by this edge.
libqtdevices	877f7e47e1d49360becaf360176d661f9e1e7762	239bb0727454e55172b0a2d2a6da1eda2486cfc9	mediaplayer.cpp	ff76f6950cbcfa006ddc11273762609dd35e4754	665978d7ed743980eacf35c9408a731e6cb5db86	M	parent_tree_identity	Actual retained-parent file edge; semantic conclusions are component-scoped in the companion ledger, not implied by this edge.
libqtdevices	877f7e47e1d49360becaf360176d661f9e1e7762	239bb0727454e55172b0a2d2a6da1eda2486cfc9	touchx/audioplayer.cpp	0000000000000000000000000000000000000000	09d0d567d5d89e766b9501cd33b238cfca5138a3	A	parent_tree_identity	Actual retained-parent file edge; semantic conclusions are component-scoped in the companion ledger, not implied by this edge.
libqtdevices	ba6b24e3523da1431da8bf677dcf29bf8161cc5e	2c0a1b4f1792faa3fb4d01c5f54690d60b669f65	mediaplayer.cpp	51e11ddba667b5b42295bcc7d58e69585c98e87b	665978d7ed743980eacf35c9408a731e6cb5db86	M	parent_tree_identity	Actual retained-parent file edge; semantic conclusions are component-scoped in the companion ledger, not implied by this edge.
libqtdevices	2595c9bcebea7f2f335e01c3ecd4ae450fae1e00	1c3eab12ccc5cae342d51be8a4a0ae838c6bdda4	mediaplayer.cpp	cc3b8f64c37fe2d6c2ebe9b1ee1c3904b4f59b95	665978d7ed743980eacf35c9408a731e6cb5db86	M	parent_tree_identity	Actual retained-parent file edge; semantic conclusions are component-scoped in the companion ledger, not implied by this edge.
libqtdevices	e347da7ed0cb1d1516bea7ca1fac04e99d8231ab	0dac048d33506452c333dff41745d81e06b2b97c	mediaplayer.cpp	51e11ddba667b5b42295bcc7d58e69585c98e87b	cc3b8f64c37fe2d6c2ebe9b1ee1c3904b4f59b95	M	parent_tree_identity	Actual retained-parent file edge; semantic conclusions are component-scoped in the companion ledger, not implied by this edge.
libqtdevices	0b779d60652a838d5556380f6672de8155a4b304	e9e0169f821cae2dbd27a07ead619c1e665a0da6	touchx/audioplayer.cpp	d1d3870abd3a3fa1ff7074c237eaa403502d52be	09d0d567d5d89e766b9501cd33b238cfca5138a3	M	parent_tree_identity	Actual retained-parent file edge; semantic conclusions are component-scoped in the companion ledger, not implied by this edge.
libqtdevices	e9e0169f821cae2dbd27a07ead619c1e665a0da6	01a424a67fb59c85938c40a103ef0551a5ab91b0	mediaplayer.cpp	16ab031ac3dc62ff820b9f269181d8e7904ca894	51e11ddba667b5b42295bcc7d58e69585c98e87b	M	parent_tree_identity	Actual retained-parent file edge; semantic conclusions are component-scoped in the companion ledger, not implied by this edge.
libqtdevices	a9956be88ea016c6d8a25c0334868a31d5cadc4e	d359624c4c3647395d2cc864b276e6ac25a28008	mediaplayer.cpp	ff76f6950cbcfa006ddc11273762609dd35e4754	16ab031ac3dc62ff820b9f269181d8e7904ca894	M	parent_tree_identity	Actual retained-parent file edge; semantic conclusions are component-scoped in the companion ledger, not implied by this edge.
libqtdevices	a9956be88ea016c6d8a25c0334868a31d5cadc4e	d359624c4c3647395d2cc864b276e6ac25a28008	touchx/audioplayer.cpp	0000000000000000000000000000000000000000	d1d3870abd3a3fa1ff7074c237eaa403502d52be	A	parent_tree_identity	Actual retained-parent file edge; semantic conclusions are component-scoped in the companion ledger, not implied by this edge.
libqtdevices	98e7098cf07e8ade56b6fed89d96319f5f120d23	3d0b90ca48db4952cad26fca4892775bffcccaf2	mediaplayer.cpp	267938b682b66fb27e82d7f4158c31510a270b69	16ab031ac3dc62ff820b9f269181d8e7904ca894	M	parent_tree_identity	Actual retained-parent file edge; semantic conclusions are component-scoped in the companion ledger, not implied by this edge.
libqtdevices	98e7098cf07e8ade56b6fed89d96319f5f120d23	3d0b90ca48db4952cad26fca4892775bffcccaf2	touchx/audioplayer.cpp	82eeee82e5c166d1f6beea781307851334d9d9ca	d1d3870abd3a3fa1ff7074c237eaa403502d52be	M	parent_tree_identity	Actual retained-parent file edge; semantic conclusions are component-scoped in the companion ledger, not implied by this edge.
libqtdevices	3d0b90ca48db4952cad26fca4892775bffcccaf2	46ddf31152cd54e4d6d0d719b13f3be67b2eeffd	mediaplayer.cpp	c42b6480e7a221dea141c863281f4099f243121b	267938b682b66fb27e82d7f4158c31510a270b69	M	parent_tree_identity	Actual retained-parent file edge; semantic conclusions are component-scoped in the companion ledger, not implied by this edge.
libqtdevices	3d0b90ca48db4952cad26fca4892775bffcccaf2	46ddf31152cd54e4d6d0d719b13f3be67b2eeffd	touchx/audioplayer.cpp	0000000000000000000000000000000000000000	82eeee82e5c166d1f6beea781307851334d9d9ca	A	parent_tree_identity	Actual retained-parent file edge; semantic conclusions are component-scoped in the companion ledger, not implied by this edge.
libqtdevices	5f82e925759f5bc690425c01f39dc7a33f304b4a	8fac1515f3a2e81fe2dc6f110222f23b112c80f2	touchx/audioplayer.cpp	a89927c8c32ed7b0fd46c3204197c98700637055	d1d3870abd3a3fa1ff7074c237eaa403502d52be	M	parent_tree_identity	Actual retained-parent file edge; semantic conclusions are component-scoped in the companion ledger, not implied by this edge.
libqtdevices	776b443210714b6e6808670f4cad5a3f5282b36c	1a3ea87406a5f68c10d5e4c4d5d5e887543085d5	mediaplayer.cpp	267938b682b66fb27e82d7f4158c31510a270b69	16ab031ac3dc62ff820b9f269181d8e7904ca894	M	parent_tree_identity	Actual retained-parent file edge; semantic conclusions are component-scoped in the companion ledger, not implied by this edge.
libqtdevices	1a3ea87406a5f68c10d5e4c4d5d5e887543085d5	21c30e767ee99a4b0ef8db278d54ee3af5f95666	touchx/audioplayer.cpp	82eeee82e5c166d1f6beea781307851334d9d9ca	a89927c8c32ed7b0fd46c3204197c98700637055	M	parent_tree_identity	Actual retained-parent file edge; semantic conclusions are component-scoped in the companion ledger, not implied by this edge.
libqtdevices	195505ed4d230b837db428985b7ec9281e4e7dc6	df1e5c657cdd4438370fd46419b5b0d1f0fab54b	touchx/audioplayer.cpp	305528c14cecfd9fcd7a472e288e7ff3a27c9f4d	82eeee82e5c166d1f6beea781307851334d9d9ca	M	parent_tree_identity	Actual retained-parent file edge; semantic conclusions are component-scoped in the companion ledger, not implied by this edge.
libqtdevices	65d68191187ccb6d647de2bbee71a43ce6808fde	9cca930fc9c374f6975e25d6f1c41c4cecefffe1	touchx/audioplayer.cpp	a1d0a00fecbb429cd05645713941e79abb406ca0	305528c14cecfd9fcd7a472e288e7ff3a27c9f4d	M	parent_tree_identity	Actual retained-parent file edge; semantic conclusions are component-scoped in the companion ledger, not implied by this edge.
libqtdevices	9cca930fc9c374f6975e25d6f1c41c4cecefffe1	e8af53586c1eb096a657deeff500fc2f0b52c229	mediaplayer.cpp	afcc60689a822f97bf1259fb1964be9e4d2685b6	267938b682b66fb27e82d7f4158c31510a270b69	M	parent_tree_identity	Actual retained-parent file edge; semantic conclusions are component-scoped in the companion ledger, not implied by this edge.
libqtdevices	56efee9d70478041ea69e5176da90e13ed2be5d6	eb70d99d6be5dd7aaecc4edb3e0cba19bfbbb7cd	touchx/audioplayer.cpp	750b56ebb3ba22bc3b586b3dafb5e08ea983ada6	a1d0a00fecbb429cd05645713941e79abb406ca0	M	parent_tree_identity	Actual retained-parent file edge; semantic conclusions are component-scoped in the companion ledger, not implied by this edge.
libqtdevices	eb70d99d6be5dd7aaecc4edb3e0cba19bfbbb7cd	3102c02a7215d1fa33f542d0600ddb446bb32e47	mediaplayer.cpp	c42b6480e7a221dea141c863281f4099f243121b	afcc60689a822f97bf1259fb1964be9e4d2685b6	M	parent_tree_identity	Actual retained-parent file edge; semantic conclusions are component-scoped in the companion ledger, not implied by this edge.
libqtdevices	3102c02a7215d1fa33f542d0600ddb446bb32e47	54a949b77720c025cefe09fe9a87931934de6053	touchx/audioplayer.cpp	0795aefc4a86ac696b5239ccb6b25482d5055a4a	750b56ebb3ba22bc3b586b3dafb5e08ea983ada6	M	parent_tree_identity	Actual retained-parent file edge; semantic conclusions are component-scoped in the companion ledger, not implied by this edge.
libqtdevices	d894bb8e1d3864d197cd4887d618c0bf3c431a91	31c7091e9f0e49bfa5eb0646b7ff82e161fad0c4	touchx/audioplayer.cpp	0000000000000000000000000000000000000000	0795aefc4a86ac696b5239ccb6b25482d5055a4a	A	parent_tree_identity	Actual retained-parent file edge; semantic conclusions are component-scoped in the companion ledger, not implied by this edge.
libqtdevices	7c8e429196d2fbd03296e995a2725fb5292dc677	f9046c22eee49b4699064e3511156fbb219ee6d7	mediaplayer.cpp	ff76f6950cbcfa006ddc11273762609dd35e4754	c42b6480e7a221dea141c863281f4099f243121b	M	parent_tree_identity	Actual retained-parent file edge; semantic conclusions are component-scoped in the companion ledger, not implied by this edge.
libqtdevices	9355a5e3136f601ef3745d6dea59d9b098b09aca	2cbfe5b293936132cb76e0fb21bbf6e307206c56	mediaplayer.cpp	ff76f6950cbcfa006ddc11273762609dd35e4754	c42b6480e7a221dea141c863281f4099f243121b	M	parent_tree_identity	Actual retained-parent file edge; semantic conclusions are component-scoped in the companion ledger, not implied by this edge.
libqtdevices	d70ed02872d883fd4ee58e91313466372a5badca	debf758ba5ce682c49c6a1fc2c343ea9ea45c74c	mediaplayer.cpp	ff76f6950cbcfa006ddc11273762609dd35e4754	c42b6480e7a221dea141c863281f4099f243121b	M	parent_tree_identity	Actual retained-parent file edge; semantic conclusions are component-scoped in the companion ledger, not implied by this edge.
libqtdevices	974c75e89e2fb1dab8846e0260ea54149356fb7d	5cc41fff99095f18ea3f38a22ea6e643be892d7b	mediaplayer.cpp	942fb4f3871c9f8aadffa3ef7964855c69681fd8	c42b6480e7a221dea141c863281f4099f243121b	M	parent_tree_identity	Actual retained-parent file edge; semantic conclusions are component-scoped in the companion ledger, not implied by this edge.
libqtdevices	5cc41fff99095f18ea3f38a22ea6e643be892d7b	a38a417b84f5fa510c83a8a942be87afd02ec370	mediaplayer.cpp	d1a068aa6f05d942507b623192a906a7fbe6ae90	942fb4f3871c9f8aadffa3ef7964855c69681fd8	M	parent_tree_identity	Actual retained-parent file edge; semantic conclusions are component-scoped in the companion ledger, not implied by this edge.
libqtdevices	a38a417b84f5fa510c83a8a942be87afd02ec370	26fbb5cf4118eb92a9ae6faeeae24a94f76a5557	mediaplayer.cpp	338e6a96dc0f191654ea3ba9a7aaaea3a454aab8	d1a068aa6f05d942507b623192a906a7fbe6ae90	M	parent_tree_identity	Actual retained-parent file edge; semantic conclusions are component-scoped in the companion ledger, not implied by this edge.
libqtdevices	26fbb5cf4118eb92a9ae6faeeae24a94f76a5557	8fe5303d0026172c29498a6f68b18d28c6e8a766	mediaplayer.cpp	6ff359cbe8634ac4773621984cb38820c97cd3c2	338e6a96dc0f191654ea3ba9a7aaaea3a454aab8	M	parent_tree_identity	Actual retained-parent file edge; semantic conclusions are component-scoped in the companion ledger, not implied by this edge.
libqtdevices	8fe5303d0026172c29498a6f68b18d28c6e8a766	56f2117bd62d4980d22aa22cbabe45b0cd706127	mediaplayer.cpp	633bd7928e1e2ebf4a3c3c4df5dbcc5c9762e400	6ff359cbe8634ac4773621984cb38820c97cd3c2	M	parent_tree_identity	Actual retained-parent file edge; semantic conclusions are component-scoped in the companion ledger, not implied by this edge.
libqtdevices	56f2117bd62d4980d22aa22cbabe45b0cd706127	326ed71f95af211e7a6bc722431aeaa9d2afb49e	mediaplayer.cpp	5f0902daa80f19dc44f9c0eb1f266fcf558e326b	633bd7928e1e2ebf4a3c3c4df5dbcc5c9762e400	M	parent_tree_identity	Actual retained-parent file edge; semantic conclusions are component-scoped in the companion ledger, not implied by this edge.
libqtdevices	326ed71f95af211e7a6bc722431aeaa9d2afb49e	36037f1ab7c778f9c2936a70f5d8289660158907	mediaplayer.cpp	054029bd5b5f73c7b78adde13620c2c126ee960d	5f0902daa80f19dc44f9c0eb1f266fcf558e326b	M	parent_tree_identity	Actual retained-parent file edge; semantic conclusions are component-scoped in the companion ledger, not implied by this edge.
libqtdevices	36037f1ab7c778f9c2936a70f5d8289660158907	a309088ff2f3e1610688e2a81a11761bd6ff774e	mediaplayer.cpp	d8119ee4b6e13453b3f511059c1864a1d7145cfb	054029bd5b5f73c7b78adde13620c2c126ee960d	M	parent_tree_identity	Actual retained-parent file edge; semantic conclusions are component-scoped in the companion ledger, not implied by this edge.
libqtdevices	a309088ff2f3e1610688e2a81a11761bd6ff774e	17cb9cb2e347530a4901564ab8ddc1901e6b5d59	mediaplayer.cpp	4b2888ab7a5d7f84ba8d155b8b4e6f9fdf492627	d8119ee4b6e13453b3f511059c1864a1d7145cfb	M	parent_tree_identity	Actual retained-parent file edge; semantic conclusions are component-scoped in the companion ledger, not implied by this edge.
libqtdevices	17cb9cb2e347530a4901564ab8ddc1901e6b5d59	1af8027532709ba7c68e926c6c374b29be9c2063	mediaplayer.cpp	0e2ce1a54da420eb50a3cd2159d4078aeb62a143	4b2888ab7a5d7f84ba8d155b8b4e6f9fdf492627	M	parent_tree_identity	Actual retained-parent file edge; semantic conclusions are component-scoped in the companion ledger, not implied by this edge.
libqtdevices	1af8027532709ba7c68e926c6c374b29be9c2063	5a85a15e0fa52635eda142fc94c771f8e8f64df0	mediaplayer.cpp	8f857cfe6024c3fcc1a2a0840d58bf1b17ac64cf	0e2ce1a54da420eb50a3cd2159d4078aeb62a143	M	parent_tree_identity	Actual retained-parent file edge; semantic conclusions are component-scoped in the companion ledger, not implied by this edge.
libqtdevices	5a85a15e0fa52635eda142fc94c771f8e8f64df0	4de8a6ef9b72736f09491a88379be0a6a78de0bb	mediaplayer.cpp	2c71a420147639a227f397e0d6c5ef180e01b711	8f857cfe6024c3fcc1a2a0840d58bf1b17ac64cf	M	parent_tree_identity	Actual retained-parent file edge; semantic conclusions are component-scoped in the companion ledger, not implied by this edge.
libqtdevices	4de8a6ef9b72736f09491a88379be0a6a78de0bb	c35c79b140c568ed21128ac48d43eb14a0c4b66b	mediaplayer.cpp	b8503e2a13ed07178c7d70038cbee19d10998076	2c71a420147639a227f397e0d6c5ef180e01b711	M	parent_tree_identity	Actual retained-parent file edge; semantic conclusions are component-scoped in the companion ledger, not implied by this edge.
libqtdevices	d5d3ad2c6bc54ad2442a9dcb1a62590b42cc0554	219e69072d84173783786c0629c3e7913b70175d	mediaplayer.cpp	ff76f6950cbcfa006ddc11273762609dd35e4754	b8503e2a13ed07178c7d70038cbee19d10998076	M	parent_tree_identity	Actual retained-parent file edge; semantic conclusions are component-scoped in the companion ledger, not implied by this edge.
libqtdevices	907ca825ef0d85f467609276da27006227d1db5e	997a92e7d360104e7ca98134346b4bb80bbf84ae	mediaplayer.cpp	e979b1faea046edf3cb8540af31bd3e2c78cbd30	b8503e2a13ed07178c7d70038cbee19d10998076	M	parent_tree_identity	Actual retained-parent file edge; semantic conclusions are component-scoped in the companion ledger, not implied by this edge.
libqtdevices	b3265012fe6e38964feb6fe72bc65d1099c0a1bf	ed9374a5a0d3333981eb4b59df686284e818e366	mediaplayer.cpp	e979b1faea046edf3cb8540af31bd3e2c78cbd30	b8503e2a13ed07178c7d70038cbee19d10998076	M	parent_tree_identity	Actual retained-parent file edge; semantic conclusions are component-scoped in the companion ledger, not implied by this edge.
libqtdevices	b3265012fe6e38964feb6fe72bc65d1099c0a1bf	997188ebb116e35c201d56fd66e39ebea40d655d	mediaplayer.cpp	ff76f6950cbcfa006ddc11273762609dd35e4754	b8503e2a13ed07178c7d70038cbee19d10998076	M	parent_tree_identity	Actual retained-parent file edge; semantic conclusions are component-scoped in the companion ledger, not implied by this edge.
libqtdevices	997188ebb116e35c201d56fd66e39ebea40d655d	24e389940087e388db465372cacebc6474d5f650	mediaplayer.cpp	ea85041dab7183a3d315c8dd83a57c7805ebd99f	ff76f6950cbcfa006ddc11273762609dd35e4754	M	parent_tree_identity	Actual retained-parent file edge; semantic conclusions are component-scoped in the companion ledger, not implied by this edge.
libqtdevices	4ccb8a9aff517998d2f5569542794522704f0f70	a377d0cdde90b28b153b8dd3a460322254e8fbf3	mediaplayer.cpp	ea85041dab7183a3d315c8dd83a57c7805ebd99f	ff76f6950cbcfa006ddc11273762609dd35e4754	M	parent_tree_identity	Actual retained-parent file edge; semantic conclusions are component-scoped in the companion ledger, not implied by this edge.
libqtdevices	2ecf016619aa81fc3f21b55f60158f3660c2d934	c37da6be44a9fceb3a5a821835a9d1c4ea90136e	mediaplayer.cpp	ea85041dab7183a3d315c8dd83a57c7805ebd99f	ff76f6950cbcfa006ddc11273762609dd35e4754	M	parent_tree_identity	Actual retained-parent file edge; semantic conclusions are component-scoped in the companion ledger, not implied by this edge.
libqtdevices	ed7ea88659467d23dc06f3642e4fad0f54883d4c	a377d0cdde90b28b153b8dd3a460322254e8fbf3	mediaplayer.cpp	ea85041dab7183a3d315c8dd83a57c7805ebd99f	e979b1faea046edf3cb8540af31bd3e2c78cbd30	M	parent_tree_identity	Actual retained-parent file edge; semantic conclusions are component-scoped in the companion ledger, not implied by this edge.
libqtdevices	2b102142b7f06a31d20054da9983f26b68675aeb	3e049cb89029f2a8add7d172afc9ada547f42696	mediaplayer.cpp	ea85041dab7183a3d315c8dd83a57c7805ebd99f	e979b1faea046edf3cb8540af31bd3e2c78cbd30	M	parent_tree_identity	Actual retained-parent file edge; semantic conclusions are component-scoped in the companion ledger, not implied by this edge.
libqtdevices	f0f09b1bc205a4c4f921d24d56bb7210d1b2d26e	91cb5e509c7bbf52a23ea84ac865811168a2d597	mediaplayer.cpp	ea85041dab7183a3d315c8dd83a57c7805ebd99f	e979b1faea046edf3cb8540af31bd3e2c78cbd30	M	parent_tree_identity	Actual retained-parent file edge; semantic conclusions are component-scoped in the companion ledger, not implied by this edge.
libqtdevices	ddc594d496732942bf6b636cac8aef56c016ee6d	423e380e61e429d859c17176b7f7d33b9e76a274	mediaplayer.cpp	ea85041dab7183a3d315c8dd83a57c7805ebd99f	e979b1faea046edf3cb8540af31bd3e2c78cbd30	M	parent_tree_identity	Actual retained-parent file edge; semantic conclusions are component-scoped in the companion ledger, not implied by this edge.
libqtdevices	f397a5425866a3e8806557dbcc47be7bd8f842be	b086d756a75967c72907c16b0e723cb914d9f73e	mediaplayer.cpp	ea85041dab7183a3d315c8dd83a57c7805ebd99f	e979b1faea046edf3cb8540af31bd3e2c78cbd30	M	parent_tree_identity	Actual retained-parent file edge; semantic conclusions are component-scoped in the companion ledger, not implied by this edge.
libqtdevices	74eb85782925fa4fe2b5ed096ec4c26d4f3158a6	d3bd41c386761fb9f9a153b1c17c1f6bf05f8549	mediaplayer.cpp	ea85041dab7183a3d315c8dd83a57c7805ebd99f	e979b1faea046edf3cb8540af31bd3e2c78cbd30	M	parent_tree_identity	Actual retained-parent file edge; semantic conclusions are component-scoped in the companion ledger, not implied by this edge.
libqtdevices	bd0195dff434f590b3ef766576c2c27eebacee41	fb6f450f098cc325b5dbde40b161aab177a02dd9	mediaplayer.cpp	ea85041dab7183a3d315c8dd83a57c7805ebd99f	e979b1faea046edf3cb8540af31bd3e2c78cbd30	M	parent_tree_identity	Actual retained-parent file edge; semantic conclusions are component-scoped in the companion ledger, not implied by this edge.
libqtdevices	355f2633b91ec9bb641cd2b1ba593226b1b52d09	195206644a7a0567177bfcabeb2028db0877d2f0	mediaplayer.cpp	ea85041dab7183a3d315c8dd83a57c7805ebd99f	e979b1faea046edf3cb8540af31bd3e2c78cbd30	M	parent_tree_identity	Actual retained-parent file edge; semantic conclusions are component-scoped in the companion ledger, not implied by this edge.
libqtdevices	5401e69d702eef1732d0f729b2d0fef5fe19d5fd	aa64c888f2df5819b14dc12a97bd9b54a0c23b86	mediaplayer.cpp	ea85041dab7183a3d315c8dd83a57c7805ebd99f	e979b1faea046edf3cb8540af31bd3e2c78cbd30	M	parent_tree_identity	Actual retained-parent file edge; semantic conclusions are component-scoped in the companion ledger, not implied by this edge.
libqtdevices	d41f9f1e45f0935b4c4d4ff927e879845eb9a308	f7a0768a1acc5ee5af7721a16b195e797bd68f16	mediaplayer.cpp	ea85041dab7183a3d315c8dd83a57c7805ebd99f	e979b1faea046edf3cb8540af31bd3e2c78cbd30	M	parent_tree_identity	Actual retained-parent file edge; semantic conclusions are component-scoped in the companion ledger, not implied by this edge.
libqtdevices	ddf26ee9ace4ce8578dff818b2ce6c4f8216bd3c	0f8c23f7b620374c4b82834e7ab0bc207aaf2da5	mediaplayer.cpp	ea85041dab7183a3d315c8dd83a57c7805ebd99f	e979b1faea046edf3cb8540af31bd3e2c78cbd30	M	parent_tree_identity	Actual retained-parent file edge; semantic conclusions are component-scoped in the companion ledger, not implied by this edge.
libqtdevices	646a429cff6dfdb2f722b0d3f522bab2cfeba6ca	ee1974797eaf0da6d6d40b9b115b947cbf83d984	mediaplayer.cpp	ea85041dab7183a3d315c8dd83a57c7805ebd99f	e979b1faea046edf3cb8540af31bd3e2c78cbd30	M	parent_tree_identity	Actual retained-parent file edge; semantic conclusions are component-scoped in the companion ledger, not implied by this edge.
libqtdevices	13903a747c14d658fc4a69f0a76371797ad8ab7e	1e23b28a01c4daf6723dfc7ec2623b9464a0b862	mediaplayer.cpp	ea85041dab7183a3d315c8dd83a57c7805ebd99f	e979b1faea046edf3cb8540af31bd3e2c78cbd30	M	parent_tree_identity	Actual retained-parent file edge; semantic conclusions are component-scoped in the companion ledger, not implied by this edge.
libqtdevices	7376213f5e102fef5f376923975d1020849b2dbc	9b22732cb8d15aaeeecba013d60f3071e838ef75	mediaplayer.cpp	ea85041dab7183a3d315c8dd83a57c7805ebd99f	e979b1faea046edf3cb8540af31bd3e2c78cbd30	M	parent_tree_identity	Actual retained-parent file edge; semantic conclusions are component-scoped in the companion ledger, not implied by this edge.
libqtdevices	b37b8087953a013d527724ba480c9eeee486c717	47217a482891acfff46898e39ee6ea7782f02007	mediaplayer.cpp	ea85041dab7183a3d315c8dd83a57c7805ebd99f	e979b1faea046edf3cb8540af31bd3e2c78cbd30	M	parent_tree_identity	Actual retained-parent file edge; semantic conclusions are component-scoped in the companion ledger, not implied by this edge.
libqtdevices	e186d1bcf21f3dfa49d7b7607d5738ac3e763823	8c03e2a3a0cea135dedca6bfdaf0d4e824d41581	mediaplayer.cpp	ea85041dab7183a3d315c8dd83a57c7805ebd99f	e979b1faea046edf3cb8540af31bd3e2c78cbd30	M	parent_tree_identity	Actual retained-parent file edge; semantic conclusions are component-scoped in the companion ledger, not implied by this edge.
libqtdevices	acb925a3305cc3b80e719ee6bfcf918d9ebc963d	d99978789c5d887050e7c2f0708365aea1fc3e91	mediaplayer.cpp	ea85041dab7183a3d315c8dd83a57c7805ebd99f	e979b1faea046edf3cb8540af31bd3e2c78cbd30	M	parent_tree_identity	Actual retained-parent file edge; semantic conclusions are component-scoped in the companion ledger, not implied by this edge.
libqtdevices	062b0a77fb563a017d1efbf7bfb22cd8c0b69aa0	1c8b655fb28f8ad715e35d59b4e1d7f53e6eed67	mediaplayer.cpp	ea85041dab7183a3d315c8dd83a57c7805ebd99f	e979b1faea046edf3cb8540af31bd3e2c78cbd30	M	parent_tree_identity	Actual retained-parent file edge; semantic conclusions are component-scoped in the companion ledger, not implied by this edge.
libqtdevices	9e9071ad304a9cc6a917cffd9bdf7dd836724cca	afeb4c79b275c62e3b43d11a21ca46d929c96e45	mediaplayer.cpp	ea85041dab7183a3d315c8dd83a57c7805ebd99f	e979b1faea046edf3cb8540af31bd3e2c78cbd30	M	parent_tree_identity	Actual retained-parent file edge; semantic conclusions are component-scoped in the companion ledger, not implied by this edge.
libqtdevices	08a208901f3b12a42334753247b19643982dc9c6	a374115272936a277d31e3b6d15a415e6d00b720	mediaplayer.cpp	ea85041dab7183a3d315c8dd83a57c7805ebd99f	e979b1faea046edf3cb8540af31bd3e2c78cbd30	M	parent_tree_identity	Actual retained-parent file edge; semantic conclusions are component-scoped in the companion ledger, not implied by this edge.
libqtdevices	f27658eac06b9b5a4c0ee57293e233f1f7b2301e	797d89ab83650e28b0c61a79cfef4c587817d276	mediaplayer.cpp	ea85041dab7183a3d315c8dd83a57c7805ebd99f	e979b1faea046edf3cb8540af31bd3e2c78cbd30	M	parent_tree_identity	Actual retained-parent file edge; semantic conclusions are component-scoped in the companion ledger, not implied by this edge.
libqtdevices	bdfdeb067fdd87188614de7fcaf73db307661cca	4a1d2187c1981f351db551c2471339222d875887	mediaplayer.cpp	ea85041dab7183a3d315c8dd83a57c7805ebd99f	e979b1faea046edf3cb8540af31bd3e2c78cbd30	M	parent_tree_identity	Actual retained-parent file edge; semantic conclusions are component-scoped in the companion ledger, not implied by this edge.
libqtdevices	eef2fc2ccc70fa96b175d5aa6a3c2845978048a2	ea7c8025282677b587638a9f36a92a6db73a9e8b	mediaplayer.cpp	ea85041dab7183a3d315c8dd83a57c7805ebd99f	e979b1faea046edf3cb8540af31bd3e2c78cbd30	M	parent_tree_identity	Actual retained-parent file edge; semantic conclusions are component-scoped in the companion ledger, not implied by this edge.
libqtdevices	a2ab20d0e95ae4bf0754b9d5994dc07825fb13a3	4daaffde1a45d92e8dffcb3ddb4ce652a1d60529	mediaplayer.cpp	ea85041dab7183a3d315c8dd83a57c7805ebd99f	e979b1faea046edf3cb8540af31bd3e2c78cbd30	M	parent_tree_identity	Actual retained-parent file edge; semantic conclusions are component-scoped in the companion ledger, not implied by this edge.
libqtdevices	a302b45b8878a55504ee16ad36a1c904aa1a8501	98afd91ac7164c6b2acb3b8aeb7c9775d4963ca5	mediaplayer.cpp	ea85041dab7183a3d315c8dd83a57c7805ebd99f	e979b1faea046edf3cb8540af31bd3e2c78cbd30	M	parent_tree_identity	Actual retained-parent file edge; semantic conclusions are component-scoped in the companion ledger, not implied by this edge.
libqtdevices	fe8b28183f00d59219388cd2f351fa748fe50e19	c2e3e38bd25bf40791b50eac73f9bd504b83e122	mediaplayer.cpp	ea85041dab7183a3d315c8dd83a57c7805ebd99f	e979b1faea046edf3cb8540af31bd3e2c78cbd30	M	parent_tree_identity	Actual retained-parent file edge; semantic conclusions are component-scoped in the companion ledger, not implied by this edge.
libqtdevices	1c999ba9693ce55ee477607b38c6091f61b94800	58aca1f3b16c52fd410938ce36dfed5d839a3ad2	mediaplayer.cpp	ea85041dab7183a3d315c8dd83a57c7805ebd99f	e979b1faea046edf3cb8540af31bd3e2c78cbd30	M	parent_tree_identity	Actual retained-parent file edge; semantic conclusions are component-scoped in the companion ledger, not implied by this edge.
libqtdevices	3bfa848d0a9ed2e0f2905e29af13e4e511f8cb5f	2353ad016121a15105e5cd0e7660df3eb5d7f0ff	mediaplayer.cpp	ea85041dab7183a3d315c8dd83a57c7805ebd99f	e979b1faea046edf3cb8540af31bd3e2c78cbd30	M	parent_tree_identity	Actual retained-parent file edge; semantic conclusions are component-scoped in the companion ledger, not implied by this edge.
libqtdevices	c7840d1f0f1c1801423763078ddf4bf8139ae481	a1a30fc2a668b9a4257b3f94cdf58fd6a0c52860	mediaplayer.cpp	ea85041dab7183a3d315c8dd83a57c7805ebd99f	e979b1faea046edf3cb8540af31bd3e2c78cbd30	M	parent_tree_identity	Actual retained-parent file edge; semantic conclusions are component-scoped in the companion ledger, not implied by this edge.
libqtdevices	a5d45062b6af4729ec9ee7d1c89ecf15719ed76c	a30496a6b9d1296d1bbf3b92c652e8e3452299ac	mediaplayer.cpp	ea85041dab7183a3d315c8dd83a57c7805ebd99f	e979b1faea046edf3cb8540af31bd3e2c78cbd30	M	parent_tree_identity	Actual retained-parent file edge; semantic conclusions are component-scoped in the companion ledger, not implied by this edge.
libqtdevices	d9a07f1197a814c013197c5c67af0e81f4c57ed3	8f32aecace099ca14758b72599fd477c1e0c9467	mediaplayer.cpp	ea85041dab7183a3d315c8dd83a57c7805ebd99f	e979b1faea046edf3cb8540af31bd3e2c78cbd30	M	parent_tree_identity	Actual retained-parent file edge; semantic conclusions are component-scoped in the companion ledger, not implied by this edge.
libqtdevices	ab1573bd789a9ac54806f739235111e405a1e3de	1e5a3c48162ee67a46a5b51316651dda440d8ffa	mediaplayer.cpp	ea85041dab7183a3d315c8dd83a57c7805ebd99f	e979b1faea046edf3cb8540af31bd3e2c78cbd30	M	parent_tree_identity	Actual retained-parent file edge; semantic conclusions are component-scoped in the companion ledger, not implied by this edge.
libqtdevices	ab1573bd789a9ac54806f739235111e405a1e3de	605c99d419139bc71fa2ccccbc1fb9a5c02c2f2f	mediaplayer.cpp	ea85041dab7183a3d315c8dd83a57c7805ebd99f	e979b1faea046edf3cb8540af31bd3e2c78cbd30	M	parent_tree_identity	Actual retained-parent file edge; semantic conclusions are component-scoped in the companion ledger, not implied by this edge.
libqtdevices	204c31565ed20627e229f87efbd1cae707e2b865	1e5a3c48162ee67a46a5b51316651dda440d8ffa	mediaplayer.cpp	ea85041dab7183a3d315c8dd83a57c7805ebd99f	e979b1faea046edf3cb8540af31bd3e2c78cbd30	M	parent_tree_identity	Actual retained-parent file edge; semantic conclusions are component-scoped in the companion ledger, not implied by this edge.
libqtdevices	c8ed6beb733e9b6adb4d71256d0876d3f6707267	fc332695aee437833213a6f926760730b6454fe1	mediaplayer.cpp	ea85041dab7183a3d315c8dd83a57c7805ebd99f	e979b1faea046edf3cb8540af31bd3e2c78cbd30	M	parent_tree_identity	Actual retained-parent file edge; semantic conclusions are component-scoped in the companion ledger, not implied by this edge.
libqtdevices	2a3a17a92df05c18c41b598b6f6480050d286d0e	6eec57a0d0186082a90e2ccd9b1bbaebe500f6d7	mediaplayer.cpp	ea85041dab7183a3d315c8dd83a57c7805ebd99f	e979b1faea046edf3cb8540af31bd3e2c78cbd30	M	parent_tree_identity	Actual retained-parent file edge; semantic conclusions are component-scoped in the companion ledger, not implied by this edge.
libqtdevices	d59336f6f2c2318b16f0beb2736e4f1c30e76b96	0755e05f465d932eb786efba7635d3f12537b060	mediaplayer.cpp	8ea8d8e12ed9de4f6de42d5ee210d99d7be4c77f	e979b1faea046edf3cb8540af31bd3e2c78cbd30	M	parent_tree_identity	Actual retained-parent file edge; semantic conclusions are component-scoped in the companion ledger, not implied by this edge.
libqtdevices	0755e05f465d932eb786efba7635d3f12537b060	535216cb42f1985d719f7fecda8f9e9bd213199c	mediaplayer.cpp	6efb8cc9130542872aea5204e7109152297f53eb	8ea8d8e12ed9de4f6de42d5ee210d99d7be4c77f	M	parent_tree_identity	Actual retained-parent file edge; semantic conclusions are component-scoped in the companion ledger, not implied by this edge.
libqtdevices	1e48a3fa52dbd310352c0fc635bd7422d79d6419	3f37664bdfa787494b9aa1c95de42dcafa48f998	mediaplayer.cpp	1fe513bdfeaafd83a19b8f0a746d394fc4f8ffed	6efb8cc9130542872aea5204e7109152297f53eb	M	parent_tree_identity	Actual retained-parent file edge; semantic conclusions are component-scoped in the companion ledger, not implied by this edge.
libqtdevices	3f37664bdfa787494b9aa1c95de42dcafa48f998	06d870d3176125ed26994682e2c1c975a74498cd	mediaplayer.cpp	335b6aeb54b6cbd2cc5898091cb62c45693acaa1	1fe513bdfeaafd83a19b8f0a746d394fc4f8ffed	M	parent_tree_identity	Actual retained-parent file edge; semantic conclusions are component-scoped in the companion ledger, not implied by this edge.
libqtdevices	06d870d3176125ed26994682e2c1c975a74498cd	2f50581d96ea1c92fabbaa5121a970c9756d3678	mediaplayer.cpp	ecbdcc826781207ab52f52132373cd555a33b81f	335b6aeb54b6cbd2cc5898091cb62c45693acaa1	M	parent_tree_identity	Actual retained-parent file edge; semantic conclusions are component-scoped in the companion ledger, not implied by this edge.
libqtdevices	2f50581d96ea1c92fabbaa5121a970c9756d3678	4be7b570c6d5ee714b331b7922b93d9378beb1ed	mediaplayer.cpp	a07eb990d66a1e9e9d7cec16a65aefac389d57a3	ecbdcc826781207ab52f52132373cd555a33b81f	M	parent_tree_identity	Actual retained-parent file edge; semantic conclusions are component-scoped in the companion ledger, not implied by this edge.
libqtdevices	4be7b570c6d5ee714b331b7922b93d9378beb1ed	ee51329d18e803e06edc736399100a682d1a7b35	mediaplayer.cpp	ea85041dab7183a3d315c8dd83a57c7805ebd99f	a07eb990d66a1e9e9d7cec16a65aefac389d57a3	M	parent_tree_identity	Actual retained-parent file edge; semantic conclusions are component-scoped in the companion ledger, not implied by this edge.
libqtdevices	05611c53a16295081108a9b54883aa1ec90a8340	1ba5bc24a5af9aadb67f6e74d0bc8ef636b893a3	mediaplayer.cpp	79a0be961e8e674312f6f350b0157dfe84bc923a	a07eb990d66a1e9e9d7cec16a65aefac389d57a3	M	parent_tree_identity	Actual retained-parent file edge; semantic conclusions are component-scoped in the companion ledger, not implied by this edge.
libqtdevices	1c562b27e5935248952864e02910e1bab22db43a	e1b7b141c972008718ccf82566034eb961db8b4a	mediaplayer.cpp	ea85041dab7183a3d315c8dd83a57c7805ebd99f	79a0be961e8e674312f6f350b0157dfe84bc923a	M	parent_tree_identity	Actual retained-parent file edge; semantic conclusions are component-scoped in the companion ledger, not implied by this edge.
libqtdevices	7eff0e46b04f80edd05e9fedddff629ba1483151	867830c9f9d423d2601b45100e8f7ac50ec5897d	mediaplayer.cpp	4c8d6a86333255edd4d5ee25f73494b8ec61a5d2	ea85041dab7183a3d315c8dd83a57c7805ebd99f	M	parent_tree_identity	Actual retained-parent file edge; semantic conclusions are component-scoped in the companion ledger, not implied by this edge.
libqtdevices	f68f97eb09ef77be5dc961a8736efde98d4c5ed8	3a97abc40c65286805b56af4266b38477e1e9f7d	mediaplayer.cpp	4c8d6a86333255edd4d5ee25f73494b8ec61a5d2	ea85041dab7183a3d315c8dd83a57c7805ebd99f	M	parent_tree_identity	Actual retained-parent file edge; semantic conclusions are component-scoped in the companion ledger, not implied by this edge.
libqtdevices	20efdcec2e6e2c4ef2a6482c8e475efdf796a802	ba3e0def739ae5c656e1b7546a01e139ec0f420f	mediaplayer.cpp	55462526a04a2355966ac2e2bbc16cb3a2f9dc19	4c8d6a86333255edd4d5ee25f73494b8ec61a5d2	M	parent_tree_identity	Actual retained-parent file edge; semantic conclusions are component-scoped in the companion ledger, not implied by this edge.
libqtdevices	f66b3b6d029be7e08bf645c796e92960a8122e13	43946f7aecbbf7071ef1ad130eb2570b3c070d1a	mediaplayer.cpp	ea662734c2f5c32e7ad839a008941868a1b04ae2	55462526a04a2355966ac2e2bbc16cb3a2f9dc19	M	parent_tree_identity	Actual retained-parent file edge; semantic conclusions are component-scoped in the companion ledger, not implied by this edge.
libqtdevices	177bae4415f7bc94098e2e92baa4cc4735ca60c3	b1ced0a7d716767a4ff2283a7bd60f23a7bb35fc	mediaplayer.cpp	f9ea20b0d369c8748a04613868e1643e79aa0589	55462526a04a2355966ac2e2bbc16cb3a2f9dc19	M	parent_tree_identity	Actual retained-parent file edge; semantic conclusions are component-scoped in the companion ledger, not implied by this edge.
libqtdevices	5928b22690234bd2158e7a955c89e85e8085955c	8e9cc43b1c07f205f1fd19e795a03a070e9071d9	mediaplayer.cpp	9244f3f93b1a3e3ce11189470df874a4a0e16e1e	f9ea20b0d369c8748a04613868e1643e79aa0589	M	parent_tree_identity	Actual retained-parent file edge; semantic conclusions are component-scoped in the companion ledger, not implied by this edge.
libqtdevices	081a814257c286d9ac71c67412c2455f986e5f60	e07f35a16908dbd9d4d8ab006cf639add6a5ff39	mediaplayer.cpp	f9ea20b0d369c8748a04613868e1643e79aa0589	9244f3f93b1a3e3ce11189470df874a4a0e16e1e	M	parent_tree_identity	Actual retained-parent file edge; semantic conclusions are component-scoped in the companion ledger, not implied by this edge.
libqtdevices	9a228974c50c8ea8a5a1f5426260e48781436c41	b52983935a019731ab3e606a1b0e572a8568c373	mediaplayer.cpp	bc588f1d41a3d96ad7fea90fa29d8f8b5a201878	f9ea20b0d369c8748a04613868e1643e79aa0589	M	parent_tree_identity	Actual retained-parent file edge; semantic conclusions are component-scoped in the companion ledger, not implied by this edge.
libqtdevices	6df6d1acb1f4bbc9afda93977a7d6c98b9078479	bb80e6fada3e465f352f1052fb2772987eb7a7ae	mediaplayer.cpp	ea662734c2f5c32e7ad839a008941868a1b04ae2	bc588f1d41a3d96ad7fea90fa29d8f8b5a201878	M	parent_tree_identity	Actual retained-parent file edge; semantic conclusions are component-scoped in the companion ledger, not implied by this edge.
libqtdevices	a830a606ea6c6872de6060c1aed84b8a5e8f6609	3d70fcebd64fca754ae6ad190bbd60081b14b811	mediaplayer.cpp	ea662734c2f5c32e7ad839a008941868a1b04ae2	bc588f1d41a3d96ad7fea90fa29d8f8b5a201878	M	parent_tree_identity	Actual retained-parent file edge; semantic conclusions are component-scoped in the companion ledger, not implied by this edge.
libqtdevices	d91a3afe61f41800f3798de0c6aae857ad8e6ed0	6dd59b5661dcb9c750301d049868b8f9c0e9f5fe	mediaplayer.cpp	ea662734c2f5c32e7ad839a008941868a1b04ae2	bc588f1d41a3d96ad7fea90fa29d8f8b5a201878	M	parent_tree_identity	Actual retained-parent file edge; semantic conclusions are component-scoped in the companion ledger, not implied by this edge.
libqtdevices	69f97c0eb32ff789745ef135167655b780616136	cf43363068666c7a059405304d8193f4743db0a7	mediaplayer.cpp	ea662734c2f5c32e7ad839a008941868a1b04ae2	bc588f1d41a3d96ad7fea90fa29d8f8b5a201878	M	parent_tree_identity	Actual retained-parent file edge; semantic conclusions are component-scoped in the companion ledger, not implied by this edge.
libqtdevices	73dc82182c93aeb5ebbc5c5d7d30d586b8f9da80	9551b8b4e46f9b78258a0de3082e0acd3edf1c9b	mediaplayer.cpp	ea662734c2f5c32e7ad839a008941868a1b04ae2	bc588f1d41a3d96ad7fea90fa29d8f8b5a201878	M	parent_tree_identity	Actual retained-parent file edge; semantic conclusions are component-scoped in the companion ledger, not implied by this edge.
libqtdevices	1b0331a3e4d451136004d240c6868196195a7ef0	eabfc4a8e516ff2e976f2202a268da148ceaf118	mediaplayer.cpp	ea662734c2f5c32e7ad839a008941868a1b04ae2	bc588f1d41a3d96ad7fea90fa29d8f8b5a201878	M	parent_tree_identity	Actual retained-parent file edge; semantic conclusions are component-scoped in the companion ledger, not implied by this edge.
libqtdevices	95a23e857ae150c5bb983def391a199cf4d66832	e804774936004b033e6ad0089f45ac4d14dbe69c	mediaplayer.cpp	ea662734c2f5c32e7ad839a008941868a1b04ae2	bc588f1d41a3d96ad7fea90fa29d8f8b5a201878	M	parent_tree_identity	Actual retained-parent file edge; semantic conclusions are component-scoped in the companion ledger, not implied by this edge.
libqtdevices	202a394afc3472c532dfcb6e3f2a9756b2e8fec9	2cba3d63497d793a5d2151ed21db9a7d0094064b	mediaplayer.cpp	ea662734c2f5c32e7ad839a008941868a1b04ae2	bc588f1d41a3d96ad7fea90fa29d8f8b5a201878	M	parent_tree_identity	Actual retained-parent file edge; semantic conclusions are component-scoped in the companion ledger, not implied by this edge.
libqtdevices	bad26603d2135322378d5a2daa932f871091b6c6	4859294dc92d1be52237b38fe6f0627fa931c950	mediaplayer.cpp	ea662734c2f5c32e7ad839a008941868a1b04ae2	bc588f1d41a3d96ad7fea90fa29d8f8b5a201878	M	parent_tree_identity	Actual retained-parent file edge; semantic conclusions are component-scoped in the companion ledger, not implied by this edge.
libqtdevices	4adf863690c871316f084ffff592855a5b7598c3	04f9c87e5f944df5c3c8ce5443aa04b5a4eaf6f1	mediaplayer.cpp	ea662734c2f5c32e7ad839a008941868a1b04ae2	bc588f1d41a3d96ad7fea90fa29d8f8b5a201878	M	parent_tree_identity	Actual retained-parent file edge; semantic conclusions are component-scoped in the companion ledger, not implied by this edge.
libqtdevices	7ce5aa948e48784a804a565f48d725667b618c3c	f4ed3b3945e910b8fcd35691cac6a360cb30bacb	mediaplayer.cpp	ea662734c2f5c32e7ad839a008941868a1b04ae2	bc588f1d41a3d96ad7fea90fa29d8f8b5a201878	M	parent_tree_identity	Actual retained-parent file edge; semantic conclusions are component-scoped in the companion ledger, not implied by this edge.
libqtdevices	3fa85c2ee57d69c7a6230d760279d767118c7263	2142a8288acd0dec04ce8eeb5869f41630d68d96	mediaplayer.cpp	ea662734c2f5c32e7ad839a008941868a1b04ae2	bc588f1d41a3d96ad7fea90fa29d8f8b5a201878	M	parent_tree_identity	Actual retained-parent file edge; semantic conclusions are component-scoped in the companion ledger, not implied by this edge.
libqtdevices	dd64212b13a37f5e1deedc629d46517a9d163a6c	48240bc2e83a5b88102152d981e8c182875e5fe1	mediaplayer.cpp	ea662734c2f5c32e7ad839a008941868a1b04ae2	bc588f1d41a3d96ad7fea90fa29d8f8b5a201878	M	parent_tree_identity	Actual retained-parent file edge; semantic conclusions are component-scoped in the companion ledger, not implied by this edge.
libqtdevices	9102953755e9f645dcd595c43fe8750415b4b63c	6b5f3e1212362735bc14a6070fade41cb71977e0	mediaplayer.cpp	ea662734c2f5c32e7ad839a008941868a1b04ae2	bc588f1d41a3d96ad7fea90fa29d8f8b5a201878	M	parent_tree_identity	Actual retained-parent file edge; semantic conclusions are component-scoped in the companion ledger, not implied by this edge.
libqtdevices	1608f1b96779bdcc9465b4f5f5926c0c5f16ee95	121e245915b45fc0911d1fc67b332b6f60cb219d	mediaplayer.cpp	ea662734c2f5c32e7ad839a008941868a1b04ae2	bc588f1d41a3d96ad7fea90fa29d8f8b5a201878	M	parent_tree_identity	Actual retained-parent file edge; semantic conclusions are component-scoped in the companion ledger, not implied by this edge.
libqtdevices	1e218ff5a8dbc71f9b40bd7e7b43822a1c20ec0d	656696c7615091779376b92177e0dd32ffc97031	mediaplayer.cpp	ea662734c2f5c32e7ad839a008941868a1b04ae2	bc588f1d41a3d96ad7fea90fa29d8f8b5a201878	M	parent_tree_identity	Actual retained-parent file edge; semantic conclusions are component-scoped in the companion ledger, not implied by this edge.
libqtdevices	24853935458271f4d5bce9a5f49532ba7f797530	b353ef4c5e1cb055f661f95f7c521c757e808d92	mediaplayer.cpp	ea662734c2f5c32e7ad839a008941868a1b04ae2	bc588f1d41a3d96ad7fea90fa29d8f8b5a201878	M	parent_tree_identity	Actual retained-parent file edge; semantic conclusions are component-scoped in the companion ledger, not implied by this edge.
libqtdevices	9ce24f26100a5559fe2daaeef04715480ba85956	d62e62d5e650cc70096f7899365985b2c6a8c557	mediaplayer.cpp	ea662734c2f5c32e7ad839a008941868a1b04ae2	bc588f1d41a3d96ad7fea90fa29d8f8b5a201878	M	parent_tree_identity	Actual retained-parent file edge; semantic conclusions are component-scoped in the companion ledger, not implied by this edge.
libqtdevices	aee648a076ff73e26adeccc90db18baef11a1bf8	e8d8554960171978547fe67dece4ee1bb2e66b13	mediaplayer.cpp	b263a48f59471477e6825a08bc4e7a18709d93aa	ea662734c2f5c32e7ad839a008941868a1b04ae2	M	parent_tree_identity	Actual retained-parent file edge; semantic conclusions are component-scoped in the companion ledger, not implied by this edge.
libqtdevices	b3edd7100c1f4c1a75341f1243edf54ed71cb640	0950a91c8c46d6d697befa2c90397ea68cbe0efb	mediaplayer.cpp	ea662734c2f5c32e7ad839a008941868a1b04ae2	bc588f1d41a3d96ad7fea90fa29d8f8b5a201878	M	parent_tree_identity	Actual retained-parent file edge; semantic conclusions are component-scoped in the companion ledger, not implied by this edge.
libqtdevices	636620ce09621e8f46f27531df31533e8fa026fb	2fd2f37f8c656346b63f23f07245d71807f1ba65	mediaplayer.cpp	ea662734c2f5c32e7ad839a008941868a1b04ae2	bc588f1d41a3d96ad7fea90fa29d8f8b5a201878	M	parent_tree_identity	Actual retained-parent file edge; semantic conclusions are component-scoped in the companion ledger, not implied by this edge.
libqtdevices	5b7be87989a53d7ead1344c49db3ef8b7497bfcf	81e7c048bf06aa01e0b08b890b0537706b444afa	mediaplayer.cpp	ea662734c2f5c32e7ad839a008941868a1b04ae2	bc588f1d41a3d96ad7fea90fa29d8f8b5a201878	M	parent_tree_identity	Actual retained-parent file edge; semantic conclusions are component-scoped in the companion ledger, not implied by this edge.
libqtdevices	4efc7bd355425eb9997391a6f406425f7f51e1dc	8ef0beb685c172fb101c08b20729c377664bf022	mediaplayer.cpp	ea662734c2f5c32e7ad839a008941868a1b04ae2	bc588f1d41a3d96ad7fea90fa29d8f8b5a201878	M	parent_tree_identity	Actual retained-parent file edge; semantic conclusions are component-scoped in the companion ledger, not implied by this edge.
libqtdevices	bedb9d623d56513a1428daade76a03ca48df894d	c7d9b84f82716d204425ef91807d6c12dea16c19	mediaplayer.cpp	ea662734c2f5c32e7ad839a008941868a1b04ae2	bc588f1d41a3d96ad7fea90fa29d8f8b5a201878	M	parent_tree_identity	Actual retained-parent file edge; semantic conclusions are component-scoped in the companion ledger, not implied by this edge.
libqtdevices	79a6e4411292eb9140028fe2004311a41b96dbff	e1ac0d5cfede6846391c893bce960206e3e7bfdd	mediaplayer.cpp	ea662734c2f5c32e7ad839a008941868a1b04ae2	bc588f1d41a3d96ad7fea90fa29d8f8b5a201878	M	parent_tree_identity	Actual retained-parent file edge; semantic conclusions are component-scoped in the companion ledger, not implied by this edge.
libqtdevices	80b1e280d2a77591c8f75dc3f5bf8f740d4282de	422dd2bfbf4995d949d1c66ff0e89702ea5b0cf7	mediaplayer.cpp	ea662734c2f5c32e7ad839a008941868a1b04ae2	bc588f1d41a3d96ad7fea90fa29d8f8b5a201878	M	parent_tree_identity	Actual retained-parent file edge; semantic conclusions are component-scoped in the companion ledger, not implied by this edge.
libqtdevices	b96de709f3c20cacabfaa068eefbcc7060d266a8	2224c527015e62135dd347e4a6003e3363f33a7f	mediaplayer.cpp	ea662734c2f5c32e7ad839a008941868a1b04ae2	bc588f1d41a3d96ad7fea90fa29d8f8b5a201878	M	parent_tree_identity	Actual retained-parent file edge; semantic conclusions are component-scoped in the companion ledger, not implied by this edge.
libqtdevices	036d6d61af665cee8c30a06ce7acf96b0112958e	96a2b80a1d28a6a557240738ce6072adb8b2cb30	mediaplayer.cpp	ea662734c2f5c32e7ad839a008941868a1b04ae2	bc588f1d41a3d96ad7fea90fa29d8f8b5a201878	M	parent_tree_identity	Actual retained-parent file edge; semantic conclusions are component-scoped in the companion ledger, not implied by this edge.
libqtdevices	cf8108784c240db27626a997cab566e65b0e520a	efce1b99e2e0fb7347cc34cd8ee7eedcd22d10c3	mediaplayer.cpp	ea662734c2f5c32e7ad839a008941868a1b04ae2	bc588f1d41a3d96ad7fea90fa29d8f8b5a201878	M	parent_tree_identity	Actual retained-parent file edge; semantic conclusions are component-scoped in the companion ledger, not implied by this edge.
libqtdevices	e6e494d93ecd29faadd216ca4d9b3ae66d3b054d	18021cb682636742d47f2f8e957b1bd044009e79	mediaplayer.cpp	ea662734c2f5c32e7ad839a008941868a1b04ae2	bc588f1d41a3d96ad7fea90fa29d8f8b5a201878	M	parent_tree_identity	Actual retained-parent file edge; semantic conclusions are component-scoped in the companion ledger, not implied by this edge.
libqtdevices	367fedff72f083cfaace461754cb2fce58091ae6	e92c902ce2e0f02c0beade4bd063350d7d61640e	mediaplayer.cpp	ea662734c2f5c32e7ad839a008941868a1b04ae2	bc588f1d41a3d96ad7fea90fa29d8f8b5a201878	M	parent_tree_identity	Actual retained-parent file edge; semantic conclusions are component-scoped in the companion ledger, not implied by this edge.
libqtdevices	782c651ae535e3b555b328fb9bcc00ac4f9a05a8	872aa83884c7a93588a9c8599ce333cf7d8f50c2	mediaplayer.cpp	ea662734c2f5c32e7ad839a008941868a1b04ae2	bc588f1d41a3d96ad7fea90fa29d8f8b5a201878	M	parent_tree_identity	Actual retained-parent file edge; semantic conclusions are component-scoped in the companion ledger, not implied by this edge.
libqtdevices	1b8371487ceae7fd09fdf99c0f7fb6bcadbb7ed8	4a4a2697c8ba4185bdfd194d48a3fef003121ef8	mediaplayer.cpp	ea662734c2f5c32e7ad839a008941868a1b04ae2	bc588f1d41a3d96ad7fea90fa29d8f8b5a201878	M	parent_tree_identity	Actual retained-parent file edge; semantic conclusions are component-scoped in the companion ledger, not implied by this edge.
libqtdevices	3656a8535e0d23c049402cac2f6f515b9fa1e931	a1372b8dd67f934f771bfb6bc6958e5aa9d2e8a1	mediaplayer.cpp	ea662734c2f5c32e7ad839a008941868a1b04ae2	bc588f1d41a3d96ad7fea90fa29d8f8b5a201878	M	parent_tree_identity	Actual retained-parent file edge; semantic conclusions are component-scoped in the companion ledger, not implied by this edge.
libqtdevices	965ebd2b75865d900c35d26b8d6d4eeaa99c4d87	4f9fe166b410cdd014590e1a09a610791da88781	mediaplayer.cpp	ea662734c2f5c32e7ad839a008941868a1b04ae2	bc588f1d41a3d96ad7fea90fa29d8f8b5a201878	M	parent_tree_identity	Actual retained-parent file edge; semantic conclusions are component-scoped in the companion ledger, not implied by this edge.
libqtdevices	a2b100b8d43ced9f8455e2181f19cabaf395a43c	3ffb9417257d1e51674c1cf2ff1585f03646273e	mediaplayer.cpp	ea662734c2f5c32e7ad839a008941868a1b04ae2	bc588f1d41a3d96ad7fea90fa29d8f8b5a201878	M	parent_tree_identity	Actual retained-parent file edge; semantic conclusions are component-scoped in the companion ledger, not implied by this edge.
libqtdevices	64dce879d60ee2cd16d7e941fcefe946dc964af2	9f9d2104b688efe0afdee53ba7f5203c519dbfd6	mediaplayer.cpp	ea662734c2f5c32e7ad839a008941868a1b04ae2	bc588f1d41a3d96ad7fea90fa29d8f8b5a201878	M	parent_tree_identity	Actual retained-parent file edge; semantic conclusions are component-scoped in the companion ledger, not implied by this edge.
libqtdevices	fe2c2839119b185926cc499dc11c05b8f93fdb90	a7ede7fe44e0603977fa6da5c77df7475d22a2c1	mediaplayer.cpp	ea662734c2f5c32e7ad839a008941868a1b04ae2	bc588f1d41a3d96ad7fea90fa29d8f8b5a201878	M	parent_tree_identity	Actual retained-parent file edge; semantic conclusions are component-scoped in the companion ledger, not implied by this edge.
libqtdevices	044495a74b53d93e95b4a9e896e7f65c1ac515b4	7abd03030bbe26f587e79d913c59ece7278e9593	mediaplayer.cpp	ea662734c2f5c32e7ad839a008941868a1b04ae2	bc588f1d41a3d96ad7fea90fa29d8f8b5a201878	M	parent_tree_identity	Actual retained-parent file edge; semantic conclusions are component-scoped in the companion ledger, not implied by this edge.
libqtdevices	d1fc14665fc3ff56b94687153475e2c6f19a97e5	a2c00607398369de9c7f88275fd2815fccc2357d	mediaplayer.cpp	ea662734c2f5c32e7ad839a008941868a1b04ae2	bc588f1d41a3d96ad7fea90fa29d8f8b5a201878	M	parent_tree_identity	Actual retained-parent file edge; semantic conclusions are component-scoped in the companion ledger, not implied by this edge.
libqtdevices	a9aeecc8af3c83bc38d29521c0a13101a80d7345	6ffd9237149774bc2fb40263d710cea3865abe43	mediaplayer.cpp	ea662734c2f5c32e7ad839a008941868a1b04ae2	bc588f1d41a3d96ad7fea90fa29d8f8b5a201878	M	parent_tree_identity	Actual retained-parent file edge; semantic conclusions are component-scoped in the companion ledger, not implied by this edge.
libqtdevices	3848609318f681bc7403026b99c1083080015ce7	4e7aad94d61e5300db6aa2d8ea249dd81636ad6c	mediaplayer.cpp	ea662734c2f5c32e7ad839a008941868a1b04ae2	bc588f1d41a3d96ad7fea90fa29d8f8b5a201878	M	parent_tree_identity	Actual retained-parent file edge; semantic conclusions are component-scoped in the companion ledger, not implied by this edge.
libqtdevices	0205abf6c470e4306488a128ddde2b0b4e5b338f	207965a112a362a8c5fe6d71835d7b06008554c4	mediaplayer.cpp	ea662734c2f5c32e7ad839a008941868a1b04ae2	bc588f1d41a3d96ad7fea90fa29d8f8b5a201878	M	parent_tree_identity	Actual retained-parent file edge; semantic conclusions are component-scoped in the companion ledger, not implied by this edge.
libqtdevices	313fdac390a6222ed92855da2ddc24748a452bd4	77961fece9c116a44241e40f1aecb0dd011aee19	mediaplayer.cpp	ea662734c2f5c32e7ad839a008941868a1b04ae2	bc588f1d41a3d96ad7fea90fa29d8f8b5a201878	M	parent_tree_identity	Actual retained-parent file edge; semantic conclusions are component-scoped in the companion ledger, not implied by this edge.
libqtdevices	a5cceff8dfef743c8c7e5786932eab6560584026	e9cf9d33d3ff1d0b6350aaa82fdba92322800093	mediaplayer.cpp	ea662734c2f5c32e7ad839a008941868a1b04ae2	bc588f1d41a3d96ad7fea90fa29d8f8b5a201878	M	parent_tree_identity	Actual retained-parent file edge; semantic conclusions are component-scoped in the companion ledger, not implied by this edge.
libqtdevices	d949ddf825fdf5ff8827bfdd04344c0b56af4051	5dee1c6127402ffe1e7030d36158046833e54083	mediaplayer.cpp	ea662734c2f5c32e7ad839a008941868a1b04ae2	bc588f1d41a3d96ad7fea90fa29d8f8b5a201878	M	parent_tree_identity	Actual retained-parent file edge; semantic conclusions are component-scoped in the companion ledger, not implied by this edge.
libqtdevices	9418c9908a71820599486060b48eccef3b42b090	9cb964f017d813a520671cf2afd53c1de65c0f09	mediaplayer.cpp	ea662734c2f5c32e7ad839a008941868a1b04ae2	bc588f1d41a3d96ad7fea90fa29d8f8b5a201878	M	parent_tree_identity	Actual retained-parent file edge; semantic conclusions are component-scoped in the companion ledger, not implied by this edge.
libqtdevices	959fb92aa09dfbb0ad9090276a99ad9cab9a77fe	a317ac1f184aa2f0cb03e9782b87ee1e770cede1	mediaplayer.cpp	ea662734c2f5c32e7ad839a008941868a1b04ae2	bc588f1d41a3d96ad7fea90fa29d8f8b5a201878	M	parent_tree_identity	Actual retained-parent file edge; semantic conclusions are component-scoped in the companion ledger, not implied by this edge.
libqtdevices	cd4ab0a7aeea50416bf6d92f5742c07eeb6b741b	995c00257e00fdde3e9cb20d28954ea0030dfaf7	mediaplayer.cpp	ea662734c2f5c32e7ad839a008941868a1b04ae2	bc588f1d41a3d96ad7fea90fa29d8f8b5a201878	M	parent_tree_identity	Actual retained-parent file edge; semantic conclusions are component-scoped in the companion ledger, not implied by this edge.
libqtdevices	9c2b9245b139788391ee642808362a1273897cbb	322e172d402d20272a34006e8c04e92f02afe28c	mediaplayer.cpp	b263a48f59471477e6825a08bc4e7a18709d93aa	ea662734c2f5c32e7ad839a008941868a1b04ae2	M	parent_tree_identity	Actual retained-parent file edge; semantic conclusions are component-scoped in the companion ledger, not implied by this edge.
libqtdevices	b00adfac4285b6956c43a97b54505e86a1acd097	aa28c4d78b57907991aaf321a0ed94ba368734be	mediaplayer.cpp	b263a48f59471477e6825a08bc4e7a18709d93aa	ea662734c2f5c32e7ad839a008941868a1b04ae2	M	parent_tree_identity	Actual retained-parent file edge; semantic conclusions are component-scoped in the companion ledger, not implied by this edge.
libqtdevices	66e4936918ec44bebe6b24359a49841191009ea4	8b527b2905f365bdecaf6203a813de0e6949a74f	mediaplayer.cpp	a20d65715587b7394ebbe10b56156a6163fe92cc	b263a48f59471477e6825a08bc4e7a18709d93aa	M	parent_tree_identity	Actual retained-parent file edge; semantic conclusions are component-scoped in the companion ledger, not implied by this edge.
libqtdevices	2ac0abc081f418d89e6d9909f9521fd7f22eee5d	eeb22c7a1687326c4bd3ad0beffb36a4904b8767	mediaplayer.cpp	29f06a6ad6d6dd3ba617b5801da1dd59d4d5b0bd	b263a48f59471477e6825a08bc4e7a18709d93aa	M	parent_tree_identity	Actual retained-parent file edge; semantic conclusions are component-scoped in the companion ledger, not implied by this edge.
libqtdevices	eeb22c7a1687326c4bd3ad0beffb36a4904b8767	7712acd969aaa4b91a87f20efac6484f39f7fa54	mediaplayer.cpp	bcab77d8de860b8db9209d88ecf0c8b28a1c9e44	29f06a6ad6d6dd3ba617b5801da1dd59d4d5b0bd	M	parent_tree_identity	Actual retained-parent file edge; semantic conclusions are component-scoped in the companion ledger, not implied by this edge.
libqtdevices	1bfaf1f7b578da0254e40ceac747bff8558dadaa	43ce408ba7ba0a4f83491670f59cc23a17207035	mediaplayer.cpp	1c886ba4813200207e0bcc4a7325092040e83135	bcab77d8de860b8db9209d88ecf0c8b28a1c9e44	M	parent_tree_identity	Actual retained-parent file edge; semantic conclusions are component-scoped in the companion ledger, not implied by this edge.
libqtdevices	93469fd8093f3d0a4ca63b322a2129e1f58e60c7	170d473cd3c7efcd58c4f6f4741c0e573cba0641	mediaplayer.cpp	1c886ba4813200207e0bcc4a7325092040e83135	bcab77d8de860b8db9209d88ecf0c8b28a1c9e44	M	parent_tree_identity	Actual retained-parent file edge; semantic conclusions are component-scoped in the companion ledger, not implied by this edge.
libqtdevices	9d0c6b2e9ab6bded19e020c2f096338084df0f15	0c2d82885c9af3f64691f53d060b750dc3ed912b	mediaplayer.cpp	227276f1214eff4e55f68430a262c71a9242fb81	1c886ba4813200207e0bcc4a7325092040e83135	M	parent_tree_identity	Actual retained-parent file edge; semantic conclusions are component-scoped in the companion ledger, not implied by this edge.
libqtdevices	fb03259d3ec17fb23a49cd2cd5cb0acadcad3e9e	42c6b239a222eadae2f35857ca0f31b0be8f243d	mediaplayer.cpp	3c600f449b746a8fcad5336b19a57145635ccb4e	1c886ba4813200207e0bcc4a7325092040e83135	M	parent_tree_identity	Actual retained-parent file edge; semantic conclusions are component-scoped in the companion ledger, not implied by this edge.
libqtdevices	fb03259d3ec17fb23a49cd2cd5cb0acadcad3e9e	871fe8964b25e250772f2d3c7137d2859a129044	mediaplayer.cpp	89fbd9ff0988470fa8fedf1b48e03d3490dcd42b	1c886ba4813200207e0bcc4a7325092040e83135	M	parent_tree_identity	Actual retained-parent file edge; semantic conclusions are component-scoped in the companion ledger, not implied by this edge.
libqtdevices	1a8e1adb161eca84a739e302a2c9aab6bf6bd2e2	937d2f06c41d4c59b1e423af0fa1924217c1ffda	mediaplayer.cpp	227276f1214eff4e55f68430a262c71a9242fb81	3c600f449b746a8fcad5336b19a57145635ccb4e	M	parent_tree_identity	Actual retained-parent file edge; semantic conclusions are component-scoped in the companion ledger, not implied by this edge.
libqtdevices	f53102ef0da04f9561016d93b50a3f6a510c56e7	4e86293e15b994214e62abb41a6619bf9a5f492e	mediaplayer.cpp	0ac1d89d041c135f7bbfd93d1a84f541f368bd6a	3c600f449b746a8fcad5336b19a57145635ccb4e	M	parent_tree_identity	Actual retained-parent file edge; semantic conclusions are component-scoped in the companion ledger, not implied by this edge.
libqtdevices	4e86293e15b994214e62abb41a6619bf9a5f492e	c01b0156ba61b47d9e6bb750081a1a7a0fb87fc4	mediaplayer.cpp	227276f1214eff4e55f68430a262c71a9242fb81	0ac1d89d041c135f7bbfd93d1a84f541f368bd6a	M	parent_tree_identity	Actual retained-parent file edge; semantic conclusions are component-scoped in the companion ledger, not implied by this edge.
libqtdevices	8b527b2905f365bdecaf6203a813de0e6949a74f	4b3f964b0fef99344000a5d35b08b6020f833cde	mediaplayer.cpp	2036ee86b6ebc66da21d57dd74a3867560ea1d22	a20d65715587b7394ebbe10b56156a6163fe92cc	M	parent_tree_identity	Actual retained-parent file edge; semantic conclusions are component-scoped in the companion ledger, not implied by this edge.
libqtdevices	d35a6afc63dc7e5da049d606a0d8407f6cd4205e	c5110539e35ea4ff2f5d68e36feb27f12988ca67	mediaplayer.cpp	a20d65715587b7394ebbe10b56156a6163fe92cc	227276f1214eff4e55f68430a262c71a9242fb81	M	parent_tree_identity	Actual retained-parent file edge; semantic conclusions are component-scoped in the companion ledger, not implied by this edge.
libqtdevices	e40a72f63f2c190b223f9b8c2b47a6e026925897	aff55995387ec423a7795b15a950584c4c5d4f89	mediaplayer.cpp	c257c0eb988ba19a590344516f8e63c692e093ce	a20d65715587b7394ebbe10b56156a6163fe92cc	M	parent_tree_identity	Actual retained-parent file edge; semantic conclusions are component-scoped in the companion ledger, not implied by this edge.
libqtdevices	18580f6114ce897c37e6bcf740e3a393c0769406	67d45c7eb6596bdccd252c6240b698b4b9270b77	mediaplayer.cpp	1349dd3b3649664ced6a2c8bf0d07b9775222329	c257c0eb988ba19a590344516f8e63c692e093ce	M	parent_tree_identity	Actual retained-parent file edge; semantic conclusions are component-scoped in the companion ledger, not implied by this edge.
libqtdevices	67d45c7eb6596bdccd252c6240b698b4b9270b77	889999a39f1e9d929c883edee692874ad5fea4bf	mediaplayer.cpp	e3ead38e1577df2183ac94ab289c474231c9ed0a	1349dd3b3649664ced6a2c8bf0d07b9775222329	M	parent_tree_identity	Actual retained-parent file edge; semantic conclusions are component-scoped in the companion ledger, not implied by this edge.
libqtdevices	7524506fb08206a7ffd934ae59b33f3d7dffbee9	7e50098383fd73ae8958364344ab6cb5c4db6155	mediaplayer.cpp	a228a027a73fad39a4fafb6d4baed83f8c9be7db	89fbd9ff0988470fa8fedf1b48e03d3490dcd42b	M	parent_tree_identity	Actual retained-parent file edge; semantic conclusions are component-scoped in the companion ledger, not implied by this edge.
libqtdevices	ccf1f400d71e6e29c17aa43463b32be2c12cd686	6b4f323598a60c141005eaa6c5cbe6f37ce4c042	mediaplayer.cpp	2036ee86b6ebc66da21d57dd74a3867560ea1d22	e3ead38e1577df2183ac94ab289c474231c9ed0a	M	parent_tree_identity	Actual retained-parent file edge; semantic conclusions are component-scoped in the companion ledger, not implied by this edge.
libqtdevices	4b3f964b0fef99344000a5d35b08b6020f833cde	15cc68fa659b7001cd54b983a18651fe3f98544b	mediaplayer.cpp	4efb6bc2e111e9ec4c45e81fc80974622f39632b	2036ee86b6ebc66da21d57dd74a3867560ea1d22	M	parent_tree_identity	Actual retained-parent file edge; semantic conclusions are component-scoped in the companion ledger, not implied by this edge.
libqtdevices	c136d36393dad2121c88380199ce0e4400a20d48	6a73906003bf55af90c73cebc2fc509fea373239	mediaplayer.cpp	4efb6bc2e111e9ec4c45e81fc80974622f39632b	2036ee86b6ebc66da21d57dd74a3867560ea1d22	M	parent_tree_identity	Actual retained-parent file edge; semantic conclusions are component-scoped in the companion ledger, not implied by this edge.
libqtdevices	15cc68fa659b7001cd54b983a18651fe3f98544b	96a20071733fee55f89d96c255f0e195b45bb515	mediaplayer.cpp	0000000000000000000000000000000000000000	4efb6bc2e111e9ec4c45e81fc80974622f39632b	A	parent_tree_identity	Actual retained-parent file edge; semantic conclusions are component-scoped in the companion ledger, not implied by this edge.
libqtdevices	3f0e9d6bbe9cdb89368c2561cceab6a8613b0adb	06ba39a8950038d965f0bb6e0ab9057fe18917db	mediaplayer.cpp	148e90423dbb722354baaf5da2abeb12f97abf53	4efb6bc2e111e9ec4c45e81fc80974622f39632b	M	parent_tree_identity	Actual retained-parent file edge; semantic conclusions are component-scoped in the companion ledger, not implied by this edge.
libqtdevices	06ba39a8950038d965f0bb6e0ab9057fe18917db	fb1d2fb80eefc52f787c3fc1c1efe4ad8fc0f70c	mediaplayer.cpp	1c79b91502a0763461a8eb334b861d7a1a52a7b2	148e90423dbb722354baaf5da2abeb12f97abf53	M	parent_tree_identity	Actual retained-parent file edge; semantic conclusions are component-scoped in the companion ledger, not implied by this edge.
libqtdevices	fb1d2fb80eefc52f787c3fc1c1efe4ad8fc0f70c	ae129e5573e664c0ebfc90d36b72782b81e3d048	mediaplayer.cpp	a228a027a73fad39a4fafb6d4baed83f8c9be7db	1c79b91502a0763461a8eb334b861d7a1a52a7b2	M	parent_tree_identity	Actual retained-parent file edge; semantic conclusions are component-scoped in the companion ledger, not implied by this edge.
libqtdevices	79e92d2d43bd893ce9af5f3234b75830144c7aca	-	mediaplayer.cpp	0000000000000000000000000000000000000000	a228a027a73fad39a4fafb6d4baed83f8c9be7db	A	parent_tree_identity	Actual retained-parent file edge; semantic conclusions are component-scoped in the companion ledger, not implied by this edge.
