component_id	repository	source_commit	path	blob	content_sha256	component	normalized_component_sha256	normalized_assertion_identities	comparison_component	comparison_view_anchor	prior_semantic_review	endpoint_scope	review_method	disposition	canonical_page	review_basis
C0000	libqtdevices	09130e97004c0ad339986598e52b2591e486093b	test/test_main.cpp	fae21f419062475a9061fade74f997020f282374	5fe38610713002201e9688ac55ea8397d9e86db42de08d063ab0bf16fcc2ce77	main	51cd9a7f011c1e6c56ecabc67f6a87afc1dbd6b292ba836773b68ade5f8c5d7b	-	-	-	-	intermediate-component	consumer-field-comparison	excluded	-	Selected matching fields and nearby lines compared; unrelated temperature/audio/test-registration or generic factory fields are scope evidence, not full semantic review; no new CEN/CEN+ wire rule
C0001	libqtdevices	736f41c4df17d8782f15b441c59bdf72a56f56ed	test/test_main.cpp	c2c49a89bae2128c860f0158b7e4baaf52804d84	676cfaab9e1b0901ca00cc20f535af4797d3790307dc76b96f5fd0a4ec5e9a9c	main	a153e68385a6dae962e230887c6c8054adc6fc10656a0b72d30cf44305af872d	-	C0000	C0000	-	present-at-pinned-endpoint	consumer-field-comparison	excluded	-	Selected matching fields and nearby lines compared; unrelated temperature/audio/test-registration or generic factory fields are scope evidence, not full semantic review; no new CEN/CEN+ wire rule
C0002	libqtdevices	d7711067fc7969086325f080ea1d13a61c31ff16	test/test_main.cpp	1dd5e4904ab2dd29b4f2e4fece32f5010b168d5c	99751119f24b972875daabf7b921f625bced6e9b9575808fe904fde2858f1d87	main	cdf2917e81f7322e0f2c8c994aeea20304cb011ad35fed1d94e1e6127135923d	-	C0001	C0000	-	intermediate-component	consumer-field-comparison	excluded	-	Selected matching fields and nearby lines compared; unrelated temperature/audio/test-registration or generic factory fields are scope evidence, not full semantic review; no new CEN/CEN+ wire rule
C0003	libqtdevices	20b67275c780d5d0d4643ef446eabe6ad28877e5	automation.cpp	0df0ef4ec45c098f3def555d72b7d08a0b467634	8727a3407fb70ab28aebbe6b43029651edef711e23c51003cee9d1bdb6103c66	Automation::getBanner	fcd2af15cb02282e39348f809ec0e41c7de1aa270d09446883a5f6f3e12aa8bb	Q_ASSERT_X[1]:41df64dd241fcc037fb9839a8b2f647ce6806d81f16a39becec978c904411219	-	-	-	intermediate-component	full-component-comparison	excluded	functional/who-25-transversal/dry-contact-ir.md	Intermediate/removed client variant excluded as current/deployed rule; Complete factory/loader body compared for contact WHO25 and ScenarioPlus delegates or configured WHO15 actions; product/build selectors, conditional legacy assembly and delimiter concatenation do not define wire address capacities; unrelated factory branches add no new claim; repository revisions do not identify Firmware generations
C0004	libqtdevices	20b67275c780d5d0d4643ef446eabe6ad28877e5	automation.cpp	0df0ef4ec45c098f3def555d72b7d08a0b467634	8727a3407fb70ab28aebbe6b43029651edef711e23c51003cee9d1bdb6103c66	outside	223ba905e5a547ec958445cdb40ecd688d18f1d3fd4a2aba2aa33d83aff9ff26	-	-	-	-	intermediate-component	declaration/scope-screen	excluded	-	Matching declarations/enums/XML/build fields compared; metadata IDs, image labels, fixture addresses and comment-only range/timing statements do not independently establish wire operations or physical behavior; constants checked with executable delegates separately
C0005	libqtdevices	20b67275c780d5d0d4643ef446eabe6ad28877e5	automation.h	58dd4d06bd582b8b26cd9b3e7d360ad39e97bc11	1fdd4c849d5921f985cb89a40b754105385f87d24eaba5bd85fb839af5270d7b	outside	2b18bb8ce147a1938d23171d5c1d51b34753393a6de3271ffeabb24cb1a63cdd	-	-	-	-	intermediate-component	declaration/scope-screen	excluded	-	Matching declarations/enums/XML/build fields compared; metadata IDs, image labels, fixture addresses and comment-only range/timing statements do not independently establish wire operations or physical behavior; constants checked with executable delegates separately
C0006	libqtdevices	07938c30fb5318ee28a26770155040687c134014	automation_device.cpp	77ac8b0d7dd10868d46970abe7a1db792680822c	18f6c89652b59bee2a9562356b07400566f5ef04efd7ccd48e41c897b183fe48	PPTStatDevice::PPTStatDevice	065159c6d293e59dc62b46ce7b7730927afe6655ef63402e04761141cae3dfc4	-	-	-	-	present-at-pinned-endpoint	full-component-comparison	corroborates	functional/who-25-transversal/dry-contact-ir.md	WHO 25 contact query/receipt, 31 closed and 32 open; numeric address matching, local bool and UI initialization/change notification scoped to client; no route/range, IR inversion or wire DIMENSION inference
C0007	libqtdevices	07938c30fb5318ee28a26770155040687c134014	automation_device.cpp	77ac8b0d7dd10868d46970abe7a1db792680822c	18f6c89652b59bee2a9562356b07400566f5ef04efd7ccd48e41c897b183fe48	PPTStatDevice::init	796a32a71003b7e8ddb71929147e8c8e4f92a31d7cb4af750052fffe12224412	-	-	-	-	present-at-pinned-endpoint	full-component-comparison	corroborates	functional/who-25-transversal/dry-contact-ir.md	WHO 25 contact query/receipt, 31 closed and 32 open; numeric address matching, local bool and UI initialization/change notification scoped to client; no route/range, IR inversion or wire DIMENSION inference
C0008	libqtdevices	07938c30fb5318ee28a26770155040687c134014	automation_device.cpp	77ac8b0d7dd10868d46970abe7a1db792680822c	18f6c89652b59bee2a9562356b07400566f5ef04efd7ccd48e41c897b183fe48	PPTStatDevice::requestStatus	7006a40cb63e34c033addf9b72129a4b77025e9d0763d38d42648dd186508005	-	-	-	-	present-at-pinned-endpoint	full-component-comparison	corroborates	functional/who-25-transversal/dry-contact-ir.md	WHO 25 contact query/receipt, 31 closed and 32 open; numeric address matching, local bool and UI initialization/change notification scoped to client; no route/range, IR inversion or wire DIMENSION inference
C0009	libqtdevices	07938c30fb5318ee28a26770155040687c134014	automation_device.cpp	77ac8b0d7dd10868d46970abe7a1db792680822c	18f6c89652b59bee2a9562356b07400566f5ef04efd7ccd48e41c897b183fe48	PPTStatDevice::parseFrame	6f18ad5548cda084454fbd4efddb8e9ba4a095faf36f13315aa649262486bf7a	-	-	-	-	present-at-pinned-endpoint	full-component-comparison	incorporated	functional/who-25-transversal/dry-contact-ir.md	WHO 25 contact query/receipt, 31 closed and 32 open; numeric address matching, local bool and UI initialization/change notification scoped to client; no route/range, IR inversion or wire DIMENSION inference
C0010	libqtdevices	07938c30fb5318ee28a26770155040687c134014	automation_device.h	6808b0596578b34beebfea594f6cb08871a35ad1	fad33741b0afa0ea2889029b68b5e2bc7b12d7a5f04d9c69bfb781e6007cc358	outside	14cd6b6abab693606abb9a9638bd8e71780a4cfc6ab99e5c550ebfd81ff3ad22	-	-	-	-	present-at-pinned-endpoint	declaration/scope-screen	excluded	-	Matching declarations/enums/XML/build fields compared; metadata IDs, image labels, fixture addresses and comment-only range/timing statements do not independently establish wire operations or physical behavior; constants checked with executable delegates separately
C0011	libqtdevices	20b67275c780d5d0d4643ef446eabe6ad28877e5	bann_automation.cpp	920d08d4b7166ee95f3e2f1aa957c0e1d2647dab	76c31c45279304f8c2b242b61a7dd90bc51eba3c95cccee909c4d11ef27b7bb3	PPTStat::PPTStat	799eccd22ea0b3927a66e4713cdb912a23c51250a5e72d16bde7b6750bf4061c	-	-	-	-	intermediate-component	full-component-comparison	excluded	functional/who-25-transversal/dry-contact-ir.md	Intermediate/removed client variant excluded as current/deployed rule; WHO 25 contact query/receipt, 31 closed and 32 open; numeric address matching, local bool and UI initialization/change notification scoped to client; no route/range, IR inversion or wire DIMENSION inference; repository revisions do not identify Firmware generations
C0012	libqtdevices	20b67275c780d5d0d4643ef446eabe6ad28877e5	bann_automation.cpp	920d08d4b7166ee95f3e2f1aa957c0e1d2647dab	76c31c45279304f8c2b242b61a7dd90bc51eba3c95cccee909c4d11ef27b7bb3	PPTStat::valueReceived	7a76278d47f3ae71b925f84d63317cbc188a115b16dc1757132772128b33295b	-	-	-	-	intermediate-component	full-component-comparison	excluded	functional/who-25-transversal/dry-contact-ir.md	Intermediate/removed client variant excluded as current/deployed rule; WHO 25 contact query/receipt, 31 closed and 32 open; numeric address matching, local bool and UI initialization/change notification scoped to client; no route/range, IR inversion or wire DIMENSION inference; repository revisions do not identify Firmware generations
C0013	libqtdevices	20b67275c780d5d0d4643ef446eabe6ad28877e5	bann_automation.h	335e14f56624413d17b8b2677c954d8b4acd27a1	b5cfa9ec945b458b928afd5a5ad3930819843de7e7d9932e0efbc402acba3866	outside	578bb25b46ebaf2fee4f9077d94c0ced29850da68fa9da3c8cd24f7c2add6709	-	-	-	-	intermediate-component	declaration/scope-screen	excluded	-	Matching declarations/enums/XML/build fields compared; metadata IDs, image labels, fixture addresses and comment-only range/timing statements do not independently establish wire operations or physical behavior; constants checked with executable delegates separately
C0014	libqtdevices	20b67275c780d5d0d4643ef446eabe6ad28877e5	bann_scenario.cpp	8bd9b360f08f0daa3fdcdad4a597dca075b8c945	762c59f6bef49f2c1e44cf5a4fe2745a72356a37aacbfa567f3d1d109c5782e8	ScenarioPlus::ScenarioPlus	c2bf5c9f9d488ceb1903142a6c758b03483a1e8d90be81cce15a1367a4465c07	-	-	-	-	intermediate-component	full-component-comparison	incorporated	functional/who-25-transversal/README.md	Earlier ScenarioPlus controller at 20b67275c780d5d0d4643ef446eabe6ad28877e5 incorporated only as historical application press/repeat/release behavior; not present at TS10 endpoint; WHO 25 11..15 writers and press/repeat/release controller; one-second timer and stop callbacks are client behavior, not CEN+ long-press timing, physical step domain or device feedback
C0015	libqtdevices	20b67275c780d5d0d4643ef446eabe6ad28877e5	bann_scenario.cpp	8bd9b360f08f0daa3fdcdad4a597dca075b8c945	762c59f6bef49f2c1e44cf5a4fe2745a72356a37aacbfa567f3d1d109c5782e8	ScenarioPlus::startIncrease	9c5f056999cdc37769144b30590fff27f44eb483a445e25f8f76caaacf0e7d1c	-	-	-	-	intermediate-component	full-component-comparison	incorporated	functional/who-25-transversal/README.md	Earlier ScenarioPlus controller at 20b67275c780d5d0d4643ef446eabe6ad28877e5 incorporated only as historical application press/repeat/release behavior; not present at TS10 endpoint; WHO 25 11..15 writers and press/repeat/release controller; one-second timer and stop callbacks are client behavior, not CEN+ long-press timing, physical step domain or device feedback
C0016	libqtdevices	20b67275c780d5d0d4643ef446eabe6ad28877e5	bann_scenario.cpp	8bd9b360f08f0daa3fdcdad4a597dca075b8c945	762c59f6bef49f2c1e44cf5a4fe2745a72356a37aacbfa567f3d1d109c5782e8	ScenarioPlus::startDecrease	b861569bba00413209893073590d8b720aa3cbfdb56216b0011a52a565e6b6e9	-	-	-	-	intermediate-component	full-component-comparison	incorporated	functional/who-25-transversal/README.md	Earlier ScenarioPlus controller at 20b67275c780d5d0d4643ef446eabe6ad28877e5 incorporated only as historical application press/repeat/release behavior; not present at TS10 endpoint; WHO 25 11..15 writers and press/repeat/release controller; one-second timer and stop callbacks are client behavior, not CEN+ long-press timing, physical step domain or device feedback
C0017	libqtdevices	20b67275c780d5d0d4643ef446eabe6ad28877e5	bann_scenario.cpp	8bd9b360f08f0daa3fdcdad4a597dca075b8c945	762c59f6bef49f2c1e44cf5a4fe2745a72356a37aacbfa567f3d1d109c5782e8	ScenarioPlus::timerEvent	148f6f69f30ff82720cafcc295e06b71a4c0ebec34e18659887a26c505bbc7eb	-	-	-	-	intermediate-component	full-component-comparison	incorporated	functional/who-25-transversal/README.md	Earlier ScenarioPlus controller at 20b67275c780d5d0d4643ef446eabe6ad28877e5 incorporated only as historical application press/repeat/release behavior; not present at TS10 endpoint; WHO 25 11..15 writers and press/repeat/release controller; one-second timer and stop callbacks are client behavior, not CEN+ long-press timing, physical step domain or device feedback
C0018	libqtdevices	20b67275c780d5d0d4643ef446eabe6ad28877e5	bann_scenario.cpp	8bd9b360f08f0daa3fdcdad4a597dca075b8c945	762c59f6bef49f2c1e44cf5a4fe2745a72356a37aacbfa567f3d1d109c5782e8	ScenarioPlus::stop	516e7c374881c911400b67fb844daba270c241b7057d71f831835250b4999240	-	-	-	-	intermediate-component	full-component-comparison	incorporated	functional/who-25-transversal/README.md	Earlier ScenarioPlus controller at 20b67275c780d5d0d4643ef446eabe6ad28877e5 incorporated only as historical application press/repeat/release behavior; not present at TS10 endpoint; WHO 25 11..15 writers and press/repeat/release controller; one-second timer and stop callbacks are client behavior, not CEN+ long-press timing, physical step domain or device feedback
C0019	libqtdevices	20b67275c780d5d0d4643ef446eabe6ad28877e5	bann_scenario.cpp	8bd9b360f08f0daa3fdcdad4a597dca075b8c945	762c59f6bef49f2c1e44cf5a4fe2745a72356a37aacbfa567f3d1d109c5782e8	outside	71cb85a2a67fcfea411ad39e22be1e5a5b93141973fcae00f9d88dbe1391bfde	-	-	-	-	intermediate-component	declaration/scope-screen	excluded	-	Matching declarations/enums/XML/build fields compared; metadata IDs, image labels, fixture addresses and comment-only range/timing statements do not independently establish wire operations or physical behavior; constants checked with executable delegates separately
C0020	libqtdevices	20b67275c780d5d0d4643ef446eabe6ad28877e5	bann_scenario.h	e543a60b2416becb6a5f708cbf66415d7cb5c20c	957f78e8825a88881968a2983dfe2ce97a9f31aa8e7276d921a860c715918fb5	outside	96b81ed57d2be8ffd23d6976329117c616c4544d0cd584268a250bd8e01f47b2	-	-	-	-	intermediate-component	declaration/scope-screen	excluded	-	Matching declarations/enums/XML/build fields compared; metadata IDs, image labels, fixture addresses and comment-only range/timing statements do not independently establish wire operations or physical behavior; constants checked with executable delegates separately
C0021	libqtdevices	07938c30fb5318ee28a26770155040687c134014	device.cpp	2f82278953d857d71f286d027347eac5b7a3d44c	d7f3082b002ca1d553740fd3eecf7a8ef70405293de60959440cf35e5bbe5f44	device::device	1f290287425c340ca13cd695a41ef484595ad60b32a8ef0e6d8eb0dcee6a3085	-	-	-	-	present-at-pinned-endpoint	consumer-field-comparison	excluded	-	Selected matching fields and nearby lines compared; unrelated temperature/audio/test-registration or generic factory fields are scope evidence, not full semantic review; no new CEN/CEN+ wire rule
C0022	libqtdevices	07938c30fb5318ee28a26770155040687c134014	device.cpp	2f82278953d857d71f286d027347eac5b7a3d44c	d7f3082b002ca1d553740fd3eecf7a8ef70405293de60959440cf35e5bbe5f44	device::manageFrame	9d2a64b49ca0a646287d4dbedf0d766f68630b01ad23707567bbea7c6dab600b	-	-	-	auxiliary:U0007	present-at-pinned-endpoint	prior-semantic-review-reuse	corroborates	functional/who-9-auxiliaries/README.md	Exact semantic body reused from auxiliary review U0007; same original behavior, not independent corroboration or a new whole-file verdict
C0023	libqtdevices	20b67275c780d5d0d4643ef446eabe6ad28877e5	devices/scenario_device.cpp	ad5c924604507df345c0c8f5cbffe781544f7ba2	76a88ff7538453d9e2bf37ac3adaed24e9fb6c83b7dd2efa7eb2e5f5d7e8232b	ScenarioPlusDevice::ScenarioPlusDevice	02d580b4639a0f0867b907623660d9045d132afb3a9a460f002ecd5a5e1d0398	-	-	-	-	present-at-pinned-endpoint	full-component-comparison	corroborates	functional/who-25-transversal/README.md	WHO 25 11..15 writers and press/repeat/release controller; one-second timer and stop callbacks are client behavior, not CEN+ long-press timing, physical step domain or device feedback
C0024	libqtdevices	20b67275c780d5d0d4643ef446eabe6ad28877e5	devices/scenario_device.cpp	ad5c924604507df345c0c8f5cbffe781544f7ba2	76a88ff7538453d9e2bf37ac3adaed24e9fb6c83b7dd2efa7eb2e5f5d7e8232b	ScenarioPlusDevice::turnOn	f0b9750d73c49127fea1b64f0c1233ef1f0c989fd008d7176db651db178420d0	-	-	-	-	present-at-pinned-endpoint	full-component-comparison	corroborates	functional/who-25-transversal/README.md	WHO 25 11..15 writers and press/repeat/release controller; one-second timer and stop callbacks are client behavior, not CEN+ long-press timing, physical step domain or device feedback
C0025	libqtdevices	20b67275c780d5d0d4643ef446eabe6ad28877e5	devices/scenario_device.cpp	ad5c924604507df345c0c8f5cbffe781544f7ba2	76a88ff7538453d9e2bf37ac3adaed24e9fb6c83b7dd2efa7eb2e5f5d7e8232b	ScenarioPlusDevice::turnOff	9a28b40b995b7e8e40ccb18e9c195ca7ba8264a03f60c4bb7d0de7e2f3149970	-	-	-	-	present-at-pinned-endpoint	full-component-comparison	corroborates	functional/who-25-transversal/README.md	WHO 25 11..15 writers and press/repeat/release controller; one-second timer and stop callbacks are client behavior, not CEN+ long-press timing, physical step domain or device feedback
C0026	libqtdevices	20b67275c780d5d0d4643ef446eabe6ad28877e5	devices/scenario_device.cpp	ad5c924604507df345c0c8f5cbffe781544f7ba2	76a88ff7538453d9e2bf37ac3adaed24e9fb6c83b7dd2efa7eb2e5f5d7e8232b	ScenarioPlusDevice::increase	4f950c421ca53f63d472ab29432a196010f9373a49eebd4904cb4a1985a76158	-	-	-	-	present-at-pinned-endpoint	full-component-comparison	corroborates	functional/who-25-transversal/README.md	WHO 25 11..15 writers and press/repeat/release controller; one-second timer and stop callbacks are client behavior, not CEN+ long-press timing, physical step domain or device feedback
C0027	libqtdevices	20b67275c780d5d0d4643ef446eabe6ad28877e5	devices/scenario_device.cpp	ad5c924604507df345c0c8f5cbffe781544f7ba2	76a88ff7538453d9e2bf37ac3adaed24e9fb6c83b7dd2efa7eb2e5f5d7e8232b	ScenarioPlusDevice::decrease	e6cc367f6996866540f7c260bdb041a6e0e1ce0ccfeaa2a6052f4c3d4818754b	-	-	-	-	present-at-pinned-endpoint	full-component-comparison	corroborates	functional/who-25-transversal/README.md	WHO 25 11..15 writers and press/repeat/release controller; one-second timer and stop callbacks are client behavior, not CEN+ long-press timing, physical step domain or device feedback
C0028	libqtdevices	20b67275c780d5d0d4643ef446eabe6ad28877e5	devices/scenario_device.cpp	ad5c924604507df345c0c8f5cbffe781544f7ba2	76a88ff7538453d9e2bf37ac3adaed24e9fb6c83b7dd2efa7eb2e5f5d7e8232b	ScenarioPlusDevice::stop	ffa57ae5c6fdd49c0b92c7ca00747da9315502208b7fe017f9b66dae13fb67d4	-	-	-	-	present-at-pinned-endpoint	full-component-comparison	corroborates	functional/who-25-transversal/README.md	WHO 25 11..15 writers and press/repeat/release controller; one-second timer and stop callbacks are client behavior, not CEN+ long-press timing, physical step domain or device feedback
C0029	libqtdevices	20b67275c780d5d0d4643ef446eabe6ad28877e5	devices/scenario_device.h	e28c6ee87b0591044837cad81c4e9cdc092cb87c	f16902005e49a13e44c6f043afdc25b2b0d9ce753c2489772bdd5cdfadae03cf	outside	abcea4cfaceb4d02827ed8ba45c858f23932db00008ecf41a86bb211d8c97e66	-	-	-	-	present-at-pinned-endpoint	declaration/scope-screen	excluded	-	Matching declarations/enums/XML/build fields compared; metadata IDs, image labels, fixture addresses and comment-only range/timing statements do not independently establish wire operations or physical behavior; constants checked with executable delegates separately
C0030	libqtdevices	20b67275c780d5d0d4643ef446eabe6ad28877e5	devices/test/test_automation_device.cpp	95cfc6a096d3df89c4761befb779ab2080c5f579	48c0bce642d10df58361ae6063e38e83022e4a5143a8a689b0b88aec624dc9df	TestPPTStatDevice::initTestCase	574241c0392683ecb3ca9c6c5fb6f6447e80a96c267f15935da9c2678fa51a2e	-	-	-	-	present-at-pinned-endpoint	full-component-comparison	excluded	functional/who-25-transversal/dry-contact-ir.md	Lifecycle/test scaffolding contains no independent wire assertion
C0031	libqtdevices	20b67275c780d5d0d4643ef446eabe6ad28877e5	devices/test/test_automation_device.cpp	95cfc6a096d3df89c4761befb779ab2080c5f579	48c0bce642d10df58361ae6063e38e83022e4a5143a8a689b0b88aec624dc9df	TestPPTStatDevice::cleanupTestCase	7562f54fd7ff973bf4a4bbbdbd3419081257835b87349d159383aecce8e10b83	-	-	-	-	present-at-pinned-endpoint	full-component-comparison	excluded	functional/who-25-transversal/dry-contact-ir.md	Lifecycle/test scaffolding contains no independent wire assertion
C0032	libqtdevices	20b67275c780d5d0d4643ef446eabe6ad28877e5	devices/test/test_automation_device.cpp	95cfc6a096d3df89c4761befb779ab2080c5f579	48c0bce642d10df58361ae6063e38e83022e4a5143a8a689b0b88aec624dc9df	TestPPTStatDevice::sendRequestStatus	1d6eaa5c7eaf65fd844c499de6aeabc057a4e53b265e73a6c31caf8400a9c3dc	QCOMPARE[1]:b3f91ed456d0afe705d0901448d67498913f01380052ca455fa7c9286c563906	-	-	-	present-at-pinned-endpoint	full-component-comparison	corroborates	functional/who-25-transversal/dry-contact-ir.md	WHO 25 contact query/receipt, 31 closed and 32 open; numeric address matching, local bool and UI initialization/change notification scoped to client; no route/range, IR inversion or wire DIMENSION inference
C0033	libqtdevices	20b67275c780d5d0d4643ef446eabe6ad28877e5	devices/test/test_automation_device.cpp	95cfc6a096d3df89c4761befb779ab2080c5f579	48c0bce642d10df58361ae6063e38e83022e4a5143a8a689b0b88aec624dc9df	TestPPTStatDevice::receiveStatus	d9ffee5a9f6e6738b35b170129d97eaecd027f9adf534bef12932a1bc8ef571b	check[1]:334db31ab7e9c234e5195eaedf89ec6df968212c5d405717796b580dabf9e4e8;check[2]:216e420c3e5b6024bab698bfffa1883c23c8beb99407b5a689232baeaab605c2;check[3]:ac8bd0c663106eecf676987bb3a4bb3de0a8502509a5ef27e91ca2f4979898c9;check[4]:026fe8164f18de6ca40f7585433563adbc2cc744942256f5cb2d4ccf5703704f;checkSignals[5]:256e9b35a7c16e60fcff44a76d4173745a42c52292bc3539df830b0efebe4689	-	-	-	present-at-pinned-endpoint	full-component-comparison	incorporated	functional/who-25-transversal/dry-contact-ir.md	WHO 25 contact query/receipt, 31 closed and 32 open; numeric address matching, local bool and UI initialization/change notification scoped to client; no route/range, IR inversion or wire DIMENSION inference
C0034	libqtdevices	20b67275c780d5d0d4643ef446eabe6ad28877e5	devices/test/test_automation_device.h	7e803f936117290b68c1b0532931a0b0b2717283	400db38fa120b652299b72db7b0d6ec5401068cb056c60edcc2c78168e077454	outside	ad0166343275474e0d15763470e97d1f4a7b0dc2e0151039c94e900260973fec	-	-	-	-	present-at-pinned-endpoint	declaration/scope-screen	excluded	-	Matching declarations/enums/XML/build fields compared; metadata IDs, image labels, fixture addresses and comment-only range/timing statements do not independently establish wire operations or physical behavior; constants checked with executable delegates separately
C0035	libqtdevices	20b67275c780d5d0d4643ef446eabe6ad28877e5	scenario.cpp	ab3db25aa0a9f3ef964a75aaa9ae0a60c0492d1c	5a9fe06eb1187c2c7486f7132d2b5847a8442c48d5550d327e863276613ecfc1	Scenario::getBanner	93573576f5be37f4ea6c4813913a2f442f08b148d9bb659710460252746795a0	-	-	-	-	intermediate-component	full-component-comparison	excluded	functional/who-15-cen/README.md	Intermediate/removed client variant excluded as current/deployed rule; Complete factory/loader body compared for contact WHO25 and ScenarioPlus delegates or configured WHO15 actions; product/build selectors, conditional legacy assembly and delimiter concatenation do not define wire address capacities; unrelated factory branches add no new claim; repository revisions do not identify Firmware generations
C0036	libqtdevices	20b67275c780d5d0d4643ef446eabe6ad28877e5	scenario.cpp	ab3db25aa0a9f3ef964a75aaa9ae0a60c0492d1c	5a9fe06eb1187c2c7486f7132d2b5847a8442c48d5550d327e863276613ecfc1	outside	58882e341264f08696ef4416365b15e60f8d0b299638d31a26c7f212328cf43f	-	-	-	-	intermediate-component	declaration/scope-screen	excluded	-	Matching declarations/enums/XML/build fields compared; metadata IDs, image labels, fixture addresses and comment-only range/timing statements do not independently establish wire operations or physical behavior; constants checked with executable delegates separately
C0037	libqtdevices	20b67275c780d5d0d4643ef446eabe6ad28877e5	scenario.h	3f7f357830b675f978933993a9d90ebdce2b13f9	2cfe5e2c6f4012072ab168274562496a0941732a313f18fafa8e0705429ebb53	outside	7a146521148a357af7417d070d6153abce482a36f3ec5b29e22c4707f742ee0b	-	-	-	-	intermediate-component	declaration/scope-screen	excluded	-	Matching declarations/enums/XML/build fields compared; metadata IDs, image labels, fixture addresses and comment-only range/timing statements do not independently establish wire operations or physical behavior; constants checked with executable delegates separately
C0038	libqtdevices	20b67275c780d5d0d4643ef446eabe6ad28877e5	test/test_clientwriter.cpp	17aa3807091ff4f8ec70067c9ecbe8a39d2ca1e9	d810ff79d1413e8a31bb413f5501408b699252176fe327059ad537fae761a8c4	TestClientWriter::testDuplicates	326f98d65c72ba7899ee8ec9aa931ba24469a95aceef30828adaed66bb210703	QCOMPARE[1]:8cd0bdfc24154b4dc244e3a05727ca27403d0e239d9af4a0b1c05ae28038bfa2	-	-	-	present-at-pinned-endpoint	consumer-field-comparison	excluded	-	Selected matching fields and nearby lines compared; unrelated temperature/audio/test-registration or generic factory fields are scope evidence, not full semantic review; no new CEN/CEN+ wire rule
C0039	libqtdevices	20b67275c780d5d0d4643ef446eabe6ad28877e5	test/test_scenevodevicescond.cpp	75b408b9a8f78728a36039234ea9475454b6cc4d	bcfe8d10c3bcd6489510458122778ea5fcdabd77e19542cbd750f6e206da2e57	TestScenEvoDevicesCond::testExternalTemperature1	f87b4b6553abe355982db1151ef9b5ba219a799748b0a86878908468293d3a38	checkCondition[1]:99c738d772331f269d4de4205583bcbc98cd50160581c88b87a7b742a7e65dad;checkCondition[2]:3d068393fad3ed0a074c0372874c6974370034777a2e3080a12083076bff1017;checkCondition[3]:99c738d772331f269d4de4205583bcbc98cd50160581c88b87a7b742a7e65dad;checkCondition[4]:67fe963ff0cd5075cdded913f7f53a4acc05776952aad127bacae12236a090c4	-	-	scenario:S0356	present-at-pinned-endpoint	prior-semantic-review-reuse	corroborates	scenario-engine/execution-model.md	Exact semantic body reused from scenario review S0356; same original behavior, not independent corroboration or a new whole-file verdict
C0040	libqtdevices	20b67275c780d5d0d4643ef446eabe6ad28877e5	test/test_scenevodevicescond.cpp	75b408b9a8f78728a36039234ea9475454b6cc4d	bcfe8d10c3bcd6489510458122778ea5fcdabd77e19542cbd750f6e206da2e57	TestScenEvoDevicesCond::testExternalTemperature2	e1d346551d267617b643e94359a85426669f9023c6ec90ff7986c214b523fc8c	checkCondition[1]:a9c0885df21ed0336dd3488531d05a82f9ad13b836578c72e92dba1ff2ba5c52;checkCondition[2]:92627a26dde26ef6d49faf8f024f6f5ad2f4888886b0924719a31f353fa74534;checkCondition[3]:8a16db58d561137b5802ac3a2f6647c5689d9b067fef635d8814000edd447f84;checkCondition[4]:335e15661f58b12602b65f893e836efc5140cc7f35698de8f904aef3a31faa32;checkCondition[5]:2ad195f1b51bf2a7609ba5772ae60ce9f3f47b7ac553e3b40b09b548b274085a	-	-	scenario:S0357	present-at-pinned-endpoint	prior-semantic-review-reuse	corroborates	scenario-engine/execution-model.md	Exact semantic body reused from scenario review S0357; same original behavior, not independent corroboration or a new whole-file verdict
C0041	libqtdevices	20b67275c780d5d0d4643ef446eabe6ad28877e5	test/test_scenevodevicescond.cpp	75b408b9a8f78728a36039234ea9475454b6cc4d	bcfe8d10c3bcd6489510458122778ea5fcdabd77e19542cbd750f6e206da2e57	TestScenEvoDevicesCond::testExternalTemperature3	e8195e119874602d049562f787285059932a158ca823c36f0aa3502ddffcf305	checkCondition[1]:8aa2ba659dbb95bb99be37b3910a5e858ac6560cbf0fb089374b2193b66452e2;checkCondition[2]:5d3f56747247127b662a4feb9de8289fd1fa44aad75ff197362cbb5fa4b9cd9a;checkCondition[3]:dd385b30ba898883351a7f14ed2264772a6426039d37ceb25fc52856563f247d;checkCondition[4]:3d068393fad3ed0a074c0372874c6974370034777a2e3080a12083076bff1017	-	-	scenario:S0358	present-at-pinned-endpoint	prior-semantic-review-reuse	corroborates	scenario-engine/execution-model.md	Exact semantic body reused from scenario review S0358; same original behavior, not independent corroboration or a new whole-file verdict
C0042	libqtdevices	20b67275c780d5d0d4643ef446eabe6ad28877e5	test/test_scenevodevicescond.cpp	75b408b9a8f78728a36039234ea9475454b6cc4d	bcfe8d10c3bcd6489510458122778ea5fcdabd77e19542cbd750f6e206da2e57	TestScenEvoDevicesCond::testExternalTemperatureConditionChange1	59592189cf80bf9aae90bb52b4ff337cf7fdd093fcc1cc747ee19ef9ae211996	checkCondition[1]:8aa2ba659dbb95bb99be37b3910a5e858ac6560cbf0fb089374b2193b66452e2;checkCondition[2]:74c0d489bd11ca1bceda3c2d400658b83ce8556f3f5cd2b704529ed6521c593a;checkCondition[3]:8aa2ba659dbb95bb99be37b3910a5e858ac6560cbf0fb089374b2193b66452e2;checkCondition[4]:97039083c3a6e408935ee8cb859fbbf736be779ee521588bac292074263eee68	-	-	scenario:S0359	present-at-pinned-endpoint	prior-semantic-review-reuse	corroborates	scenario-engine/execution-model.md	Exact semantic body reused from scenario review S0359; same original behavior, not independent corroboration or a new whole-file verdict
C0043	libqtdevices	20b67275c780d5d0d4643ef446eabe6ad28877e5	test/test_scenevodevicescond.cpp	75b408b9a8f78728a36039234ea9475454b6cc4d	bcfe8d10c3bcd6489510458122778ea5fcdabd77e19542cbd750f6e206da2e57	TestScenEvoDevicesCond::testExternalTemperatureConditionChange2	36767676370d3176467af668936ed758b5a193b2e81c2f3de2db09faeeb68d92	checkCondition[1]:a9c0885df21ed0336dd3488531d05a82f9ad13b836578c72e92dba1ff2ba5c52;checkCondition[2]:92627a26dde26ef6d49faf8f024f6f5ad2f4888886b0924719a31f353fa74534;checkCondition[3]:74c62d2b891deecad0dfe0d25b111bc63bf1d31afb0033991226d76e29e04d9d	-	-	scenario:S0360	present-at-pinned-endpoint	prior-semantic-review-reuse	corroborates	scenario-engine/execution-model.md	Exact semantic body reused from scenario review S0360; same original behavior, not independent corroboration or a new whole-file verdict
C0044	libqtdevices	20b67275c780d5d0d4643ef446eabe6ad28877e5	test/test_scenevodevicescond.cpp	75b408b9a8f78728a36039234ea9475454b6cc4d	bcfe8d10c3bcd6489510458122778ea5fcdabd77e19542cbd750f6e206da2e57	TestScenEvoDevicesCond::testExternalTemperatureConditionChange3	8500644ab663e1a645aaa3af57164fb4b5b2231de79cb798d7fc342c7e3a9da7	checkCondition[1]:a9c0885df21ed0336dd3488531d05a82f9ad13b836578c72e92dba1ff2ba5c52;checkCondition[2]:59a463dd15a58656356261d71ed99fd976ed919cc8cd3c4c5b84b8b93eae9206	-	-	scenario:S0361	present-at-pinned-endpoint	prior-semantic-review-reuse	corroborates	scenario-engine/execution-model.md	Exact semantic body reused from scenario review S0361; same original behavior, not independent corroboration or a new whole-file verdict
C0045	libqtdevices	20b67275c780d5d0d4643ef446eabe6ad28877e5	test/test_scenevodevicescond.cpp	75b408b9a8f78728a36039234ea9475454b6cc4d	bcfe8d10c3bcd6489510458122778ea5fcdabd77e19542cbd750f6e206da2e57	TestScenEvoDevicesCond::testExternalTemperatureMinMax	54f1307a7de8424dcc2453f33bd7e874dffe9d51ddbd4bf655b6852eacf6e8bd	checkCondition[1]:b233df2897cd3992872ef41cb04cc72bce43d1dced00a65b326fedc1ba2b27ea;checkCondition[2]:9b2dd01915ea9990c914f12cd4154f23111242e2e962160ba7438bd6d2d89f4a;checkCondition[3]:b233df2897cd3992872ef41cb04cc72bce43d1dced00a65b326fedc1ba2b27ea;checkCondition[4]:061b8821f9f731b66812a23163f978f16d71c76e0cdf3a2118eb6dd06d53f161;checkCondition[5]:e971976c1fd12bddbe8aea20c9c474f5873f5252a4af50667721a589cdbd9cc2;checkCondition[6]:cb2cbd16b595be4111a1fef5a13163141ef1c620f24d80b2c233287687e889df;checkCondition[7]:e971976c1fd12bddbe8aea20c9c474f5873f5252a4af50667721a589cdbd9cc2;checkCondition[8]:3acee8a49a91dd47ad3f1e04b0da60a8fe0f192b4fcea8e8b828c2ce4679fab8	-	-	scenario:S0362	present-at-pinned-endpoint	prior-semantic-review-reuse	corroborates	scenario-engine/execution-model.md	Exact semantic body reused from scenario review S0362; same original behavior, not independent corroboration or a new whole-file verdict
C0046	libqtdevices	20b67275c780d5d0d4643ef446eabe6ad28877e5	ts_10/skin.xml	1eaf623bdd1c99ab9f616670d514e2c300b3c3ef	f903f5da02e877fb9decd1b8318fa160c3ea028599cf84b288a3f6f0c946b87c	outside	b22dd4847326577d6ef15912e22758e3a1dac815a1d850c99721a371d7910831	-	-	-	-	intermediate-component	declaration/scope-screen	excluded	-	Matching declarations/enums/XML/build fields compared; metadata IDs, image labels, fixture addresses and comment-only range/timing statements do not independently establish wire operations or physical behavior; constants checked with executable delegates separately
C0047	libqtdevices	20b67275c780d5d0d4643ef446eabe6ad28877e5	ts_3_5/skin.xml	bcf893f54e2c3ffe5e5bfa65649edd8f72ea46c0	00dab934630892066b38d62007e24955fd699e376b10f030c484caf870470264	outside	ad0e98423f14c977f76de73840576afb6c1d3dc43cb2ef1f3c9832fa13ea8f15	-	C0046	-	-	intermediate-component	declaration/scope-screen	excluded	-	Matching declarations/enums/XML/build fields compared; metadata IDs, image labels, fixture addresses and comment-only range/timing statements do not independently establish wire operations or physical behavior; constants checked with executable delegates separately
C0048	libqtdevices	20b67275c780d5d0d4643ef446eabe6ad28877e5	ts_3_5/skin_v2.xml	2b00c6099e8c6b5d2fbb9559d6b5fece55b3543b	ebd731aef43acc20d2fc14ac736358384cba80ad3ad5ea5b0cee320d6d41ecf4	outside	dd25f6ff8688ea39357b3f12457d71a289ecd1d8651632c5f99b19d39a746882	-	-	-	-	intermediate-component	declaration/scope-screen	excluded	-	Matching declarations/enums/XML/build fields compared; metadata IDs, image labels, fixture addresses and comment-only range/timing statements do not independently establish wire operations or physical behavior; constants checked with executable delegates separately
C0049	libqtdevices	fabaa1f2b729a1cf885a42219a940501840dcdb9	devices/device.cpp	1eb446c19abe804e9038a6facce1e4c7011b374b	8f077ae1b0d758712c96b7cf5cef64c024b2de61816e5bcc46a5c9dfede666b6	device::device	050b933451febd444801573ebb65be6046997d7691f9cd560372f030d161c4f2	-	C0021	C0021	-	intermediate-component	consumer-field-comparison	excluded	-	Selected matching fields and nearby lines compared; unrelated temperature/audio/test-registration or generic factory fields are scope evidence, not full semantic review; no new CEN/CEN+ wire rule
C0050	libqtdevices	2993ce10f7f5387b69fe886fea2a7f0513677bfd	devices/automation_device.cpp	c2b5aaa2041a17cf389a6ea1b9123b679405f24b	df4dbd87a180b410733147a15feb6a69356f23d2864ab85ea2bab1a8a42d9cef	PPTStatDevice::parseFrame	cb9fdd87666ee316ba346b0c9639b95cde5851d4a352dc8f235c5738bb83e511	-	C0009	-	-	intermediate-component	full-component-comparison	excluded	functional/who-25-transversal/dry-contact-ir.md	Intermediate/removed client variant excluded as current/deployed rule; WHO 25 contact query/receipt, 31 closed and 32 open; numeric address matching, local bool and UI initialization/change notification scoped to client; no route/range, IR inversion or wire DIMENSION inference; repository revisions do not identify Firmware generations
C0051	libqtdevices	b74e51036977a1746770d2694e24e454f5f85351	devices/device.cpp	bbdbc92f70d541c485f8c7531e9a92350556cb19	71f1997001613ac5a3a5c70e19e3c4951127238f4f7d10ed89e312119f006e3d	device::device	cf74530defe38c728143252773218acf36e58133bdfd3bab8ceb1c3edfdc1e3c	-	C0049	C0021	-	intermediate-component	consumer-field-comparison	excluded	-	Selected matching fields and nearby lines compared; unrelated temperature/audio/test-registration or generic factory fields are scope evidence, not full semantic review; no new CEN/CEN+ wire rule
C0052	libqtdevices	b74e51036977a1746770d2694e24e454f5f85351	devices/test/test_main.cpp	26a1316dd3022afe4f30b6576d0b6101d5c69d41	f232116ea4863740745ebec4fddab66ca654f5a891589f897e9144916f1e5a56	main	fd1877d3ae1d479a453d23a4df7edefa0a37a351642fb69c530dd86486b6c3bb	-	C0002	C0000	-	intermediate-component	consumer-field-comparison	excluded	-	Selected matching fields and nearby lines compared; unrelated temperature/audio/test-registration or generic factory fields are scope evidence, not full semantic review; no new CEN/CEN+ wire rule
C0053	libqtdevices	204afd98774db2ce7e0f520ce87d1f3b1eecae96	ts_3_5/skin.xml	79f3746eecbb7b40c77653f0e52e145eb6b9b2ff	291fc9e18de3cdd5c8c1b72b410e8c9bc024615b999a4dad5ac2d01317d0e65c	outside	e7950f38fb8f86ff5bebb114b8a52bfa9e10fd781e937dbd7c9275393c33907d	-	C0047	-	-	intermediate-component	declaration/scope-screen	excluded	-	Matching declarations/enums/XML/build fields compared; metadata IDs, image labels, fixture addresses and comment-only range/timing statements do not independently establish wire operations or physical behavior; constants checked with executable delegates separately
C0054	libqtdevices	e23c35cccfc47deac5f81af83e13a15324eb24b3	bann_scenario.cpp	1a262a2ac6a0db843c7661437f34b47f8d67612a	0613786e9b61655b3c83b89841a98eb657a0e9b1e2b1c51c64ab3d363be11595	PPTSce::PPTSce	78ee7aff142f50aaa256872bf848428e43985d736a94e555cf79afd4c1af80f7	-	-	-	-	intermediate-component	full-component-comparison	excluded	functional/who-25-transversal/README.md	Intermediate/removed client variant excluded as current/deployed rule; WHO 25 11..15 writers and press/repeat/release controller; one-second timer and stop callbacks are client behavior, not CEN+ long-press timing, physical step domain or device feedback; repository revisions do not identify Firmware generations
C0055	libqtdevices	e23c35cccfc47deac5f81af83e13a15324eb24b3	bann_scenario.cpp	1a262a2ac6a0db843c7661437f34b47f8d67612a	0613786e9b61655b3c83b89841a98eb657a0e9b1e2b1c51c64ab3d363be11595	PPTSce::startIncrease	239cc443ecba4b085e818342c4c50560f2a825454aed90351315750e0b602f5d	-	-	-	-	intermediate-component	full-component-comparison	excluded	functional/who-25-transversal/README.md	Intermediate/removed client variant excluded as current/deployed rule; WHO 25 11..15 writers and press/repeat/release controller; one-second timer and stop callbacks are client behavior, not CEN+ long-press timing, physical step domain or device feedback; repository revisions do not identify Firmware generations
C0056	libqtdevices	e23c35cccfc47deac5f81af83e13a15324eb24b3	bann_scenario.cpp	1a262a2ac6a0db843c7661437f34b47f8d67612a	0613786e9b61655b3c83b89841a98eb657a0e9b1e2b1c51c64ab3d363be11595	PPTSce::startDecrease	468b62dc7a94206dda93cf2a1c0299041c7b6a14945bed0d7d2356be334b040f	-	-	-	-	intermediate-component	full-component-comparison	excluded	functional/who-25-transversal/README.md	Intermediate/removed client variant excluded as current/deployed rule; WHO 25 11..15 writers and press/repeat/release controller; one-second timer and stop callbacks are client behavior, not CEN+ long-press timing, physical step domain or device feedback; repository revisions do not identify Firmware generations
C0057	libqtdevices	e23c35cccfc47deac5f81af83e13a15324eb24b3	bann_scenario.cpp	1a262a2ac6a0db843c7661437f34b47f8d67612a	0613786e9b61655b3c83b89841a98eb657a0e9b1e2b1c51c64ab3d363be11595	PPTSce::timerEvent	529380d4c16dd3c43e18b53b0a73da18031647cea9d156fd3c423f95c86014da	-	-	-	-	intermediate-component	full-component-comparison	excluded	functional/who-25-transversal/README.md	Intermediate/removed client variant excluded as current/deployed rule; WHO 25 11..15 writers and press/repeat/release controller; one-second timer and stop callbacks are client behavior, not CEN+ long-press timing, physical step domain or device feedback; repository revisions do not identify Firmware generations
C0058	libqtdevices	e23c35cccfc47deac5f81af83e13a15324eb24b3	bann_scenario.cpp	1a262a2ac6a0db843c7661437f34b47f8d67612a	0613786e9b61655b3c83b89841a98eb657a0e9b1e2b1c51c64ab3d363be11595	PPTSce::stop	70e01dda9a3e1f8a87465e33e85e166573afcb3de1b78c946abbab5d4feac36d	-	-	-	-	intermediate-component	full-component-comparison	excluded	functional/who-25-transversal/README.md	Intermediate/removed client variant excluded as current/deployed rule; WHO 25 11..15 writers and press/repeat/release controller; one-second timer and stop callbacks are client behavior, not CEN+ long-press timing, physical step domain or device feedback; repository revisions do not identify Firmware generations
C0059	libqtdevices	e23c35cccfc47deac5f81af83e13a15324eb24b3	bann_scenario.h	707c2bfd846da8413d0f93710b0537e3b8db2e85	35f937a782b1d381ca4163c6e7b6af8768b31d78d74a44d112e81a847ba90888	outside	efcac74a76663a1ac841ff36ca85a13dc0914b36cbaaf533f260f4c93590f1f8	-	C0020	-	-	intermediate-component	declaration/scope-screen	excluded	-	Matching declarations/enums/XML/build fields compared; metadata IDs, image labels, fixture addresses and comment-only range/timing statements do not independently establish wire operations or physical behavior; constants checked with executable delegates separately
C0060	libqtdevices	e23c35cccfc47deac5f81af83e13a15324eb24b3	devices/scenario_device.cpp	f8f6769e0bc2570956e5f6654d09e097750022c6	e299778ac6f4f04a8a90cb19eb2227d7485ad31dea45c645c5ac33673763ac8d	PPTSceDevice::PPTSceDevice	d5fbe3e7095e982e9a1842990b0feb3cea3d08f53be0665ffeedd95917519608	-	-	-	-	intermediate-component	full-component-comparison	excluded	functional/who-25-transversal/README.md	Intermediate/removed client variant excluded as current/deployed rule; WHO 25 11..15 writers and press/repeat/release controller; one-second timer and stop callbacks are client behavior, not CEN+ long-press timing, physical step domain or device feedback; repository revisions do not identify Firmware generations
C0061	libqtdevices	e23c35cccfc47deac5f81af83e13a15324eb24b3	devices/scenario_device.cpp	f8f6769e0bc2570956e5f6654d09e097750022c6	e299778ac6f4f04a8a90cb19eb2227d7485ad31dea45c645c5ac33673763ac8d	PPTSceDevice::turnOn	e4e5b5d87bddb416553c52bbb70cfa8711f5a141f2ccb8c54f10a5ee79ff7dee	-	-	-	-	intermediate-component	full-component-comparison	excluded	functional/who-25-transversal/README.md	Intermediate/removed client variant excluded as current/deployed rule; WHO 25 11..15 writers and press/repeat/release controller; one-second timer and stop callbacks are client behavior, not CEN+ long-press timing, physical step domain or device feedback; repository revisions do not identify Firmware generations
C0062	libqtdevices	e23c35cccfc47deac5f81af83e13a15324eb24b3	devices/scenario_device.cpp	f8f6769e0bc2570956e5f6654d09e097750022c6	e299778ac6f4f04a8a90cb19eb2227d7485ad31dea45c645c5ac33673763ac8d	PPTSceDevice::turnOff	484705af2a7ddca526a0045690703463f94ea8f3bd37af615b7d095f3902d91f	-	-	-	-	intermediate-component	full-component-comparison	excluded	functional/who-25-transversal/README.md	Intermediate/removed client variant excluded as current/deployed rule; WHO 25 11..15 writers and press/repeat/release controller; one-second timer and stop callbacks are client behavior, not CEN+ long-press timing, physical step domain or device feedback; repository revisions do not identify Firmware generations
C0063	libqtdevices	e23c35cccfc47deac5f81af83e13a15324eb24b3	devices/scenario_device.cpp	f8f6769e0bc2570956e5f6654d09e097750022c6	e299778ac6f4f04a8a90cb19eb2227d7485ad31dea45c645c5ac33673763ac8d	PPTSceDevice::increase	a11321fc2c01ebc8014ec5c79357cac5f88c7001cb4b4b4b845ed66519bfe2b9	-	-	-	-	intermediate-component	full-component-comparison	excluded	functional/who-25-transversal/README.md	Intermediate/removed client variant excluded as current/deployed rule; WHO 25 11..15 writers and press/repeat/release controller; one-second timer and stop callbacks are client behavior, not CEN+ long-press timing, physical step domain or device feedback; repository revisions do not identify Firmware generations
C0064	libqtdevices	e23c35cccfc47deac5f81af83e13a15324eb24b3	devices/scenario_device.cpp	f8f6769e0bc2570956e5f6654d09e097750022c6	e299778ac6f4f04a8a90cb19eb2227d7485ad31dea45c645c5ac33673763ac8d	PPTSceDevice::decrease	6db3782352a151190760b7041da26b3fdf7fc61f2ef87f62337b3de57134b133	-	-	-	-	intermediate-component	full-component-comparison	excluded	functional/who-25-transversal/README.md	Intermediate/removed client variant excluded as current/deployed rule; WHO 25 11..15 writers and press/repeat/release controller; one-second timer and stop callbacks are client behavior, not CEN+ long-press timing, physical step domain or device feedback; repository revisions do not identify Firmware generations
C0065	libqtdevices	e23c35cccfc47deac5f81af83e13a15324eb24b3	devices/scenario_device.cpp	f8f6769e0bc2570956e5f6654d09e097750022c6	e299778ac6f4f04a8a90cb19eb2227d7485ad31dea45c645c5ac33673763ac8d	PPTSceDevice::stop	6a2409d73f4caa7e93d83b383950ea11eacad1c164d92990c7d3e8ddbcf0cbd4	-	-	-	-	intermediate-component	full-component-comparison	excluded	functional/who-25-transversal/README.md	Intermediate/removed client variant excluded as current/deployed rule; WHO 25 11..15 writers and press/repeat/release controller; one-second timer and stop callbacks are client behavior, not CEN+ long-press timing, physical step domain or device feedback; repository revisions do not identify Firmware generations
C0066	libqtdevices	e23c35cccfc47deac5f81af83e13a15324eb24b3	devices/scenario_device.cpp	f8f6769e0bc2570956e5f6654d09e097750022c6	e299778ac6f4f04a8a90cb19eb2227d7485ad31dea45c645c5ac33673763ac8d	outside	83e442ab2d8e2791d950e62c46b4450276ed540fdf6d02b2cee220306ae9e4d0	-	-	-	-	intermediate-component	declaration/scope-screen	excluded	-	Matching declarations/enums/XML/build fields compared; metadata IDs, image labels, fixture addresses and comment-only range/timing statements do not independently establish wire operations or physical behavior; constants checked with executable delegates separately
C0067	libqtdevices	e23c35cccfc47deac5f81af83e13a15324eb24b3	devices/scenario_device.h	64934348296c3adbbd08c0882aa6fee6ef44612e	c069f2a39a8a8754f7d781797cc0f684ee652687079bd71f99fc733e825754e9	outside	cfca0f80cf60c19637359961ddb023d49f86c8c9ca30e4ae2171f95e29f95c49	-	C0029	-	-	intermediate-component	declaration/scope-screen	excluded	-	Matching declarations/enums/XML/build fields compared; metadata IDs, image labels, fixture addresses and comment-only range/timing statements do not independently establish wire operations or physical behavior; constants checked with executable delegates separately
C0068	libqtdevices	e23c35cccfc47deac5f81af83e13a15324eb24b3	scenario.cpp	96ee1c7d4f19989768bdb3f4047e5ff899d6dcb8	3eb51c3b5d2a8bff8f19c014eea58fe7fe274592dd46cae01af21b3401ddbcd8	Scenario::getBanner	8c647586b04e7e94d07e706d44a6232f571fe00d2a1c0e9d5f002df3892c65a9	-	C0035	-	-	intermediate-component	full-component-comparison	excluded	functional/who-15-cen/README.md	Intermediate/removed client variant excluded as current/deployed rule; Complete factory/loader body compared for contact WHO25 and ScenarioPlus delegates or configured WHO15 actions; product/build selectors, conditional legacy assembly and delimiter concatenation do not define wire address capacities; unrelated factory branches add no new claim; repository revisions do not identify Firmware generations
C0069	libqtdevices	e23c35cccfc47deac5f81af83e13a15324eb24b3	scenario.h	e7ddf0fe63d4a3b32e69c7111cca38c8ca353f29	71ae37df0ccf7d79597b9d8ae428ebce9c578f30f29f04cce2890496c0057784	outside	fffb25366a5b95fff08bf485318346592f840eb81fe1229282467619085d635e	-	C0037	-	-	intermediate-component	declaration/scope-screen	excluded	-	Matching declarations/enums/XML/build fields compared; metadata IDs, image labels, fixture addresses and comment-only range/timing statements do not independently establish wire operations or physical behavior; constants checked with executable delegates separately
C0070	libqtdevices	ba6722e8c0ecc56cc0c1347dd45bb9cbfecf5150	scenario.cpp	d76232a8fe5385299aac42a63af5089d60da647d	33689b6492bdbe940d814302830492af74f7a76988963ffd54c53ee67ead7a51	Scenario::getBanner	1b921980de07dde9c39c720927780990799573992f8a58ff26ea38acd7aaa05d	-	C0068	-	-	intermediate-component	full-component-comparison	excluded	functional/who-15-cen/README.md	Intermediate/removed client variant excluded as current/deployed rule; Complete factory/loader body compared for contact WHO25 and ScenarioPlus delegates or configured WHO15 actions; product/build selectors, conditional legacy assembly and delimiter concatenation do not define wire address capacities; unrelated factory branches add no new claim; repository revisions do not identify Firmware generations
C0071	libqtdevices	ba6722e8c0ecc56cc0c1347dd45bb9cbfecf5150	scenario.cpp	d76232a8fe5385299aac42a63af5089d60da647d	33689b6492bdbe940d814302830492af74f7a76988963ffd54c53ee67ead7a51	outside	b73c772bacebe3884152fa87e690f6138f5b52ed942803ff6f747fc0aa82b9c7	-	C0036	-	-	intermediate-component	declaration/scope-screen	excluded	-	Matching declarations/enums/XML/build fields compared; metadata IDs, image labels, fixture addresses and comment-only range/timing statements do not independently establish wire operations or physical behavior; constants checked with executable delegates separately
C0072	libqtdevices	ba2bd8ec7371bc1c14da26f334a0ce56fcc3fd76	devices/test/test_main.cpp	ecb0122a8ff843782fe8e99ec924c50ab47a9243	3bf9df0eb7ec9d3f779c3047333bf2ecc42c11d8dfa0b73466b300c7f9c12107	main	0e1eee7d6be02f1b12a4e48bb35e3844af02d4b63adde65fc54b2e6aba60bcfa	-	C0052	C0000	-	intermediate-component	consumer-field-comparison	excluded	-	Selected matching fields and nearby lines compared; unrelated temperature/audio/test-registration or generic factory fields are scope evidence, not full semantic review; no new CEN/CEN+ wire rule
C0073	libqtdevices	af5de44048587b328ef0ce1503f6f53824472422	automation.cpp	a4e74622ea93b7c9ee09cd8d1e88b14b8e10ed20	2d1be059d290a252c023b6b2f1197fe59f99ad81ea3737e2500b6aa3cb74807a	Automation::getBanner	82253a0a12c5c49358c1b96b0ac37dd8358c1cab6d7ff0b9015eb1b923aa7594	Q_ASSERT_X[1]:41df64dd241fcc037fb9839a8b2f647ce6806d81f16a39becec978c904411219	C0003	-	-	intermediate-component	full-component-comparison	excluded	functional/who-25-transversal/dry-contact-ir.md	Intermediate/removed client variant excluded as current/deployed rule; Complete factory/loader body compared for contact WHO25 and ScenarioPlus delegates or configured WHO15 actions; product/build selectors, conditional legacy assembly and delimiter concatenation do not define wire address capacities; unrelated factory branches add no new claim; repository revisions do not identify Firmware generations
C0074	libqtdevices	af5de44048587b328ef0ce1503f6f53824472422	automation.cpp	a4e74622ea93b7c9ee09cd8d1e88b14b8e10ed20	2d1be059d290a252c023b6b2f1197fe59f99ad81ea3737e2500b6aa3cb74807a	outside	730386f3a1a9df2bf3f9a9622f984624509f278cbe74a79cb257118392aa4c28	-	C0004	-	-	intermediate-component	declaration/scope-screen	excluded	-	Matching declarations/enums/XML/build fields compared; metadata IDs, image labels, fixture addresses and comment-only range/timing statements do not independently establish wire operations or physical behavior; constants checked with executable delegates separately
C0075	libqtdevices	ae5fce2056e8d9e6435378f8435ca57c0e78fda7	automation.cpp	c705cebe1ef0bc2d77dcbcd3f9f00a5fc6c7757f	f6f0bbd968e56fc2b6e86ee6c83d4e1f877a18f9a8291a108984a245a54bbacd	Automation::getBanner	356f47e09a290d0acd7db225558a49674bc5c4930b5daf24303e5199feca6c85	Q_ASSERT_X[1]:41df64dd241fcc037fb9839a8b2f647ce6806d81f16a39becec978c904411219	C0073	-	-	intermediate-component	full-component-comparison	excluded	functional/who-25-transversal/dry-contact-ir.md	Intermediate/removed client variant excluded as current/deployed rule; Complete factory/loader body compared for contact WHO25 and ScenarioPlus delegates or configured WHO15 actions; product/build selectors, conditional legacy assembly and delimiter concatenation do not define wire address capacities; unrelated factory branches add no new claim; repository revisions do not identify Firmware generations
C0076	libqtdevices	ae5fce2056e8d9e6435378f8435ca57c0e78fda7	scenario.cpp	39a74736a60a122541b73ee1f859bb5aa946a540	b1fac5cb0f36232648ba5d5f37933bd2a0f414b0ef08e089273afb225b2ff28b	Scenario::getBanner	319875592e167fb95a68483a328f46dec52aa8fde4ca51a3e3ea7d307f9a9107	-	C0070	-	-	intermediate-component	full-component-comparison	excluded	functional/who-15-cen/README.md	Intermediate/removed client variant excluded as current/deployed rule; Complete factory/loader body compared for contact WHO25 and ScenarioPlus delegates or configured WHO15 actions; product/build selectors, conditional legacy assembly and delimiter concatenation do not define wire address capacities; unrelated factory branches add no new claim; repository revisions do not identify Firmware generations
C0077	libqtdevices	13147e7aa6be92f4e62fe457c83c0e067ed63cf4	devices/device.cpp	27ce84c48377782b9e7ddb1e502c84f45afe632e	642f0e629f0977f5456df94c23070358c4ff875b5e6f3c5f2bffbba8907c8b62	device::device	b1ff41897582f90f8fe989192e18d53279dbe8e35649baac706f421e3bdc9e4e	-	C0051	C0021	-	intermediate-component	consumer-field-comparison	excluded	-	Selected matching fields and nearby lines compared; unrelated temperature/audio/test-registration or generic factory fields are scope evidence, not full semantic review; no new CEN/CEN+ wire rule
C0078	libqtdevices	13147e7aa6be92f4e62fe457c83c0e067ed63cf4	devices/test/test_main.cpp	633f23e2bdca978c8374777054202daf61d83381	0fa4709fd2425a4386f34dbe6a34f8f0aed874fe80ba274ae45e22b8735816f7	main	de3bc4c2a825f90e9643bafac67824ac92e9664c58186793c2f176bd16ee164c	-	C0072	C0000	-	intermediate-component	consumer-field-comparison	excluded	-	Selected matching fields and nearby lines compared; unrelated temperature/audio/test-registration or generic factory fields are scope evidence, not full semantic review; no new CEN/CEN+ wire rule
C0079	libqtdevices	01993e946f7dac479736cccdf008a7c1bab1c0a2	bann_scenario.cpp	71875fc95cad283fab1e6215d0325b50eb13576a	87528d407e0b7d81fa015302e9f00262147903592a724e0e2c739b8e1b53cd03	PPTSce::PPTSce	a35e5822ffd859b451b95837ff99d7d38580ac7082127782f350e1611fb6851a	-	C0054	-	-	intermediate-component	full-component-comparison	excluded	functional/who-25-transversal/README.md	Intermediate/removed client variant excluded as current/deployed rule; WHO 25 11..15 writers and press/repeat/release controller; one-second timer and stop callbacks are client behavior, not CEN+ long-press timing, physical step domain or device feedback; repository revisions do not identify Firmware generations
C0080	libqtdevices	4138882460b7173f94c0d216410baa5b96cc1ba4	automation.cpp	ff2f36c606c6afec298fde94d3c0854e28203ec2	cdeb391c1c3efc6d33cd03cafe743a5d0ed6ceb779cab8ee63db28c6d97cdcc1	Automation::getBanner	49286f7e9f7950d45dc20b4d34b123b8316fa38e39e2ff49d9aace841adee055	Q_ASSERT_X[1]:41df64dd241fcc037fb9839a8b2f647ce6806d81f16a39becec978c904411219	C0075	-	-	intermediate-component	full-component-comparison	excluded	functional/who-25-transversal/dry-contact-ir.md	Intermediate/removed client variant excluded as current/deployed rule; Complete factory/loader body compared for contact WHO25 and ScenarioPlus delegates or configured WHO15 actions; product/build selectors, conditional legacy assembly and delimiter concatenation do not define wire address capacities; unrelated factory branches add no new claim; repository revisions do not identify Firmware generations
C0081	libqtdevices	4138882460b7173f94c0d216410baa5b96cc1ba4	bann_scenario.cpp	56d79041308454167302ed34a6e4548437b9ec5b	b3b9af3b221a33e414ad08370d490256beca54c3c9a56f98bdabc6efdcea4d76	PPTSce::PPTSce	a2f37db50a7f01f1dad65fb96f67fbac15100cb07f43c76debdeca6cfcc728b3	-	C0079	-	-	intermediate-component	full-component-comparison	excluded	functional/who-25-transversal/README.md	Intermediate/removed client variant excluded as current/deployed rule; WHO 25 11..15 writers and press/repeat/release controller; one-second timer and stop callbacks are client behavior, not CEN+ long-press timing, physical step domain or device feedback; repository revisions do not identify Firmware generations
C0082	libqtdevices	4138882460b7173f94c0d216410baa5b96cc1ba4	bann_scenario.h	760a6f5d2d24e37a9b63acb5e5d9823cd34638d0	847210c5e1f0ecc30d5bf63151db04767c38bf447d74d1c577cea0e741b76b5b	outside	b513a5b9ebe38fae92f9a57d02b8ae02ac6393d9d88ac811cba9f03977d2d04e	-	C0059	-	-	intermediate-component	declaration/scope-screen	excluded	-	Matching declarations/enums/XML/build fields compared; metadata IDs, image labels, fixture addresses and comment-only range/timing statements do not independently establish wire operations or physical behavior; constants checked with executable delegates separately
C0083	libqtdevices	4138882460b7173f94c0d216410baa5b96cc1ba4	ts_10/skin.xml	20fafaf3edf51c76784044b775b39bc2e7c0d864	0f60fe68ce3574495b551c5c7e7ef812541a50bb6f0dd3de890fc8cd952ad052	outside	64cf20dc4ecb991962125b45322188397d2779b747f3dcfa5dde707c8ae86bb2	-	C0053	-	-	intermediate-component	declaration/scope-screen	excluded	-	Matching declarations/enums/XML/build fields compared; metadata IDs, image labels, fixture addresses and comment-only range/timing statements do not independently establish wire operations or physical behavior; constants checked with executable delegates separately
C0084	libqtdevices	cfc611985240359d8d34e06bf590dd127dba9ef8	automation.cpp	aac1efebebf4e55533243840059d25885bb0eb57	c2df59b353946601a4548839411fbf6d3a1662a23d9ee8942ab24d730754a613	Automation::getBanner	e5eb110d6e3648b1899a59832256be61eb16a1071305b5812adbc9914e27a97e	Q_ASSERT_X[1]:41df64dd241fcc037fb9839a8b2f647ce6806d81f16a39becec978c904411219	C0080	-	-	intermediate-component	full-component-comparison	excluded	functional/who-25-transversal/dry-contact-ir.md	Intermediate/removed client variant excluded as current/deployed rule; Complete factory/loader body compared for contact WHO25 and ScenarioPlus delegates or configured WHO15 actions; product/build selectors, conditional legacy assembly and delimiter concatenation do not define wire address capacities; unrelated factory branches add no new claim; repository revisions do not identify Firmware generations
C0085	libqtdevices	cfc611985240359d8d34e06bf590dd127dba9ef8	devices/automation_device.h	8a2614da9046c291808b396711ebb7c1f8e92e74	c15cc1ff769f684a44ff9dbc68aa5c0ebeefee1f5a75bdddef3eee16b151fbfe	outside	3a500dfa1f63d7041b9f4cb9491b645fc3fc86d379fa19069b204b340c652316	-	C0010	-	-	intermediate-component	declaration/scope-screen	excluded	-	Matching declarations/enums/XML/build fields compared; metadata IDs, image labels, fixture addresses and comment-only range/timing statements do not independently establish wire operations or physical behavior; constants checked with executable delegates separately
C0086	libqtdevices	cfc611985240359d8d34e06bf590dd127dba9ef8	devices/test/test_main.cpp	44d84dfcfe34b5367e5098622481b60aa4cfb115	85b4efb5a97f64c17a56189de9c78e9a3deddc4ddeb36e92df63337eb993e429	main	a0f293a79c9fb330cced18ab6faf148369e9221c31518f649dec7d4c729e3cfa	-	C0078	C0000	-	intermediate-component	consumer-field-comparison	excluded	-	Selected matching fields and nearby lines compared; unrelated temperature/audio/test-registration or generic factory fields are scope evidence, not full semantic review; no new CEN/CEN+ wire rule
C0087	libqtdevices	cfc611985240359d8d34e06bf590dd127dba9ef8	scenario.cpp	e2568977f10a5db2e27267dfabffbbfcf4b8e14a	530a6a273a0712a0051e5c2637b4fc3b525b33b58500ea3523154b1fb57165ed	Scenario::getBanner	2ee5faa905ad82b98edfc03995fc72b3556e35c253a403c98b7f87a03f28465e	-	C0076	-	-	intermediate-component	full-component-comparison	excluded	functional/who-15-cen/README.md	Intermediate/removed client variant excluded as current/deployed rule; Complete factory/loader body compared for contact WHO25 and ScenarioPlus delegates or configured WHO15 actions; product/build selectors, conditional legacy assembly and delimiter concatenation do not define wire address capacities; unrelated factory branches add no new claim; repository revisions do not identify Firmware generations
C0088	libqtdevices	83c79d80bedd89863d7e8a63d78ce55f58d2d79e	devices/automation_device.h	0bf9861252b586abf12ec00a73e7ae2985f9895e	bb4c3839d14c24c1f6250d770748b2094c143b9d06270ca05614dbf03bc72d70	outside	862210a47f69f2c99e547d825343396775766a4488dc3d9e9cf99755980a18bb	-	C0085	-	-	intermediate-component	declaration/scope-screen	excluded	-	Matching declarations/enums/XML/build fields compared; metadata IDs, image labels, fixture addresses and comment-only range/timing statements do not independently establish wire operations or physical behavior; constants checked with executable delegates separately
C0089	libqtdevices	2941f431885189d17d42dd8ae05919387c2be2e2	devices/automation_device.cpp	a1fcc12747d67acebf1aee6d160aa5058c3216eb	9ef62beabfad4ef120f04e19ec376fc929cb83b6e976c1bd632f9520a560fe6b	outside	2765f27f320cfc0c35b25d146ef604c57ce66cc791d8591da7ab06053171634c	-	-	-	-	intermediate-component	declaration/scope-screen	excluded	-	Matching declarations/enums/XML/build fields compared; metadata IDs, image labels, fixture addresses and comment-only range/timing statements do not independently establish wire operations or physical behavior; constants checked with executable delegates separately
C0090	libqtdevices	5e4d49e7f34523b1e236726dc626fce837b19449	devices/device.cpp	959052ab8be6791b387d7649ac0769637132e256	e4dcbd46c3ad786f3374b248219316e7b3be57f5eeaff14c07f4c37e100bfa85	device::device	577e2e951921b98538425366f98ed545ed4d3b5e784e61a53a93897c41528d2c	-	C0077	C0021	-	intermediate-component	consumer-field-comparison	excluded	-	Selected matching fields and nearby lines compared; unrelated temperature/audio/test-registration or generic factory fields are scope evidence, not full semantic review; no new CEN/CEN+ wire rule
C0091	libqtdevices	f9e50e00832ac6fc03a6afd298a88a414feb8690	devices/device.cpp	15d45f8f5568d03dfcc16bb1326c5513f913a7b4	0b0bd9a3e28a769b56f20b8eb477bee2cd8bae677e08664ed03075a2e2ae8a9d	device::device	1b8364c064fae66a51740ec0a035e739d76017200f7103f301faed3733f12151	-	C0090	C0021	-	intermediate-component	consumer-field-comparison	excluded	-	Selected matching fields and nearby lines compared; unrelated temperature/audio/test-registration or generic factory fields are scope evidence, not full semantic review; no new CEN/CEN+ wire rule
C0092	libqtdevices	6eaa8497498536f9e0ee9229bddcf784fc6af18e	devices/device.cpp	72ccac0c5f9c67af03914fca02a9d3bda43d574c	3d988e687c86e8686e0b10fb00afc29f221d56695eca4450fd119a3ab29e5822	device::device	635dae6c12779f27db8cd861dd8da7b9e80f7ab569c8dc349109385d3c8116ca	-	C0091	C0021	-	intermediate-component	consumer-field-comparison	excluded	-	Selected matching fields and nearby lines compared; unrelated temperature/audio/test-registration or generic factory fields are scope evidence, not full semantic review; no new CEN/CEN+ wire rule
C0093	libqtdevices	f0df26106d2a6d6bab0804f544feec2e577f3e0e	automation.cpp	8da868872cd85e78b4b7ecc36726237f128c7974	bd955c6a1a42a0cde4124f1d3ff6a7183a0918c7b1895982f503e6adee7c174b	Automation::getBanner	0b2f4d6fba4373987353a63eac8ea75beeeef400f2a237d56ad01e6b3b5508c6	Q_ASSERT_X[1]:41df64dd241fcc037fb9839a8b2f647ce6806d81f16a39becec978c904411219	C0084	-	-	intermediate-component	full-component-comparison	excluded	functional/who-25-transversal/dry-contact-ir.md	Intermediate/removed client variant excluded as current/deployed rule; Complete factory/loader body compared for contact WHO25 and ScenarioPlus delegates or configured WHO15 actions; product/build selectors, conditional legacy assembly and delimiter concatenation do not define wire address capacities; unrelated factory branches add no new claim; repository revisions do not identify Firmware generations
C0094	libqtdevices	f0df26106d2a6d6bab0804f544feec2e577f3e0e	bann_automation.cpp	24f8c169034f315c20404613c74a7ec4fac250d1	e6ab2fef686ce9cb829a616692d4e46cd02258276b7eeffa0ab645342fb8f954	PPTStat::PPTStat	de098e99a32e8d85ff5ce898b518bc2f2fa2236dc4400c42bc572ef1c2285274	-	C0011	-	-	intermediate-component	full-component-comparison	excluded	functional/who-25-transversal/dry-contact-ir.md	Intermediate/removed client variant excluded as current/deployed rule; WHO 25 contact query/receipt, 31 closed and 32 open; numeric address matching, local bool and UI initialization/change notification scoped to client; no route/range, IR inversion or wire DIMENSION inference; repository revisions do not identify Firmware generations
C0095	libqtdevices	f0df26106d2a6d6bab0804f544feec2e577f3e0e	bann_automation.cpp	24f8c169034f315c20404613c74a7ec4fac250d1	e6ab2fef686ce9cb829a616692d4e46cd02258276b7eeffa0ab645342fb8f954	PPTStat::valueReceived	3651e118acde54bf5da20408ea4a48f6349851a5163af0c40daf138e03e07a57	-	C0012	-	-	intermediate-component	full-component-comparison	excluded	functional/who-25-transversal/dry-contact-ir.md	Intermediate/removed client variant excluded as current/deployed rule; WHO 25 contact query/receipt, 31 closed and 32 open; numeric address matching, local bool and UI initialization/change notification scoped to client; no route/range, IR inversion or wire DIMENSION inference; repository revisions do not identify Firmware generations
C0096	libqtdevices	f0df26106d2a6d6bab0804f544feec2e577f3e0e	bann_automation.h	8c9006baabccc2893553756662f9a00dea3fa293	4447f7a77860a1b6439a74ff2f17858b276c0e448e7a827f1e2068f65b1a5ae5	outside	12b2da7c07bd8016254345d5307ae3369a1b0d68458ab05441c1a053aa116947	-	C0013	-	-	intermediate-component	declaration/scope-screen	excluded	-	Matching declarations/enums/XML/build fields compared; metadata IDs, image labels, fixture addresses and comment-only range/timing statements do not independently establish wire operations or physical behavior; constants checked with executable delegates separately
C0097	libqtdevices	29e11846d4bf12914208ba538083ef91c33e83e3	devices/test/test_main.cpp	f5802bb1bf8a2e53c34d4fd04b810c0a61ab93ca	2985403d273193a23777f15ceb02b3f3cac95c809b2655ab698addae7e405fab	main	1b3c8b3faec91974d6212c74a95ecfc9e1096b10e964b661ce5a30fc570026af	-	C0086	C0000	-	intermediate-component	consumer-field-comparison	excluded	-	Selected matching fields and nearby lines compared; unrelated temperature/audio/test-registration or generic factory fields are scope evidence, not full semantic review; no new CEN/CEN+ wire rule
C0098	libqtdevices	8e9ba2f68a9f109ca44e4f6c82d8ae77153f05af	devices/automation_device.cpp	6c628497471552efe3d3c76ca1b44f1e580f4df5	43d0942370afe057610f0e81cdadfbd050318e27be850a9fae28a2211695ca8e	PPTStatDevice::parseFrame	0cb6adb4f1595654f04b6e3030f3901ce0df409ae2a2c6f79483a2c6ddee8db4	-	C0050	-	-	intermediate-component	full-component-comparison	excluded	functional/who-25-transversal/dry-contact-ir.md	Intermediate/removed client variant excluded as current/deployed rule; WHO 25 contact query/receipt, 31 closed and 32 open; numeric address matching, local bool and UI initialization/change notification scoped to client; no route/range, IR inversion or wire DIMENSION inference; repository revisions do not identify Firmware generations
C0099	libqtdevices	175e38f3b9fd751ec2c00ab09cc0aecae067f5b0	automation.cpp	84c98635ad45b8b22817b7f715ec2f485fdaedf2	110449e98ad30e1e270956d3139a6f8ae39b6ad04dda8ad2e65bfa8b9f57ab76	Automation::loadItems	d3ad54935eb41d7d5ed5b07cdcce3686eea602976af7aa618da952dcbfb52193	assert[1]:fc624f6bb51d402aba5deb250e75ef2d6dc4d90e2738a615327f659fe6cc5b6b	-	-	-	intermediate-component	full-component-comparison	excluded	functional/who-25-transversal/dry-contact-ir.md	Intermediate/removed client variant excluded as current/deployed rule; Complete factory/loader body compared for contact WHO25 and ScenarioPlus delegates or configured WHO15 actions; product/build selectors, conditional legacy assembly and delimiter concatenation do not define wire address capacities; unrelated factory branches add no new claim; repository revisions do not identify Firmware generations
C0100	libqtdevices	175e38f3b9fd751ec2c00ab09cc0aecae067f5b0	automation_device.cpp	8fb0cac2e36a4d52016a70b9114586f053d94af3	bdf924c1bffeb0078cd37275523b2674afb70095e3db02ae41a749a9b872b492	PPTStatDevice::PPTStatDevice	6e3f817a3ee0475cf30971f52e37ed45f1598f94672bff503252970e9a66e0c0	-	C0006	-	-	intermediate-component	full-component-comparison	excluded	functional/who-25-transversal/dry-contact-ir.md	Intermediate/removed client variant excluded as current/deployed rule; WHO 25 contact query/receipt, 31 closed and 32 open; numeric address matching, local bool and UI initialization/change notification scoped to client; no route/range, IR inversion or wire DIMENSION inference; repository revisions do not identify Firmware generations
C0101	libqtdevices	175e38f3b9fd751ec2c00ab09cc0aecae067f5b0	automation_device.cpp	8fb0cac2e36a4d52016a70b9114586f053d94af3	bdf924c1bffeb0078cd37275523b2674afb70095e3db02ae41a749a9b872b492	PPTStatDevice::manageFrame	8aa98da4d4e8ca3e2539be98025e5cd39bf7e8f4022d160ca1ee3eabc107ce8f	-	-	-	-	intermediate-component	full-component-comparison	excluded	functional/who-25-transversal/dry-contact-ir.md	Intermediate/removed client variant excluded as current/deployed rule; WHO 25 contact query/receipt, 31 closed and 32 open; numeric address matching, local bool and UI initialization/change notification scoped to client; no route/range, IR inversion or wire DIMENSION inference; repository revisions do not identify Firmware generations
C0102	libqtdevices	175e38f3b9fd751ec2c00ab09cc0aecae067f5b0	automation_device.cpp	8fb0cac2e36a4d52016a70b9114586f053d94af3	bdf924c1bffeb0078cd37275523b2674afb70095e3db02ae41a749a9b872b492	PPTStatDevice::frame_rx_handler	2630170591f8ed0567cba6a64b58398207916b2ce84b06c0a553a8e0f8cc21b5	-	-	-	-	intermediate-component	full-component-comparison	excluded	functional/who-25-transversal/dry-contact-ir.md	Intermediate/removed client variant excluded as current/deployed rule; WHO 25 contact query/receipt, 31 closed and 32 open; numeric address matching, local bool and UI initialization/change notification scoped to client; no route/range, IR inversion or wire DIMENSION inference; repository revisions do not identify Firmware generations
C0103	libqtdevices	175e38f3b9fd751ec2c00ab09cc0aecae067f5b0	automation_device.h	0558f6bb0f552a94de855cc3c102d5d2143abe94	c3be8b310e3d8fcea1f74000dd1d83dcdb16de5732b89d280e70a53da0bc8b03	outside	72f8c58b1e2f88dc6bd51de68827ee19e08392405bb5b1eaf8c2e7bb2958d383	-	C0088	-	-	intermediate-component	declaration/scope-screen	excluded	-	Matching declarations/enums/XML/build fields compared; metadata IDs, image labels, fixture addresses and comment-only range/timing statements do not independently establish wire operations or physical behavior; constants checked with executable delegates separately
C0104	libqtdevices	175e38f3b9fd751ec2c00ab09cc0aecae067f5b0	bann_automation.cpp	60075999164918edc2cc088467649b59bd73be26	f368d0705f805fe14188de454f960cc44814381b4243070aa69f0328309c2552	PPTStat::PPTStat	660b7764f8281f9dc52a9c28b29f9b5e65d93bbfcb4190ef155d09608bb73643	-	C0094	-	-	intermediate-component	full-component-comparison	excluded	functional/who-25-transversal/dry-contact-ir.md	Intermediate/removed client variant excluded as current/deployed rule; WHO 25 contact query/receipt, 31 closed and 32 open; numeric address matching, local bool and UI initialization/change notification scoped to client; no route/range, IR inversion or wire DIMENSION inference; repository revisions do not identify Firmware generations
C0105	libqtdevices	175e38f3b9fd751ec2c00ab09cc0aecae067f5b0	bann_automation.cpp	60075999164918edc2cc088467649b59bd73be26	f368d0705f805fe14188de454f960cc44814381b4243070aa69f0328309c2552	PPTStat::status_changed	51bee741ac8a9ba9586c11403b8df64077d1eadff34e3afc08366dabca099b36	-	-	-	-	intermediate-component	full-component-comparison	excluded	functional/who-25-transversal/dry-contact-ir.md	Intermediate/removed client variant excluded as current/deployed rule; WHO 25 contact query/receipt, 31 closed and 32 open; numeric address matching, local bool and UI initialization/change notification scoped to client; no route/range, IR inversion or wire DIMENSION inference; repository revisions do not identify Firmware generations
C0106	libqtdevices	175e38f3b9fd751ec2c00ab09cc0aecae067f5b0	bann_automation.cpp	60075999164918edc2cc088467649b59bd73be26	f368d0705f805fe14188de454f960cc44814381b4243070aa69f0328309c2552	PPTStat::inizializza	5c46d8f6a4b65b984a1c55bbe3497a132b48237dffa6af99dcb16dfbb4f8bd18	-	-	-	-	intermediate-component	full-component-comparison	excluded	functional/who-25-transversal/dry-contact-ir.md	Intermediate/removed client variant excluded as current/deployed rule; WHO 25 contact query/receipt, 31 closed and 32 open; numeric address matching, local bool and UI initialization/change notification scoped to client; no route/range, IR inversion or wire DIMENSION inference; repository revisions do not identify Firmware generations
C0107	libqtdevices	175e38f3b9fd751ec2c00ab09cc0aecae067f5b0	bann_automation.cpp	60075999164918edc2cc088467649b59bd73be26	f368d0705f805fe14188de454f960cc44814381b4243070aa69f0328309c2552	outside	dd8d29c32f9aa0760f420da21947149969b9f3946b4d81b1ab980aa092e2b74b	-	-	-	-	intermediate-component	declaration/scope-screen	excluded	-	Matching declarations/enums/XML/build fields compared; metadata IDs, image labels, fixture addresses and comment-only range/timing statements do not independently establish wire operations or physical behavior; constants checked with executable delegates separately
C0108	libqtdevices	175e38f3b9fd751ec2c00ab09cc0aecae067f5b0	bann_automation.h	ead0e4c97234474a951633082ec4592e9c6154a4	5bd90198af0f9a8f3cb560d9794babc14066d3e50e6713a8c74d987be2c0a248	outside	6a4d5a5156d0063302be4f23045e805562fc2185d7711af89184befe16a79c16	-	C0096	-	-	intermediate-component	declaration/scope-screen	excluded	-	Matching declarations/enums/XML/build fields compared; metadata IDs, image labels, fixture addresses and comment-only range/timing statements do not independently establish wire operations or physical behavior; constants checked with executable delegates separately
C0109	libqtdevices	175e38f3b9fd751ec2c00ab09cc0aecae067f5b0	bann_scenario.cpp	3392aa05929464815bff0b2404ab745dcfba8ae9	68d830e0af6cd9fa1acbb6ea66dad775aed077cbed14917bac367d5121ff3678	ScheduledScenario::ScheduledScenario	8d79c8504da7d86a5c781bf5395bb733e7d11572f00761c11539c17bda723ccd	-	-	-	-	intermediate-component	consumer-field-comparison	excluded	-	Selected matching fields and nearby lines compared; unrelated temperature/audio/test-registration or generic factory fields are scope evidence, not full semantic review; no new CEN/CEN+ wire rule
C0110	libqtdevices	175e38f3b9fd751ec2c00ab09cc0aecae067f5b0	bann_scenario.cpp	3392aa05929464815bff0b2404ab745dcfba8ae9	68d830e0af6cd9fa1acbb6ea66dad775aed077cbed14917bac367d5121ff3678	PPTSce::PPTSce	c5bce8539afc9f45ca5032d68d906c69132a106702305dedee0d461c78b4b349	-	C0081	-	-	intermediate-component	full-component-comparison	excluded	functional/who-25-transversal/README.md	Intermediate/removed client variant excluded as current/deployed rule; WHO 25 11..15 writers and press/repeat/release controller; one-second timer and stop callbacks are client behavior, not CEN+ long-press timing, physical step domain or device feedback; repository revisions do not identify Firmware generations
C0111	libqtdevices	175e38f3b9fd751ec2c00ab09cc0aecae067f5b0	bann_scenario.h	739794e6358b4100446b1c9a8d7a7b345ca2ebc7	99e705ea53d47d765a58c8f5fb1046a3f240e8ad6b6754291646f8de1db01a04	outside	ee39b99aa02bf436d6d3382ff1c885b05e5c750304f55eede1ba1f0fd976d74e	-	C0082	-	-	intermediate-component	declaration/scope-screen	excluded	-	Matching declarations/enums/XML/build fields compared; metadata IDs, image labels, fixture addresses and comment-only range/timing statements do not independently establish wire operations or physical behavior; constants checked with executable delegates separately
C0112	libqtdevices	175e38f3b9fd751ec2c00ab09cc0aecae067f5b0	device.cpp	fe9973686cce3e9364338bd27e0f402b9f2202e8	8409cc3228b8d4d8edad237d99053d03d0a810c7c30e78545154c85b9bd9a593	device::device	565c9e7802c232e90733482a55a6f6db65d551f7704538b6870f0e3d326d80e1	assert[1]:b72384d7c4d8300e99f8ab99d28a5209d0b8e03ae90c6c414e886b3c31b5c5f4	C0092	C0021	-	intermediate-component	consumer-field-comparison	excluded	-	Selected matching fields and nearby lines compared; unrelated temperature/audio/test-registration or generic factory fields are scope evidence, not full semantic review; no new CEN/CEN+ wire rule
C0113	libqtdevices	175e38f3b9fd751ec2c00ab09cc0aecae067f5b0	frame_interpreter.cpp	76afbd345dc95cb3b2c1d1b96236cec8a39b6896	2747c276b23d31edf791e294133bc1d68d5934a009e072d4e1989c5237c12f9a	frame_interpreter_temperature_probe::handle_frame_handler	db6c72296a0f44a88e6fbb0d7759ca5be74a43ed3fcdba6c1fcd62d6bb181100	-	-	-	-	intermediate-component	consumer-field-comparison	excluded	-	Selected matching fields and nearby lines compared; unrelated temperature/audio/test-registration or generic factory fields are scope evidence, not full semantic review; no new CEN/CEN+ wire rule
C0114	libqtdevices	175e38f3b9fd751ec2c00ab09cc0aecae067f5b0	main.h	7288c926c6d47cd303883a768b66908b89f12977	ddd6084ac1e0fd884000237671f6858166a34cae19d951e8dbd9a9142a43e353	outside	dc8782bb03ae362e2c687ef977f45fcf41ea54fd7d4aff0dba80504ebf03676d	-	-	-	-	intermediate-component	declaration/scope-screen	excluded	-	Matching declarations/enums/XML/build fields compared; metadata IDs, image labels, fixture addresses and comment-only range/timing statements do not independently establish wire operations or physical behavior; constants checked with executable delegates separately
C0115	libqtdevices	175e38f3b9fd751ec2c00ab09cc0aecae067f5b0	scenario.cpp	92e1bedef6e7984cf98cd856a779a4afe1338c37	2e85a1872a0fe7a36cb51f0f33fbd0d4f33181e6da6ab6214b0c7021247103e8	Scenario::getBanner	760f1c8d736c3b897dc07a250222cf58b12a90bd7fb85ce7e141139f11894e39	-	C0087	-	-	intermediate-component	full-component-comparison	excluded	functional/who-15-cen/README.md	Intermediate/removed client variant excluded as current/deployed rule; Complete factory/loader body compared for contact WHO25 and ScenarioPlus delegates or configured WHO15 actions; product/build selectors, conditional legacy assembly and delimiter concatenation do not define wire address capacities; unrelated factory branches add no new claim; repository revisions do not identify Firmware generations
C0116	libqtdevices	175e38f3b9fd751ec2c00ab09cc0aecae067f5b0	scenario_device.cpp	b18dcf8f5e12a7101abfb60e91b13146e8efed14	31ffaa916924a7556e611f34b0900e555ea7a052f2ee1545b37468f88c7e6b22	PPTSceDevice::PPTSceDevice	0a3bcd4f31a387567129eeda247a78b1c007b8cc0b40efa56deb7bf077c725dc	-	C0060	-	-	intermediate-component	full-component-comparison	excluded	functional/who-25-transversal/README.md	Intermediate/removed client variant excluded as current/deployed rule; WHO 25 11..15 writers and press/repeat/release controller; one-second timer and stop callbacks are client behavior, not CEN+ long-press timing, physical step domain or device feedback; repository revisions do not identify Firmware generations
C0117	libqtdevices	175e38f3b9fd751ec2c00ab09cc0aecae067f5b0	scenario_device.h	b4c2e19931d41e747b5374a67c8f9a96eac2c24f	e40bc713ea40aef0f3082b1e3f4fbc706e9c5cf4573431b2acdace7a2c74191e	outside	67555908eb8e275106aac2934b5cc50518556f9d25fa99867c006f2edf44ca0a	-	C0067	-	-	intermediate-component	declaration/scope-screen	excluded	-	Matching declarations/enums/XML/build fields compared; metadata IDs, image labels, fixture addresses and comment-only range/timing statements do not independently establish wire operations or physical behavior; constants checked with executable delegates separately
C0118	libqtdevices	175e38f3b9fd751ec2c00ab09cc0aecae067f5b0	test/test_main.cpp	8f79ad6688af08d62d0e76515644a76171c2b6f0	2f93ffac84120b9760aadadd568ad7a0a0fb81bcef97874943c492781c8e1679	main	1d8e24de65c8eb9c735957e398b089b01544b704dae7b8881a8ecb28cecb0f51	-	C0097	-	-	intermediate-component	consumer-field-comparison	excluded	-	Selected matching fields and nearby lines compared; unrelated temperature/audio/test-registration or generic factory fields are scope evidence, not full semantic review; no new CEN/CEN+ wire rule
C0119	libqtdevices	4e5396bd37dfc40d7d772f55521a0d95bd761f46	scenario.cpp	796efd709f0983d5228936194c5a2c3ed7b600a4	af16d02b9e93fcef97d47a8472acc24afad43dedc4129798b933d1901a8e411b	Scenario::getBanner	06f92d24a10a63866b87f3efda0faac4a588f72b0a985afbb26f4884a7557e25	-	C0115	-	-	intermediate-component	full-component-comparison	excluded	functional/who-15-cen/README.md	Intermediate/removed client variant excluded as current/deployed rule; Complete factory/loader body compared for contact WHO25 and ScenarioPlus delegates or configured WHO15 actions; product/build selectors, conditional legacy assembly and delimiter concatenation do not define wire address capacities; unrelated factory branches add no new claim; repository revisions do not identify Firmware generations
C0120	libqtdevices	32d3b893c10213e91a2ebecc3cd8948b69fdda7e	scenario.cpp	d441422719903a762bd017ac71f95186383249b1	66f9458df70e3744e2300fde85af2e4eae225b4306c4cd56b02933185ed8a29e	Scenario::getBanner	71d33d5c9caf7b5e815bcfaf01f56fbd2b9c5d1ef6ab8bb12bc42ec2b4f47eeb	-	C0119	-	-	intermediate-component	full-component-comparison	excluded	functional/who-15-cen/README.md	Intermediate/removed client variant excluded as current/deployed rule; Complete factory/loader body compared for contact WHO25 and ScenarioPlus delegates or configured WHO15 actions; product/build selectors, conditional legacy assembly and delimiter concatenation do not define wire address capacities; unrelated factory branches add no new claim; repository revisions do not identify Firmware generations
C0121	libqtdevices	2690ecd1c457ce6de96b1254464c55b889e6fb0f	scenario.cpp	8d16de9eeda0403526cc7df1814eb069ac8e5b41	e725c5ff71a2a447529eb8a74eeb93b869a018a9f49960e41f349818d6163150	Scenario::getBanner	0b7af9f06950405beb5ef1d51fb3fd7bae2a457de40312a79c41102b91dd4867	-	C0120	-	-	intermediate-component	full-component-comparison	excluded	functional/who-15-cen/README.md	Intermediate/removed client variant excluded as current/deployed rule; Complete factory/loader body compared for contact WHO25 and ScenarioPlus delegates or configured WHO15 actions; product/build selectors, conditional legacy assembly and delimiter concatenation do not define wire address capacities; unrelated factory branches add no new claim; repository revisions do not identify Firmware generations
C0122	libqtdevices	6eed13ffd2c616e742b969a9350cac1068807f56	frame_interpreter.cpp	e24595ceffe3717e86925709ffa4b227558cb59d	95e86be15d3de993850366c5e950ab52ca0659c7fe6693f45b23ca1c6560b5cf	frame_interpreter_temperature_probe::handle_frame_handler	afbdbc8a620637ba20561c4fe8640d4f022d2e22830f9a45edd5449ca957b204	-	C0113	C0113	-	intermediate-component	consumer-field-comparison	excluded	-	Selected matching fields and nearby lines compared; unrelated temperature/audio/test-registration or generic factory fields are scope evidence, not full semantic review; no new CEN/CEN+ wire rule
C0123	libqtdevices	b3ac7bd398874316730de69c911ff06fc9e2fdb6	automation.cpp	573d4dacf7259fab30a7f1e477539d777bd5833c	dfa9785d9656a175366c6d0efc992c41c06cbf8838c11c87ac8d64c22c7ec57b	Automation::loadItems	451db28130c86d3e5633db573aef85adca5008aa3e849da605c0fddcd101749f	assert[1]:fc624f6bb51d402aba5deb250e75ef2d6dc4d90e2738a615327f659fe6cc5b6b	C0099	-	-	intermediate-component	full-component-comparison	excluded	functional/who-25-transversal/dry-contact-ir.md	Intermediate/removed client variant excluded as current/deployed rule; Complete factory/loader body compared for contact WHO25 and ScenarioPlus delegates or configured WHO15 actions; product/build selectors, conditional legacy assembly and delimiter concatenation do not define wire address capacities; unrelated factory branches add no new claim; repository revisions do not identify Firmware generations
C0124	libqtdevices	b3ac7bd398874316730de69c911ff06fc9e2fdb6	test/test_main.cpp	365655ea5d94705f9be68e0c5b94ce2b56ef46b3	c8b5edaa0c0ea26749f7cb4e23062b7d367c8d5b171a8d5cd88c4ca0e98973bb	main	b7de686d887e358167d7c521441e4fd99b08bebedbd4598c9207e1920d163adc	-	C0118	C0118	-	intermediate-component	consumer-field-comparison	excluded	-	Selected matching fields and nearby lines compared; unrelated temperature/audio/test-registration or generic factory fields are scope evidence, not full semantic review; no new CEN/CEN+ wire rule
C0125	libqtdevices	721be68cf1af1445970e7907c7458c927692ce33	automation.cpp	ad7385b4d22737c2164344835876510f9a33ef68	d75a50fc5716f2cd578e82f7d75eda875e101d253eecb2f7f1df906145e323c6	Automation::getBanner	753dad46c03fc1bd80f7dd0db4f6df571b1ac6428154e6cdcb887befb7750a86	Q_ASSERT_X[1]:41df64dd241fcc037fb9839a8b2f647ce6806d81f16a39becec978c904411219	C0093	-	-	intermediate-component	full-component-comparison	excluded	functional/who-25-transversal/dry-contact-ir.md	Intermediate/removed client variant excluded as current/deployed rule; Complete factory/loader body compared for contact WHO25 and ScenarioPlus delegates or configured WHO15 actions; product/build selectors, conditional legacy assembly and delimiter concatenation do not define wire address capacities; unrelated factory branches add no new claim; repository revisions do not identify Firmware generations
C0126	libqtdevices	292e46cfbf0023c9e8aca584e8e7c45c2c7785ac	automation.cpp	a8ed57fd8dd6fe4459ede868e08fe2656fbc8b50	9b249855a216ac16dba52c9afdd0f1618472a42c29c9dde357bd3cc8f8916e9a	Automation::loadItems	aae77c2f354fa525360828a654a04f55da2fadd35b130f9e7eafd4ba776a4094	assert[1]:fc624f6bb51d402aba5deb250e75ef2d6dc4d90e2738a615327f659fe6cc5b6b	C0123	-	-	intermediate-component	full-component-comparison	excluded	functional/who-25-transversal/dry-contact-ir.md	Intermediate/removed client variant excluded as current/deployed rule; Complete factory/loader body compared for contact WHO25 and ScenarioPlus delegates or configured WHO15 actions; product/build selectors, conditional legacy assembly and delimiter concatenation do not define wire address capacities; unrelated factory branches add no new claim; repository revisions do not identify Firmware generations
C0127	libqtdevices	752a66a7b6dacedbfa249861249270b59579bec3	devices/test/test_main.cpp	5ed5c167fb2f92d81f4d1c24246048f9a9823b20	655eac302befc289890e7c56ecc084f0ca186c70de3f71494a6270b7d4bb4e7e	main	b397cb7a9baddb9026567e8b4043fc1f7ec0a33bd72a3de6d220b38d88962d59	-	C0124	C0000	-	intermediate-component	consumer-field-comparison	excluded	-	Selected matching fields and nearby lines compared; unrelated temperature/audio/test-registration or generic factory fields are scope evidence, not full semantic review; no new CEN/CEN+ wire rule
C0128	libqtdevices	d27516c37f4bb03a150749d238cc7fb494cc7625	automation.cpp	46f7ef8001218d4a4efd652e4a98e060a7877090	1d5898f9b5ccb71bcc5d10ea35445116e64a940c05d95616c61f1e0b8e7cdae2	Automation::getBanner	c1c01f2bc998ebf73a69829eed458ee552781d0e2412bfa6dafc8cd89309ef94	-	C0125	-	-	intermediate-component	full-component-comparison	excluded	functional/who-25-transversal/dry-contact-ir.md	Intermediate/removed client variant excluded as current/deployed rule; Complete factory/loader body compared for contact WHO25 and ScenarioPlus delegates or configured WHO15 actions; product/build selectors, conditional legacy assembly and delimiter concatenation do not define wire address capacities; unrelated factory branches add no new claim; repository revisions do not identify Firmware generations
C0129	libqtdevices	c67383c1b64f405cb347d134e6450b3d81eae9bc	automation.cpp	8cee7ae4dd31973a2acb3623fc2dede4f39f1389	c7e1f776ee5c40b407ea117ce20d726354ede30bf6a12a6c366d07a7d5907c7f	Automation::getBanner	95164960b53bb166fcabc6996f824036178669580f650b41f88a9f31681796e9	Q_ASSERT_X[1]:41df64dd241fcc037fb9839a8b2f647ce6806d81f16a39becec978c904411219	C0128	-	-	intermediate-component	full-component-comparison	excluded	functional/who-25-transversal/dry-contact-ir.md	Intermediate/removed client variant excluded as current/deployed rule; Complete factory/loader body compared for contact WHO25 and ScenarioPlus delegates or configured WHO15 actions; product/build selectors, conditional legacy assembly and delimiter concatenation do not define wire address capacities; unrelated factory branches add no new claim; repository revisions do not identify Firmware generations
C0130	libqtdevices	be2e101e0ba496c120e0e0e2598f5c1994c30da1	devices/test/test_main.cpp	b0e1c8128c30ed68b96c45e11cc0d72a27fa5e91	838b39b6628a680287d1587b8e8624791421135b268dfe620783e7eb4a5bfcd6	main	a28df8efa6e07c4b0e6b85b2fc13fad3eb29f2b934ef7cc61891be16074606ee	-	C0127	C0000	-	intermediate-component	consumer-field-comparison	excluded	-	Selected matching fields and nearby lines compared; unrelated temperature/audio/test-registration or generic factory fields are scope evidence, not full semantic review; no new CEN/CEN+ wire rule
C0131	libqtdevices	be2e101e0ba496c120e0e0e2598f5c1994c30da1	test/test_scenevodevicescond.cpp	5e63857fa27123de2568b3a0710fea1eda9bbff8	3966d7bdd3fb146b5702dacc8a76d7019836e7556cfb9a51d7a001c89aa6d3e7	TestScenEvoDevicesCond::testExternalTemperature1	fbefe2620fd94c208e58b16eeae7fd3be1818a9fa51e54dbfd5aa00175ab2209	checkCondition[1]:3d068393fad3ed0a074c0372874c6974370034777a2e3080a12083076bff1017;checkCondition[2]:99c738d772331f269d4de4205583bcbc98cd50160581c88b87a7b742a7e65dad;checkCondition[3]:67fe963ff0cd5075cdded913f7f53a4acc05776952aad127bacae12236a090c4	C0039	-	scenario:S1431	intermediate-component	prior-semantic-review-reuse	excluded	scenario-engine/execution-model.md	Exact semantic body reused from scenario review S1431; same original behavior, not independent corroboration or a new whole-file verdict
C0132	libqtdevices	be2e101e0ba496c120e0e0e2598f5c1994c30da1	test/test_scenevodevicescond.cpp	5e63857fa27123de2568b3a0710fea1eda9bbff8	3966d7bdd3fb146b5702dacc8a76d7019836e7556cfb9a51d7a001c89aa6d3e7	TestScenEvoDevicesCond::testExternalTemperatureMinMax	976f7eca2fa05c4aece300caa83e31d4acfe9159ad7bf49c6bab0d3b72e26855	checkCondition[1]:9b2dd01915ea9990c914f12cd4154f23111242e2e962160ba7438bd6d2d89f4a;checkCondition[2]:b233df2897cd3992872ef41cb04cc72bce43d1dced00a65b326fedc1ba2b27ea;checkCondition[3]:061b8821f9f731b66812a23163f978f16d71c76e0cdf3a2118eb6dd06d53f161;checkCondition[4]:cb2cbd16b595be4111a1fef5a13163141ef1c620f24d80b2c233287687e889df;checkCondition[5]:e971976c1fd12bddbe8aea20c9c474f5873f5252a4af50667721a589cdbd9cc2;checkCondition[6]:3acee8a49a91dd47ad3f1e04b0da60a8fe0f192b4fcea8e8b828c2ce4679fab8	C0045	-	scenario:S1432	intermediate-component	prior-semantic-review-reuse	excluded	scenario-engine/execution-model.md	Exact semantic body reused from scenario review S1432; same original behavior, not independent corroboration or a new whole-file verdict
C0133	libqtdevices	cdeebc0b616d5661f75cd9c77976255bdf44d9df	automation.cpp	d704ef34d8a1103dc39fc92caf22d4aa140569f5	f75f615c475a60b4ad820e75a5b149dc97a68fa77a296bd73889bad12e998b49	Automation::getBanner	adbe88b4eda2c9040decc0605007d83ea9f59a7a17ac4e9d944d8f582938e496	Q_ASSERT_X[1]:41df64dd241fcc037fb9839a8b2f647ce6806d81f16a39becec978c904411219	C0129	-	-	intermediate-component	full-component-comparison	excluded	functional/who-25-transversal/dry-contact-ir.md	Intermediate/removed client variant excluded as current/deployed rule; Complete factory/loader body compared for contact WHO25 and ScenarioPlus delegates or configured WHO15 actions; product/build selectors, conditional legacy assembly and delimiter concatenation do not define wire address capacities; unrelated factory branches add no new claim; repository revisions do not identify Firmware generations
C0134	libqtdevices	1120c51fc47b2b7a40c77955566816c354556f2f	automation.cpp	e923a7868b633be974147250e9832bdeadea2c4f	0f034b95dac42790b422547364cb926bcf4a647789aa88ff1310e2ada22d1f52	Automation::getBanner	31049992fa15738da37dd8faace3762a2aa1f0ab32af5a5195a118c1372551e6	Q_ASSERT_X[1]:41df64dd241fcc037fb9839a8b2f647ce6806d81f16a39becec978c904411219	C0133	-	-	intermediate-component	full-component-comparison	excluded	functional/who-25-transversal/dry-contact-ir.md	Intermediate/removed client variant excluded as current/deployed rule; Complete factory/loader body compared for contact WHO25 and ScenarioPlus delegates or configured WHO15 actions; product/build selectors, conditional legacy assembly and delimiter concatenation do not define wire address capacities; unrelated factory branches add no new claim; repository revisions do not identify Firmware generations
C0135	libqtdevices	f49475d39f2a9408720a9f279b20ca393ac8c359	automation.cpp	94a7cbb8c9c0838d6f418a7d47f53da59c9a3050	36a3a12a58ec2c757cdabd20fa9d7d6597614a5c1dbfefa9832db75710c508f7	Automation::getBanner	7e7e2b71a3520749acb500c6b9b0a842bfe5ec92cae000c0153d8a6ded37a26b	Q_ASSERT_X[1]:41df64dd241fcc037fb9839a8b2f647ce6806d81f16a39becec978c904411219	C0134	-	-	intermediate-component	full-component-comparison	excluded	functional/who-25-transversal/dry-contact-ir.md	Intermediate/removed client variant excluded as current/deployed rule; Complete factory/loader body compared for contact WHO25 and ScenarioPlus delegates or configured WHO15 actions; product/build selectors, conditional legacy assembly and delimiter concatenation do not define wire address capacities; unrelated factory branches add no new claim; repository revisions do not identify Firmware generations
C0136	libqtdevices	72b12a0bee6405b5c9de6e864bb53126020ebc3b	automation.cpp	5de522730cfd78ecf78b0489b9e7a312e39020f0	80b1b4faf816d6f06ec7b6de168420c483b8df15e390e4dd62223e427f92fd00	Automation::getBanner	363b26c355580de1f06f798c1ef9c48bd46f151f05dd5e4063fe542a1853a3fc	Q_ASSERT_X[1]:41df64dd241fcc037fb9839a8b2f647ce6806d81f16a39becec978c904411219	C0135	-	-	intermediate-component	full-component-comparison	excluded	functional/who-25-transversal/dry-contact-ir.md	Intermediate/removed client variant excluded as current/deployed rule; Complete factory/loader body compared for contact WHO25 and ScenarioPlus delegates or configured WHO15 actions; product/build selectors, conditional legacy assembly and delimiter concatenation do not define wire address capacities; unrelated factory branches add no new claim; repository revisions do not identify Firmware generations
C0137	libqtdevices	4c0d9d77266b35320ea1c68259b5b8e314cef17e	automation.cpp	7f35edc90211b65269631a486c7c179b7b8187e6	c81f4eecbdd4765c581433b11f5c826e4bb10557600b4d6d9bd5b8f021da5c5d	Automation::getBanner	bb16e4eca4d87ebe1324081ee5311bd1a345364c7bab4e8e077661d4b8d72d1d	Q_ASSERT_X[1]:41df64dd241fcc037fb9839a8b2f647ce6806d81f16a39becec978c904411219	C0136	-	-	intermediate-component	full-component-comparison	excluded	functional/who-25-transversal/dry-contact-ir.md	Intermediate/removed client variant excluded as current/deployed rule; Complete factory/loader body compared for contact WHO25 and ScenarioPlus delegates or configured WHO15 actions; product/build selectors, conditional legacy assembly and delimiter concatenation do not define wire address capacities; unrelated factory branches add no new claim; repository revisions do not identify Firmware generations
C0138	libqtdevices	4d64ebb569f8660f063897a81ed7fc315b61d140	devices/test/test_main.cpp	9f55dceeae9d9f6a68c16fada8560a06e445e674	940d6c2482d4530eb1fe910525dfc9c4d51101ca44665fe56387c62606a8715a	main	fb4ee3ba5f12c8abfa394e542a7fc818c23c8caa2d7e377c8a64ed001bb634bc	-	C0130	C0118	-	intermediate-component	consumer-field-comparison	excluded	-	Selected matching fields and nearby lines compared; unrelated temperature/audio/test-registration or generic factory fields are scope evidence, not full semantic review; no new CEN/CEN+ wire rule
C0139	libqtdevices	eb62032fad6a2d81afd26fbba95a44f13626994e	devices/scenario_device.cpp	fd1f0cf6e98912fd7436ff54177f3d19dcecc5a5	1d67ead5c1e7f78a2c59d49f3fa017b0e776fbc2da2c3c0874dcffc13d90f10a	outside	243d5e4754321564a0d0a4f77632c40c26a3a4ecfe4d92d6b03026a17a4f849a	-	C0066	-	-	intermediate-component	declaration/scope-screen	excluded	-	Matching declarations/enums/XML/build fields compared; metadata IDs, image labels, fixture addresses and comment-only range/timing statements do not independently establish wire operations or physical behavior; constants checked with executable delegates separately
C0140	libqtdevices	8211ad06dd9917f017d3b82ea779479a9459e65b	devices/test/test_main.cpp	eb680ef9cfce321f0ab4b4125bf8ae44e36f363d	2e18404e620a82ef100ce8d672e21826d618e7b631b545271115ce21dba7660c	main	6c44cf068472adb836bd4da7392e85962784986a273bb062aecac370eec12cf5	-	C0138	C0118	-	intermediate-component	consumer-field-comparison	excluded	-	Selected matching fields and nearby lines compared; unrelated temperature/audio/test-registration or generic factory fields are scope evidence, not full semantic review; no new CEN/CEN+ wire rule
C0141	libqtdevices	bef820facce6634ad72d501d3d3e815119b9bbb9	devices/device.cpp	b6ae65bee480290f0e05d263476a7669ee747b08	35f211160d89750c4a14f9201b02220a8cf4c49e025413a73ebc62fab9a5c18d	device::device	1b677dac1b181c31828474c693ae23f98470b1a37c4b59effd6bf83724549225	-	C0112	C0021	-	intermediate-component	consumer-field-comparison	excluded	-	Selected matching fields and nearby lines compared; unrelated temperature/audio/test-registration or generic factory fields are scope evidence, not full semantic review; no new CEN/CEN+ wire rule
C0142	libqtdevices	3f238833ba5d40387b48c4d1acaee204545f296e	devices/test/test_main.cpp	0d0c92e0a53863ee69e7a51d2ed4d1b3d1af5331	24cfb03d7c7b7d12e75bd43acd9e37060f925624fe20b0ec3357693c4ec00a05	main	696139ac6fb36355e9d4ff3bedb459aee7da98176286444d36499cd66e7c3d6e	-	C0140	C0118	-	intermediate-component	consumer-field-comparison	excluded	-	Selected matching fields and nearby lines compared; unrelated temperature/audio/test-registration or generic factory fields are scope evidence, not full semantic review; no new CEN/CEN+ wire rule
C0143	libqtdevices	eee79c4eeac25b2d11f1f86825a78fa7619d8cf9	devices/test/test_main.cpp	fccec531781574a06f84bdeebccae7c99ab6ef0e	76cd1a55a83da15fc676c31018a64d77fa253ed0fcf8f42a9716b0bbcbb46218	main	249867db65979ac89493e708de1ca6a98dbf65c43d3527094dab5e4ee7aa8348	-	C0142	C0118	-	intermediate-component	consumer-field-comparison	excluded	-	Selected matching fields and nearby lines compared; unrelated temperature/audio/test-registration or generic factory fields are scope evidence, not full semantic review; no new CEN/CEN+ wire rule
C0144	libqtdevices	4ef68d0389449cb2e35eca1186eb9611015ad3d6	bann_automation.cpp	8db86a79b4c9a97fa5d3b37af3c7b9c896118544	5341905008dbcfbd9d0242e60a89f0acaaf4186d9d0ea4c248fe227df5a62ece	PPTStat::PPTStat	e493fd76d062d7aef01cf712f1307d795c7e0413d618a88e85668ea36fbd34c9	-	C0104	-	-	intermediate-component	full-component-comparison	excluded	functional/who-25-transversal/dry-contact-ir.md	Intermediate/removed client variant excluded as current/deployed rule; WHO 25 contact query/receipt, 31 closed and 32 open; numeric address matching, local bool and UI initialization/change notification scoped to client; no route/range, IR inversion or wire DIMENSION inference; repository revisions do not identify Firmware generations
C0145	libqtdevices	4ef68d0389449cb2e35eca1186eb9611015ad3d6	devices/automation_device.cpp	9d6940c028a9b3b987e2466f9e21a9c801e71e35	377cd3bb805aeb76efdb8a95fd4c8e1c8d86d0961db812223ab29d73731feebc	PPTStatDevice::manageFrame	381d7632b612502e221b0160643a46cdc3949b3c8ec88dd530af08753c49fefd	-	C0101	-	-	intermediate-component	full-component-comparison	excluded	functional/who-25-transversal/dry-contact-ir.md	Intermediate/removed client variant excluded as current/deployed rule; WHO 25 contact query/receipt, 31 closed and 32 open; numeric address matching, local bool and UI initialization/change notification scoped to client; no route/range, IR inversion or wire DIMENSION inference; repository revisions do not identify Firmware generations
C0146	libqtdevices	4ef68d0389449cb2e35eca1186eb9611015ad3d6	devices/device.cpp	ecd023d728e5bbbf95095530545ab4da35a3b940	524e766c10b5fb7bf2ffba40daf0af5d500819a4e5c515005f7218e919c05cc3	device::device	721ca6abff7befd20b0617d9f538d4215a684076db47a173701a3a021d58d4de	-	C0141	C0021	-	intermediate-component	consumer-field-comparison	excluded	-	Selected matching fields and nearby lines compared; unrelated temperature/audio/test-registration or generic factory fields are scope evidence, not full semantic review; no new CEN/CEN+ wire rule
C0147	libqtdevices	4ef68d0389449cb2e35eca1186eb9611015ad3d6	devices/test/test_automation_device.cpp	4300088bf34bb3131e0157048ada34d435598660	94a8102469dee5c7c82a5a6f9276ecff96066056e5e7ab5777a88533caf988a6	TestPPTStatDevice::receiveStatus	26132df9023af0edac2e9976acb3ce6ff6c035d080876c1704ee64e875a909fb	check[1]:334db31ab7e9c234e5195eaedf89ec6df968212c5d405717796b580dabf9e4e8;check[2]:216e420c3e5b6024bab698bfffa1883c23c8beb99407b5a689232baeaab605c2;check[3]:ac8bd0c663106eecf676987bb3a4bb3de0a8502509a5ef27e91ca2f4979898c9;check[4]:026fe8164f18de6ca40f7585433563adbc2cc744942256f5cb2d4ccf5703704f	C0033	-	-	intermediate-component	full-component-comparison	excluded	functional/who-25-transversal/dry-contact-ir.md	Intermediate/removed client variant excluded as current/deployed rule; WHO 25 contact query/receipt, 31 closed and 32 open; numeric address matching, local bool and UI initialization/change notification scoped to client; no route/range, IR inversion or wire DIMENSION inference; repository revisions do not identify Firmware generations
C0148	libqtdevices	4ef68d0389449cb2e35eca1186eb9611015ad3d6	devices/test/test_main.cpp	1f55f8dfa470737543a7d6f20d5de74ded876a1d	f97416b7645b6dc9764c4570a1305d0c72d3d04fce757a648a9f1fb7a3a832f6	main	9f9c790e8ee069bfce5cbe18fad3c5f0e1af04eda57c2d69ab9cf5e1dd0bf231	-	C0143	C0118	-	intermediate-component	consumer-field-comparison	excluded	-	Selected matching fields and nearby lines compared; unrelated temperature/audio/test-registration or generic factory fields are scope evidence, not full semantic review; no new CEN/CEN+ wire rule
C0149	libqtdevices	f7c0924323996a1b0f29dcc5b909db049d2a9af5	devices/automation_device.cpp	51796ffbf2a8c4ddcadbace8de555ac34883b3e2	01ee412a0380595aa5465b7e39de798876e87012ff2ea5cc49345915c7493e93	PPTStatDevice::parseFrame	d2629fb43982070e920d164b803e95189d715cc9ed661a1efdecbd54c737458f	-	C0098	-	-	intermediate-component	full-component-comparison	excluded	functional/who-25-transversal/dry-contact-ir.md	Intermediate/removed client variant excluded as current/deployed rule; WHO 25 contact query/receipt, 31 closed and 32 open; numeric address matching, local bool and UI initialization/change notification scoped to client; no route/range, IR inversion or wire DIMENSION inference; repository revisions do not identify Firmware generations
C0150	libqtdevices	56d841f6deb7b7636f360e2f76379a4e28333e2e	automation_device.cpp	1f3d9af72079a4499541b7376976b306eb24f068	cbee3916ad0effe7b95e9764182cb511e2b86994bf60ac4b1bc77c4a5ea2bc36	PPTStatDevice::manageFrame	d28516d9e854d70e24744c1bbd4a93091453978f6c5c230989a10854a1f828e6	-	C0145	-	-	intermediate-component	full-component-comparison	excluded	functional/who-25-transversal/dry-contact-ir.md	Intermediate/removed client variant excluded as current/deployed rule; WHO 25 contact query/receipt, 31 closed and 32 open; numeric address matching, local bool and UI initialization/change notification scoped to client; no route/range, IR inversion or wire DIMENSION inference; repository revisions do not identify Firmware generations
C0151	libqtdevices	a4537cb0c7ccc05273582f983389748072ce7249	bann_automation.cpp	e08179ec245a786252ab68e00e5fbe38ef53786d	65bd91912886825a07b109916fffc6fe147e08047c5185af53d96ab6871dc851	PPTStat::PPTStat	3e4d2a2f08e3818de0e2bdba17d00b2cd53143326b43aaa817320cf6836ed8f6	-	C0144	-	-	intermediate-component	full-component-comparison	excluded	functional/who-25-transversal/dry-contact-ir.md	Intermediate/removed client variant excluded as current/deployed rule; WHO 25 contact query/receipt, 31 closed and 32 open; numeric address matching, local bool and UI initialization/change notification scoped to client; no route/range, IR inversion or wire DIMENSION inference; repository revisions do not identify Firmware generations
C0152	libqtdevices	a4537cb0c7ccc05273582f983389748072ce7249	bann_automation.cpp	e08179ec245a786252ab68e00e5fbe38ef53786d	65bd91912886825a07b109916fffc6fe147e08047c5185af53d96ab6871dc851	PPTStat::status_changed	daa74f880801d2e9f1a0d39703c397a67550761db852bbd34c7d57c21055597d	-	C0105	-	-	intermediate-component	full-component-comparison	excluded	functional/who-25-transversal/dry-contact-ir.md	Intermediate/removed client variant excluded as current/deployed rule; WHO 25 contact query/receipt, 31 closed and 32 open; numeric address matching, local bool and UI initialization/change notification scoped to client; no route/range, IR inversion or wire DIMENSION inference; repository revisions do not identify Firmware generations
C0153	libqtdevices	a4537cb0c7ccc05273582f983389748072ce7249	devices/automation_device.cpp	cd3f774a1320462fca0b8b34bd60ef0ab32177ab	99cc0d3517c68c9dd077cffac9397be739322f61222bf1bc75b420ac6824f049	PPTStatDevice::parseFrame	8b2540018804a5ae6851ab15882ca843225eee8ee11fa5ec775e6e3c878c5dac	-	C0149	-	-	intermediate-component	full-component-comparison	excluded	functional/who-25-transversal/dry-contact-ir.md	Intermediate/removed client variant excluded as current/deployed rule; WHO 25 contact query/receipt, 31 closed and 32 open; numeric address matching, local bool and UI initialization/change notification scoped to client; no route/range, IR inversion or wire DIMENSION inference; repository revisions do not identify Firmware generations
C0154	libqtdevices	a4537cb0c7ccc05273582f983389748072ce7249	devices/device.cpp	797650f29abecb369e25ac5be6081b4db8d4b775	586403852437e5df6c49c2514979c2bdc5237c97082b64dad000bef46e034572	device::manageFrame	222d7c551ab3950b30a9e4ed4e2da9299e35fc870e0c03351fe439616ea90e2b	-	C0022	-	auxiliary:U0290	intermediate-component	prior-semantic-review-reuse	excluded	functional/who-9-auxiliaries/README.md	Exact semantic body reused from auxiliary review U0290; same original behavior, not independent corroboration or a new whole-file verdict
C0155	libqtdevices	a4537cb0c7ccc05273582f983389748072ce7249	devices/test/test_main.cpp	75c9f6edf289210191d51dbf0e924823cf109362	744b44792522359bf5e52f53070815de5fc0929175b834fa71298051e62876f5	main	3c3e11b75ea15803a41b72e0fa02adb0e261447daa50db61d69ab7a453c674f9	-	C0148	C0118	-	intermediate-component	consumer-field-comparison	excluded	-	Selected matching fields and nearby lines compared; unrelated temperature/audio/test-registration or generic factory fields are scope evidence, not full semantic review; no new CEN/CEN+ wire rule
C0156	libqtdevices	f2e1741540471f633bc29f21cc10f6d3430f2a1e	automation.cpp	92aa1c4ee8c1c523e8776b84456d302cfd3a57fc	ce712c52dbff3ad8c9025aed68a05a48655286a7091eefc3858b8339fa5fe8af	Automation::getBanner	8933649eeccd75483a67acb50d5bfb51d596ee514208f17820f52efb60d8192d	-	C0137	-	-	intermediate-component	full-component-comparison	excluded	functional/who-25-transversal/dry-contact-ir.md	Intermediate/removed client variant excluded as current/deployed rule; Complete factory/loader body compared for contact WHO25 and ScenarioPlus delegates or configured WHO15 actions; product/build selectors, conditional legacy assembly and delimiter concatenation do not define wire address capacities; unrelated factory branches add no new claim; repository revisions do not identify Firmware generations
C0157	libqtdevices	f2e1741540471f633bc29f21cc10f6d3430f2a1e	bann_scenario.cpp	2958e2282830e6c069a98f85827094887bbb9974	acdb025f87e38fb20ac096a633ecef0ce873c426f2dcd3eba7178f84808aef37	PPTSce::PPTSce	c50be7173a695f50d502d6eb56f6887fae8f9dfcd9726fe4cc84f3ca6895d6b9	-	C0110	-	-	intermediate-component	full-component-comparison	excluded	functional/who-25-transversal/README.md	Intermediate/removed client variant excluded as current/deployed rule; WHO 25 11..15 writers and press/repeat/release controller; one-second timer and stop callbacks are client behavior, not CEN+ long-press timing, physical step domain or device feedback; repository revisions do not identify Firmware generations
C0158	libqtdevices	f2e1741540471f633bc29f21cc10f6d3430f2a1e	device.cpp	f9c6d7004970f640c616231e1e10ee879e5e4868	218fef6590b678bec293119c09d8661117b8c051d7de2268ca3f28d90c6bd915	device::device	1e9e1efbf277543b454d0dbc7139f3478a3328aadf5c9983a900ab4a9f8f7bcd	-	C0146	C0021	-	intermediate-component	consumer-field-comparison	excluded	-	Selected matching fields and nearby lines compared; unrelated temperature/audio/test-registration or generic factory fields are scope evidence, not full semantic review; no new CEN/CEN+ wire rule
C0159	libqtdevices	f2e1741540471f633bc29f21cc10f6d3430f2a1e	device.cpp	f9c6d7004970f640c616231e1e10ee879e5e4868	218fef6590b678bec293119c09d8661117b8c051d7de2268ca3f28d90c6bd915	device::manageFrame	f166fd3fc1d78e85ff941fc98d22e4cceade8c8f6ff712c6f4ccc016625fa5b5	-	C0154	-	auxiliary:U0296	intermediate-component	prior-semantic-review-reuse	excluded	functional/who-9-auxiliaries/README.md	Exact semantic body reused from auxiliary review U0296; same original behavior, not independent corroboration or a new whole-file verdict
C0160	libqtdevices	f2e1741540471f633bc29f21cc10f6d3430f2a1e	scenario.cpp	da8e38b2ff59b014d5b3513c4cbc3e34736e2d93	fa838ee9a66e903b7df596f79cfd00859cd3a66f9acbdfc9efa0d70f6ab40b29	Scenario::getBanner	16a0d593dad458cee15b7b40cd15a459b4d13770cf71dbb89a552728b29be99b	-	C0121	-	-	intermediate-component	full-component-comparison	excluded	functional/who-15-cen/README.md	Intermediate/removed client variant excluded as current/deployed rule; Complete factory/loader body compared for contact WHO25 and ScenarioPlus delegates or configured WHO15 actions; product/build selectors, conditional legacy assembly and delimiter concatenation do not define wire address capacities; unrelated factory branches add no new claim; repository revisions do not identify Firmware generations
C0161	libqtdevices	f2e1741540471f633bc29f21cc10f6d3430f2a1e	test/test_dev_automation.cpp	744ef25637736b3f50c40b6b0f3e9bb379926244	22b6b9a94cb1a0365511223fde3ea21f87da98a38da2acc20ef6ed9aa9faa3f5	TestPPTStatDevice::initTestCase	574241c0392683ecb3ca9c6c5fb6f6447e80a96c267f15935da9c2678fa51a2e	-	-	-	-	intermediate-component	full-component-comparison	excluded	functional/who-25-transversal/dry-contact-ir.md	Intermediate/removed client variant excluded as current/deployed rule; WHO 25 contact query/receipt, 31 closed and 32 open; numeric address matching, local bool and UI initialization/change notification scoped to client; no route/range, IR inversion or wire DIMENSION inference; repository revisions do not identify Firmware generations
C0162	libqtdevices	f2e1741540471f633bc29f21cc10f6d3430f2a1e	test/test_dev_automation.cpp	744ef25637736b3f50c40b6b0f3e9bb379926244	22b6b9a94cb1a0365511223fde3ea21f87da98a38da2acc20ef6ed9aa9faa3f5	TestPPTStatDevice::cleanupTestCase	7562f54fd7ff973bf4a4bbbdbd3419081257835b87349d159383aecce8e10b83	-	-	-	-	intermediate-component	full-component-comparison	excluded	functional/who-25-transversal/dry-contact-ir.md	Intermediate/removed client variant excluded as current/deployed rule; WHO 25 contact query/receipt, 31 closed and 32 open; numeric address matching, local bool and UI initialization/change notification scoped to client; no route/range, IR inversion or wire DIMENSION inference; repository revisions do not identify Firmware generations
C0163	libqtdevices	f2e1741540471f633bc29f21cc10f6d3430f2a1e	test/test_dev_automation.cpp	744ef25637736b3f50c40b6b0f3e9bb379926244	22b6b9a94cb1a0365511223fde3ea21f87da98a38da2acc20ef6ed9aa9faa3f5	TestPPTStatDevice::sendRequestStatus	1d6eaa5c7eaf65fd844c499de6aeabc057a4e53b265e73a6c31caf8400a9c3dc	QCOMPARE[1]:b3f91ed456d0afe705d0901448d67498913f01380052ca455fa7c9286c563906	-	-	-	intermediate-component	full-component-comparison	excluded	functional/who-25-transversal/dry-contact-ir.md	Intermediate/removed client variant excluded as current/deployed rule; WHO 25 contact query/receipt, 31 closed and 32 open; numeric address matching, local bool and UI initialization/change notification scoped to client; no route/range, IR inversion or wire DIMENSION inference; repository revisions do not identify Firmware generations
C0164	libqtdevices	f2e1741540471f633bc29f21cc10f6d3430f2a1e	test/test_dev_automation.cpp	744ef25637736b3f50c40b6b0f3e9bb379926244	22b6b9a94cb1a0365511223fde3ea21f87da98a38da2acc20ef6ed9aa9faa3f5	TestPPTStatDevice::receiveStatus	26132df9023af0edac2e9976acb3ce6ff6c035d080876c1704ee64e875a909fb	check[1]:334db31ab7e9c234e5195eaedf89ec6df968212c5d405717796b580dabf9e4e8;check[2]:216e420c3e5b6024bab698bfffa1883c23c8beb99407b5a689232baeaab605c2;check[3]:ac8bd0c663106eecf676987bb3a4bb3de0a8502509a5ef27e91ca2f4979898c9;check[4]:026fe8164f18de6ca40f7585433563adbc2cc744942256f5cb2d4ccf5703704f	-	-	-	intermediate-component	full-component-comparison	excluded	functional/who-25-transversal/dry-contact-ir.md	Intermediate/removed client variant excluded as current/deployed rule; WHO 25 contact query/receipt, 31 closed and 32 open; numeric address matching, local bool and UI initialization/change notification scoped to client; no route/range, IR inversion or wire DIMENSION inference; repository revisions do not identify Firmware generations
C0165	libqtdevices	f2e1741540471f633bc29f21cc10f6d3430f2a1e	test/test_dev_automation.h	04285c03919811734a71a8c5d63e69708ad83140	60ecfc50a979010b626fc5d125d6a8e8fc08f88989c7c677a3f47c71c8e78057	outside	ad0166343275474e0d15763470e97d1f4a7b0dc2e0151039c94e900260973fec	-	-	-	-	intermediate-component	declaration/scope-screen	excluded	-	Matching declarations/enums/XML/build fields compared; metadata IDs, image labels, fixture addresses and comment-only range/timing statements do not independently establish wire operations or physical behavior; constants checked with executable delegates separately
C0166	libqtdevices	f2e1741540471f633bc29f21cc10f6d3430f2a1e	test/test_main.cpp	65e88879c97d3553df847ed7855311472a0cdba1	36567d896bf1e26a52256e1b9bb3cb6160a02a67a26325751fd45a1d9905e78d	main	07718e39a8c1f43178e62811b64081bb81036d02be9ce8ef58db269cfe156a70	-	C0155	C0118	-	intermediate-component	consumer-field-comparison	excluded	-	Selected matching fields and nearby lines compared; unrelated temperature/audio/test-registration or generic factory fields are scope evidence, not full semantic review; no new CEN/CEN+ wire rule
C0167	libqtdevices	c5ebc6b73bda0d1eb63de6804e4a7833c55ae8a4	devices/test/test_main.cpp	b596bdd47da26734cc3219e680e0801212ebff8b	2c0a1da363bd42e2649166f0aad145cf9a20323041fe76bfd28a8a128383a359	main	cefc4c778a40ee12ffdc3ebc987d2082c32aaf48dceec637b797f9dd62a9f095	-	C0166	C0118	-	intermediate-component	consumer-field-comparison	excluded	-	Selected matching fields and nearby lines compared; unrelated temperature/audio/test-registration or generic factory fields are scope evidence, not full semantic review; no new CEN/CEN+ wire rule
C0168	libqtdevices	12c9883a0461df102a2af72a5b876c3f2c769cbd	devices/test/test_main.cpp	eb205097b0d488c12818a2a765a4235444831a70	41c07139b215d646718caed99825337b324d348804d465578259237a672ad6d8	main	127ca176be690eccafbcaaa68fe6fe1ea03c5964e694f654f9a9062c4c6b0410	-	C0167	C0118	-	intermediate-component	consumer-field-comparison	excluded	-	Selected matching fields and nearby lines compared; unrelated temperature/audio/test-registration or generic factory fields are scope evidence, not full semantic review; no new CEN/CEN+ wire rule
C0169	libqtdevices	3f7d7ffdf5c297be2a980a1e4b5be95fefafc022	devices/test/test_main.cpp	be3e673046f5c0a9d84608f0b238c3bffdb61423	3b43f3c89686219fd04687663e2a1b4c094f5215ae0fb64ce0c6ea1d3c93d039	main	7e400a9c181b6978192f035120a6696f9217cdf5b1e64d2383b094ff09c38331	-	C0168	C0118	-	intermediate-component	consumer-field-comparison	excluded	-	Selected matching fields and nearby lines compared; unrelated temperature/audio/test-registration or generic factory fields are scope evidence, not full semantic review; no new CEN/CEN+ wire rule
C0170	libqtdevices	814bf5d02c49d291edd6cf610d954aff2dc41b00	devices/test/test_main.cpp	941fc557cf75bc815f4ab30e201a77800dfa7ea6	b2f02889ad609422adbb72eda0fea32d2a0b2bddcde65e4a221064b66dad9b2a	main	306b59ee45416a82f0f27ccc92d104ad21807453bb5773ab6a88eeb5ea467a1e	-	C0169	C0118	-	intermediate-component	consumer-field-comparison	excluded	-	Selected matching fields and nearby lines compared; unrelated temperature/audio/test-registration or generic factory fields are scope evidence, not full semantic review; no new CEN/CEN+ wire rule
C0171	libqtdevices	fe21ae2e6fd03ea41f0ffff2be55e70a07f7656b	devices/device.cpp	934ea2444f2fb8836bde2d7eb65a0e04c8df70c7	df166732fe81342cd573c67852f70585c74840e89cb68af3f62fb965406a3f7b	device::manageFrame	55833239a25c41157dceb6078f46254807af9659d6a93d501ef4aa3f96d7e052	-	C0159	-	auxiliary:U0300	intermediate-component	prior-semantic-review-reuse	excluded	functional/who-9-auxiliaries/README.md	Exact semantic body reused from auxiliary review U0300; same original behavior, not independent corroboration or a new whole-file verdict
C0172	libqtdevices	0377110161a81096ac22af9873c9f35a30f6bda1	devices/automation_device.cpp	18e0e14577612750b9b8c9776d487c169eec761c	08a43901ea4e8eb49d9e3a4a5a6614649f398e7467cc250cfcfc851d72cf2532	PPTStatDevice::parseFrame	a47dd7a8a135b6b44b67094728acf61e4db612c32d5617fe7366295b76479db6	-	C0153	-	-	intermediate-component	full-component-comparison	excluded	functional/who-25-transversal/dry-contact-ir.md	Intermediate/removed client variant excluded as current/deployed rule; WHO 25 contact query/receipt, 31 closed and 32 open; numeric address matching, local bool and UI initialization/change notification scoped to client; no route/range, IR inversion or wire DIMENSION inference; repository revisions do not identify Firmware generations
C0173	libqtdevices	0377110161a81096ac22af9873c9f35a30f6bda1	devices/device.cpp	852ced74952704c5f816595497f220e83f43d3c0	ed935947308f8b2b3acb2be8c80d03e4b31d746ec4e820bf7f83b918866d03cb	device::manageFrame	efcea904bc9d6b061c500b100238bf84effbcb1ef58906f69e10ac26ead1603a	-	C0171	-	auxiliary:U0301	intermediate-component	prior-semantic-review-reuse	excluded	functional/who-9-auxiliaries/README.md	Exact semantic body reused from auxiliary review U0301; same original behavior, not independent corroboration or a new whole-file verdict
C0174	libqtdevices	e27546020780d09f9fdf750a9248dc1662e6ff9e	devices/test/test_main.cpp	aaa376457faa9fde2572370e9e4416f061011d1b	fdff8353d4c33fb4cacf18211976a61b65ed0d995df97655b7ed3a7f7cb03ee8	main	741c85252404546ac79f639bb7c611a1fcc13b6a2b919fdb5278a839063c5ce3	-	C0170	C0118	-	intermediate-component	consumer-field-comparison	excluded	-	Selected matching fields and nearby lines compared; unrelated temperature/audio/test-registration or generic factory fields are scope evidence, not full semantic review; no new CEN/CEN+ wire rule
C0175	libqtdevices	213b0011eca3b32cb95d6d224db9c12e50e066ca	devices/test/test_main.cpp	d9da7805c82e54b6917c9cb5459ccaec71717949	4d7477665911be5b07c971a5e77b5317b36c9d0bcd19bc497f60bc08b500c9f8	main	6654ca14cbf88f229a1203eb0d11d5fc18819509b65b4cbd531ad4f5d45d5325	-	C0174	C0118	-	intermediate-component	consumer-field-comparison	excluded	-	Selected matching fields and nearby lines compared; unrelated temperature/audio/test-registration or generic factory fields are scope evidence, not full semantic review; no new CEN/CEN+ wire rule
C0176	libqtdevices	ba1d1193fa6717c647260d29e9b89c612714e874	test/test_main.cpp	38d2fc18edb2f56136e560a23671ab0acb60470e	631bdf06694b19a23acc5374bdd89411bc2c551f47ec0c505860433d9310fdd9	main	ed7e3a1fb8902cf86f6807e7f9f7d6a17695548f219b0e234be1f5ee175c349d	-	C0175	C0118	-	intermediate-component	consumer-field-comparison	excluded	-	Selected matching fields and nearby lines compared; unrelated temperature/audio/test-registration or generic factory fields are scope evidence, not full semantic review; no new CEN/CEN+ wire rule
C0177	libqtdevices	fc8657070fc4bd7bd1916aa43eb5f52b2f9a7478	bann_scenario.cpp	caeb3420ecaafbe1198646e014f2d1be1ec36db7	efd15f4c4267bfa05f27e5dc4e42759615867568522c35dc9a1ec43f5da5fe3e	PPTSce::PPTSce	00f849a49b4c9f2da111c6c2fd7385b9268e322ecd6fbf9f0722fc05dc546d04	-	C0157	-	-	intermediate-component	full-component-comparison	excluded	functional/who-25-transversal/README.md	Intermediate/removed client variant excluded as current/deployed rule; WHO 25 11..15 writers and press/repeat/release controller; one-second timer and stop callbacks are client behavior, not CEN+ long-press timing, physical step domain or device feedback; repository revisions do not identify Firmware generations
C0178	libqtdevices	fc8657070fc4bd7bd1916aa43eb5f52b2f9a7478	bann_scenario.h	4f22cc85cc2786f870965302ded7cfd0801408b3	ed262cdd9e8fcca04ced7ceace235a8cebd549c0e752d6b4732fa2f8a84ae22a	outside	26b274347c8f626fff5050bf96287be76b16f28e4f2b114c97199de3e36f2fb6	-	C0111	-	-	intermediate-component	declaration/scope-screen	excluded	-	Matching declarations/enums/XML/build fields compared; metadata IDs, image labels, fixture addresses and comment-only range/timing statements do not independently establish wire operations or physical behavior; constants checked with executable delegates separately
C0179	libqtdevices	fc8657070fc4bd7bd1916aa43eb5f52b2f9a7478	scenario.cpp	8424c47a248f7bcc37b6385c726ecae3ee1efdb3	159d2b665873bd6f61d19061d40073fd7ea0f970eda07032a1631eebda406569	Scenario::getBanner	c35f2e906ed456ab8690412e92a53e7cc1c05bf6f1298a39b5a663c6e9675baf	-	C0160	-	-	intermediate-component	full-component-comparison	excluded	functional/who-15-cen/README.md	Intermediate/removed client variant excluded as current/deployed rule; Complete factory/loader body compared for contact WHO25 and ScenarioPlus delegates or configured WHO15 actions; product/build selectors, conditional legacy assembly and delimiter concatenation do not define wire address capacities; unrelated factory branches add no new claim; repository revisions do not identify Firmware generations
C0180	libqtdevices	50feab4bd36813a27c726128da629b5cfdbdb27e	scenario.cpp	e830fe8460d08122728a002a95c1355138e20d46	b50466334abc4d3e2fd217be146c4e27f702efef9f883ce29cad0b56cbac7bcd	Scenario::getBanner	7cc90c4ba817228bb25f733fa375154366129766487ad3b70c403004c0c210c7	-	C0179	-	-	intermediate-component	full-component-comparison	excluded	functional/who-15-cen/README.md	Intermediate/removed client variant excluded as current/deployed rule; Complete factory/loader body compared for contact WHO25 and ScenarioPlus delegates or configured WHO15 actions; product/build selectors, conditional legacy assembly and delimiter concatenation do not define wire address capacities; unrelated factory branches add no new claim; repository revisions do not identify Firmware generations
C0181	libqtdevices	50feab4bd36813a27c726128da629b5cfdbdb27e	touchx/skin.xml	1d947260ad641bb95422287d8a0577dc940a6e5f	fea705963b64aefb93e7b387f40dd7857da577b3f8e0b0d00847f0271ae9e62e	outside	ccb5a2217648eea191d28c7282eda9bb1316c281403946e0cdd5a9b4db84a338	-	C0083	-	-	intermediate-component	declaration/scope-screen	excluded	-	Matching declarations/enums/XML/build fields compared; metadata IDs, image labels, fixture addresses and comment-only range/timing statements do not independently establish wire operations or physical behavior; constants checked with executable delegates separately
C0182	libqtdevices	4b859e00eb876cc99a0728b8b68e64b826aed8ce	automation.cpp	6be184bc25e3b8d9f054bb41e6bcf90b5300f020	eff487fc5a733bbd4828cb6ecc6d6613a273e160cfc42dfad0ad13d2e579e672	Automation::getBanner	7fc47aae41ae690f93ef072b3e450436d64d1ec803ce153d4c2e9887d74f5036	Q_ASSERT_X[1]:41df64dd241fcc037fb9839a8b2f647ce6806d81f16a39becec978c904411219	C0156	-	-	intermediate-component	full-component-comparison	excluded	functional/who-25-transversal/dry-contact-ir.md	Intermediate/removed client variant excluded as current/deployed rule; Complete factory/loader body compared for contact WHO25 and ScenarioPlus delegates or configured WHO15 actions; product/build selectors, conditional legacy assembly and delimiter concatenation do not define wire address capacities; unrelated factory branches add no new claim; repository revisions do not identify Firmware generations
C0183	libqtdevices	d70ed02872d883fd4ee58e91313466372a5badca	bann_scenario.cpp	8c9d831d7b083ca3ede09d0a4e2e54aa0fdc2a11	5cf972ca650e5de3d2faca5d42db0e8d11c65a7b14a1bfec6d1f6f075457b98c	PPTSce::PPTSce	593c4386e63491f613b4bb42676046e27e210291f95e186a1864fb5f35202b3c	-	C0177	-	-	intermediate-component	full-component-comparison	excluded	functional/who-25-transversal/README.md	Intermediate/removed client variant excluded as current/deployed rule; WHO 25 11..15 writers and press/repeat/release controller; one-second timer and stop callbacks are client behavior, not CEN+ long-press timing, physical step domain or device feedback; repository revisions do not identify Firmware generations
C0184	libqtdevices	de0d002b4455c5338687f91e88122fe20e1cfd96	automation.cpp	29a90ad460fb9d1b8fdabf4171f459dff6156ba9	c852375e96ee70263d4fe49ca31ba4ca055e03dfed6f1a139376fb31ade95f06	Automation::getBanner	071af01d2ae47106ff2c61d5fd14bfb1f572d6273350789800490c31eb2c8f3b	Q_ASSERT_X[1]:41df64dd241fcc037fb9839a8b2f647ce6806d81f16a39becec978c904411219	C0182	-	-	intermediate-component	full-component-comparison	excluded	functional/who-25-transversal/dry-contact-ir.md	Intermediate/removed client variant excluded as current/deployed rule; Complete factory/loader body compared for contact WHO25 and ScenarioPlus delegates or configured WHO15 actions; product/build selectors, conditional legacy assembly and delimiter concatenation do not define wire address capacities; unrelated factory branches add no new claim; repository revisions do not identify Firmware generations
C0185	libqtdevices	a647c85bc1904c57cdb1d51ddbc29f95c4cf93ce	bann_automation.cpp	e50aaf633823ce783a4aa12933a73afb90b4ffdb	6d0146c7d9a81f17447da7c53cb26eb6b7fe461dfb06fa122b199181948d173c	PPTStat::PPTStat	897a4f6bef319d03d697e71fc050e14d50586859d5a44c7f63b106270560a30f	-	C0151	-	-	intermediate-component	full-component-comparison	excluded	functional/who-25-transversal/dry-contact-ir.md	Intermediate/removed client variant excluded as current/deployed rule; WHO 25 contact query/receipt, 31 closed and 32 open; numeric address matching, local bool and UI initialization/change notification scoped to client; no route/range, IR inversion or wire DIMENSION inference; repository revisions do not identify Firmware generations
C0186	libqtdevices	cb3cddd78eccb8ecb5d101c4a878523ea7ff84bc	bann_automation.cpp	6ca5a3ceb3e1be00f7c80d2f5fca10a09c2ec25c	dc4a76a757b9458a3b6a8032ce94510ec7328465261177837595d27c617381d6	PPTStat::PPTStat	52bea7ae7b56d9093ac19bd875c871c563764e99f8f298ebe6a81b01d9e2a852	-	C0185	-	-	intermediate-component	full-component-comparison	excluded	functional/who-25-transversal/dry-contact-ir.md	Intermediate/removed client variant excluded as current/deployed rule; WHO 25 contact query/receipt, 31 closed and 32 open; numeric address matching, local bool and UI initialization/change notification scoped to client; no route/range, IR inversion or wire DIMENSION inference; repository revisions do not identify Firmware generations
C0187	libqtdevices	b773fb8c5b84899f8d119d9647c0d6a1f5cc5707	devices/device.cpp	93fd0c1a0dbd0f214738adba9c0a0c08bd4ffbdd	9ec9f083a2c190c4a278e5eb2e94060212959d05b48de4a5634202227e40bf77	device::device	6f70b3cf7a0ccf573ad3d64fd7b7d714a5e7a9a70d3307d5b88670f78291da46	-	C0158	C0021	-	intermediate-component	consumer-field-comparison	excluded	-	Selected matching fields and nearby lines compared; unrelated temperature/audio/test-registration or generic factory fields are scope evidence, not full semantic review; no new CEN/CEN+ wire rule
C0188	libqtdevices	62068de84ab97c92c1e540e8592afaa9774e6538	devices/device.cpp	ab63a98d44c7edd60716d1ab3052b685ee061b1d	3e24cf509524b8fce80ebe83f80acb979bc3905a54c4c97b8c5049eb880493d5	device::device	d7896ac8fa17a0c5ffa2a3cc6a4cd4aa947fcf9bef81c2c83721494fc27af67c	-	C0187	C0021	-	intermediate-component	consumer-field-comparison	excluded	-	Selected matching fields and nearby lines compared; unrelated temperature/audio/test-registration or generic factory fields are scope evidence, not full semantic review; no new CEN/CEN+ wire rule
C0189	libqtdevices	0192a634404703657c0e7db3059ad3edff4c870c	automation.cpp	48d65fafcd2c9a20803825af638fb90a6a762149	70fef332fc51cd136bf72e2fe43bf449fbd556eeec0dd0bfeda08688568d7117	Automation::getBanner	ce9efbbcc81bc9cd5fcb2d66e9337d2c9c6a0f004479ee498a261ddd858a7fe3	Q_ASSERT_X[1]:41df64dd241fcc037fb9839a8b2f647ce6806d81f16a39becec978c904411219	C0184	-	-	intermediate-component	full-component-comparison	excluded	functional/who-25-transversal/dry-contact-ir.md	Intermediate/removed client variant excluded as current/deployed rule; Complete factory/loader body compared for contact WHO25 and ScenarioPlus delegates or configured WHO15 actions; product/build selectors, conditional legacy assembly and delimiter concatenation do not define wire address capacities; unrelated factory branches add no new claim; repository revisions do not identify Firmware generations
C0190	libqtdevices	0192a634404703657c0e7db3059ad3edff4c870c	bann_automation.cpp	dcfefa6af74937b5e20dfcdbe03f47fea5c8058a	7f0f973fded8cbc4984ba02db699730f7d9efc2570cfb31f997e01ccca425385	PPTStat::PPTStat	e125d8d9331c2bd64b3eb9e962c312b6428ab32c8864890bdd62bcd809d06dd9	-	C0186	-	-	intermediate-component	full-component-comparison	excluded	functional/who-25-transversal/dry-contact-ir.md	Intermediate/removed client variant excluded as current/deployed rule; WHO 25 contact query/receipt, 31 closed and 32 open; numeric address matching, local bool and UI initialization/change notification scoped to client; no route/range, IR inversion or wire DIMENSION inference; repository revisions do not identify Firmware generations
C0191	libqtdevices	0192a634404703657c0e7db3059ad3edff4c870c	bann_automation.h	c88b6edd2d765382dc941668d4f2f3b4c6d17aef	b9b3305e4c88682e6d84416ec28a2128fa98f8af7ffea457d7aa48b7bf52d7a6	outside	9736ab1eadaef2502f728d26eef0519dea1e4f525c3188b631d8aa4a5a1039ec	-	C0108	-	-	intermediate-component	declaration/scope-screen	excluded	-	Matching declarations/enums/XML/build fields compared; metadata IDs, image labels, fixture addresses and comment-only range/timing statements do not independently establish wire operations or physical behavior; constants checked with executable delegates separately
C0192	libqtdevices	0192a634404703657c0e7db3059ad3edff4c870c	bann_scenario.cpp	7fe1279c2d398e32dd715d0c1835d3da7c540698	5213c4ef644a58519c0d5e422049d7ead8f79e8ccf0ed467efa77d444e5e2e27	PPTSce::PPTSce	b1dbcabace040e6f9d05fce89cdaab40088dc915cfeb9439347c609cf438bea6	-	C0183	-	-	intermediate-component	full-component-comparison	excluded	functional/who-25-transversal/README.md	Intermediate/removed client variant excluded as current/deployed rule; WHO 25 11..15 writers and press/repeat/release controller; one-second timer and stop callbacks are client behavior, not CEN+ long-press timing, physical step domain or device feedback; repository revisions do not identify Firmware generations
C0193	libqtdevices	0192a634404703657c0e7db3059ad3edff4c870c	bann_scenario.h	8072f240d41e558bdb44074267d9db713ef95697	ea36e44357c1f3eabc1c81b1150b6d618b18c1fb55436dc6f2e22f0dbcd27a59	outside	0eb8bad7dcb2d2ba15e08e6695091beaac5969385629a28c5bbae943b337b968	-	C0178	-	-	intermediate-component	declaration/scope-screen	excluded	-	Matching declarations/enums/XML/build fields compared; metadata IDs, image labels, fixture addresses and comment-only range/timing statements do not independently establish wire operations or physical behavior; constants checked with executable delegates separately
C0194	libqtdevices	0192a634404703657c0e7db3059ad3edff4c870c	scenario.cpp	5e4862f12a697e65ed7087ae5967ae76b62541d8	fc19921140bae13e8d05f12c17629cc713c28632220efa41f77057d30ce6ee46	Scenario::getBanner	82bac89bda71970305761f25af02b1507c34adb95b25ca2c1a844f995a44b562	-	C0180	-	-	intermediate-component	full-component-comparison	excluded	functional/who-15-cen/README.md	Intermediate/removed client variant excluded as current/deployed rule; Complete factory/loader body compared for contact WHO25 and ScenarioPlus delegates or configured WHO15 actions; product/build selectors, conditional legacy assembly and delimiter concatenation do not define wire address capacities; unrelated factory branches add no new claim; repository revisions do not identify Firmware generations
C0195	libqtdevices	eb324a1728aa49f0ef18e3f50d2c4d27ab422ec2	automation.cpp	39d98072b80fe4e42846265b1bdc9cb95b1fbcf9	837531d6f132998b9b2eba3c0a1785234b4164f0e90055eade342c76b56f2204	Automation::getBanner	f8ece31d61396af8c0d9b36f0751ce9c2d0a2e1a1ad8bacd66685d1f5a78ee4a	-	C0189	-	-	intermediate-component	full-component-comparison	excluded	functional/who-25-transversal/dry-contact-ir.md	Intermediate/removed client variant excluded as current/deployed rule; Complete factory/loader body compared for contact WHO25 and ScenarioPlus delegates or configured WHO15 actions; product/build selectors, conditional legacy assembly and delimiter concatenation do not define wire address capacities; unrelated factory branches add no new claim; repository revisions do not identify Firmware generations
C0196	libqtdevices	eb324a1728aa49f0ef18e3f50d2c4d27ab422ec2	bann_automation.cpp	ed8e2e2d7d81dc53ed2bbde6292f93f49276074f	23e1b06f706524070ce398944987f4d51a1d2974e4a99602ef56df54e5ef1f24	PPTStat::PPTStat	6fe4679fbb538303e0e6ac49c09c588002f7deaa7e7b551dfa138d35370f3493	-	C0190	-	-	intermediate-component	full-component-comparison	excluded	functional/who-25-transversal/dry-contact-ir.md	Intermediate/removed client variant excluded as current/deployed rule; WHO 25 contact query/receipt, 31 closed and 32 open; numeric address matching, local bool and UI initialization/change notification scoped to client; no route/range, IR inversion or wire DIMENSION inference; repository revisions do not identify Firmware generations
C0197	libqtdevices	eb324a1728aa49f0ef18e3f50d2c4d27ab422ec2	bann_automation.h	794338ee513e825b4dd39850db2ca04f9aa61b6e	4e6d3f35b00d1e860111db86efafc9985fd1fdad73d4d914e800a2514504b903	outside	280424b71bc5b764eb162b765b6a5f3b5a52d52169eb63d94563f90d573301c0	-	C0191	-	-	intermediate-component	declaration/scope-screen	excluded	-	Matching declarations/enums/XML/build fields compared; metadata IDs, image labels, fixture addresses and comment-only range/timing statements do not independently establish wire operations or physical behavior; constants checked with executable delegates separately
C0198	libqtdevices	eb324a1728aa49f0ef18e3f50d2c4d27ab422ec2	scenario.cpp	fac52231ce7076597a7f37d7a1fed0883b2ff18e	4b9403ee9e229aa9e711c9fa9a0b796dfdeab63047f15fd55fc7bef7525a355d	Scenario::getBanner	8d1d80c2fa7d7c88f7ec98bb5b39475ae4616bbd53d6888fb31888147f184b45	-	C0194	-	-	intermediate-component	full-component-comparison	excluded	functional/who-15-cen/README.md	Intermediate/removed client variant excluded as current/deployed rule; Complete factory/loader body compared for contact WHO25 and ScenarioPlus delegates or configured WHO15 actions; product/build selectors, conditional legacy assembly and delimiter concatenation do not define wire address capacities; unrelated factory branches add no new claim; repository revisions do not identify Firmware generations
C0199	libqtdevices	44d4046f4db1557d2ca1d7f5eec41b858bd0d802	scenario.cpp	16bd28f40b465769a1eea662da359c47547eeac7	642f571207cc414609a53cde17561baf79f29db2f0c205c985bc9c2ec343254a	Scenario::getBanner	c1be95eb5a7d205fbe2bc7d41fd7402539f902cbd2b400064779ee51d3420c45	-	C0198	-	-	intermediate-component	full-component-comparison	excluded	functional/who-15-cen/README.md	Intermediate/removed client variant excluded as current/deployed rule; Complete factory/loader body compared for contact WHO25 and ScenarioPlus delegates or configured WHO15 actions; product/build selectors, conditional legacy assembly and delimiter concatenation do not define wire address capacities; unrelated factory branches add no new claim; repository revisions do not identify Firmware generations
C0200	libqtdevices	5dea4e27df80e1e845e3eac05665160834366e96	bann_scenario.cpp	9acd8ebb75c05323acf5f794ab062908eec4a935	79108924b04954ae636985d8962a275e95f35700902f22a896a2a6c59512b6e1	ScheduledScenario::ScheduledScenario	832a300432e0bc08a1a6e1569ab750484d178ffaa68349c67ac968ea534f8044	-	C0109	-	-	intermediate-component	consumer-field-comparison	excluded	-	Selected matching fields and nearby lines compared; unrelated temperature/audio/test-registration or generic factory fields are scope evidence, not full semantic review; no new CEN/CEN+ wire rule
C0201	libqtdevices	5dea4e27df80e1e845e3eac05665160834366e96	scenario.cpp	0ad1515421ecf72470bc3f97eb050f967988bfc0	eaf6a6d0936621afa1c438e4ae1c829cf79db42909198915f9464bee1eceb5d3	Scenario::getBanner	989cb2df434a5b3f6eef7058e9721bf22947f40ea9a474d65998a4d3fee838eb	-	C0199	-	-	intermediate-component	full-component-comparison	excluded	functional/who-15-cen/README.md	Intermediate/removed client variant excluded as current/deployed rule; Complete factory/loader body compared for contact WHO25 and ScenarioPlus delegates or configured WHO15 actions; product/build selectors, conditional legacy assembly and delimiter concatenation do not define wire address capacities; unrelated factory branches add no new claim; repository revisions do not identify Firmware generations
C0202	libqtdevices	c1b69214923a412b3acceeda4ab7ba9fc1a35742	scenario.cpp	a96d9757c7c342c5d9120552df589377cf55aeb4	01164160cde0e8c0a04d3acf43c45b61738932c24b6c03ae7b464cd9fff72092	Scenario::getBanner	2eb25f03f6c5472c59f35ec07311db357ac1a8ca115d94b5538ee12aa549efb1	-	C0201	-	-	intermediate-component	full-component-comparison	excluded	functional/who-15-cen/README.md	Intermediate/removed client variant excluded as current/deployed rule; Complete factory/loader body compared for contact WHO25 and ScenarioPlus delegates or configured WHO15 actions; product/build selectors, conditional legacy assembly and delimiter concatenation do not define wire address capacities; unrelated factory branches add no new claim; repository revisions do not identify Firmware generations
C0203	libqtdevices	78849eb587256b7c3af7ecd01d2244bec8086008	scenario.cpp	957273c65549d89fcbbb1688f67789acdf33c6dc	6edfcb7ecd120537346cbc19575db9a9ccbc58bb0d57ffb53069a5aa6702bae0	Scenario::getBanner	20c6c7046e440773ed55a451c8b5a66d92c6845cfd830c62dffa5b9913f42b2d	-	C0202	-	-	intermediate-component	full-component-comparison	excluded	functional/who-15-cen/README.md	Intermediate/removed client variant excluded as current/deployed rule; Complete factory/loader body compared for contact WHO25 and ScenarioPlus delegates or configured WHO15 actions; product/build selectors, conditional legacy assembly and delimiter concatenation do not define wire address capacities; unrelated factory branches add no new claim; repository revisions do not identify Firmware generations
C0204	libqtdevices	3f51e6f98e3cb5a7d3fee954e00f0d64d74f615e	automation.cpp	ae1fa90a209a90686ab7674eb751daaa64135a51	1541bed4a1ececbf99f8ad90c32c7e98fd486ce6f96169f20c6b20f13244e557	Automation::getBanner	70b35be0b9709810343dbaebdfdbf70f3a44cd652ad642104d9491449cf40081	Q_ASSERT_X[1]:41df64dd241fcc037fb9839a8b2f647ce6806d81f16a39becec978c904411219	C0195	-	-	intermediate-component	full-component-comparison	excluded	functional/who-25-transversal/dry-contact-ir.md	Intermediate/removed client variant excluded as current/deployed rule; Complete factory/loader body compared for contact WHO25 and ScenarioPlus delegates or configured WHO15 actions; product/build selectors, conditional legacy assembly and delimiter concatenation do not define wire address capacities; unrelated factory branches add no new claim; repository revisions do not identify Firmware generations
C0205	libqtdevices	3f51e6f98e3cb5a7d3fee954e00f0d64d74f615e	bann_automation.cpp	85253204c6908b7a2b2d6f803731d03088865bf8	d0b49f7e5673adfe73c0cd57f43f6cdd46a67d4ce2ba6d95b1a5dff1f0837a9f	PPTStat::PPTStat	d94242ae8dc73bca1b9d167c2b0be773fccd12d6549331361a00a9d755053127	-	C0196	-	-	intermediate-component	full-component-comparison	excluded	functional/who-25-transversal/dry-contact-ir.md	Intermediate/removed client variant excluded as current/deployed rule; WHO 25 contact query/receipt, 31 closed and 32 open; numeric address matching, local bool and UI initialization/change notification scoped to client; no route/range, IR inversion or wire DIMENSION inference; repository revisions do not identify Firmware generations
C0206	libqtdevices	3f51e6f98e3cb5a7d3fee954e00f0d64d74f615e	bann_automation.h	809a771b1619d1fb6827473c6e2c80c8af762806	140924074467a97198c8fb5b5abb9f34764dd86745d08425d2dd288582cf0ca9	outside	51dc8cc77798ea518d81fb552836b9cf6c774e5034d65f8c0b7cffe36ed1f5fa	-	C0197	-	-	intermediate-component	declaration/scope-screen	excluded	-	Matching declarations/enums/XML/build fields compared; metadata IDs, image labels, fixture addresses and comment-only range/timing statements do not independently establish wire operations or physical behavior; constants checked with executable delegates separately
C0207	libqtdevices	aad77397c08d4c4e76fc4167bc49e120ed9f4ca6	automation.cpp	dfc4e227d42da7c6368241c7434b6d9f98bc23cf	80234470d2115d70ffba1457d6b6b602a6a4013fadb59636cce7e8258ee9c87c	Automation::getBanner	715cc801599e03a22f45014e311af20da785f974a31837bb0fd3548ad1f8cc78	Q_ASSERT_X[1]:41df64dd241fcc037fb9839a8b2f647ce6806d81f16a39becec978c904411219	C0204	-	-	intermediate-component	full-component-comparison	excluded	functional/who-25-transversal/dry-contact-ir.md	Intermediate/removed client variant excluded as current/deployed rule; Complete factory/loader body compared for contact WHO25 and ScenarioPlus delegates or configured WHO15 actions; product/build selectors, conditional legacy assembly and delimiter concatenation do not define wire address capacities; unrelated factory branches add no new claim; repository revisions do not identify Firmware generations
C0208	libqtdevices	62fe42da103265709629d5438d755272d3f71bad	automation.cpp	c600dd9220ce296af45fc876536d035921df1f1a	c8b6926c691f1bb778c1e1e7c114815099f4754a77c49c8b688b2c87e26f5c2b	Automation::getBanner	1ff5dd4657e173478afb1367f178d216603fbba27d94742a6afc3584b6672377	Q_ASSERT_X[1]:41df64dd241fcc037fb9839a8b2f647ce6806d81f16a39becec978c904411219	C0207	-	-	intermediate-component	full-component-comparison	excluded	functional/who-25-transversal/dry-contact-ir.md	Intermediate/removed client variant excluded as current/deployed rule; Complete factory/loader body compared for contact WHO25 and ScenarioPlus delegates or configured WHO15 actions; product/build selectors, conditional legacy assembly and delimiter concatenation do not define wire address capacities; unrelated factory branches add no new claim; repository revisions do not identify Firmware generations
C0209	libqtdevices	0dec774f37eceb7dedf119515875b48acf10e742	automation.cpp	0092dc0d682dfc941563bbf60cee49ae52caff33	eb0eb4a2789e0fd8dddd22b55b3ae63db9a352a7de363fe2d03278e0ea9801e9	Automation::getBanner	66c157f04e15eb0352370ad0a8639d85ec6553e1ff67c9de8f0b67264e4b5f81	Q_ASSERT_X[1]:41df64dd241fcc037fb9839a8b2f647ce6806d81f16a39becec978c904411219	C0208	-	-	intermediate-component	full-component-comparison	excluded	functional/who-25-transversal/dry-contact-ir.md	Intermediate/removed client variant excluded as current/deployed rule; Complete factory/loader body compared for contact WHO25 and ScenarioPlus delegates or configured WHO15 actions; product/build selectors, conditional legacy assembly and delimiter concatenation do not define wire address capacities; unrelated factory branches add no new claim; repository revisions do not identify Firmware generations
C0210	libqtdevices	894c07b0086991f319a8584b0bfd72e96aa7dc9f	automation.cpp	033b91a05be0785777a50d1f2efee1e5a2efd7ba	5163266d338ef420000070805bc82052eb9c44def6b85aaf4427d2608996bc1d	Automation::getBanner	7686d4abfeaab9aa52d62a1705fd854008600673be947c20e262b7d526062e1b	-	C0209	-	-	intermediate-component	full-component-comparison	excluded	functional/who-25-transversal/dry-contact-ir.md	Intermediate/removed client variant excluded as current/deployed rule; Complete factory/loader body compared for contact WHO25 and ScenarioPlus delegates or configured WHO15 actions; product/build selectors, conditional legacy assembly and delimiter concatenation do not define wire address capacities; unrelated factory branches add no new claim; repository revisions do not identify Firmware generations
C0211	libqtdevices	e95625ddfc1a077016ceb68bbc72684e85d69608	automation.cpp	cdfa0455b2f8d20e7c45d06ab61f813d953432b6	d8077cb2e2ac874ab669b0a57b6c48265442af4c047c7b6829029c509b5e377b	Automation::getBanner	5d4426d03421608a0cee0f69b7a90cdb8ea565ab4a6f01f8204ee7fa148d506b	-	C0210	-	-	intermediate-component	full-component-comparison	excluded	functional/who-25-transversal/dry-contact-ir.md	Intermediate/removed client variant excluded as current/deployed rule; Complete factory/loader body compared for contact WHO25 and ScenarioPlus delegates or configured WHO15 actions; product/build selectors, conditional legacy assembly and delimiter concatenation do not define wire address capacities; unrelated factory branches add no new claim; repository revisions do not identify Firmware generations
C0212	libqtdevices	65d1aceda8dc5e87784fbe97b6fd5ec0f0194d84	devices/test/test_main.cpp	4dd9298c6c69b64533029dbc183c35b3f609edeb	61b96df8c7fd3c2a8cef4ceaac4932a90c0cb1fdb47837f9a27388192052c538	main	a85d94f9fec0266de47d320d8423235fb8b188a6c48e4d4ee2a7bc7955fb953e	-	C0176	C0118	-	intermediate-component	consumer-field-comparison	excluded	-	Selected matching fields and nearby lines compared; unrelated temperature/audio/test-registration or generic factory fields are scope evidence, not full semantic review; no new CEN/CEN+ wire rule
C0213	libqtdevices	74eb85782925fa4fe2b5ed096ec4c26d4f3158a6	scenario.cpp	30c86a9563694415ccebf88ece2593ad5913c041	375f2e7c86b409429f4d652d0bf3a29bc8cb0b33bcf4f15f9d5427698df884e4	Scenario::getBanner	deff6eefe3e43bf0c20af22a6b58bd62020ef3850b8c97bd55c50f1faaa837f3	-	C0203	-	-	intermediate-component	full-component-comparison	excluded	functional/who-15-cen/README.md	Intermediate/removed client variant excluded as current/deployed rule; Complete factory/loader body compared for contact WHO25 and ScenarioPlus delegates or configured WHO15 actions; product/build selectors, conditional legacy assembly and delimiter concatenation do not define wire address capacities; unrelated factory branches add no new claim; repository revisions do not identify Firmware generations
C0214	libqtdevices	9b3f3a2f0cfdaebdd8875acac6a40df2ce47fd1d	scenario.cpp	783afe0fbfa96576c7b4010025e1715831229153	56eb3706e94c56b218be580d1b7876d357bcd36ca33550e29a660fb6f4a485c8	Scenario::getBanner	97db8c661f109a4590b44b029dbf06376ed74324e467c4bdf1c3430d22381429	-	C0213	-	-	intermediate-component	full-component-comparison	excluded	functional/who-15-cen/README.md	Intermediate/removed client variant excluded as current/deployed rule; Complete factory/loader body compared for contact WHO25 and ScenarioPlus delegates or configured WHO15 actions; product/build selectors, conditional legacy assembly and delimiter concatenation do not define wire address capacities; unrelated factory branches add no new claim; repository revisions do not identify Firmware generations
C0215	libqtdevices	0a4c8fb675483b53870b94078c699c68e2e5c69e	test/test_main.cpp	fecc425144691eac26656219cecc53d1b2eb65ed	7c429f533f22abc4b5e67d92fc26f4acd6e434a525b2322e63c0f28692c4117b	main	d54514f66fc039c32f0b0fbf7dd97f7a52c5a71670e34af2004723c348071737	-	C0212	C0118	-	intermediate-component	consumer-field-comparison	excluded	-	Selected matching fields and nearby lines compared; unrelated temperature/audio/test-registration or generic factory fields are scope evidence, not full semantic review; no new CEN/CEN+ wire rule
C0216	libqtdevices	2d8495cc9828da91662f913c6c415b75d6d478a9	devices/test/test_main.cpp	e4344d104ce7eb4d92d6ff9ca5d0205ddbc5a143	6e13539ac418bdb2519cd4f5b25d5b6e8febb8ab4332c570cbcd8bba22ae22ac	main	f9453678c4615651d6ef483ebb3ac18f2fac51dbecab00eb8f9de559a582cd89	-	C0215	C0118	-	intermediate-component	consumer-field-comparison	excluded	-	Selected matching fields and nearby lines compared; unrelated temperature/audio/test-registration or generic factory fields are scope evidence, not full semantic review; no new CEN/CEN+ wire rule
C0217	libqtdevices	bd0195dff434f590b3ef766576c2c27eebacee41	scenario.cpp	8cdbe92b3d40b9d6957d25f7cdd05c7f2c9abd1f	98735db1ca1cadc1bda7d764214ce7c8b0c5a9769577daeb590cdb58b3330814	Scenario::getBanner	41f9695c2fd57dd83b749fc6d2ff610e536fb342220fdbf11a598a6c7374e44c	-	C0214	-	-	intermediate-component	full-component-comparison	excluded	functional/who-15-cen/README.md	Intermediate/removed client variant excluded as current/deployed rule; Complete factory/loader body compared for contact WHO25 and ScenarioPlus delegates or configured WHO15 actions; product/build selectors, conditional legacy assembly and delimiter concatenation do not define wire address capacities; unrelated factory branches add no new claim; repository revisions do not identify Firmware generations
C0218	libqtdevices	37a69ae52fd0a4082dd283643cf3c5a820b166e3	scenario.cpp	d3c65ba8ab1013da2e51592fd742ea3af429554c	2ef5ab71d4d9a61c9e960447b329ca795dbbefd69e489967945270ba0c3a2f39	Scenario::getBanner	1fa4123f6cdf1edc5732b714da6c927ec45f544f66f15c87d51451c143ce01ad	-	C0217	-	-	intermediate-component	full-component-comparison	excluded	functional/who-15-cen/README.md	Intermediate/removed client variant excluded as current/deployed rule; Complete factory/loader body compared for contact WHO25 and ScenarioPlus delegates or configured WHO15 actions; product/build selectors, conditional legacy assembly and delimiter concatenation do not define wire address capacities; unrelated factory branches add no new claim; repository revisions do not identify Firmware generations
C0219	libqtdevices	2b34e5327ae5a8a47ca73052240184f514dbf5e7	devices/device.cpp	699ca35357e418655aa579e454b03971bfaf2b5d	2b621da24cab03301d67bb80b51721614742aa0e457235e6fd8f9ce4bd017e04	device::device	3123e08b5325f7c123fe1bb7e225f46acf93ee0ed39002b04a11a16ba1557550	-	C0188	C0021	-	intermediate-component	consumer-field-comparison	excluded	-	Selected matching fields and nearby lines compared; unrelated temperature/audio/test-registration or generic factory fields are scope evidence, not full semantic review; no new CEN/CEN+ wire rule
C0220	libqtdevices	f1d1242e48146fd35100d211fe2e24212fbf9e09	scenario.cpp	6bc3864699dfff7ccd78d212a7f7c28bd75e84cc	9d19dfb8460ffc096393e6879ec8cae06a8e798f73414e23c23e8667d9774e7d	Scenario::getBanner	81aaedf946c3d5233525d8bf434838283c604b3f92546324209a2da17830915a	-	C0218	-	-	intermediate-component	full-component-comparison	excluded	functional/who-15-cen/README.md	Intermediate/removed client variant excluded as current/deployed rule; Complete factory/loader body compared for contact WHO25 and ScenarioPlus delegates or configured WHO15 actions; product/build selectors, conditional legacy assembly and delimiter concatenation do not define wire address capacities; unrelated factory branches add no new claim; repository revisions do not identify Firmware generations
C0221	libqtdevices	46a398db42b420ddf7322f408f51a2cfe9d8c1a9	devices/device.cpp	c6aabf759fc44dac0a4c6296d487a2b5598bcf91	ad0f8d59ebe2cd20fe284ac28d8d09f49cf85eb2fb3a5504a618938b1330e843	device::device	20dbab63b96a8eccf8c4851674187ea491540c8340e2c5ea2aae5efe4424f67f	-	C0219	C0021	-	intermediate-component	consumer-field-comparison	excluded	-	Selected matching fields and nearby lines compared; unrelated temperature/audio/test-registration or generic factory fields are scope evidence, not full semantic review; no new CEN/CEN+ wire rule
C0222	libqtdevices	118d4a6fa2ed7f87585bac351974ad81d1523f3e	devices/device.cpp	30a045b88ff126a3c42e09eb4dc78d1a470312a1	3a9af212f7101db0d98183464dd92c6ddaf976bb0089658c840e978e2a429fcf	device::device	c4ee9da9157a0caa46bdfce3ebcc707979f51a3447d881120baeebb88cbd74cf	-	C0221	C0021	-	intermediate-component	consumer-field-comparison	excluded	-	Selected matching fields and nearby lines compared; unrelated temperature/audio/test-registration or generic factory fields are scope evidence, not full semantic review; no new CEN/CEN+ wire rule
C0223	libqtdevices	8658f07655156c84ec1f99c81f6509c1b14b3113	scenario.cpp	4928687e1082f2f5cf0c58d475dcb108cde5c741	fa5bf1cb18e3e5a1bd221364ee366798c4a739ebcc1ace996817fe1bd6d35214	Scenario::getBanner	6623ee01241178f86f0de6148b1c21bf4b06118b7fa9ebd1d01f0af3e1511747	-	C0220	-	-	intermediate-component	full-component-comparison	excluded	functional/who-15-cen/README.md	Intermediate/removed client variant excluded as current/deployed rule; Complete factory/loader body compared for contact WHO25 and ScenarioPlus delegates or configured WHO15 actions; product/build selectors, conditional legacy assembly and delimiter concatenation do not define wire address capacities; unrelated factory branches add no new claim; repository revisions do not identify Firmware generations
C0224	libqtdevices	cbf6fd0f024239b1f4d7db3b0d967ce4068e07b2	scenario.cpp	c09f32e50b352bc4435ac5dd4b404259243461b4	de651e9c9667ccfc34a50591d61dc2586e91de9a9d89304a8c282f30eeb9e782	Scenario::getBanner	c19054797f051ec5b1aa912692ccd0c71fa6c3aa5aeeec3a4c2dd13a95a4ba91	-	C0223	-	-	intermediate-component	full-component-comparison	excluded	functional/who-15-cen/README.md	Intermediate/removed client variant excluded as current/deployed rule; Complete factory/loader body compared for contact WHO25 and ScenarioPlus delegates or configured WHO15 actions; product/build selectors, conditional legacy assembly and delimiter concatenation do not define wire address capacities; unrelated factory branches add no new claim; repository revisions do not identify Firmware generations
C0225	libqtdevices	470bd1e11b3514139f0492dfd02b04e3d61fc003	test/test_main.cpp	7529f24907aa3d8724a59240866ab84c34b3dedd	03074b9a10a24a96b1d732d3c364c93ebabbe430a4dfadfb5eb5930484cc2cd1	main	3e4013df0b1988586da68f2d35fb79d74b491951cb552822a58c9c48fa875f3f	-	C0216	C0118	-	intermediate-component	consumer-field-comparison	excluded	-	Selected matching fields and nearby lines compared; unrelated temperature/audio/test-registration or generic factory fields are scope evidence, not full semantic review; no new CEN/CEN+ wire rule
C0226	libqtdevices	a374115272936a277d31e3b6d15a415e6d00b720	test/test_main.cpp	9e7ce1c29f8e7735a4432288dcd0440bd7753a40	ffa84a7bf040192ea4fa470ab4be56a1a51091494cc0a72549b26daee98d50a0	main	364862f274e27318c3863a1ac7ae490be22e8690133e2bdfe6862d5d83b45332	-	C0225	C0118	-	intermediate-component	consumer-field-comparison	excluded	-	Selected matching fields and nearby lines compared; unrelated temperature/audio/test-registration or generic factory fields are scope evidence, not full semantic review; no new CEN/CEN+ wire rule
C0227	libqtdevices	a302b45b8878a55504ee16ad36a1c904aa1a8501	test/test_main.cpp	77edce251515a2c9121c833306f664438237c409	02253904bea6290ceca35047cc83c137ea76eb0c7bf85dc77a4b491bb2a479c9	main	e38fcc809fae8af878a06574294eff77a2b181db824f376afe9d36f6bcc324cd	-	C0226	C0118	-	intermediate-component	consumer-field-comparison	excluded	-	Selected matching fields and nearby lines compared; unrelated temperature/audio/test-registration or generic factory fields are scope evidence, not full semantic review; no new CEN/CEN+ wire rule
C0228	libqtdevices	07740722da3d9ebd23e40e0eb836ccb99788afa0	test/test_main.cpp	cc9cddbe63be084dfadd67892cf0186c149501ed	4c6710850ffd1c0d7a80dabb58c1f699d4bf46410c368a0527a335e95b3e5945	main	033553ed65c70237c73c2984fa3ac467869153663f0d26da03a92e9d87394ce4	-	C0227	C0118	-	intermediate-component	consumer-field-comparison	excluded	-	Selected matching fields and nearby lines compared; unrelated temperature/audio/test-registration or generic factory fields are scope evidence, not full semantic review; no new CEN/CEN+ wire rule
C0229	libqtdevices	38d8e859728730e96e893a9ebe55be3fcf159d0d	test/test_main.cpp	83a40827bf02169f22060560d5ccfbf7b2c2f56a	15fdceb9e28a2e89def3804dada9058e09e67e2dd1741531044f85c0638cfdec	main	7d19615e21d23abab36c4aa3c2dc1b8107b3eff021ccb7771753d20874b720c0	-	C0228	C0118	-	intermediate-component	consumer-field-comparison	excluded	-	Selected matching fields and nearby lines compared; unrelated temperature/audio/test-registration or generic factory fields are scope evidence, not full semantic review; no new CEN/CEN+ wire rule
C0230	libqtdevices	3fa8f44379e2ee2763146363fa50f868397ae27a	test/test_main.cpp	f69800a6f3bfd0468a498d17675ac88ca62a08b9	61c5e57a5b03d427545c33da8ba9c0d56a7b0d0e63980892b051d5b79dfe6b0d	main	41c9286788d7ffbcb7520a26eb256d51be394b3beef345e0726f2d2b6188193c	-	C0229	C0118	-	intermediate-component	consumer-field-comparison	excluded	-	Selected matching fields and nearby lines compared; unrelated temperature/audio/test-registration or generic factory fields are scope evidence, not full semantic review; no new CEN/CEN+ wire rule
C0231	libqtdevices	a1a30fc2a668b9a4257b3f94cdf58fd6a0c52860	automation_device.cpp	398b63cf5c9998f331fd4af0388d13ad86d1c744	5558ab4b2a2516603ed5bdd34430331c8cd973ffcceb7bed36f94de1fcb82285	PPTStatDevice::frame_rx_handler	847a38ac5be8de2cbfe9a2700572b6ea60c5a728bcd994d2ffb4f0d14a01ce89	-	C0102	-	-	intermediate-component	full-component-comparison	excluded	functional/who-25-transversal/dry-contact-ir.md	Intermediate/removed client variant excluded as current/deployed rule; WHO 25 contact query/receipt, 31 closed and 32 open; numeric address matching, local bool and UI initialization/change notification scoped to client; no route/range, IR inversion or wire DIMENSION inference; repository revisions do not identify Firmware generations
C0232	libqtdevices	d54d93c1d6c3771115799bbc6a5bdb98bd18b84d	test/test_main.cpp	345753d7bcb359ee3d0cbff922ee23c9ef4f3ab2	38604077ce078c0d0f6b92b842cf42b05aed036f2168a8cefc0b6d767aca51a2	outside	7acd87d919684b2aadada381e1e6f65f3b17e2c6542dab2b7e5053f17bfc4737	-	-	-	-	intermediate-component	declaration/scope-screen	excluded	-	Matching declarations/enums/XML/build fields compared; metadata IDs, image labels, fixture addresses and comment-only range/timing statements do not independently establish wire operations or physical behavior; constants checked with executable delegates separately
C0233	libqtdevices	1e5a3c48162ee67a46a5b51316651dda440d8ffa	test/test_main.cpp	7dbe26bf4c49c954d21a588cb27aabbefec797d9	b371685640b4680352eb4936f6df538ddaec2b7ef3e43116ad72073e6242eb42	main	a337b48441ad5b09460c77ebc4392af505258c1485f4f5ac509e75e303b13e0e	-	C0230	C0118	-	intermediate-component	consumer-field-comparison	excluded	-	Selected matching fields and nearby lines compared; unrelated temperature/audio/test-registration or generic factory fields are scope evidence, not full semantic review; no new CEN/CEN+ wire rule
C0234	libqtdevices	c8ed6beb733e9b6adb4d71256d0876d3f6707267	test/test_main.cpp	0b7885ea01d7a900a34cd3586385410298afccfa	3897073237e61d363f6c7d6f9ef196cbd7d2645c296877f50f96f1603a288172	main	b59ea603aca95560ad7ced549f075f09f7d0fb498ae08fdd83fefe35f5e18bab	-	C0233	C0118	-	intermediate-component	consumer-field-comparison	excluded	-	Selected matching fields and nearby lines compared; unrelated temperature/audio/test-registration or generic factory fields are scope evidence, not full semantic review; no new CEN/CEN+ wire rule
C0235	libqtdevices	46cf578f3bac31c804127cdcf8590a35fa684a29	scenario.cpp	d2fcf81641672d081a4938ff4e5c9a249c0c3ea5	f38b0e8153f7d9eecb1c111d33311309a7377fbe4b1492864e147b1be330215e	Scenario::loadItems	3e59d5b06912b4c4435f6008bcb49c45f44f6f5d5f258f6fcc31f73a39d03351	assert[1]:24de883561411f16fc4d9f938f7ed39431ec73f6450344db693a3abc4c0ba89c	-	-	-	intermediate-component	consumer-field-comparison	excluded	-	Selected matching fields and nearby lines compared; unrelated temperature/audio/test-registration or generic factory fields are scope evidence, not full semantic review; no new CEN/CEN+ wire rule
C0236	libqtdevices	8b14d0f0a07697ba9bdc183c5fb528abd86c2aca	test/test_dev_automation.cpp	222a859535353b42587a06d2c06308bf82d9c2b3	66aba4728fbe950da6bbdb8119f96f4583c5f8b1354a11ad49b5f78e5bc3d125	TestPPTStatDevice::sendRequestStatus	e6f030d584a0f2ab78c1283b3cffcd8d818e861d77754e3b57d2c540a72db44a	QVERIFY[1]:40c599f8f215624c63e520a2b13dc6f26300b4fe99ff173aa0640d23ad506ca4	C0163	-	-	intermediate-component	full-component-comparison	excluded	functional/who-25-transversal/dry-contact-ir.md	Intermediate/removed client variant excluded as current/deployed rule; WHO 25 contact query/receipt, 31 closed and 32 open; numeric address matching, local bool and UI initialization/change notification scoped to client; no route/range, IR inversion or wire DIMENSION inference; repository revisions do not identify Firmware generations
C0237	libqtdevices	8b14d0f0a07697ba9bdc183c5fb528abd86c2aca	test/test_main.cpp	ceceb39e879805294699beb366c77454003f9103	642a94a5097983c87cbe650ebadf35bb508ad09ec0a7f1ea4cd47c04414053f2	main	e9ef8c6d91cf59e1c0824c6d9eae2d629307de0f3f6c2682908d0383a79d4ebe	-	C0234	-	-	intermediate-component	consumer-field-comparison	excluded	-	Selected matching fields and nearby lines compared; unrelated temperature/audio/test-registration or generic factory fields are scope evidence, not full semantic review; no new CEN/CEN+ wire rule
C0238	libqtdevices	b120ebe31ebe8fffd40b4ba381a61a6241f31251	automation.cpp	bd7121a3f5ce42305ca40be90abbc3b5afd53271	bb96e22ef99c6d5439b6389f1ab708b210e0b128ccac7512b73bc6eacea27779	Automation::loadItems	5cfad98a107c6c4051f5cbd884fb8677887300b105688a635f174de0c654bf71	assert[1]:fc624f6bb51d402aba5deb250e75ef2d6dc4d90e2738a615327f659fe6cc5b6b	C0126	-	-	intermediate-component	full-component-comparison	excluded	functional/who-25-transversal/dry-contact-ir.md	Intermediate/removed client variant excluded as current/deployed rule; Complete factory/loader body compared for contact WHO25 and ScenarioPlus delegates or configured WHO15 actions; product/build selectors, conditional legacy assembly and delimiter concatenation do not define wire address capacities; unrelated factory branches add no new claim; repository revisions do not identify Firmware generations
C0239	libqtdevices	b120ebe31ebe8fffd40b4ba381a61a6241f31251	bann_automation.cpp	018d4c4ae43ce5d6e8426e97e56dea6e166674ab	227194eafe27e481e540595a5321a8eff30a6f88fb1fcd454191b7bc6def3226	PPTStat::PPTStat	8ca6fcf8dee109b18b82bca0a11d345792e0f5c9d6f9e897047ee710152e27db	-	C0205	-	-	intermediate-component	full-component-comparison	excluded	functional/who-25-transversal/dry-contact-ir.md	Intermediate/removed client variant excluded as current/deployed rule; WHO 25 contact query/receipt, 31 closed and 32 open; numeric address matching, local bool and UI initialization/change notification scoped to client; no route/range, IR inversion or wire DIMENSION inference; repository revisions do not identify Firmware generations
C0240	libqtdevices	b120ebe31ebe8fffd40b4ba381a61a6241f31251	bann_automation.cpp	018d4c4ae43ce5d6e8426e97e56dea6e166674ab	227194eafe27e481e540595a5321a8eff30a6f88fb1fcd454191b7bc6def3226	outside	27480caf4c267217170432ec7e486c7ec08b3adc17879db2f9ef18d822c511de	-	C0107	-	-	intermediate-component	declaration/scope-screen	excluded	-	Matching declarations/enums/XML/build fields compared; metadata IDs, image labels, fixture addresses and comment-only range/timing statements do not independently establish wire operations or physical behavior; constants checked with executable delegates separately
C0241	libqtdevices	b120ebe31ebe8fffd40b4ba381a61a6241f31251	dev_automation.cpp	a971245e30d162ee77a703caed0550fa246c94e5	5d033dfcf715092545ff976f442b6ef686927f7000e59ccad112ee3b9f64b0f8	PPTStatDevice::PPTStatDevice	6e3f817a3ee0475cf30971f52e37ed45f1598f94672bff503252970e9a66e0c0	-	-	-	-	intermediate-component	full-component-comparison	excluded	functional/who-25-transversal/dry-contact-ir.md	Intermediate/removed client variant excluded as current/deployed rule; WHO 25 contact query/receipt, 31 closed and 32 open; numeric address matching, local bool and UI initialization/change notification scoped to client; no route/range, IR inversion or wire DIMENSION inference; repository revisions do not identify Firmware generations
C0242	libqtdevices	b120ebe31ebe8fffd40b4ba381a61a6241f31251	dev_automation.cpp	a971245e30d162ee77a703caed0550fa246c94e5	5d033dfcf715092545ff976f442b6ef686927f7000e59ccad112ee3b9f64b0f8	PPTStatDevice::requestStatus	20c9ba81a8d230e732f534a25f22a8ee4e7def8de6c9b4e5e716b7ec563617f7	-	-	-	-	intermediate-component	full-component-comparison	excluded	functional/who-25-transversal/dry-contact-ir.md	Intermediate/removed client variant excluded as current/deployed rule; WHO 25 contact query/receipt, 31 closed and 32 open; numeric address matching, local bool and UI initialization/change notification scoped to client; no route/range, IR inversion or wire DIMENSION inference; repository revisions do not identify Firmware generations
C0243	libqtdevices	b120ebe31ebe8fffd40b4ba381a61a6241f31251	dev_automation.cpp	a971245e30d162ee77a703caed0550fa246c94e5	5d033dfcf715092545ff976f442b6ef686927f7000e59ccad112ee3b9f64b0f8	PPTStatDevice::frame_rx_handler	b0bac9805d954ce40bb536401ea1933d078b51615d8ced2dca41f919fcab0d0c	-	-	-	-	intermediate-component	full-component-comparison	excluded	functional/who-25-transversal/dry-contact-ir.md	Intermediate/removed client variant excluded as current/deployed rule; WHO 25 contact query/receipt, 31 closed and 32 open; numeric address matching, local bool and UI initialization/change notification scoped to client; no route/range, IR inversion or wire DIMENSION inference; repository revisions do not identify Firmware generations
C0244	libqtdevices	b120ebe31ebe8fffd40b4ba381a61a6241f31251	dev_automation.cpp	a971245e30d162ee77a703caed0550fa246c94e5	5d033dfcf715092545ff976f442b6ef686927f7000e59ccad112ee3b9f64b0f8	PPTSceDevice::PPTSceDevice	0a3bcd4f31a387567129eeda247a78b1c007b8cc0b40efa56deb7bf077c725dc	-	-	-	-	intermediate-component	full-component-comparison	excluded	functional/who-25-transversal/README.md	Intermediate/removed client variant excluded as current/deployed rule; WHO 25 11..15 writers and press/repeat/release controller; one-second timer and stop callbacks are client behavior, not CEN+ long-press timing, physical step domain or device feedback; repository revisions do not identify Firmware generations
C0245	libqtdevices	b120ebe31ebe8fffd40b4ba381a61a6241f31251	dev_automation.cpp	a971245e30d162ee77a703caed0550fa246c94e5	5d033dfcf715092545ff976f442b6ef686927f7000e59ccad112ee3b9f64b0f8	PPTSceDevice::turnOn	e4e5b5d87bddb416553c52bbb70cfa8711f5a141f2ccb8c54f10a5ee79ff7dee	-	-	-	-	intermediate-component	full-component-comparison	excluded	functional/who-25-transversal/README.md	Intermediate/removed client variant excluded as current/deployed rule; WHO 25 11..15 writers and press/repeat/release controller; one-second timer and stop callbacks are client behavior, not CEN+ long-press timing, physical step domain or device feedback; repository revisions do not identify Firmware generations
C0246	libqtdevices	b120ebe31ebe8fffd40b4ba381a61a6241f31251	dev_automation.cpp	a971245e30d162ee77a703caed0550fa246c94e5	5d033dfcf715092545ff976f442b6ef686927f7000e59ccad112ee3b9f64b0f8	PPTSceDevice::turnOff	484705af2a7ddca526a0045690703463f94ea8f3bd37af615b7d095f3902d91f	-	-	-	-	intermediate-component	full-component-comparison	excluded	functional/who-25-transversal/README.md	Intermediate/removed client variant excluded as current/deployed rule; WHO 25 11..15 writers and press/repeat/release controller; one-second timer and stop callbacks are client behavior, not CEN+ long-press timing, physical step domain or device feedback; repository revisions do not identify Firmware generations
C0247	libqtdevices	b120ebe31ebe8fffd40b4ba381a61a6241f31251	dev_automation.cpp	a971245e30d162ee77a703caed0550fa246c94e5	5d033dfcf715092545ff976f442b6ef686927f7000e59ccad112ee3b9f64b0f8	PPTSceDevice::increase	a11321fc2c01ebc8014ec5c79357cac5f88c7001cb4b4b4b845ed66519bfe2b9	-	-	-	-	intermediate-component	full-component-comparison	excluded	functional/who-25-transversal/README.md	Intermediate/removed client variant excluded as current/deployed rule; WHO 25 11..15 writers and press/repeat/release controller; one-second timer and stop callbacks are client behavior, not CEN+ long-press timing, physical step domain or device feedback; repository revisions do not identify Firmware generations
C0248	libqtdevices	b120ebe31ebe8fffd40b4ba381a61a6241f31251	dev_automation.cpp	a971245e30d162ee77a703caed0550fa246c94e5	5d033dfcf715092545ff976f442b6ef686927f7000e59ccad112ee3b9f64b0f8	PPTSceDevice::decrease	6db3782352a151190760b7041da26b3fdf7fc61f2ef87f62337b3de57134b133	-	-	-	-	intermediate-component	full-component-comparison	excluded	functional/who-25-transversal/README.md	Intermediate/removed client variant excluded as current/deployed rule; WHO 25 11..15 writers and press/repeat/release controller; one-second timer and stop callbacks are client behavior, not CEN+ long-press timing, physical step domain or device feedback; repository revisions do not identify Firmware generations
C0249	libqtdevices	b120ebe31ebe8fffd40b4ba381a61a6241f31251	dev_automation.cpp	a971245e30d162ee77a703caed0550fa246c94e5	5d033dfcf715092545ff976f442b6ef686927f7000e59ccad112ee3b9f64b0f8	PPTSceDevice::stop	6a2409d73f4caa7e93d83b383950ea11eacad1c164d92990c7d3e8ddbcf0cbd4	-	-	-	-	intermediate-component	full-component-comparison	excluded	functional/who-25-transversal/README.md	Intermediate/removed client variant excluded as current/deployed rule; WHO 25 11..15 writers and press/repeat/release controller; one-second timer and stop callbacks are client behavior, not CEN+ long-press timing, physical step domain or device feedback; repository revisions do not identify Firmware generations
C0250	libqtdevices	b120ebe31ebe8fffd40b4ba381a61a6241f31251	dev_automation.cpp	a971245e30d162ee77a703caed0550fa246c94e5	5d033dfcf715092545ff976f442b6ef686927f7000e59ccad112ee3b9f64b0f8	outside	243d5e4754321564a0d0a4f77632c40c26a3a4ecfe4d92d6b03026a17a4f849a	-	-	-	-	intermediate-component	declaration/scope-screen	excluded	-	Matching declarations/enums/XML/build fields compared; metadata IDs, image labels, fixture addresses and comment-only range/timing statements do not independently establish wire operations or physical behavior; constants checked with executable delegates separately
C0251	libqtdevices	b120ebe31ebe8fffd40b4ba381a61a6241f31251	dev_automation.h	a495d938d29ac0acee63de6eefc3f34b9b42861d	d67c59766469640aa07c0f958de22b7350a257b31c0df7585b4bb5758eb221da	outside	c0cc6adade943324e62c93e71cdd91ecba79ecb36730df37d27aabdfc274fb5b	-	-	-	-	intermediate-component	declaration/scope-screen	excluded	-	Matching declarations/enums/XML/build fields compared; metadata IDs, image labels, fixture addresses and comment-only range/timing statements do not independently establish wire operations or physical behavior; constants checked with executable delegates separately
C0252	libqtdevices	b120ebe31ebe8fffd40b4ba381a61a6241f31251	scenario.cpp	79a1a1d909c3767e4625aa1eb20491d15f23e289	15537212fde8ba1b4fc738f588b1378599fe85615bbc9e14b920b53006e0be75	Scenario::loadItems	1b52e7ef11a11ae1623f6bfeff056c53eeb8ebe998cd6db8e6a7b55e46ead0d6	assert[1]:24de883561411f16fc4d9f938f7ed39431ec73f6450344db693a3abc4c0ba89c	C0235	-	-	intermediate-component	consumer-field-comparison	excluded	-	Selected matching fields and nearby lines compared; unrelated temperature/audio/test-registration or generic factory fields are scope evidence, not full semantic review; no new CEN/CEN+ wire rule
C0253	libqtdevices	d6d8a6ae9f3e72552e262993c66b1d21d138aaa6	scenario.cpp	886eabd170d48eb1fab0d5b2cfd22f33d8600cec	78ed6da0f39c0742cb672a226fb3c48860b57d85ca8cb1d5bbe16ff44f472c94	Scenario::getBanner	6210e740ec73d70e980b1c8a5c6d62491a717cc5a91d64c75bf8336074277652	-	C0224	-	-	intermediate-component	full-component-comparison	excluded	functional/who-15-cen/README.md	Intermediate/removed client variant excluded as current/deployed rule; Complete factory/loader body compared for contact WHO25 and ScenarioPlus delegates or configured WHO15 actions; product/build selectors, conditional legacy assembly and delimiter concatenation do not define wire address capacities; unrelated factory branches add no new claim; repository revisions do not identify Firmware generations
C0254	libqtdevices	c386905fb9809575a53e1a53cd6efa5d1c155d56	scenario.cpp	7768ef77251827d9bf7e46939ca3e289896a6f63	8ff4156efa64feb91ad005e5cf58c981c11cf681b40302c668b2d4f705e2c52f	Scenario::getBanner	4c614cd9f25c45652d452498bda4db25069b01bb99dd508382a986852100d9f8	-	C0253	-	-	intermediate-component	full-component-comparison	excluded	functional/who-15-cen/README.md	Intermediate/removed client variant excluded as current/deployed rule; Complete factory/loader body compared for contact WHO25 and ScenarioPlus delegates or configured WHO15 actions; product/build selectors, conditional legacy assembly and delimiter concatenation do not define wire address capacities; unrelated factory branches add no new claim; repository revisions do not identify Firmware generations
C0255	libqtdevices	beae374fc3cb2230fed546938edb8653ee50cf4f	scenario.cpp	abdfb72582942510035cb260cbde4123ad14f918	305bdc0ff5e6afbda12dd589103e80cdd8c01c2fd0f183f55a0d75f777d31ce0	Scenario::getBanner	5f454ad7797381c81c2af3961ee87c266cbcd55c58c79f504023cbb0296c9386	-	C0254	-	-	intermediate-component	full-component-comparison	excluded	functional/who-15-cen/README.md	Intermediate/removed client variant excluded as current/deployed rule; Complete factory/loader body compared for contact WHO25 and ScenarioPlus delegates or configured WHO15 actions; product/build selectors, conditional legacy assembly and delimiter concatenation do not define wire address capacities; unrelated factory branches add no new claim; repository revisions do not identify Firmware generations
C0256	libqtdevices	fe2e8ff25578ce48baa72a74c76afcd629e094d8	scenario.cpp	8e4ffb8ef9380ab047ddedf0a026eed67115a95a	d72fb493558aaf4c5f1b82fd86c36ad211b3c0ca464b81b21f1944d14c9cc44b	Scenario::getBanner	e1a35a1d1079f2def963cd6ca014fa14b8219f7343fedf9b2de63e8d28061bee	-	C0255	-	-	intermediate-component	full-component-comparison	excluded	functional/who-15-cen/README.md	Intermediate/removed client variant excluded as current/deployed rule; Complete factory/loader body compared for contact WHO25 and ScenarioPlus delegates or configured WHO15 actions; product/build selectors, conditional legacy assembly and delimiter concatenation do not define wire address capacities; unrelated factory branches add no new claim; repository revisions do not identify Firmware generations
C0257	libqtdevices	7d860b1c227149b1c68dd718bbddee7782c24b7c	scenario.cpp	1d063273f00431c06fa4e3425269c190e945899c	5746595bc1e4c64ee69de504be878385f092156105c7fac4a439b6ff1b08a0f4	Scenario::loadItems	b8ff85cf09406baf3e3c1f5a2859e59c410e5a422cd1ebfa1009d69075a3edb9	-	C0252	C0235	-	intermediate-component	consumer-field-comparison	excluded	-	Selected matching fields and nearby lines compared; unrelated temperature/audio/test-registration or generic factory fields are scope evidence, not full semantic review; no new CEN/CEN+ wire rule
C0258	libqtdevices	5589fdd6627a7111109e867f4bea28a729de705d	automation.cpp	5b9dc7482f8b492a3ab25b92aed7c325f6220ff4	a46d748ea194679d00698636fc85cf5c9dcb0b12d964ba771a51440523eaf25c	Automation::getBanner	53bfd46a1b07fc2b388b36f8d9a02f6b476cb7ff50e6464613aef826caf601ed	-	C0211	-	-	intermediate-component	full-component-comparison	excluded	functional/who-25-transversal/dry-contact-ir.md	Intermediate/removed client variant excluded as current/deployed rule; Complete factory/loader body compared for contact WHO25 and ScenarioPlus delegates or configured WHO15 actions; product/build selectors, conditional legacy assembly and delimiter concatenation do not define wire address capacities; unrelated factory branches add no new claim; repository revisions do not identify Firmware generations
C0259	libqtdevices	025b19002cdeacdc15554090e14fb7840f0a3a46	automation.cpp	073799780efaa291dd1c5659866d51da0225beb5	60938b820cf1c39e5d2bda8a084c5297994a9a0f19c79cc17143c1dddb67fddb	Automation::loadItems	0f601bb60761d5d0658aca3244408eee8a5eb8fbacd485b2d4f3a33524aebf61	-	C0238	-	-	intermediate-component	full-component-comparison	excluded	functional/who-25-transversal/dry-contact-ir.md	Intermediate/removed client variant excluded as current/deployed rule; Complete factory/loader body compared for contact WHO25 and ScenarioPlus delegates or configured WHO15 actions; product/build selectors, conditional legacy assembly and delimiter concatenation do not define wire address capacities; unrelated factory branches add no new claim; repository revisions do not identify Firmware generations
C0260	libqtdevices	02643b7fc42d9c4de7da5c9b5ece37d915874f3e	automation_device.cpp	14838ccd209b4128725c22c75be49fe63d62544c	7e1dda090e7191e3bbe1e7614f69a6324120964c49162a6bf3e5111ecb563a13	PPTSceDevice::PPTSceDevice	0a3bcd4f31a387567129eeda247a78b1c007b8cc0b40efa56deb7bf077c725dc	-	-	-	-	intermediate-component	full-component-comparison	excluded	functional/who-25-transversal/README.md	Intermediate/removed client variant excluded as current/deployed rule; WHO 25 11..15 writers and press/repeat/release controller; one-second timer and stop callbacks are client behavior, not CEN+ long-press timing, physical step domain or device feedback; repository revisions do not identify Firmware generations
C0261	libqtdevices	02643b7fc42d9c4de7da5c9b5ece37d915874f3e	automation_device.cpp	14838ccd209b4128725c22c75be49fe63d62544c	7e1dda090e7191e3bbe1e7614f69a6324120964c49162a6bf3e5111ecb563a13	PPTSceDevice::turnOn	e4e5b5d87bddb416553c52bbb70cfa8711f5a141f2ccb8c54f10a5ee79ff7dee	-	-	-	-	intermediate-component	full-component-comparison	excluded	functional/who-25-transversal/README.md	Intermediate/removed client variant excluded as current/deployed rule; WHO 25 11..15 writers and press/repeat/release controller; one-second timer and stop callbacks are client behavior, not CEN+ long-press timing, physical step domain or device feedback; repository revisions do not identify Firmware generations
C0262	libqtdevices	02643b7fc42d9c4de7da5c9b5ece37d915874f3e	automation_device.cpp	14838ccd209b4128725c22c75be49fe63d62544c	7e1dda090e7191e3bbe1e7614f69a6324120964c49162a6bf3e5111ecb563a13	PPTSceDevice::turnOff	484705af2a7ddca526a0045690703463f94ea8f3bd37af615b7d095f3902d91f	-	-	-	-	intermediate-component	full-component-comparison	excluded	functional/who-25-transversal/README.md	Intermediate/removed client variant excluded as current/deployed rule; WHO 25 11..15 writers and press/repeat/release controller; one-second timer and stop callbacks are client behavior, not CEN+ long-press timing, physical step domain or device feedback; repository revisions do not identify Firmware generations
C0263	libqtdevices	02643b7fc42d9c4de7da5c9b5ece37d915874f3e	automation_device.cpp	14838ccd209b4128725c22c75be49fe63d62544c	7e1dda090e7191e3bbe1e7614f69a6324120964c49162a6bf3e5111ecb563a13	PPTSceDevice::increase	a11321fc2c01ebc8014ec5c79357cac5f88c7001cb4b4b4b845ed66519bfe2b9	-	-	-	-	intermediate-component	full-component-comparison	excluded	functional/who-25-transversal/README.md	Intermediate/removed client variant excluded as current/deployed rule; WHO 25 11..15 writers and press/repeat/release controller; one-second timer and stop callbacks are client behavior, not CEN+ long-press timing, physical step domain or device feedback; repository revisions do not identify Firmware generations
C0264	libqtdevices	02643b7fc42d9c4de7da5c9b5ece37d915874f3e	automation_device.cpp	14838ccd209b4128725c22c75be49fe63d62544c	7e1dda090e7191e3bbe1e7614f69a6324120964c49162a6bf3e5111ecb563a13	PPTSceDevice::decrease	6db3782352a151190760b7041da26b3fdf7fc61f2ef87f62337b3de57134b133	-	-	-	-	intermediate-component	full-component-comparison	excluded	functional/who-25-transversal/README.md	Intermediate/removed client variant excluded as current/deployed rule; WHO 25 11..15 writers and press/repeat/release controller; one-second timer and stop callbacks are client behavior, not CEN+ long-press timing, physical step domain or device feedback; repository revisions do not identify Firmware generations
C0265	libqtdevices	02643b7fc42d9c4de7da5c9b5ece37d915874f3e	automation_device.cpp	14838ccd209b4128725c22c75be49fe63d62544c	7e1dda090e7191e3bbe1e7614f69a6324120964c49162a6bf3e5111ecb563a13	PPTSceDevice::stop	6a2409d73f4caa7e93d83b383950ea11eacad1c164d92990c7d3e8ddbcf0cbd4	-	-	-	-	intermediate-component	full-component-comparison	excluded	functional/who-25-transversal/README.md	Intermediate/removed client variant excluded as current/deployed rule; WHO 25 11..15 writers and press/repeat/release controller; one-second timer and stop callbacks are client behavior, not CEN+ long-press timing, physical step domain or device feedback; repository revisions do not identify Firmware generations
C0266	libqtdevices	02643b7fc42d9c4de7da5c9b5ece37d915874f3e	automation_device.cpp	14838ccd209b4128725c22c75be49fe63d62544c	7e1dda090e7191e3bbe1e7614f69a6324120964c49162a6bf3e5111ecb563a13	outside	243d5e4754321564a0d0a4f77632c40c26a3a4ecfe4d92d6b03026a17a4f849a	-	C0089	-	-	intermediate-component	declaration/scope-screen	excluded	-	Matching declarations/enums/XML/build fields compared; metadata IDs, image labels, fixture addresses and comment-only range/timing statements do not independently establish wire operations or physical behavior; constants checked with executable delegates separately
C0267	libqtdevices	02643b7fc42d9c4de7da5c9b5ece37d915874f3e	automation_device.h	e87c4fe9d082de5d92c8a14b3db5a24bcabedddc	19a0b51b5120e112329da9200a0f34ccbde4b6fe14f466d155703c8666017fd6	outside	c0cc6adade943324e62c93e71cdd91ecba79ecb36730df37d27aabdfc274fb5b	-	C0103	-	-	intermediate-component	declaration/scope-screen	excluded	-	Matching declarations/enums/XML/build fields compared; metadata IDs, image labels, fixture addresses and comment-only range/timing statements do not independently establish wire operations or physical behavior; constants checked with executable delegates separately
C0268	libqtdevices	8f98893b9ac0d130c18eb745974e7baec9435700	test/test_main.cpp	24a9de731c6be05f7f232b9a25934d8612b1819c	1fe8a8a458dd9e7448cd9cdd3c599147c66b93c488d5d7d5d44811df8cef0029	main	8c1d89f417b054f3377edcdf6668c1b5174631b6efcbb81efda068e52965fda1	-	C0237	C0118	-	intermediate-component	consumer-field-comparison	excluded	-	Selected matching fields and nearby lines compared; unrelated temperature/audio/test-registration or generic factory fields are scope evidence, not full semantic review; no new CEN/CEN+ wire rule
C0269	libqtdevices	eb29e7802b3975c2919b7e021e7c25c99eba590c	automation.cpp	fa5adcab6533081c0dbfe070bf8b2166591b4004	5b86be515816c4ea0a2b7f64217d42522ac6d376007c461824af573c34047806	Automation::loadItems	e548012366aa310bb10d6a014f801c1a3a3295359ef55611bec176baefd648f6	-	C0259	-	-	intermediate-component	full-component-comparison	excluded	functional/who-25-transversal/dry-contact-ir.md	Intermediate/removed client variant excluded as current/deployed rule; Complete factory/loader body compared for contact WHO25 and ScenarioPlus delegates or configured WHO15 actions; product/build selectors, conditional legacy assembly and delimiter concatenation do not define wire address capacities; unrelated factory branches add no new claim; repository revisions do not identify Firmware generations
C0270	libqtdevices	eb29e7802b3975c2919b7e021e7c25c99eba590c	scenario.cpp	563ee1e6ea08014f707b1890184dfd102672f2da	9b3bdd91905a96f692176d04297b3607161261aa12512841f32677e8b94e0a5e	Scenario::loadItems	2064aa05d02822b13d97058cd1860fa928434d9a8c6a414c7b8598889786b06f	-	C0257	C0235	-	intermediate-component	consumer-field-comparison	excluded	-	Selected matching fields and nearby lines compared; unrelated temperature/audio/test-registration or generic factory fields are scope evidence, not full semantic review; no new CEN/CEN+ wire rule
C0271	libqtdevices	9ee006fb5b109a636344531ddab9bd4c3e449185	test/test_main.cpp	36b33511a46fce20eae43db2171efe60cc593f8f	cb92cd029ed146e9fba7a0e0b441a337dd1988fe9f2580a099715bdf81fc84a1	main	8370e2404f93188adb7bc71e708d6ee4146aa30040f6d5ab704930a16e7e97f9	-	C0268	C0118	-	intermediate-component	consumer-field-comparison	excluded	-	Selected matching fields and nearby lines compared; unrelated temperature/audio/test-registration or generic factory fields are scope evidence, not full semantic review; no new CEN/CEN+ wire rule
C0272	libqtdevices	da711d59e9794e40fdfb5b32a36032191b59664e	scenario.cpp	2951597cb3e4cad3d9641287fc0f023694ac0a3c	189e5904a8a4d5f820b9d2d3d0f3c320b75d7bf8a2ef6174ea08346e91e5e739	Scenario::loadItems	6e77c4917e22d143faa9bc2cb9f1de317aa85ebe7e44a453213966266580be11	-	C0270	C0235	-	intermediate-component	consumer-field-comparison	excluded	-	Selected matching fields and nearby lines compared; unrelated temperature/audio/test-registration or generic factory fields are scope evidence, not full semantic review; no new CEN/CEN+ wire rule
C0273	libqtdevices	da711d59e9794e40fdfb5b32a36032191b59664e	test/test_main.cpp	c27991b274d37e2adcf2c2c111ca217c751864fb	3880f4125ca97d7c023da492941367dc4c8edd839d7cd903b1559c1394a29e5f	main	231a47a0162a2b9ef1489fc330ba9d575f8d2cc7bc766a730a9624041f9bcfa0	-	C0271	C0118	-	intermediate-component	consumer-field-comparison	excluded	-	Selected matching fields and nearby lines compared; unrelated temperature/audio/test-registration or generic factory fields are scope evidence, not full semantic review; no new CEN/CEN+ wire rule
C0274	libqtdevices	c684793bcd0655b7fb32c2530d831903b0863a9d	test/test_main.cpp	64cbdd06063176496ef3b72d29267ca917b1f978	41d8ddbf9a4136fa8cbbb539579379ec95054bd4a3b8b7006b2d2af4d802f918	main	5832fda96ed76dc4fb9a2bebabab293e5361e158b08052b676dd54d0ab2bf6be	-	C0273	-	-	intermediate-component	consumer-field-comparison	excluded	-	Selected matching fields and nearby lines compared; unrelated temperature/audio/test-registration or generic factory fields are scope evidence, not full semantic review; no new CEN/CEN+ wire rule
C0275	libqtdevices	e13ec9ef4f5d95c768d74e2f7ba94ce8942866b8	automation.cpp	f8498e0fd8adb7e5d3f60b7eef0454b6e2ceac6a	bfda54946236b1d4afadd689411640317918f1f1a66fe5942a18c3e691f0630c	Automation::loadItems	b4c68d9bb7c60d0dba408b69c127ff83ab510f8f6a091fbc113e0aa419fe8a27	-	C0269	-	-	intermediate-component	full-component-comparison	excluded	functional/who-25-transversal/dry-contact-ir.md	Intermediate/removed client variant excluded as current/deployed rule; Complete factory/loader body compared for contact WHO25 and ScenarioPlus delegates or configured WHO15 actions; product/build selectors, conditional legacy assembly and delimiter concatenation do not define wire address capacities; unrelated factory branches add no new claim; repository revisions do not identify Firmware generations
C0276	libqtdevices	95a989cf6531215dc52bc6715174e57b9bd89ec7	scenario.cpp	d8b3043566e8a103b745ca9285543568ca68a4b8	700d77e06727064d97903d9d54106e658243bed90ca4cdbee070950384c7bb6c	Scenario::loadItems	f03255d6d4618b35039dfeb722a896572a6323647668d786d88857fdbdd72f77	-	C0272	C0235	-	intermediate-component	consumer-field-comparison	excluded	-	Selected matching fields and nearby lines compared; unrelated temperature/audio/test-registration or generic factory fields are scope evidence, not full semantic review; no new CEN/CEN+ wire rule
C0277	libqtdevices	0abdcd5361a8081118ee0e1a6d60b67f314ed57d	scenario.cpp	8b8638ccaf768c6a49e67c3242c444ffa14d635e	2507a81b74912550443a759e15ea1ef53c0d85f37182a36ba08c419009b74b97	Scenario::loadItems	ca000c3704ff2fce1cffbb6a1c548c01da44f0e61d9eb3586122833403a7cf51	-	C0276	C0235	-	intermediate-component	consumer-field-comparison	excluded	-	Selected matching fields and nearby lines compared; unrelated temperature/audio/test-registration or generic factory fields are scope evidence, not full semantic review; no new CEN/CEN+ wire rule
C0278	libqtdevices	acfc9c4af55ccfb1ea6817264103cfad2deafde5	automation.cpp	a115fde7f6eaab96d903f92979db25d45149b31c	a01b3644fb38993dbc38d4d287dd7f1266aed7d510d7cba82b994e32040eea18	Automation::loadItems	36adea18c74b9df17d4d158b4a8cabe8891c1701827c21325673e6b1b515bce4	-	C0275	-	-	intermediate-component	full-component-comparison	excluded	functional/who-25-transversal/dry-contact-ir.md	Intermediate/removed client variant excluded as current/deployed rule; Complete factory/loader body compared for contact WHO25 and ScenarioPlus delegates or configured WHO15 actions; product/build selectors, conditional legacy assembly and delimiter concatenation do not define wire address capacities; unrelated factory branches add no new claim; repository revisions do not identify Firmware generations
C0279	libqtdevices	394798a84af6634df5ba1b18b13adbf4382113cc	automation.cpp	f2e57378ab383d89cbddbea8b97bce3cd0f61958	0a7b3884d6f036459741813536502dea04467de18c481e9c587d6e99534ba652	Automation::loadItems	5218040567fdf2abc2e838c9f8075b443f0ec8cc73530c3c0292b191f88bdf78	-	C0278	-	-	intermediate-component	full-component-comparison	excluded	functional/who-25-transversal/dry-contact-ir.md	Intermediate/removed client variant excluded as current/deployed rule; Complete factory/loader body compared for contact WHO25 and ScenarioPlus delegates or configured WHO15 actions; product/build selectors, conditional legacy assembly and delimiter concatenation do not define wire address capacities; unrelated factory branches add no new claim; repository revisions do not identify Firmware generations
C0280	libqtdevices	c16c06acb955403c0e4b4f4eeaaf3bb6ad02e914	automation.cpp	ecacdc4842c29521aad2ee15c8e4bc4b88e7fb21	153441805d1ebb40301196121fef53a81a029543fa80a0ae1c3270579a2c40e1	Automation::loadItems	3af8ea5b7f2cceab271d63ffbf71fcb6c8070635ee2e20a9dd2ff35a87e800c1	-	C0279	-	-	intermediate-component	full-component-comparison	excluded	functional/who-25-transversal/dry-contact-ir.md	Intermediate/removed client variant excluded as current/deployed rule; Complete factory/loader body compared for contact WHO25 and ScenarioPlus delegates or configured WHO15 actions; product/build selectors, conditional legacy assembly and delimiter concatenation do not define wire address capacities; unrelated factory branches add no new claim; repository revisions do not identify Firmware generations
C0281	libqtdevices	d877f6ebc30be3834d9d388af8e3a890dec2727e	automation.cpp	6ae1a37c20e9bada117803d9ce514a0fdde02637	908754a5ab89b726818ccafe07f1e93ed333aa0154e4d0f28eca272a37552237	Automation::loadItems	f76690951eabfb6337abe76e28fc6528df1d8f4cc5a30187dea47107378f3466	-	C0280	-	-	intermediate-component	full-component-comparison	excluded	functional/who-25-transversal/dry-contact-ir.md	Intermediate/removed client variant excluded as current/deployed rule; Complete factory/loader body compared for contact WHO25 and ScenarioPlus delegates or configured WHO15 actions; product/build selectors, conditional legacy assembly and delimiter concatenation do not define wire address capacities; unrelated factory branches add no new claim; repository revisions do not identify Firmware generations
C0282	libqtdevices	844be5c02b99a638bafd0ae8671e87f352a37d8a	automation.cpp	00aeefc44f16a7813b388e357347b8955725bd8b	e815db61aa93ddc01c0936dfe3f30bbc70ca68d9ed236da5ba2f7521097bba1a	Automation::loadItems	4bddaadfc091abb2c13d922540eee01d8d237a557aceb28f7fb9530269384a9b	-	C0281	-	-	intermediate-component	full-component-comparison	excluded	functional/who-25-transversal/dry-contact-ir.md	Intermediate/removed client variant excluded as current/deployed rule; Complete factory/loader body compared for contact WHO25 and ScenarioPlus delegates or configured WHO15 actions; product/build selectors, conditional legacy assembly and delimiter concatenation do not define wire address capacities; unrelated factory branches add no new claim; repository revisions do not identify Firmware generations
C0283	libqtdevices	203b29f41a9dfcbfc59aa5bdcc136bda2c58ed34	automation.cpp	c245bdf056ad6e40b769eed51cbc08d2b7128f79	ae353f4d4f9402f8ed12a8bd404ecf2271d5a6ea80c3c1ae04d3220d2a0a36f7	Automation::loadItems	e00932a084226e7d6641b8bf5932facc606f7fd6324ef472d87b3bd93ad86e6a	-	C0282	-	-	intermediate-component	full-component-comparison	excluded	functional/who-25-transversal/dry-contact-ir.md	Intermediate/removed client variant excluded as current/deployed rule; Complete factory/loader body compared for contact WHO25 and ScenarioPlus delegates or configured WHO15 actions; product/build selectors, conditional legacy assembly and delimiter concatenation do not define wire address capacities; unrelated factory branches add no new claim; repository revisions do not identify Firmware generations
C0284	libqtdevices	4e13151bbc230f362b7fc00dc6d049cde5598a1b	scenario.cpp	81936bd47ed0d5b76c02de18e723f793ca1b3854	681f923961687002c10e8f558cbe7e2f19c88e4b1b371116bb483521ebe36fb8	Scenario::loadItems	ab886e82cbb8cc5c3a2fc9d8c9a796592407c0e7e220094c3581b4397cca5bbd	-	C0277	C0252	-	intermediate-component	consumer-field-comparison	excluded	-	Selected matching fields and nearby lines compared; unrelated temperature/audio/test-registration or generic factory fields are scope evidence, not full semantic review; no new CEN/CEN+ wire rule
C0285	libqtdevices	99babf1026d1293148d780915c20a9f3529f201c	automation.cpp	d1ff7c0b2cd7f755c8136ac828301746d23f9c08	a4057775ed8cd86adde9805cebef72e710b430a48637a046cc31e70a489c0f00	Automation::loadItems	5f629df34cd95874a8b2f25cd559cc706d643ad93b829aa55bab475ba32e5617	-	C0283	-	-	intermediate-component	full-component-comparison	excluded	functional/who-25-transversal/dry-contact-ir.md	Intermediate/removed client variant excluded as current/deployed rule; Complete factory/loader body compared for contact WHO25 and ScenarioPlus delegates or configured WHO15 actions; product/build selectors, conditional legacy assembly and delimiter concatenation do not define wire address capacities; unrelated factory branches add no new claim; repository revisions do not identify Firmware generations
C0286	libqtdevices	57c18321b47db25dda2f190ec24479a9369a3db6	test/test_main.cpp	31612e7e1fbe4d08f4067143cb4e21423e2ed4e6	45993df3583a84982573e2fab901a0f2f7469b7d74f050090ba1b779ff5695bc	main	c2163afe41256007206f8b3605592fd3e4e41ea4c41a14e6419bd29dd486e5dc	-	C0274	C0274	-	intermediate-component	consumer-field-comparison	excluded	-	Selected matching fields and nearby lines compared; unrelated temperature/audio/test-registration or generic factory fields are scope evidence, not full semantic review; no new CEN/CEN+ wire rule
C0287	libqtdevices	9ff5546dcbf52f5997bdf04293bf411067393db2	test/test_main.cpp	aa30f229000ee0c84ffebd39ead06cc8423bd5ee	8fc1989655b495db5a1f447b0c6a9b8cd67ec6fa992c921238aa10fffd675481	main	a739d62e55cc3dc5d4fd15476a89d490af6a4098eb8f13fdfa63b97e58c46f39	-	C0286	-	-	intermediate-component	consumer-field-comparison	excluded	-	Selected matching fields and nearby lines compared; unrelated temperature/audio/test-registration or generic factory fields are scope evidence, not full semantic review; no new CEN/CEN+ wire rule
C0288	libqtdevices	4daf08580236cfe499e6ae9b65d6850d3e6555b1	test/test_main.cpp	3fd0da4498857d39a6f01dcb952aaeb4dab59217	55c4caaf9c1cac1391d45ffcadfdd792bd8f659aa7065b6de3c7b050fa0e5cc7	main	9e2a752bced32f0494dc0ff2cf1cd55b41cd99090efe14258e2a5e76ee9c23bc	-	C0287	C0287	-	intermediate-component	consumer-field-comparison	excluded	-	Selected matching fields and nearby lines compared; unrelated temperature/audio/test-registration or generic factory fields are scope evidence, not full semantic review; no new CEN/CEN+ wire rule
C0289	libqtdevices	5f450c2615fe796589b79fb93a0aa2d75c35256f	dev_automation.cpp	88ed10fdd0d8b00ecae6ab3e6518dc6c94c83331	88070d2ec69be2473367e0c7257dddc5eaa84bf962968e0cc380e8e240e9846b	PPTStatDevice::requestStatus	7006a40cb63e34c033addf9b72129a4b77025e9d0763d38d42648dd186508005	-	C0242	-	-	intermediate-component	full-component-comparison	excluded	functional/who-25-transversal/dry-contact-ir.md	Intermediate/removed client variant excluded as current/deployed rule; WHO 25 contact query/receipt, 31 closed and 32 open; numeric address matching, local bool and UI initialization/change notification scoped to client; no route/range, IR inversion or wire DIMENSION inference; repository revisions do not identify Firmware generations
C0290	libqtdevices	5f450c2615fe796589b79fb93a0aa2d75c35256f	dev_automation.cpp	88ed10fdd0d8b00ecae6ab3e6518dc6c94c83331	88070d2ec69be2473367e0c7257dddc5eaa84bf962968e0cc380e8e240e9846b	PPTStatDevice::manageFrame	381d7632b612502e221b0160643a46cdc3949b3c8ec88dd530af08753c49fefd	-	-	-	-	intermediate-component	full-component-comparison	excluded	functional/who-25-transversal/dry-contact-ir.md	Intermediate/removed client variant excluded as current/deployed rule; WHO 25 contact query/receipt, 31 closed and 32 open; numeric address matching, local bool and UI initialization/change notification scoped to client; no route/range, IR inversion or wire DIMENSION inference; repository revisions do not identify Firmware generations
C0291	libqtdevices	9149cfdaba523e3f782ddc6858a1d5279737c3b7	test/test_main.cpp	bc0cd4d82045e30c3a93929d2f1b4c8f73adc7dd	35126a8a06f57d40ce4c68f568e833b6e245045147553fc642c1edfe0041bf71	main	24894a865d958cd6aeefb4f7fdbe7b5f8f34d82a2fa736cdf19a606604a51efc	-	C0288	C0287	-	intermediate-component	consumer-field-comparison	excluded	-	Selected matching fields and nearby lines compared; unrelated temperature/audio/test-registration or generic factory fields are scope evidence, not full semantic review; no new CEN/CEN+ wire rule
C0292	libqtdevices	e574cbd2b3e3b72d07aacf3ef8aea8ed58054dc3	test/test_main.cpp	cc01241c064c6f4975aa7c4174e5a082b21b5c51	93633ed680ad744edfec12a42d04f92e4260eb7084e08f135d611b46dd72b522	main	9650c71c65c84864632dfa0ed5b2886be088d19c4adab3c211f9ab663385d430	-	C0291	-	-	intermediate-component	consumer-field-comparison	excluded	-	Selected matching fields and nearby lines compared; unrelated temperature/audio/test-registration or generic factory fields are scope evidence, not full semantic review; no new CEN/CEN+ wire rule
C0293	libqtdevices	82233c50969072c0c9bf750b4c02083a4a282096	test/test_main.cpp	b252d1842b5e2fd627a5c7fdcb72c9a3454488cb	4843f416d2ea43a1bd4c0955b9f75bdb98ad3fb48ea5ff0293b6727a1dd366b1	main	22480a939db606062774f62682d5dd6e94af58e8b4d3970d852f968177e19a24	-	C0292	-	-	intermediate-component	consumer-field-comparison	excluded	-	Selected matching fields and nearby lines compared; unrelated temperature/audio/test-registration or generic factory fields are scope evidence, not full semantic review; no new CEN/CEN+ wire rule
C0294	libqtdevices	80f1c31923f33ce40644e81f6459005467734173	test/test_main.cpp	9c805bd0e1e9a50a2c8126a355363691d0ad5bc9	fd1b5fa6b05e7fc5bfa961f2a06cdb4bf178f17d05dbc7c65ccadd38b84d587e	main	a6a1e5492ad2cf135657742adb727a6ffe3383a14ff0d448b18b870d50612ee0	-	C0293	-	-	intermediate-component	consumer-field-comparison	excluded	-	Selected matching fields and nearby lines compared; unrelated temperature/audio/test-registration or generic factory fields are scope evidence, not full semantic review; no new CEN/CEN+ wire rule
C0295	libqtdevices	c53b6fd554d8d872b79d80371f77ca58de58d633	test/test_main.cpp	4bec2131638a78a35cfca094fedfc762f61978f4	4607f33ec7e77db12b8f65949fdcbb3ee751430244493a28b976f40ec82740ca	main	cb0123869f8cc54f4cc7dd3f4a6f87feaacbf3178f259903941391e7648dcb22	-	C0294	-	-	intermediate-component	consumer-field-comparison	excluded	-	Selected matching fields and nearby lines compared; unrelated temperature/audio/test-registration or generic factory fields are scope evidence, not full semantic review; no new CEN/CEN+ wire rule
C0296	libqtdevices	ff7725c339a11289924f14320ba7566c176d4a90	test/test_main.cpp	a8d612657c2a7e7b06eacc3f82681ff9fb36276c	dd05fbb6ebb044210d9ca33a93ba2965bc9399f645e966340bd6547ff1de804d	main	1b7ec81575f8f4b223882a97536a4578991cf8bcf9225c4483f24959fb30a1c8	-	C0295	-	-	intermediate-component	consumer-field-comparison	excluded	-	Selected matching fields and nearby lines compared; unrelated temperature/audio/test-registration or generic factory fields are scope evidence, not full semantic review; no new CEN/CEN+ wire rule
C0297	libqtdevices	ba3233cb5cd03f97d2491047a410cbb4844d8587	bann_automation.cpp	59939dff3dfd781d8de37a73a9ee65365d81c651	3bcb39d122535ca927073ae9addbd9b0abb6c84490ab7e18c848cf0a8a911a88	PPTStat::PPTStat	d45fbc6897851c48a5048985e26ced44ddcda422a49d6d209889838a37bb0d1f	-	C0239	-	-	intermediate-component	full-component-comparison	excluded	functional/who-25-transversal/dry-contact-ir.md	Intermediate/removed client variant excluded as current/deployed rule; WHO 25 contact query/receipt, 31 closed and 32 open; numeric address matching, local bool and UI initialization/change notification scoped to client; no route/range, IR inversion or wire DIMENSION inference; repository revisions do not identify Firmware generations
C0298	libqtdevices	abd28f2e190be5f46e0deaff12feb97fdba2a633	bann_scenario.cpp	b5cad30a7ee641efe10f42eb080fb58a421eda0c	af6ea3a512e74dd0f21ee3612cbea46ec37ad49b9348fac0461fb97d7ea0ee67	PPTSce::PPTSce	8402f5af68dfb47f5a43b151db0002cd0f01324d34d20c7d36fecbaff4b24e4e	-	C0192	-	-	intermediate-component	full-component-comparison	excluded	functional/who-25-transversal/README.md	Intermediate/removed client variant excluded as current/deployed rule; WHO 25 11..15 writers and press/repeat/release controller; one-second timer and stop callbacks are client behavior, not CEN+ long-press timing, physical step domain or device feedback; repository revisions do not identify Firmware generations
C0299	libqtdevices	c691f933ae5e136c6c5af53589bb25410ffa7e57	dev_automation.cpp	8f3c994bfb67091cc4f738b58d5b5634e594e013	298bad35aa0d66e1665f1ee3498dd54b29445ef28bf91b44ea0e72011fa8c10e	PPTStatDevice::frame_rx_handler	c09df3df9fc071003c7f35c1328f80a8f718733e18474f03e03d232f96d8da1b	-	C0243	-	-	intermediate-component	full-component-comparison	excluded	functional/who-25-transversal/dry-contact-ir.md	Intermediate/removed client variant excluded as current/deployed rule; WHO 25 contact query/receipt, 31 closed and 32 open; numeric address matching, local bool and UI initialization/change notification scoped to client; no route/range, IR inversion or wire DIMENSION inference; repository revisions do not identify Firmware generations
C0300	libqtdevices	c691f933ae5e136c6c5af53589bb25410ffa7e57	test/test_dev_automation.cpp	1a68e71d08067a47a1870e516d799f459bc8c948	b6de32d3282bcc8e11a69c337ea7fc78e07c9fd73ff50fbcc7c9f7ce431fb052	TestPPTStatDevice::receiveStatus	0409c2ebd44fad05080e427489e848df6de9a4c3a467d414a29be0c6533bcb0b	check[1]:00aface80d77b45ceff4826febd1413e0843ecc987766213ab08a834b2511616;check[2]:b83a27418feb171fa3aaf5c8f135b90a798ed427399d6cba0173bc1d9cf8f154;check[3]:406ea3a28381ea1dd6486db11c6b4b056afedf6b917c5ec1eef4f09011dcaf11;check[4]:cb6d158d2b0aefae96583277021e137042b7e030820c1ddcf001206981045747	C0164	-	-	intermediate-component	full-component-comparison	excluded	functional/who-25-transversal/dry-contact-ir.md	Intermediate/removed client variant excluded as current/deployed rule; WHO 25 contact query/receipt, 31 closed and 32 open; numeric address matching, local bool and UI initialization/change notification scoped to client; no route/range, IR inversion or wire DIMENSION inference; repository revisions do not identify Firmware generations
C0301	libqtdevices	3ca676b93ef82051d032cc37fced16c6bad5baa1	dev_automation.cpp	5137fd95a62f6cf0d9332076c3bd726e50411619	3a7bbe6b807dae6b5c1b83b893e30e53029be4045226f6ead1277677c953ec97	PPTSceDevice::sendCommand	76e5758e5511a4d5c3831f15f302e06590c43087c1783d1a21cfad779597f0f8	-	-	-	-	intermediate-component	full-component-comparison	excluded	functional/who-25-transversal/README.md	Intermediate/removed client variant excluded as current/deployed rule; WHO 25 11..15 writers and press/repeat/release controller; one-second timer and stop callbacks are client behavior, not CEN+ long-press timing, physical step domain or device feedback; repository revisions do not identify Firmware generations
C0302	libqtdevices	0de4c453049c03684b14a93448779ece1a9de75d	dev_automation.h	cd52a23be4396259245583771aea457ad0fe54d3	777771ed1ba870d8433124cc1bc7bdd6fc3ead33f7b5bc7e5e6f7f4719eeefbd	outside	72f8c58b1e2f88dc6bd51de68827ee19e08392405bb5b1eaf8c2e7bb2958d383	-	C0251	-	-	intermediate-component	declaration/scope-screen	excluded	-	Matching declarations/enums/XML/build fields compared; metadata IDs, image labels, fixture addresses and comment-only range/timing statements do not independently establish wire operations or physical behavior; constants checked with executable delegates separately
C0303	libqtdevices	699f64fecbfb1f41bb69e2ea2be8d7e845c83769	dev_automation.cpp	25a5bf36587680bcaccd50f55fc35b91d2ec9545	36937cf7e5db25b5d4d36755d53c1a06ca6165dda9ed8927ec2f007b4a26df2c	PPTStatDevice::manageFrame	8f072211884f6a4302922a8cf5cae5a6d2ef962bf4dc424b6aac68b32b76886f	-	C0290	-	-	intermediate-component	full-component-comparison	excluded	functional/who-25-transversal/dry-contact-ir.md	Intermediate/removed client variant excluded as current/deployed rule; WHO 25 contact query/receipt, 31 closed and 32 open; numeric address matching, local bool and UI initialization/change notification scoped to client; no route/range, IR inversion or wire DIMENSION inference; repository revisions do not identify Firmware generations
C0304	libqtdevices	eaead2b5347c7764b65f0562d607609cdddf1d1d	device.cpp	36abf0d0d21cf6219ac45f494226d2577337495c	ef4235d3604499e8a9d9f20680860e7634807e817f2c36fea95586f0eba23dd8	device::device	26b1a8ceadafb53063e9e23be061e5c9230603d67d00a8cae7b92c905f95b17c	-	C0222	C0021	-	intermediate-component	consumer-field-comparison	excluded	-	Selected matching fields and nearby lines compared; unrelated temperature/audio/test-registration or generic factory fields are scope evidence, not full semantic review; no new CEN/CEN+ wire rule
C0305	libqtdevices	43946f7aecbbf7071ef1ad130eb2570b3c070d1a	device.cpp	f9b5133d31ae5f51d972512c64d0367001000872	14486b8459da307a5caff59253907183cdc789706e4b638274d666b3e8a012fe	device::device	5bc5ef6413433610d5df994b989ca5c6ef5d035ca16503fa9211beda442d1a70	-	C0304	C0021	-	intermediate-component	consumer-field-comparison	excluded	-	Selected matching fields and nearby lines compared; unrelated temperature/audio/test-registration or generic factory fields are scope evidence, not full semantic review; no new CEN/CEN+ wire rule
C0306	libqtdevices	43946f7aecbbf7071ef1ad130eb2570b3c070d1a	frame_interpreter.cpp	731314084058b176f8be4ed647d3434e73c1d477	3d9ea29a07a7d71b4c585f9e9cd8ac0d1e2d48b1691c8bbfb925d6b729943ec9	frame_interpreter_temperature_probe::handle_frame_handler	346d0a6eb64d519abb2db5f5317223f0810bb539068d508bc78776ef872fe395	-	C0122	C0113	-	intermediate-component	consumer-field-comparison	excluded	-	Selected matching fields and nearby lines compared; unrelated temperature/audio/test-registration or generic factory fields are scope evidence, not full semantic review; no new CEN/CEN+ wire rule
C0307	libqtdevices	bd1d6f38368dc7ac8e2f6918ff14bdd6331216cb	cfg/conf.V.5.0.2.xml	8f75ec31820c45e1e17a3c6672848e4b540e7291	c0ae6d08de73b3be7f4cb6a780c364eed4ad04ab4493b2db866b15acd5c18e59	outside	df68662c63b5fe1fc8f40dfc3e01020457d7db27865fe9d0877b00065d22fe75	-	-	-	-	intermediate-component	declaration/scope-screen	excluded	-	Matching declarations/enums/XML/build fields compared; metadata IDs, image labels, fixture addresses and comment-only range/timing statements do not independently establish wire operations or physical behavior; constants checked with executable delegates separately
C0308	libqtdevices	bd1d6f38368dc7ac8e2f6918ff14bdd6331216cb	cfg/conf.V.5.0.3.xml	09e77a409c6d95cf4d1ef5fb4ceb9225ef951f9c	999fc5346cedd219801f00c2bd2243833c7d2eb1d49ad33398a4683e09d3e4b4	outside	4b29aa671467f7126b3c160fb32b38cefe12821a0df6297f72945d8a7d8dcfb6	-	-	-	-	intermediate-component	declaration/scope-screen	excluded	-	Matching declarations/enums/XML/build fields compared; metadata IDs, image labels, fixture addresses and comment-only range/timing statements do not independently establish wire operations or physical behavior; constants checked with executable delegates separately
C0309	libqtdevices	215a4410eb567821bf015d82d7e3bb947ff4689a	device.cpp	1fdb709933627924c8cc2c856fd0cd941448ccd3	c039570203349407f8aadb42203b4cd459f96a83cd5b2521399fc75a0f0964c4	device::device	cb0ef519e2fc954e72592f372207c000f772ba8f7b22fe78283399314480d0ca	assert[1]:b72384d7c4d8300e99f8ab99d28a5209d0b8e03ae90c6c414e886b3c31b5c5f4	C0305	C0021	-	intermediate-component	consumer-field-comparison	excluded	-	Selected matching fields and nearby lines compared; unrelated temperature/audio/test-registration or generic factory fields are scope evidence, not full semantic review; no new CEN/CEN+ wire rule
C0310	libqtdevices	078225388d7a5aed997b208eaa9f558b4f1b9b16	device.cpp	c3210b06d19ecde1eaed7f4d67399fe4517f7054	798a22387e80563718f43d3fba7c0f5467394aa74eb04679353e0281ac65d13b	device::device	7bcdb53c188b41d1d3a3b4d6863763bfdbd98b394872cbf77be473ed408921b5	-	C0309	C0021	-	intermediate-component	consumer-field-comparison	excluded	-	Selected matching fields and nearby lines compared; unrelated temperature/audio/test-registration or generic factory fields are scope evidence, not full semantic review; no new CEN/CEN+ wire rule
C0311	libqtdevices	26eb6d2f9d07253433e8fdfbc906a15a9e390449	cfg/conf.termo2.xml	8b9d086ffd473c84db5adf6732be9faa2bf68463	a6eb54141cbaa0de14944ac95dad79ebb3b7226fe157cb830ed56c4bb1cc41b4	outside	df68662c63b5fe1fc8f40dfc3e01020457d7db27865fe9d0877b00065d22fe75	-	-	-	-	intermediate-component	declaration/scope-screen	excluded	-	Matching declarations/enums/XML/build fields compared; metadata IDs, image labels, fixture addresses and comment-only range/timing statements do not independently establish wire operations or physical behavior; constants checked with executable delegates separately
C0312	libqtdevices	26eb6d2f9d07253433e8fdfbc906a15a9e390449	cfg/conf.xml	49461e1131f2333c79490fd9d20c93470ac8f3ad	c9fe43e35838b05cc67a24dd086b02e2d172d7331aaed3a9d1291f0b4aa52c4f	outside	df68662c63b5fe1fc8f40dfc3e01020457d7db27865fe9d0877b00065d22fe75	-	-	-	-	intermediate-component	declaration/scope-screen	excluded	-	Matching declarations/enums/XML/build fields compared; metadata IDs, image labels, fixture addresses and comment-only range/timing statements do not independently establish wire operations or physical behavior; constants checked with executable delegates separately
C0313	libqtdevices	34e0ffff7174ee50153fdd53352a08723ce07d71	frame_interpreter.cpp	1d16073d129a7e3f786d8c29b22765acc55de5e5	57c6f06c026257349705664319877f37193dd05bcf9034049c47255a0654d32b	frame_interpreter_temperature_probe::handle_frame_handler	53d4a225d8eaec208bc71dbf6502d28332b17bfaca44e18048a2ec7a61654395	-	C0306	C0113	-	intermediate-component	consumer-field-comparison	excluded	-	Selected matching fields and nearby lines compared; unrelated temperature/audio/test-registration or generic factory fields are scope evidence, not full semantic review; no new CEN/CEN+ wire rule
C0314	libqtdevices	e8d8554960171978547fe67dece4ee1bb2e66b13	device.cpp	785eff5a342e4082c76d4d1c0514a111c4062854	97702e1a6cad9de293eb3977dd433ce4f73ce54d882ddb268820b965c19dc9b9	device::device	18a4d5f6ba0f0c4f8cde2fc82cc2e21aaef78ce1d6dfc34d222e98af01ae9515	-	C0310	C0021	-	intermediate-component	consumer-field-comparison	excluded	-	Selected matching fields and nearby lines compared; unrelated temperature/audio/test-registration or generic factory fields are scope evidence, not full semantic review; no new CEN/CEN+ wire rule
C0315	libqtdevices	e8d8554960171978547fe67dece4ee1bb2e66b13	frame_interpreter.cpp	1669f60f2f8d72ba1bc1362055da38c0d3d0b42a	106479e3c2d6c1587a2ba7518ee00eeaceb5ef0b24740a8c5717fbd5c1127004	frame_interpreter_temperature_probe::handle_frame_handler	070a8887658f4c4312f064353734b0e2c25265ab1ae433f277f6136c45f7e1f2	-	C0313	C0113	-	intermediate-component	consumer-field-comparison	excluded	-	Selected matching fields and nearby lines compared; unrelated temperature/audio/test-registration or generic factory fields are scope evidence, not full semantic review; no new CEN/CEN+ wire rule
C0316	libqtdevices	77ae4ac88d05c93595092323a78634f85d30fbe3	device.cpp	dff2f7efbfc6ed7ab4f1f74f860f1b2d9e88ca91	fdfa1611596f005e7514bb61d7dc542404550f056b67ed43f9426f39a1a55a19	device::device	9477383ed810c6a790cc93dc73b7a53a2520694c65fd448266d6ad73f7fe1152	-	C0314	C0021	-	intermediate-component	consumer-field-comparison	excluded	-	Selected matching fields and nearby lines compared; unrelated temperature/audio/test-registration or generic factory fields are scope evidence, not full semantic review; no new CEN/CEN+ wire rule
C0317	libqtdevices	8b527b2905f365bdecaf6203a813de0e6949a74f	device.cpp	8b35567ac40be2059472ffd7dac2ddfdef6e74e3	bd23084a4e19f8b522f99e62d6f91390687bf1ea915b507b61614090014d4422	device::device	d35a9cafb720810aec761c2d4b175448664d6c78d679ad50e9a923d0a0a67363	-	C0316	C0021	-	intermediate-component	consumer-field-comparison	excluded	-	Selected matching fields and nearby lines compared; unrelated temperature/audio/test-registration or generic factory fields are scope evidence, not full semantic review; no new CEN/CEN+ wire rule
C0318	libqtdevices	8b527b2905f365bdecaf6203a813de0e6949a74f	items.cpp	35a0412cdf643b9b7826b27c5ff2355a94e6d436	8558cd9f4b6b442c856aa5b0d7dd899db38ec9d4a608ea8b8d69bb9355168d9d	BannerSorgenteMultimedia::inizializza	b31591f83c32403fbd97e37097b1843ab5e613f4cf21d1fe5f9ed1bbfc32ef65	-	-	-	-	intermediate-component	consumer-field-comparison	excluded	-	Selected matching fields and nearby lines compared; unrelated temperature/audio/test-registration or generic factory fields are scope evidence, not full semantic review; no new CEN/CEN+ wire rule
C0319	libqtdevices	8b527b2905f365bdecaf6203a813de0e6949a74f	items.cpp	35a0412cdf643b9b7826b27c5ff2355a94e6d436	8558cd9f4b6b442c856aa5b0d7dd899db38ec9d4a608ea8b8d69bb9355168d9d	BannerSorgenteMultimediaMC::inizializza	325eed04a93e12ceb297710d709d1637f39f2db5d2e5655ce51d584863a2a1d9	-	-	-	-	intermediate-component	consumer-field-comparison	excluded	-	Selected matching fields and nearby lines compared; unrelated temperature/audio/test-registration or generic factory fields are scope evidence, not full semantic review; no new CEN/CEN+ wire rule
C0320	libqtdevices	871fe8964b25e250772f2d3c7137d2859a129044	frame_interpreter.cpp	d38d9c819a08d8bd7f6bceae2844bcd8bd23e2ba	66b2a35c9d325dcf518c102d6ef01aa083054085d2824f58a60b61ddf6427954	frame_interpreter_temperature_probe::handle_frame_handler	f88371e0551a31088793849d14f0efd60452fdbc8811edfad395b56ddcc1ebfc	-	C0315	C0113	-	intermediate-component	consumer-field-comparison	excluded	-	Selected matching fields and nearby lines compared; unrelated temperature/audio/test-registration or generic factory fields are scope evidence, not full semantic review; no new CEN/CEN+ wire rule
C0321	BtExperience	120bb25a382dbef170d404ec716389e7745aa2f0	BtObjects/automationobjects.cpp	781e3bbb4d12a460e744607c87132f417dbcaa21	38793f51612e7e283547cc78e2808d3838da0b081d5c0a8c5c032ad4a2f43517	parseAutomation2	61a1cfbee03c477fb1cd43a834f5f6778b3e388a5bf358059ca663c23c0bb07c	-	-	-	-	present-at-pinned-endpoint	full-component-comparison	incorporated	functional/who-25-transversal/dry-contact-ir.md	WHO 25 contact query/receipt, 31 closed and 32 open; numeric address matching, local bool and UI initialization/change notification scoped to client; no route/range, IR inversion or wire DIMENSION inference
C0322	BtExperience	120bb25a382dbef170d404ec716389e7745aa2f0	BtObjects/automationobjects.cpp	781e3bbb4d12a460e744607c87132f417dbcaa21	38793f51612e7e283547cc78e2808d3838da0b081d5c0a8c5c032ad4a2f43517	AutomationContact::AutomationContact	6b3db4177953de274de16fe66ca82a276563f2a3cd45b8c1edf078aaa7684916	-	-	-	-	present-at-pinned-endpoint	full-component-comparison	incorporated	functional/who-25-transversal/dry-contact-ir.md	WHO 25 contact query/receipt, 31 closed and 32 open; numeric address matching, local bool and UI initialization/change notification scoped to client; no route/range, IR inversion or wire DIMENSION inference
C0323	BtExperience	120bb25a382dbef170d404ec716389e7745aa2f0	BtObjects/automationobjects.cpp	781e3bbb4d12a460e744607c87132f417dbcaa21	38793f51612e7e283547cc78e2808d3838da0b081d5c0a8c5c032ad4a2f43517	AutomationContact::isActive	005abd374d1b3c50afcd4c7188c66d37322b6263c435fb9402c9da3f62ac9378	-	-	-	-	present-at-pinned-endpoint	full-component-comparison	corroborates	functional/who-25-transversal/dry-contact-ir.md	WHO 25 contact query/receipt, 31 closed and 32 open; numeric address matching, local bool and UI initialization/change notification scoped to client; no route/range, IR inversion or wire DIMENSION inference
C0324	BtExperience	120bb25a382dbef170d404ec716389e7745aa2f0	BtObjects/automationobjects.cpp	781e3bbb4d12a460e744607c87132f417dbcaa21	38793f51612e7e283547cc78e2808d3838da0b081d5c0a8c5c032ad4a2f43517	AutomationContact::valueReceived	3cdc10578b0f37643589f80c0dc75e312cc9003669bdea33287c1990033fc7c5	-	-	-	-	present-at-pinned-endpoint	full-component-comparison	incorporated	functional/who-25-transversal/dry-contact-ir.md	WHO 25 contact query/receipt, 31 closed and 32 open; numeric address matching, local bool and UI initialization/change notification scoped to client; no route/range, IR inversion or wire DIMENSION inference
C0325	BtExperience	120bb25a382dbef170d404ec716389e7745aa2f0	BtObjects/automationobjects.h	d8d70a1e38f285a8ed9864b71867ed23dfaf7fbd	d12218ec22373d88bd13654b1868e549dc224b6477097409d6853a2372050453	getObjectId	1ea515e3ec7082d55e3b908a08d7bfd64abb4b48eb3c1f1517da00e56c83a79a	-	-	-	lighting-automation:L4305	present-at-pinned-endpoint	prior-semantic-review-reuse	corroborates	functional/who-2-automation/README.md	Exact semantic body reused from lighting-automation review L4305; same original behavior, not independent corroboration or a new whole-file verdict
C0326	BtExperience	120bb25a382dbef170d404ec716389e7745aa2f0	BtObjects/automationobjects.h	d8d70a1e38f285a8ed9864b71867ed23dfaf7fbd	d12218ec22373d88bd13654b1868e549dc224b6477097409d6853a2372050453	outside	e99da4006129811ecc8c1a6dcf8f010418eb6bd972b0b40880f786ae5d8fc760	-	-	-	-	present-at-pinned-endpoint	declaration/scope-screen	excluded	-	Matching declarations/enums/XML/build fields compared; metadata IDs, image labels, fixture addresses and comment-only range/timing statements do not independently establish wire operations or physical behavior; constants checked with executable delegates separately
C0327	BtExperience	120bb25a382dbef170d404ec716389e7745aa2f0	BtObjects/objectinterface.h	e56fa473ee5377b7f5003df621013fd80316ad1e	83cce4cde4ee391064c02c6fadcf9c825dc307ebf803fd2ad2a51dfc8b8dd8ec	outside	a067645a7c228ef2b67ca044b6a75e708f8ec5a825b8dc4b73e1084c770642d2	-	-	-	-	present-at-pinned-endpoint	declaration/scope-screen	excluded	-	Matching declarations/enums/XML/build fields compared; metadata IDs, image labels, fixture addresses and comment-only range/timing statements do not independently establish wire operations or physical behavior; constants checked with executable delegates separately
C0328	BtExperience	120bb25a382dbef170d404ec716389e7745aa2f0	BtObjects/objectlink.cpp	b45ec24682fd64aeb81361828ca20fdba9ebd9ce	01f65d987cfe197542063980f777af6024ee9c1e0a42aafbc1d5ce94c9f82aa2	getMediaTypeFromObjectInterface	78221d0f3cc034e96f5611ca6fac0c818f99049ad4c4c3fbe7a498e26d9ceb77	-	-	-	-	present-at-pinned-endpoint	consumer-field-comparison	excluded	-	Selected matching fields and nearby lines compared; unrelated temperature/audio/test-registration or generic factory fields are scope evidence, not full semantic review; no new CEN/CEN+ wire rule
C0329	BtExperience	120bb25a382dbef170d404ec716389e7745aa2f0	BtObjects/scenarioobjects.cpp	5ea0d1bb1a29be76639f5ea06d1abfc72c7a3e6c	8ecb946c77d7a6ee5bc124f8624c5c2e0988bd51e39a3c4d7d647a1d022ed614	ActionObject::buildDescriptionMap	08a900f6778ec1c3c85f9194ddc24bb20485c8a2023a8aa7b201be876afbe76c	-	-	-	-	present-at-pinned-endpoint	full-component-comparison	incorporated	functional/who-25-transversal/cen-plus.md	CEN/CEN+/ScenarioPlus type and command IDs choose descriptive labels only; configured literal dispatch reviewed separately; no wire ID, physical phase, rotary coverage or generated interaction sequence inferred
C0330	BtExperience	120bb25a382dbef170d404ec716389e7745aa2f0	BtObjects/scenarioobjects.h	e05a963ec382aeb7fb5b0334670b939169300207	6e09b15fcef7805b672fd63f9623d76c390d6a370022a3ac001b6d8e3ac38777	outside	9a779c2ca02f6881eedda4015385db35b15e32beb833992b93b4675a04a01902	-	-	-	-	present-at-pinned-endpoint	declaration/scope-screen	excluded	-	Matching declarations/enums/XML/build fields compared; metadata IDs, image labels, fixture addresses and comment-only range/timing statements do not independently establish wire operations or physical behavior; constants checked with executable delegates separately
C0331	BtExperience	120bb25a382dbef170d404ec716389e7745aa2f0	gui/skins/default/AddQuicklink.qml	a0dc09781fc24178efc0415d06caae42c2387b81	a808fffc8338aee4114400781854aca9376349de8ab3b6bdabc43006aee0a674	outside	276bd592ede8454c24b79bbf63c7eed0c4816a08664731ffbe73d636f42beb90	-	-	-	-	present-at-pinned-endpoint	declaration/scope-screen	excluded	-	Matching declarations/enums/XML/build fields compared; metadata IDs, image labels, fixture addresses and comment-only range/timing statements do not independently establish wire operations or physical behavior; constants checked with executable delegates separately
C0332	BtExperience	246b8941b86220cf6e6a59a8a55b6f6cd0859247	BtObjects/objectinterface.h	808ddf125c9768395efcca7fd358708ae0f5ad1a	909b06e2da6837731b5ea0d6a86e6fbdc0ae93bff9a17a220cfe181dc297bcd1	outside	7884163b5fddff74c943b88f7f55636245ed82a7a88ed15be6ca7ab4b9c1c94d	-	C0327	-	-	intermediate-component	declaration/scope-screen	excluded	-	Matching declarations/enums/XML/build fields compared; metadata IDs, image labels, fixture addresses and comment-only range/timing statements do not independently establish wire operations or physical behavior; constants checked with executable delegates separately
C0333	BtExperience	59d409b621236e8b879d6e47131be860d1120e07	BtObjects/scenarioobjects.cpp	a2ed378597e2048d33dc8f6e828c8861ed2d549f	875b8c6b1dcf92aa25d2770f2f9be86a923c65f269be133ec880c4d3541fe7e2	ActionObject::buildDescriptionMap	9d7a349808b09cd2224937f03a286165631b17ee2b584616a106c5ef438a37f4	-	C0329	-	-	intermediate-component	full-component-comparison	excluded	functional/who-25-transversal/cen-plus.md	Intermediate/removed client variant excluded as current/deployed rule; CEN/CEN+/ScenarioPlus type and command IDs choose descriptive labels only; configured literal dispatch reviewed separately; no wire ID, physical phase, rotary coverage or generated interaction sequence inferred; repository revisions do not identify Firmware generations
C0334	BtExperience	d498d4b792b6da40e809e43373e0b0d758b507b9	conf/all/archive.xml	730e431f4efab4f782fa95c895ba0fad154e2918	066ad6408c1dbe2f7ce7605053135a027486f045c22118fe92c238bddf4b2133	outside	ee7c9ff8c6d63700c10944179cb10b2f6cdca17436c5cbcc0a8937f4d432ec02	-	-	-	-	present-at-pinned-endpoint	declaration/scope-screen	excluded	-	Matching declarations/enums/XML/build fields compared; metadata IDs, image labels, fixture addresses and comment-only range/timing statements do not independently establish wire operations or physical behavior; constants checked with executable delegates separately
C0335	BtExperience	db4261b012561663b2df18594145afdca6b62a91	archive (copy).xml	634ffdefb207276fd07174f05c8863bf74faebc4	179d520b9212a58bffa6c9d8d7eb4c92e5388d883dbf0bb12b2c4e67f9e5822e	outside	7d93c2d6730f4a53b1cf5db2604c8ce74dc61aa48126a7ac46ee68c5a7903868	-	-	-	-	intermediate-component	declaration/scope-screen	excluded	-	Matching declarations/enums/XML/build fields compared; metadata IDs, image labels, fixture addresses and comment-only range/timing statements do not independently establish wire operations or physical behavior; constants checked with executable delegates separately
C0336	BtExperience	3095f1845b0687f269f4ffb12d4be14d038bb950	BtObjects/scenarioobjects.cpp	98408090174367cf9d83b3e8d8adcb3ad5c639ad	fcc36c0ddf32c54a0819b2adf1d0c17bc916d5ecd11de2c8fcf42badf4eb60c3	ActionObject::buildDescriptionMap	36a1d8d4229f599b5bb26cee9968d2ce19f653a1b2faf9585f9827383ade4df8	-	C0333	-	-	intermediate-component	full-component-comparison	excluded	functional/who-25-transversal/cen-plus.md	Intermediate/removed client variant excluded as current/deployed rule; CEN/CEN+/ScenarioPlus type and command IDs choose descriptive labels only; configured literal dispatch reviewed separately; no wire ID, physical phase, rotary coverage or generated interaction sequence inferred; repository revisions do not identify Firmware generations
C0337	BtExperience	2e37a8beb881d9aa010a3e75ecd2db7dfc11b482	conf/all/conf.xml	dc566919adec8adf40a07bdba12cbc78c52e9eca	96f4006f346d53425778a1d742f8032239a5bb4a47e13379b8dc4262b23a6694	outside	ee7c9ff8c6d63700c10944179cb10b2f6cdca17436c5cbcc0a8937f4d432ec02	-	C0312	-	-	intermediate-component	declaration/scope-screen	excluded	-	Matching declarations/enums/XML/build fields compared; metadata IDs, image labels, fixture addresses and comment-only range/timing statements do not independently establish wire operations or physical behavior; constants checked with executable delegates separately
C0338	BtExperience	a3fdf16edc197dcf54c0390fe6a0b7e555023350	BtObjects/objectinterface.h	a4eea91ccfaaaad2f4a5dbe9982069361b56dba6	8744b2535ca710893b99da90493db0e6f9fb87b434dac69b61be425c283894ba	outside	b21b01ea1e303ce6ef5558f2db566656980cf3fe45b5245735a1acf8e8d133ef	-	C0332	-	-	intermediate-component	declaration/scope-screen	excluded	-	Matching declarations/enums/XML/build fields compared; metadata IDs, image labels, fixture addresses and comment-only range/timing statements do not independently establish wire operations or physical behavior; constants checked with executable delegates separately
