repository	source_commit	path	blob	content_sha256	selector_projection_sha256	read_method	disposition	review_basis
libqtdevices	bd1d6f38368dc7ac8e2f6918ff14bdd6331216cb	cfg/conf.V.5.0.2.xml	8f75ec31820c45e1e17a3c6672848e4b540e7291	c0ae6d08de73b3be7f4cb6a780c364eed4ad04ab4493b2db866b15acd5c18e59	4d434df6817a8276036a0257cc85e495b08adbb4ee5beb16953cb2f2f623bc90	declared-XML-read	excluded	Alarm selector fields compared to executable consumers; fixture counts, scenario sets and object IDs are not physical capability or Firmware evidence; unrelated Configuration omitted
libqtdevices	bd1d6f38368dc7ac8e2f6918ff14bdd6331216cb	cfg/conf.V.5.0.3.xml	09e77a409c6d95cf4d1ef5fb4ceb9225ef951f9c	999fc5346cedd219801f00c2bd2243833c7d2eb1d49ad33398a4683e09d3e4b4	4d434df6817a8276036a0257cc85e495b08adbb4ee5beb16953cb2f2f623bc90	declared-XML-read	excluded	Alarm selector fields compared to executable consumers; fixture counts, scenario sets and object IDs are not physical capability or Firmware evidence; unrelated Configuration omitted
libqtdevices	bd1d6f38368dc7ac8e2f6918ff14bdd6331216cb	cfg/conf.antintrusione.xml	61bb383a5c90e6e0aa7f41529192b40593eb49b3	3310c930e2d1f3249e3754e2d7f53fc2143dd25c0dd184a6b966d47b25665a87	b95295620a1805f5d8d970b5e33580a9f9d3630434380090442c350e9cc01727	declared-XML-read	excluded	Alarm selector fields compared to executable consumers; fixture counts, scenario sets and object IDs are not physical capability or Firmware evidence; unrelated Configuration omitted
libqtdevices	bd1d6f38368dc7ac8e2f6918ff14bdd6331216cb	cfg/conf.xml	16a8bb70cc931e7dcac251d269e914bce2ae45d1	227f8ccf80a9783bd7bcbbfb342de798773f0548690717afb8ef080ab7f4b420	b95295620a1805f5d8d970b5e33580a9f9d3630434380090442c350e9cc01727	declared-XML-read	excluded	Alarm selector fields compared to executable consumers; fixture counts, scenario sets and object IDs are not physical capability or Firmware evidence; unrelated Configuration omitted
libqtdevices	3188b95e1103d27781a89cd04c754b490408e5f8	cfg/conf.V.5.0.2.xml	5ce06d7149b1f1a3261599b05ceaf4cff69d4050	84466bff000f34b87e7de15b5ca0c0b55a46f64d1994fe9e3693ec130e4e015a	4d434df6817a8276036a0257cc85e495b08adbb4ee5beb16953cb2f2f623bc90	declared-XML-read	excluded	Alarm selector fields compared to executable consumers; fixture counts, scenario sets and object IDs are not physical capability or Firmware evidence; unrelated Configuration omitted
libqtdevices	26eb6d2f9d07253433e8fdfbc906a15a9e390449	cfg/conf.termo2.xml	8b9d086ffd473c84db5adf6732be9faa2bf68463	a6eb54141cbaa0de14944ac95dad79ebb3b7226fe157cb830ed56c4bb1cc41b4	4d434df6817a8276036a0257cc85e495b08adbb4ee5beb16953cb2f2f623bc90	declared-XML-read	excluded	Alarm selector fields compared to executable consumers; fixture counts, scenario sets and object IDs are not physical capability or Firmware evidence; unrelated Configuration omitted
libqtdevices	26eb6d2f9d07253433e8fdfbc906a15a9e390449	cfg/conf.xml	49461e1131f2333c79490fd9d20c93470ac8f3ad	c9fe43e35838b05cc67a24dd086b02e2d172d7331aaed3a9d1291f0b4aa52c4f	4d434df6817a8276036a0257cc85e495b08adbb4ee5beb16953cb2f2f623bc90	declared-XML-read	excluded	Alarm selector fields compared to executable consumers; fixture counts, scenario sets and object IDs are not physical capability or Firmware evidence; unrelated Configuration omitted
libqtdevices	5cfd5ea8279339a408fb2db76f71eb8ebb422b3e	cfg/conf.termo2.xml	7a426a3a64ddd6117fc54d5a90bca14b1d4a827b	15c1c46a5f758cd1866de1fd671e2223082393e37d79651d3908eec2510375e6	4d434df6817a8276036a0257cc85e495b08adbb4ee5beb16953cb2f2f623bc90	declared-XML-read	excluded	Alarm selector fields compared to executable consumers; fixture counts, scenario sets and object IDs are not physical capability or Firmware evidence; unrelated Configuration omitted
libqtdevices	fef0b488f01cec24bc56f37d8c3383cd9355dbc2	cfg/conf.xml	594a903d4873f3e0af31e15a79110e3cf48c91bf	d0969d62a5c68ad1cb5e4f9194faeaf54603b18dbd86e23bb42f181abbd9cb16	4d434df6817a8276036a0257cc85e495b08adbb4ee5beb16953cb2f2f623bc90	historical-latin1-read	excluded	Alarm selector fields compared to executable consumers; fixture counts, scenario sets and object IDs are not physical capability or Firmware evidence; unrelated Configuration omitted
libqtdevices	f4d0f452e065ad2acab205aa614a7c28ded2326e	cfg/conf.xml	f2d0f998784f847c39f1f7f3e0cd07b39598bf01	49b9aaef37d5399783dea08bb897f7ecc865595de81b6e12f6254e9e70d99e65	4d434df6817a8276036a0257cc85e495b08adbb4ee5beb16953cb2f2f623bc90	historical-latin1-read	excluded	Alarm selector fields compared to executable consumers; fixture counts, scenario sets and object IDs are not physical capability or Firmware evidence; unrelated Configuration omitted
libqtdevices	c5110539e35ea4ff2f5d68e36feb27f12988ca67	cfg/conf.xml	d65650098659e5a9fd266b6331095f83d140ccd2	0a4f15410fc25b40b16bb78076c2bb732cfa3d017bb74655f09bbbc173ff04fd	4d434df6817a8276036a0257cc85e495b08adbb4ee5beb16953cb2f2f623bc90	declared-XML-read	excluded	Alarm selector fields compared to executable consumers; fixture counts, scenario sets and object IDs are not physical capability or Firmware evidence; unrelated Configuration omitted
BtExperience	d498d4b792b6da40e809e43373e0b0d758b507b9	conf/all/archive.xml	730e431f4efab4f782fa95c895ba0fad154e2918	066ad6408c1dbe2f7ce7605053135a027486f045c22118fe92c238bddf4b2133	a96ebfe39caa692d6d00f7ec891c547e93c7dba6abf6d5b7e0372f006e6dcc2b	declared-XML-read	excluded	Alarm selector fields compared to executable consumers; fixture counts, scenario sets and object IDs are not physical capability or Firmware evidence; unrelated Configuration omitted
BtExperience	96b6d08540623487a6e60baa61028fc7ba26ae7a	conf/all/archive.xml	c752e2e552764d8a3b70a139fa4eb8b26e593b78	f355abd9031de26cf742bd141746e5051324c3b2c06bace2b6069247cfc888a8	a96ebfe39caa692d6d00f7ec891c547e93c7dba6abf6d5b7e0372f006e6dcc2b	declared-XML-read	excluded	Alarm selector fields compared to executable consumers; fixture counts, scenario sets and object IDs are not physical capability or Firmware evidence; unrelated Configuration omitted
BtExperience	d854b123fddccc187b6d6e003cab8d2d55ff6df0	conf/all/conf.xml	365eb5cfcac4f576aa50645405af9c866d2b3568	9af9052122cf8d73c8f17e064e87987e3d30ce30b700df28c752cd68678cb3fb	4f53cda18c2baa0c0354bb5f9a3ecbe5ed12ab4d8e11ba873c2f11161202b945	declared-XML-read	excluded	Alarm selector fields compared to executable consumers; fixture counts, scenario sets and object IDs are not physical capability or Firmware evidence; unrelated Configuration omitted
BtExperience	28ab0dedf514dc69743fc1eb746686bf09f29751	conf/all/conf.xml	70cdcf182f543234f63a31dc31527266771716d1	0de3461667b0688f5b807f1cda69b789bd5e798b0bfa1db34559054d116007d8	4f53cda18c2baa0c0354bb5f9a3ecbe5ed12ab4d8e11ba873c2f11161202b945	declared-XML-read	excluded	Alarm selector fields compared to executable consumers; fixture counts, scenario sets and object IDs are not physical capability or Firmware evidence; unrelated Configuration omitted
BtExperience	0f9af7b1275c75f867449c0b10795b31abb13ad2	conf/energymanagement/archive.xml	d7f1dcb5a6bc2a0bc4ff1911a2018c636ccaab05	22d8cbb989a0b741b9188ef1a8074981439d1bf7563451cab582276012dd9b2d	4f53cda18c2baa0c0354bb5f9a3ecbe5ed12ab4d8e11ba873c2f11161202b945	declared-XML-read	excluded	Alarm selector fields compared to executable consumers; fixture counts, scenario sets and object IDs are not physical capability or Firmware evidence; unrelated Configuration omitted
BtExperience	aa2c6402fc8f37d424b83560de78bf02a992093b	conf/energymanagement/archive.xml	6c100ad1653dc6dd7d0a39ccf9a1cc6640b9c260	73908b8f153ed5ad6ba901eaa098c6949dbf40430a8fae35d84c51a4fc6ffe6d	4f53cda18c2baa0c0354bb5f9a3ecbe5ed12ab4d8e11ba873c2f11161202b945	declared-XML-read	excluded	Alarm selector fields compared to executable consumers; fixture counts, scenario sets and object IDs are not physical capability or Firmware evidence; unrelated Configuration omitted
BtExperience	f36ba88ae4b8f70e787a9d298c4c8a7d77301a44	conf/all/archive.xml	1dbffe39ba71e6aec19486af8cc5445ffd116fc9	1226b31597e334e85a9b1c7037744c8be264dcb1e123fb72947c8ff181285461	a96ebfe39caa692d6d00f7ec891c547e93c7dba6abf6d5b7e0372f006e6dcc2b	declared-XML-read	excluded	Alarm selector fields compared to executable consumers; fixture counts, scenario sets and object IDs are not physical capability or Firmware evidence; unrelated Configuration omitted
BtExperience	f9df14208b544cb497e884747451ba7523cf477d	conf/all/archive.xml	f01660e9f23bd1b47022993b267f1c8d0215c4ab	aa8eeac1040dec5ff3dcd85561cd759a0685211eb445ce29a7156430678590f5	a96ebfe39caa692d6d00f7ec891c547e93c7dba6abf6d5b7e0372f006e6dcc2b	declared-XML-read	excluded	Alarm selector fields compared to executable consumers; fixture counts, scenario sets and object IDs are not physical capability or Firmware evidence; unrelated Configuration omitted
BtExperience	f269bb34e37a9a1f81ae7366b628d9ce346fdfcc	conf/all/archive.xml	b54ddb11bba6e3187622c0afc44e8f724c64c196	8d7b97f06fb25eadb830414686939bddb93ca4f99c67ffc23f6b78c1e82887ba	a96ebfe39caa692d6d00f7ec891c547e93c7dba6abf6d5b7e0372f006e6dcc2b	declared-XML-read	excluded	Alarm selector fields compared to executable consumers; fixture counts, scenario sets and object IDs are not physical capability or Firmware evidence; unrelated Configuration omitted
BtExperience	b70ff3d487789995d3326846c1a83ac50d4b79ff	conf/all/archive.xml	83ee33d14a2de9887a176ee18868d3452119c570	996563422554ef273adf1fd7931358cb0236e78f6b2baa29d8e6b9a64c029444	a96ebfe39caa692d6d00f7ec891c547e93c7dba6abf6d5b7e0372f006e6dcc2b	declared-XML-read	excluded	Alarm selector fields compared to executable consumers; fixture counts, scenario sets and object IDs are not physical capability or Firmware evidence; unrelated Configuration omitted
BtExperience	b70ff3d487789995d3326846c1a83ac50d4b79ff	conf/energymanagement/archive.xml	0cb68e676275e490a9b1be92fdffd5627e253794	c8a5c53d4370b2c3ba0c80a983debc6f1cd38ddeabbe45dcbb286a2023ffc8d1	4f53cda18c2baa0c0354bb5f9a3ecbe5ed12ab4d8e11ba873c2f11161202b945	declared-XML-read	excluded	Alarm selector fields compared to executable consumers; fixture counts, scenario sets and object IDs are not physical capability or Firmware evidence; unrelated Configuration omitted
BtExperience	36e6d4f74bd7c445e33920da6f3355e93b9c39ab	conf/vde/archive.xml	eba1a2301a11f290dd1627f57eeaa5d3ba358dba	699793acd7bc793ffb40c318fc8c391d821f0efd53bab74f8c41d99534d8f48d	4f53cda18c2baa0c0354bb5f9a3ecbe5ed12ab4d8e11ba873c2f11161202b945	declared-XML-read	excluded	Alarm selector fields compared to executable consumers; fixture counts, scenario sets and object IDs are not physical capability or Firmware evidence; unrelated Configuration omitted
BtExperience	3bf9f079c775b4f68ac86f45ca938e93da230ef4	conf/vde/archive.xml	fdc89d4b01a0bd55503391e7416027558ab93a98	a0b0ea70d7b9b8368c268feca120b99bdcd2a446d96defe908a87557dec55c85	4f53cda18c2baa0c0354bb5f9a3ecbe5ed12ab4d8e11ba873c2f11161202b945	declared-XML-read	excluded	Alarm selector fields compared to executable consumers; fixture counts, scenario sets and object IDs are not physical capability or Firmware evidence; unrelated Configuration omitted
BtExperience	22adedc6ea574fa74993ee905dcc37592dd90604	conf/air.conditioning/archive.xml	70976f055ffc243ea10070a2feef7cfbba82e342	3a3a96e60b44459da17352ba254ba6f7f103cd292397bc0722536c83d9baf2dd	4f53cda18c2baa0c0354bb5f9a3ecbe5ed12ab4d8e11ba873c2f11161202b945	declared-XML-read	excluded	Alarm selector fields compared to executable consumers; fixture counts, scenario sets and object IDs are not physical capability or Firmware evidence; unrelated Configuration omitted
BtExperience	ad48659516bacd74db3b3b26ddf1abade6a15b42	conf/air.conditioning/archive.xml	a5cc964460d89727e57f9d73df369acc74cac2b8	7b146b41f39ac61043d834020fcc3e168e313c9efcad8dbd888fdfeed4d1465d	4f53cda18c2baa0c0354bb5f9a3ecbe5ed12ab4d8e11ba873c2f11161202b945	declared-XML-read	excluded	Alarm selector fields compared to executable consumers; fixture counts, scenario sets and object IDs are not physical capability or Firmware evidence; unrelated Configuration omitted
BtExperience	22adedc6ea574fa74993ee905dcc37592dd90604	conf/all/archive.xml	484cc3b6408b71d0fdaf12db48ec80816afba6a2	db2149b665ac41ac48c72efe07d3c173b82d36e153529bbff8ba3249c9e791ea	a96ebfe39caa692d6d00f7ec891c547e93c7dba6abf6d5b7e0372f006e6dcc2b	declared-XML-read	excluded	Alarm selector fields compared to executable consumers; fixture counts, scenario sets and object IDs are not physical capability or Firmware evidence; unrelated Configuration omitted
BtExperience	22adedc6ea574fa74993ee905dcc37592dd90604	conf/messages/archive.xml	c4a2be0110e6d413fc93e322630f72e30bad3d5f	ef05623f631e6835ca968f4d96eaa98718e7fd31ae96e7b899df3731281f93bb	4f53cda18c2baa0c0354bb5f9a3ecbe5ed12ab4d8e11ba873c2f11161202b945	declared-XML-read	excluded	Alarm selector fields compared to executable consumers; fixture counts, scenario sets and object IDs are not physical capability or Firmware evidence; unrelated Configuration omitted
BtExperience	ad48659516bacd74db3b3b26ddf1abade6a15b42	conf/messages/archive.xml	88dae722c2c35b2ea818f323d81a2bf699789ae0	eb80f7cd3504f2437ac00ad0517efa5a62adc8ccf1ad9c65813a3121df15e0d4	4f53cda18c2baa0c0354bb5f9a3ecbe5ed12ab4d8e11ba873c2f11161202b945	declared-XML-read	excluded	Alarm selector fields compared to executable consumers; fixture counts, scenario sets and object IDs are not physical capability or Firmware evidence; unrelated Configuration omitted
BtExperience	3257c74670deb208959161f8a429078e9352df34	conf/air.conditioning/archive.xml	eca10d3106728d7bc5adae0c8c4f1a9a65264e1a	a0a7b41f3a3393c0a88117a8e275b509759f6482522421c6fce1ff735b982277	4f53cda18c2baa0c0354bb5f9a3ecbe5ed12ab4d8e11ba873c2f11161202b945	declared-XML-read	excluded	Alarm selector fields compared to executable consumers; fixture counts, scenario sets and object IDs are not physical capability or Firmware evidence; unrelated Configuration omitted
BtExperience	5bbbaa00674a895db3798525fb559d178b3a37f2	conf/all/archive.xml	62d3c87b4388a8d4ee33d148ee81eb5329f7371a	25f3e82cffe22284cd5f563500784e703cd59ce14f3d1769dd5544876a4240a6	a96ebfe39caa692d6d00f7ec891c547e93c7dba6abf6d5b7e0372f006e6dcc2b	declared-XML-read	excluded	Alarm selector fields compared to executable consumers; fixture counts, scenario sets and object IDs are not physical capability or Firmware evidence; unrelated Configuration omitted
BtExperience	5bbbaa00674a895db3798525fb559d178b3a37f2	conf/energymanagement/archive.xml	e4ef938ddf6c8b5363173c4a9ddb1f018a75f62c	04ff207fcd9517deb245b9f22549bc6fd6aa4da6858059a0962ea4a48bfe8259	4f53cda18c2baa0c0354bb5f9a3ecbe5ed12ab4d8e11ba873c2f11161202b945	declared-XML-read	excluded	Alarm selector fields compared to executable consumers; fixture counts, scenario sets and object IDs are not physical capability or Firmware evidence; unrelated Configuration omitted
BtExperience	ce83e201e998c05c404d12ca9c438747452362c2	conf/all/archive.xml	b640993bc3198e6f5de43c7e97ba8c45edad7961	2433372c4fda88a8af3ce6de51f161de213834ddeac131f3a1f17448ee96d1ab	a96ebfe39caa692d6d00f7ec891c547e93c7dba6abf6d5b7e0372f006e6dcc2b	declared-XML-read	excluded	Alarm selector fields compared to executable consumers; fixture counts, scenario sets and object IDs are not physical capability or Firmware evidence; unrelated Configuration omitted
BtExperience	ce83e201e998c05c404d12ca9c438747452362c2	conf/popup/archive.xml	d162a4f66f6e3b7bdeb98531e94e7f98bcab8648	20cd37255861964eafebc46266fe0dcab7a1fce9f1b7824479425438332735f5	a96ebfe39caa692d6d00f7ec891c547e93c7dba6abf6d5b7e0372f006e6dcc2b	declared-XML-read	excluded	Alarm selector fields compared to executable consumers; fixture counts, scenario sets and object IDs are not physical capability or Firmware evidence; unrelated Configuration omitted
BtExperience	80d78753fb27de219dbe0f740c56c13ebe1b828a	conf/popup/archive.xml	501471bf62610b0297451de342f43b8256b50f59	e449f8423f9432e406497c980cb281e7647b5b1ccb214b31907ad76bd29bd267	a96ebfe39caa692d6d00f7ec891c547e93c7dba6abf6d5b7e0372f006e6dcc2b	declared-XML-read	excluded	Alarm selector fields compared to executable consumers; fixture counts, scenario sets and object IDs are not physical capability or Firmware evidence; unrelated Configuration omitted
BtExperience	7dbf5433fc5a98d4975127849a5a7f25b34015cf	conf/all/archive.xml	ce354f1afd7dd382e04e56a2b16e9522e75a8aa0	e90ffecfbe13cf2c229a696c0e7dfaf2d563c04f98d723e5fa3e757c819c6273	a96ebfe39caa692d6d00f7ec891c547e93c7dba6abf6d5b7e0372f006e6dcc2b	declared-XML-read	excluded	Alarm selector fields compared to executable consumers; fixture counts, scenario sets and object IDs are not physical capability or Firmware evidence; unrelated Configuration omitted
BtExperience	7dbf5433fc5a98d4975127849a5a7f25b34015cf	conf/energymanagement/archive.xml	c885b4421944c059ca1668f11243a3e5eebf2d1c	2a2a000e1cc6aa6c24b5d735244f2b9e1e6698acab4372fff7089ba2849b41bb	4f53cda18c2baa0c0354bb5f9a3ecbe5ed12ab4d8e11ba873c2f11161202b945	declared-XML-read	excluded	Alarm selector fields compared to executable consumers; fixture counts, scenario sets and object IDs are not physical capability or Firmware evidence; unrelated Configuration omitted
BtExperience	7dbf5433fc5a98d4975127849a5a7f25b34015cf	conf/popup/archive.xml	f33f59c04523c3133cbf6b3a9e1b72a6e71a2d28	6dbf0ee019ddd25dc09628f91a537b1ba73a235b602487db5f701e0d6410581c	a96ebfe39caa692d6d00f7ec891c547e93c7dba6abf6d5b7e0372f006e6dcc2b	declared-XML-read	excluded	Alarm selector fields compared to executable consumers; fixture counts, scenario sets and object IDs are not physical capability or Firmware evidence; unrelated Configuration omitted
BtExperience	72ab5d8de4b549e2c40db1a37b59a9bfd9adb7cb	conf/all/archive.xml	5e2dcca089db880535157f48048ee5578e3d14cb	76eb23f079d1d42e0055962a4ace5d7a7a191d4620ac6f4446a61f880324594b	a96ebfe39caa692d6d00f7ec891c547e93c7dba6abf6d5b7e0372f006e6dcc2b	declared-XML-read	excluded	Alarm selector fields compared to executable consumers; fixture counts, scenario sets and object IDs are not physical capability or Firmware evidence; unrelated Configuration omitted
BtExperience	72ab5d8de4b549e2c40db1a37b59a9bfd9adb7cb	conf/illuminazione/archive.xml	86a030c9c4ff02d023e7f17f238d7b6ae6a844fa	81ff59361b0244b3dee9eaaf047effd0f18c160786b02197a8435ea1debf9c0e	4f53cda18c2baa0c0354bb5f9a3ecbe5ed12ab4d8e11ba873c2f11161202b945	declared-XML-read	excluded	Alarm selector fields compared to executable consumers; fixture counts, scenario sets and object IDs are not physical capability or Firmware evidence; unrelated Configuration omitted
BtExperience	7b0aa7a28a622287b3309ded986dc0d3b57fae70	conf/illuminazione/archive.xml	4913c615be9b655e862db696d67ea23260fd63df	857de86e854418602be00b5d6c7c8383213c2f6f3d16463c51b3f3f29f91ea3e	4f53cda18c2baa0c0354bb5f9a3ecbe5ed12ab4d8e11ba873c2f11161202b945	declared-XML-read	excluded	Alarm selector fields compared to executable consumers; fixture counts, scenario sets and object IDs are not physical capability or Firmware evidence; unrelated Configuration omitted
BtExperience	163c72063bd26c56754d78ad04e85854c5e3b021	conf/all/archive.xml	bdd03976c76dcd441b53a826553965b6941e043a	5a149021058998036083087e1e4a0aa43a6a429deae527fed71ec819c7c9e21f	a96ebfe39caa692d6d00f7ec891c547e93c7dba6abf6d5b7e0372f006e6dcc2b	declared-XML-read	excluded	Alarm selector fields compared to executable consumers; fixture counts, scenario sets and object IDs are not physical capability or Firmware evidence; unrelated Configuration omitted
BtExperience	6804eaf2788b41e442c4c0f63555c29e2488585a	conf/automazione/archive.xml	3c8258dc93936e4e0d423360bcc8dcee62302b55	a39aa8e428bd7a31146a76d41e887e029334163e6d8d0f10e6ef7adc249345bf	4f53cda18c2baa0c0354bb5f9a3ecbe5ed12ab4d8e11ba873c2f11161202b945	declared-XML-read	excluded	Alarm selector fields compared to executable consumers; fixture counts, scenario sets and object IDs are not physical capability or Firmware evidence; unrelated Configuration omitted
BtExperience	6804eaf2788b41e442c4c0f63555c29e2488585a	conf/automazione/conf.xml	ac2f10683cf3275aa1e8b39644f7c7339a2cb914	c43b936ce605e9767f849c21d8a6570a288dd995dd2b61eefecba1a7f96cbe94	4f53cda18c2baa0c0354bb5f9a3ecbe5ed12ab4d8e11ba873c2f11161202b945	declared-XML-read	excluded	Alarm selector fields compared to executable consumers; fixture counts, scenario sets and object IDs are not physical capability or Firmware evidence; unrelated Configuration omitted
BtExperience	e166fa6f6f0eaf197c092bd89afdbbd265b5104c	conf/antintrusione/archive.xml	3b0ee8cdd29523890450406c2e0daff25085c51a	6a242319d459b7ccf54f298e749c69251bb3775868543b23ceebe96fab41ae4d	a96ebfe39caa692d6d00f7ec891c547e93c7dba6abf6d5b7e0372f006e6dcc2b	declared-XML-read	excluded	Alarm selector fields compared to executable consumers; fixture counts, scenario sets and object IDs are not physical capability or Firmware evidence; unrelated Configuration omitted
BtExperience	549805dd4102b61b461fdcbedaeb9a9161ed6992	conf/antintrusione/archive.xml	b6ac65ef2ea87b6647a6d624e91f058bdaaf98dc	261e96c837f5ca5969052daabe5a385c4cddbe5d313f783d854c3e00d72a0ba3	a96ebfe39caa692d6d00f7ec891c547e93c7dba6abf6d5b7e0372f006e6dcc2b	declared-XML-read	excluded	Alarm selector fields compared to executable consumers; fixture counts, scenario sets and object IDs are not physical capability or Firmware evidence; unrelated Configuration omitted
BtExperience	3b3fe2b505c06d844283d684ad5224edf8466ea6	conf/air.conditioning/conf.xml	1adfd8d2843e5506f77dc06ef87c50d9adb99c5c	58f0a37ca1fe9d43f630299216d50810937a3553e67862bd8afb84a6eaf81f55	4f53cda18c2baa0c0354bb5f9a3ecbe5ed12ab4d8e11ba873c2f11161202b945	declared-XML-read	excluded	Alarm selector fields compared to executable consumers; fixture counts, scenario sets and object IDs are not physical capability or Firmware evidence; unrelated Configuration omitted
BtExperience	3b3fe2b505c06d844283d684ad5224edf8466ea6	conf/all/conf.xml	2b3cafe04a15f1bcf63070c533b325ff673a34f1	b09fb987f938ac409a657dda4005c51e0e89e8b921e7852f2f968b0734f185b8	4f53cda18c2baa0c0354bb5f9a3ecbe5ed12ab4d8e11ba873c2f11161202b945	declared-XML-read	excluded	Alarm selector fields compared to executable consumers; fixture counts, scenario sets and object IDs are not physical capability or Firmware evidence; unrelated Configuration omitted
BtExperience	3b3fe2b505c06d844283d684ad5224edf8466ea6	conf/popup/conf.xml	7d1975a75174362931a2a226dbeaf44f1c42a68f	68cdd52d670c6c43f69c716d6880d99560f5d18fe0409a4b73554074bd9e5975	4f53cda18c2baa0c0354bb5f9a3ecbe5ed12ab4d8e11ba873c2f11161202b945	declared-XML-read	excluded	Alarm selector fields compared to executable consumers; fixture counts, scenario sets and object IDs are not physical capability or Firmware evidence; unrelated Configuration omitted
BtExperience	bc9cda26f9c1ed6bd21a475731f1d1e4ac4783ba	conf/popup/conf.xml	5bd8e6b46ba08217741b9effd9c49a262fcbade1	d588c8f0307bfb5e3fff401446350e1d0fd8809df0a57d92d8ee685cc18a8876	4f53cda18c2baa0c0354bb5f9a3ecbe5ed12ab4d8e11ba873c2f11161202b945	declared-XML-read	excluded	Alarm selector fields compared to executable consumers; fixture counts, scenario sets and object IDs are not physical capability or Firmware evidence; unrelated Configuration omitted
BtExperience	1d3963e3725ef6e39d9d91ec86971621524e522f	conf/all/archive.xml	60f6f7ba4bdf3d1247e867be9020bf9c03f43119	7d249d40226ac48f7a60d2803ab6b0707eefd66e6fa7a7d0ac90629c19d5fb37	a96ebfe39caa692d6d00f7ec891c547e93c7dba6abf6d5b7e0372f006e6dcc2b	declared-XML-read	excluded	Alarm selector fields compared to executable consumers; fixture counts, scenario sets and object IDs are not physical capability or Firmware evidence; unrelated Configuration omitted
BtExperience	1d3963e3725ef6e39d9d91ec86971621524e522f	conf/vde/archive.xml	aaeb904da3f990a81f260f740b00c1e444041073	e760236a2cd1c868ef8827777ffffb18e8ec1557a53d2106488d428668173185	4f53cda18c2baa0c0354bb5f9a3ecbe5ed12ab4d8e11ba873c2f11161202b945	declared-XML-read	excluded	Alarm selector fields compared to executable consumers; fixture counts, scenario sets and object IDs are not physical capability or Firmware evidence; unrelated Configuration omitted
BtExperience	2cdb5d66f605752a38471d1740607285b4c7b799	conf/all/archive.xml	0d2332bb93ef84e295ef88146324251a3fd17bef	60deb3831f497cdae98823ebb0246c6389b744ca96bfc1f72d95528c769ce3f5	a96ebfe39caa692d6d00f7ec891c547e93c7dba6abf6d5b7e0372f006e6dcc2b	declared-XML-read	excluded	Alarm selector fields compared to executable consumers; fixture counts, scenario sets and object IDs are not physical capability or Firmware evidence; unrelated Configuration omitted
BtExperience	6439c4b7835edc92b2341d8b1938ad4cb494d068	conf/all/archive.xml	233d6898112829cbfee7a6677eb95701457db3d7	3fe902b2d9d0289d36126fbb6cb0b35c0fc18800052282ed1e9372fb80ca03af	a96ebfe39caa692d6d00f7ec891c547e93c7dba6abf6d5b7e0372f006e6dcc2b	declared-XML-read	excluded	Alarm selector fields compared to executable consumers; fixture counts, scenario sets and object IDs are not physical capability or Firmware evidence; unrelated Configuration omitted
BtExperience	5094f7bde389b9385c54bb601af24e4bbad0a7ea	conf/all/archive.xml	9636e2de2fe7519e8fe656cd43b2ddf627430e31	ebf509cbddb3f3e9b8a4a1fe6eb09d94b05e146bc2c1d3ee0337e24bf9d72b5b	a96ebfe39caa692d6d00f7ec891c547e93c7dba6abf6d5b7e0372f006e6dcc2b	declared-XML-read	excluded	Alarm selector fields compared to executable consumers; fixture counts, scenario sets and object IDs are not physical capability or Firmware evidence; unrelated Configuration omitted
BtExperience	5094f7bde389b9385c54bb601af24e4bbad0a7ea	conf/popup/archive.xml	26abbfd6f11bf733524253bde9123d667157a779	33e0da00ae643fc37ccbbe12d4c5615005475c3374f768821dcf80d974a2a78c	a96ebfe39caa692d6d00f7ec891c547e93c7dba6abf6d5b7e0372f006e6dcc2b	declared-XML-read	excluded	Alarm selector fields compared to executable consumers; fixture counts, scenario sets and object IDs are not physical capability or Firmware evidence; unrelated Configuration omitted
BtExperience	5094f7bde389b9385c54bb601af24e4bbad0a7ea	conf/termo.4z/archive.xml	e30f0e294f5ea829cc6022ade2f791d99255084b	857af521bc1df7e5dab761b750b46a96c43ab560006ffcf1d1eca431a9d0bed6	4f53cda18c2baa0c0354bb5f9a3ecbe5ed12ab4d8e11ba873c2f11161202b945	declared-XML-read	excluded	Alarm selector fields compared to executable consumers; fixture counts, scenario sets and object IDs are not physical capability or Firmware evidence; unrelated Configuration omitted
BtExperience	2bc279a5cb8cfde7277bb330d6e2e78f2120c3f1	conf/termo.4z/archive.xml	db54a75373606807b303703abd1dd5b8090a11e2	59e425d7970c40aab14b18e4c7e2f15a33c38946339b5e0bcd305104471f367d	4f53cda18c2baa0c0354bb5f9a3ecbe5ed12ab4d8e11ba873c2f11161202b945	declared-XML-read	excluded	Alarm selector fields compared to executable consumers; fixture counts, scenario sets and object IDs are not physical capability or Firmware evidence; unrelated Configuration omitted
BtExperience	5094f7bde389b9385c54bb601af24e4bbad0a7ea	conf/termo.99z/archive.xml	79870d1d8d42fcd862829236fcc6eaecd4ba1d36	adfcb1841776197888c44017864ef8fca8bad61caf59d2aaf431bcabf4191815	4f53cda18c2baa0c0354bb5f9a3ecbe5ed12ab4d8e11ba873c2f11161202b945	declared-XML-read	excluded	Alarm selector fields compared to executable consumers; fixture counts, scenario sets and object IDs are not physical capability or Firmware evidence; unrelated Configuration omitted
BtExperience	2bc279a5cb8cfde7277bb330d6e2e78f2120c3f1	conf/termo.99z/archive.xml	f25faedbfaa94aa964f905b929eee09434466223	12709771d880c705eb80ce18875a0aeaa460a22e90d6775f75b263ccd5a976da	4f53cda18c2baa0c0354bb5f9a3ecbe5ed12ab4d8e11ba873c2f11161202b945	declared-XML-read	excluded	Alarm selector fields compared to executable consumers; fixture counts, scenario sets and object IDs are not physical capability or Firmware evidence; unrelated Configuration omitted
BtExperience	a7d1f8fe9ca20775bfc70ccb7ea30262124adf5c	conf/all/archive.xml	e1d98e74dd81c57328211826d9f919d17178ba2a	ad5d4dc0499eccccf581b2e54c147ac6d0581820656110c4bc2c4aa972d49f48	a96ebfe39caa692d6d00f7ec891c547e93c7dba6abf6d5b7e0372f006e6dcc2b	declared-XML-read	excluded	Alarm selector fields compared to executable consumers; fixture counts, scenario sets and object IDs are not physical capability or Firmware evidence; unrelated Configuration omitted
BtExperience	b7251cd7a4dfafecf53d6ee16d49e646bc54c847	conf/diffson.mono/archive.xml	17368c9045ad62866eefe83e0b5e8fd0dffeb31f	0ccd9ce65373179a6fe9b7d287b681edd58d2a95357818f7b199b418d99899c3	4f53cda18c2baa0c0354bb5f9a3ecbe5ed12ab4d8e11ba873c2f11161202b945	declared-XML-read	excluded	Alarm selector fields compared to executable consumers; fixture counts, scenario sets and object IDs are not physical capability or Firmware evidence; unrelated Configuration omitted
BtExperience	65d93f176f3123f6cd86e360c3b0b4e91f2cfb93	conf/diffson.mono/archive.xml	b32beebfba3bf19bc91a9d20c9244ac5dbebc56d	c8c7fd6805471cd4e401ea4edbfef0f5e718a8ff455292b3d5d1c896ed17e082	4f53cda18c2baa0c0354bb5f9a3ecbe5ed12ab4d8e11ba873c2f11161202b945	declared-XML-read	excluded	Alarm selector fields compared to executable consumers; fixture counts, scenario sets and object IDs are not physical capability or Firmware evidence; unrelated Configuration omitted
BtExperience	ea2a972279392eb8dd6b229a337ab6092ee9154c	conf/air.conditioning/conf.xml	6f59c39517355f32330fa4a20d10c137f08cdba0	1f5bc5c6e210d7b071284f63c3a7a1d1ee4f0344e92f8d5d7063c3cb5800fdfa	4f53cda18c2baa0c0354bb5f9a3ecbe5ed12ab4d8e11ba873c2f11161202b945	declared-XML-read	excluded	Alarm selector fields compared to executable consumers; fixture counts, scenario sets and object IDs are not physical capability or Firmware evidence; unrelated Configuration omitted
BtExperience	ea2a972279392eb8dd6b229a337ab6092ee9154c	conf/all/conf.xml	0ee78d417ec90a492d538e5ab8ad08cc83aae99f	ca5534fae1fd80f5c75cc388ee282a51d7506f5ec14299a5fba90f53ca00ce9b	4f53cda18c2baa0c0354bb5f9a3ecbe5ed12ab4d8e11ba873c2f11161202b945	declared-XML-read	excluded	Alarm selector fields compared to executable consumers; fixture counts, scenario sets and object IDs are not physical capability or Firmware evidence; unrelated Configuration omitted
BtExperience	ea2a972279392eb8dd6b229a337ab6092ee9154c	conf/diffson.mono/conf.xml	aa4aafc8fae7d2497a30ae21455176e7323211b5	280b011b2959fa09d9b49ce41a6cf05afeb02cb489eb40fb44675b89ce488289	4f53cda18c2baa0c0354bb5f9a3ecbe5ed12ab4d8e11ba873c2f11161202b945	declared-XML-read	excluded	Alarm selector fields compared to executable consumers; fixture counts, scenario sets and object IDs are not physical capability or Firmware evidence; unrelated Configuration omitted
BtExperience	247d43e316f1e214afef4e79952406cc774e97f4	conf/diffson.mono/archive.xml	7a7d657847865efc49139b67319d8f2478a87b48	bfd864816b2aad35269d1e1efdfe1e000a261e25f4a33dbfe780bf5da6739905	4f53cda18c2baa0c0354bb5f9a3ecbe5ed12ab4d8e11ba873c2f11161202b945	declared-XML-read	excluded	Alarm selector fields compared to executable consumers; fixture counts, scenario sets and object IDs are not physical capability or Firmware evidence; unrelated Configuration omitted
BtExperience	78fadfbf211ba3b26142d11c27ceee7501dc97aa	conf/all/archive.xml	8b0574430bd3805321319120591cc69d8974345a	793786dcaf0627617d42fd6d300a611aa237024f0de7e9815c58f43f0dcb6532	a96ebfe39caa692d6d00f7ec891c547e93c7dba6abf6d5b7e0372f006e6dcc2b	declared-XML-read	excluded	Alarm selector fields compared to executable consumers; fixture counts, scenario sets and object IDs are not physical capability or Firmware evidence; unrelated Configuration omitted
BtExperience	14bf672821871c2842ed8b774bcfb815dbe18f3b	conf/all/archive.xml	4281ae314b1ad4c9e406ae7227b1d7f69f3968d0	1f5bc769fa1393167687bf4af3e4d58125aaf43c0d3b1418b2a7422f35856a4d	a96ebfe39caa692d6d00f7ec891c547e93c7dba6abf6d5b7e0372f006e6dcc2b	declared-XML-read	excluded	Alarm selector fields compared to executable consumers; fixture counts, scenario sets and object IDs are not physical capability or Firmware evidence; unrelated Configuration omitted
BtExperience	14bf672821871c2842ed8b774bcfb815dbe18f3b	conf/messages/archive.xml	828c5d741afac805e8eca18b59ab4bef870d2e7f	9a7a3ac971a4a3dcbefc869a5140d135b888a0a915b9701040eced8f03ab4f65	4f53cda18c2baa0c0354bb5f9a3ecbe5ed12ab4d8e11ba873c2f11161202b945	declared-XML-read	excluded	Alarm selector fields compared to executable consumers; fixture counts, scenario sets and object IDs are not physical capability or Firmware evidence; unrelated Configuration omitted
BtExperience	2759bded6c89e90985c2feef3a93ea36a8d49836	conf/all/archive.xml	0b24ae1b0643db78991ddf4e64dda3c9a71f105a	d61047f632395023921ca126e07574cbdaf3611f97816fec20377968a748dd25	a96ebfe39caa692d6d00f7ec891c547e93c7dba6abf6d5b7e0372f006e6dcc2b	declared-XML-read	excluded	Alarm selector fields compared to executable consumers; fixture counts, scenario sets and object IDs are not physical capability or Firmware evidence; unrelated Configuration omitted
BtExperience	c4a5f32e17d4f4b10897728a1e698e8a5ea2265d	conf/all/archive.xml	43ee88aef0d98d06da1a012cf1550ebfac531d69	e589b54cc36e677e53671288b768ff36225199651059e4b1a89adff377bc561e	a96ebfe39caa692d6d00f7ec891c547e93c7dba6abf6d5b7e0372f006e6dcc2b	declared-XML-read	excluded	Alarm selector fields compared to executable consumers; fixture counts, scenario sets and object IDs are not physical capability or Firmware evidence; unrelated Configuration omitted
BtExperience	c4a5f32e17d4f4b10897728a1e698e8a5ea2265d	conf/vde/archive.xml	566c8d99ec3ae68bf8f854b1a5f51f67a99d22bf	b4caaaf0e787207c2c1c18fbfaed19fd13e2f59c92827a8e01bd0e50c1723535	4f53cda18c2baa0c0354bb5f9a3ecbe5ed12ab4d8e11ba873c2f11161202b945	declared-XML-read	excluded	Alarm selector fields compared to executable consumers; fixture counts, scenario sets and object IDs are not physical capability or Firmware evidence; unrelated Configuration omitted
BtExperience	30843a43e0714cb29142cd8e5596c7bed253a9c3	conf/all/archive.xml	4d1a4891585b0099f6f544c82fac3597a99851d5	c0747565715b0001ef03393ab2aeb6d3eee2f960392b40774556113cb712ca16	a96ebfe39caa692d6d00f7ec891c547e93c7dba6abf6d5b7e0372f006e6dcc2b	declared-XML-read	excluded	Alarm selector fields compared to executable consumers; fixture counts, scenario sets and object IDs are not physical capability or Firmware evidence; unrelated Configuration omitted
BtExperience	745cf5ea36c5c270dfd9542a5190f2988583b1e7	conf/all/archive.xml	78d2544943aa2a118978722b97a3d02225608a93	651f7a8184438e928e83af91ca2c3e013016089d6c2c5f18e475667969694d1a	a96ebfe39caa692d6d00f7ec891c547e93c7dba6abf6d5b7e0372f006e6dcc2b	declared-XML-read	excluded	Alarm selector fields compared to executable consumers; fixture counts, scenario sets and object IDs are not physical capability or Firmware evidence; unrelated Configuration omitted
BtExperience	745cf5ea36c5c270dfd9542a5190f2988583b1e7	conf/diffson.multi/archive.xml	638c7866562063992e07a8127074ae0895a99b52	9cf285caa526f2733f5d61c99a7cf7fc33b5573d64d6284ca03470e191a6d50a	4f53cda18c2baa0c0354bb5f9a3ecbe5ed12ab4d8e11ba873c2f11161202b945	declared-XML-read	excluded	Alarm selector fields compared to executable consumers; fixture counts, scenario sets and object IDs are not physical capability or Firmware evidence; unrelated Configuration omitted
BtExperience	940eb1a3f078ed8d1c5596a9738ae43d38814829	conf/diffson.multi/archive.xml	6db4efb698f6e9d7f0d862ed20b5fbe530317ba7	212bc24ffe4e4c4537ed269ced701f38237c78a0ab8785bda9db66209fcf309b	4f53cda18c2baa0c0354bb5f9a3ecbe5ed12ab4d8e11ba873c2f11161202b945	declared-XML-read	excluded	Alarm selector fields compared to executable consumers; fixture counts, scenario sets and object IDs are not physical capability or Firmware evidence; unrelated Configuration omitted
BtExperience	745cf5ea36c5c270dfd9542a5190f2988583b1e7	conf/illuminazione/archive.xml	bb81199fe9b344c3358403af9b60acffadee2586	a13c6542ee204f007de3721ae6ee7e519b0a9b171f9cd64b2287243dca95ab61	4f53cda18c2baa0c0354bb5f9a3ecbe5ed12ab4d8e11ba873c2f11161202b945	declared-XML-read	excluded	Alarm selector fields compared to executable consumers; fixture counts, scenario sets and object IDs are not physical capability or Firmware evidence; unrelated Configuration omitted
BtExperience	78291abf2e5b6c347a31a2b00749271c26c9ab2c	conf/all/archive.xml	4900b0a5163965fd30cb85a418c409a85529c732	b4f478524f96c301d16fdcbfe3696641d4cd4c606c021eed19a20ec8fa233ff0	a96ebfe39caa692d6d00f7ec891c547e93c7dba6abf6d5b7e0372f006e6dcc2b	declared-XML-read	excluded	Alarm selector fields compared to executable consumers; fixture counts, scenario sets and object IDs are not physical capability or Firmware evidence; unrelated Configuration omitted
BtExperience	78291abf2e5b6c347a31a2b00749271c26c9ab2c	conf/diffson.multi/archive.xml	7ad5ef424a3fb9935165a7b0d436baf1d35d4255	ef0bd4ace33f06fb9763db7d3703f7fce6dea46b18a4e35955c30ebaba9b00b5	4f53cda18c2baa0c0354bb5f9a3ecbe5ed12ab4d8e11ba873c2f11161202b945	declared-XML-read	excluded	Alarm selector fields compared to executable consumers; fixture counts, scenario sets and object IDs are not physical capability or Firmware evidence; unrelated Configuration omitted
BtExperience	e38c2c35ebd63646e385865b2881922d094998ee	conf/all/archive.xml	d7c447830de53395c5d4452fd790c2c0548c5f1f	3edae150d1836890bb0ca3f2e3b91c6ae228dcc1c97df080991b98d5d607b49a	180b58592279c1546aade5c8d4aa2ad97053e2aff67191af7277b06c173b4dd5	declared-XML-read	excluded	Alarm selector fields compared to executable consumers; fixture counts, scenario sets and object IDs are not physical capability or Firmware evidence; unrelated Configuration omitted
BtExperience	e38c2c35ebd63646e385865b2881922d094998ee	conf/antintrusione/archive.xml	c1314379e929c4f9a702a4a1f761bda02cf4648d	27aca181af4e851f167108c676408d20f5bd17f3e560cebd6322e8de040ca38f	180b58592279c1546aade5c8d4aa2ad97053e2aff67191af7277b06c173b4dd5	declared-XML-read	excluded	Alarm selector fields compared to executable consumers; fixture counts, scenario sets and object IDs are not physical capability or Firmware evidence; unrelated Configuration omitted
BtExperience	e38c2c35ebd63646e385865b2881922d094998ee	conf/popup/archive.xml	83edcb219a8205004a9920a3f197176bd752aa1c	69aa38f56e5debcd45dbb959a7bb46e03389fc3a616819a8ceab0dab7e2b1d6b	180b58592279c1546aade5c8d4aa2ad97053e2aff67191af7277b06c173b4dd5	declared-XML-read	excluded	Alarm selector fields compared to executable consumers; fixture counts, scenario sets and object IDs are not physical capability or Firmware evidence; unrelated Configuration omitted
BtExperience	5c9200f9fcfb162f356675c3bc4caa9c2602468c	conf/all/archive.xml	b288fb5d12937beb8e6091080d8be9ef244d0356	168f22d5d2d4fb1e6ba345be852be94a1aa5046f61c07dc71ec92257a0b22bba	a96ebfe39caa692d6d00f7ec891c547e93c7dba6abf6d5b7e0372f006e6dcc2b	declared-XML-read	excluded	Alarm selector fields compared to executable consumers; fixture counts, scenario sets and object IDs are not physical capability or Firmware evidence; unrelated Configuration omitted
BtExperience	6330298b95e87faf35f8a7d885047ae8abe6f18a	conf/all/archive.xml	ce439f5b91271957296648c9648dd8a74816cb61	a743f5739cd30d18eff4ae96e853d18a24a63dc72ca765a67c7aafc4465119b0	180b58592279c1546aade5c8d4aa2ad97053e2aff67191af7277b06c173b4dd5	declared-XML-read	excluded	Alarm selector fields compared to executable consumers; fixture counts, scenario sets and object IDs are not physical capability or Firmware evidence; unrelated Configuration omitted
BtExperience	a0604b0c61f6bf7de32e5f56ba9c728043c48f1c	conf/diffson.multi/archive.xml	e92cc679bb63725fef7899ecd732ee482956e8c4	e827bda0e5496946ea26fde3f7278fa1fffbb89f40bde107500d5f7f5f23a942	4f53cda18c2baa0c0354bb5f9a3ecbe5ed12ab4d8e11ba873c2f11161202b945	declared-XML-read	excluded	Alarm selector fields compared to executable consumers; fixture counts, scenario sets and object IDs are not physical capability or Firmware evidence; unrelated Configuration omitted
BtExperience	0c6a549a24f731fa16cee270e1e3bbe358e69ce2	conf/all/archive.xml	3deaa622257037cf54cdbc20776e13573907be8c	39234dd8d8d663c2c9a7f9709efbd397b8e92f308b1b83e103220dbe6c115ecc	180b58592279c1546aade5c8d4aa2ad97053e2aff67191af7277b06c173b4dd5	declared-XML-read	excluded	Alarm selector fields compared to executable consumers; fixture counts, scenario sets and object IDs are not physical capability or Firmware evidence; unrelated Configuration omitted
BtExperience	95ce2065e6100025db3e99a9b4cf11d476dea4bb	conf/all/archive.xml	2b4bfb0fe52ca388b8f1f018a2ebec50e2a0fd99	af786023d013a3a4cfbb39ceeeed58539a861ce9a2929fbc7114fe89c8791196	180b58592279c1546aade5c8d4aa2ad97053e2aff67191af7277b06c173b4dd5	declared-XML-read	excluded	Alarm selector fields compared to executable consumers; fixture counts, scenario sets and object IDs are not physical capability or Firmware evidence; unrelated Configuration omitted
BtExperience	95ce2065e6100025db3e99a9b4cf11d476dea4bb	conf/diffson.mono/archive.xml	f7312bba034bc20d233f391d07f7236ee8b49012	b71c6365c0c7e602d9cc9bc3af6f2fd043a382eff7aa204315d52d37f1569d02	4f53cda18c2baa0c0354bb5f9a3ecbe5ed12ab4d8e11ba873c2f11161202b945	declared-XML-read	excluded	Alarm selector fields compared to executable consumers; fixture counts, scenario sets and object IDs are not physical capability or Firmware evidence; unrelated Configuration omitted
BtExperience	95ce2065e6100025db3e99a9b4cf11d476dea4bb	conf/diffson.multi/archive.xml	bf09652e0238957678ae150ac1e66b00fedc8d51	86eb2f8f16786eceadfe35401fde00bc8e44735ab9cabb06c8ac0f42272fbd55	4f53cda18c2baa0c0354bb5f9a3ecbe5ed12ab4d8e11ba873c2f11161202b945	declared-XML-read	excluded	Alarm selector fields compared to executable consumers; fixture counts, scenario sets and object IDs are not physical capability or Firmware evidence; unrelated Configuration omitted
BtExperience	95ce2065e6100025db3e99a9b4cf11d476dea4bb	conf/termo.4z/archive.xml	eebbd745ed008b54d3ef411139706bde782965c8	582bfc1d1d4db03a647c817f33e229cb241a4647d540fdedae4f0112fb9ff12a	4f53cda18c2baa0c0354bb5f9a3ecbe5ed12ab4d8e11ba873c2f11161202b945	declared-XML-read	excluded	Alarm selector fields compared to executable consumers; fixture counts, scenario sets and object IDs are not physical capability or Firmware evidence; unrelated Configuration omitted
BtExperience	a7166abbd6ed63eccb4d424ff253b65d92c1a4d3	conf/all/archive.xml	d48b52bca02ed036ac9f315cd4ce5a0ef434d6b5	f76a67d938e827f4dd57f1a52ad601ceb2fcfe6597da9e78af3cef0a7d189dba	180b58592279c1546aade5c8d4aa2ad97053e2aff67191af7277b06c173b4dd5	declared-XML-read	excluded	Alarm selector fields compared to executable consumers; fixture counts, scenario sets and object IDs are not physical capability or Firmware evidence; unrelated Configuration omitted
BtExperience	355051d024faf714894a0d0d25134e5f8581efd5	conf/all/archive.xml	a4c10d22e6eff056f60fa9af547460eda6a88689	969978c219226f5e0530b4bcf604b9ce7e367a54ff2cd9a563014696a1c68041	180b58592279c1546aade5c8d4aa2ad97053e2aff67191af7277b06c173b4dd5	declared-XML-read	excluded	Alarm selector fields compared to executable consumers; fixture counts, scenario sets and object IDs are not physical capability or Firmware evidence; unrelated Configuration omitted
BtExperience	78aee54ac25bb7140ee47f88d5a4a8ebb1d2f54d	conf/diffson.mono/archive.xml	82c4e81b482a6100a33eb5cf8f1e84a6c19769be	e257a4c56cfbca36590d6817c0dfbee39baaeca552e7bd0c0e36fc3dac980dc9	4f53cda18c2baa0c0354bb5f9a3ecbe5ed12ab4d8e11ba873c2f11161202b945	declared-XML-read	excluded	Alarm selector fields compared to executable consumers; fixture counts, scenario sets and object IDs are not physical capability or Firmware evidence; unrelated Configuration omitted
BtExperience	78aee54ac25bb7140ee47f88d5a4a8ebb1d2f54d	conf/diffson.multi/archive.xml	0226352bacb72a882f728ff60c00053ea575c399	7efe753ccdc91084c6fe81f50b5db461eb61cfd68c379918148f51346c8655e4	4f53cda18c2baa0c0354bb5f9a3ecbe5ed12ab4d8e11ba873c2f11161202b945	declared-XML-read	excluded	Alarm selector fields compared to executable consumers; fixture counts, scenario sets and object IDs are not physical capability or Firmware evidence; unrelated Configuration omitted
BtExperience	585062159201b19ef83d0d3c9c8fd9053d5f0123	conf/vde/archive.xml	4980d58aff29b5997ddec2d9254b43501a2a2a9c	1a685a2d0fbbae8cb79ab0b71f641ead6169fd2d32964c95e8c5d8f2953aed07	4f53cda18c2baa0c0354bb5f9a3ecbe5ed12ab4d8e11ba873c2f11161202b945	declared-XML-read	excluded	Alarm selector fields compared to executable consumers; fixture counts, scenario sets and object IDs are not physical capability or Firmware evidence; unrelated Configuration omitted
BtExperience	f2ff27e4068aa6baa1c2a261ba670d48c0904908	conf/air.conditioning/conf.xml	d775d5b5c11f66bf74d8e633a836c6d5804747c0	2ddee8c2d243701e29f192da2183935beb5cc5414ed351aa256829f4def645e4	4f53cda18c2baa0c0354bb5f9a3ecbe5ed12ab4d8e11ba873c2f11161202b945	declared-XML-read	excluded	Alarm selector fields compared to executable consumers; fixture counts, scenario sets and object IDs are not physical capability or Firmware evidence; unrelated Configuration omitted
BtExperience	f2ff27e4068aa6baa1c2a261ba670d48c0904908	conf/all/conf.xml	fd544d20dbbcb3ef08d4453b2b6d176158587952	3592cdc3203acc409a5d5f523b94ff2194c57e8b22af049977e77b4f577b3c57	4f53cda18c2baa0c0354bb5f9a3ecbe5ed12ab4d8e11ba873c2f11161202b945	declared-XML-read	excluded	Alarm selector fields compared to executable consumers; fixture counts, scenario sets and object IDs are not physical capability or Firmware evidence; unrelated Configuration omitted
BtExperience	0c47eb62d05e12ee10f29e0209134a29676a9422	conf/all/archive.xml	be0d34839bd0e7a6ce5eb34052b10afbe4671eb2	94adae7c1a5f3f2b3d906f8acc7fee20cf6fe498445e3d00c0d993a165e4c1a2	180b58592279c1546aade5c8d4aa2ad97053e2aff67191af7277b06c173b4dd5	declared-XML-read	excluded	Alarm selector fields compared to executable consumers; fixture counts, scenario sets and object IDs are not physical capability or Firmware evidence; unrelated Configuration omitted
BtExperience	0c47eb62d05e12ee10f29e0209134a29676a9422	conf/messages/archive.xml	92f54ee2b212e0fe8f1d67c11ad17d97baa1ec1b	c72c8a563b572d97f392ec8989c759366aadb3f36e48c0054ee447aa50b90319	4f53cda18c2baa0c0354bb5f9a3ecbe5ed12ab4d8e11ba873c2f11161202b945	declared-XML-read	excluded	Alarm selector fields compared to executable consumers; fixture counts, scenario sets and object IDs are not physical capability or Firmware evidence; unrelated Configuration omitted
BtExperience	0c47eb62d05e12ee10f29e0209134a29676a9422	conf/popup/conf.xml	edfc9f630d89c37cea76a302b487b8840ca9086d	795af6d0a462089ca5eaef623de5a146cc253cf04da93a661e11a853172eb3eb	180b58592279c1546aade5c8d4aa2ad97053e2aff67191af7277b06c173b4dd5	declared-XML-read	excluded	Alarm selector fields compared to executable consumers; fixture counts, scenario sets and object IDs are not physical capability or Firmware evidence; unrelated Configuration omitted
BtExperience	0c47eb62d05e12ee10f29e0209134a29676a9422	conf/scenarios/archive.xml	536043210339483fc668b5e9246fd055b76f31dd	a57970b43363d3511d7e02a2523adea2ba323890584b40ffb82f78a454af9d52	4f53cda18c2baa0c0354bb5f9a3ecbe5ed12ab4d8e11ba873c2f11161202b945	declared-XML-read	excluded	Alarm selector fields compared to executable consumers; fixture counts, scenario sets and object IDs are not physical capability or Firmware evidence; unrelated Configuration omitted
BtExperience	eaeb3959429f262c26563a7527dd5f49117d3687	conf/scenarios/archive.xml	4df6a9fab64c915c434611d06c7f7613e3bbbc27	82d843820324333c83a64c2180a9b63db2c3f305c44c9a80f6fec36175d597e9	4f53cda18c2baa0c0354bb5f9a3ecbe5ed12ab4d8e11ba873c2f11161202b945	declared-XML-read	excluded	Alarm selector fields compared to executable consumers; fixture counts, scenario sets and object IDs are not physical capability or Firmware evidence; unrelated Configuration omitted
BtExperience	8350279768a6f1b49a32e5af71bd26d9e4f4281c	conf/all/archive.xml	37fd63f0eb2c1912cf4f77f25f3c683ce27c06d6	c908ce6b5af72047ffb29037a3a8083217d49c30e5e4fec7032900b8eef9742e	180b58592279c1546aade5c8d4aa2ad97053e2aff67191af7277b06c173b4dd5	declared-XML-read	excluded	Alarm selector fields compared to executable consumers; fixture counts, scenario sets and object IDs are not physical capability or Firmware evidence; unrelated Configuration omitted
BtExperience	ae8c9ca6d2e8791cfd356cb041415cc6d559e7d3	conf/air.conditioning/conf.xml	70f9406ea228eadeeb35c55ae83502b2f80e9caa	8a2cfcb5781b8136d6c2dfd3cd473e2eafcf0111f36eb78ccb131730d74dab3e	4f53cda18c2baa0c0354bb5f9a3ecbe5ed12ab4d8e11ba873c2f11161202b945	declared-XML-read	excluded	Alarm selector fields compared to executable consumers; fixture counts, scenario sets and object IDs are not physical capability or Firmware evidence; unrelated Configuration omitted
BtExperience	ae8c9ca6d2e8791cfd356cb041415cc6d559e7d3	conf/all/conf.xml	dbbb07f8ec2a90c71e160bafb674c08aacbb9003	9f4c60871e6bd8769b6b1068246d2d0ddf511b287c129046cb83d7cbfc28f781	4f53cda18c2baa0c0354bb5f9a3ecbe5ed12ab4d8e11ba873c2f11161202b945	declared-XML-read	excluded	Alarm selector fields compared to executable consumers; fixture counts, scenario sets and object IDs are not physical capability or Firmware evidence; unrelated Configuration omitted
BtExperience	6931175b6e2f2f05942c57d35151f14d400fc99f	conf/all/archive.xml	cb5ca18d277d290c084011ff0c72fa95596e20d3	7fbb8015049b6d6e2731a73d95363f491e2ac493143a079c008ae9445f9d5441	180b58592279c1546aade5c8d4aa2ad97053e2aff67191af7277b06c173b4dd5	declared-XML-read	excluded	Alarm selector fields compared to executable consumers; fixture counts, scenario sets and object IDs are not physical capability or Firmware evidence; unrelated Configuration omitted
BtExperience	6931175b6e2f2f05942c57d35151f14d400fc99f	conf/diffson.mono/archive.xml	494ff8ab59178913066089f7a0d9bb6d15865594	d644271efcd6c895ad01b040badd343f35ef89e34b7b906e7d80d209284b2061	4f53cda18c2baa0c0354bb5f9a3ecbe5ed12ab4d8e11ba873c2f11161202b945	declared-XML-read	excluded	Alarm selector fields compared to executable consumers; fixture counts, scenario sets and object IDs are not physical capability or Firmware evidence; unrelated Configuration omitted
BtExperience	6931175b6e2f2f05942c57d35151f14d400fc99f	conf/diffson.multi/archive.xml	3d73375c5a276d2bcca94e26fd858998e441c370	3cad2af584b8be9abbb73ddfc4c881abf1687a005888233286584ce19e22df43	4f53cda18c2baa0c0354bb5f9a3ecbe5ed12ab4d8e11ba873c2f11161202b945	declared-XML-read	excluded	Alarm selector fields compared to executable consumers; fixture counts, scenario sets and object IDs are not physical capability or Firmware evidence; unrelated Configuration omitted
BtExperience	787211272cbb883a0eebcad7c24d55c177680973	conf/diffson.mono/archive.xml	4d08498ce32a8285951328feb7a8098228e6d59f	b0f7da7b98de9b1064b136543a31a3fc32e163c8f9d885c67d5fb5971df80c25	4f53cda18c2baa0c0354bb5f9a3ecbe5ed12ab4d8e11ba873c2f11161202b945	declared-XML-read	excluded	Alarm selector fields compared to executable consumers; fixture counts, scenario sets and object IDs are not physical capability or Firmware evidence; unrelated Configuration omitted
BtExperience	787211272cbb883a0eebcad7c24d55c177680973	conf/diffson.multi/archive.xml	22c6f23f936763390bbadac741b8f8e34886c92d	d864bbdabdb6f2d95c8a462c5398712d2f6f5f4cd6c03ce92bf91cd8925590de	4f53cda18c2baa0c0354bb5f9a3ecbe5ed12ab4d8e11ba873c2f11161202b945	declared-XML-read	excluded	Alarm selector fields compared to executable consumers; fixture counts, scenario sets and object IDs are not physical capability or Firmware evidence; unrelated Configuration omitted
BtExperience	4806d6d1d099020a4a19b34eb31930ce43a48589	conf/all/archive.xml	d6db08843d395c8fc62c2130220e168e2b6b6dc9	d21f7a2b27f8d062af7aac7db8244f96165c128a392cbacacf362244abcfcd2e	180b58592279c1546aade5c8d4aa2ad97053e2aff67191af7277b06c173b4dd5	declared-XML-read	excluded	Alarm selector fields compared to executable consumers; fixture counts, scenario sets and object IDs are not physical capability or Firmware evidence; unrelated Configuration omitted
BtExperience	168ec69c7bc15a328b79f97621b404750e50beda	conf/all/archive.xml	e003b6a69d8c05fdc3b62dba7108715a9b828a37	6cf2e58b3aa751d860e1cf086b4cc00b7da9c97143de01052a8da8e276adbcfd	180b58592279c1546aade5c8d4aa2ad97053e2aff67191af7277b06c173b4dd5	declared-XML-read	excluded	Alarm selector fields compared to executable consumers; fixture counts, scenario sets and object IDs are not physical capability or Firmware evidence; unrelated Configuration omitted
BtExperience	cb37198e0337b69da2682e8fb3242c081f4fe76c	conf/air.conditioning/archive.xml	8f612dd3df684f312d7009b99b0af0a74e141e1e	4007777195c0ce4d7a0fa565d279dad48e21d23db971d96b7066403b8f7b5fa7	4f53cda18c2baa0c0354bb5f9a3ecbe5ed12ab4d8e11ba873c2f11161202b945	declared-XML-read	excluded	Alarm selector fields compared to executable consumers; fixture counts, scenario sets and object IDs are not physical capability or Firmware evidence; unrelated Configuration omitted
BtExperience	cb37198e0337b69da2682e8fb3242c081f4fe76c	conf/scenarios/archive.xml	e971538133a15e0ce0ed549741f3df199b9eb684	833e907dd0dbbee18fcd85e740be1967f23b071a6d5295e5e3c062fce1f86e58	4f53cda18c2baa0c0354bb5f9a3ecbe5ed12ab4d8e11ba873c2f11161202b945	declared-XML-read	excluded	Alarm selector fields compared to executable consumers; fixture counts, scenario sets and object IDs are not physical capability or Firmware evidence; unrelated Configuration omitted
BtExperience	10959d7c819d6dbd9244ead054412fb8d5df40e7	conf/all/archive.xml	56bdc0ed9b9c15c9f1846a436a587d6c12a059a2	ad19bf6f2bd852d813e6a0347d3578bb0274077cd0e99fa3f5f43b2048c907a7	180b58592279c1546aade5c8d4aa2ad97053e2aff67191af7277b06c173b4dd5	declared-XML-read	excluded	Alarm selector fields compared to executable consumers; fixture counts, scenario sets and object IDs are not physical capability or Firmware evidence; unrelated Configuration omitted
BtExperience	10959d7c819d6dbd9244ead054412fb8d5df40e7	conf/antintrusione/archive.xml	ea1add373600b668c0a088c48225cdc18aa8a5ef	cf9480353c15f0cef72ac79bf3483f716e4783506a430462b6f7c51318231922	180b58592279c1546aade5c8d4aa2ad97053e2aff67191af7277b06c173b4dd5	declared-XML-read	excluded	Alarm selector fields compared to executable consumers; fixture counts, scenario sets and object IDs are not physical capability or Firmware evidence; unrelated Configuration omitted
BtExperience	10959d7c819d6dbd9244ead054412fb8d5df40e7	conf/diffson.mono/archive.xml	6a2fc5c8cbfba973cf7d6408b94edab2e954d2a7	e5d15e76128eb2fdb442e05253b04dfe3a9b6836814d43a40a3bfdb48e7c9cd9	4f53cda18c2baa0c0354bb5f9a3ecbe5ed12ab4d8e11ba873c2f11161202b945	declared-XML-read	excluded	Alarm selector fields compared to executable consumers; fixture counts, scenario sets and object IDs are not physical capability or Firmware evidence; unrelated Configuration omitted
BtExperience	10959d7c819d6dbd9244ead054412fb8d5df40e7	conf/diffson.multi/archive.xml	367a19dd34df257b77c9c6f2f32a447731938d86	7c965239181474339efeeb9bbb935d73aac065ab7e8146cc8fede36b4754d5ca	4f53cda18c2baa0c0354bb5f9a3ecbe5ed12ab4d8e11ba873c2f11161202b945	declared-XML-read	excluded	Alarm selector fields compared to executable consumers; fixture counts, scenario sets and object IDs are not physical capability or Firmware evidence; unrelated Configuration omitted
BtExperience	10959d7c819d6dbd9244ead054412fb8d5df40e7	conf/energymanagement/archive.xml	6f7f731f0ba3a2d0e89502d2f66eec563cff84b8	edc84d2058606cdcf9e632ff47f522326a82171cae7c98be298331559278cf61	4f53cda18c2baa0c0354bb5f9a3ecbe5ed12ab4d8e11ba873c2f11161202b945	declared-XML-read	excluded	Alarm selector fields compared to executable consumers; fixture counts, scenario sets and object IDs are not physical capability or Firmware evidence; unrelated Configuration omitted
BtExperience	10959d7c819d6dbd9244ead054412fb8d5df40e7	conf/messages/archive.xml	516ab13462149255abc75c16127c78116427138f	321864ac1e3d342c2f7d153a12713ce3c5501a278bda99bf26387964886ca8c5	4f53cda18c2baa0c0354bb5f9a3ecbe5ed12ab4d8e11ba873c2f11161202b945	declared-XML-read	excluded	Alarm selector fields compared to executable consumers; fixture counts, scenario sets and object IDs are not physical capability or Firmware evidence; unrelated Configuration omitted
BtExperience	10959d7c819d6dbd9244ead054412fb8d5df40e7	conf/termo.4z/archive.xml	4eaa66651a19475c9c3794e82ef976a471b76c9b	c2950846918f6f545644cddee3b8ebcc344ca80349c81bd64d43881bec22540d	4f53cda18c2baa0c0354bb5f9a3ecbe5ed12ab4d8e11ba873c2f11161202b945	declared-XML-read	excluded	Alarm selector fields compared to executable consumers; fixture counts, scenario sets and object IDs are not physical capability or Firmware evidence; unrelated Configuration omitted
BtExperience	10959d7c819d6dbd9244ead054412fb8d5df40e7	conf/termo.99z/archive.xml	94dcbb8dc5272bd8b8fee376666d73e3a51e4b27	0d3bacb8cdb3dc8ef049ab288922fa3ad3faa2f8888be95e20b9919c4d9f4823	4f53cda18c2baa0c0354bb5f9a3ecbe5ed12ab4d8e11ba873c2f11161202b945	declared-XML-read	excluded	Alarm selector fields compared to executable consumers; fixture counts, scenario sets and object IDs are not physical capability or Firmware evidence; unrelated Configuration omitted
BtExperience	8b48e5a1f114e77e29859fb373c476fe05aaa941	conf/all/archive.xml	855d8923cceedd6bff4b0d3792883b36e61c558e	1aec68cea507755e4df3d7e742c81c77ace70142ab46f00d784bc32e77c81585	180b58592279c1546aade5c8d4aa2ad97053e2aff67191af7277b06c173b4dd5	declared-XML-read	excluded	Alarm selector fields compared to executable consumers; fixture counts, scenario sets and object IDs are not physical capability or Firmware evidence; unrelated Configuration omitted
BtExperience	8b48e5a1f114e77e29859fb373c476fe05aaa941	conf/energymanagement/archive.xml	edadb47fece05a6f126976852be43301358d3bfb	238e98318ce071f873052c9cc8ab806fcdcafb10f881feecb5eb9d8f20762106	4f53cda18c2baa0c0354bb5f9a3ecbe5ed12ab4d8e11ba873c2f11161202b945	declared-XML-read	excluded	Alarm selector fields compared to executable consumers; fixture counts, scenario sets and object IDs are not physical capability or Firmware evidence; unrelated Configuration omitted
BtExperience	962472bd32c01aecc7c10f39d4f3e67149dae024	conf/all/archive.xml	8791adcb28b5c082ebf9834ac887dad3569169cf	22331cd16a5279470249064ef625dd27ffe3d07ad7c1c433044c76a8c6495ef7	180b58592279c1546aade5c8d4aa2ad97053e2aff67191af7277b06c173b4dd5	declared-XML-read	excluded	Alarm selector fields compared to executable consumers; fixture counts, scenario sets and object IDs are not physical capability or Firmware evidence; unrelated Configuration omitted
BtExperience	1e78dafb71d95cca626f14d368c0c535c80dedf3	conf/all/archive.xml	712ffaa5825368c869759c566b369d762003d6e1	ed3b3947d92c2a08813092a7661453117fae53cdb4e306d7ad5e54c45278c4ca	180b58592279c1546aade5c8d4aa2ad97053e2aff67191af7277b06c173b4dd5	declared-XML-read	excluded	Alarm selector fields compared to executable consumers; fixture counts, scenario sets and object IDs are not physical capability or Firmware evidence; unrelated Configuration omitted
BtExperience	1e78dafb71d95cca626f14d368c0c535c80dedf3	conf/diffson.mono/archive.xml	6ff9c9a89d982215e2b7ab6f85e3d8c5b3bb4011	5cc5edb87f6cb8f3189da83812d5424ddd51fad8548a4e9b79d57e47f5aeafc5	4f53cda18c2baa0c0354bb5f9a3ecbe5ed12ab4d8e11ba873c2f11161202b945	declared-XML-read	excluded	Alarm selector fields compared to executable consumers; fixture counts, scenario sets and object IDs are not physical capability or Firmware evidence; unrelated Configuration omitted
BtExperience	1e78dafb71d95cca626f14d368c0c535c80dedf3	conf/diffson.multi/archive.xml	235abc956e0630a3e33d7fd3e84c6c3b920a4e00	b6449f0d1bf87bf2c6f3b541183b3ebbbe4cd2caf44db4b2a901ed385d0afb94	4f53cda18c2baa0c0354bb5f9a3ecbe5ed12ab4d8e11ba873c2f11161202b945	declared-XML-read	excluded	Alarm selector fields compared to executable consumers; fixture counts, scenario sets and object IDs are not physical capability or Firmware evidence; unrelated Configuration omitted
BtExperience	d17df3dceef01bf75adffbf9375efd914684415a	conf/all/archive.xml	a03e5d353e2b3b1b3568e0b0a30a6af6b1051694	a0705af0a57a57fc3dcb122cfd77dda0ebfd2869fec62b5dbd7214c374f0dfc1	180b58592279c1546aade5c8d4aa2ad97053e2aff67191af7277b06c173b4dd5	declared-XML-read	excluded	Alarm selector fields compared to executable consumers; fixture counts, scenario sets and object IDs are not physical capability or Firmware evidence; unrelated Configuration omitted
BtExperience	d17df3dceef01bf75adffbf9375efd914684415a	conf/diffson.mono/archive.xml	60bf9942822015da04d236454757425fa7e8add0	49c06d83e0ac26cc9c2bcf1b9f7f77a627d578d34d289d88a3f0f5846f33e5ec	4f53cda18c2baa0c0354bb5f9a3ecbe5ed12ab4d8e11ba873c2f11161202b945	declared-XML-read	excluded	Alarm selector fields compared to executable consumers; fixture counts, scenario sets and object IDs are not physical capability or Firmware evidence; unrelated Configuration omitted
BtExperience	d17df3dceef01bf75adffbf9375efd914684415a	conf/diffson.multi/archive.xml	d131484d27b27535db184be258ae3a43dce72275	2efef4b28a0fd579fedd6acf699e231c90d3c35d039fabd72d41b07f8850932b	4f53cda18c2baa0c0354bb5f9a3ecbe5ed12ab4d8e11ba873c2f11161202b945	declared-XML-read	excluded	Alarm selector fields compared to executable consumers; fixture counts, scenario sets and object IDs are not physical capability or Firmware evidence; unrelated Configuration omitted
BtExperience	d7747508b918310ca340a08e9d80cfe703e117c9	conf/energymanagement/archive.xml	370beb9ebd3d29e0fdff52a4565aa726fbf87292	e301b58e3c0943b9844481027661001e2bbc1ea7909040c054e513650c2a8f8f	4f53cda18c2baa0c0354bb5f9a3ecbe5ed12ab4d8e11ba873c2f11161202b945	declared-XML-read	excluded	Alarm selector fields compared to executable consumers; fixture counts, scenario sets and object IDs are not physical capability or Firmware evidence; unrelated Configuration omitted
BtExperience	7a646f5ef162f4fa1187e51bddf938ba962958e7	conf/all/archive.xml	0a68b40ac91edd7fd07f1dfcd0b9951f6a08943d	61190bb04c79feb3cbca5e8322f6cf39ee8ac5570e601729c951f7648b0903e4	180b58592279c1546aade5c8d4aa2ad97053e2aff67191af7277b06c173b4dd5	declared-XML-read	excluded	Alarm selector fields compared to executable consumers; fixture counts, scenario sets and object IDs are not physical capability or Firmware evidence; unrelated Configuration omitted
BtExperience	7a646f5ef162f4fa1187e51bddf938ba962958e7	conf/energymanagement/archive.xml	b7e6f92b0b22e65a4e246c24d8d3ccc05e3c33e6	246332ad15d767727c3d185f3cffd42e7f5e961937c5077d33b7ebd97d717280	4f53cda18c2baa0c0354bb5f9a3ecbe5ed12ab4d8e11ba873c2f11161202b945	declared-XML-read	excluded	Alarm selector fields compared to executable consumers; fixture counts, scenario sets and object IDs are not physical capability or Firmware evidence; unrelated Configuration omitted
BtExperience	7a646f5ef162f4fa1187e51bddf938ba962958e7	conf/vde/archive.xml	12b48d36f8bb292cb73ace3ca58bf4daa8790aa3	e25ff4180b77ae6998a4560c97a910757a0a926032b52596178384d20c818c48	4f53cda18c2baa0c0354bb5f9a3ecbe5ed12ab4d8e11ba873c2f11161202b945	declared-XML-read	excluded	Alarm selector fields compared to executable consumers; fixture counts, scenario sets and object IDs are not physical capability or Firmware evidence; unrelated Configuration omitted
BtExperience	d65a48b9b28a8e51f26701c03138b5e75b30afad	conf/energymanagement/archive.xml	a39b54e93a65ffa5c5369858d252a36f5f7b7a0a	c1e4385ade9801a1ba4ac2be3553454f0235f8990e3d9c980791c6a96775ceab	4f53cda18c2baa0c0354bb5f9a3ecbe5ed12ab4d8e11ba873c2f11161202b945	declared-XML-read	excluded	Alarm selector fields compared to executable consumers; fixture counts, scenario sets and object IDs are not physical capability or Firmware evidence; unrelated Configuration omitted
BtExperience	24c9d21bb937cb2014f7b11c32844a382b17c14d	conf/energymanagement/archive.xml	19ffbfdda470a4e39e228e042bfafa3fb00d8be3	dfd62cd849d1b659cfaa1b5512d16fc85e799a298b7f3e4198390f3d70ea97a6	4f53cda18c2baa0c0354bb5f9a3ecbe5ed12ab4d8e11ba873c2f11161202b945	declared-XML-read	excluded	Alarm selector fields compared to executable consumers; fixture counts, scenario sets and object IDs are not physical capability or Firmware evidence; unrelated Configuration omitted
BtExperience	a1f0d902a41f9bd59e4158576d7cd21e27c65c84	conf/air.conditioning/conf.xml	2ea16bd02558c250d6466e7ce7a4d42271eea577	4f9b7d1f9de0649f307ce009848ef5bfa1b375d1c75ae3302137aac117425194	4f53cda18c2baa0c0354bb5f9a3ecbe5ed12ab4d8e11ba873c2f11161202b945	declared-XML-read	excluded	Alarm selector fields compared to executable consumers; fixture counts, scenario sets and object IDs are not physical capability or Firmware evidence; unrelated Configuration omitted
BtExperience	a1f0d902a41f9bd59e4158576d7cd21e27c65c84	conf/all/conf.xml	a53af8a0f81ffbe40fc3a1c9865de2cc4dd064ed	9fe5671c4e73253fa22f36fa9542ee7ca39ec2e1556c7644fbdbf4b5b7d5de5f	4f53cda18c2baa0c0354bb5f9a3ecbe5ed12ab4d8e11ba873c2f11161202b945	declared-XML-read	excluded	Alarm selector fields compared to executable consumers; fixture counts, scenario sets and object IDs are not physical capability or Firmware evidence; unrelated Configuration omitted
BtExperience	2e37a8beb881d9aa010a3e75ecd2db7dfc11b482	conf/all/conf.xml	dc566919adec8adf40a07bdba12cbc78c52e9eca	96f4006f346d53425778a1d742f8032239a5bb4a47e13379b8dc4262b23a6694	180b58592279c1546aade5c8d4aa2ad97053e2aff67191af7277b06c173b4dd5	declared-XML-read	excluded	Alarm selector fields compared to executable consumers; fixture counts, scenario sets and object IDs are not physical capability or Firmware evidence; unrelated Configuration omitted
BtExperience	2e37a8beb881d9aa010a3e75ecd2db7dfc11b482	conf/antintrusione/conf.xml	2991afb8c3386920b52c346f0b80661042608dd1	edff50489b4c1dd447ee2a4ebdee21e433fa6e3e52d1cad991a676cea637b8c0	180b58592279c1546aade5c8d4aa2ad97053e2aff67191af7277b06c173b4dd5	declared-XML-read	excluded	Alarm selector fields compared to executable consumers; fixture counts, scenario sets and object IDs are not physical capability or Firmware evidence; unrelated Configuration omitted
BtExperience	2e37a8beb881d9aa010a3e75ecd2db7dfc11b482	conf/diffson.mono/conf.xml	378357202f374e901c3ce7a167892aa1f215d4de	c5bfbacc502e780f177fd138c1bebc8cf9879e5d192486f97fe2885f3635a633	4f53cda18c2baa0c0354bb5f9a3ecbe5ed12ab4d8e11ba873c2f11161202b945	declared-XML-read	excluded	Alarm selector fields compared to executable consumers; fixture counts, scenario sets and object IDs are not physical capability or Firmware evidence; unrelated Configuration omitted
BtExperience	2e37a8beb881d9aa010a3e75ecd2db7dfc11b482	conf/diffson.multi/conf.xml	7d2a01e8bad0ea2015a1d10bffe10ab2c1a0d12e	afaca007dca454b39a49988340ac7d63c4ef5a481ac2b5effe487fa3babd492e	4f53cda18c2baa0c0354bb5f9a3ecbe5ed12ab4d8e11ba873c2f11161202b945	declared-XML-read	excluded	Alarm selector fields compared to executable consumers; fixture counts, scenario sets and object IDs are not physical capability or Firmware evidence; unrelated Configuration omitted
BtExperience	2e37a8beb881d9aa010a3e75ecd2db7dfc11b482	conf/illuminazione/conf.xml	cbff9677fd1547bb53db0b79c64ff75597995f83	a62bc2e7b862a928a39975588397e674867ef185a3f459cf73b2d08154e433ea	4f53cda18c2baa0c0354bb5f9a3ecbe5ed12ab4d8e11ba873c2f11161202b945	declared-XML-read	excluded	Alarm selector fields compared to executable consumers; fixture counts, scenario sets and object IDs are not physical capability or Firmware evidence; unrelated Configuration omitted
BtExperience	2e37a8beb881d9aa010a3e75ecd2db7dfc11b482	conf/messages/conf.xml	204d71a254d574207e88d682368f68c6567589dd	4ba7553ed0a7a4ebe8737a8e2089ce4b256384c9a7ab87d691d2e3527d1dd061	4f53cda18c2baa0c0354bb5f9a3ecbe5ed12ab4d8e11ba873c2f11161202b945	declared-XML-read	excluded	Alarm selector fields compared to executable consumers; fixture counts, scenario sets and object IDs are not physical capability or Firmware evidence; unrelated Configuration omitted
BtExperience	2e37a8beb881d9aa010a3e75ecd2db7dfc11b482	conf/termo.4z/conf.xml	15d40165febf290722a843b6283cdef2673430bf	c03013cfacbb3074f0e16c6025f894aa911baadce27be5939415a3ce26924b31	4f53cda18c2baa0c0354bb5f9a3ecbe5ed12ab4d8e11ba873c2f11161202b945	declared-XML-read	excluded	Alarm selector fields compared to executable consumers; fixture counts, scenario sets and object IDs are not physical capability or Firmware evidence; unrelated Configuration omitted
BtExperience	2e37a8beb881d9aa010a3e75ecd2db7dfc11b482	conf/termo.99z/conf.xml	28ca91df119dbc3aafb542f9a337a2708bbdd245	f8fab91deaa8b6b7bfc66dc94654058ad9a677042851d1cd2923cc2105dda377	4f53cda18c2baa0c0354bb5f9a3ecbe5ed12ab4d8e11ba873c2f11161202b945	declared-XML-read	excluded	Alarm selector fields compared to executable consumers; fixture counts, scenario sets and object IDs are not physical capability or Firmware evidence; unrelated Configuration omitted
BtExperience	2e37a8beb881d9aa010a3e75ecd2db7dfc11b482	conf/vde/conf.xml	6b7f3100e2269ccd6702b13e98616dc6b7271bb2	de8aef22a1e15579ad414df19cfea54e5a12deb3e8b131c4261d5eaa597fd02d	4f53cda18c2baa0c0354bb5f9a3ecbe5ed12ab4d8e11ba873c2f11161202b945	declared-XML-read	excluded	Alarm selector fields compared to executable consumers; fixture counts, scenario sets and object IDs are not physical capability or Firmware evidence; unrelated Configuration omitted
BtExperience	0a72e500a56a8ca3b468d8101f927d2b8cc2fafe	conf/termo.4z/conf.xml	45f1282ea64d92654de17e86dbc19d38fe34e7a8	cfd39863718a2e11f6cd608cf7644f02f3715bed89f7286df40c561d47fc89b0	4f53cda18c2baa0c0354bb5f9a3ecbe5ed12ab4d8e11ba873c2f11161202b945	declared-XML-read	excluded	Alarm selector fields compared to executable consumers; fixture counts, scenario sets and object IDs are not physical capability or Firmware evidence; unrelated Configuration omitted
BtExperience	f5aa747586ec2c4ee8ee5580b7eb28ee6e577ac1	conf/all/conf.xml	58ca2c1b3652a59d19d89a99a7e77cda3cf3e6fd	797d8a3f72da1f266be055c08530a3cc27c1279e01e205ceef8311a59f1bddb6	180b58592279c1546aade5c8d4aa2ad97053e2aff67191af7277b06c173b4dd5	declared-XML-read	excluded	Alarm selector fields compared to executable consumers; fixture counts, scenario sets and object IDs are not physical capability or Firmware evidence; unrelated Configuration omitted
BtExperience	03fb60814f8a1a289efa7ef4b129ea69940adcd9	conf/air.conditioning/conf.xml	550b889be375aedc86b4adc3b8af5f05aff4b606	0da2bb3100c0e465998baaaf3eb7b21af79a0e3e23da6f5a81c0f976eb983a6d	4f53cda18c2baa0c0354bb5f9a3ecbe5ed12ab4d8e11ba873c2f11161202b945	declared-XML-read	excluded	Alarm selector fields compared to executable consumers; fixture counts, scenario sets and object IDs are not physical capability or Firmware evidence; unrelated Configuration omitted
BtExperience	03fb60814f8a1a289efa7ef4b129ea69940adcd9	conf/all/conf.xml	772366b81d9831768f958f3f3894faa2cec3be4b	51b816a404072dbb24ebd288c9648396d9038ad1329e6b4de63235aef938ff1a	180b58592279c1546aade5c8d4aa2ad97053e2aff67191af7277b06c173b4dd5	declared-XML-read	excluded	Alarm selector fields compared to executable consumers; fixture counts, scenario sets and object IDs are not physical capability or Firmware evidence; unrelated Configuration omitted
BtExperience	4d1a607487eac9385e4dff36043e4c3e6c02ff5d	conf/all/conf.xml	e141b11e7070b0b8b890e6ec2047c4b4b1d4e8f4	22512b21c6c9d0569d8a674d9e43cd57e6f1d166a2746600ffdb785e7b4622c0	180b58592279c1546aade5c8d4aa2ad97053e2aff67191af7277b06c173b4dd5	declared-XML-read	excluded	Alarm selector fields compared to executable consumers; fixture counts, scenario sets and object IDs are not physical capability or Firmware evidence; unrelated Configuration omitted
BtExperience	4d1a607487eac9385e4dff36043e4c3e6c02ff5d	conf/energymanagement/conf.xml	89d4945f3ad9711c40e27bf2d93bfaed69c5b0c1	cfcfe6b2d13de655e6e5355967c83741b8bdbc8850277fde1f883d9fa2b3e83e	4f53cda18c2baa0c0354bb5f9a3ecbe5ed12ab4d8e11ba873c2f11161202b945	declared-XML-read	excluded	Alarm selector fields compared to executable consumers; fixture counts, scenario sets and object IDs are not physical capability or Firmware evidence; unrelated Configuration omitted
BtExperience	10b3c2be29c0d66c96a8ca48089b0dccde22d4cc	conf/all/conf.xml	03768283413ca58c8e0c09421fe78a8b7043ee7c	3a3fdd9156a1cdeb8b840ffa58b8a30965a807b4825bb516b6367b7811c43ed0	180b58592279c1546aade5c8d4aa2ad97053e2aff67191af7277b06c173b4dd5	declared-XML-read	excluded	Alarm selector fields compared to executable consumers; fixture counts, scenario sets and object IDs are not physical capability or Firmware evidence; unrelated Configuration omitted
BtExperience	10b3c2be29c0d66c96a8ca48089b0dccde22d4cc	conf/scenarios/conf.xml	131779ed0e84cb257e3c1b4b0c094f49f86dc232	2967cf7cebee0f8d6b3f52e686d4ebc313e1fecfb8b30c6615faffd7d6fe6546	4f53cda18c2baa0c0354bb5f9a3ecbe5ed12ab4d8e11ba873c2f11161202b945	declared-XML-read	excluded	Alarm selector fields compared to executable consumers; fixture counts, scenario sets and object IDs are not physical capability or Firmware evidence; unrelated Configuration omitted
BtExperience	42bb9b6c2d2719388c217fdcf6a1d35bfdecaf7b	conf/all/conf.xml	690469aeeee8eab67f5ecde1041f7307b2de14a1	e2874048c37d5a0391894e93ff109598b6815c02686dd842933d27103e18a566	180b58592279c1546aade5c8d4aa2ad97053e2aff67191af7277b06c173b4dd5	declared-XML-read	excluded	Alarm selector fields compared to executable consumers; fixture counts, scenario sets and object IDs are not physical capability or Firmware evidence; unrelated Configuration omitted
BtExperience	42bb9b6c2d2719388c217fdcf6a1d35bfdecaf7b	conf/scenarios/conf.xml	227396f7159ee5916e3962ff10e3287bec1647f6	b5d5ecfc30448be48297b968b6b9aa376dc171528f50b9a91c499b5154221d70	4f53cda18c2baa0c0354bb5f9a3ecbe5ed12ab4d8e11ba873c2f11161202b945	declared-XML-read	excluded	Alarm selector fields compared to executable consumers; fixture counts, scenario sets and object IDs are not physical capability or Firmware evidence; unrelated Configuration omitted
BtExperience	a3fdf16edc197dcf54c0390fe6a0b7e555023350	conf/air.conditioning/conf.xml	5e05e6156e0b127ab3cbf2245bf2e3c34f0a1b9c	96654931c9ebb8fd83ce4d2759fd1222f8b43ceea6a78bc9079fb31ec7f17f65	4f53cda18c2baa0c0354bb5f9a3ecbe5ed12ab4d8e11ba873c2f11161202b945	declared-XML-read	excluded	Alarm selector fields compared to executable consumers; fixture counts, scenario sets and object IDs are not physical capability or Firmware evidence; unrelated Configuration omitted
BtExperience	a3fdf16edc197dcf54c0390fe6a0b7e555023350	conf/all/conf.xml	53c3d53535cdde7bb8b270318a152ef51ce866b8	9172666dd799c7273557c8fbd7d04a5d7d511c7a2edd4842e71060a0d60e07bc	180b58592279c1546aade5c8d4aa2ad97053e2aff67191af7277b06c173b4dd5	declared-XML-read	excluded	Alarm selector fields compared to executable consumers; fixture counts, scenario sets and object IDs are not physical capability or Firmware evidence; unrelated Configuration omitted
BtExperience	a3fdf16edc197dcf54c0390fe6a0b7e555023350	conf/scenarios/conf.xml	7333392781ae36eaa14309b91f40df128a3cbd52	b0e262f3874e4a909140e703e1857eb0e30cc8059620aa602aae95922d70791e	4f53cda18c2baa0c0354bb5f9a3ecbe5ed12ab4d8e11ba873c2f11161202b945	declared-XML-read	excluded	Alarm selector fields compared to executable consumers; fixture counts, scenario sets and object IDs are not physical capability or Firmware evidence; unrelated Configuration omitted
BtExperience	7d7012d1f02af515a606973927ded626689b56c7	conf/all/conf.xml	b8bb3359d4ea95fb658702addf1c1796d9d91ea4	01e03d3e15e1e228111d1478c042c42762210c3f3bbf0cfe70c29f0cc77db8d2	180b58592279c1546aade5c8d4aa2ad97053e2aff67191af7277b06c173b4dd5	declared-XML-read	excluded	Alarm selector fields compared to executable consumers; fixture counts, scenario sets and object IDs are not physical capability or Firmware evidence; unrelated Configuration omitted
BtExperience	7d7012d1f02af515a606973927ded626689b56c7	conf/scenarios/conf.xml	31d502d818dcd4b71817817729a2931fb3e0eee4	eb7fc4ccc1d60764c1583aba205269978fe77bc7b6f8e189e522940172feacfe	4f53cda18c2baa0c0354bb5f9a3ecbe5ed12ab4d8e11ba873c2f11161202b945	declared-XML-read	excluded	Alarm selector fields compared to executable consumers; fixture counts, scenario sets and object IDs are not physical capability or Firmware evidence; unrelated Configuration omitted
BtExperience	e11e5402e88c9398966b8fc8e1b57c47ce4dd954	conf/all/conf.xml	cd0d49eba8732ffa24336fe66b92f0fcbd280fb3	7105eb65e405a364bb74f306db9bf9f7b08a0f3daf9afb4d77dbef4af35e015d	180b58592279c1546aade5c8d4aa2ad97053e2aff67191af7277b06c173b4dd5	declared-XML-read	excluded	Alarm selector fields compared to executable consumers; fixture counts, scenario sets and object IDs are not physical capability or Firmware evidence; unrelated Configuration omitted
BtExperience	eccbbb9ca356d9e9b663e611ea2cb512fc3d13bd	conf/all/conf.xml	8947eebab382e3a64c77ab7017aaa9cb465ac593	cb70fc1e4881f8765eda084da47d17dbbf6c6770148a6a85975030e580729587	180b58592279c1546aade5c8d4aa2ad97053e2aff67191af7277b06c173b4dd5	declared-XML-read	excluded	Alarm selector fields compared to executable consumers; fixture counts, scenario sets and object IDs are not physical capability or Firmware evidence; unrelated Configuration omitted
BtExperience	e3636cef93ad3f8f715d2b6151f2652d2f73108b	conf/air.conditioning/conf.xml	6d146576b32da35eaf09095dbce5b65d3ebee0e9	bfec2aea707fa9889799eb0691481abafe287375f4eb81989fe7aca143a5e52f	4f53cda18c2baa0c0354bb5f9a3ecbe5ed12ab4d8e11ba873c2f11161202b945	declared-XML-read	excluded	Alarm selector fields compared to executable consumers; fixture counts, scenario sets and object IDs are not physical capability or Firmware evidence; unrelated Configuration omitted
BtExperience	0efaa9cce6d2e0ec003f97d0773429c4427b3e5f	conf/all/conf.xml	51d4438178a350ec2720dbabaaeffd5e70507de4	3e4b11680369d3a49a69a27567e076c8af6c752eebf5790aafb703ac3f4a0f62	180b58592279c1546aade5c8d4aa2ad97053e2aff67191af7277b06c173b4dd5	declared-XML-read	excluded	Alarm selector fields compared to executable consumers; fixture counts, scenario sets and object IDs are not physical capability or Firmware evidence; unrelated Configuration omitted
BtExperience	0efaa9cce6d2e0ec003f97d0773429c4427b3e5f	conf/diffson.mono/conf.xml	0c7f06c7ea20527ad5c408712f1756d9f317eeca	9b4e0a3234cc4fc3b7e0f1dbb106ee7d7d7254d54f6f4821972a23e5b6b13423	4f53cda18c2baa0c0354bb5f9a3ecbe5ed12ab4d8e11ba873c2f11161202b945	declared-XML-read	excluded	Alarm selector fields compared to executable consumers; fixture counts, scenario sets and object IDs are not physical capability or Firmware evidence; unrelated Configuration omitted
BtExperience	e63a7fda033ccbc23a97e8ef408d3329f16778db	conf/scenarios/conf.xml	0c6408cc8ea87d28844263fcb4fab80cccf83dcd	5b78b964488524e622a2379b2f961cfa77c3358a37771ba322fdfa5110fa9795	4f53cda18c2baa0c0354bb5f9a3ecbe5ed12ab4d8e11ba873c2f11161202b945	declared-XML-read	excluded	Alarm selector fields compared to executable consumers; fixture counts, scenario sets and object IDs are not physical capability or Firmware evidence; unrelated Configuration omitted
BtExperience	f70e585cd6e0f2b45f54efd70e9ed3bb1187b835	conf/energymanagement/conf.xml	859898c9ab33c70ffc657982ffa24c4a047b60df	1b47f6a5c538fe0ab0f1af24778bbef97cad2ce4198c66472d112147f7144073	4f53cda18c2baa0c0354bb5f9a3ecbe5ed12ab4d8e11ba873c2f11161202b945	declared-XML-read	excluded	Alarm selector fields compared to executable consumers; fixture counts, scenario sets and object IDs are not physical capability or Firmware evidence; unrelated Configuration omitted
BtExperience	4d1624bc9f122fef63ca6e7bbfc8c7b8768154ac	conf/energymanagement/conf.xml	2581a6edb0abc045a6acb138c1634c8abb295988	8089ca08743f5c95bbd4ae417f8794d32aaec19885097ee4908c5d18229605a1	4f53cda18c2baa0c0354bb5f9a3ecbe5ed12ab4d8e11ba873c2f11161202b945	declared-XML-read	excluded	Alarm selector fields compared to executable consumers; fixture counts, scenario sets and object IDs are not physical capability or Firmware evidence; unrelated Configuration omitted
BtExperience	96a6d0c151870ba88be88b44ba324c7da4f67f9e	conf/all/conf.xml	aa496e82a86a5a33739120368f4256c5e3c76e2f	4cc59574fb62a96df56fdc91518f9b50e64a5dae20083a37684aa72d66d5ed47	180b58592279c1546aade5c8d4aa2ad97053e2aff67191af7277b06c173b4dd5	declared-XML-read	excluded	Alarm selector fields compared to executable consumers; fixture counts, scenario sets and object IDs are not physical capability or Firmware evidence; unrelated Configuration omitted
BtExperience	96a6d0c151870ba88be88b44ba324c7da4f67f9e	conf/energymanagement/conf.xml	52fad403951e2dd9e1bce4968361e3be65358c7c	f737861191c850493d4822640f3cbf39417cc87cb9cdca47640a34e544da7a0c	4f53cda18c2baa0c0354bb5f9a3ecbe5ed12ab4d8e11ba873c2f11161202b945	declared-XML-read	excluded	Alarm selector fields compared to executable consumers; fixture counts, scenario sets and object IDs are not physical capability or Firmware evidence; unrelated Configuration omitted
BtExperience	bfb6708c3bfc8c2e7dc668d48e9e9a76c538677c	conf/all/conf.xml	f3e4849f7bcfb69e334e8a9a23f582cc4555b907	52e62fded70d70a060870a36dfcd3644f103ce68ffc2426602239dd6c60c7498	180b58592279c1546aade5c8d4aa2ad97053e2aff67191af7277b06c173b4dd5	declared-XML-read	excluded	Alarm selector fields compared to executable consumers; fixture counts, scenario sets and object IDs are not physical capability or Firmware evidence; unrelated Configuration omitted
BtExperience	bfb6708c3bfc8c2e7dc668d48e9e9a76c538677c	conf/termo.99z/conf.xml	2ffb2c145a9fabbb7146da4329a040fc85f86532	8b5590ebdce141484aa777b631c3f7fb1f3ea6e6c14ea74fba0e64942fa82794	4f53cda18c2baa0c0354bb5f9a3ecbe5ed12ab4d8e11ba873c2f11161202b945	declared-XML-read	excluded	Alarm selector fields compared to executable consumers; fixture counts, scenario sets and object IDs are not physical capability or Firmware evidence; unrelated Configuration omitted
BtExperience	ae159715c94cbfb4d67d3fc37316fd67236173fc	conf/all/conf.xml	519371aeaaccc3fe431740a14a093d1cbe6160d7	1777b9d1338dcb03d2c7943a7680fac17e3ee6ef2e9e7da09b5747c8bb88715e	180b58592279c1546aade5c8d4aa2ad97053e2aff67191af7277b06c173b4dd5	declared-XML-read	excluded	Alarm selector fields compared to executable consumers; fixture counts, scenario sets and object IDs are not physical capability or Firmware evidence; unrelated Configuration omitted
BtExperience	ae159715c94cbfb4d67d3fc37316fd67236173fc	conf/termo.99z/conf.xml	08de1eb05a017a4c05fef19847df854a78219759	b862248d1293650796ebe3bd2ee1d5000d69c5f05d84b4bf831a4956ff0d1293	4f53cda18c2baa0c0354bb5f9a3ecbe5ed12ab4d8e11ba873c2f11161202b945	declared-XML-read	excluded	Alarm selector fields compared to executable consumers; fixture counts, scenario sets and object IDs are not physical capability or Firmware evidence; unrelated Configuration omitted
BtExperience	befe59099471f7587867fd12143a414703fada96	conf/all/conf.xml	f2e93f71063190b86accdab2d0760590f88bea00	f5e20cc0a74f336e784e34d6c2fdbde91cd14fb05a8ae207f82ad1f9bd1e1fde	180b58592279c1546aade5c8d4aa2ad97053e2aff67191af7277b06c173b4dd5	declared-XML-read	excluded	Alarm selector fields compared to executable consumers; fixture counts, scenario sets and object IDs are not physical capability or Firmware evidence; unrelated Configuration omitted
BtExperience	d74a8ed23a6f73596f6e34d4c3e0a2c2eea5c997	conf/all/conf.xml	ab7a7233ed5bdf8060bae4f25f5430c727d1cc27	4aa6ff5494374860bba8d61e85e67290d315c06539f0644bde5f396b8caa7801	180b58592279c1546aade5c8d4aa2ad97053e2aff67191af7277b06c173b4dd5	declared-XML-read	excluded	Alarm selector fields compared to executable consumers; fixture counts, scenario sets and object IDs are not physical capability or Firmware evidence; unrelated Configuration omitted
BtExperience	d74a8ed23a6f73596f6e34d4c3e0a2c2eea5c997	conf/termo.99z/conf.xml	ac6c73de70596a01f6e68f1c31cb30e3baff9815	c10e95deff5e3a753a99da6d9e902de29ff8198e41e545d96b7544cbe01cb73e	4f53cda18c2baa0c0354bb5f9a3ecbe5ed12ab4d8e11ba873c2f11161202b945	declared-XML-read	excluded	Alarm selector fields compared to executable consumers; fixture counts, scenario sets and object IDs are not physical capability or Firmware evidence; unrelated Configuration omitted
BtExperience	55fad97b79171306f34292ba258e5af6ccd1c14a	conf/diffson.multi/conf.xml	b107017800bc648b0d0c2d3fe6a80c2e19ceea14	b710c135b2c86ca3e62ff8f1ef325ac632a726f9f4f751e047296ec4abd619bf	4f53cda18c2baa0c0354bb5f9a3ecbe5ed12ab4d8e11ba873c2f11161202b945	declared-XML-read	excluded	Alarm selector fields compared to executable consumers; fixture counts, scenario sets and object IDs are not physical capability or Firmware evidence; unrelated Configuration omitted
BtExperience	6f960d30b5ae1572e130af93aaa6872c9c5f1973	conf/diffson.multi/conf.xml	7de3759f6620e13a1493f3a752f19a14057730ef	bd39d526ff3ee349f8027c66da884b58b2077a5349456b5f87ee1abf9b982b9c	4f53cda18c2baa0c0354bb5f9a3ecbe5ed12ab4d8e11ba873c2f11161202b945	declared-XML-read	excluded	Alarm selector fields compared to executable consumers; fixture counts, scenario sets and object IDs are not physical capability or Firmware evidence; unrelated Configuration omitted
BtExperience	9d7b6ffb21dd5050b12aa2d05f2f13f36f7a0679	conf/all/conf.xml	63ee8e474b7d3bcdb7bf2bd2aed3ff38222b8be3	4a166d116a1de0609c0d1cd53e8ae3b348365fec2b5dfbfa9f2a7ebfa1fad986	180b58592279c1546aade5c8d4aa2ad97053e2aff67191af7277b06c173b4dd5	declared-XML-read	excluded	Alarm selector fields compared to executable consumers; fixture counts, scenario sets and object IDs are not physical capability or Firmware evidence; unrelated Configuration omitted
BtExperience	9d7b6ffb21dd5050b12aa2d05f2f13f36f7a0679	conf/illuminazione/conf.xml	ba39a3cdb45fc5e8307c5be974b3a93b9b936f4a	6655ac40e12c18a8a8fcc0e1035c1340304fd25d634b7af6e02348f52fe3ffb7	4f53cda18c2baa0c0354bb5f9a3ecbe5ed12ab4d8e11ba873c2f11161202b945	declared-XML-read	excluded	Alarm selector fields compared to executable consumers; fixture counts, scenario sets and object IDs are not physical capability or Firmware evidence; unrelated Configuration omitted
BtExperience	2e87a4fd670f15ca705e61fd0e89babd5c3a5065	conf/all/conf.xml	0580aa01da9d47d274a4bd66b9bf2d9030576919	348a0be6927d6750fa4c2cd35a539a12c7a10723c4fcc1d7d495a2f7d48d460e	ce9b5a8fe66023ffdf7ef7a4492c4bf7cc92e508eb462e8a789004c3b457c379	declared-XML-read	excluded	Alarm selector fields compared to executable consumers; fixture counts, scenario sets and object IDs are not physical capability or Firmware evidence; unrelated Configuration omitted
BtExperience	2e87a4fd670f15ca705e61fd0e89babd5c3a5065	conf/antintrusione/conf.xml	e27e590b8e11315aa1987c647b819f02157f7ce9	d3e23d937edd4bec935b1f7fe22837aacd473e38bba4f6b6820613fe1ea42dcf	ce9b5a8fe66023ffdf7ef7a4492c4bf7cc92e508eb462e8a789004c3b457c379	declared-XML-read	excluded	Alarm selector fields compared to executable consumers; fixture counts, scenario sets and object IDs are not physical capability or Firmware evidence; unrelated Configuration omitted
BtExperience	e1431bf28b2200290432e7e391a16b1277ed6525	conf/all/conf.xml	0a62d9d226a9d12ec440b449bfc962270d85d8f1	2eedce1ea3c7c7c89b1dd99d5786f112e7f6f31c1876f59f42a33723fe152906	ce9b5a8fe66023ffdf7ef7a4492c4bf7cc92e508eb462e8a789004c3b457c379	declared-XML-read	excluded	Alarm selector fields compared to executable consumers; fixture counts, scenario sets and object IDs are not physical capability or Firmware evidence; unrelated Configuration omitted
BtExperience	e1431bf28b2200290432e7e391a16b1277ed6525	conf/illuminazione/conf.xml	b0d3a3d08a4a5b6a473e802de0132d1076afb382	e2ed52d66bd95dfdeb9da0f65f317f25d7b16840b6be057bdcf6ddba1929a15d	4f53cda18c2baa0c0354bb5f9a3ecbe5ed12ab4d8e11ba873c2f11161202b945	declared-XML-read	excluded	Alarm selector fields compared to executable consumers; fixture counts, scenario sets and object IDs are not physical capability or Firmware evidence; unrelated Configuration omitted
BtExperience	5faf20b2ffbac32be05820c7388c10295678329b	conf/conf.all.xml	f064cf495a7d3d03e97d2c2f90e3dde79bc61cc9	d9fa7fcb64025ea550c254c22f5f9df156ad97e9969defe2a63f6137463bacef	5550e23b03487fdb234e309ec50714b07f8badb8ecc10f071273df33af8c4b67	declared-XML-read	excluded	Alarm selector fields compared to executable consumers; fixture counts, scenario sets and object IDs are not physical capability or Firmware evidence; unrelated Configuration omitted
BtExperience	5faf20b2ffbac32be05820c7388c10295678329b	conf/conf.antintrusione.xml	39abb34cbb308915573d083f301cd8a9dab0b382	220bb1db653843295953afe73558e096b271b389dff6c36d9cebd06ace992bdb	5550e23b03487fdb234e309ec50714b07f8badb8ecc10f071273df33af8c4b67	declared-XML-read	excluded	Alarm selector fields compared to executable consumers; fixture counts, scenario sets and object IDs are not physical capability or Firmware evidence; unrelated Configuration omitted
BtExperience	177866741a66420d7a32b9eb0798e348a7933468	conf/all/conf.xml	214910f671ff4a04d815ccdcca10351b0d4d10cb	5b579440e6fe215038b16bb0240951cf162e3180b5570e2f50fe332c8c59e283	ce9b5a8fe66023ffdf7ef7a4492c4bf7cc92e508eb462e8a789004c3b457c379	declared-XML-read	excluded	Alarm selector fields compared to executable consumers; fixture counts, scenario sets and object IDs are not physical capability or Firmware evidence; unrelated Configuration omitted
BtExperience	177866741a66420d7a32b9eb0798e348a7933468	conf/antintrusione/conf.xml	dc721d978c5c8e96aa4574f3cb724ff1fa021ec4	bdce30c7b08a1218ce325a40ae22a35152c8cf22440c2aae1639b6e6c7197065	ce9b5a8fe66023ffdf7ef7a4492c4bf7cc92e508eb462e8a789004c3b457c379	declared-XML-read	excluded	Alarm selector fields compared to executable consumers; fixture counts, scenario sets and object IDs are not physical capability or Firmware evidence; unrelated Configuration omitted
BtExperience	414361eb931d4c41280d71a0ce45ae7bf5b663ea	conf/all/conf.xml	1ceeec8a1716d56b6848e3cb8fed4ed44b5d7d23	ee62734f9f1bc633755bbd79ce74aad331b8f5fb33319593a6483560be73adc7	ce9b5a8fe66023ffdf7ef7a4492c4bf7cc92e508eb462e8a789004c3b457c379	declared-XML-read	excluded	Alarm selector fields compared to executable consumers; fixture counts, scenario sets and object IDs are not physical capability or Firmware evidence; unrelated Configuration omitted
BtExperience	ebdd2b9b66d0dc24bfcefdd85efcbbcdd67c87a4	conf/illuminazione/conf.xml	d8eac1ea796b9f5a8c65d273d78390bf58f12e29	7536414b7ae36ee07063ce4b0f7bab6198dbda0e2199e03c2be44624f7154dcc	4f53cda18c2baa0c0354bb5f9a3ecbe5ed12ab4d8e11ba873c2f11161202b945	declared-XML-read	excluded	Alarm selector fields compared to executable consumers; fixture counts, scenario sets and object IDs are not physical capability or Firmware evidence; unrelated Configuration omitted
BtExperience	ffb0568d2d36131dba11d7f34fa175d175cec481	conf/conf.all.xml	e738eb575fbf4516b754b008a42db8dbb08aed7c	2190ae59bc877f4ed66433260d1ed0623ea578a2852bdb519bb24f70902c0c2e	ce9b5a8fe66023ffdf7ef7a4492c4bf7cc92e508eb462e8a789004c3b457c379	declared-XML-read	excluded	Alarm selector fields compared to executable consumers; fixture counts, scenario sets and object IDs are not physical capability or Firmware evidence; unrelated Configuration omitted
BtExperience	6b02b2740a9ea29e071790fa9b576f8d56821885	conf/conf.all.xml	076e2003cfad7e3aa071122c221d5ce33cfeb70c	3a0782e3b83240eadd851d8bcd88df011642a8f6eed7dbc01711d10a1ce011c7	5550e23b03487fdb234e309ec50714b07f8badb8ecc10f071273df33af8c4b67	declared-XML-read	excluded	Alarm selector fields compared to executable consumers; fixture counts, scenario sets and object IDs are not physical capability or Firmware evidence; unrelated Configuration omitted
BtExperience	5b783afb0e0bb7422247c2b82db0755724ab45a5	conf/conf.all.xml	1bf25ce101576f6fcd33f37c0030d1587d49cbd9	7652b21b1ff747d770042201266e93d9c4bcb348f2ab109455d6341c0337351e	5550e23b03487fdb234e309ec50714b07f8badb8ecc10f071273df33af8c4b67	declared-XML-read	excluded	Alarm selector fields compared to executable consumers; fixture counts, scenario sets and object IDs are not physical capability or Firmware evidence; unrelated Configuration omitted
BtExperience	cf60353ddd14a790d0b2d321dac6b0c8fc819568	conf/conf.all.xml	fe636878357140cde6b651b1526bb065db1f87a7	c14567920233de9e84a8574093aec862d5d6383a854dfdf6e83fad22022b2fdf	5550e23b03487fdb234e309ec50714b07f8badb8ecc10f071273df33af8c4b67	declared-XML-read	excluded	Alarm selector fields compared to executable consumers; fixture counts, scenario sets and object IDs are not physical capability or Firmware evidence; unrelated Configuration omitted
BtExperience	ff0259358f998645f9863e913062d22fcb7909df	conf/conf.all.xml	5ea8f383bca202127cafe020b8eaf77e5fe1aeb0	0e127947c2e15a800e5c94712fb92581658446bd4dc9b49819376d65c8c49c7d	5550e23b03487fdb234e309ec50714b07f8badb8ecc10f071273df33af8c4b67	declared-XML-read	excluded	Alarm selector fields compared to executable consumers; fixture counts, scenario sets and object IDs are not physical capability or Firmware evidence; unrelated Configuration omitted
BtExperience	4240ef3002ed87812675f1e7e982d29230511f0e	conf/conf.all.xml	b18da3230bf6e86b2a82f3f163f27675428ef487	abfaf1fabfc9d62a826f4ce7d08fe6fe7a0e82196408ee704b139ba4e198c981	5550e23b03487fdb234e309ec50714b07f8badb8ecc10f071273df33af8c4b67	declared-XML-read	excluded	Alarm selector fields compared to executable consumers; fixture counts, scenario sets and object IDs are not physical capability or Firmware evidence; unrelated Configuration omitted
BtExperience	30271bfc3f10ec188c7b61f4aeee598d4c87f024	conf/conf.all.xml	c12876c1f3086bdd1ace1a3217dce07f45e64862	293672fef57e7a645f1b8a69ad9bc1dc24da9f1658abfa9867d68014b8419b07	5550e23b03487fdb234e309ec50714b07f8badb8ecc10f071273df33af8c4b67	declared-XML-read	excluded	Alarm selector fields compared to executable consumers; fixture counts, scenario sets and object IDs are not physical capability or Firmware evidence; unrelated Configuration omitted
BtExperience	2964a5d6252304455077c9f97f6607a62c09e855	conf/conf.all.xml	7bd18eaaab00ff747eeac71327a81b3c45553177	1cb460e924828f416a12c986fb75e50ec536a27c707236c015492e5885b7223b	5550e23b03487fdb234e309ec50714b07f8badb8ecc10f071273df33af8c4b67	declared-XML-read	excluded	Alarm selector fields compared to executable consumers; fixture counts, scenario sets and object IDs are not physical capability or Firmware evidence; unrelated Configuration omitted
BtExperience	5f5294b44a95d18678efec99db6e4100ade64439	conf/conf.all.xml	632e5d940df68fef824c68026e43e814377a2370	9afff76acc40b5556c023e69706384a66db330c5c4b411ff76ce916feab1dee6	5550e23b03487fdb234e309ec50714b07f8badb8ecc10f071273df33af8c4b67	declared-XML-read	excluded	Alarm selector fields compared to executable consumers; fixture counts, scenario sets and object IDs are not physical capability or Firmware evidence; unrelated Configuration omitted
BtExperience	ff33293c70e7d62bdc5548bc9caca3ecb305b36b	conf/conf.all.xml	e39aabc2be5313a76bf12d600bc8ad15aad8f600	dcebb8bc6a58e4174851c9d9bc93e1bad2cc27820944993d4ef45f926ceeee71	5550e23b03487fdb234e309ec50714b07f8badb8ecc10f071273df33af8c4b67	declared-XML-read	excluded	Alarm selector fields compared to executable consumers; fixture counts, scenario sets and object IDs are not physical capability or Firmware evidence; unrelated Configuration omitted
BtExperience	c8f8ac9fa7d983b9edc79e020cb2d73953b6ba87	conf/conf.all.xml	a1093fbe4c904298647f0e69268fc96f3c79fdef	62d57e54d1844964b787e0926d1daff66e0f162480f805d2e4416b26af9939aa	5550e23b03487fdb234e309ec50714b07f8badb8ecc10f071273df33af8c4b67	declared-XML-read	excluded	Alarm selector fields compared to executable consumers; fixture counts, scenario sets and object IDs are not physical capability or Firmware evidence; unrelated Configuration omitted
BtExperience	4ae52e4d7897a1f6eec3b8617ad3baf2d5b9a290	conf/conf.all.xml	276b1a10951c0b9ca94ca597eae3fe5eaa7e8de0	9bb1a857cc4e0c94b6c82946c01e8c14c5f5bfdc702ffee83bc4b2ce52765a9e	5550e23b03487fdb234e309ec50714b07f8badb8ecc10f071273df33af8c4b67	declared-XML-read	excluded	Alarm selector fields compared to executable consumers; fixture counts, scenario sets and object IDs are not physical capability or Firmware evidence; unrelated Configuration omitted
BtExperience	5f347d156cc648b78875aa95647d9e850a72ac57	conf/conf.all.xml	f7f756068d0718b7bed647b797f85528bb4cc19e	3db7a046686cbddedf2c630f2ef74bbeebdefb913dd238c88a886a51eac10be0	5550e23b03487fdb234e309ec50714b07f8badb8ecc10f071273df33af8c4b67	declared-XML-read	excluded	Alarm selector fields compared to executable consumers; fixture counts, scenario sets and object IDs are not physical capability or Firmware evidence; unrelated Configuration omitted
BtExperience	6b3884b45bce6835bced8458f602bb3699679c83	conf/conf.all.xml	e4fd219a31f55f96a99a3caa0bb8370ec73d8f81	1101cf29eaf846c4983fe16dd94cf712fb5f6efd21ca9a1686362e99e8d02662	5550e23b03487fdb234e309ec50714b07f8badb8ecc10f071273df33af8c4b67	declared-XML-read	excluded	Alarm selector fields compared to executable consumers; fixture counts, scenario sets and object IDs are not physical capability or Firmware evidence; unrelated Configuration omitted
BtExperience	a69f18259c42387b2b44767624e7159b12d06712	conf/conf.all.xml	33be5b8e4fcd87c1c59e1976051d936108ff9541	28b57d3b85ddbf82bc7cacd75da7e587566c4be8de95b60a15b97e37fc989af7	5550e23b03487fdb234e309ec50714b07f8badb8ecc10f071273df33af8c4b67	declared-XML-read	excluded	Alarm selector fields compared to executable consumers; fixture counts, scenario sets and object IDs are not physical capability or Firmware evidence; unrelated Configuration omitted
BtExperience	e3a25cf05e6bfeb4270bfacb163b66a9875b95ee	conf/conf.all.xml	355f67a6453f621ac77750dbd59af6ea651a100a	024d44a5487841f47166ed2b056f7816eb8a9960f9b62f75d485604daedf4433	5550e23b03487fdb234e309ec50714b07f8badb8ecc10f071273df33af8c4b67	declared-XML-read	excluded	Alarm selector fields compared to executable consumers; fixture counts, scenario sets and object IDs are not physical capability or Firmware evidence; unrelated Configuration omitted
BtExperience	850ab0b5d84794b2ae6847f5eb8761c4fda8b4f1	conf.xml	f31831b3310ed5699e993cbf026ab6efe21650f2	ee6b764b933150e9b178c7bdc8b967cf9916201e6c89e7a67dc5c40331806142	5550e23b03487fdb234e309ec50714b07f8badb8ecc10f071273df33af8c4b67	declared-XML-read	excluded	Alarm selector fields compared to executable consumers; fixture counts, scenario sets and object IDs are not physical capability or Firmware evidence; unrelated Configuration omitted
BtExperience	ff13a336571782490d8970b5431da7923f20b43a	conf.xml	12b8a8376554bd696707df891f73cc70979a9d5f	718617140c467a6568aacf6118fc4bdef6bd160954151756fc042f59f13a9fb1	5550e23b03487fdb234e309ec50714b07f8badb8ecc10f071273df33af8c4b67	declared-XML-read	excluded	Alarm selector fields compared to executable consumers; fixture counts, scenario sets and object IDs are not physical capability or Firmware evidence; unrelated Configuration omitted
BtExperience	fc8aba123f540a4227ebd8ac423a0f874f97463a	conf.xml	807734398a0970376587b85a63d0e831be43e44c	eb57596833de87be8309af1a0eaf4a0581ddc6302e2a7b0ee60a6172d47ec223	5550e23b03487fdb234e309ec50714b07f8badb8ecc10f071273df33af8c4b67	declared-XML-read	excluded	Alarm selector fields compared to executable consumers; fixture counts, scenario sets and object IDs are not physical capability or Firmware evidence; unrelated Configuration omitted
BtExperience	bc80af88c429f891c0d117d7b8daff43c00cb675	conf.xml	be58f523d7dcd0935400a922c4e51be23c7913f6	b4fcfb156db1805039f318bf91a5d6a5a1f8c27c9e0d918cb3d62b9157717226	9dc2cef0053bdbc7f90be3e4b4f38784cb085cb9886f2f291caa2ffa9516b8c3	declared-XML-read	excluded	Alarm selector fields compared to executable consumers; fixture counts, scenario sets and object IDs are not physical capability or Firmware evidence; unrelated Configuration omitted
BtExperience	bef97bb9879e3fc2cd9438c8ac52dc3aaef4144e	conf.xml	8834b04b9fee5ecc2f82ecb570536463f78bf806	1222838bcc7eda058a0cc2da07e4ecd6eaed1683f939b28687739904ebe26a0d	4f53cda18c2baa0c0354bb5f9a3ecbe5ed12ab4d8e11ba873c2f11161202b945	declared-XML-read	excluded	Alarm selector fields compared to executable consumers; fixture counts, scenario sets and object IDs are not physical capability or Firmware evidence; unrelated Configuration omitted
BtExperience	0044a313bf44df5bcb783bbb46637b33280ef37a	conf.xml	7e649c1cac8fa619968494e7bf8cf654b575cfda	33364a67b72de9bf5ecd4f47659b97cb3d880992eefa3f08d7c79192b972fa93	4f53cda18c2baa0c0354bb5f9a3ecbe5ed12ab4d8e11ba873c2f11161202b945	declared-XML-read	excluded	Alarm selector fields compared to executable consumers; fixture counts, scenario sets and object IDs are not physical capability or Firmware evidence; unrelated Configuration omitted
BtExperience	83cdc12c36940e42f89c678ecfb0105522656438	conf.xml	d07c0126016311761f4962bc81fb06351eaec048	e78e3b2e46dea6dde0e943d2b71b96e838c74fa7273c129babcfee932f2aceab	4f53cda18c2baa0c0354bb5f9a3ecbe5ed12ab4d8e11ba873c2f11161202b945	declared-XML-read	excluded	Alarm selector fields compared to executable consumers; fixture counts, scenario sets and object IDs are not physical capability or Firmware evidence; unrelated Configuration omitted
BtExperience	36aa4022b70d2bc34d781ae67e04a7fe4b711734	conf.xml	d156e076b410964ea1362b81f710a7dc241a0517	1b6a0314c8c369fe3fb84c0d71db63a4bea9f0a58dc62b601f70a78a56feccf3	4f53cda18c2baa0c0354bb5f9a3ecbe5ed12ab4d8e11ba873c2f11161202b945	declared-XML-read	excluded	Alarm selector fields compared to executable consumers; fixture counts, scenario sets and object IDs are not physical capability or Firmware evidence; unrelated Configuration omitted
