component_id	repository	source_commit	path	blob	content_sha256	component	normalized_component_sha256	normalized_assertion_identities	comparison_component	endpoint_scope	disposition	canonical_page	review_basis
T0000	libqtdevices	07938c30fb5318ee28a26770155040687c134014	device.cpp	2f82278953d857d71f286d027347eac5b7a3d44c	d7f3082b002ca1d553740fd3eecf7a8ef70405293de60959440cf35e5bbe5f44	OpenServerManager::OpenServerManager	130b12771e6d0c99788d942e8b8b34fbb0767912fb79cd886a3504e8d018541d	-	-	pinned-component	corroborates	protocol/sessions.md	Local manager channel aggregation, initialization and reconnect lifecycle; partial-connect retry corrections do not establish server acceptance or a protocol timer
T0001	libqtdevices	07938c30fb5318ee28a26770155040687c134014	device.cpp	2f82278953d857d71f286d027347eac5b7a3d44c	d7f3082b002ca1d553740fd3eecf7a8ef70405293de60959440cf35e5bbe5f44	OpenServerManager::handleConnectionDown	8c055ff2e95062068980a3f80cf0007d99322c0563788ff1e47bf9526953b3ce	-	-	pinned-component	corroborates	protocol/sessions.md	Local manager channel aggregation, initialization and reconnect lifecycle; partial-connect retry corrections do not establish server acceptance or a protocol timer
T0002	libqtdevices	07938c30fb5318ee28a26770155040687c134014	device.cpp	2f82278953d857d71f286d027347eac5b7a3d44c	d7f3082b002ca1d553740fd3eecf7a8ef70405293de60959440cf35e5bbe5f44	OpenServerManager::timerEvent	149c5ad076dc3fe3ea4abd3641f7a209b09f07791a3920631b8bd4701468ed7a	-	-	pinned-component	corroborates	protocol/sessions.md	Local manager channel aggregation, initialization and reconnect lifecycle; partial-connect retry corrections do not establish server acceptance or a protocol timer
T0003	libqtdevices	07938c30fb5318ee28a26770155040687c134014	device.cpp	2f82278953d857d71f286d027347eac5b7a3d44c	d7f3082b002ca1d553740fd3eecf7a8ef70405293de60959440cf35e5bbe5f44	OpenServerManager::handleConnectionUp	635cfa394b0e317ae771d5d9527fecb416ed3736824c271f9e4337128b44052f	-	-	pinned-component	corroborates	protocol/sessions.md	Local manager channel aggregation, initialization and reconnect lifecycle; partial-connect retry corrections do not establish server acceptance or a protocol timer
T0004	libqtdevices	07938c30fb5318ee28a26770155040687c134014	device.cpp	2f82278953d857d71f286d027347eac5b7a3d44c	d7f3082b002ca1d553740fd3eecf7a8ef70405293de60959440cf35e5bbe5f44	OpenServerManager::isConnected	2a3cf07f4d904a9a07b422352b43ea86e4f4a0be62865469aef3559becea3791	-	-	pinned-component	corroborates	protocol/sessions.md	Local manager channel aggregation, initialization and reconnect lifecycle; partial-connect retry corrections do not establish server acceptance or a protocol timer
T0005	libqtdevices	07938c30fb5318ee28a26770155040687c134014	device.cpp	2f82278953d857d71f286d027347eac5b7a3d44c	d7f3082b002ca1d553740fd3eecf7a8ef70405293de60959440cf35e5bbe5f44	outside	e07319b5e45289b258099a15d6eaa62f7071cea2f6e1eb2c654743327c38d779	-	-	pinned-component	corroborates	protocol/sessions.md	Local manager channel aggregation, initialization and reconnect lifecycle; partial-connect retry corrections do not establish server acceptance or a protocol timer
T0006	libqtdevices	07938c30fb5318ee28a26770155040687c134014	device.h	c6b8b94c7fb45c325f971200e0837f5af78a1a53	fd33e243d0b3c2aca2fb7ac2266568e782f142889010e022c48c24ca73eec3b4	outside	6f232bee8e1e1966a22a86a8a879667d7ee6b77915176304b415722218520ec0	-	-	pinned-component	corroborates	protocol/sessions.md	Local manager channel aggregation, initialization and reconnect lifecycle; partial-connect retry corrections do not establish server acceptance or a protocol timer
T0007	libqtdevices	20b67275c780d5d0d4643ef446eabe6ad28877e5	devices/pulldevice.cpp	81299419228bfb526df6d4f680879daf3fc22efb	02a994076525bfd44da307f98e606a71cc95a3f702f2a3a313a8fc130426cccb	getEnvironment	89adddc0b5df1ff5d76c9390ed944dc97c69fa71e52acd74f29ff8ce39954b01	Q_ASSERT_X[1]:c45efc39a53b7b8673fb181fcdebe9dea68b1dbe7a1d8797de008358f67ced2d	-	pinned-component	corroborates	protocol/addressing.md	Address matcher: raw equality first, incoming-only #3 normalization for collective matching, exact level strings and scoped environment/group behavior; earlier broad environment/pull-mode variants superseded
T0008	libqtdevices	20b67275c780d5d0d4643ef446eabe6ad28877e5	devices/pulldevice.cpp	81299419228bfb526df6d4f680879daf3fc22efb	02a994076525bfd44da307f98e606a71cc95a3f702f2a3a313a8fc130426cccb	checkAddressIsForMe	d09a3508c2b9779293f9d93ebf82d2c5460c3ed16ad076fb4dc2cf61edcdd937	-	-	pinned-component	incorporated	protocol/addressing.md	Address matcher: raw equality first, incoming-only #3 normalization for collective matching, exact level strings and scoped environment/group behavior; earlier broad environment/pull-mode variants superseded
T0009	libqtdevices	20b67275c780d5d0d4643ef446eabe6ad28877e5	devices/pulldevice.h	59c3fea754d6bcc37284f57f78c9804c6cc18b7f	2f9b5cc4bd295755ace8949fa6fe4eceef74d10937842c04f41bb1dbfeb40282	outside	7f7c77b1b0812d8d1e7299ee5e523df8e733dc28af767c9c51a7653fc64e4913	-	-	pinned-component	corroborates	protocol/addressing.md	Address matcher: raw equality first, incoming-only #3 normalization for collective matching, exact level strings and scoped environment/group behavior; earlier broad environment/pull-mode variants superseded
T0010	libqtdevices	20b67275c780d5d0d4643ef446eabe6ad28877e5	devices/test/test_checkaddress.cpp	b8cfbd793edcf0c75ebc5381fa561a53030d2713	7f46b3c362c35f7620e0501f2ec18a8dd5a2ff9c2ab494e0ce3e6740f5c8b458	TestCheckAddress::testCheckAddressGlobal	22b79e9f7af4abd4ee08d9337809e346534a6f0233068151c6fa5c2794a5a800	QCOMPARE[1]:8bf456c789a6222e440df5b1ca5ed4f8aa53e078ab3b0e0b5ae5458182097e24;QCOMPARE[2]:d4caf2b3cc6a5a7f3519385665eaae4dc215cb527cb261b79a9b41eb355f189f	-	pinned-component	corroborates	protocol/addressing.md	Address matcher: raw equality first, incoming-only #3 normalization for collective matching, exact level strings and scoped environment/group behavior; earlier broad environment/pull-mode variants superseded
T0011	libqtdevices	20b67275c780d5d0d4643ef446eabe6ad28877e5	devices/test/test_checkaddress.cpp	b8cfbd793edcf0c75ebc5381fa561a53030d2713	7f46b3c362c35f7620e0501f2ec18a8dd5a2ff9c2ab494e0ce3e6740f5c8b458	TestCheckAddress::testCheckAddressGlobalLevel3	5fa55c0f42df736060c003fab7666f77e19497f011fca34ab211f18093bdcf9a	QCOMPARE[1]:e2d4de94f8a4c43d3aff460e5113564b7a009d8aadf7b1d061e75d76fde077df;QCOMPARE[2]:d4caf2b3cc6a5a7f3519385665eaae4dc215cb527cb261b79a9b41eb355f189f	-	pinned-component	corroborates	protocol/addressing.md	Address matcher: raw equality first, incoming-only #3 normalization for collective matching, exact level strings and scoped environment/group behavior; earlier broad environment/pull-mode variants superseded
T0012	libqtdevices	20b67275c780d5d0d4643ef446eabe6ad28877e5	devices/test/test_checkaddress.cpp	b8cfbd793edcf0c75ebc5381fa561a53030d2713	7f46b3c362c35f7620e0501f2ec18a8dd5a2ff9c2ab494e0ce3e6740f5c8b458	TestCheckAddress::testCheckAddressGlobalLevel4	9072e020186676eda948fe0cf28e866a0aa24e0dac91d0131741f40402429cb0	QCOMPARE[1]:107148a669be2bc151be9d91f39633ddf51d643f64c0723acd354c14925d3849;QCOMPARE[2]:3d769b234775eaa9ceddc76a7270f30581eb48e2167662fdf6ff32edc1df3787	-	pinned-component	corroborates	protocol/addressing.md	Address matcher: raw equality first, incoming-only #3 normalization for collective matching, exact level strings and scoped environment/group behavior; earlier broad environment/pull-mode variants superseded
T0013	libqtdevices	20b67275c780d5d0d4643ef446eabe6ad28877e5	devices/test/test_checkaddress.cpp	b8cfbd793edcf0c75ebc5381fa561a53030d2713	7f46b3c362c35f7620e0501f2ec18a8dd5a2ff9c2ab494e0ce3e6740f5c8b458	TestCheckAddress::testCheckAddressGlobalInterface	632fe8742e2442e8f7b8aeaae9e8450061025836539475a711f2c8d9822e1204	QCOMPARE[1]:8bf456c789a6222e440df5b1ca5ed4f8aa53e078ab3b0e0b5ae5458182097e24;QCOMPARE[2]:b4ae279ac714d6dbb9b3c8671d703cd29147eb18541acce43b594f502183cf41	-	pinned-component	corroborates	protocol/addressing.md	Address matcher: raw equality first, incoming-only #3 normalization for collective matching, exact level strings and scoped environment/group behavior; earlier broad environment/pull-mode variants superseded
T0014	libqtdevices	20b67275c780d5d0d4643ef446eabe6ad28877e5	devices/test/test_checkaddress.cpp	b8cfbd793edcf0c75ebc5381fa561a53030d2713	7f46b3c362c35f7620e0501f2ec18a8dd5a2ff9c2ab494e0ce3e6740f5c8b458	TestCheckAddress::testCheckAddressGlobalInterfaceFalse	9e16d6f6702cbf3803f4461dba761579a82561b9dad98535d5c5d9037bba87ea	QCOMPARE[1]:e2d4de94f8a4c43d3aff460e5113564b7a009d8aadf7b1d061e75d76fde077df;QCOMPARE[2]:b4ae279ac714d6dbb9b3c8671d703cd29147eb18541acce43b594f502183cf41	-	pinned-component	corroborates	protocol/addressing.md	Address matcher: raw equality first, incoming-only #3 normalization for collective matching, exact level strings and scoped environment/group behavior; earlier broad environment/pull-mode variants superseded
T0015	libqtdevices	20b67275c780d5d0d4643ef446eabe6ad28877e5	devices/test/test_checkaddress.cpp	b8cfbd793edcf0c75ebc5381fa561a53030d2713	7f46b3c362c35f7620e0501f2ec18a8dd5a2ff9c2ab494e0ce3e6740f5c8b458	TestCheckAddress::testCheckAddressEnvironment10	8745de23a58a2caf1d08d285d54cabb366a9bbb2ca540f02e35fd6bd51c4fb4c	QCOMPARE[1]:450a39387cdc27ff8fd37d393ee808677391385d406f26e7a86b7819cca5ffa6;QCOMPARE[2]:9ac0aab9dacee1389341371e947404f0931d23b3b847a740235a574a5a7f6a2f	-	pinned-component	corroborates	protocol/addressing.md	Address matcher: raw equality first, incoming-only #3 normalization for collective matching, exact level strings and scoped environment/group behavior; earlier broad environment/pull-mode variants superseded
T0016	libqtdevices	20b67275c780d5d0d4643ef446eabe6ad28877e5	devices/test/test_checkaddress.cpp	b8cfbd793edcf0c75ebc5381fa561a53030d2713	7f46b3c362c35f7620e0501f2ec18a8dd5a2ff9c2ab494e0ce3e6740f5c8b458	TestCheckAddress::testCheckAddressEnvironment0	198b7ac88d7718396cde3d1c58c0cadf8b3fd13e8e023cc2ca04e7d2216f2224	QCOMPARE[1]:ba880266af653e3b6643300ea204a54678143cb8dbb8e375425df6e51a9080f3;QCOMPARE[2]:9cabf284f7f3a6b8e7b94f932a879e1dba13619ef1c251a876f52519edbe90a1;QCOMPARE[3]:69d59418f5ebb0a8ea41a117a3ad1dfbd8eec2712f3e6cade332cdc605ec361a;QCOMPARE[4]:9a29db9444ff8bdad51d0936d1c31084e2b8b251ed21b9b356117933969f0932	-	pinned-component	corroborates	protocol/addressing.md	Address matcher: raw equality first, incoming-only #3 normalization for collective matching, exact level strings and scoped environment/group behavior; earlier broad environment/pull-mode variants superseded
T0017	libqtdevices	20b67275c780d5d0d4643ef446eabe6ad28877e5	devices/test/test_checkaddress.cpp	b8cfbd793edcf0c75ebc5381fa561a53030d2713	7f46b3c362c35f7620e0501f2ec18a8dd5a2ff9c2ab494e0ce3e6740f5c8b458	TestCheckAddress::testCheckAddressEnvironmentLevel4	95e40d569fd14823d63034ed20edd986aae82378618c33305a74f5f4359e080e	QCOMPARE[1]:24903ba637a56e82c046dcdf2cd84a0fcff2db74d115449b3ac226c97d1993ee;QCOMPARE[2]:693998d3483155405f5718b29bade07ef60e958d01392fe459af3dc7442cffd8	-	pinned-component	corroborates	protocol/addressing.md	Address matcher: raw equality first, incoming-only #3 normalization for collective matching, exact level strings and scoped environment/group behavior; earlier broad environment/pull-mode variants superseded
T0018	libqtdevices	20b67275c780d5d0d4643ef446eabe6ad28877e5	devices/test/test_checkaddress.cpp	b8cfbd793edcf0c75ebc5381fa561a53030d2713	7f46b3c362c35f7620e0501f2ec18a8dd5a2ff9c2ab494e0ce3e6740f5c8b458	TestCheckAddress::testCheckAddressEnvironmentLevel3	264f9a5acfed7645bb079f4bcb0daf1b7cf7fb62a86e84f3070e51a9a38c1e45	QCOMPARE[1]:ccdc5774e3d4cdd9684508eb554dccfb23576fe68a4b06d25ac99b4413789f23;QCOMPARE[2]:7b2f0c9533086810decfdf052a52754cd6d1c8bf953f1c0b779bf4cb615ab940;QCOMPARE[3]:a32f135b2813e59e72e54cac0cdf6718d116e14010f5b75379c8d878123930da;QCOMPARE[4]:bfece8e3b13ea3a28bbefc07ff1eb5e66456da31a46e4184f2ee553882382f35;QCOMPARE[5]:f95feaca21c9aa67a11ce8ebb04943c0c15dc348662a0e7b3f1743c4d1d6711b	-	pinned-component	corroborates	protocol/addressing.md	Address matcher: raw equality first, incoming-only #3 normalization for collective matching, exact level strings and scoped environment/group behavior; earlier broad environment/pull-mode variants superseded
T0019	libqtdevices	20b67275c780d5d0d4643ef446eabe6ad28877e5	devices/test/test_checkaddress.cpp	b8cfbd793edcf0c75ebc5381fa561a53030d2713	7f46b3c362c35f7620e0501f2ec18a8dd5a2ff9c2ab494e0ce3e6740f5c8b458	TestCheckAddress::testCheckAddressPointToPoint	b146f8e112ca3cedae172672f3f3b6c7ad0c9fe5d5264341014c6ba51e928510	QCOMPARE[1]:a55a6e4e58837886904731c85892aa0b58c06a2ccde8460c7c0ed7d81de6b269;QCOMPARE[2]:7672e90a3d84b301f82b76564316dd0ae5bf342cc524b607b6f7d5bd8b648e89;QCOMPARE[3]:bed61492f4c2094687670296e1caf957ad92df57ad1c8c598baacea7512f4733;QCOMPARE[4]:0bb64868945cc85ef8d3876f0beb6d44eb7b24ce8e2ddede51131ba5ae87457d	-	pinned-component	corroborates	protocol/addressing.md	Address matcher: raw equality first, incoming-only #3 normalization for collective matching, exact level strings and scoped environment/group behavior; earlier broad environment/pull-mode variants superseded
T0020	libqtdevices	20b67275c780d5d0d4643ef446eabe6ad28877e5	devices/test/test_checkaddress.cpp	b8cfbd793edcf0c75ebc5381fa561a53030d2713	7f46b3c362c35f7620e0501f2ec18a8dd5a2ff9c2ab494e0ce3e6740f5c8b458	TestCheckAddress::testCheckAddressGroup	fc8840938d87decb0e978272476d298862d81ced1ff30fe91438d774f00fbaa6	QCOMPARE[1]:c9b78409767e03a5af6c16f18ecd025572e7eb36e7e4845a5484e32b6b94aac6;QCOMPARE[2]:26eb246abb0cf8fcabb58ab4314818f26f5465064ba3994b7124eec9bd342ed8	-	pinned-component	corroborates	protocol/addressing.md	Address matcher: raw equality first, incoming-only #3 normalization for collective matching, exact level strings and scoped environment/group behavior; earlier broad environment/pull-mode variants superseded
T0021	libqtdevices	20b67275c780d5d0d4643ef446eabe6ad28877e5	devices/test/test_checkaddress.cpp	b8cfbd793edcf0c75ebc5381fa561a53030d2713	7f46b3c362c35f7620e0501f2ec18a8dd5a2ff9c2ab494e0ce3e6740f5c8b458	outside	1a6c38f0e4f24c45d26e224f92afec35d02b9ba04796a772d5b1f0398f63a716	-	-	pinned-component	corroborates	protocol/addressing.md	Address matcher: raw equality first, incoming-only #3 normalization for collective matching, exact level strings and scoped environment/group behavior; earlier broad environment/pull-mode variants superseded
T0022	libqtdevices	20b67275c780d5d0d4643ef446eabe6ad28877e5	devices/test/test_checkaddress.h	2b265b505e7094fa2c831702bed108a3f85aaed7	33f2a53b6484f616d9f1b65000fc70b9975bc9b182bf21ad9bffb784714280a2	outside	08e16144618892d60c045118b3558008b7d85f67681c2809a063d1de36649027	-	-	pinned-component	corroborates	protocol/addressing.md	Address matcher: raw equality first, incoming-only #3 normalization for collective matching, exact level strings and scoped environment/group behavior; earlier broad environment/pull-mode variants superseded
T0023	libqtdevices	20b67275c780d5d0d4643ef446eabe6ad28877e5	test/test_clientwriter.cpp	17aa3807091ff4f8ec70067c9ecbe8a39d2ca1e9	d810ff79d1413e8a31bb413f5501408b699252176fe327059ad537fae761a8c4	FrameSenderMock::FrameSenderMock	7e1950831cf63cdf53fbb6425e56ae7717e7e9879158c50d9a430f9a99afcc67	-	-	pinned-component	excluded	-	Test scaffolding, socket polling, callback recording or wall-clock waits; no independently established wire semantics
T0024	libqtdevices	20b67275c780d5d0d4643ef446eabe6ad28877e5	test/test_clientwriter.cpp	17aa3807091ff4f8ec70067c9ecbe8a39d2ca1e9	d810ff79d1413e8a31bb413f5501408b699252176fe327059ad537fae761a8c4	FrameSenderMock::manageAck	c1862048dad4f5811279f7325d8b85a536a077e08319fde917a5f14574afe467	-	-	pinned-component	excluded	-	Test scaffolding, socket polling, callback recording or wall-clock waits; no independently established wire semantics
T0025	libqtdevices	20b67275c780d5d0d4643ef446eabe6ad28877e5	test/test_clientwriter.cpp	17aa3807091ff4f8ec70067c9ecbe8a39d2ca1e9	d810ff79d1413e8a31bb413f5501408b699252176fe327059ad537fae761a8c4	FrameSenderMock::manageNak	ba00764d447939fe8b387241d9de200bdd942232082df3155ac26a22821e7736	-	-	pinned-component	excluded	-	Test scaffolding, socket polling, callback recording or wall-clock waits; no independently established wire semantics
T0026	libqtdevices	20b67275c780d5d0d4643ef446eabe6ad28877e5	test/test_clientwriter.cpp	17aa3807091ff4f8ec70067c9ecbe8a39d2ca1e9	d810ff79d1413e8a31bb413f5501408b699252176fe327059ad537fae761a8c4	TestClientWriter::TestClientWriter	973792b308e264323669a89a706a1bb1e42e6e8b1226209703cc78f57eea4b00	-	-	pinned-component	excluded	-	Test scaffolding, socket polling, callback recording or wall-clock waits; no independently established wire semantics
T0027	libqtdevices	20b67275c780d5d0d4643ef446eabe6ad28877e5	test/test_clientwriter.cpp	17aa3807091ff4f8ec70067c9ecbe8a39d2ca1e9	d810ff79d1413e8a31bb413f5501408b699252176fe327059ad537fae761a8c4	TestClientWriter::createClient	423112d2b8a4b375a0ef12db5f1e7601272748bd6987a50087506bc9728e4076	-	-	pinned-component	excluded	-	Test scaffolding, socket polling, callback recording or wall-clock waits; no independently established wire semantics
T0028	libqtdevices	20b67275c780d5d0d4643ef446eabe6ad28877e5	test/test_clientwriter.cpp	17aa3807091ff4f8ec70067c9ecbe8a39d2ca1e9	d810ff79d1413e8a31bb413f5501408b699252176fe327059ad537fae761a8c4	TestClientWriter::readAll	dd717438bdb420a7b30bdf04353327c09b37f5ebceae4907839d836fbc14acaf	-	-	pinned-component	excluded	-	Test scaffolding, socket polling, callback recording or wall-clock waits; no independently established wire semantics
T0029	libqtdevices	20b67275c780d5d0d4643ef446eabe6ad28877e5	test/test_clientwriter.cpp	17aa3807091ff4f8ec70067c9ecbe8a39d2ca1e9	d810ff79d1413e8a31bb413f5501408b699252176fe327059ad537fae761a8c4	TestClientWriter::newConnection	94045bd71a27251751f75f89f175cd7b39d6a09a5efc2ccb3f2d6c187dc0ff66	-	-	pinned-component	incorporated	protocol/sessions.md	Fixture flushes/reads selector and clears setup ACK list without receiving two setup ACKs; operation tests do not exercise handshake
T0030	libqtdevices	20b67275c780d5d0d4643ef446eabe6ad28877e5	test/test_clientwriter.cpp	17aa3807091ff4f8ec70067c9ecbe8a39d2ca1e9	d810ff79d1413e8a31bb413f5501408b699252176fe327059ad537fae761a8c4	TestClientWriter::waitForData	16a536224e9c1626f8607ffe2f253132270fa53ea570af48fcde7be7a1c64d11	-	-	pinned-component	excluded	-	Test scaffolding, socket polling, callback recording or wall-clock waits; no independently established wire semantics
T0031	libqtdevices	20b67275c780d5d0d4643ef446eabe6ad28877e5	test/test_clientwriter.cpp	17aa3807091ff4f8ec70067c9ecbe8a39d2ca1e9	d810ff79d1413e8a31bb413f5501408b699252176fe327059ad537fae761a8c4	TestClientWriter::testSingleFrame	a6e87fb3405d43954be8b7652da8b8c0420af2a533590a0c05781e255ea3855c	QCOMPARE[1]:48ab4143e35e8165b9a897fcc323e6d09b0d0f6760d264234b8cdb843fe03f90	-	pinned-component	corroborates	protocol/acknowledgements.md	Exact operation assertions for FIFO ACK/NACK, namespace subscribers, delay, batch duplicate removal and unacknowledged replay; setup bypass narrows test scope
T0032	libqtdevices	20b67275c780d5d0d4643ef446eabe6ad28877e5	test/test_clientwriter.cpp	17aa3807091ff4f8ec70067c9ecbe8a39d2ca1e9	d810ff79d1413e8a31bb413f5501408b699252176fe327059ad537fae761a8c4	TestClientWriter::testMultipleFrames	4dd22fa9336800e495b33293e1d57060b4b259e64abacaa2e121a238e7db5a8d	QCOMPARE[1]:8cd0bdfc24154b4dc244e3a05727ca27403d0e239d9af4a0b1c05ae28038bfa2	-	pinned-component	corroborates	protocol/acknowledgements.md	Exact operation assertions for FIFO ACK/NACK, namespace subscribers, delay, batch duplicate removal and unacknowledged replay; setup bypass narrows test scope
T0033	libqtdevices	20b67275c780d5d0d4643ef446eabe6ad28877e5	test/test_clientwriter.cpp	17aa3807091ff4f8ec70067c9ecbe8a39d2ca1e9	d810ff79d1413e8a31bb413f5501408b699252176fe327059ad537fae761a8c4	TestClientWriter::testDuplicates	326f98d65c72ba7899ee8ec9aa931ba24469a95aceef30828adaed66bb210703	QCOMPARE[1]:8cd0bdfc24154b4dc244e3a05727ca27403d0e239d9af4a0b1c05ae28038bfa2	-	pinned-component	corroborates	protocol/acknowledgements.md	Exact operation assertions for FIFO ACK/NACK, namespace subscribers, delay, batch duplicate removal and unacknowledged replay; setup bypass narrows test scope
T0034	libqtdevices	20b67275c780d5d0d4643ef446eabe6ad28877e5	test/test_clientwriter.cpp	17aa3807091ff4f8ec70067c9ecbe8a39d2ca1e9	d810ff79d1413e8a31bb413f5501408b699252176fe327059ad537fae761a8c4	TestClientWriter::testDelay	3565844360090fc330ce83609af1adb6986b47e727593e05a5cfd4306d3b0e86	QCOMPARE[1]:8cd0bdfc24154b4dc244e3a05727ca27403d0e239d9af4a0b1c05ae28038bfa2	-	pinned-component	corroborates	protocol/acknowledgements.md	Exact operation assertions for FIFO ACK/NACK, namespace subscribers, delay, batch duplicate removal and unacknowledged replay; setup bypass narrows test scope
T0035	libqtdevices	20b67275c780d5d0d4643ef446eabe6ad28877e5	test/test_clientwriter.cpp	17aa3807091ff4f8ec70067c9ecbe8a39d2ca1e9	d810ff79d1413e8a31bb413f5501408b699252176fe327059ad537fae761a8c4	TestClientWriter::testAck	49a2e7d61f73ee5116c4f0b9c4bc79a828aad32c04e6204fb0e7aa3a47c0ce4a	QCOMPARE[1]:d9a29bb08f9b442ea5430e889795c0bb7b310f1b41100d04092e687dc4d7c135;QCOMPARE[2]:4a5fb1495a93047150889f1992f2e4cf1dca793af92c6864530c0c5340e5abe6	-	pinned-component	corroborates	protocol/acknowledgements.md	Exact operation assertions for FIFO ACK/NACK, namespace subscribers, delay, batch duplicate removal and unacknowledged replay; setup bypass narrows test scope
T0036	libqtdevices	20b67275c780d5d0d4643ef446eabe6ad28877e5	test/test_clientwriter.cpp	17aa3807091ff4f8ec70067c9ecbe8a39d2ca1e9	d810ff79d1413e8a31bb413f5501408b699252176fe327059ad537fae761a8c4	TestClientWriter::testAckNotReceived	d2e0b492e502074a4b9de9e25f354b0d0a11fdd64d8cb396e47982bac9b14420	QCOMPARE[1]:d9a29bb08f9b442ea5430e889795c0bb7b310f1b41100d04092e687dc4d7c135	-	pinned-component	corroborates	protocol/acknowledgements.md	Exact operation assertions for FIFO ACK/NACK, namespace subscribers, delay, batch duplicate removal and unacknowledged replay; setup bypass narrows test scope
T0037	libqtdevices	20b67275c780d5d0d4643ef446eabe6ad28877e5	test/test_clientwriter.cpp	17aa3807091ff4f8ec70067c9ecbe8a39d2ca1e9	d810ff79d1413e8a31bb413f5501408b699252176fe327059ad537fae761a8c4	TestClientWriter::testNak	1672e41b4d60282f13dc96440d6e0bc85d225470f33bbc01b82c3b2a4ed413b8	QCOMPARE[1]:2996d541bb9916e1f1de7d0e9af42e3e9228bea9d6e81268d5f1b1e5c769eb9c	-	pinned-component	corroborates	protocol/acknowledgements.md	Exact operation assertions for FIFO ACK/NACK, namespace subscribers, delay, batch duplicate removal and unacknowledged replay; setup bypass narrows test scope
T0038	libqtdevices	20b67275c780d5d0d4643ef446eabe6ad28877e5	test/test_clientwriter.cpp	17aa3807091ff4f8ec70067c9ecbe8a39d2ca1e9	d810ff79d1413e8a31bb413f5501408b699252176fe327059ad537fae761a8c4	TestClientWriter::testAckMultipleWho	8eb5127d8fe773bf16d06fc50299ac0fdc568f2e97e20e4383e5d105d4361f74	QCOMPARE[1]:955a6c438a383784f4cdb16cf19f84b400edb3cd7b41f9de61b2b13ddf4bcd22	-	pinned-component	corroborates	protocol/acknowledgements.md	Exact operation assertions for FIFO ACK/NACK, namespace subscribers, delay, batch duplicate removal and unacknowledged replay; setup bypass narrows test scope
T0039	libqtdevices	20b67275c780d5d0d4643ef446eabe6ad28877e5	test/test_clientwriter.cpp	17aa3807091ff4f8ec70067c9ecbe8a39d2ca1e9	d810ff79d1413e8a31bb413f5501408b699252176fe327059ad537fae761a8c4	TestClientWriter::testAckMultipleReceivers	36912288931362a16987e7a87fbf5d622f0a3708e9d689ad1c3419c969d73f5a	QCOMPARE[1]:10176a389a3977eb65929999274dc5fafb8d1bc5c8b0a7b5452ac763788658f3;QCOMPARE[2]:1b79e312938713c0b811d0c0ac59bd425472652ad1023a79cc147a39569feca3;QCOMPARE[3]:3dbff783cb6bc6d1e959d79732b5170e0c98c4ed14a4490821a2b227ffc0029c	-	pinned-component	corroborates	protocol/acknowledgements.md	Exact operation assertions for FIFO ACK/NACK, namespace subscribers, delay, batch duplicate removal and unacknowledged replay; setup bypass narrows test scope
T0040	libqtdevices	20b67275c780d5d0d4643ef446eabe6ad28877e5	test/test_clientwriter.cpp	17aa3807091ff4f8ec70067c9ecbe8a39d2ca1e9	d810ff79d1413e8a31bb413f5501408b699252176fe327059ad537fae761a8c4	TestClientWriter::testMultipleAckNak	f29066b3e55bbcf2e0b6d38fabf7a8f528ff754f731f720fcebb710a9fee190c	QCOMPARE[1]:955a6c438a383784f4cdb16cf19f84b400edb3cd7b41f9de61b2b13ddf4bcd22	-	pinned-component	corroborates	protocol/acknowledgements.md	Exact operation assertions for FIFO ACK/NACK, namespace subscribers, delay, batch duplicate removal and unacknowledged replay; setup bypass narrows test scope
T0041	libqtdevices	20b67275c780d5d0d4643ef446eabe6ad28877e5	test/test_clientwriter.cpp	17aa3807091ff4f8ec70067c9ecbe8a39d2ca1e9	d810ff79d1413e8a31bb413f5501408b699252176fe327059ad537fae761a8c4	TestClientWriter::testResendUnackedFramesOnReconnect	b2db2b3dfdc4f73943d5df70f981ab79a9801df6a48dbbc23ea7d739b4ed336f	QCOMPARE[1]:3e37c57c619dca81f32a46f8d84114a1fc57339c8bc643b6f045a007f720cffe;QCOMPARE[2]:f3f862af9915e4d6e393508dcf394e6b69854f700547f72cb11828fd824fc653;QCOMPARE[3]:e781b2177a3ddc6411804a051d7b8a9845cc62e237fddaba14c81530247aabbc;QCOMPARE[4]:6a4cf598514b49dcffbc68ed1d958003d4116a8128c6b8d43e66e14136e85ac1;QCOMPARE[5]:f9a4e74f93b79fc0cbbe43fd80d2567a77872708a6d070a2b93930cb175b48c8;QCOMPARE[6]:d0125a12dfb564845d0382e926097caf641ffc3a9c13051c753d26011ede018b	-	pinned-component	corroborates	protocol/acknowledgements.md	Exact operation assertions for FIFO ACK/NACK, namespace subscribers, delay, batch duplicate removal and unacknowledged replay; setup bypass narrows test scope
T0042	libqtdevices	20b67275c780d5d0d4643ef446eabe6ad28877e5	test/test_clientwriter.cpp	17aa3807091ff4f8ec70067c9ecbe8a39d2ca1e9	d810ff79d1413e8a31bb413f5501408b699252176fe327059ad537fae761a8c4	outside	78f9dc635d93795e7a1a11fe76e6b860eadc30040e0704d26a610d86e8f80d0f	-	-	pinned-component	excluded	-	Test scaffolding, socket polling, callback recording or wall-clock waits; no independently established wire semantics
T0043	libqtdevices	20b67275c780d5d0d4643ef446eabe6ad28877e5	test/test_clientwriter.h	c1e74fef7f40a683a059ec01392bc0c632c9d77c	7917cdd6ec22cd3c8419d28ee571012617025f665250a86c92b83cf2a6b8d27f	outside	30d57a319580256dc6db77a90dc844e0f5f077667dca47dbb45db03fc53b5275	-	-	pinned-component	excluded	-	Test scaffolding, socket polling, callback recording or wall-clock waits; no independently established wire semantics
T0044	libqtdevices	20b67275c780d5d0d4643ef446eabe6ad28877e5	test/test_xmlclient.cpp	146fee1d3bc8b3d43f01a8b0964888855961edc8	77a04532638dc6c710b4d3ddc7770997ecdc990eba43122672548653f1178607	TestXmlClient::TestXmlClient	402c7f3c2c52669b9ee2d2631f751f60709dd18fd8646bc5cc3bc9fa9cdc6677	-	-	pinned-component	excluded	-	Local XML fixture initialization/declarations; synthetic harness replaces private installation endpoints, which are not protocol facts
T0045	libqtdevices	20b67275c780d5d0d4643ef446eabe6ad28877e5	test/test_xmlclient.cpp	146fee1d3bc8b3d43f01a8b0964888855961edc8	77a04532638dc6c710b4d3ddc7770997ecdc990eba43122672548653f1178607	TestXmlClient::init	e11ff80ed53578854549e7b5b4db2bf17b4eb78124948652ce13d5cd77f7be5c	-	-	pinned-component	excluded	-	Local XML fixture initialization/declarations; synthetic harness replaces private installation endpoints, which are not protocol facts
T0046	libqtdevices	20b67275c780d5d0d4643ef446eabe6ad28877e5	test/test_xmlclient.cpp	146fee1d3bc8b3d43f01a8b0964888855961edc8	77a04532638dc6c710b4d3ddc7770997ecdc990eba43122672548653f1178607	TestXmlClient::testSimple	661119d7d02a53e422a7d5d800530355985683c27b0cafc5e90f2db498bf24c9	QVERIFY[1]:39ed25fdabe2a19dd8895537eaf44e2c3b064818c67f30364e83e5517065d724;QCOMPARE[2]:c99952d44ad5822ec52a87fd2e9aaf0866fa12cf22779516949e2c559a83ecb5;QCOMPARE[3]:5c496fd7ecb709e0943f1eb04ac2403f9051ad0a4a0e46fedd2d5b4a4c3cb4cc	-	pinned-component	corroborates	protocol/stream-parsing.md	Final direct single-envelope assertion preserves newline; earlier simplified expectation superseded
T0047	libqtdevices	20b67275c780d5d0d4643ef446eabe6ad28877e5	test/test_xmlclient.cpp	146fee1d3bc8b3d43f01a8b0964888855961edc8	77a04532638dc6c710b4d3ddc7770997ecdc990eba43122672548653f1178607	TestXmlClient::testDouble	4644a3ebcb64f19d34adb03ec84217b6f4bde6198bad1dc6ff65e262f78163ad	QVERIFY[1]:39ed25fdabe2a19dd8895537eaf44e2c3b064818c67f30364e83e5517065d724;QCOMPARE[2]:575cf7c662d30c8d484490dce1d68049eb0bb8632b2b247f18f07c417fce610d;QCOMPARE[3]:47d036695762866bb351b88202dcb1b945cc3593fe8c34e29302c4f1e6024584	-	pinned-component	incorporated	protocol/stream-parsing.md	Two-event count assertions retained; takeFirst followed by remaining spy.count only checks first event argument, not both payloads/order; independent harness checks both
T0048	libqtdevices	20b67275c780d5d0d4643ef446eabe6ad28877e5	test/test_xmlclient.cpp	146fee1d3bc8b3d43f01a8b0964888855961edc8	77a04532638dc6c710b4d3ddc7770997ecdc990eba43122672548653f1178607	TestXmlClient::testGarbage	b6594ae549460a17388bc1abfab8b4b8677556500968bdafb6ea4bf5d10b59f9	QVERIFY[1]:39ed25fdabe2a19dd8895537eaf44e2c3b064818c67f30364e83e5517065d724;QCOMPARE[2]:575cf7c662d30c8d484490dce1d68049eb0bb8632b2b247f18f07c417fce610d;QCOMPARE[3]:63907a1db11fd02afcfd11dfc7dc5f03e54880b48b8b8604965afde31718b6ab	-	pinned-component	incorporated	protocol/stream-parsing.md	Two-event count assertions retained; takeFirst followed by remaining spy.count only checks first event argument, not both payloads/order; independent harness checks both
T0049	libqtdevices	20b67275c780d5d0d4643ef446eabe6ad28877e5	test/test_xmlclient.cpp	146fee1d3bc8b3d43f01a8b0964888855961edc8	77a04532638dc6c710b4d3ddc7770997ecdc990eba43122672548653f1178607	outside	57b41d56744e96818eb86887cd8a66f691946e9f3ec07ca7cef48dc74383dc3a	-	-	pinned-component	excluded	-	Local XML fixture initialization/declarations; synthetic harness replaces private installation endpoints, which are not protocol facts
T0050	libqtdevices	20b67275c780d5d0d4643ef446eabe6ad28877e5	test/test_xmlclient.h	4c78e4059745e39bfacbde9ff4b1e96dd589e5fb	6d17e7e0499dbde85235ddb59137cebcefc200d1c5b78d5ab96855b2bfb47949	outside	10e7a382719f8b3eafb997da14168e4e902439c3f62135eff072de7890e3e132	-	-	pinned-component	excluded	-	Local XML fixture initialization/declarations; synthetic harness replaces private installation endpoints, which are not protocol facts
T0051	libqtdevices	20b67275c780d5d0d4643ef446eabe6ad28877e5	xmlclient.cpp	d2bbc7f48e74ad48d5067a6d8f4c7775e05afec5	05487ba3804278c7bab261169142405b079f3317ec8d08b6e5acb7200c7727e8	XmlClient::XmlClient	0b21523479858750cd83ed2d87d5aa58dbb36bfc876476d0633d1cdb29c0d458	-	-	pinned-component	excluded	-	XML transport object/socket lifecycle, declarations, logging and local endpoint defaults; no additional numeric OpenWebNet rule or universal XML port
T0052	libqtdevices	20b67275c780d5d0d4643ef446eabe6ad28877e5	xmlclient.cpp	d2bbc7f48e74ad48d5067a6d8f4c7775e05afec5	05487ba3804278c7bab261169142405b079f3317ec8d08b6e5acb7200c7727e8	XmlClient::connectToHost	74b55589c1dde1b416e76b96a6f03c4debfeab75dba2c9b8dcca4929f51d3c67	-	-	pinned-component	excluded	-	XML transport object/socket lifecycle, declarations, logging and local endpoint defaults; no additional numeric OpenWebNet rule or universal XML port
T0053	libqtdevices	20b67275c780d5d0d4643ef446eabe6ad28877e5	xmlclient.cpp	d2bbc7f48e74ad48d5067a6d8f4c7775e05afec5	05487ba3804278c7bab261169142405b079f3317ec8d08b6e5acb7200c7727e8	XmlClient::disconnectFromHost	9680865d0b1f839203132d6df9b39d67cefed1d77eaa7d3faa02532baefb335e	-	-	pinned-component	excluded	-	XML transport object/socket lifecycle, declarations, logging and local endpoint defaults; no additional numeric OpenWebNet rule or universal XML port
T0054	libqtdevices	20b67275c780d5d0d4643ef446eabe6ad28877e5	xmlclient.cpp	d2bbc7f48e74ad48d5067a6d8f4c7775e05afec5	05487ba3804278c7bab261169142405b079f3317ec8d08b6e5acb7200c7727e8	XmlClient::isConnected	3e5d8b0fc6cc41f9559ea7a8db998d13c681ccde923376539b4f11706cda4796	-	-	pinned-component	excluded	-	XML transport object/socket lifecycle, declarations, logging and local endpoint defaults; no additional numeric OpenWebNet rule or universal XML port
T0055	libqtdevices	20b67275c780d5d0d4643ef446eabe6ad28877e5	xmlclient.cpp	d2bbc7f48e74ad48d5067a6d8f4c7775e05afec5	05487ba3804278c7bab261169142405b079f3317ec8d08b6e5acb7200c7727e8	XmlClient::sendCommand	68c1e17394a7534081e2dfd6acac5c68e27ccc744c7d4c1bc42b3ec1cb773229	-	-	pinned-component	corroborates	protocol/stream-parsing.md	Separate UTF-8 OWNxml envelope, namespace, Hdr/Dst/Src/Cmd fields; no numeric WHO 26 mapping or ordinary-frame transaction identifier
T0056	libqtdevices	20b67275c780d5d0d4643ef446eabe6ad28877e5	xmlclient.cpp	d2bbc7f48e74ad48d5067a6d8f4c7775e05afec5	05487ba3804278c7bab261169142405b079f3317ec8d08b6e5acb7200c7727e8	XmlClient::receiveData	c2e7e252b5b1539ca4ab6d5e981f3b24a2bf8d1bc4cfc85df4f728297ef9410d	-	-	pinned-component	incorporated	protocol/stream-parsing.md	OWNxml envelope buffering preserves interior whitespace in final trimmed implementation; separate per-read UTF-8 conversion corrupts split multibyte characters; old simplified/implicit decoding superseded
T0057	libqtdevices	20b67275c780d5d0d4643ef446eabe6ad28877e5	xmlclient.cpp	d2bbc7f48e74ad48d5067a6d8f4c7775e05afec5	05487ba3804278c7bab261169142405b079f3317ec8d08b6e5acb7200c7727e8	XmlClient::socketError	3a0d0942e6e276f76903038a875aba3acc33dbffa0493c100d7c7342645787fd	-	-	pinned-component	excluded	-	XML transport object/socket lifecycle, declarations, logging and local endpoint defaults; no additional numeric OpenWebNet rule or universal XML port
T0058	libqtdevices	20b67275c780d5d0d4643ef446eabe6ad28877e5	xmlclient.cpp	d2bbc7f48e74ad48d5067a6d8f4c7775e05afec5	05487ba3804278c7bab261169142405b079f3317ec8d08b6e5acb7200c7727e8	XmlClient::parseData	4a4844f92e3049f05ca01a5dc2a56afe9e71df91520825753c9df4f60fd53159	-	-	pinned-component	incorporated	protocol/stream-parsing.md	OWNxml envelope buffering preserves interior whitespace in final trimmed implementation; separate per-read UTF-8 conversion corrupts split multibyte characters; old simplified/implicit decoding superseded
T0059	libqtdevices	20b67275c780d5d0d4643ef446eabe6ad28877e5	xmlclient.cpp	d2bbc7f48e74ad48d5067a6d8f4c7775e05afec5	05487ba3804278c7bab261169142405b079f3317ec8d08b6e5acb7200c7727e8	outside	9e6a5a9f7b6da4f9beaa8c1279e86a4a17ee3447806c11d5ba9c4077849d4f83	-	-	pinned-component	excluded	-	XML transport object/socket lifecycle, declarations, logging and local endpoint defaults; no additional numeric OpenWebNet rule or universal XML port
T0060	libqtdevices	20b67275c780d5d0d4643ef446eabe6ad28877e5	xmlclient.h	1588b4162167d5fac9eed583483832f3b220e210	cf538bb3ce53a4d3f47a8e1dd1e1f7e8fc6834d04846820979ea10d7a855f870	outside	2f60ea6c02c6c3a370b8479302d3debea04a18140f8c586a7c81440e9c05564c	-	-	pinned-component	excluded	-	XML transport object/socket lifecycle, declarations, logging and local endpoint defaults; no additional numeric OpenWebNet rule or universal XML port
T0061	libqtdevices	18093c490f30f0d54574bff6e0b76bcb2888f9f5	openclient.cpp	653b2ce1cbf0e9d39cb97fe60bc906ff9b6ea946	5174133ebb9f042df7d1e237874d819b590ea2ba058db5e0821017eb3b44b56a	setTcpKeepaliveParams	a3fb38a4d803dc063f92cc02d7601e336ad11f71c648468ff392c8706e3e15e1	-	-	pinned-component	excluded	-	Local transport declarations, compressor/regex, watchdog/keepalive/platform, logging or superseded monolithic lifecycle; no additional verified protocol vocabulary or global validity rule
T0062	libqtdevices	18093c490f30f0d54574bff6e0b76bcb2888f9f5	openclient.cpp	653b2ce1cbf0e9d39cb97fe60bc906ff9b6ea946	5174133ebb9f042df7d1e237874d819b590ea2ba058db5e0821017eb3b44b56a	Client::Client	2c205cc12821c9eb6128653ed6e82246fbabeed89a851a7e5df4b18c66fa7e94	-	-	pinned-component	excluded	-	Local transport declarations, compressor/regex, watchdog/keepalive/platform, logging or superseded monolithic lifecycle; no additional verified protocol vocabulary or global validity rule
T0063	libqtdevices	18093c490f30f0d54574bff6e0b76bcb2888f9f5	openclient.cpp	653b2ce1cbf0e9d39cb97fe60bc906ff9b6ea946	5174133ebb9f042df7d1e237874d819b590ea2ba058db5e0821017eb3b44b56a	Client::isConnected	873900a2a688a9470e576eb666c6928daaf3e74c54dc25c353a00a960da3197a	-	-	pinned-component	incorporated	protocol/sessions.md	Local connected lifecycle occurs on TCP callback before selector; pending frames/setup placeholders are implementation bookkeeping, not authentication or selector acceptance
T0064	libqtdevices	18093c490f30f0d54574bff6e0b76bcb2888f9f5	openclient.cpp	653b2ce1cbf0e9d39cb97fe60bc906ff9b6ea946	5174133ebb9f042df7d1e237874d819b590ea2ba058db5e0821017eb3b44b56a	Client::isConnecting	d3a1950dd20667271ac9b1d14766257066231596425c41087e88c20f3e32703c	-	-	pinned-component	excluded	-	Local transport declarations, compressor/regex, watchdog/keepalive/platform, logging or superseded monolithic lifecycle; no additional verified protocol vocabulary or global validity rule
T0065	libqtdevices	18093c490f30f0d54574bff6e0b76bcb2888f9f5	openclient.cpp	653b2ce1cbf0e9d39cb97fe60bc906ff9b6ea946	5174133ebb9f042df7d1e237874d819b590ea2ba058db5e0821017eb3b44b56a	Client::socketConnected	d0ffe6f4cc0329f9c09fabdc025e9ff40ebc766074a41dd81ee646024b2127e6	-	-	pinned-component	incorporated	protocol/sessions.md	Local connected lifecycle occurs on TCP callback before selector; pending frames/setup placeholders are implementation bookkeeping, not authentication or selector acceptance
T0066	libqtdevices	18093c490f30f0d54574bff6e0b76bcb2888f9f5	openclient.cpp	653b2ce1cbf0e9d39cb97fe60bc906ff9b6ea946	5174133ebb9f042df7d1e237874d819b590ea2ba058db5e0821017eb3b44b56a	Client::disconnectFromHost	641bd24785b0810bdb7855985bdac2c3d3085dcea28c8974793845d8b7d070b5	-	-	pinned-component	incorporated	protocol/stream-parsing.md	Delimiter extraction, draining and retained partial buffer; no leading-star resynchronization, bounded buffering or reconnect-tail reset in final local client
T0067	libqtdevices	18093c490f30f0d54574bff6e0b76bcb2888f9f5	openclient.cpp	653b2ce1cbf0e9d39cb97fe60bc906ff9b6ea946	5174133ebb9f042df7d1e237874d819b590ea2ba058db5e0821017eb3b44b56a	Client::connectToHost	78da5c2e3e0d17bbcc1152f0dcf31239bb96cc1dcfa09e35bd23b4f8f0e03b90	-	-	pinned-component	incorporated	protocol/stream-parsing.md	Delimiter extraction, draining and retained partial buffer; no leading-star resynchronization, bounded buffering or reconnect-tail reset in final local client
T0068	libqtdevices	18093c490f30f0d54574bff6e0b76bcb2888f9f5	openclient.cpp	653b2ce1cbf0e9d39cb97fe60bc906ff9b6ea946	5174133ebb9f042df7d1e237874d819b590ea2ba058db5e0821017eb3b44b56a	Client::readFromServer	0eca06b6de1ef10d26bf3b0e546908e1663ed7bdbebfaf77f457ea24936f1e2c	-	-	pinned-component	incorporated	protocol/stream-parsing.md	Delimiter extraction, draining and retained partial buffer; no leading-star resynchronization, bounded buffering or reconnect-tail reset in final local client
T0069	libqtdevices	18093c490f30f0d54574bff6e0b76bcb2888f9f5	openclient.cpp	653b2ce1cbf0e9d39cb97fe60bc906ff9b6ea946	5174133ebb9f042df7d1e237874d819b590ea2ba058db5e0821017eb3b44b56a	Client::socketFrameRead	7a576c9785ce70fd799fb9d9cbc0684ee1de3fc98a97af27c1df8016f2a0c855	-	-	pinned-component	incorporated	protocol/stream-parsing.md	Delimiter extraction, draining and retained partial buffer; no leading-star resynchronization, bounded buffering or reconnect-tail reset in final local client
T0070	libqtdevices	18093c490f30f0d54574bff6e0b76bcb2888f9f5	openclient.cpp	653b2ce1cbf0e9d39cb97fe60bc906ff9b6ea946	5174133ebb9f042df7d1e237874d819b590ea2ba058db5e0821017eb3b44b56a	Client::socketError	7a285c9549a5f22e9f6b7a132e7cb1d6b9bd19c9646ba667b28ab9798c522d0d	-	-	pinned-component	excluded	-	Local transport declarations, compressor/regex, watchdog/keepalive/platform, logging or superseded monolithic lifecycle; no additional verified protocol vocabulary or global validity rule
T0071	libqtdevices	18093c490f30f0d54574bff6e0b76bcb2888f9f5	openclient.cpp	653b2ce1cbf0e9d39cb97fe60bc906ff9b6ea946	5174133ebb9f042df7d1e237874d819b590ea2ba058db5e0821017eb3b44b56a	ClientReader::ClientReader	5e2b018c98e56a4ff14873944b38f4f75472972851b6d0b51a1c2202d3b74a3c	-	-	pinned-component	excluded	-	Local transport declarations, compressor/regex, watchdog/keepalive/platform, logging or superseded monolithic lifecycle; no additional verified protocol vocabulary or global validity rule
T0072	libqtdevices	18093c490f30f0d54574bff6e0b76bcb2888f9f5	openclient.cpp	653b2ce1cbf0e9d39cb97fe60bc906ff9b6ea946	5174133ebb9f042df7d1e237874d819b590ea2ba058db5e0821017eb3b44b56a	ClientReader::sendChannelId	12e8d9cb0bec5bbcaab06d28e1fb48a13dcfeb18559adde1406c7b5fc8626203	Q_ASSERT_X[1]:ed7ef16966a325788782c9a6b2cde2e67db26edcddb026eea26987f7be7d67e0	-	pinned-component	corroborates	protocol/acknowledgements.md	Historical local queue/batch/replay, delayed state reads or subscription transport implementation; unchanged wire families and no universal timing/delivery guarantee
T0073	libqtdevices	18093c490f30f0d54574bff6e0b76bcb2888f9f5	openclient.cpp	653b2ce1cbf0e9d39cb97fe60bc906ff9b6ea946	5174133ebb9f042df7d1e237874d819b590ea2ba058db5e0821017eb3b44b56a	ClientReader::manageFrame	64e965ed904a898d6beb98e5f87d105a425183be6555350a80b0cf12ec916a88	-	-	pinned-component	incorporated	protocol/acknowledgements.md	Separate reader WHO dispatch versus writer ACK/NACK FIFO; monitor status-request filter; unexpected-ACK release guard follows debug assertion and is not total malformed-input safety
T0074	libqtdevices	18093c490f30f0d54574bff6e0b76bcb2888f9f5	openclient.cpp	653b2ce1cbf0e9d39cb97fe60bc906ff9b6ea946	5174133ebb9f042df7d1e237874d819b590ea2ba058db5e0821017eb3b44b56a	ClientReader::forwardFrame	ab7208e4b00bb1cb2571eccd7619b02c34a2136dc390668e2fa880f3b67310de	-	-	pinned-component	excluded	-	Local transport declarations, compressor/regex, watchdog/keepalive/platform, logging or superseded monolithic lifecycle; no additional verified protocol vocabulary or global validity rule
T0075	libqtdevices	18093c490f30f0d54574bff6e0b76bcb2888f9f5	openclient.cpp	653b2ce1cbf0e9d39cb97fe60bc906ff9b6ea946	5174133ebb9f042df7d1e237874d819b590ea2ba058db5e0821017eb3b44b56a	ClientReader::subscribe	4e8fd490e6e50c08c578e2a85debe657ebf578472f34141e9d236e7ddf6348f9	-	-	pinned-component	corroborates	protocol/acknowledgements.md	Historical local queue/batch/replay, delayed state reads or subscription transport implementation; unchanged wire families and no universal timing/delivery guarantee
T0076	libqtdevices	18093c490f30f0d54574bff6e0b76bcb2888f9f5	openclient.cpp	653b2ce1cbf0e9d39cb97fe60bc906ff9b6ea946	5174133ebb9f042df7d1e237874d819b590ea2ba058db5e0821017eb3b44b56a	ClientReader::unsubscribe	da6b6020682a413213906e209b8fb25f7b34bf4ba179a815031653645f84a8ee	-	-	pinned-component	corroborates	protocol/acknowledgements.md	Historical local queue/batch/replay, delayed state reads or subscription transport implementation; unchanged wire families and no universal timing/delivery guarantee
T0077	libqtdevices	18093c490f30f0d54574bff6e0b76bcb2888f9f5	openclient.cpp	653b2ce1cbf0e9d39cb97fe60bc906ff9b6ea946	5174133ebb9f042df7d1e237874d819b590ea2ba058db5e0821017eb3b44b56a	ClientWriter::ClientWriter	7f15fefacf94b0bca965ce0a59c895bc15f13b550eab427fd650ff15472544f0	-	-	pinned-component	corroborates	protocol/acknowledgements.md	Historical local queue/batch/replay, delayed state reads or subscription transport implementation; unchanged wire families and no universal timing/delivery guarantee
T0078	libqtdevices	18093c490f30f0d54574bff6e0b76bcb2888f9f5	openclient.cpp	653b2ce1cbf0e9d39cb97fe60bc906ff9b6ea946	5174133ebb9f042df7d1e237874d819b590ea2ba058db5e0821017eb3b44b56a	ClientWriter::delayFrames	c11ae086b0f86b7a25e596e15ac2b359608930fefcf71434e0ad4dbb3fd88a48	-	-	pinned-component	corroborates	protocol/acknowledgements.md	Historical local queue/batch/replay, delayed state reads or subscription transport implementation; unchanged wire families and no universal timing/delivery guarantee
T0079	libqtdevices	18093c490f30f0d54574bff6e0b76bcb2888f9f5	openclient.cpp	653b2ce1cbf0e9d39cb97fe60bc906ff9b6ea946	5174133ebb9f042df7d1e237874d819b590ea2ba058db5e0821017eb3b44b56a	ClientWriter::setDelay	05a4af918cf7dc519c076eceb023a07ded076a7c74068b0821433574bd3462d7	-	-	pinned-component	corroborates	protocol/acknowledgements.md	Historical local queue/batch/replay, delayed state reads or subscription transport implementation; unchanged wire families and no universal timing/delivery guarantee
T0080	libqtdevices	18093c490f30f0d54574bff6e0b76bcb2888f9f5	openclient.cpp	653b2ce1cbf0e9d39cb97fe60bc906ff9b6ea946	5174133ebb9f042df7d1e237874d819b590ea2ba058db5e0821017eb3b44b56a	ClientWriter::sendChannelId	3732285a12700a24f6d53ed5d86a3f2420ae67ff7d4949659082c250bc214de8	Q_ASSERT_X[1]:4e617b32e3c30d7cc24249e797700d040c0ac1b2ba2c7a7ed1286438a07c6467	-	pinned-component	corroborates	protocol/acknowledgements.md	Historical local queue/batch/replay, delayed state reads or subscription transport implementation; unchanged wire families and no universal timing/delivery guarantee
T0081	libqtdevices	18093c490f30f0d54574bff6e0b76bcb2888f9f5	openclient.cpp	653b2ce1cbf0e9d39cb97fe60bc906ff9b6ea946	5174133ebb9f042df7d1e237874d819b590ea2ba058db5e0821017eb3b44b56a	ClientWriter::manageFrame	4f5a4342d34e40834a5de942cc9b1bf9ef586b5cec3f8df0d5cd18562b43e48c	Q_ASSERT_X[1]:f7d78e204a672c4897a368a41bc48beaf8103b552ab3cd83fdfc2e5d99530546	-	intermediate-component	excluded	protocol/acknowledgements.md	Superseded or non-final component variant compared semantically; Separate reader WHO dispatch versus writer ACK/NACK FIFO; monitor status-request filter; unexpected-ACK release guard follows debug assertion and is not total malformed-input safety; final endpoint or exact assertion is required before promotion
T0082	libqtdevices	18093c490f30f0d54574bff6e0b76bcb2888f9f5	openclient.cpp	653b2ce1cbf0e9d39cb97fe60bc906ff9b6ea946	5174133ebb9f042df7d1e237874d819b590ea2ba058db5e0821017eb3b44b56a	ClientWriter::sendFrameOpen	8305495305f6c010fb62faee5889f65bea29c162eb3f18d112132efbe21ea448	Q_ASSERT_X[1]:deaaa31eaaf6a6ee2ee1389268fc379f11753b2a1c7a07fc87f74a07dd3ac041	-	pinned-component	corroborates	protocol/acknowledgements.md	Historical local queue/batch/replay, delayed state reads or subscription transport implementation; unchanged wire families and no universal timing/delivery guarantee
T0083	libqtdevices	18093c490f30f0d54574bff6e0b76bcb2888f9f5	openclient.cpp	653b2ce1cbf0e9d39cb97fe60bc906ff9b6ea946	5174133ebb9f042df7d1e237874d819b590ea2ba058db5e0821017eb3b44b56a	ClientWriter::socketConnected	796f1bae580cc4fc55337425bb77fd3065be48d0dad3d8670a50d5d5b853ad4a	-	-	pinned-component	incorporated	protocol/sessions.md	Local connected lifecycle occurs on TCP callback before selector; pending frames/setup placeholders are implementation bookkeeping, not authentication or selector acceptance
T0084	libqtdevices	18093c490f30f0d54574bff6e0b76bcb2888f9f5	openclient.cpp	653b2ce1cbf0e9d39cb97fe60bc906ff9b6ea946	5174133ebb9f042df7d1e237874d819b590ea2ba058db5e0821017eb3b44b56a	ClientWriter::sendFrames	7fddb39bafc80e009327d71711dcf5478c43be1e2b5497aadd9e6dc9e3b8e906	-	-	pinned-component	corroborates	protocol/acknowledgements.md	Historical local queue/batch/replay, delayed state reads or subscription transport implementation; unchanged wire families and no universal timing/delivery guarantee
T0085	libqtdevices	18093c490f30f0d54574bff6e0b76bcb2888f9f5	openclient.cpp	653b2ce1cbf0e9d39cb97fe60bc906ff9b6ea946	5174133ebb9f042df7d1e237874d819b590ea2ba058db5e0821017eb3b44b56a	ClientWriter::sendDelayedFrames	f68612cdd0a1823b20df45fd18f328719d381c75680d221b82fd0d4e35cc6e9a	-	-	pinned-component	corroborates	protocol/acknowledgements.md	Historical local queue/batch/replay, delayed state reads or subscription transport implementation; unchanged wire families and no universal timing/delivery guarantee
T0086	libqtdevices	18093c490f30f0d54574bff6e0b76bcb2888f9f5	openclient.cpp	653b2ce1cbf0e9d39cb97fe60bc906ff9b6ea946	5174133ebb9f042df7d1e237874d819b590ea2ba058db5e0821017eb3b44b56a	ClientWriter::sendFrames	69b4446ce848155d096031a037fbbd9ddc59fa61b64d024635fd6574da523e13	-	T0084	pinned-component	corroborates	protocol/acknowledgements.md	Historical local queue/batch/replay, delayed state reads or subscription transport implementation; unchanged wire families and no universal timing/delivery guarantee
T0087	libqtdevices	18093c490f30f0d54574bff6e0b76bcb2888f9f5	openclient.cpp	653b2ce1cbf0e9d39cb97fe60bc906ff9b6ea946	5174133ebb9f042df7d1e237874d819b590ea2ba058db5e0821017eb3b44b56a	ClientWriter::subscribeAck	f231bac2244bb939ed906e96e16cb967e29a1217bf9ad47fa24d85f663fe83ef	-	-	pinned-component	corroborates	protocol/acknowledgements.md	Historical local queue/batch/replay, delayed state reads or subscription transport implementation; unchanged wire families and no universal timing/delivery guarantee
T0088	libqtdevices	18093c490f30f0d54574bff6e0b76bcb2888f9f5	openclient.cpp	653b2ce1cbf0e9d39cb97fe60bc906ff9b6ea946	5174133ebb9f042df7d1e237874d819b590ea2ba058db5e0821017eb3b44b56a	ClientWriter::unsubscribeAck	bd536befc3a21807e4a334b600ad92295dfcfd0316036094eb811f839e34ceae	-	-	pinned-component	corroborates	protocol/acknowledgements.md	Historical local queue/batch/replay, delayed state reads or subscription transport implementation; unchanged wire families and no universal timing/delivery guarantee
T0089	libqtdevices	18093c490f30f0d54574bff6e0b76bcb2888f9f5	openclient.cpp	653b2ce1cbf0e9d39cb97fe60bc906ff9b6ea946	5174133ebb9f042df7d1e237874d819b590ea2ba058db5e0821017eb3b44b56a	outside	1d1179b57128f361364da81700d5f73cbc6229df7554b32a840f8a4101d84fa3	-	-	pinned-component	excluded	-	Local transport declarations, compressor/regex, watchdog/keepalive/platform, logging or superseded monolithic lifecycle; no additional verified protocol vocabulary or global validity rule
T0090	libqtdevices	ae54c71ae8905113d9d64da326b08d172bd1dae1	openclient.cpp	132931f2e452c9adb6bf9d926b5f02baaa613b89	448fc0681adde574e6760ef55e00c94d0f503203e01cfa5e213bc182a5e023a4	ClientWriter::manageFrame	774c213fc45228d3a86516c6fb0ac4632e33b7e350a558dc3c82c83b10cb421c	Q_ASSERT_X[1]:f7d78e204a672c4897a368a41bc48beaf8103b552ab3cd83fdfc2e5d99530546	T0081	pinned-component	incorporated	protocol/acknowledgements.md	Separate reader WHO dispatch versus writer ACK/NACK FIFO; monitor status-request filter; unexpected-ACK release guard follows debug assertion and is not total malformed-input safety
T0091	libqtdevices	2993ce10f7f5387b69fe886fea2a7f0513677bfd	openclient.cpp	7c9bb98e8c7ffdd2336f0e52c0ac37b6724c9a52	f131f57fde9a92bb5667a5276d940cdb171f69650d127137d39ee30028e900bb	ClientReader::manageFrame	85c39d8aabdc075055508724eba7fb36a68a43cc80ccc975aefce9940e4577d9	-	T0073	intermediate-component	excluded	protocol/acknowledgements.md	Superseded or non-final component variant compared semantically; Separate reader WHO dispatch versus writer ACK/NACK FIFO; monitor status-request filter; unexpected-ACK release guard follows debug assertion and is not total malformed-input safety; final endpoint or exact assertion is required before promotion
T0092	libqtdevices	2993ce10f7f5387b69fe886fea2a7f0513677bfd	openclient.cpp	7c9bb98e8c7ffdd2336f0e52c0ac37b6724c9a52	f131f57fde9a92bb5667a5276d940cdb171f69650d127137d39ee30028e900bb	outside	4ff2dee6fc035fa849f1806ab9e3061e6fc926a73694ff889e2051e88e6c340f	-	T0089	intermediate-component	excluded	-	Superseded or non-final component variant compared semantically; Local transport declarations, compressor/regex, watchdog/keepalive/platform, logging or superseded monolithic lifecycle; no additional verified protocol vocabulary or global validity rule; final endpoint or exact assertion is required before promotion
T0093	libqtdevices	c3f8ab8a60c218c18e10314d4c1fd9e6d94c8490	openclient.h	ea18cb8420f930ff2a8037d6a15c9dfe50728424	4d66f4515a7dddacb85122402314f9a0dcbc7b12d119584dfa27740d1cde0b37	bytesAvailable	6b802ff26ea630d7553d8ab0accd937b2080f43c1b621c6838001b552eebc069	-	-	pinned-component	excluded	-	Local transport declarations, compressor/regex, watchdog/keepalive/platform, logging or superseded monolithic lifecycle; no additional verified protocol vocabulary or global validity rule
T0094	libqtdevices	c3f8ab8a60c218c18e10314d4c1fd9e6d94c8490	openclient.h	ea18cb8420f930ff2a8037d6a15c9dfe50728424	4d66f4515a7dddacb85122402314f9a0dcbc7b12d119584dfa27740d1cde0b37	flush	8faf12de1fb4cbb72a298b2a73e8879bc29638b2e594ff3244bca251ac569a95	-	-	pinned-component	excluded	-	Local transport declarations, compressor/regex, watchdog/keepalive/platform, logging or superseded monolithic lifecycle; no additional verified protocol vocabulary or global validity rule
T0095	libqtdevices	c3f8ab8a60c218c18e10314d4c1fd9e6d94c8490	openclient.h	ea18cb8420f930ff2a8037d6a15c9dfe50728424	4d66f4515a7dddacb85122402314f9a0dcbc7b12d119584dfa27740d1cde0b37	flush	1df703b6f0987d52e59f4194c2efeb97522fc69693ca4df819041155f6ba5ba5	-	T0094	pinned-component	excluded	-	Local transport declarations, compressor/regex, watchdog/keepalive/platform, logging or superseded monolithic lifecycle; no additional verified protocol vocabulary or global validity rule
T0096	libqtdevices	c3f8ab8a60c218c18e10314d4c1fd9e6d94c8490	openclient.h	ea18cb8420f930ff2a8037d6a15c9dfe50728424	4d66f4515a7dddacb85122402314f9a0dcbc7b12d119584dfa27740d1cde0b37	outside	63502df39784cab576d195ce29d81435d116bd2e94f8d3f3af6170001cdbade3	-	-	intermediate-component	excluded	-	Superseded or non-final component variant compared semantically; Local transport declarations, compressor/regex, watchdog/keepalive/platform, logging or superseded monolithic lifecycle; no additional verified protocol vocabulary or global validity rule; final endpoint or exact assertion is required before promotion
T0097	libqtdevices	8810522a1319d7ab68cb973b100317285bbca944	openclient.h	f0a75555ea0d0882f1954d685736792a39acfe49	49f60f0d7b30e3792cc99271717c68ab9f96b4be9dd24ef5148565ba8b140106	outside	af2543ec257850c7007272b0daada6687102f370d9e7bce12c14862195ac8f17	-	T0096	pinned-component	excluded	-	Local transport declarations, compressor/regex, watchdog/keepalive/platform, logging or superseded monolithic lifecycle; no additional verified protocol vocabulary or global validity rule
T0098	libqtdevices	606f35d1e44b01be2bb55980543242e5b6dbc04a	openclient.cpp	ae9d9fbdf36a4a5e856cd744bb3ce5a0831f8c55	6cde30565d9b69f2ff458f0224e02bcc35e329f7d1d9d0783795a5ee80cc33f6	setTcpKeepaliveParams	56d2d01aa16e588d02b1001a21b7248023df121003eb0c09ceac8039177e9643	-	T0061	intermediate-component	excluded	-	Superseded or non-final component variant compared semantically; Local transport declarations, compressor/regex, watchdog/keepalive/platform, logging or superseded monolithic lifecycle; no additional verified protocol vocabulary or global validity rule; final endpoint or exact assertion is required before promotion
T0099	libqtdevices	606f35d1e44b01be2bb55980543242e5b6dbc04a	openclient.cpp	ae9d9fbdf36a4a5e856cd744bb3ce5a0831f8c55	6cde30565d9b69f2ff458f0224e02bcc35e329f7d1d9d0783795a5ee80cc33f6	outside	2ec063b235f993a6ea6599d533a69a61bd682df7d890defa8a076b9cc8c01791	-	T0092	intermediate-component	excluded	-	Superseded or non-final component variant compared semantically; Local transport declarations, compressor/regex, watchdog/keepalive/platform, logging or superseded monolithic lifecycle; no additional verified protocol vocabulary or global validity rule; final endpoint or exact assertion is required before promotion
T0100	libqtdevices	9b490ff801f58bdeb1c46ffdf7d1ba0d164829cc	test/test_clientwriter.h	d01ec5cb49f4ff538e77a89b97af398ec146783d	a487c1b3d248da9ac3f4f3d583ded71235017c0fe16af7e0aec8bed7ab45fdf5	outside	7747e8a0e49f8004ac65cc7f55e403e1e113ab5a744c3f43c6c5f31b19390419	-	T0043	intermediate-component	excluded	-	Superseded or non-final component variant compared semantically; Test scaffolding, socket polling, callback recording or wall-clock waits; no independently established wire semantics; final endpoint or exact assertion is required before promotion
T0101	libqtdevices	419c78bab26e6de4c9d3cd09bbfcb1e1b5d360c8	openclient.cpp	d92c3ed17c959cf6182a75bc81f0187b12ef4343	5da70032d5dafbace1acf23da597ef28d3c0ac0caae52693ddc1f188796ef232	ClientWriter::sendFrames	5fd4fe70980250bac725a08db8590bb49538ab0194dbcb6c08f574120c1a6bd1	-	T0086	intermediate-component	excluded	protocol/acknowledgements.md	Superseded or non-final component variant compared semantically; Historical local queue/batch/replay, delayed state reads or subscription transport implementation; unchanged wire families and no universal timing/delivery guarantee; final endpoint or exact assertion is required before promotion
T0102	libqtdevices	d8bbe772092e37bd430f945668f78d89bf53e1f3	devices/device.cpp	b0c5ef138f381ba5ed4100707af90fbcf1fb127c	94fa9a3218f2a05dd0daf215d77c4a5c3c9d203804775e324fa55c59d79af89a	OpenServerManager::timerEvent	d0d536ab3c3d3ff0143cf1df13d4a1b4668522369720b592fbd9ac33a54ec329	-	T0002	intermediate-component	excluded	protocol/sessions.md	Superseded or non-final component variant compared semantically; Local manager channel aggregation, initialization and reconnect lifecycle; partial-connect retry corrections do not establish server acceptance or a protocol timer; final endpoint or exact assertion is required before promotion
T0103	libqtdevices	d8bbe772092e37bd430f945668f78d89bf53e1f3	devices/device.cpp	b0c5ef138f381ba5ed4100707af90fbcf1fb127c	94fa9a3218f2a05dd0daf215d77c4a5c3c9d203804775e324fa55c59d79af89a	OpenServerManager::handleConnectionUp	6f38306996d5c308d509bced23f5cd7347bd92c85bb759124d8fbf164ce9d0e5	-	T0003	intermediate-component	excluded	protocol/sessions.md	Superseded or non-final component variant compared semantically; Local manager channel aggregation, initialization and reconnect lifecycle; partial-connect retry corrections do not establish server acceptance or a protocol timer; final endpoint or exact assertion is required before promotion
T0104	libqtdevices	d8bbe772092e37bd430f945668f78d89bf53e1f3	openclient.h	5c4e4dcc9e4e98bcda7ec071d38dd2e83d64f312	7f229cf72e3586db23d7e612389458786015c294a990642670352da2ea8b9715	outside	e492d4a80e71fa67824efb67f3b45e018f54d60ea748d9d844a7c4ba99343454	-	T0096	intermediate-component	excluded	-	Superseded or non-final component variant compared semantically; Local transport declarations, compressor/regex, watchdog/keepalive/platform, logging or superseded monolithic lifecycle; no additional verified protocol vocabulary or global validity rule; final endpoint or exact assertion is required before promotion
T0105	libqtdevices	4d147b664d20832ac8294afdf4ebf7bf981e59fe	frame_classes.h	f6cd429e9b0b8f067d16fc503b0e362171b17b2b	b2d607140613016aabff5d0a1f7060e3cf3206deb75686608fb294ea83a766b7	manageAck	7689f4b6111746425d4f1d8e942d16dc6c12d2907e38ee1c79b72056b82a73bb	-	-	intermediate-component	excluded	protocol/acknowledgements.md	Superseded or non-final component variant compared semantically; Reader/writer selection, initialization batching, delay and WHO subscription fan-out are local connection-ordering choices; no transaction ID or physical-state guarantee; final endpoint or exact assertion is required before promotion
T0106	libqtdevices	4d147b664d20832ac8294afdf4ebf7bf981e59fe	frame_classes.h	f6cd429e9b0b8f067d16fc503b0e362171b17b2b	b2d607140613016aabff5d0a1f7060e3cf3206deb75686608fb294ea83a766b7	manageNak	c81334a8937cfe30d572be7cf7343363d300641434c5dfb51fce477523fa70a4	-	-	intermediate-component	excluded	protocol/acknowledgements.md	Superseded or non-final component variant compared semantically; Reader/writer selection, initialization batching, delay and WHO subscription fan-out are local connection-ordering choices; no transaction ID or physical-state guarantee; final endpoint or exact assertion is required before promotion
T0107	libqtdevices	4d147b664d20832ac8294afdf4ebf7bf981e59fe	frame_classes.h	f6cd429e9b0b8f067d16fc503b0e362171b17b2b	b2d607140613016aabff5d0a1f7060e3cf3206deb75686608fb294ea83a766b7	outside	47683034d5eee3d6d1c11137a98e0e0e006e7bf9940f38752abd6f835f0a1d75	-	-	pinned-component	corroborates	protocol/acknowledgements.md	Reader/writer selection, initialization batching, delay and WHO subscription fan-out are local connection-ordering choices; no transaction ID or physical-state guarantee
T0108	libqtdevices	6b63cd52f0014fdaa0bea2c04dffb88e77825962	frame_classes.h	f8391d61cd3d10fb8e1ed643dd3da969be6f54c9	5e314baf6e83dec5bf66741d3f73dfab685fdf84dafaf52e7a3e997b64ef83e5	manageAck	1c0ba6a831a999870005cdc5d91ee55153d0549bfddbd124ca089834c8199d4a	-	T0105	pinned-component	corroborates	protocol/acknowledgements.md	Reader/writer selection, initialization batching, delay and WHO subscription fan-out are local connection-ordering choices; no transaction ID or physical-state guarantee
T0109	libqtdevices	6b63cd52f0014fdaa0bea2c04dffb88e77825962	frame_classes.h	f8391d61cd3d10fb8e1ed643dd3da969be6f54c9	5e314baf6e83dec5bf66741d3f73dfab685fdf84dafaf52e7a3e997b64ef83e5	manageNak	82bb4697632b0d08282fc61c9c3d4f5e64479cf285c04c97f6341a69d06bd801	-	T0106	pinned-component	corroborates	protocol/acknowledgements.md	Reader/writer selection, initialization batching, delay and WHO subscription fan-out are local connection-ordering choices; no transaction ID or physical-state guarantee
T0110	libqtdevices	a9254533e288a967ada22d0bd1e7719db7f15a0d	frame_classes.cpp	ff102c97e7c1bc83baac6cc3df1fa9df47f41345	6e671f417929f4825cb04698b64d1216464daabe89a2c23b5deeb02322dc8af6	FrameReceiver::FrameReceiver	eb072590969300e7f5971433e0a8662c8513fb5e5f3abdfbd01870a60ab0d041	-	-	pinned-component	corroborates	protocol/acknowledgements.md	Reader/writer selection, initialization batching, delay and WHO subscription fan-out are local connection-ordering choices; no transaction ID or physical-state guarantee
T0111	libqtdevices	a9254533e288a967ada22d0bd1e7719db7f15a0d	frame_classes.cpp	ff102c97e7c1bc83baac6cc3df1fa9df47f41345	6e671f417929f4825cb04698b64d1216464daabe89a2c23b5deeb02322dc8af6	FrameReceiver::~FrameReceiver	1d2de0bb11e86e5d4c8de844ab07a7d738681f14d2f4191373a233e404a67846	-	-	pinned-component	corroborates	protocol/acknowledgements.md	Reader/writer selection, initialization batching, delay and WHO subscription fan-out are local connection-ordering choices; no transaction ID or physical-state guarantee
T0112	libqtdevices	a9254533e288a967ada22d0bd1e7719db7f15a0d	frame_classes.cpp	ff102c97e7c1bc83baac6cc3df1fa9df47f41345	6e671f417929f4825cb04698b64d1216464daabe89a2c23b5deeb02322dc8af6	FrameReceiver::setClientsMonitor	f237f911426e4f0ac5490fa192bdb82e1e4784b616ab7793200e1d230e988e22	-	-	pinned-component	corroborates	protocol/acknowledgements.md	Reader/writer selection, initialization batching, delay and WHO subscription fan-out are local connection-ordering choices; no transaction ID or physical-state guarantee
T0113	libqtdevices	a9254533e288a967ada22d0bd1e7719db7f15a0d	frame_classes.cpp	ff102c97e7c1bc83baac6cc3df1fa9df47f41345	6e671f417929f4825cb04698b64d1216464daabe89a2c23b5deeb02322dc8af6	FrameReceiver::subscribeMonitor	f3ed7b7583af7c3743a51655f8d766d0e3685c93de9959fa30a340476481f18e	Q_ASSERT_X[1]:84e49676a8bedb4013b960e1707dfe16e9fe2f5183c9827ad0ae8f213ebdc62c	-	pinned-component	corroborates	protocol/acknowledgements.md	Reader/writer selection, initialization batching, delay and WHO subscription fan-out are local connection-ordering choices; no transaction ID or physical-state guarantee
T0114	libqtdevices	a9254533e288a967ada22d0bd1e7719db7f15a0d	frame_classes.cpp	ff102c97e7c1bc83baac6cc3df1fa9df47f41345	6e671f417929f4825cb04698b64d1216464daabe89a2c23b5deeb02322dc8af6	FrameSender::FrameSender	7e7bf01bf3fe8e888857b652b502ff96421923adada2cca86d9c6b0ef9856151	-	-	pinned-component	corroborates	protocol/acknowledgements.md	Reader/writer selection, initialization batching, delay and WHO subscription fan-out are local connection-ordering choices; no transaction ID or physical-state guarantee
T0115	libqtdevices	a9254533e288a967ada22d0bd1e7719db7f15a0d	frame_classes.cpp	ff102c97e7c1bc83baac6cc3df1fa9df47f41345	6e671f417929f4825cb04698b64d1216464daabe89a2c23b5deeb02322dc8af6	FrameSender::sendFrame	1812ae3ee1e7ce5308e3712ec0730f59824a347b5059725a6ae3e86d6650959a	Q_ASSERT_X[1]:86b1655c7e8c1ab7efa60c102aa78dd83c3acdf4ed1abd007ab4317d67c6f17c	-	pinned-component	corroborates	protocol/acknowledgements.md	Reader/writer selection, initialization batching, delay and WHO subscription fan-out are local connection-ordering choices; no transaction ID or physical-state guarantee
T0116	libqtdevices	a9254533e288a967ada22d0bd1e7719db7f15a0d	frame_classes.cpp	ff102c97e7c1bc83baac6cc3df1fa9df47f41345	6e671f417929f4825cb04698b64d1216464daabe89a2c23b5deeb02322dc8af6	FrameSender::sendFrameNow	324252e21e93ffebb9ca8dff41a921b80457d9dec0f9d4035d89cd0d3a34526f	Q_ASSERT_X[1]:4e30b62141efa7ba6cf96ae8b141c252f429763592b7efad0bf6911ece8f228c	-	pinned-component	corroborates	protocol/acknowledgements.md	Reader/writer selection, initialization batching, delay and WHO subscription fan-out are local connection-ordering choices; no transaction ID or physical-state guarantee
T0117	libqtdevices	a9254533e288a967ada22d0bd1e7719db7f15a0d	frame_classes.cpp	ff102c97e7c1bc83baac6cc3df1fa9df47f41345	6e671f417929f4825cb04698b64d1216464daabe89a2c23b5deeb02322dc8af6	FrameSender::sendInit	be85901ff4df4501261a7fefb571de7400e7ac7b13f169043a62b584c08ae0d6	Q_ASSERT_X[1]:0d9ae04e08f5472fb3e4330c9295dbae9ddd0cb071ff16753eaba2c4f84478a7	-	pinned-component	corroborates	protocol/acknowledgements.md	Reader/writer selection, initialization batching, delay and WHO subscription fan-out are local connection-ordering choices; no transaction ID or physical-state guarantee
T0118	libqtdevices	a9254533e288a967ada22d0bd1e7719db7f15a0d	frame_classes.cpp	ff102c97e7c1bc83baac6cc3df1fa9df47f41345	6e671f417929f4825cb04698b64d1216464daabe89a2c23b5deeb02322dc8af6	FrameSender::sendInitNow	7745962fa9ee099f134b46bfb3292de870ca08b99d70cadd8709f9053f70d8ce	Q_ASSERT_X[1]:f3bee1f46b39c8bde002efccc1db72688f784d3ca3e8fd2fe32118857908a20c	-	pinned-component	corroborates	protocol/acknowledgements.md	Reader/writer selection, initialization batching, delay and WHO subscription fan-out are local connection-ordering choices; no transaction ID or physical-state guarantee
T0119	libqtdevices	a9254533e288a967ada22d0bd1e7719db7f15a0d	frame_classes.cpp	ff102c97e7c1bc83baac6cc3df1fa9df47f41345	6e671f417929f4825cb04698b64d1216464daabe89a2c23b5deeb02322dc8af6	FrameSender::sendCommandFrame	eee8224fd99be203a02330b0931bfe3f4793f4c1b1eb2930f33ccd189e7cbb3e	Q_ASSERT_X[1]:d10dc74a61b528e14d2add6b1bdf8579a273488c256851355534c103ee9896d9	-	pinned-component	corroborates	protocol/acknowledgements.md	Reader/writer selection, initialization batching, delay and WHO subscription fan-out are local connection-ordering choices; no transaction ID or physical-state guarantee
T0120	libqtdevices	a9254533e288a967ada22d0bd1e7719db7f15a0d	frame_classes.cpp	ff102c97e7c1bc83baac6cc3df1fa9df47f41345	6e671f417929f4825cb04698b64d1216464daabe89a2c23b5deeb02322dc8af6	FrameSender::setClients	67bd0b05912dbd3d618d15854814abf2cc1c1430e981dbc60a9d2b51c5ebf8c0	-	-	pinned-component	corroborates	protocol/acknowledgements.md	Reader/writer selection, initialization batching, delay and WHO subscription fan-out are local connection-ordering choices; no transaction ID or physical-state guarantee
T0121	libqtdevices	a9254533e288a967ada22d0bd1e7719db7f15a0d	frame_classes.cpp	ff102c97e7c1bc83baac6cc3df1fa9df47f41345	6e671f417929f4825cb04698b64d1216464daabe89a2c23b5deeb02322dc8af6	FrameSender::subscribeAck	2dd0b6472f0f2480582e5abc7d58c64cc238c2a6c745124b58a229b0cf2582cc	Q_ASSERT_X[1]:b032c75cc2fe3c3f52b884ad1efc0f3f759a3788dd56a7926e328c661c07058a	-	pinned-component	corroborates	protocol/acknowledgements.md	Reader/writer selection, initialization batching, delay and WHO subscription fan-out are local connection-ordering choices; no transaction ID or physical-state guarantee
T0122	libqtdevices	a9254533e288a967ada22d0bd1e7719db7f15a0d	frame_classes.cpp	ff102c97e7c1bc83baac6cc3df1fa9df47f41345	6e671f417929f4825cb04698b64d1216464daabe89a2c23b5deeb02322dc8af6	FrameSender::delayFrames	e0e56ab53685cd9de67b16aa880ca1ed54b42a240333cdd414ba99a13f6eabda	-	-	pinned-component	corroborates	protocol/acknowledgements.md	Reader/writer selection, initialization batching, delay and WHO subscription fan-out are local connection-ordering choices; no transaction ID or physical-state guarantee
T0123	libqtdevices	a9254533e288a967ada22d0bd1e7719db7f15a0d	frame_classes.cpp	ff102c97e7c1bc83baac6cc3df1fa9df47f41345	6e671f417929f4825cb04698b64d1216464daabe89a2c23b5deeb02322dc8af6	FrameSender::~FrameSender	fcddb42dbd45d9ad8b61ab8433da8efaed44d0fedb2b8599a86064d622f2af1a	-	-	pinned-component	corroborates	protocol/acknowledgements.md	Reader/writer selection, initialization batching, delay and WHO subscription fan-out are local connection-ordering choices; no transaction ID or physical-state guarantee
T0124	libqtdevices	a9254533e288a967ada22d0bd1e7719db7f15a0d	frame_classes.cpp	ff102c97e7c1bc83baac6cc3df1fa9df47f41345	6e671f417929f4825cb04698b64d1216464daabe89a2c23b5deeb02322dc8af6	outside	454d189720c22294f96b8a302332622fc3592500c79ac334cd87f4c1356f2542	-	-	pinned-component	corroborates	protocol/acknowledgements.md	Reader/writer selection, initialization batching, delay and WHO subscription fan-out are local connection-ordering choices; no transaction ID or physical-state guarantee
T0125	libqtdevices	13147e7aa6be92f4e62fe457c83c0e067ed63cf4	openclient.cpp	821382837ec5b262ad38064facd7074fdba9d41e	7a2cfe798bdbc55aa86f6097bea12b2b94fdd74387c1b33ba829d862e9e6cb46	Client::Client	979102c58170d1e4866a3d98c081fa720dec7c8fe5b100aa69a36a5b07bcebe2	-	T0062	intermediate-component	excluded	-	Superseded or non-final component variant compared semantically; Local transport declarations, compressor/regex, watchdog/keepalive/platform, logging or superseded monolithic lifecycle; no additional verified protocol vocabulary or global validity rule; final endpoint or exact assertion is required before promotion
T0126	libqtdevices	13147e7aa6be92f4e62fe457c83c0e067ed63cf4	openclient.cpp	821382837ec5b262ad38064facd7074fdba9d41e	7a2cfe798bdbc55aa86f6097bea12b2b94fdd74387c1b33ba829d862e9e6cb46	Client::socketConnected	bb68c105d481803fbe26b2173d3e085d44acdd2c811e5a66ee48ca34e2bbe894	-	T0065	intermediate-component	excluded	protocol/sessions.md	Superseded or non-final component variant compared semantically; Local connected lifecycle occurs on TCP callback before selector; pending frames/setup placeholders are implementation bookkeeping, not authentication or selector acceptance; final endpoint or exact assertion is required before promotion
T0127	libqtdevices	13147e7aa6be92f4e62fe457c83c0e067ed63cf4	openclient.cpp	821382837ec5b262ad38064facd7074fdba9d41e	7a2cfe798bdbc55aa86f6097bea12b2b94fdd74387c1b33ba829d862e9e6cb46	Client::delayFrames	d8aaa88d2f575ed411fc366055ec643695c37ed8b3b703773ed5469d28ad8fc6	-	-	intermediate-component	excluded	protocol/acknowledgements.md	Superseded or non-final component variant compared semantically; Historical local queue/batch/replay, delayed state reads or subscription transport implementation; unchanged wire families and no universal timing/delivery guarantee; final endpoint or exact assertion is required before promotion
T0128	libqtdevices	13147e7aa6be92f4e62fe457c83c0e067ed63cf4	openclient.cpp	821382837ec5b262ad38064facd7074fdba9d41e	7a2cfe798bdbc55aa86f6097bea12b2b94fdd74387c1b33ba829d862e9e6cb46	Client::sendFrames	05ecd9b23f864a17da33066f640ee6a29538d1dc78d6c2996acee70370267a98	-	-	intermediate-component	excluded	protocol/acknowledgements.md	Superseded or non-final component variant compared semantically; Historical local queue/batch/replay, delayed state reads or subscription transport implementation; unchanged wire families and no universal timing/delivery guarantee; final endpoint or exact assertion is required before promotion
T0129	libqtdevices	13147e7aa6be92f4e62fe457c83c0e067ed63cf4	openclient.cpp	821382837ec5b262ad38064facd7074fdba9d41e	7a2cfe798bdbc55aa86f6097bea12b2b94fdd74387c1b33ba829d862e9e6cb46	Client::sendDelayedFrames	ce21e7a78cf816a4abd419a54fd803344c342a0fee1e4089dee35be51c7d97e7	-	-	intermediate-component	excluded	protocol/acknowledgements.md	Superseded or non-final component variant compared semantically; Historical local queue/batch/replay, delayed state reads or subscription transport implementation; unchanged wire families and no universal timing/delivery guarantee; final endpoint or exact assertion is required before promotion
T0130	libqtdevices	13147e7aa6be92f4e62fe457c83c0e067ed63cf4	openclient.cpp	821382837ec5b262ad38064facd7074fdba9d41e	7a2cfe798bdbc55aa86f6097bea12b2b94fdd74387c1b33ba829d862e9e6cb46	Client::sendFrames	e5ceb0207a4aac297b29eb3395ed2527c0b48baee9eca51ddffc8311f1a3a407	-	T0128	intermediate-component	excluded	protocol/acknowledgements.md	Superseded or non-final component variant compared semantically; Historical local queue/batch/replay, delayed state reads or subscription transport implementation; unchanged wire families and no universal timing/delivery guarantee; final endpoint or exact assertion is required before promotion
T0131	libqtdevices	13147e7aa6be92f4e62fe457c83c0e067ed63cf4	openclient.cpp	821382837ec5b262ad38064facd7074fdba9d41e	7a2cfe798bdbc55aa86f6097bea12b2b94fdd74387c1b33ba829d862e9e6cb46	Client::sendFrameOpen	490769c092942349b4b3be895c37ad48dc710ea0c3c2374876117cb86bf5524a	-	-	intermediate-component	excluded	protocol/acknowledgements.md	Superseded or non-final component variant compared semantically; Historical local queue/batch/replay, delayed state reads or subscription transport implementation; unchanged wire families and no universal timing/delivery guarantee; final endpoint or exact assertion is required before promotion
T0132	libqtdevices	13147e7aa6be92f4e62fe457c83c0e067ed63cf4	openclient.cpp	821382837ec5b262ad38064facd7074fdba9d41e	7a2cfe798bdbc55aa86f6097bea12b2b94fdd74387c1b33ba829d862e9e6cb46	Client::manageFrame	34cb38ca061216849a0a04a527583a4e3cdd2a49ac3b020329941e19233692e3	-	-	intermediate-component	excluded	-	Superseded or non-final component variant compared semantically; Local transport declarations, compressor/regex, watchdog/keepalive/platform, logging or superseded monolithic lifecycle; no additional verified protocol vocabulary or global validity rule; final endpoint or exact assertion is required before promotion
T0133	libqtdevices	13147e7aa6be92f4e62fe457c83c0e067ed63cf4	openclient.cpp	821382837ec5b262ad38064facd7074fdba9d41e	7a2cfe798bdbc55aa86f6097bea12b2b94fdd74387c1b33ba829d862e9e6cb46	Client::forwardFrame	54f6454d06e50a7bc143e76d731a45f47123c9d16262bc26d7b56e9b828d7a6d	-	-	intermediate-component	excluded	-	Superseded or non-final component variant compared semantically; Local transport declarations, compressor/regex, watchdog/keepalive/platform, logging or superseded monolithic lifecycle; no additional verified protocol vocabulary or global validity rule; final endpoint or exact assertion is required before promotion
T0134	libqtdevices	13147e7aa6be92f4e62fe457c83c0e067ed63cf4	openclient.cpp	821382837ec5b262ad38064facd7074fdba9d41e	7a2cfe798bdbc55aa86f6097bea12b2b94fdd74387c1b33ba829d862e9e6cb46	Client::dispatchFrame	2ac0b360290178a062127ad04454c6a6338c62314f98baa5476fee1fde11a4fe	-	-	intermediate-component	excluded	-	Superseded or non-final component variant compared semantically; Local transport declarations, compressor/regex, watchdog/keepalive/platform, logging or superseded monolithic lifecycle; no additional verified protocol vocabulary or global validity rule; final endpoint or exact assertion is required before promotion
T0135	libqtdevices	13147e7aa6be92f4e62fe457c83c0e067ed63cf4	openclient.cpp	821382837ec5b262ad38064facd7074fdba9d41e	7a2cfe798bdbc55aa86f6097bea12b2b94fdd74387c1b33ba829d862e9e6cb46	Client::subscribe	a33e906a575f33edb64c67be476dd26c1b83aed3e6df4946281703c2f3eb1a1b	-	-	intermediate-component	excluded	-	Superseded or non-final component variant compared semantically; Local transport declarations, compressor/regex, watchdog/keepalive/platform, logging or superseded monolithic lifecycle; no additional verified protocol vocabulary or global validity rule; final endpoint or exact assertion is required before promotion
T0136	libqtdevices	13147e7aa6be92f4e62fe457c83c0e067ed63cf4	openclient.cpp	821382837ec5b262ad38064facd7074fdba9d41e	7a2cfe798bdbc55aa86f6097bea12b2b94fdd74387c1b33ba829d862e9e6cb46	Client::unsubscribe	86a049c29a40f3d776d6b885da1de33a4006279112263da9d504b1abac0461dd	-	-	intermediate-component	excluded	-	Superseded or non-final component variant compared semantically; Local transport declarations, compressor/regex, watchdog/keepalive/platform, logging or superseded monolithic lifecycle; no additional verified protocol vocabulary or global validity rule; final endpoint or exact assertion is required before promotion
T0137	libqtdevices	13147e7aa6be92f4e62fe457c83c0e067ed63cf4	openclient.cpp	821382837ec5b262ad38064facd7074fdba9d41e	7a2cfe798bdbc55aa86f6097bea12b2b94fdd74387c1b33ba829d862e9e6cb46	Client::socketFrameRead	ec597f69f73948e106650e8ed639b39a051a2abc60faae0e29962068271b52a7	-	T0069	intermediate-component	excluded	protocol/stream-parsing.md	Superseded or non-final component variant compared semantically; Delimiter extraction, draining and retained partial buffer; no leading-star resynchronization, bounded buffering or reconnect-tail reset in final local client; final endpoint or exact assertion is required before promotion
T0138	libqtdevices	13147e7aa6be92f4e62fe457c83c0e067ed63cf4	openclient.cpp	821382837ec5b262ad38064facd7074fdba9d41e	7a2cfe798bdbc55aa86f6097bea12b2b94fdd74387c1b33ba829d862e9e6cb46	Client::socketWaitForAck	7fd7011a964d55fde06dd22118c3e5e36f6b7ea6777608584d5bb6db3f6ed25a	-	-	intermediate-component	excluded	-	Superseded or non-final component variant compared semantically; Local transport declarations, compressor/regex, watchdog/keepalive/platform, logging or superseded monolithic lifecycle; no additional verified protocol vocabulary or global validity rule; final endpoint or exact assertion is required before promotion
T0139	libqtdevices	13147e7aa6be92f4e62fe457c83c0e067ed63cf4	openclient.cpp	821382837ec5b262ad38064facd7074fdba9d41e	7a2cfe798bdbc55aa86f6097bea12b2b94fdd74387c1b33ba829d862e9e6cb46	Client::ackReceived	53c9ee42a2991a2fa3c2e42792ccc27dff9f0bf85dbeced2ced168c0ab3a4742	-	-	intermediate-component	excluded	protocol/acknowledgements.md	Superseded or non-final component variant compared semantically; Separate reader WHO dispatch versus writer ACK/NACK FIFO; monitor status-request filter; unexpected-ACK release guard follows debug assertion and is not total malformed-input safety; final endpoint or exact assertion is required before promotion
T0140	libqtdevices	13147e7aa6be92f4e62fe457c83c0e067ed63cf4	openclient.cpp	821382837ec5b262ad38064facd7074fdba9d41e	7a2cfe798bdbc55aa86f6097bea12b2b94fdd74387c1b33ba829d862e9e6cb46	outside	c629521d9bfc38f6bbf74ce916d0e8b3ad40eb81a2136be938177e20f339fe78	-	T0099	intermediate-component	excluded	-	Superseded or non-final component variant compared semantically; Local transport declarations, compressor/regex, watchdog/keepalive/platform, logging or superseded monolithic lifecycle; no additional verified protocol vocabulary or global validity rule; final endpoint or exact assertion is required before promotion
T0141	libqtdevices	13147e7aa6be92f4e62fe457c83c0e067ed63cf4	openclient.h	3977f3b3580c8234dfa52481c7d56a7f3967d5b1	f4129102203fe2014ea14ea4bf841667154d2fcd877ea40312c75b0a2f89ce6c	flush	b614831f3c7df314204368afbdad1ce73f9be7b14266f60d036f13bc6536ee66	-	T0095	intermediate-component	excluded	-	Superseded or non-final component variant compared semantically; Local transport declarations, compressor/regex, watchdog/keepalive/platform, logging or superseded monolithic lifecycle; no additional verified protocol vocabulary or global validity rule; final endpoint or exact assertion is required before promotion
T0142	libqtdevices	13147e7aa6be92f4e62fe457c83c0e067ed63cf4	openclient.h	3977f3b3580c8234dfa52481c7d56a7f3967d5b1	f4129102203fe2014ea14ea4bf841667154d2fcd877ea40312c75b0a2f89ce6c	outside	3bf6d50fee8f04fd234c8e4e4a0122cc3aba87ba592e916bcb1030b253460891	-	T0104	intermediate-component	excluded	-	Superseded or non-final component variant compared semantically; Local transport declarations, compressor/regex, watchdog/keepalive/platform, logging or superseded monolithic lifecycle; no additional verified protocol vocabulary or global validity rule; final endpoint or exact assertion is required before promotion
T0143	libqtdevices	c509828ac8d6ef1abd81ce820887cdda18bb0744	test/test_clientwriter.cpp	f14017c464b594f0fbf8922eebfbf9262e927593	2d5ac26a6257eca5fb5edbcc738419a93283023081ac3991df0e6a232f1f65b4	TestClientWriter::testAck	2e11ab5cc714e127dbe30b4c0a7770849e35fbcf69f834d1e46cc3128075203a	QCOMPARE[1]:d9a29bb08f9b442ea5430e889795c0bb7b310f1b41100d04092e687dc4d7c135;QCOMPARE[2]:4a5fb1495a93047150889f1992f2e4cf1dca793af92c6864530c0c5340e5abe6	T0035	intermediate-component	excluded	protocol/acknowledgements.md	Superseded or non-final component variant compared semantically; Exact operation assertions for FIFO ACK/NACK, namespace subscribers, delay, batch duplicate removal and unacknowledged replay; setup bypass narrows test scope; final endpoint or exact assertion is required before promotion
T0144	libqtdevices	c509828ac8d6ef1abd81ce820887cdda18bb0744	test/test_clientwriter.cpp	f14017c464b594f0fbf8922eebfbf9262e927593	2d5ac26a6257eca5fb5edbcc738419a93283023081ac3991df0e6a232f1f65b4	TestClientWriter::testAckNotReceived	649e60e2a2199bfd0a0cfc19c26ba1b89a48e9074b46c91ca67a71fddf0d6398	QCOMPARE[1]:d9a29bb08f9b442ea5430e889795c0bb7b310f1b41100d04092e687dc4d7c135	T0036	intermediate-component	excluded	protocol/acknowledgements.md	Superseded or non-final component variant compared semantically; Exact operation assertions for FIFO ACK/NACK, namespace subscribers, delay, batch duplicate removal and unacknowledged replay; setup bypass narrows test scope; final endpoint or exact assertion is required before promotion
T0145	libqtdevices	c509828ac8d6ef1abd81ce820887cdda18bb0744	test/test_clientwriter.cpp	f14017c464b594f0fbf8922eebfbf9262e927593	2d5ac26a6257eca5fb5edbcc738419a93283023081ac3991df0e6a232f1f65b4	TestClientWriter::testNak	6c44f4351d0250ff449df7f38911d56736b89f35246ae1926e150b1a63021b9b	QCOMPARE[1]:2996d541bb9916e1f1de7d0e9af42e3e9228bea9d6e81268d5f1b1e5c769eb9c	T0037	intermediate-component	excluded	protocol/acknowledgements.md	Superseded or non-final component variant compared semantically; Exact operation assertions for FIFO ACK/NACK, namespace subscribers, delay, batch duplicate removal and unacknowledged replay; setup bypass narrows test scope; final endpoint or exact assertion is required before promotion
T0146	libqtdevices	c509828ac8d6ef1abd81ce820887cdda18bb0744	test/test_clientwriter.cpp	f14017c464b594f0fbf8922eebfbf9262e927593	2d5ac26a6257eca5fb5edbcc738419a93283023081ac3991df0e6a232f1f65b4	TestClientWriter::testAckMultipleWho	5981011f40a86f5efda7df203fa2173e3d58e249831bae2ad47f60d730a1a24b	QCOMPARE[1]:955a6c438a383784f4cdb16cf19f84b400edb3cd7b41f9de61b2b13ddf4bcd22	T0038	intermediate-component	excluded	protocol/acknowledgements.md	Superseded or non-final component variant compared semantically; Exact operation assertions for FIFO ACK/NACK, namespace subscribers, delay, batch duplicate removal and unacknowledged replay; setup bypass narrows test scope; final endpoint or exact assertion is required before promotion
T0147	libqtdevices	c509828ac8d6ef1abd81ce820887cdda18bb0744	test/test_clientwriter.cpp	f14017c464b594f0fbf8922eebfbf9262e927593	2d5ac26a6257eca5fb5edbcc738419a93283023081ac3991df0e6a232f1f65b4	TestClientWriter::testAckMultipleReceivers	8a85d440b85b2ca9595c7821a192027e7d62a22a3fe5353d0623e2aef838dcf1	QCOMPARE[1]:10176a389a3977eb65929999274dc5fafb8d1bc5c8b0a7b5452ac763788658f3;QCOMPARE[2]:1b79e312938713c0b811d0c0ac59bd425472652ad1023a79cc147a39569feca3;QCOMPARE[3]:3dbff783cb6bc6d1e959d79732b5170e0c98c4ed14a4490821a2b227ffc0029c	T0039	intermediate-component	excluded	protocol/acknowledgements.md	Superseded or non-final component variant compared semantically; Exact operation assertions for FIFO ACK/NACK, namespace subscribers, delay, batch duplicate removal and unacknowledged replay; setup bypass narrows test scope; final endpoint or exact assertion is required before promotion
T0148	libqtdevices	c509828ac8d6ef1abd81ce820887cdda18bb0744	test/test_clientwriter.cpp	f14017c464b594f0fbf8922eebfbf9262e927593	2d5ac26a6257eca5fb5edbcc738419a93283023081ac3991df0e6a232f1f65b4	TestClientWriter::testMultipleAckNak	310846b003d32347a306f0ef3b4a73a981d05d9feb52080c778a622cc33443ff	QCOMPARE[1]:955a6c438a383784f4cdb16cf19f84b400edb3cd7b41f9de61b2b13ddf4bcd22	T0040	intermediate-component	excluded	protocol/acknowledgements.md	Superseded or non-final component variant compared semantically; Exact operation assertions for FIFO ACK/NACK, namespace subscribers, delay, batch duplicate removal and unacknowledged replay; setup bypass narrows test scope; final endpoint or exact assertion is required before promotion
T0149	libqtdevices	c509828ac8d6ef1abd81ce820887cdda18bb0744	test/test_clientwriter.h	fba6c176f24a365a8281f3d700ceb283b2d17018	19b23eb730332482b347d9130b96049023cb22a2f64a9ab1bea24c642cb09be3	outside	9d2a83e81bece8701755b6eae9d47f4c314708d55a6ccde94939b76a98dbcd1d	-	T0100	intermediate-component	excluded	-	Superseded or non-final component variant compared semantically; Test scaffolding, socket polling, callback recording or wall-clock waits; no independently established wire semantics; final endpoint or exact assertion is required before promotion
T0150	libqtdevices	0a34085424e991c0b7de8ab71816e30c0de47bf5	openclient.cpp	45535e9b584feb1c5c61d2c95ec6d17cf6a4b72e	6a6aa17f1d115786bcd4c1603e5f34a9fb3b4b324963d75fabee59a20b284d51	Client::Client	4a81d2494b721e16b193c1fbe120f1dbb7377dbb6211be97d828a77157b52f97	-	T0125	intermediate-component	excluded	-	Superseded or non-final component variant compared semantically; Local transport declarations, compressor/regex, watchdog/keepalive/platform, logging or superseded monolithic lifecycle; no additional verified protocol vocabulary or global validity rule; final endpoint or exact assertion is required before promotion
T0151	libqtdevices	0a34085424e991c0b7de8ab71816e30c0de47bf5	openclient.cpp	45535e9b584feb1c5c61d2c95ec6d17cf6a4b72e	6a6aa17f1d115786bcd4c1603e5f34a9fb3b4b324963d75fabee59a20b284d51	Client::socketFrameRead	0f6d3affec4faf059ecf5e38229649dfcbef55884b9cfdc02e8343bc163db80a	-	T0137	intermediate-component	excluded	protocol/stream-parsing.md	Superseded or non-final component variant compared semantically; Delimiter extraction, draining and retained partial buffer; no leading-star resynchronization, bounded buffering or reconnect-tail reset in final local client; final endpoint or exact assertion is required before promotion
T0152	libqtdevices	6a8559b712650026348c6dcb61e709944234e2d6	openclient.cpp	f7a69bac9e333a3bcf4655bf54149db4e74a564d	4c547f956cbe9e46a8152ba17f36ca9fbfdc6849fa1f7b6b1bb4e5e20513adf8	Client::Client	5153c89f684fd39b00e42794e74993acdf089d65e01064120ce15bed586efefb	-	T0062	intermediate-component	excluded	-	Superseded or non-final component variant compared semantically; Local transport declarations, compressor/regex, watchdog/keepalive/platform, logging or superseded monolithic lifecycle; no additional verified protocol vocabulary or global validity rule; final endpoint or exact assertion is required before promotion
T0153	libqtdevices	3efb4e4b3f3fe82d69481b8a03ae636458b7f02f	test/test_clientwriter.cpp	4a685246142705a708381e5acffdb0edcf891bc9	089ec9d25400f134e11b94301615b674aadd60fc0d550e96eee840f6951d89f4	testSleep	a4d55864952ef0e775d835e3f38d33205f9e103fa155f02fd3b4ca2e53817811	-	-	intermediate-component	excluded	-	Superseded or non-final component variant compared semantically; Test scaffolding, socket polling, callback recording or wall-clock waits; no independently established wire semantics; final endpoint or exact assertion is required before promotion
T0154	libqtdevices	3efb4e4b3f3fe82d69481b8a03ae636458b7f02f	test/test_clientwriter.cpp	4a685246142705a708381e5acffdb0edcf891bc9	089ec9d25400f134e11b94301615b674aadd60fc0d550e96eee840f6951d89f4	outside	5bd93f4a9ca033ee170f27040d938c30cb73574fe3a892c2cdf6724f117f38b8	-	T0042	intermediate-component	excluded	-	Superseded or non-final component variant compared semantically; Test scaffolding, socket polling, callback recording or wall-clock waits; no independently established wire semantics; final endpoint or exact assertion is required before promotion
T0155	libqtdevices	15bd1665d24b013ba487860f1916bd6908c7f468	test/test_clientwriter.cpp	ceb8bce8e40a832a63ef09fba5d7c56bbf4b7792	42929fdc3eacf55be81c325aafcecbc9b2553b111518b20640b2309252428ae0	TestClientWriter::testMultipleAckNak	850307345ee4ef6024bc9475c83c413332be24e1c794cc5199198afd91c8047e	QCOMPARE[1]:d9a29bb08f9b442ea5430e889795c0bb7b310f1b41100d04092e687dc4d7c135;QCOMPARE[2]:955a6c438a383784f4cdb16cf19f84b400edb3cd7b41f9de61b2b13ddf4bcd22	T0148	intermediate-component	excluded	protocol/acknowledgements.md	Superseded or non-final component variant compared semantically; Exact operation assertions for FIFO ACK/NACK, namespace subscribers, delay, batch duplicate removal and unacknowledged replay; setup bypass narrows test scope; final endpoint or exact assertion is required before promotion
T0156	libqtdevices	15bd1665d24b013ba487860f1916bd6908c7f468	test/test_clientwriter.h	6ffb78aeea33a17ab0838e7c516236e0fe70caef	bd6673e8f4006547dd83b64f3ac820932f601be902f872ec1cb1014c0de49167	outside	f44369edc5bda4b67fd3508890ef375e34355bfeb73f9946aa855e1d37be6bfd	-	T0149	intermediate-component	excluded	-	Superseded or non-final component variant compared semantically; Test scaffolding, socket polling, callback recording or wall-clock waits; no independently established wire semantics; final endpoint or exact assertion is required before promotion
T0157	libqtdevices	fa65f5f5c58d619c7d1e8629a75715e1568bbb0b	frame_classes.cpp	74d184144c400e69bb4ed294298baf7b0caaa67a	da072683029dd5b4a44bba4664fa8734e054cc561adfd5e352bd12746a05233b	FrameSender::subscribeAck	1989f266339d0b67c60408ae08ec92bd14ea8717ab252f39149bfacb708d7383	Q_ASSERT_X[1]:d7d9f1c9d6fd583caf7999d8266998b7e57a34bc4c31a19cfbc809ad231a9485	T0121	intermediate-component	excluded	protocol/acknowledgements.md	Superseded or non-final component variant compared semantically; Reader/writer selection, initialization batching, delay and WHO subscription fan-out are local connection-ordering choices; no transaction ID or physical-state guarantee; final endpoint or exact assertion is required before promotion
T0158	libqtdevices	fa65f5f5c58d619c7d1e8629a75715e1568bbb0b	frame_classes.cpp	74d184144c400e69bb4ed294298baf7b0caaa67a	da072683029dd5b4a44bba4664fa8734e054cc561adfd5e352bd12746a05233b	FrameSender::~FrameSender	a24c2f59fa23597b3fc14d70ba074f680145ae17910a03a1506690498c12d734	-	T0123	intermediate-component	excluded	protocol/acknowledgements.md	Superseded or non-final component variant compared semantically; Reader/writer selection, initialization batching, delay and WHO subscription fan-out are local connection-ordering choices; no transaction ID or physical-state guarantee; final endpoint or exact assertion is required before promotion
T0159	libqtdevices	fa65f5f5c58d619c7d1e8629a75715e1568bbb0b	openclient.cpp	fbc30eb3dd178d728e702dc69efb50b8ce9f5543	3b1db91888f1eb06f0ef330d99a558eaad5e4475a1702a88e36b44e37c3b7248	outside	022cd86a98eacd84bdcba3b7f64b81a3d50436f151c7dea5079e547404d2dc33	-	T0099	intermediate-component	excluded	-	Superseded or non-final component variant compared semantically; Local transport declarations, compressor/regex, watchdog/keepalive/platform, logging or superseded monolithic lifecycle; no additional verified protocol vocabulary or global validity rule; final endpoint or exact assertion is required before promotion
T0160	libqtdevices	fa65f5f5c58d619c7d1e8629a75715e1568bbb0b	openclient.h	04ed67f0b11356f1e521d36418c7dd3860dd616a	495980cfd2b25857c614dae6d78e4d1ecada8fac96cdac149700a2eedaedb5af	outside	8019650ce8db6b65a6eedf196db6f7c3a990b692f31a3fdf4ac5343bc57686ab	-	T0104	intermediate-component	excluded	-	Superseded or non-final component variant compared semantically; Local transport declarations, compressor/regex, watchdog/keepalive/platform, logging or superseded monolithic lifecycle; no additional verified protocol vocabulary or global validity rule; final endpoint or exact assertion is required before promotion
T0161	libqtdevices	63815a47f7d1536491387120d02878717cb668d4	openclient.cpp	088841410768c41c34f72051c7778c9d873d7906	2ed45905ac6dae5a2693e3a7bdab7f8855b415b17b0c4e944227efe156a518bd	ClientWriter::ClientWriter	bf9df75eb84e6af86c84add6825caa2889985c439e54190d3f4c8827852a129e	-	T0077	intermediate-component	excluded	protocol/acknowledgements.md	Superseded or non-final component variant compared semantically; Historical local queue/batch/replay, delayed state reads or subscription transport implementation; unchanged wire families and no universal timing/delivery guarantee; final endpoint or exact assertion is required before promotion
T0162	libqtdevices	63815a47f7d1536491387120d02878717cb668d4	openclient.cpp	088841410768c41c34f72051c7778c9d873d7906	2ed45905ac6dae5a2693e3a7bdab7f8855b415b17b0c4e944227efe156a518bd	ClientWriter::sendFrameOpen	44ee40f7e72ce644df2541f0b4ea581331b2bed0507a008578f922ba905dff40	Q_ASSERT_X[1]:deaaa31eaaf6a6ee2ee1389268fc379f11753b2a1c7a07fc87f74a07dd3ac041	T0082	intermediate-component	excluded	protocol/acknowledgements.md	Superseded or non-final component variant compared semantically; Historical local queue/batch/replay, delayed state reads or subscription transport implementation; unchanged wire families and no universal timing/delivery guarantee; final endpoint or exact assertion is required before promotion
T0163	libqtdevices	63815a47f7d1536491387120d02878717cb668d4	openclient.cpp	088841410768c41c34f72051c7778c9d873d7906	2ed45905ac6dae5a2693e3a7bdab7f8855b415b17b0c4e944227efe156a518bd	outside	e5e044c79184344893aa28251f84e0e2e65ba1455aa9ec2715472564d7f24013	-	T0099	intermediate-component	excluded	-	Superseded or non-final component variant compared semantically; Local transport declarations, compressor/regex, watchdog/keepalive/platform, logging or superseded monolithic lifecycle; no additional verified protocol vocabulary or global validity rule; final endpoint or exact assertion is required before promotion
T0164	libqtdevices	63815a47f7d1536491387120d02878717cb668d4	openclient.h	22ae8fa1580a9853bd7dafde244a2864adf61743	665db1d785508f3aae31427cf4c5900c749120d8c67384c9304a30c37f909284	outside	15b9af71a2aa75a0df6e9800999211f4da46e07549a83694f7c59ecade5a2cbb	-	T0160	intermediate-component	excluded	-	Superseded or non-final component variant compared semantically; Local transport declarations, compressor/regex, watchdog/keepalive/platform, logging or superseded monolithic lifecycle; no additional verified protocol vocabulary or global validity rule; final endpoint or exact assertion is required before promotion
T0165	libqtdevices	e5008b25d8d447097e8234b41a076289eab2f8ca	frame_classes.cpp	6ea2d8d92570fce807ea516c70e832836de82f98	696b82c0a9ed81163fbc24edb823c65302b430c350f399eed6c5ac7e58146ad3	FrameSender::delayFrames	011c649fbaf61521464878d8b6df5d70e24839a2800f59304c07c0f9a616c23b	-	T0122	intermediate-component	excluded	protocol/acknowledgements.md	Superseded or non-final component variant compared semantically; Reader/writer selection, initialization batching, delay and WHO subscription fan-out are local connection-ordering choices; no transaction ID or physical-state guarantee; final endpoint or exact assertion is required before promotion
T0166	libqtdevices	e5008b25d8d447097e8234b41a076289eab2f8ca	openclient.cpp	1a6d89499dbeab6c1a0e63b7ecee36b780f78265	13c0cbc1bb655d1b9b3d0ebca34377a6cf8e994e40d8cb32a03a72022f21798f	ClientReader::manageFrame	16caa6fb78f51be688e6ebaf132493139d5b40f30b9a2ed877a7aebeeac6145f	-	T0091	intermediate-component	excluded	protocol/acknowledgements.md	Superseded or non-final component variant compared semantically; Separate reader WHO dispatch versus writer ACK/NACK FIFO; monitor status-request filter; unexpected-ACK release guard follows debug assertion and is not total malformed-input safety; final endpoint or exact assertion is required before promotion
T0167	libqtdevices	e5008b25d8d447097e8234b41a076289eab2f8ca	openclient.cpp	1a6d89499dbeab6c1a0e63b7ecee36b780f78265	13c0cbc1bb655d1b9b3d0ebca34377a6cf8e994e40d8cb32a03a72022f21798f	ClientWriter::ClientWriter	72de3846c978247020aa05ecd693ae3559dc1a08a07a40fd691e51e51e918484	-	T0161	intermediate-component	excluded	protocol/acknowledgements.md	Superseded or non-final component variant compared semantically; Historical local queue/batch/replay, delayed state reads or subscription transport implementation; unchanged wire families and no universal timing/delivery guarantee; final endpoint or exact assertion is required before promotion
T0168	libqtdevices	e5008b25d8d447097e8234b41a076289eab2f8ca	openclient.cpp	1a6d89499dbeab6c1a0e63b7ecee36b780f78265	13c0cbc1bb655d1b9b3d0ebca34377a6cf8e994e40d8cb32a03a72022f21798f	ClientWriter::sendFrameOpen	fa6e40a00c6e071681652c59066827245be6981b1bce52b146d6608a902d46b1	-	T0162	intermediate-component	excluded	protocol/acknowledgements.md	Superseded or non-final component variant compared semantically; Historical local queue/batch/replay, delayed state reads or subscription transport implementation; unchanged wire families and no universal timing/delivery guarantee; final endpoint or exact assertion is required before promotion
T0169	libqtdevices	e5008b25d8d447097e8234b41a076289eab2f8ca	openclient.cpp	1a6d89499dbeab6c1a0e63b7ecee36b780f78265	13c0cbc1bb655d1b9b3d0ebca34377a6cf8e994e40d8cb32a03a72022f21798f	outside	d581dcfde1fdab52b05eec925378805e56bfece07996365b5dab95732e514ab5	-	T0163	intermediate-component	excluded	-	Superseded or non-final component variant compared semantically; Local transport declarations, compressor/regex, watchdog/keepalive/platform, logging or superseded monolithic lifecycle; no additional verified protocol vocabulary or global validity rule; final endpoint or exact assertion is required before promotion
T0170	libqtdevices	e5008b25d8d447097e8234b41a076289eab2f8ca	openclient.h	8da1bdc8ca79a075d5269877934ea81b006e4683	837e6f9571da5b691f8383eeac905049f44a6a1846c452883a2efb9dcd22be63	outside	08f272a5ef874128c0bd354a7f27a811123cfbd6b28d346caf28c98bb436becb	-	T0164	intermediate-component	excluded	-	Superseded or non-final component variant compared semantically; Local transport declarations, compressor/regex, watchdog/keepalive/platform, logging or superseded monolithic lifecycle; no additional verified protocol vocabulary or global validity rule; final endpoint or exact assertion is required before promotion
T0171	libqtdevices	f504a1eb6b571303c2adddd348aa4fb1308870a2	openclient.cpp	6f474133cd98b00ef4a5649a522250f269a52e0f	516a7d7a8da7f8823e1593a20f018f2c591eeae160fd9c1c79103bf309bad1a1	ClientReader::manageFrame	41c2937db65aee56bf2d07c66f69860482dbe0a668555f6f1e4896136eaee656	-	T0091	intermediate-component	excluded	protocol/acknowledgements.md	Superseded or non-final component variant compared semantically; Separate reader WHO dispatch versus writer ACK/NACK FIFO; monitor status-request filter; unexpected-ACK release guard follows debug assertion and is not total malformed-input safety; final endpoint or exact assertion is required before promotion
T0172	libqtdevices	f504a1eb6b571303c2adddd348aa4fb1308870a2	openclient.cpp	6f474133cd98b00ef4a5649a522250f269a52e0f	516a7d7a8da7f8823e1593a20f018f2c591eeae160fd9c1c79103bf309bad1a1	ClientReader::dispatchFrame	8226e6870c054245a9f4efec6e20fb5ea3cc2391f5587cf3c1ac61c8204173dc	-	-	intermediate-component	excluded	protocol/acknowledgements.md	Superseded or non-final component variant compared semantically; Separate reader WHO dispatch versus writer ACK/NACK FIFO; monitor status-request filter; unexpected-ACK release guard follows debug assertion and is not total malformed-input safety; final endpoint or exact assertion is required before promotion
T0173	libqtdevices	f504a1eb6b571303c2adddd348aa4fb1308870a2	openclient.cpp	6f474133cd98b00ef4a5649a522250f269a52e0f	516a7d7a8da7f8823e1593a20f018f2c591eeae160fd9c1c79103bf309bad1a1	ClientReader::unsubscribe	16d908c57b91f9b49ac58343c200a0c37fa7ee0d02fb22f4dda3b5e697826f7a	-	T0076	intermediate-component	excluded	protocol/acknowledgements.md	Superseded or non-final component variant compared semantically; Historical local queue/batch/replay, delayed state reads or subscription transport implementation; unchanged wire families and no universal timing/delivery guarantee; final endpoint or exact assertion is required before promotion
T0174	libqtdevices	f504a1eb6b571303c2adddd348aa4fb1308870a2	openclient.cpp	6f474133cd98b00ef4a5649a522250f269a52e0f	516a7d7a8da7f8823e1593a20f018f2c591eeae160fd9c1c79103bf309bad1a1	ClientWriter::manageFrame	d15f1715bdd5b7967ab67fb48a277af6084fbea024def8de8cfafac953826e5f	Q_ASSERT_X[1]:f7d78e204a672c4897a368a41bc48beaf8103b552ab3cd83fdfc2e5d99530546	T0081	intermediate-component	excluded	protocol/acknowledgements.md	Superseded or non-final component variant compared semantically; Separate reader WHO dispatch versus writer ACK/NACK FIFO; monitor status-request filter; unexpected-ACK release guard follows debug assertion and is not total malformed-input safety; final endpoint or exact assertion is required before promotion
T0175	libqtdevices	f504a1eb6b571303c2adddd348aa4fb1308870a2	openclient.cpp	6f474133cd98b00ef4a5649a522250f269a52e0f	516a7d7a8da7f8823e1593a20f018f2c591eeae160fd9c1c79103bf309bad1a1	outside	5bb9ea401d3633ce2e95da19fd5fec2c22bdcb5df9540784d605a4194672070b	-	T0140	intermediate-component	excluded	-	Superseded or non-final component variant compared semantically; Local transport declarations, compressor/regex, watchdog/keepalive/platform, logging or superseded monolithic lifecycle; no additional verified protocol vocabulary or global validity rule; final endpoint or exact assertion is required before promotion
T0176	libqtdevices	f504a1eb6b571303c2adddd348aa4fb1308870a2	openclient.h	d92b32001fdf70fdb61f74dd70802ff4c7f7e97c	7c734c0c0268afc061ee7f22d12bf3593a3d20b4c5e96a6ba356c8302e8ece96	outside	2bc80eecb424ba57a5b89e215fc808484ee7291fd0e4672b10413b9fdcbd905e	-	T0170	intermediate-component	excluded	-	Superseded or non-final component variant compared semantically; Local transport declarations, compressor/regex, watchdog/keepalive/platform, logging or superseded monolithic lifecycle; no additional verified protocol vocabulary or global validity rule; final endpoint or exact assertion is required before promotion
T0177	libqtdevices	5d00ec2b4c0874901ed8e35868ff866d3077f1da	test/test_xmlclient.cpp	e3555238e1e812cd99aa2236026dc3c1a45985a3	72a5d8ee0dc5a54d5630b7d2e6292fbccb488f8319dd6bb930df4282e39584bc	TestXmlClient::testSimple	a5c85a99b800e5bd723308bb82500c9460e66a6c731f566a07d8bc19b5790960	QVERIFY[1]:39ed25fdabe2a19dd8895537eaf44e2c3b064818c67f30364e83e5517065d724;QCOMPARE[2]:c99952d44ad5822ec52a87fd2e9aaf0866fa12cf22779516949e2c559a83ecb5;QCOMPARE[3]:d44a13cc14e20bf3df12f70eb79221eb1e06bfb3a5bbf9abff8259095dc66e8c	T0046	intermediate-component	excluded	protocol/stream-parsing.md	Superseded or non-final component variant compared semantically; Final direct single-envelope assertion preserves newline; earlier simplified expectation superseded; final endpoint or exact assertion is required before promotion
T0178	libqtdevices	5d00ec2b4c0874901ed8e35868ff866d3077f1da	test/test_xmlclient.cpp	e3555238e1e812cd99aa2236026dc3c1a45985a3	72a5d8ee0dc5a54d5630b7d2e6292fbccb488f8319dd6bb930df4282e39584bc	TestXmlClient::testDouble	9f7b662d47aaf75d33f61d5ece8db940d4acacc7c15f8137f2b7d5d22edb937e	QVERIFY[1]:39ed25fdabe2a19dd8895537eaf44e2c3b064818c67f30364e83e5517065d724;QCOMPARE[2]:575cf7c662d30c8d484490dce1d68049eb0bb8632b2b247f18f07c417fce610d;QCOMPARE[3]:35af622657862f8451d6f4cf040709e22bf41617537815724f19ae03a3199202	T0047	intermediate-component	excluded	protocol/stream-parsing.md	Superseded or non-final component variant compared semantically; Two-event count assertions retained; takeFirst followed by remaining spy.count only checks first event argument, not both payloads/order; independent harness checks both; final endpoint or exact assertion is required before promotion
T0179	libqtdevices	5d00ec2b4c0874901ed8e35868ff866d3077f1da	test/test_xmlclient.cpp	e3555238e1e812cd99aa2236026dc3c1a45985a3	72a5d8ee0dc5a54d5630b7d2e6292fbccb488f8319dd6bb930df4282e39584bc	TestXmlClient::testGarbage	aab51a901e862af982bd84f1a1368cabc25344597b33f9da161204417c31f826	QVERIFY[1]:39ed25fdabe2a19dd8895537eaf44e2c3b064818c67f30364e83e5517065d724;QCOMPARE[2]:575cf7c662d30c8d484490dce1d68049eb0bb8632b2b247f18f07c417fce610d;QCOMPARE[3]:72d401bbc08173920678a0908b2979ff79687bade4203b9ba7805c460765b10e	T0048	intermediate-component	excluded	protocol/stream-parsing.md	Superseded or non-final component variant compared semantically; Two-event count assertions retained; takeFirst followed by remaining spy.count only checks first event argument, not both payloads/order; independent harness checks both; final endpoint or exact assertion is required before promotion
T0180	libqtdevices	a2f73399a2396ced598fc08edab71edc250f9b57	openclient.h	37dc2dbb3ba02361d79874e4c83e48b6b0e11cbf	e0a1d73fb8fb5cc3f3af3cb5014b1de19f93130edc4b7952cf51eefd22f531fc	outside	ac9b78902ae9d504e8574474a7b32e115e0276013c6c0252eef0d64fdb58b7b6	-	T0176	intermediate-component	excluded	-	Superseded or non-final component variant compared semantically; Local transport declarations, compressor/regex, watchdog/keepalive/platform, logging or superseded monolithic lifecycle; no additional verified protocol vocabulary or global validity rule; final endpoint or exact assertion is required before promotion
T0181	libqtdevices	46cd8343733d22d892efe9ca1436bf6d83f7ed06	openclient.cpp	bb27fa484e796e775e8a991cc55b27d30983d2c5	e0e4efa304754c0f10a4816dc8eeffeb9270603863097a83d40ae79f79e69fed	Client::socketConnected	925e333f117f9da284ee484a24c6aa1e1514b8af9f0bf349485aa92ca4af2b55	-	T0065	intermediate-component	excluded	protocol/sessions.md	Superseded or non-final component variant compared semantically; Local connected lifecycle occurs on TCP callback before selector; pending frames/setup placeholders are implementation bookkeeping, not authentication or selector acceptance; final endpoint or exact assertion is required before promotion
T0182	libqtdevices	46cd8343733d22d892efe9ca1436bf6d83f7ed06	openclient.cpp	bb27fa484e796e775e8a991cc55b27d30983d2c5	e0e4efa304754c0f10a4816dc8eeffeb9270603863097a83d40ae79f79e69fed	ClientReader::manageFrame	97ca4b13f3fa47dbf4cf11578b6f824c8778fd6f8435ef60d9ac8a0bc4aa697a	-	T0171	intermediate-component	excluded	protocol/acknowledgements.md	Superseded or non-final component variant compared semantically; Separate reader WHO dispatch versus writer ACK/NACK FIFO; monitor status-request filter; unexpected-ACK release guard follows debug assertion and is not total malformed-input safety; final endpoint or exact assertion is required before promotion
T0183	libqtdevices	46cd8343733d22d892efe9ca1436bf6d83f7ed06	openclient.cpp	bb27fa484e796e775e8a991cc55b27d30983d2c5	e0e4efa304754c0f10a4816dc8eeffeb9270603863097a83d40ae79f79e69fed	ClientWriter::manageFrame	093c2a4a17225af461f6110096c07beba445473727ffadd154c60f710edcb574	-	T0174	intermediate-component	excluded	protocol/acknowledgements.md	Superseded or non-final component variant compared semantically; Separate reader WHO dispatch versus writer ACK/NACK FIFO; monitor status-request filter; unexpected-ACK release guard follows debug assertion and is not total malformed-input safety; final endpoint or exact assertion is required before promotion
T0184	libqtdevices	46cd8343733d22d892efe9ca1436bf6d83f7ed06	openclient.cpp	bb27fa484e796e775e8a991cc55b27d30983d2c5	e0e4efa304754c0f10a4816dc8eeffeb9270603863097a83d40ae79f79e69fed	ClientWriter::sendFrameOpen	0dd665c5023738cd513e7687fe52f3783988d79022306448907c7d3996a72e5e	-	T0168	intermediate-component	excluded	protocol/acknowledgements.md	Superseded or non-final component variant compared semantically; Historical local queue/batch/replay, delayed state reads or subscription transport implementation; unchanged wire families and no universal timing/delivery guarantee; final endpoint or exact assertion is required before promotion
T0185	libqtdevices	46cd8343733d22d892efe9ca1436bf6d83f7ed06	openclient.cpp	bb27fa484e796e775e8a991cc55b27d30983d2c5	e0e4efa304754c0f10a4816dc8eeffeb9270603863097a83d40ae79f79e69fed	ClientWriter::socketConnected	1c4564b1709dd2fbcc2a0e19bbc7c45c7052dac26e91e76f3bacdfbec1d7dada	-	T0083	intermediate-component	excluded	protocol/sessions.md	Superseded or non-final component variant compared semantically; Local connected lifecycle occurs on TCP callback before selector; pending frames/setup placeholders are implementation bookkeeping, not authentication or selector acceptance; final endpoint or exact assertion is required before promotion
T0186	libqtdevices	46cd8343733d22d892efe9ca1436bf6d83f7ed06	openclient.cpp	bb27fa484e796e775e8a991cc55b27d30983d2c5	e0e4efa304754c0f10a4816dc8eeffeb9270603863097a83d40ae79f79e69fed	ClientWriter::sendFrames	5c29913f6d96705f627bb7aebce08c81a6a325b445f4918c7105e98c484209ff	-	T0101	intermediate-component	excluded	protocol/acknowledgements.md	Superseded or non-final component variant compared semantically; Historical local queue/batch/replay, delayed state reads or subscription transport implementation; unchanged wire families and no universal timing/delivery guarantee; final endpoint or exact assertion is required before promotion
T0187	libqtdevices	46cd8343733d22d892efe9ca1436bf6d83f7ed06	openclient.h	7e79326fd706d58e428233cc7001aed61c2ff3b9	1b1eaaaf1837fb5e2293666d6f4711ecb161996c00c4b7f67be3cbc99c975858	outside	7f83dbb7d231315583a1e9059dabcdd5d8997b5240ee5d3b6f910d5f0a03e66f	-	T0180	intermediate-component	excluded	-	Superseded or non-final component variant compared semantically; Local transport declarations, compressor/regex, watchdog/keepalive/platform, logging or superseded monolithic lifecycle; no additional verified protocol vocabulary or global validity rule; final endpoint or exact assertion is required before promotion
T0188	libqtdevices	24b37a03475ee83db353f2f5f6913a7fde8d1c0e	openclient.cpp	d04895990a3a6a9f06d79b900006d0c4bbc4ca93	0a2990a0ecf49a2127629f0f4e84b4f96a617c7d7fc8188a0622506d6e710775	ClientReader::forwardFrame	1dbe2514d7bf020c2bbde3ce0c0709ccb8e576c5c1533a9855f3217099a4b52c	-	T0074	intermediate-component	excluded	-	Superseded or non-final component variant compared semantically; Local transport declarations, compressor/regex, watchdog/keepalive/platform, logging or superseded monolithic lifecycle; no additional verified protocol vocabulary or global validity rule; final endpoint or exact assertion is required before promotion
T0189	libqtdevices	24b37a03475ee83db353f2f5f6913a7fde8d1c0e	openclient.cpp	d04895990a3a6a9f06d79b900006d0c4bbc4ca93	0a2990a0ecf49a2127629f0f4e84b4f96a617c7d7fc8188a0622506d6e710775	ClientReader::dispatchFrame	f8c062cf44a92d75c20c784aa9ec50c190093bdd68409862445427be257f584d	-	T0172	intermediate-component	excluded	protocol/acknowledgements.md	Superseded or non-final component variant compared semantically; Separate reader WHO dispatch versus writer ACK/NACK FIFO; monitor status-request filter; unexpected-ACK release guard follows debug assertion and is not total malformed-input safety; final endpoint or exact assertion is required before promotion
T0190	libqtdevices	24b37a03475ee83db353f2f5f6913a7fde8d1c0e	openclient.cpp	d04895990a3a6a9f06d79b900006d0c4bbc4ca93	0a2990a0ecf49a2127629f0f4e84b4f96a617c7d7fc8188a0622506d6e710775	ClientReader::sendFrameOpen	b1baa77bf947447d712422a9d59319d8ded28224700da05f675d2e85206bc77b	Q_ASSERT_X[1]:997cb4bd68d9ddc739362a5b978978b6cd2922b443a1fb688cd77b76ef3a8a2c	-	intermediate-component	excluded	protocol/acknowledgements.md	Superseded or non-final component variant compared semantically; Historical local queue/batch/replay, delayed state reads or subscription transport implementation; unchanged wire families and no universal timing/delivery guarantee; final endpoint or exact assertion is required before promotion
T0191	libqtdevices	24b37a03475ee83db353f2f5f6913a7fde8d1c0e	openclient.cpp	d04895990a3a6a9f06d79b900006d0c4bbc4ca93	0a2990a0ecf49a2127629f0f4e84b4f96a617c7d7fc8188a0622506d6e710775	ClientWriter::forwardFrame	904db17932283f505764c3060d5f7c8197dfdadc3dd2578d2c6c417ca1ba09ce	Q_ASSERT_X[1]:afb83687e02d0f1e6091d66fc1f9d06113255f118d779afb11ecf28b8e7595db	-	intermediate-component	excluded	protocol/acknowledgements.md	Superseded or non-final component variant compared semantically; Historical local queue/batch/replay, delayed state reads or subscription transport implementation; unchanged wire families and no universal timing/delivery guarantee; final endpoint or exact assertion is required before promotion
T0192	libqtdevices	24b37a03475ee83db353f2f5f6913a7fde8d1c0e	openclient.cpp	d04895990a3a6a9f06d79b900006d0c4bbc4ca93	0a2990a0ecf49a2127629f0f4e84b4f96a617c7d7fc8188a0622506d6e710775	ClientWriter::subscribe	2ed13653de49f7b52820e7a5ba43f16fe1044041f59a791697ca00ea2b8f36e8	Q_ASSERT_X[1]:047a2f02fed384f01fd48b8bdd3593f51edb24ecbb2f01cd9dffd1c897e16a4e	-	intermediate-component	excluded	protocol/acknowledgements.md	Superseded or non-final component variant compared semantically; Historical local queue/batch/replay, delayed state reads or subscription transport implementation; unchanged wire families and no universal timing/delivery guarantee; final endpoint or exact assertion is required before promotion
T0193	libqtdevices	24b37a03475ee83db353f2f5f6913a7fde8d1c0e	openclient.cpp	d04895990a3a6a9f06d79b900006d0c4bbc4ca93	0a2990a0ecf49a2127629f0f4e84b4f96a617c7d7fc8188a0622506d6e710775	ClientWriter::unsubscribe	9515f939f09e9c8198ea10b36ef1d7d2df79bf253ac854c25ef8d35fe9504a51	Q_ASSERT_X[1]:d6b92ffeb5db4c42e6e913964ae59a6040ba8fdb1d1ba06b40b021a043b7cff5	-	intermediate-component	excluded	protocol/acknowledgements.md	Superseded or non-final component variant compared semantically; Historical local queue/batch/replay, delayed state reads or subscription transport implementation; unchanged wire families and no universal timing/delivery guarantee; final endpoint or exact assertion is required before promotion
T0194	libqtdevices	24b37a03475ee83db353f2f5f6913a7fde8d1c0e	openclient.cpp	d04895990a3a6a9f06d79b900006d0c4bbc4ca93	0a2990a0ecf49a2127629f0f4e84b4f96a617c7d7fc8188a0622506d6e710775	getClient	c862204bef0f2e7670a0c506619e1ba407e67083f8e1b1a890ac2c5656183f4d	-	-	intermediate-component	excluded	-	Superseded or non-final component variant compared semantically; Local transport declarations, compressor/regex, watchdog/keepalive/platform, logging or superseded monolithic lifecycle; no additional verified protocol vocabulary or global validity rule; final endpoint or exact assertion is required before promotion
T0195	libqtdevices	24b37a03475ee83db353f2f5f6913a7fde8d1c0e	openclient.h	445a5d13fd388b28908c027aece2aca02641bc24	7da25e3e6d83d533228c5d953f511032d9e49b968a89b8f2c10991026817aade	outside	420f1eb202f049b4b78932d6818535219555fc99f2dd0ddaee9255d55f337e38	-	T0187	intermediate-component	excluded	-	Superseded or non-final component variant compared semantically; Local transport declarations, compressor/regex, watchdog/keepalive/platform, logging or superseded monolithic lifecycle; no additional verified protocol vocabulary or global validity rule; final endpoint or exact assertion is required before promotion
T0196	libqtdevices	d08f65ca5484b9c29804f0f0a95bf724af5acbd6	openclient.cpp	a4589f6a9cddbec3d1f3b3ab115f08bb1ae5d92d	02674c59caf8ce1c6a91ab802b1753181e7cb42cbb6cf30fac8429bd99848183	Client::manageFrame	b074d4263e08aa36ff2584d0408c45560145ec5efd29aff95ab6441edd071f3c	-	T0132	intermediate-component	excluded	-	Superseded or non-final component variant compared semantically; Local transport declarations, compressor/regex, watchdog/keepalive/platform, logging or superseded monolithic lifecycle; no additional verified protocol vocabulary or global validity rule; final endpoint or exact assertion is required before promotion
T0197	libqtdevices	d08f65ca5484b9c29804f0f0a95bf724af5acbd6	openclient.cpp	a4589f6a9cddbec3d1f3b3ab115f08bb1ae5d92d	02674c59caf8ce1c6a91ab802b1753181e7cb42cbb6cf30fac8429bd99848183	getClient	4ec91629bc7322d03f413ca535660904e90df3852f9f6ad4e020ac759e5ad6b7	-	T0194	intermediate-component	excluded	-	Superseded or non-final component variant compared semantically; Local transport declarations, compressor/regex, watchdog/keepalive/platform, logging or superseded monolithic lifecycle; no additional verified protocol vocabulary or global validity rule; final endpoint or exact assertion is required before promotion
T0198	libqtdevices	d08f65ca5484b9c29804f0f0a95bf724af5acbd6	openclient.h	e6fcfdc804605d2c8021f5b4a6303486cbaa5352	171ba2e5315c96f593903a9c4097cab01908557e4d69f11d742f4e53f0dc6fcc	outside	e3cb8fdbbcdb93b3f4c7610c494230ab065fbf5a1fd13d947d5579c5f5ac8cae	-	T0142	intermediate-component	excluded	-	Superseded or non-final component variant compared semantically; Local transport declarations, compressor/regex, watchdog/keepalive/platform, logging or superseded monolithic lifecycle; no additional verified protocol vocabulary or global validity rule; final endpoint or exact assertion is required before promotion
T0199	libqtdevices	9553d93605df6e5aecbcfbfd75758da67ff5b3c6	xmlclient.cpp	21f999906b8cec6241968b575e5aa6b20ccae407	30c2df30ca237dba4ee1a116383ccaf44a02b33461f38acae64c7b6ef5b44ae9	XmlClient::receiveData	e21671cef9970b5a1a06efe109cf6ab52145551cb0084fd962d67af870b068fb	-	T0056	intermediate-component	excluded	protocol/stream-parsing.md	Superseded or non-final component variant compared semantically; OWNxml envelope buffering preserves interior whitespace in final trimmed implementation; separate per-read UTF-8 conversion corrupts split multibyte characters; old simplified/implicit decoding superseded; final endpoint or exact assertion is required before promotion
T0200	libqtdevices	9553d93605df6e5aecbcfbfd75758da67ff5b3c6	xmlclient.cpp	21f999906b8cec6241968b575e5aa6b20ccae407	30c2df30ca237dba4ee1a116383ccaf44a02b33461f38acae64c7b6ef5b44ae9	XmlClient::parseData	f4e18cd8b464ecb96eb6ecb5b214981b5ab5da2fbab0e1ca56aa8f74c8b3413b	-	T0058	intermediate-component	excluded	protocol/stream-parsing.md	Superseded or non-final component variant compared semantically; OWNxml envelope buffering preserves interior whitespace in final trimmed implementation; separate per-read UTF-8 conversion corrupts split multibyte characters; old simplified/implicit decoding superseded; final endpoint or exact assertion is required before promotion
T0201	libqtdevices	8bfa1165cfe5cecdc832e4eb920e873c0f01edf7	xmlclient.cpp	fce8d8edb4df54b0da9f141fac73d78eaca00ed7	f8a9f3817255b1de76dcde578e221363c15da9e2eb977e4d26b6a1de3945a327	XmlClient::receiveData	f1479f896754814f7811419c697ee7b9b50a6c4be326ffa86e3c2f8d512259d6	-	T0056	intermediate-component	excluded	protocol/stream-parsing.md	Superseded or non-final component variant compared semantically; OWNxml envelope buffering preserves interior whitespace in final trimmed implementation; separate per-read UTF-8 conversion corrupts split multibyte characters; old simplified/implicit decoding superseded; final endpoint or exact assertion is required before promotion
T0202	libqtdevices	8bfa1165cfe5cecdc832e4eb920e873c0f01edf7	xmlclient.cpp	fce8d8edb4df54b0da9f141fac73d78eaca00ed7	f8a9f3817255b1de76dcde578e221363c15da9e2eb977e4d26b6a1de3945a327	XmlClient::parseData	9959e06cdd2c782e3d657b5b9a6a76ffdcd1988fd12a47ebb131c9a46e0193f9	-	T0058	intermediate-component	excluded	protocol/stream-parsing.md	Superseded or non-final component variant compared semantically; OWNxml envelope buffering preserves interior whitespace in final trimmed implementation; separate per-read UTF-8 conversion corrupts split multibyte characters; old simplified/implicit decoding superseded; final endpoint or exact assertion is required before promotion
T0203	libqtdevices	8bfa1165cfe5cecdc832e4eb920e873c0f01edf7	xmlclient.cpp	fce8d8edb4df54b0da9f141fac73d78eaca00ed7	f8a9f3817255b1de76dcde578e221363c15da9e2eb977e4d26b6a1de3945a327	outside	4b9f4e0e3fac0377bdc7319e7aa621afd465f3ae6fab2ad5ba4bebd642c6e590	-	T0059	intermediate-component	excluded	-	Superseded or non-final component variant compared semantically; XML transport object/socket lifecycle, declarations, logging and local endpoint defaults; no additional numeric OpenWebNet rule or universal XML port; final endpoint or exact assertion is required before promotion
T0204	libqtdevices	587c09b42771bf3690bed5bd59c3a2ccb5b01985	xmlclient.h	03c498fc6afd91f92f7116993d93bf716ad0848e	7a8f77c9c4bf400444eeb5b3035435b946c66763743b558a5feab12ea25b1186	outside	9a0dfa411cf55e3d6943347f8575198f43d43805ed1b1199222b7520a7ed055d	-	T0060	intermediate-component	excluded	-	Superseded or non-final component variant compared semantically; XML transport object/socket lifecycle, declarations, logging and local endpoint defaults; no additional numeric OpenWebNet rule or universal XML port; final endpoint or exact assertion is required before promotion
T0205	libqtdevices	9f31c439d1659de413b14ad11ff626e738d1d94d	xmlclient.cpp	c6d8cf82668f826d0734521bc01cc7fd7af54b08	a42444fc4e9a8144f8d04090342e82bff50c86361e9f9abe2a99ffbfe319d848	XmlClient::XmlClient	8098247d05ffa241448eb406ff15f00735dfb384fda52543cd78edf2b330a2bd	-	T0051	intermediate-component	excluded	-	Superseded or non-final component variant compared semantically; XML transport object/socket lifecycle, declarations, logging and local endpoint defaults; no additional numeric OpenWebNet rule or universal XML port; final endpoint or exact assertion is required before promotion
T0206	libqtdevices	9f31c439d1659de413b14ad11ff626e738d1d94d	xmlclient.cpp	c6d8cf82668f826d0734521bc01cc7fd7af54b08	a42444fc4e9a8144f8d04090342e82bff50c86361e9f9abe2a99ffbfe319d848	XmlClient::parseData	f1d77b1fccb17f8499bf86a1d49464d8d7c87df26a3d93ba462ca511fb2dc326	-	T0202	intermediate-component	excluded	protocol/stream-parsing.md	Superseded or non-final component variant compared semantically; OWNxml envelope buffering preserves interior whitespace in final trimmed implementation; separate per-read UTF-8 conversion corrupts split multibyte characters; old simplified/implicit decoding superseded; final endpoint or exact assertion is required before promotion
T0207	libqtdevices	9f31c439d1659de413b14ad11ff626e738d1d94d	xmlclient.h	737788a2e38d64dec43711a29ddd2ed89481c890	ae6d10b814d2f4b0606b545af9badc18d3b71cfccfb822ce0945b97d95a659bd	outside	9db6acdbb5891ac50f891ca28a913c30846051c52da5ad945d9af6cdc5b430e1	-	T0204	intermediate-component	excluded	-	Superseded or non-final component variant compared semantically; XML transport object/socket lifecycle, declarations, logging and local endpoint defaults; no additional numeric OpenWebNet rule or universal XML port; final endpoint or exact assertion is required before promotion
T0208	libqtdevices	4138882460b7173f94c0d216410baa5b96cc1ba4	frame_functions.h	d8ef8e2ea84073883990ef3f9359486759dab8ce	33253d0b0458adf03e5f0bbff3a71497b9ec1ea6c02ec28e4b458f3814b18ff7	outside	978a9725257f7249ca5998cb9d4a7c90336213c30f935731cfacc341d4897e3a	-	-	pinned-component	corroborates	protocol/frame-syntax.md	Four exact QString wire constructors preserve caller strings/empty fields; family classifiers delegate to absent external OpenMsg stack, whose acceptance grammar is unresolved
T0209	libqtdevices	01ca4001f12a9759c54a9cf79b02e75ced6ad21b	xmlclient.cpp	6668c1b4a2a2571c0d9dcdf8fe9d5afd97d7a140	bec47f114612cafcda7448e46e8071b8f399402240626bce14248524ce5cacdc	XmlClient::XmlClient	a7b74cb6041e509d5e47f734ef9c7d096cf1bdcc3287b5d32bd4f16fee78f6f0	-	T0205	intermediate-component	excluded	-	Superseded or non-final component variant compared semantically; XML transport object/socket lifecycle, declarations, logging and local endpoint defaults; no additional numeric OpenWebNet rule or universal XML port; final endpoint or exact assertion is required before promotion
T0210	libqtdevices	01ca4001f12a9759c54a9cf79b02e75ced6ad21b	xmlclient.h	dfda76796833f64c4389d3ec52d791556e8e1de0	c381f16a788833cb3c6ca8e7c56145e1cae069fb0cfb012273fe8f5ce591c685	outside	88ed2c76208c87b2fb08939800461b5557b4e4612a11cd287b3e0b086fa72217	-	T0207	intermediate-component	excluded	-	Superseded or non-final component variant compared semantically; XML transport object/socket lifecycle, declarations, logging and local endpoint defaults; no additional numeric OpenWebNet rule or universal XML port; final endpoint or exact assertion is required before promotion
T0211	libqtdevices	694292e5ce470701c732995e049ce18206291841	xmlclient.cpp	56120e4e60dd9093b07ef0ec7e8fee95a6f6bd48	af400dd7d7aaacf6de300719c95f314783a321384043242a86113c71a7302b49	XmlClient::parseData	3121aed7c6c656a3f50b22d66eb4e790d2d936c36b052fba5debf540f04efbfc	-	T0206	intermediate-component	excluded	protocol/stream-parsing.md	Superseded or non-final component variant compared semantically; OWNxml envelope buffering preserves interior whitespace in final trimmed implementation; separate per-read UTF-8 conversion corrupts split multibyte characters; old simplified/implicit decoding superseded; final endpoint or exact assertion is required before promotion
T0212	libqtdevices	694292e5ce470701c732995e049ce18206291841	xmlclient.cpp	56120e4e60dd9093b07ef0ec7e8fee95a6f6bd48	af400dd7d7aaacf6de300719c95f314783a321384043242a86113c71a7302b49	outside	37c99f2e4157f128510a8ee0fcf52b8b7e300376044a0bce452925fb44623dfd	-	T0203	intermediate-component	excluded	-	Superseded or non-final component variant compared semantically; XML transport object/socket lifecycle, declarations, logging and local endpoint defaults; no additional numeric OpenWebNet rule or universal XML port; final endpoint or exact assertion is required before promotion
T0213	libqtdevices	b8ece6c7a7d4773eed9a32c8b9aa4b2213539d34	xmlclient.h	10c2066adf31f9b560b5a4d3e0b53544e2790db7	5132702a8ef1808ca13f2174a0025ce442b9e3bd671d39ef6c42c5a267575ef0	outside	042e79f7acfa45dad654e2451ed322962625ea613212b2ca699ce3ddb91be82f	-	T0210	intermediate-component	excluded	-	Superseded or non-final component variant compared semantically; XML transport object/socket lifecycle, declarations, logging and local endpoint defaults; no additional numeric OpenWebNet rule or universal XML port; final endpoint or exact assertion is required before promotion
T0214	libqtdevices	92d5bfbc9048e08c18d5c28997175076767e6141	test/test_xmlclient.cpp	03ba8579d5ac91b1b599d55bcdb72532d1c1fed1	452fb7bda18ec365596f3e3e5d652818fe5d7b9322fc36b95fcb86db5ef3b77a	TestXmlClient::testSimple	238cee0964cdef810f7bbf431e1a7bf63e540bbdfd7382e994817a7ea2f4d862	QVERIFY[1]:39ed25fdabe2a19dd8895537eaf44e2c3b064818c67f30364e83e5517065d724;QCOMPARE[2]:c99952d44ad5822ec52a87fd2e9aaf0866fa12cf22779516949e2c559a83ecb5;QCOMPARE[3]:d44a13cc14e20bf3df12f70eb79221eb1e06bfb3a5bbf9abff8259095dc66e8c	T0177	intermediate-component	excluded	protocol/stream-parsing.md	Superseded or non-final component variant compared semantically; Final direct single-envelope assertion preserves newline; earlier simplified expectation superseded; final endpoint or exact assertion is required before promotion
T0215	libqtdevices	92d5bfbc9048e08c18d5c28997175076767e6141	test/test_xmlclient.cpp	03ba8579d5ac91b1b599d55bcdb72532d1c1fed1	452fb7bda18ec365596f3e3e5d652818fe5d7b9322fc36b95fcb86db5ef3b77a	TestXmlClient::testDouble	7921120b7ba713b46cefbde8c8dca725da0e13d471b11bb86f0392719ade1ac2	QVERIFY[1]:39ed25fdabe2a19dd8895537eaf44e2c3b064818c67f30364e83e5517065d724;QCOMPARE[2]:575cf7c662d30c8d484490dce1d68049eb0bb8632b2b247f18f07c417fce610d;QCOMPARE[3]:35af622657862f8451d6f4cf040709e22bf41617537815724f19ae03a3199202	T0178	intermediate-component	excluded	protocol/stream-parsing.md	Superseded or non-final component variant compared semantically; Two-event count assertions retained; takeFirst followed by remaining spy.count only checks first event argument, not both payloads/order; independent harness checks both; final endpoint or exact assertion is required before promotion
T0216	libqtdevices	92d5bfbc9048e08c18d5c28997175076767e6141	test/test_xmlclient.cpp	03ba8579d5ac91b1b599d55bcdb72532d1c1fed1	452fb7bda18ec365596f3e3e5d652818fe5d7b9322fc36b95fcb86db5ef3b77a	TestXmlClient::testGarbage	169d7b41ccaed68f2c755faba0198b78ac410212c2454cc4db6847139fa2734c	QVERIFY[1]:39ed25fdabe2a19dd8895537eaf44e2c3b064818c67f30364e83e5517065d724;QCOMPARE[2]:575cf7c662d30c8d484490dce1d68049eb0bb8632b2b247f18f07c417fce610d;QCOMPARE[3]:72d401bbc08173920678a0908b2979ff79687bade4203b9ba7805c460765b10e	T0179	intermediate-component	excluded	protocol/stream-parsing.md	Superseded or non-final component variant compared semantically; Two-event count assertions retained; takeFirst followed by remaining spy.count only checks first event argument, not both payloads/order; independent harness checks both; final endpoint or exact assertion is required before promotion
T0217	libqtdevices	92d5bfbc9048e08c18d5c28997175076767e6141	test/test_xmlclient.h	1e9ded2c400033f4ba5c1c21e08dd1245b532258	9135632f23d66261f991890a6165704acd057b350ea206543c44ae59e76ac270	outside	5d2f77acc5692e912b4be94d7a7890dead1ef5547168adf445e79edc8841bd62	-	T0050	intermediate-component	excluded	-	Superseded or non-final component variant compared semantically; Local XML fixture initialization/declarations; synthetic harness replaces private installation endpoints, which are not protocol facts; final endpoint or exact assertion is required before promotion
T0218	libqtdevices	87c60b0f14740e44f16580164a3fb2b8dd816e9d	test/test_xmlclient.cpp	f2f130927046e6e032e260173c33e7febd3be8d3	3511d59c5240434022e48cb619fb73a260dd79d7be6f88c0ca78ff2b502d9b28	TestXmlClient::testGarbage	f75768651c83047243bf857efcf842e0c744965af570db477994dbdc35c95574	QVERIFY[1]:39ed25fdabe2a19dd8895537eaf44e2c3b064818c67f30364e83e5517065d724;QCOMPARE[2]:575cf7c662d30c8d484490dce1d68049eb0bb8632b2b247f18f07c417fce610d;QCOMPARE[3]:35af622657862f8451d6f4cf040709e22bf41617537815724f19ae03a3199202	T0216	intermediate-component	excluded	protocol/stream-parsing.md	Superseded or non-final component variant compared semantically; Two-event count assertions retained; takeFirst followed by remaining spy.count only checks first event argument, not both payloads/order; independent harness checks both; final endpoint or exact assertion is required before promotion
T0219	libqtdevices	0671170ddcf87734082c523574792a7b8657f1b6	test/test_xmlclient.cpp	af9af23a33c0b29dc40e3d16d7d897da29acfdd8	0d49394345523d0b4c2a94b64a2596c2cf650b83293a05f52ff6e4161e8c56b8	TestXmlClient::testSimple	7f0ed578927c58ef6b1da9ac23d3601a8b4fac9ec0479987a681071271071ca6	QVERIFY[1]:39ed25fdabe2a19dd8895537eaf44e2c3b064818c67f30364e83e5517065d724;QCOMPARE[2]:c99952d44ad5822ec52a87fd2e9aaf0866fa12cf22779516949e2c559a83ecb5;QCOMPARE[3]:d44a13cc14e20bf3df12f70eb79221eb1e06bfb3a5bbf9abff8259095dc66e8c	T0214	intermediate-component	excluded	protocol/stream-parsing.md	Superseded or non-final component variant compared semantically; Final direct single-envelope assertion preserves newline; earlier simplified expectation superseded; final endpoint or exact assertion is required before promotion
T0220	libqtdevices	0671170ddcf87734082c523574792a7b8657f1b6	test/test_xmlclient.cpp	af9af23a33c0b29dc40e3d16d7d897da29acfdd8	0d49394345523d0b4c2a94b64a2596c2cf650b83293a05f52ff6e4161e8c56b8	TestXmlClient::testDouble	9f70ff634a5d76c49159e831de51857c0eb3350cdbdbf9ede441b12a137fa153	QVERIFY[1]:39ed25fdabe2a19dd8895537eaf44e2c3b064818c67f30364e83e5517065d724;QCOMPARE[2]:575cf7c662d30c8d484490dce1d68049eb0bb8632b2b247f18f07c417fce610d;QCOMPARE[3]:35af622657862f8451d6f4cf040709e22bf41617537815724f19ae03a3199202	T0215	intermediate-component	excluded	protocol/stream-parsing.md	Superseded or non-final component variant compared semantically; Two-event count assertions retained; takeFirst followed by remaining spy.count only checks first event argument, not both payloads/order; independent harness checks both; final endpoint or exact assertion is required before promotion
T0221	libqtdevices	0671170ddcf87734082c523574792a7b8657f1b6	test/test_xmlclient.cpp	af9af23a33c0b29dc40e3d16d7d897da29acfdd8	0d49394345523d0b4c2a94b64a2596c2cf650b83293a05f52ff6e4161e8c56b8	TestXmlClient::testGarbage	691068d8a2537743fb1930cb1ab9f6e3bbe5330a6cc02c9689faef19f6e056a7	QVERIFY[1]:39ed25fdabe2a19dd8895537eaf44e2c3b064818c67f30364e83e5517065d724;QCOMPARE[2]:575cf7c662d30c8d484490dce1d68049eb0bb8632b2b247f18f07c417fce610d;QCOMPARE[3]:35af622657862f8451d6f4cf040709e22bf41617537815724f19ae03a3199202	T0179	intermediate-component	excluded	protocol/stream-parsing.md	Superseded or non-final component variant compared semantically; Two-event count assertions retained; takeFirst followed by remaining spy.count only checks first event argument, not both payloads/order; independent harness checks both; final endpoint or exact assertion is required before promotion
T0222	libqtdevices	0671170ddcf87734082c523574792a7b8657f1b6	xmlclient.cpp	81f50eb5a36d90e9f59a23f8ee9ad04b6ddcdf2a	ee21141549ea972df6dcc8dc34973c213bd8c5be5ae2e26caeb4fc598761dea1	XmlClient::XmlClient	48f24827a6eed3c6c2da26a7b095af04409a62b1daf6d1000a268f1652e9758f	-	T0209	intermediate-component	excluded	-	Superseded or non-final component variant compared semantically; XML transport object/socket lifecycle, declarations, logging and local endpoint defaults; no additional numeric OpenWebNet rule or universal XML port; final endpoint or exact assertion is required before promotion
T0223	libqtdevices	0671170ddcf87734082c523574792a7b8657f1b6	xmlclient.cpp	81f50eb5a36d90e9f59a23f8ee9ad04b6ddcdf2a	ee21141549ea972df6dcc8dc34973c213bd8c5be5ae2e26caeb4fc598761dea1	XmlClient::connectToHost	7fff54bcdbdeca6145610d0de6f3f383958e132a804901ba926087ff201dd760	-	T0052	intermediate-component	excluded	-	Superseded or non-final component variant compared semantically; XML transport object/socket lifecycle, declarations, logging and local endpoint defaults; no additional numeric OpenWebNet rule or universal XML port; final endpoint or exact assertion is required before promotion
T0224	libqtdevices	0671170ddcf87734082c523574792a7b8657f1b6	xmlclient.h	ad77b450fbf4e3e922a00d0214971d52c500573b	59a02e9bc29e4da5caf28af3a5d7b2cd8da6753642d084b016917abeba282d8b	outside	e24e53b6e3d19fc831b80de569862570d35559cdcbf45f3c6a6d54a10824dc7b	-	T0210	intermediate-component	excluded	-	Superseded or non-final component variant compared semantically; XML transport object/socket lifecycle, declarations, logging and local endpoint defaults; no additional numeric OpenWebNet rule or universal XML port; final endpoint or exact assertion is required before promotion
T0225	libqtdevices	5bb6e5cd757da7a7e5d77dda5a3713133010cecb	xmlclient.cpp	62473f3ccf3735897be7317a214938d90103680e	4ab08715dbebea203f32e392e7841d6c590b5a2c99a12003f4908620ed0d844b	XmlClient::XmlClient	5ef811a33b72050cd2835a17257b2e79e176ecee531954ecb27511d1453201a0	-	T0222	intermediate-component	excluded	-	Superseded or non-final component variant compared semantically; XML transport object/socket lifecycle, declarations, logging and local endpoint defaults; no additional numeric OpenWebNet rule or universal XML port; final endpoint or exact assertion is required before promotion
T0226	libqtdevices	5bb6e5cd757da7a7e5d77dda5a3713133010cecb	xmlclient.h	eea56a3d27788d2343d32e491fee8756f84f9a7d	3a4c62160c0eb2ae76f6fdf219228b842ab6131fcc2db8a38b50921671538c74	outside	4fca520298b9914c4239fb97024592e583c8c4ff52cdf44c496f9968190ccd86	-	T0224	intermediate-component	excluded	-	Superseded or non-final component variant compared semantically; XML transport object/socket lifecycle, declarations, logging and local endpoint defaults; no additional numeric OpenWebNet rule or universal XML port; final endpoint or exact assertion is required before promotion
T0227	libqtdevices	9c405ef08783f21f9d92055781b2cfb7a6db7631	xmlclient.cpp	c747f7a932e6fe806fdecd6984d7c78023a86b17	27e4966601a6fd13f99e8de611e286d4357af3b4d9b12cf6c6b7370eaf999113	XmlClient::parseData	6e72dbc216201d52439af888c15d3f8773e4c35f999cfe7ba633730aca441ffd	-	T0211	intermediate-component	excluded	protocol/stream-parsing.md	Superseded or non-final component variant compared semantically; OWNxml envelope buffering preserves interior whitespace in final trimmed implementation; separate per-read UTF-8 conversion corrupts split multibyte characters; old simplified/implicit decoding superseded; final endpoint or exact assertion is required before promotion
T0228	libqtdevices	9c405ef08783f21f9d92055781b2cfb7a6db7631	xmlclient.cpp	c747f7a932e6fe806fdecd6984d7c78023a86b17	27e4966601a6fd13f99e8de611e286d4357af3b4d9b12cf6c6b7370eaf999113	outside	d376fcc0eda01a6dcbff911cfeae14dde6a88f231978b888d63890b2b151a234	-	T0212	intermediate-component	excluded	-	Superseded or non-final component variant compared semantically; XML transport object/socket lifecycle, declarations, logging and local endpoint defaults; no additional numeric OpenWebNet rule or universal XML port; final endpoint or exact assertion is required before promotion
T0229	libqtdevices	2c9e9e4b577be06198547a4a51259a393a18eb22	xmlclient.cpp	e10b2b736c794d5ccb0fbae8d244443003be12e5	3b41f4235eb77d134fb4fd618a18c76bac14c782dd121ee4892aa28578ec7040	XmlClient::parseData	ec36a32cea1c82bc07ec3970c61a0004ed0e0da3793fbccf1cc38578d48acd26	-	T0227	intermediate-component	excluded	protocol/stream-parsing.md	Superseded or non-final component variant compared semantically; OWNxml envelope buffering preserves interior whitespace in final trimmed implementation; separate per-read UTF-8 conversion corrupts split multibyte characters; old simplified/implicit decoding superseded; final endpoint or exact assertion is required before promotion
T0230	libqtdevices	92047e94dc1d93c1c76f484b8dbf28ce6afc7b05	xmlclient.cpp	4827c1bcff7fae0dcd383ae5c4d1faf5970ba130	fbbc1a947b62fdb67fc1860d55d73c3adcde64b2e54258080353abe63f46d264	XmlClient::parseData	709ca30d93007251c8e38ac53f0bebb771cb075cd569dff2c9ecfb80c76f7342	-	T0229	intermediate-component	excluded	protocol/stream-parsing.md	Superseded or non-final component variant compared semantically; OWNxml envelope buffering preserves interior whitespace in final trimmed implementation; separate per-read UTF-8 conversion corrupts split multibyte characters; old simplified/implicit decoding superseded; final endpoint or exact assertion is required before promotion
T0231	libqtdevices	cfc611985240359d8d34e06bf590dd127dba9ef8	frame_functions.cpp	3cbb0da69f9480571ba969d28f3ff86d77fd329f	c3425d0757a28133966bf5cd26b260fced26ab8f4eaae6741ac56abf2d62f74c	isCommandFrame	9d8355b4f5399a7f613ec5832b7c899c9f79421ce98cb76130dad770c47e3b4e	-	-	pinned-component	incorporated	protocol/stream-parsing.md	Four exact QString wire constructors preserve caller strings/empty fields; family classifiers delegate to absent external OpenMsg stack, whose acceptance grammar is unresolved
T0232	libqtdevices	cfc611985240359d8d34e06bf590dd127dba9ef8	frame_functions.cpp	3cbb0da69f9480571ba969d28f3ff86d77fd329f	c3425d0757a28133966bf5cd26b260fced26ab8f4eaae6741ac56abf2d62f74c	isDimensionFrame	50dd3ab645ca360ac08a2d34b78f4e099d64b1a85e1ecee0b8104b9d42c643bc	-	-	pinned-component	incorporated	protocol/stream-parsing.md	Four exact QString wire constructors preserve caller strings/empty fields; family classifiers delegate to absent external OpenMsg stack, whose acceptance grammar is unresolved
T0233	libqtdevices	cfc611985240359d8d34e06bf590dd127dba9ef8	frame_functions.cpp	3cbb0da69f9480571ba969d28f3ff86d77fd329f	c3425d0757a28133966bf5cd26b260fced26ab8f4eaae6741ac56abf2d62f74c	isWriteDimensionFrame	b4953efcbc57455fc99bc9f33330ec14870e2defde42fdeba3693eb862475848	-	-	pinned-component	incorporated	protocol/stream-parsing.md	Four exact QString wire constructors preserve caller strings/empty fields; family classifiers delegate to absent external OpenMsg stack, whose acceptance grammar is unresolved
T0234	libqtdevices	cfc611985240359d8d34e06bf590dd127dba9ef8	frame_functions.cpp	3cbb0da69f9480571ba969d28f3ff86d77fd329f	c3425d0757a28133966bf5cd26b260fced26ab8f4eaae6741ac56abf2d62f74c	isStatusRequestFrame	b6e98bd8d019c2af092d635931ebd94c1b849365e54a1d46d46581b186e59cb3	-	-	pinned-component	incorporated	protocol/stream-parsing.md	Four exact QString wire constructors preserve caller strings/empty fields; family classifiers delegate to absent external OpenMsg stack, whose acceptance grammar is unresolved
T0235	libqtdevices	cfc611985240359d8d34e06bf590dd127dba9ef8	frame_functions.cpp	3cbb0da69f9480571ba969d28f3ff86d77fd329f	c3425d0757a28133966bf5cd26b260fced26ab8f4eaae6741ac56abf2d62f74c	createCommandFrame	c4be1abb039db00ad68cc2df2f842b43db3323b183401926751e52750a58eaac	-	-	pinned-component	corroborates	protocol/frame-syntax.md	Four exact QString wire constructors preserve caller strings/empty fields; family classifiers delegate to absent external OpenMsg stack, whose acceptance grammar is unresolved
T0236	libqtdevices	cfc611985240359d8d34e06bf590dd127dba9ef8	frame_functions.cpp	3cbb0da69f9480571ba969d28f3ff86d77fd329f	c3425d0757a28133966bf5cd26b260fced26ab8f4eaae6741ac56abf2d62f74c	createDimensionFrame	bdb38c5dbf7fe5d40b223fef06fa895e17472b05bd0728545b65a9308a3c307c	-	-	pinned-component	corroborates	protocol/frame-syntax.md	Four exact QString wire constructors preserve caller strings/empty fields; family classifiers delegate to absent external OpenMsg stack, whose acceptance grammar is unresolved
T0237	libqtdevices	cfc611985240359d8d34e06bf590dd127dba9ef8	frame_functions.cpp	3cbb0da69f9480571ba969d28f3ff86d77fd329f	c3425d0757a28133966bf5cd26b260fced26ab8f4eaae6741ac56abf2d62f74c	createWriteDimensionFrame	9f8a29dc88701852919a41e0e452b2263af6b0b99ac61b924a971bf4b2449dfa	-	-	pinned-component	corroborates	protocol/frame-syntax.md	Four exact QString wire constructors preserve caller strings/empty fields; family classifiers delegate to absent external OpenMsg stack, whose acceptance grammar is unresolved
T0238	libqtdevices	cfc611985240359d8d34e06bf590dd127dba9ef8	frame_functions.cpp	3cbb0da69f9480571ba969d28f3ff86d77fd329f	c3425d0757a28133966bf5cd26b260fced26ab8f4eaae6741ac56abf2d62f74c	createStatusRequestFrame	6ecbbb3825f6ac6c14b2f27f2b266fc649eb00439c21087cd8414d588f1ab6b0	-	-	pinned-component	corroborates	protocol/frame-syntax.md	Four exact QString wire constructors preserve caller strings/empty fields; family classifiers delegate to absent external OpenMsg stack, whose acceptance grammar is unresolved
T0239	libqtdevices	cfc611985240359d8d34e06bf590dd127dba9ef8	frame_functions.cpp	3cbb0da69f9480571ba969d28f3ff86d77fd329f	c3425d0757a28133966bf5cd26b260fced26ab8f4eaae6741ac56abf2d62f74c	outside	78c6e6d77995719474fe0f3926ba7db66d90807eb774d6a1cf7c1c39a93a83c3	-	-	pinned-component	corroborates	protocol/frame-syntax.md	Four exact QString wire constructors preserve caller strings/empty fields; family classifiers delegate to absent external OpenMsg stack, whose acceptance grammar is unresolved
T0240	libqtdevices	66b3e71a7efeeda8afaf9ddcad20bde7535d4831	openclient.h	fe512820d6afcd774ebad3cdb0b701ae20cca623	dffd3fc688b22d4295eddf0de8499b11f2cfef40c551fa44349aaf7c37ff9104	outside	3d6ff6a5186f8fa1af2483fb69a114cf439ed20b6b4731f8d234189257067556	-	T0142	intermediate-component	excluded	-	Superseded or non-final component variant compared semantically; Local transport declarations, compressor/regex, watchdog/keepalive/platform, logging or superseded monolithic lifecycle; no additional verified protocol vocabulary or global validity rule; final endpoint or exact assertion is required before promotion
T0241	libqtdevices	62d36820d6e73a9a0bd261055d46313f8307e978	devices/device.cpp	2aa2e60836d5834e40f82a14f50a3f1dd60889e2	bb2c566acc48594e6972c780600c633a4e2b6d88b6453214d3883be835d8f0d5	OpenServerManager::OpenServerManager	4c920543ff6d6cb35d6118bc5f6f981c1f4428f3c741e4fd1596e26d396970b6	-	T0000	intermediate-component	excluded	protocol/sessions.md	Superseded or non-final component variant compared semantically; Local manager channel aggregation, initialization and reconnect lifecycle; partial-connect retry corrections do not establish server acceptance or a protocol timer; final endpoint or exact assertion is required before promotion
T0242	libqtdevices	62d36820d6e73a9a0bd261055d46313f8307e978	devices/device.cpp	2aa2e60836d5834e40f82a14f50a3f1dd60889e2	bb2c566acc48594e6972c780600c633a4e2b6d88b6453214d3883be835d8f0d5	OpenServerManager::handleConnectionDown	39570aa62e6439b37300840fb7d0fd1b5fe51d4170297badbe6a2c976e7d109a	-	T0001	intermediate-component	excluded	protocol/sessions.md	Superseded or non-final component variant compared semantically; Local manager channel aggregation, initialization and reconnect lifecycle; partial-connect retry corrections do not establish server acceptance or a protocol timer; final endpoint or exact assertion is required before promotion
T0243	libqtdevices	62d36820d6e73a9a0bd261055d46313f8307e978	devices/device.cpp	2aa2e60836d5834e40f82a14f50a3f1dd60889e2	bb2c566acc48594e6972c780600c633a4e2b6d88b6453214d3883be835d8f0d5	OpenServerManager::timerEvent	0b56a7769110b726b0a8aa048c93959f1c560be83cb070550ced69bd0035b6b5	-	T0102	intermediate-component	excluded	protocol/sessions.md	Superseded or non-final component variant compared semantically; Local manager channel aggregation, initialization and reconnect lifecycle; partial-connect retry corrections do not establish server acceptance or a protocol timer; final endpoint or exact assertion is required before promotion
T0244	libqtdevices	62d36820d6e73a9a0bd261055d46313f8307e978	devices/device.cpp	2aa2e60836d5834e40f82a14f50a3f1dd60889e2	bb2c566acc48594e6972c780600c633a4e2b6d88b6453214d3883be835d8f0d5	OpenServerManager::handleConnectionUp	0d04776153cd0d19f84665e6f512bd56443b7fdac0dc90d9ccf78fafcd88e719	-	T0103	intermediate-component	excluded	protocol/sessions.md	Superseded or non-final component variant compared semantically; Local manager channel aggregation, initialization and reconnect lifecycle; partial-connect retry corrections do not establish server acceptance or a protocol timer; final endpoint or exact assertion is required before promotion
T0245	libqtdevices	62d36820d6e73a9a0bd261055d46313f8307e978	devices/device.h	5790293d590c93e485cb189063048247dd980ed8	14706fc288f683525ede8aabd27e535f3600a35cf9a51e39bfea3a676ef4a0e1	outside	8796d6065e541677270167de952d8521b3f853dff4c0b1478ad356dd2d93039c	-	T0006	intermediate-component	excluded	protocol/sessions.md	Superseded or non-final component variant compared semantically; Local manager channel aggregation, initialization and reconnect lifecycle; partial-connect retry corrections do not establish server acceptance or a protocol timer; final endpoint or exact assertion is required before promotion
T0246	libqtdevices	9e3679f71b638e282b1d661a55426f165e0fdb1d	openclient.cpp	f087d1546a3dcbfcade61ff4852abc9d8a95284b	c6e980122257231b40d0a879138f83fbff1e48b76700b4c76d93e22238243de1	Client::sendFrameOpen	04ede1cf16d71cac04bef178a5a079e14e05b1c8d15fc202409f67264f25af97	-	T0131	intermediate-component	excluded	protocol/acknowledgements.md	Superseded or non-final component variant compared semantically; Historical local queue/batch/replay, delayed state reads or subscription transport implementation; unchanged wire families and no universal timing/delivery guarantee; final endpoint or exact assertion is required before promotion
T0247	libqtdevices	9e3679f71b638e282b1d661a55426f165e0fdb1d	openclient.h	1c4525749d5e9539cf010b67704892088f63cbfd	d0eea651ef6f952fd41e87401d18a718c1c13048b52959eb20490c8769cc7e7d	outside	3abdabce9eb9981d1b1651ca190448177b87b483edbdbbe276aa1253bd97dd18	-	T0240	intermediate-component	excluded	-	Superseded or non-final component variant compared semantically; Local transport declarations, compressor/regex, watchdog/keepalive/platform, logging or superseded monolithic lifecycle; no additional verified protocol vocabulary or global validity rule; final endpoint or exact assertion is required before promotion
T0248	libqtdevices	5f3b7406585c145cd671033a3fec0e1cbe0b69cd	openclient.cpp	bef42d5d4c96167dbb508a01689976aad078635c	a8c90d6ea7f00210a4a3ffefa28feb64a3448a574b674934b8113d1306718b14	Client::socketConnected	d06e364adbc138d7db77c5a82db50a955aacd633e16478a21464c8a09248c165	-	T0126	intermediate-component	excluded	protocol/sessions.md	Superseded or non-final component variant compared semantically; Local connected lifecycle occurs on TCP callback before selector; pending frames/setup placeholders are implementation bookkeeping, not authentication or selector acceptance; final endpoint or exact assertion is required before promotion
T0249	libqtdevices	5f3b7406585c145cd671033a3fec0e1cbe0b69cd	openclient.cpp	bef42d5d4c96167dbb508a01689976aad078635c	a8c90d6ea7f00210a4a3ffefa28feb64a3448a574b674934b8113d1306718b14	Client::sendFrames	9914d604fe93279dbd35c1d514cf3fba942ee1c647efebde720388add93c72ed	-	T0128	intermediate-component	excluded	protocol/acknowledgements.md	Superseded or non-final component variant compared semantically; Historical local queue/batch/replay, delayed state reads or subscription transport implementation; unchanged wire families and no universal timing/delivery guarantee; final endpoint or exact assertion is required before promotion
T0250	libqtdevices	5f3b7406585c145cd671033a3fec0e1cbe0b69cd	openclient.cpp	bef42d5d4c96167dbb508a01689976aad078635c	a8c90d6ea7f00210a4a3ffefa28feb64a3448a574b674934b8113d1306718b14	Client::sendDelayedFrames	d574773aa029cb7d8a8421a305c76587e6b36aac3be7f462486cc8be2e2708c5	-	T0129	intermediate-component	excluded	protocol/acknowledgements.md	Superseded or non-final component variant compared semantically; Historical local queue/batch/replay, delayed state reads or subscription transport implementation; unchanged wire families and no universal timing/delivery guarantee; final endpoint or exact assertion is required before promotion
T0251	libqtdevices	5f3b7406585c145cd671033a3fec0e1cbe0b69cd	openclient.cpp	bef42d5d4c96167dbb508a01689976aad078635c	a8c90d6ea7f00210a4a3ffefa28feb64a3448a574b674934b8113d1306718b14	Client::sendFrames	e459dc9501dbb4e89978ae4204f5a7fa2e0c03ce151f40d1fe2b50616d4d7160	-	T0130	intermediate-component	excluded	protocol/acknowledgements.md	Superseded or non-final component variant compared semantically; Historical local queue/batch/replay, delayed state reads or subscription transport implementation; unchanged wire families and no universal timing/delivery guarantee; final endpoint or exact assertion is required before promotion
T0252	libqtdevices	5f3b7406585c145cd671033a3fec0e1cbe0b69cd	openclient.h	5fa1586f137863ebec050bc14f197700d903744d	f8ca43fe827861bc76152480110d5b57f76032fed8afc76b046137aa8a7ff170	outside	8a04444d953243f639b4d95a910642d95b286a78ec203a81d054dbab3ad9727d	-	T0247	intermediate-component	excluded	-	Superseded or non-final component variant compared semantically; Local transport declarations, compressor/regex, watchdog/keepalive/platform, logging or superseded monolithic lifecycle; no additional verified protocol vocabulary or global validity rule; final endpoint or exact assertion is required before promotion
T0253	libqtdevices	66e1de1b70b4e2862d5fcbfe18c58aa55a140b92	openclient.cpp	1bae4dca91b617226b10d141bf818df4c3069d4d	3cad65e2481f4505e903e6b7acc7c3a21fcefdaf7e2173414126bf3fb8044193	Client::Client	bddeaa23974c42058dea92e772d87c1b512961838745bdc9a3248044ce2f719c	-	T0150	intermediate-component	excluded	-	Superseded or non-final component variant compared semantically; Local transport declarations, compressor/regex, watchdog/keepalive/platform, logging or superseded monolithic lifecycle; no additional verified protocol vocabulary or global validity rule; final endpoint or exact assertion is required before promotion
T0254	libqtdevices	66e1de1b70b4e2862d5fcbfe18c58aa55a140b92	openclient.cpp	1bae4dca91b617226b10d141bf818df4c3069d4d	3cad65e2481f4505e903e6b7acc7c3a21fcefdaf7e2173414126bf3fb8044193	Client::socketConnected	629862198190b4d78e750c00f298999f4d6d87ba48da0b2c7d75a266f4960780	-	T0181	intermediate-component	excluded	protocol/sessions.md	Superseded or non-final component variant compared semantically; Local connected lifecycle occurs on TCP callback before selector; pending frames/setup placeholders are implementation bookkeeping, not authentication or selector acceptance; final endpoint or exact assertion is required before promotion
T0255	libqtdevices	66e1de1b70b4e2862d5fcbfe18c58aa55a140b92	openclient.cpp	1bae4dca91b617226b10d141bf818df4c3069d4d	3cad65e2481f4505e903e6b7acc7c3a21fcefdaf7e2173414126bf3fb8044193	Client::sendFrames	c98dc6e0468dcaf67fd96ea744159557d6068f4742f615b3696390f60f803ada	-	T0249	intermediate-component	excluded	protocol/acknowledgements.md	Superseded or non-final component variant compared semantically; Historical local queue/batch/replay, delayed state reads or subscription transport implementation; unchanged wire families and no universal timing/delivery guarantee; final endpoint or exact assertion is required before promotion
T0256	libqtdevices	66e1de1b70b4e2862d5fcbfe18c58aa55a140b92	openclient.cpp	1bae4dca91b617226b10d141bf818df4c3069d4d	3cad65e2481f4505e903e6b7acc7c3a21fcefdaf7e2173414126bf3fb8044193	Client::sendDelayedFrames	d314748452904d3892b33fe87db6f60428539ee8e6c11a4d4069f9325b0685a2	-	T0250	intermediate-component	excluded	protocol/acknowledgements.md	Superseded or non-final component variant compared semantically; Historical local queue/batch/replay, delayed state reads or subscription transport implementation; unchanged wire families and no universal timing/delivery guarantee; final endpoint or exact assertion is required before promotion
T0257	libqtdevices	66e1de1b70b4e2862d5fcbfe18c58aa55a140b92	openclient.cpp	1bae4dca91b617226b10d141bf818df4c3069d4d	3cad65e2481f4505e903e6b7acc7c3a21fcefdaf7e2173414126bf3fb8044193	Client::sendFrames	35d9a5a2d2ff92c6722c09b938225af769118d94251db7b90d87eb22c2ba4377	-	T0130	intermediate-component	excluded	protocol/acknowledgements.md	Superseded or non-final component variant compared semantically; Historical local queue/batch/replay, delayed state reads or subscription transport implementation; unchanged wire families and no universal timing/delivery guarantee; final endpoint or exact assertion is required before promotion
T0258	libqtdevices	66e1de1b70b4e2862d5fcbfe18c58aa55a140b92	openclient.cpp	1bae4dca91b617226b10d141bf818df4c3069d4d	3cad65e2481f4505e903e6b7acc7c3a21fcefdaf7e2173414126bf3fb8044193	Client::sendFrameOpen	a8524779da1cb3a9e2aaab4d91450f1b618f2dab789a2e5550ca184beaf9a14f	-	T0246	intermediate-component	excluded	protocol/acknowledgements.md	Superseded or non-final component variant compared semantically; Historical local queue/batch/replay, delayed state reads or subscription transport implementation; unchanged wire families and no universal timing/delivery guarantee; final endpoint or exact assertion is required before promotion
T0259	libqtdevices	66e1de1b70b4e2862d5fcbfe18c58aa55a140b92	openclient.cpp	1bae4dca91b617226b10d141bf818df4c3069d4d	3cad65e2481f4505e903e6b7acc7c3a21fcefdaf7e2173414126bf3fb8044193	Client::disconnectFromHost	bcb880d8492174e6fa390d36c3865e01caf6beeb24c5f86a33e9c07e589d019b	-	T0066	intermediate-component	excluded	protocol/stream-parsing.md	Superseded or non-final component variant compared semantically; Delimiter extraction, draining and retained partial buffer; no leading-star resynchronization, bounded buffering or reconnect-tail reset in final local client; final endpoint or exact assertion is required before promotion
T0260	libqtdevices	66e1de1b70b4e2862d5fcbfe18c58aa55a140b92	openclient.cpp	1bae4dca91b617226b10d141bf818df4c3069d4d	3cad65e2481f4505e903e6b7acc7c3a21fcefdaf7e2173414126bf3fb8044193	Client::socketFrameRead	ae39ac4753940de8d06e286d5aac5a86d28c165f320769166ba1e699598e4cb9	-	T0151	intermediate-component	excluded	protocol/stream-parsing.md	Superseded or non-final component variant compared semantically; Delimiter extraction, draining and retained partial buffer; no leading-star resynchronization, bounded buffering or reconnect-tail reset in final local client; final endpoint or exact assertion is required before promotion
T0261	libqtdevices	66e1de1b70b4e2862d5fcbfe18c58aa55a140b92	openclient.cpp	1bae4dca91b617226b10d141bf818df4c3069d4d	3cad65e2481f4505e903e6b7acc7c3a21fcefdaf7e2173414126bf3fb8044193	Client::socketError	654cb93aef7b8588e3cc8584c4f548be3da80fbb6115504d4878f681189b52fe	-	T0070	intermediate-component	excluded	-	Superseded or non-final component variant compared semantically; Local transport declarations, compressor/regex, watchdog/keepalive/platform, logging or superseded monolithic lifecycle; no additional verified protocol vocabulary or global validity rule; final endpoint or exact assertion is required before promotion
T0262	libqtdevices	66e1de1b70b4e2862d5fcbfe18c58aa55a140b92	openclient.cpp	1bae4dca91b617226b10d141bf818df4c3069d4d	3cad65e2481f4505e903e6b7acc7c3a21fcefdaf7e2173414126bf3fb8044193	outside	11ad821a3bd4a2e4dc4a66439371e742ea1592c69beeeb9a1333012e1ee54ce7	-	T0140	intermediate-component	excluded	-	Superseded or non-final component variant compared semantically; Local transport declarations, compressor/regex, watchdog/keepalive/platform, logging or superseded monolithic lifecycle; no additional verified protocol vocabulary or global validity rule; final endpoint or exact assertion is required before promotion
T0263	libqtdevices	66e1de1b70b4e2862d5fcbfe18c58aa55a140b92	openclient.h	913a4ee12410355a345650e698d6d7b8a8f2cf24	2c5de86179b16b3ea1d12aa6ed4ea97a2384b028c97e04233df1d80cabc569cc	outside	3cf6a64e3f0b7a6540273574dc6301acff58509d36dacde1c01d0dabd35b855b	-	T0247	intermediate-component	excluded	-	Superseded or non-final component variant compared semantically; Local transport declarations, compressor/regex, watchdog/keepalive/platform, logging or superseded monolithic lifecycle; no additional verified protocol vocabulary or global validity rule; final endpoint or exact assertion is required before promotion
T0264	libqtdevices	44a5d6fc63eb03c26f6bc9c00a798474b2da575b	openclient.cpp	9c46c8c864e571bb2573aeb1ba87ab1248573dcd	313409fa6bc2c7dd3efcdcfe01680fdc17dd42cb8ea7b8d21242c2468c2986e7	Client::Client	f48051da37adffd0ff936e056ef334ae84d8afac5daa6c6b912244c05703f15f	-	T0253	intermediate-component	excluded	-	Superseded or non-final component variant compared semantically; Local transport declarations, compressor/regex, watchdog/keepalive/platform, logging or superseded monolithic lifecycle; no additional verified protocol vocabulary or global validity rule; final endpoint or exact assertion is required before promotion
T0265	libqtdevices	44a5d6fc63eb03c26f6bc9c00a798474b2da575b	openclient.cpp	9c46c8c864e571bb2573aeb1ba87ab1248573dcd	313409fa6bc2c7dd3efcdcfe01680fdc17dd42cb8ea7b8d21242c2468c2986e7	Client::socketConnected	1dedbb45f1bfbcb5e7389d24ca4bca619417c8468df5d4c8ed9379e1604b4ce0	-	T0254	intermediate-component	excluded	protocol/sessions.md	Superseded or non-final component variant compared semantically; Local connected lifecycle occurs on TCP callback before selector; pending frames/setup placeholders are implementation bookkeeping, not authentication or selector acceptance; final endpoint or exact assertion is required before promotion
T0266	libqtdevices	44a5d6fc63eb03c26f6bc9c00a798474b2da575b	openclient.cpp	9c46c8c864e571bb2573aeb1ba87ab1248573dcd	313409fa6bc2c7dd3efcdcfe01680fdc17dd42cb8ea7b8d21242c2468c2986e7	Client::sendFrames	35306b06c5a625e51331ff8d442ee7f46f7dc1f10a9dda66d5dd9612c8e6d852	-	T0257	intermediate-component	excluded	protocol/acknowledgements.md	Superseded or non-final component variant compared semantically; Historical local queue/batch/replay, delayed state reads or subscription transport implementation; unchanged wire families and no universal timing/delivery guarantee; final endpoint or exact assertion is required before promotion
T0267	libqtdevices	44a5d6fc63eb03c26f6bc9c00a798474b2da575b	openclient.cpp	9c46c8c864e571bb2573aeb1ba87ab1248573dcd	313409fa6bc2c7dd3efcdcfe01680fdc17dd42cb8ea7b8d21242c2468c2986e7	Client::disconnectFromHost	54ca940e5a2dfe5c200bad4d675a358a26139a865ce4bde5fc121e8cef918f95	-	T0259	intermediate-component	excluded	protocol/stream-parsing.md	Superseded or non-final component variant compared semantically; Delimiter extraction, draining and retained partial buffer; no leading-star resynchronization, bounded buffering or reconnect-tail reset in final local client; final endpoint or exact assertion is required before promotion
T0268	libqtdevices	44a5d6fc63eb03c26f6bc9c00a798474b2da575b	openclient.cpp	9c46c8c864e571bb2573aeb1ba87ab1248573dcd	313409fa6bc2c7dd3efcdcfe01680fdc17dd42cb8ea7b8d21242c2468c2986e7	Client::connectToHost	abaa7160a5f1bfca806b4db0ce338b5ec844c28976641d5d7d263474cffba67d	-	T0067	intermediate-component	excluded	protocol/stream-parsing.md	Superseded or non-final component variant compared semantically; Delimiter extraction, draining and retained partial buffer; no leading-star resynchronization, bounded buffering or reconnect-tail reset in final local client; final endpoint or exact assertion is required before promotion
T0269	libqtdevices	44a5d6fc63eb03c26f6bc9c00a798474b2da575b	openclient.cpp	9c46c8c864e571bb2573aeb1ba87ab1248573dcd	313409fa6bc2c7dd3efcdcfe01680fdc17dd42cb8ea7b8d21242c2468c2986e7	Client::manageFrame	bfe717a9c34f64e5bda3b331af0b1bbc77656b0543c1e1d9a4512d27ddf261bc	-	T0132	intermediate-component	excluded	-	Superseded or non-final component variant compared semantically; Local transport declarations, compressor/regex, watchdog/keepalive/platform, logging or superseded monolithic lifecycle; no additional verified protocol vocabulary or global validity rule; final endpoint or exact assertion is required before promotion
T0270	libqtdevices	44a5d6fc63eb03c26f6bc9c00a798474b2da575b	openclient.cpp	9c46c8c864e571bb2573aeb1ba87ab1248573dcd	313409fa6bc2c7dd3efcdcfe01680fdc17dd42cb8ea7b8d21242c2468c2986e7	Client::socketError	6e0eb3288df6c0ba33837e5e1677e2b14d2f7dffd0646f95ee592ae088441a6d	-	T0261	intermediate-component	excluded	-	Superseded or non-final component variant compared semantically; Local transport declarations, compressor/regex, watchdog/keepalive/platform, logging or superseded monolithic lifecycle; no additional verified protocol vocabulary or global validity rule; final endpoint or exact assertion is required before promotion
T0271	libqtdevices	44a5d6fc63eb03c26f6bc9c00a798474b2da575b	openclient.h	c49cd48e777351d052f44521da41489f4e4e52bc	a8cee427d09c845b3e1f1bdb2969ec17e6ce2909a426fd574c3c19f028fca748	outside	cb004b5200c4d48cf23d0a5aa5ec445aee4865028e9f4187236c151fc2973ca8	-	T0263	intermediate-component	excluded	-	Superseded or non-final component variant compared semantically; Local transport declarations, compressor/regex, watchdog/keepalive/platform, logging or superseded monolithic lifecycle; no additional verified protocol vocabulary or global validity rule; final endpoint or exact assertion is required before promotion
T0272	libqtdevices	29e11846d4bf12914208ba538083ef91c33e83e3	openclient.cpp	38f75b2e3242851fe961d7305ecd2966d523b312	6c95e13fd0c58d928680d7893bb357df7edc051cb6e0f25261a2583363fe462d	Client::Client	d770056b2cdee9f30c3b22b22eeb4c0b2e152de940f8266fa8f988404350caf1	-	T0264	intermediate-component	excluded	-	Superseded or non-final component variant compared semantically; Local transport declarations, compressor/regex, watchdog/keepalive/platform, logging or superseded monolithic lifecycle; no additional verified protocol vocabulary or global validity rule; final endpoint or exact assertion is required before promotion
T0273	libqtdevices	29e11846d4bf12914208ba538083ef91c33e83e3	openclient.cpp	38f75b2e3242851fe961d7305ecd2966d523b312	6c95e13fd0c58d928680d7893bb357df7edc051cb6e0f25261a2583363fe462d	Client::sendDelayedFrames	1cbf9010a568d6a31b69cb997a9157dfdf78c81e39aec57c8ae7dfb6cad9cd27	-	T0129	intermediate-component	excluded	protocol/acknowledgements.md	Superseded or non-final component variant compared semantically; Historical local queue/batch/replay, delayed state reads or subscription transport implementation; unchanged wire families and no universal timing/delivery guarantee; final endpoint or exact assertion is required before promotion
T0274	libqtdevices	29e11846d4bf12914208ba538083ef91c33e83e3	openclient.cpp	38f75b2e3242851fe961d7305ecd2966d523b312	6c95e13fd0c58d928680d7893bb357df7edc051cb6e0f25261a2583363fe462d	Client::sendFrameOpen	893a25ba42f5c958fe90f6c5af53ad8a19e49210e6060b5581f7082c69c5073f	-	T0258	intermediate-component	excluded	protocol/acknowledgements.md	Superseded or non-final component variant compared semantically; Historical local queue/batch/replay, delayed state reads or subscription transport implementation; unchanged wire families and no universal timing/delivery guarantee; final endpoint or exact assertion is required before promotion
T0275	libqtdevices	29e11846d4bf12914208ba538083ef91c33e83e3	openclient.cpp	38f75b2e3242851fe961d7305ecd2966d523b312	6c95e13fd0c58d928680d7893bb357df7edc051cb6e0f25261a2583363fe462d	Client::dispatchFrame	5d0032a9e83b96221ce7077e615586168bce7af5e93c9616742c72c4c92e5bb1	-	T0134	intermediate-component	excluded	-	Superseded or non-final component variant compared semantically; Local transport declarations, compressor/regex, watchdog/keepalive/platform, logging or superseded monolithic lifecycle; no additional verified protocol vocabulary or global validity rule; final endpoint or exact assertion is required before promotion
T0276	libqtdevices	29e11846d4bf12914208ba538083ef91c33e83e3	openclient.cpp	38f75b2e3242851fe961d7305ecd2966d523b312	6c95e13fd0c58d928680d7893bb357df7edc051cb6e0f25261a2583363fe462d	outside	d12fb8ab4e5833ef3cb10f1fc5811ee51cd56b262094967245a45c3a96738dde	-	T0262	intermediate-component	excluded	-	Superseded or non-final component variant compared semantically; Local transport declarations, compressor/regex, watchdog/keepalive/platform, logging or superseded monolithic lifecycle; no additional verified protocol vocabulary or global validity rule; final endpoint or exact assertion is required before promotion
T0277	libqtdevices	29e11846d4bf12914208ba538083ef91c33e83e3	openclient.h	e2a9872a46a0cdeff9f4617170726580b0de48c9	9da6b9c0108e9f37b1271630570d3e616ea876a345a4a8318eb53e0837242e59	flush	5eb7823a448bef67c95c4a9d09e1691e8d853d3ba39dc9d56e56853e98575cef	-	T0141	intermediate-component	excluded	-	Superseded or non-final component variant compared semantically; Local transport declarations, compressor/regex, watchdog/keepalive/platform, logging or superseded monolithic lifecycle; no additional verified protocol vocabulary or global validity rule; final endpoint or exact assertion is required before promotion
T0278	libqtdevices	29e11846d4bf12914208ba538083ef91c33e83e3	openclient.h	e2a9872a46a0cdeff9f4617170726580b0de48c9	9da6b9c0108e9f37b1271630570d3e616ea876a345a4a8318eb53e0837242e59	outside	c4c639d17730d567077638c8ae19c1f2c173a7596c2052fb195a30be2bfe3953	-	T0271	intermediate-component	excluded	-	Superseded or non-final component variant compared semantically; Local transport declarations, compressor/regex, watchdog/keepalive/platform, logging or superseded monolithic lifecycle; no additional verified protocol vocabulary or global validity rule; final endpoint or exact assertion is required before promotion
T0279	libqtdevices	912c913c496d52dab14687d5f62517d921ddc25a	devices/device.cpp	8c940919193a99cb3c2ebd2578b045b2880c6ad4	5e630578f6f7a88f8d1af2499d746369408a07133ed76ee4fd07343af8720751	OpenServerManager::handleConnectionUp	8815005ac537fa5bea3b4637f4049552b0afd4d1fab3623a3f1d5b5162edfc0a	-	T0244	intermediate-component	excluded	protocol/sessions.md	Superseded or non-final component variant compared semantically; Local manager channel aggregation, initialization and reconnect lifecycle; partial-connect retry corrections do not establish server acceptance or a protocol timer; final endpoint or exact assertion is required before promotion
T0280	libqtdevices	912c913c496d52dab14687d5f62517d921ddc25a	openclient.cpp	870a62b0d4278560ee6068e5771ca60c7fcbe7f0	42b426ba7dc0cd74875a1741a5b1003e71e0f3a3a7979a4d00332241a3fa3ebd	Client::sendDelayedFrames	dbab3a6978c2b4c684578a991c17e830f9332c44a06d31391650bb6ec48296fe	-	T0273	intermediate-component	excluded	protocol/acknowledgements.md	Superseded or non-final component variant compared semantically; Historical local queue/batch/replay, delayed state reads or subscription transport implementation; unchanged wire families and no universal timing/delivery guarantee; final endpoint or exact assertion is required before promotion
T0281	libqtdevices	912c913c496d52dab14687d5f62517d921ddc25a	openclient.cpp	870a62b0d4278560ee6068e5771ca60c7fcbe7f0	42b426ba7dc0cd74875a1741a5b1003e71e0f3a3a7979a4d00332241a3fa3ebd	Client::sendFrameOpen	956657c958d251d9d7ebfdc632403b49d5cec4733dfbcd3416cd3cd90c5daaaf	-	T0274	intermediate-component	excluded	protocol/acknowledgements.md	Superseded or non-final component variant compared semantically; Historical local queue/batch/replay, delayed state reads or subscription transport implementation; unchanged wire families and no universal timing/delivery guarantee; final endpoint or exact assertion is required before promotion
T0282	libqtdevices	dc776a891f8ff9000b2b3db80962d4f0678b2fb2	openclient.cpp	b724012182ae5f221a5132e82800c018befe30dc	fe6db4b594c83de081e7dc4d8d9c3b92e2dc375bb9c9e49cb3175cf37da3f2d9	Client::sendDelayedFrames	3ce236e3696adf662ad53ae95bdd815def5ac072dfab1b9664beae5c43effb0b	-	T0280	intermediate-component	excluded	protocol/acknowledgements.md	Superseded or non-final component variant compared semantically; Historical local queue/batch/replay, delayed state reads or subscription transport implementation; unchanged wire families and no universal timing/delivery guarantee; final endpoint or exact assertion is required before promotion
T0283	libqtdevices	dc63d762b5c25a5942d8d4a1af90ee8bc6de7fd7	openclient.cpp	e36a085b1ff208f9380335056c96cde5ac061527	a43749b70bdbb0c536e0c4790d5b2846056d7203a0f2b868b4b0952a34587d54	Client::Client	03141f2923b81b3c8a79e0ccd3ddf4baf478e5a21b849e2112f69075030199bf	-	T0272	intermediate-component	excluded	-	Superseded or non-final component variant compared semantically; Local transport declarations, compressor/regex, watchdog/keepalive/platform, logging or superseded monolithic lifecycle; no additional verified protocol vocabulary or global validity rule; final endpoint or exact assertion is required before promotion
T0284	libqtdevices	dc63d762b5c25a5942d8d4a1af90ee8bc6de7fd7	openclient.cpp	e36a085b1ff208f9380335056c96cde5ac061527	a43749b70bdbb0c536e0c4790d5b2846056d7203a0f2b868b4b0952a34587d54	Client::dispatchFrame	bee0ab3382114cb2ed54f8fef7e74edb752814852c6231c956d64f4f465dcbf1	-	T0275	intermediate-component	excluded	-	Superseded or non-final component variant compared semantically; Local transport declarations, compressor/regex, watchdog/keepalive/platform, logging or superseded monolithic lifecycle; no additional verified protocol vocabulary or global validity rule; final endpoint or exact assertion is required before promotion
T0285	libqtdevices	dc63d762b5c25a5942d8d4a1af90ee8bc6de7fd7	openclient.cpp	e36a085b1ff208f9380335056c96cde5ac061527	a43749b70bdbb0c536e0c4790d5b2846056d7203a0f2b868b4b0952a34587d54	outside	daca79d57428c02cecc50f95148597a9ccff99f715c8acff40484f10bc3c23b2	-	T0276	intermediate-component	excluded	-	Superseded or non-final component variant compared semantically; Local transport declarations, compressor/regex, watchdog/keepalive/platform, logging or superseded monolithic lifecycle; no additional verified protocol vocabulary or global validity rule; final endpoint or exact assertion is required before promotion
T0286	libqtdevices	dc63d762b5c25a5942d8d4a1af90ee8bc6de7fd7	openclient.h	1c31bd1d666731e62f88bb73111bcece1170c805	863f69f0d79b00fa9b5d31bdd5056b0969d1dbdf56c2b80c702afc19a07ba074	outside	ffce4806bd42b6d052130e50932434833bd3a7d139e821e5b4646095a70ac54f	-	T0278	intermediate-component	excluded	-	Superseded or non-final component variant compared semantically; Local transport declarations, compressor/regex, watchdog/keepalive/platform, logging or superseded monolithic lifecycle; no additional verified protocol vocabulary or global validity rule; final endpoint or exact assertion is required before promotion
T0287	libqtdevices	175e38f3b9fd751ec2c00ab09cc0aecae067f5b0	openclient.cpp	dc724828f5a58f982e777b2f246345260db4be58	b8849166a2eb2635a286af8ce70e71aeb2a69c0e20b080881b080a17c79a14fb	Client::Client	a000a26f865991b115805c4f4d763e58a984c0173098e8aca5f201c767dd4a1d	-	T0272	intermediate-component	excluded	-	Superseded or non-final component variant compared semantically; Local transport declarations, compressor/regex, watchdog/keepalive/platform, logging or superseded monolithic lifecycle; no additional verified protocol vocabulary or global validity rule; final endpoint or exact assertion is required before promotion
T0288	libqtdevices	175e38f3b9fd751ec2c00ab09cc0aecae067f5b0	openclient.cpp	dc724828f5a58f982e777b2f246345260db4be58	b8849166a2eb2635a286af8ce70e71aeb2a69c0e20b080881b080a17c79a14fb	Client::~Client	68bcb583a4fc94602cbae2d4dc829c74e5a8204f527fc7b40366e1914461b4bd	-	-	intermediate-component	excluded	-	Superseded or non-final component variant compared semantically; Local transport declarations, compressor/regex, watchdog/keepalive/platform, logging or superseded monolithic lifecycle; no additional verified protocol vocabulary or global validity rule; final endpoint or exact assertion is required before promotion
T0289	libqtdevices	175e38f3b9fd751ec2c00ab09cc0aecae067f5b0	openclient.cpp	dc724828f5a58f982e777b2f246345260db4be58	b8849166a2eb2635a286af8ce70e71aeb2a69c0e20b080881b080a17c79a14fb	Client::socketConnected	83beba68f1706b85bdc95b132c6fcc433a7c93e863324b75c9a5375404cfa49d	-	T0254	intermediate-component	excluded	protocol/sessions.md	Superseded or non-final component variant compared semantically; Local connected lifecycle occurs on TCP callback before selector; pending frames/setup placeholders are implementation bookkeeping, not authentication or selector acceptance; final endpoint or exact assertion is required before promotion
T0290	libqtdevices	175e38f3b9fd751ec2c00ab09cc0aecae067f5b0	openclient.cpp	dc724828f5a58f982e777b2f246345260db4be58	b8849166a2eb2635a286af8ce70e71aeb2a69c0e20b080881b080a17c79a14fb	Client::sendDelayedFrames	794e256789a4adcb1a1b87b1d3abc9c762cd66349c058627a4f959f793a14050	-	T0282	intermediate-component	excluded	protocol/acknowledgements.md	Superseded or non-final component variant compared semantically; Historical local queue/batch/replay, delayed state reads or subscription transport implementation; unchanged wire families and no universal timing/delivery guarantee; final endpoint or exact assertion is required before promotion
T0291	libqtdevices	175e38f3b9fd751ec2c00ab09cc0aecae067f5b0	openclient.cpp	dc724828f5a58f982e777b2f246345260db4be58	b8849166a2eb2635a286af8ce70e71aeb2a69c0e20b080881b080a17c79a14fb	Client::ApriInviaFrameChiudi	be835af2f7085f999cdcb1f6abfcb276751ba1a54f43bc7f361d9d65133ca0f2	-	-	intermediate-component	excluded	-	Superseded or non-final component variant compared semantically; Local transport declarations, compressor/regex, watchdog/keepalive/platform, logging or superseded monolithic lifecycle; no additional verified protocol vocabulary or global validity rule; final endpoint or exact assertion is required before promotion
T0292	libqtdevices	175e38f3b9fd751ec2c00ab09cc0aecae067f5b0	openclient.cpp	dc724828f5a58f982e777b2f246345260db4be58	b8849166a2eb2635a286af8ce70e71aeb2a69c0e20b080881b080a17c79a14fb	Client::sendFrameOpen	6cecc6d94ac5d5ba44dc7cb763b74916583a65f44b8b0eaa886e1f1a19679ea6	-	T0281	intermediate-component	excluded	protocol/acknowledgements.md	Superseded or non-final component variant compared semantically; Historical local queue/batch/replay, delayed state reads or subscription transport implementation; unchanged wire families and no universal timing/delivery guarantee; final endpoint or exact assertion is required before promotion
T0293	libqtdevices	175e38f3b9fd751ec2c00ab09cc0aecae067f5b0	openclient.cpp	dc724828f5a58f982e777b2f246345260db4be58	b8849166a2eb2635a286af8ce70e71aeb2a69c0e20b080881b080a17c79a14fb	Client::sendFrameOpenDelayed	4189c05a68340edfa046af49f4fa1b9a11bde7f00dcf68a559f1ce4437b5085d	-	-	intermediate-component	excluded	protocol/acknowledgements.md	Superseded or non-final component variant compared semantically; Historical local queue/batch/replay, delayed state reads or subscription transport implementation; unchanged wire families and no universal timing/delivery guarantee; final endpoint or exact assertion is required before promotion
T0294	libqtdevices	175e38f3b9fd751ec2c00ab09cc0aecae067f5b0	openclient.cpp	dc724828f5a58f982e777b2f246345260db4be58	b8849166a2eb2635a286af8ce70e71aeb2a69c0e20b080881b080a17c79a14fb	Client::ApriInviaFrameChiudiw	d30a9555fdae02c398913d996eb62b703084e51d9704f5f94b63fbf2c0d0a49b	-	-	intermediate-component	excluded	-	Superseded or non-final component variant compared semantically; Local transport declarations, compressor/regex, watchdog/keepalive/platform, logging or superseded monolithic lifecycle; no additional verified protocol vocabulary or global validity rule; final endpoint or exact assertion is required before promotion
T0295	libqtdevices	175e38f3b9fd751ec2c00ab09cc0aecae067f5b0	openclient.cpp	dc724828f5a58f982e777b2f246345260db4be58	b8849166a2eb2635a286af8ce70e71aeb2a69c0e20b080881b080a17c79a14fb	Client::richStato	95284a20e1ef7dc2cde6833707909573ad2a67f8b0abbf6c425dd84527bd2ca1	-	-	intermediate-component	excluded	protocol/acknowledgements.md	Superseded or non-final component variant compared semantically; Historical local queue/batch/replay, delayed state reads or subscription transport implementation; unchanged wire families and no universal timing/delivery guarantee; final endpoint or exact assertion is required before promotion
T0296	libqtdevices	175e38f3b9fd751ec2c00ab09cc0aecae067f5b0	openclient.cpp	dc724828f5a58f982e777b2f246345260db4be58	b8849166a2eb2635a286af8ce70e71aeb2a69c0e20b080881b080a17c79a14fb	Client::connetti	71c89a072c1da42238c7278b450fdeb9134e93d03de17472932e1fb174537b94	-	-	intermediate-component	excluded	-	Superseded or non-final component variant compared semantically; Local transport declarations, compressor/regex, watchdog/keepalive/platform, logging or superseded monolithic lifecycle; no additional verified protocol vocabulary or global validity rule; final endpoint or exact assertion is required before promotion
T0297	libqtdevices	175e38f3b9fd751ec2c00ab09cc0aecae067f5b0	openclient.cpp	dc724828f5a58f982e777b2f246345260db4be58	b8849166a2eb2635a286af8ce70e71aeb2a69c0e20b080881b080a17c79a14fb	Client::manageFrame	982d821b7f256ff1f09a3a6f775fb349aca94b4373431c2bdd207153fb443b0b	-	T0132	intermediate-component	excluded	-	Superseded or non-final component variant compared semantically; Local transport declarations, compressor/regex, watchdog/keepalive/platform, logging or superseded monolithic lifecycle; no additional verified protocol vocabulary or global validity rule; final endpoint or exact assertion is required before promotion
T0298	libqtdevices	175e38f3b9fd751ec2c00ab09cc0aecae067f5b0	openclient.cpp	dc724828f5a58f982e777b2f246345260db4be58	b8849166a2eb2635a286af8ce70e71aeb2a69c0e20b080881b080a17c79a14fb	Client::socketWaitForAck	1a793997ef0a15b41f56b2b9e64effd84a92290591805bee8759185f9979881b	-	T0138	intermediate-component	excluded	-	Superseded or non-final component variant compared semantically; Local transport declarations, compressor/regex, watchdog/keepalive/platform, logging or superseded monolithic lifecycle; no additional verified protocol vocabulary or global validity rule; final endpoint or exact assertion is required before promotion
T0299	libqtdevices	175e38f3b9fd751ec2c00ab09cc0aecae067f5b0	openclient.cpp	dc724828f5a58f982e777b2f246345260db4be58	b8849166a2eb2635a286af8ce70e71aeb2a69c0e20b080881b080a17c79a14fb	Client::socketConnectionClosed	3b18216fc233d4287f3cf38380e5a96350d819de7ca40dbc3044ac064b2d9c33	-	-	intermediate-component	excluded	-	Superseded or non-final component variant compared semantically; Local transport declarations, compressor/regex, watchdog/keepalive/platform, logging or superseded monolithic lifecycle; no additional verified protocol vocabulary or global validity rule; final endpoint or exact assertion is required before promotion
T0300	libqtdevices	175e38f3b9fd751ec2c00ab09cc0aecae067f5b0	openclient.cpp	dc724828f5a58f982e777b2f246345260db4be58	b8849166a2eb2635a286af8ce70e71aeb2a69c0e20b080881b080a17c79a14fb	Client::socketError	636216ee7dbe7bc709110bf72532174a1f2b29b4f7a1cbc6d19b71abcdd7e067	-	T0261	intermediate-component	excluded	-	Superseded or non-final component variant compared semantically; Local transport declarations, compressor/regex, watchdog/keepalive/platform, logging or superseded monolithic lifecycle; no additional verified protocol vocabulary or global validity rule; final endpoint or exact assertion is required before promotion
T0301	libqtdevices	175e38f3b9fd751ec2c00ab09cc0aecae067f5b0	openclient.cpp	dc724828f5a58f982e777b2f246345260db4be58	b8849166a2eb2635a286af8ce70e71aeb2a69c0e20b080881b080a17c79a14fb	outside	002e4a9b495940bb471c02fd0e0f3fe895da6e2f0adef8002958a786c7ca3ec0	-	T0276	intermediate-component	excluded	-	Superseded or non-final component variant compared semantically; Local transport declarations, compressor/regex, watchdog/keepalive/platform, logging or superseded monolithic lifecycle; no additional verified protocol vocabulary or global validity rule; final endpoint or exact assertion is required before promotion
T0302	libqtdevices	175e38f3b9fd751ec2c00ab09cc0aecae067f5b0	openclient.h	3c0aa482c4bbc073b2b11e3eb510956bc90863d8	9c823a20839931485a5cccecf9e498072234101fc51815c863142629cbda40ff	outside	b6f5086e4c941069f73ae01b2693922d6ab8e0788d235eceb95ffc31b09a1563	-	T0278	intermediate-component	excluded	-	Superseded or non-final component variant compared semantically; Local transport declarations, compressor/regex, watchdog/keepalive/platform, logging or superseded monolithic lifecycle; no additional verified protocol vocabulary or global validity rule; final endpoint or exact assertion is required before promotion
T0303	libqtdevices	4e5396bd37dfc40d7d772f55521a0d95bd761f46	openclient.cpp	7d4bcaa2fba5060d80438f9614d875aafd16a40c	c6d1eec9ccd856b49a0c151140d4a953cc8731acc90ad5f0b4796f2514b328a9	Client::socketFrameRead	f7e6f3d04c6cfab24dff1c7822097614f1c559599d52dcda8034c89990369107	-	T0260	intermediate-component	excluded	protocol/stream-parsing.md	Superseded or non-final component variant compared semantically; Delimiter extraction, draining and retained partial buffer; no leading-star resynchronization, bounded buffering or reconnect-tail reset in final local client; final endpoint or exact assertion is required before promotion
T0304	libqtdevices	4e5396bd37dfc40d7d772f55521a0d95bd761f46	openclient.cpp	7d4bcaa2fba5060d80438f9614d875aafd16a40c	c6d1eec9ccd856b49a0c151140d4a953cc8731acc90ad5f0b4796f2514b328a9	outside	258a5b912793d5fece766782b55bea245f26a0002cc831cd906a8081fe233638	-	T0285	intermediate-component	excluded	-	Superseded or non-final component variant compared semantically; Local transport declarations, compressor/regex, watchdog/keepalive/platform, logging or superseded monolithic lifecycle; no additional verified protocol vocabulary or global validity rule; final endpoint or exact assertion is required before promotion
T0305	libqtdevices	6eed13ffd2c616e742b969a9350cac1068807f56	openclient.cpp	fb6826ded83355bc795a835c9a3d2efebba829a8	cf098de3d2bb206ce48339e8ef02f29f0df8f7137db28585aafb1df7d795249e	outside	f1d48d96676cff5c89108e36c8b46c0097c57c979da8ac92b0f29c569eb80593	-	T0301	intermediate-component	excluded	-	Superseded or non-final component variant compared semantically; Local transport declarations, compressor/regex, watchdog/keepalive/platform, logging or superseded monolithic lifecycle; no additional verified protocol vocabulary or global validity rule; final endpoint or exact assertion is required before promotion
T0306	libqtdevices	acef32715ed1a135bfa87f9e3dc7259b01fe6cba	openclient.h	1483f635d1fc5dc511190f3ab148f74e9c4026f9	5ea0f93eb200771eb1dd0b78ec27859da6e0815f8e5ded6ea78a1cf9faeb58f5	flush	dfdc09b89331c21a81cfbb90c52a044bc40df931c32e339a473288dc54b96eaf	-	T0094	intermediate-component	excluded	-	Superseded or non-final component variant compared semantically; Local transport declarations, compressor/regex, watchdog/keepalive/platform, logging or superseded monolithic lifecycle; no additional verified protocol vocabulary or global validity rule; final endpoint or exact assertion is required before promotion
T0307	libqtdevices	e17cbaf7c223c6c258eef71d6960172698e17efd	openclient.cpp	6072b1774cda9a703c3925e37f798a2c96cd319e	e0cb750b6ad64ad69bc4897038e54a7e284b91038a4dfb72a423b4a6f1d0f6e4	Client::Client	0c919af9045cbffe4c3e30e0c48fc7792941217b398209ef28ec10289e84fa57	-	T0287	intermediate-component	excluded	-	Superseded or non-final component variant compared semantically; Local transport declarations, compressor/regex, watchdog/keepalive/platform, logging or superseded monolithic lifecycle; no additional verified protocol vocabulary or global validity rule; final endpoint or exact assertion is required before promotion
T0308	libqtdevices	e17cbaf7c223c6c258eef71d6960172698e17efd	openclient.cpp	6072b1774cda9a703c3925e37f798a2c96cd319e	e0cb750b6ad64ad69bc4897038e54a7e284b91038a4dfb72a423b4a6f1d0f6e4	outside	0f50f80ead3c6df8b2f7327e741a43f7d85090ac0edea396bd1267399b84cecb	-	T0305	intermediate-component	excluded	-	Superseded or non-final component variant compared semantically; Local transport declarations, compressor/regex, watchdog/keepalive/platform, logging or superseded monolithic lifecycle; no additional verified protocol vocabulary or global validity rule; final endpoint or exact assertion is required before promotion
T0309	libqtdevices	e17cbaf7c223c6c258eef71d6960172698e17efd	openclient.h	431226d021ed0c2cb4d9da51588490dad760d2fe	ddb1e696136f5ccddabdf70c92c5eeebf8a6cc1b557ab44dfb9a2e85a38fe42f	outside	082e68b525359367ba05e9c9801ff9c7f35ee57b972a0126bcafdb6cf77116d4	-	T0302	intermediate-component	excluded	-	Superseded or non-final component variant compared semantically; Local transport declarations, compressor/regex, watchdog/keepalive/platform, logging or superseded monolithic lifecycle; no additional verified protocol vocabulary or global validity rule; final endpoint or exact assertion is required before promotion
T0310	libqtdevices	f0b12a3ce0bbc07ffaf96a5f581fb629260d4b1f	openclient.cpp	42c834fea0f2d790a4d93ccfc601b0ff6df9ab87	6da34d5c157c4ca129d2d37a44dbc7992c4fce9b0d7a3656ce3c3ede51686803	Client::Client	613122885803afc1b58be909b185ab6e3025e6bb8e627811686c3980029340a0	-	T0283	intermediate-component	excluded	-	Superseded or non-final component variant compared semantically; Local transport declarations, compressor/regex, watchdog/keepalive/platform, logging or superseded monolithic lifecycle; no additional verified protocol vocabulary or global validity rule; final endpoint or exact assertion is required before promotion
T0311	libqtdevices	f0b12a3ce0bbc07ffaf96a5f581fb629260d4b1f	openclient.cpp	42c834fea0f2d790a4d93ccfc601b0ff6df9ab87	6da34d5c157c4ca129d2d37a44dbc7992c4fce9b0d7a3656ce3c3ede51686803	Client::sendFrameOpen	1b9916c6f5f7942052fb48ec2d81b4d1a9b7709af65d6617fadd831110006f0e	-	T0281	intermediate-component	excluded	protocol/acknowledgements.md	Superseded or non-final component variant compared semantically; Historical local queue/batch/replay, delayed state reads or subscription transport implementation; unchanged wire families and no universal timing/delivery guarantee; final endpoint or exact assertion is required before promotion
T0312	libqtdevices	f0b12a3ce0bbc07ffaf96a5f581fb629260d4b1f	openclient.cpp	42c834fea0f2d790a4d93ccfc601b0ff6df9ab87	6da34d5c157c4ca129d2d37a44dbc7992c4fce9b0d7a3656ce3c3ede51686803	outside	8f22f808748c484ad68523d754c0e165715c2e7559b5721ff51c87548c1f9414	-	T0304	intermediate-component	excluded	-	Superseded or non-final component variant compared semantically; Local transport declarations, compressor/regex, watchdog/keepalive/platform, logging or superseded monolithic lifecycle; no additional verified protocol vocabulary or global validity rule; final endpoint or exact assertion is required before promotion
T0313	libqtdevices	f0b12a3ce0bbc07ffaf96a5f581fb629260d4b1f	openclient.h	5902053ae205bfc0ea1322c47cafc28dda938216	b498a47ed0c49ef7ed0328d2fca606384ebd150d5e3bd97c88fd02556d77d33f	outside	cce57ba1b9d4cc56303ee546ddd0f329ff419ef6c80f35627b37a639d03f7813	-	T0286	intermediate-component	excluded	-	Superseded or non-final component variant compared semantically; Local transport declarations, compressor/regex, watchdog/keepalive/platform, logging or superseded monolithic lifecycle; no additional verified protocol vocabulary or global validity rule; final endpoint or exact assertion is required before promotion
T0314	libqtdevices	01537abbb8f3cae19f0a07195826a6f8862c474e	openclient.cpp	f4942ebd8c0035c70d7c34fcd38b950d9a8b4f62	4d79a326186f1242ec777535e70cae4cf56ba947bdc63b7c9aedb7fee8c69ef2	Client::Client	2b5a7edd8a29696907603096fd12446514c5526cbafd334ba3128271f5329281	-	T0307	intermediate-component	excluded	-	Superseded or non-final component variant compared semantically; Local transport declarations, compressor/regex, watchdog/keepalive/platform, logging or superseded monolithic lifecycle; no additional verified protocol vocabulary or global validity rule; final endpoint or exact assertion is required before promotion
T0315	libqtdevices	01537abbb8f3cae19f0a07195826a6f8862c474e	openclient.cpp	f4942ebd8c0035c70d7c34fcd38b950d9a8b4f62	4d79a326186f1242ec777535e70cae4cf56ba947bdc63b7c9aedb7fee8c69ef2	Client::manageFrame	bc2d0ca480f09d86ac8aee7ff84a371dd804e3de11132a9d87d8bb11fadf5e8f	-	T0297	intermediate-component	excluded	-	Superseded or non-final component variant compared semantically; Local transport declarations, compressor/regex, watchdog/keepalive/platform, logging or superseded monolithic lifecycle; no additional verified protocol vocabulary or global validity rule; final endpoint or exact assertion is required before promotion
T0316	libqtdevices	01537abbb8f3cae19f0a07195826a6f8862c474e	openclient.cpp	f4942ebd8c0035c70d7c34fcd38b950d9a8b4f62	4d79a326186f1242ec777535e70cae4cf56ba947bdc63b7c9aedb7fee8c69ef2	Client::clear_last_msg_open_read	7f48e05fbe27301b3cccc9119c4e6eaf59e58a8f8e9f2b154f6895274529f90a	-	-	intermediate-component	excluded	-	Superseded or non-final component variant compared semantically; Local transport declarations, compressor/regex, watchdog/keepalive/platform, logging or superseded monolithic lifecycle; no additional verified protocol vocabulary or global validity rule; final endpoint or exact assertion is required before promotion
T0317	libqtdevices	01537abbb8f3cae19f0a07195826a6f8862c474e	openclient.h	8abc8a0c8e5da69167cbd266310f2c50b4c0e661	851a660a63a174265b47f4286a306f07ad6bed469787809d2aa72676f0cf6db5	outside	3fb31072e30f94936cf1789f2165c8ff2c2c581046d4b4955ff43e48cd42cee0	-	T0309	intermediate-component	excluded	-	Superseded or non-final component variant compared semantically; Local transport declarations, compressor/regex, watchdog/keepalive/platform, logging or superseded monolithic lifecycle; no additional verified protocol vocabulary or global validity rule; final endpoint or exact assertion is required before promotion
T0318	libqtdevices	4996c42add4e56abcbb0184186b150be4cc4e9ca	devices/device.cpp	658683c60f6753d7112d70cc3aa90093252560c0	10a638d62598511214d00c1c0a259057d83b6f307a8c4672b1cfa43cc5b13f53	OpenServerManager::OpenServerManager	b123068c7edf45a71e7455a189108ba27d3032c8283f2b453f28c16a0c661fa4	-	T0241	intermediate-component	excluded	protocol/sessions.md	Superseded or non-final component variant compared semantically; Local manager channel aggregation, initialization and reconnect lifecycle; partial-connect retry corrections do not establish server acceptance or a protocol timer; final endpoint or exact assertion is required before promotion
T0319	libqtdevices	4996c42add4e56abcbb0184186b150be4cc4e9ca	devices/device.cpp	658683c60f6753d7112d70cc3aa90093252560c0	10a638d62598511214d00c1c0a259057d83b6f307a8c4672b1cfa43cc5b13f53	OpenServerManager::handleConnectionUp	5d64e7529d3fc6f007513f01ec6861d07a7bb8b415a53c4d6715506bf7730379	-	T0279	intermediate-component	excluded	protocol/sessions.md	Superseded or non-final component variant compared semantically; Local manager channel aggregation, initialization and reconnect lifecycle; partial-connect retry corrections do not establish server acceptance or a protocol timer; final endpoint or exact assertion is required before promotion
T0320	libqtdevices	4996c42add4e56abcbb0184186b150be4cc4e9ca	devices/device.cpp	658683c60f6753d7112d70cc3aa90093252560c0	10a638d62598511214d00c1c0a259057d83b6f307a8c4672b1cfa43cc5b13f53	OpenServerManager::initDevices	5b903338aa6a0ef900e630a1bfc7407382d3ef0808a79f8140d3625e79874a40	-	-	intermediate-component	excluded	protocol/sessions.md	Superseded or non-final component variant compared semantically; Local manager channel aggregation, initialization and reconnect lifecycle; partial-connect retry corrections do not establish server acceptance or a protocol timer; final endpoint or exact assertion is required before promotion
T0321	libqtdevices	4996c42add4e56abcbb0184186b150be4cc4e9ca	devices/device.h	f562ebb2d9100c0064aa3a9255670f48de8db7d5	e7795dd56f308629151a9afe19a62d59c8a975ce9d0e5d91c979d01fbe05a182	outside	cee3135879eecbb874da67474d42e2bae52e35393ff0ba0d94890d36e1723ee1	-	T0245	intermediate-component	excluded	protocol/sessions.md	Superseded or non-final component variant compared semantically; Local manager channel aggregation, initialization and reconnect lifecycle; partial-connect retry corrections do not establish server acceptance or a protocol timer; final endpoint or exact assertion is required before promotion
T0322	libqtdevices	4ef68d0389449cb2e35eca1186eb9611015ad3d6	devices/pulldevice.cpp	4eceea492014e39d543126c3f18051adf37fcd65	55d2d4247fdf952662bd539a885910fe0a50cd33a66f1710573f52d857ac59bf	checkAddressIsForMe	2ae6112dfa8419219b61e8545beadc34b9428c8873018956856e47ea6a2d46b9	-	T0008	intermediate-component	excluded	protocol/addressing.md	Superseded or non-final component variant compared semantically; Address matcher: raw equality first, incoming-only #3 normalization for collective matching, exact level strings and scoped environment/group behavior; earlier broad environment/pull-mode variants superseded; final endpoint or exact assertion is required before promotion
T0323	libqtdevices	4ef68d0389449cb2e35eca1186eb9611015ad3d6	devices/test/test_checkaddress.cpp	4694bcf2ac342b9bdbe93716b6a2b345e6fb91b3	4862fa705d45abca480a133b232ee5363507d224689c66f73158c1ebff19816c	TestCheckAddress::testCheckAddressGlobalLevel3	3d8c34094e33791ddc398d5e2583e4c7fe1c68641a2e52bde774b927ca8330c3	QVERIFY[1]:374b810de2ac486f677ecf0e674aa0ab0accd5597c34379f0a324b13daba79aa;QCOMPARE[2]:d4caf2b3cc6a5a7f3519385665eaae4dc215cb527cb261b79a9b41eb355f189f	T0011	intermediate-component	excluded	protocol/addressing.md	Superseded or non-final component variant compared semantically; Address matcher: raw equality first, incoming-only #3 normalization for collective matching, exact level strings and scoped environment/group behavior; earlier broad environment/pull-mode variants superseded; final endpoint or exact assertion is required before promotion
T0324	libqtdevices	4ef68d0389449cb2e35eca1186eb9611015ad3d6	devices/test/test_checkaddress.cpp	4694bcf2ac342b9bdbe93716b6a2b345e6fb91b3	4862fa705d45abca480a133b232ee5363507d224689c66f73158c1ebff19816c	TestCheckAddress::testCheckAddressGlobalInterface	2f30aabd2ef89f466d00718eec09a9bfcd9cfe813a699e239f14cff1f5365ee6	QCOMPARE[1]:8bf456c789a6222e440df5b1ca5ed4f8aa53e078ab3b0e0b5ae5458182097e24;QVERIFY[2]:8357c69134a5b6b7808178c4ff8620aabb54d36b4f15113a6eb2f429e6eb42f9	T0013	intermediate-component	excluded	protocol/addressing.md	Superseded or non-final component variant compared semantically; Address matcher: raw equality first, incoming-only #3 normalization for collective matching, exact level strings and scoped environment/group behavior; earlier broad environment/pull-mode variants superseded; final endpoint or exact assertion is required before promotion
T0325	libqtdevices	4ef68d0389449cb2e35eca1186eb9611015ad3d6	devices/test/test_checkaddress.cpp	4694bcf2ac342b9bdbe93716b6a2b345e6fb91b3	4862fa705d45abca480a133b232ee5363507d224689c66f73158c1ebff19816c	TestCheckAddress::testCheckAddressGlobalInterfaceFalse	53a7c89bd4f6c3e4c112c2c8b6e196c616eed1cc21cfe9d595a5de9925e38cd5	QVERIFY[1]:374b810de2ac486f677ecf0e674aa0ab0accd5597c34379f0a324b13daba79aa;QVERIFY[2]:8357c69134a5b6b7808178c4ff8620aabb54d36b4f15113a6eb2f429e6eb42f9	T0014	intermediate-component	excluded	protocol/addressing.md	Superseded or non-final component variant compared semantically; Address matcher: raw equality first, incoming-only #3 normalization for collective matching, exact level strings and scoped environment/group behavior; earlier broad environment/pull-mode variants superseded; final endpoint or exact assertion is required before promotion
T0326	libqtdevices	4ef68d0389449cb2e35eca1186eb9611015ad3d6	devices/test/test_checkaddress.cpp	4694bcf2ac342b9bdbe93716b6a2b345e6fb91b3	4862fa705d45abca480a133b232ee5363507d224689c66f73158c1ebff19816c	TestCheckAddress::testCheckAddressEnvironment10	43a5120e72cdde78141e0d995bac165307e995d153577dd195cfef9457ec7b4b	QCOMPARE[1]:d9a9f75dbac02a28dd82fe911af4a8ae6c655d687d95ca52f731ec558f047d30;QCOMPARE[2]:9ac0aab9dacee1389341371e947404f0931d23b3b847a740235a574a5a7f6a2f	T0015	intermediate-component	excluded	protocol/addressing.md	Superseded or non-final component variant compared semantically; Address matcher: raw equality first, incoming-only #3 normalization for collective matching, exact level strings and scoped environment/group behavior; earlier broad environment/pull-mode variants superseded; final endpoint or exact assertion is required before promotion
T0327	libqtdevices	4ef68d0389449cb2e35eca1186eb9611015ad3d6	devices/test/test_checkaddress.cpp	4694bcf2ac342b9bdbe93716b6a2b345e6fb91b3	4862fa705d45abca480a133b232ee5363507d224689c66f73158c1ebff19816c	TestCheckAddress::testCheckAddressEnvironment0	abf8927c8eb17ed49293bc3e7dd2e4942a3df669a354b4fd0bb2710eaa663bdb	QCOMPARE[1]:ba880266af653e3b6643300ea204a54678143cb8dbb8e375425df6e51a9080f3;QCOMPARE[2]:9cabf284f7f3a6b8e7b94f932a879e1dba13619ef1c251a876f52519edbe90a1;QVERIFY[3]:beedffccc45540d2092cb6d87f98a72dcbb6cc357a4db0d807cc2757c0a8b4a4;QVERIFY[4]:87c9ccdf73e804eb00aa974874dd3bd72d6aaf59216468a4fcb2fc13a098aef7	T0016	intermediate-component	excluded	protocol/addressing.md	Superseded or non-final component variant compared semantically; Address matcher: raw equality first, incoming-only #3 normalization for collective matching, exact level strings and scoped environment/group behavior; earlier broad environment/pull-mode variants superseded; final endpoint or exact assertion is required before promotion
T0328	libqtdevices	4ef68d0389449cb2e35eca1186eb9611015ad3d6	devices/test/test_checkaddress.cpp	4694bcf2ac342b9bdbe93716b6a2b345e6fb91b3	4862fa705d45abca480a133b232ee5363507d224689c66f73158c1ebff19816c	TestCheckAddress::testCheckAddressEnvironmentInt	3e095daf239e64bc1168a7149c7b12247f7bb3e3b71124b871e2c4757bc6a569	QCOMPARE[1]:24903ba637a56e82c046dcdf2cd84a0fcff2db74d115449b3ac226c97d1993ee	-	intermediate-component	excluded	protocol/addressing.md	Superseded or non-final component variant compared semantically; Address matcher: raw equality first, incoming-only #3 normalization for collective matching, exact level strings and scoped environment/group behavior; earlier broad environment/pull-mode variants superseded; final endpoint or exact assertion is required before promotion
T0329	libqtdevices	4ef68d0389449cb2e35eca1186eb9611015ad3d6	devices/test/test_checkaddress.cpp	4694bcf2ac342b9bdbe93716b6a2b345e6fb91b3	4862fa705d45abca480a133b232ee5363507d224689c66f73158c1ebff19816c	TestCheckAddress::testCheckAddressEnvironmentLevel3	56e9dddfe772a0c6545def1b32ee65509d580a88e77234135ca25f9fab757370	QCOMPARE[1]:ccdc5774e3d4cdd9684508eb554dccfb23576fe68a4b06d25ac99b4413789f23;QCOMPARE[2]:7b2f0c9533086810decfdf052a52754cd6d1c8bf953f1c0b779bf4cb615ab940;QCOMPARE[3]:a32f135b2813e59e72e54cac0cdf6718d116e14010f5b75379c8d878123930da	T0018	intermediate-component	excluded	protocol/addressing.md	Superseded or non-final component variant compared semantically; Address matcher: raw equality first, incoming-only #3 normalization for collective matching, exact level strings and scoped environment/group behavior; earlier broad environment/pull-mode variants superseded; final endpoint or exact assertion is required before promotion
T0330	libqtdevices	4ef68d0389449cb2e35eca1186eb9611015ad3d6	devices/test/test_checkaddress.cpp	4694bcf2ac342b9bdbe93716b6a2b345e6fb91b3	4862fa705d45abca480a133b232ee5363507d224689c66f73158c1ebff19816c	TestCheckAddress::testCheckAddressPointToPoint	255ce6da2afcf407f631dae8e8bddad041d7f618ff4fccbb749d1e4417c3851a	QCOMPARE[1]:a55a6e4e58837886904731c85892aa0b58c06a2ccde8460c7c0ed7d81de6b269;QCOMPARE[2]:bed61492f4c2094687670296e1caf957ad92df57ad1c8c598baacea7512f4733;QCOMPARE[3]:0bb64868945cc85ef8d3876f0beb6d44eb7b24ce8e2ddede51131ba5ae87457d	T0019	intermediate-component	excluded	protocol/addressing.md	Superseded or non-final component variant compared semantically; Address matcher: raw equality first, incoming-only #3 normalization for collective matching, exact level strings and scoped environment/group behavior; earlier broad environment/pull-mode variants superseded; final endpoint or exact assertion is required before promotion
T0331	libqtdevices	4ef68d0389449cb2e35eca1186eb9611015ad3d6	devices/test/test_checkaddress.cpp	4694bcf2ac342b9bdbe93716b6a2b345e6fb91b3	4862fa705d45abca480a133b232ee5363507d224689c66f73158c1ebff19816c	TestCheckAddress::testCheckAddressGroup	76533380f697a6c3dd494244af73005d1ae99f5706f668a1b44b642d00321dbb	QVERIFY[1]:cc0f3ea351f9124e8b14312da7a3e847d97050acf143499b8ba8ce092369f835;QVERIFY[2]:56fc93250d8330ebb552a3e0868e74598da86e974f5e7c9fc9e647884cd20a1f	T0020	intermediate-component	excluded	protocol/addressing.md	Superseded or non-final component variant compared semantically; Address matcher: raw equality first, incoming-only #3 normalization for collective matching, exact level strings and scoped environment/group behavior; earlier broad environment/pull-mode variants superseded; final endpoint or exact assertion is required before promotion
T0332	libqtdevices	4ef68d0389449cb2e35eca1186eb9611015ad3d6	devices/test/test_checkaddress.h	36ca85f4d7a1e5b34c38d5d9d363449e0558fc9c	4248512fc34d9bb2538f72e9d074befb93f2a4b186f8226d9c286a508527317d	outside	61c587b867a1b6dfbedff3dc1808102748bc826152779ba22791858950278b9c	-	T0022	intermediate-component	excluded	protocol/addressing.md	Superseded or non-final component variant compared semantically; Address matcher: raw equality first, incoming-only #3 normalization for collective matching, exact level strings and scoped environment/group behavior; earlier broad environment/pull-mode variants superseded; final endpoint or exact assertion is required before promotion
T0333	libqtdevices	b37c1254c6792b288a51e86340083c61fbd3faba	openclient.cpp	d85a8c6d024679425968e591f4dbbc846301ac9c	204a9f102267eba2cb612af13d2f2502e9390a47a22e98bb00f324bdff1cfb9e	outside	f7acfb6b4ec0961b874ebcf14c1b049e95c93f75f239478032b6f4cd30f00331	-	T0308	intermediate-component	excluded	-	Superseded or non-final component variant compared semantically; Local transport declarations, compressor/regex, watchdog/keepalive/platform, logging or superseded monolithic lifecycle; no additional verified protocol vocabulary or global validity rule; final endpoint or exact assertion is required before promotion
T0334	libqtdevices	69d021cc781fa0b5fa8f49df3513562972e42254	test/test_checkaddress.cpp	0cb9c148483ed7a508f5efb30f16694a23c86d61	32b3629e1d465166fe194fb406371869712f5bf404730552c19c24b2808076af	TestCheckAddress::testCheckAddressEnvironmentLevel4	5b548016e7609bd41eb7368654bd16229132ef36cb9b030ccd38ba9c45c1c91c	QCOMPARE[1]:24903ba637a56e82c046dcdf2cd84a0fcff2db74d115449b3ac226c97d1993ee	T0017	intermediate-component	excluded	protocol/addressing.md	Superseded or non-final component variant compared semantically; Address matcher: raw equality first, incoming-only #3 normalization for collective matching, exact level strings and scoped environment/group behavior; earlier broad environment/pull-mode variants superseded; final endpoint or exact assertion is required before promotion
T0335	libqtdevices	732cda5cd99fd3837f1bedf9a75304caf2a3bc81	test/test_checkaddress.h	9ddbe07c951c87de56a82119e39a350247ed7240	11332a347b9b6b4458a8bd41e114f04d2dbbf7baffaf877a25a1d0e8ad0f8d74	outside	0c0a9a790bd32eea3dc3088478bba0b66edafe7fa9cc34e2b7b0e4096842f298	-	T0332	intermediate-component	excluded	protocol/addressing.md	Superseded or non-final component variant compared semantically; Address matcher: raw equality first, incoming-only #3 normalization for collective matching, exact level strings and scoped environment/group behavior; earlier broad environment/pull-mode variants superseded; final endpoint or exact assertion is required before promotion
T0336	libqtdevices	f2e1741540471f633bc29f21cc10f6d3430f2a1e	openclient.cpp	5ec894ef00cb34229e5dd04d7b90e4017d9a494f	2b9160747d71ccd1e2354b62c51e6d3f13258c4cb27f372be9307e60d7d472df	Client::Client	1785399498cd414d2313e90e20802cc83dfd0167d53ae8d159f07b8474988d16	-	T0314	intermediate-component	excluded	-	Superseded or non-final component variant compared semantically; Local transport declarations, compressor/regex, watchdog/keepalive/platform, logging or superseded monolithic lifecycle; no additional verified protocol vocabulary or global validity rule; final endpoint or exact assertion is required before promotion
T0337	libqtdevices	f2e1741540471f633bc29f21cc10f6d3430f2a1e	openclient.cpp	5ec894ef00cb34229e5dd04d7b90e4017d9a494f	2b9160747d71ccd1e2354b62c51e6d3f13258c4cb27f372be9307e60d7d472df	Client::socketConnected	66eb1d42eb19a2e50e8e1d38b0983f7fe636510372132fb1bc69da2772d9445f	-	T0289	intermediate-component	excluded	protocol/sessions.md	Superseded or non-final component variant compared semantically; Local connected lifecycle occurs on TCP callback before selector; pending frames/setup placeholders are implementation bookkeeping, not authentication or selector acceptance; final endpoint or exact assertion is required before promotion
T0338	libqtdevices	f2e1741540471f633bc29f21cc10f6d3430f2a1e	openclient.cpp	5ec894ef00cb34229e5dd04d7b90e4017d9a494f	2b9160747d71ccd1e2354b62c51e6d3f13258c4cb27f372be9307e60d7d472df	Client::ApriInviaFrameChiudi	9c30047d77c1e45cf6aff8e149804847e686a4ae92eb6828de879ca818a92c1c	-	T0291	intermediate-component	excluded	-	Superseded or non-final component variant compared semantically; Local transport declarations, compressor/regex, watchdog/keepalive/platform, logging or superseded monolithic lifecycle; no additional verified protocol vocabulary or global validity rule; final endpoint or exact assertion is required before promotion
T0339	libqtdevices	f2e1741540471f633bc29f21cc10f6d3430f2a1e	openclient.cpp	5ec894ef00cb34229e5dd04d7b90e4017d9a494f	2b9160747d71ccd1e2354b62c51e6d3f13258c4cb27f372be9307e60d7d472df	Client::sendFrameOpen	a7663a732bc7b3331d700327d73aa4ed5ff8564bbda8ebba5274099abe7ebe93	-	T0292	intermediate-component	excluded	protocol/acknowledgements.md	Superseded or non-final component variant compared semantically; Historical local queue/batch/replay, delayed state reads or subscription transport implementation; unchanged wire families and no universal timing/delivery guarantee; final endpoint or exact assertion is required before promotion
T0340	libqtdevices	f2e1741540471f633bc29f21cc10f6d3430f2a1e	openclient.cpp	5ec894ef00cb34229e5dd04d7b90e4017d9a494f	2b9160747d71ccd1e2354b62c51e6d3f13258c4cb27f372be9307e60d7d472df	Client::ApriInviaFrameChiudiw	1561417da856394994441821a401b388bfba8b6857768f3d11ad154be94b1077	-	T0294	intermediate-component	excluded	-	Superseded or non-final component variant compared semantically; Local transport declarations, compressor/regex, watchdog/keepalive/platform, logging or superseded monolithic lifecycle; no additional verified protocol vocabulary or global validity rule; final endpoint or exact assertion is required before promotion
T0341	libqtdevices	f2e1741540471f633bc29f21cc10f6d3430f2a1e	openclient.cpp	5ec894ef00cb34229e5dd04d7b90e4017d9a494f	2b9160747d71ccd1e2354b62c51e6d3f13258c4cb27f372be9307e60d7d472df	Client::manageFrame	abdcd26348724178ed8ac865ce0cbb83267b4cde3c4409880d7e16b3d7ceba5c	-	T0315	intermediate-component	excluded	-	Superseded or non-final component variant compared semantically; Local transport declarations, compressor/regex, watchdog/keepalive/platform, logging or superseded monolithic lifecycle; no additional verified protocol vocabulary or global validity rule; final endpoint or exact assertion is required before promotion
T0342	libqtdevices	f2e1741540471f633bc29f21cc10f6d3430f2a1e	openclient.cpp	5ec894ef00cb34229e5dd04d7b90e4017d9a494f	2b9160747d71ccd1e2354b62c51e6d3f13258c4cb27f372be9307e60d7d472df	Client::socketConnectionClosed	b3464534fc303eab07e9597ae599bfd9eabac0f176ddf8f53265c4d76d39664d	-	T0299	intermediate-component	excluded	-	Superseded or non-final component variant compared semantically; Local transport declarations, compressor/regex, watchdog/keepalive/platform, logging or superseded monolithic lifecycle; no additional verified protocol vocabulary or global validity rule; final endpoint or exact assertion is required before promotion
T0343	libqtdevices	f2e1741540471f633bc29f21cc10f6d3430f2a1e	openclient.cpp	5ec894ef00cb34229e5dd04d7b90e4017d9a494f	2b9160747d71ccd1e2354b62c51e6d3f13258c4cb27f372be9307e60d7d472df	Client::socketError	75230b8a1c01230ecdb6af182fd8a15a14dea6627c16049bc03933a2653635c9	-	T0300	intermediate-component	excluded	-	Superseded or non-final component variant compared semantically; Local transport declarations, compressor/regex, watchdog/keepalive/platform, logging or superseded monolithic lifecycle; no additional verified protocol vocabulary or global validity rule; final endpoint or exact assertion is required before promotion
T0344	libqtdevices	f2e1741540471f633bc29f21cc10f6d3430f2a1e	openclient.cpp	5ec894ef00cb34229e5dd04d7b90e4017d9a494f	2b9160747d71ccd1e2354b62c51e6d3f13258c4cb27f372be9307e60d7d472df	outside	98bf668e128618d52c63f88c9a1552c2ec2340f394be58e0c3443c6c964b5015	-	T0312	intermediate-component	excluded	-	Superseded or non-final component variant compared semantically; Local transport declarations, compressor/regex, watchdog/keepalive/platform, logging or superseded monolithic lifecycle; no additional verified protocol vocabulary or global validity rule; final endpoint or exact assertion is required before promotion
T0345	libqtdevices	f2e1741540471f633bc29f21cc10f6d3430f2a1e	openclient.h	90830c6fdfb76b51261ad1eb2a5c1389f9034358	f88a7a90311d7871fd63b0f961c7714d34d158389e93296e0ba2fb130689e299	outside	3539244d878ff865a29f38ebfd951693f900babba3cf1470e11dc75ddb23b24d	-	T0317	intermediate-component	excluded	-	Superseded or non-final component variant compared semantically; Local transport declarations, compressor/regex, watchdog/keepalive/platform, logging or superseded monolithic lifecycle; no additional verified protocol vocabulary or global validity rule; final endpoint or exact assertion is required before promotion
T0346	libqtdevices	f2e1741540471f633bc29f21cc10f6d3430f2a1e	test/test_checkaddress.cpp	e13526704dbe4847581134f837ba97cd9bc61504	21e24bb01506cc068fd99bd8ae1d9c3c18b249dc5b6c3bd74fad14c78aa7f0b9	outside	55ac1dad16dab5e6be2bda7eb129ca6c12f60dfba37d85e917f031f07568dd90	-	T0021	intermediate-component	excluded	protocol/addressing.md	Superseded or non-final component variant compared semantically; Address matcher: raw equality first, incoming-only #3 normalization for collective matching, exact level strings and scoped environment/group behavior; earlier broad environment/pull-mode variants superseded; final endpoint or exact assertion is required before promotion
T0347	libqtdevices	ba1d1193fa6717c647260d29e9b89c612714e874	openclient.cpp	0b641b9514b03df92d14e6b00a32744a5cd34fc8	bb8d971a72f2fdc4a4ea08c76a76166a0096f037739ea5dc1965ed10c13b761e	Client::Client	e79f2b40a3749b1dcfcd028a06766a89ce4f2b5e785ac27734cbaabbaa1180f2	-	T0336	intermediate-component	excluded	-	Superseded or non-final component variant compared semantically; Local transport declarations, compressor/regex, watchdog/keepalive/platform, logging or superseded monolithic lifecycle; no additional verified protocol vocabulary or global validity rule; final endpoint or exact assertion is required before promotion
T0348	libqtdevices	ba1d1193fa6717c647260d29e9b89c612714e874	openclient.cpp	0b641b9514b03df92d14e6b00a32744a5cd34fc8	bb8d971a72f2fdc4a4ea08c76a76166a0096f037739ea5dc1965ed10c13b761e	Client::manageFrame	18bbc1340cf1cc71606ad4a133c5800aa9b421065d6009a191a3ac1063bde923	-	T0341	intermediate-component	excluded	-	Superseded or non-final component variant compared semantically; Local transport declarations, compressor/regex, watchdog/keepalive/platform, logging or superseded monolithic lifecycle; no additional verified protocol vocabulary or global validity rule; final endpoint or exact assertion is required before promotion
T0349	libqtdevices	ba1d1193fa6717c647260d29e9b89c612714e874	openclient.h	eb104e041eb6edefa02c3a1bad3409d178601e41	fb2043c0ad361f7296e1d23b2356f7142a1e61ad1a8265db302e9e3216e3c93c	outside	0d323d8be6ad6621b579a214fdb4eba56b7e5927002232e848da65c7b21f52fa	-	T0317	intermediate-component	excluded	-	Superseded or non-final component variant compared semantically; Local transport declarations, compressor/regex, watchdog/keepalive/platform, logging or superseded monolithic lifecycle; no additional verified protocol vocabulary or global validity rule; final endpoint or exact assertion is required before promotion
T0350	libqtdevices	1675f71156a3229790f792ee12ec63317d96c201	devices/device.cpp	98a213d1e13bc16014de8be06c9bcff0f6e9da8b	6c94a8a2795030073b96e042766fced52e636fcf0d8621282b90f8c683a59e51	OpenServerManager::OpenServerManager	71b19a192d07d5470c2d52feeaa0b0609a7caf4ef446a08989383dbf5b498217	-	T0241	intermediate-component	excluded	protocol/sessions.md	Superseded or non-final component variant compared semantically; Local manager channel aggregation, initialization and reconnect lifecycle; partial-connect retry corrections do not establish server acceptance or a protocol timer; final endpoint or exact assertion is required before promotion
T0351	libqtdevices	1675f71156a3229790f792ee12ec63317d96c201	devices/device.cpp	98a213d1e13bc16014de8be06c9bcff0f6e9da8b	6c94a8a2795030073b96e042766fced52e636fcf0d8621282b90f8c683a59e51	OpenServerManager::handleConnectionDown	89c19f2e7dd204ee27dac43636004f1ba560ad839e8b36dc0b0e12fb7f8713e4	-	T0242	intermediate-component	excluded	protocol/sessions.md	Superseded or non-final component variant compared semantically; Local manager channel aggregation, initialization and reconnect lifecycle; partial-connect retry corrections do not establish server acceptance or a protocol timer; final endpoint or exact assertion is required before promotion
T0352	libqtdevices	1675f71156a3229790f792ee12ec63317d96c201	devices/device.cpp	98a213d1e13bc16014de8be06c9bcff0f6e9da8b	6c94a8a2795030073b96e042766fced52e636fcf0d8621282b90f8c683a59e51	OpenServerManager::timerEvent	ff43ac1f298ad18590e1e2ab8e2ba3775ae4ae12d2c3a1b27250000431728aaf	-	T0243	intermediate-component	excluded	protocol/sessions.md	Superseded or non-final component variant compared semantically; Local manager channel aggregation, initialization and reconnect lifecycle; partial-connect retry corrections do not establish server acceptance or a protocol timer; final endpoint or exact assertion is required before promotion
T0353	libqtdevices	1675f71156a3229790f792ee12ec63317d96c201	devices/device.cpp	98a213d1e13bc16014de8be06c9bcff0f6e9da8b	6c94a8a2795030073b96e042766fced52e636fcf0d8621282b90f8c683a59e51	OpenServerManager::handleConnectionUp	36863fcced73e85d966564adf3821fe42278715d108010081753950ed6d34e0f	-	T0279	intermediate-component	excluded	protocol/sessions.md	Superseded or non-final component variant compared semantically; Local manager channel aggregation, initialization and reconnect lifecycle; partial-connect retry corrections do not establish server acceptance or a protocol timer; final endpoint or exact assertion is required before promotion
T0354	libqtdevices	1675f71156a3229790f792ee12ec63317d96c201	devices/device.h	bdf58d2ffcac70ba958a860122971640e4deef2a	b2ff74011a5d516bdbf036ec1a8ccb3d6fc76bb13c6498feaaac01e3a190952d	outside	e8de61b7a81f13a5f4e93737a07de1efbc1aaedc1d4f8b89d11d2ecdd3384c56	-	T0245	intermediate-component	excluded	protocol/sessions.md	Superseded or non-final component variant compared semantically; Local manager channel aggregation, initialization and reconnect lifecycle; partial-connect retry corrections do not establish server acceptance or a protocol timer; final endpoint or exact assertion is required before promotion
T0355	libqtdevices	1675f71156a3229790f792ee12ec63317d96c201	openclient.cpp	b1277a4e6c44abbe9afdad2549f5fea2e70070dd	c1406887e9f4906cf3461ce8490e70270301d581d32e6c97dea445932d663573	Client::connectToHost	c4aac303b9671427a768ca09c418ae06990a186f52dbeaf7d705ba59d222f0e8	-	T0067	intermediate-component	excluded	protocol/stream-parsing.md	Superseded or non-final component variant compared semantically; Delimiter extraction, draining and retained partial buffer; no leading-star resynchronization, bounded buffering or reconnect-tail reset in final local client; final endpoint or exact assertion is required before promotion
T0356	libqtdevices	1675f71156a3229790f792ee12ec63317d96c201	openclient.cpp	b1277a4e6c44abbe9afdad2549f5fea2e70070dd	c1406887e9f4906cf3461ce8490e70270301d581d32e6c97dea445932d663573	outside	689219c8358a0fd2f57680ce7978d507edcbb2f3bccee533736a3d90a82a9bcf	-	T0312	intermediate-component	excluded	-	Superseded or non-final component variant compared semantically; Local transport declarations, compressor/regex, watchdog/keepalive/platform, logging or superseded monolithic lifecycle; no additional verified protocol vocabulary or global validity rule; final endpoint or exact assertion is required before promotion
T0357	libqtdevices	b773fb8c5b84899f8d119d9647c0d6a1f5cc5707	devices/device.cpp	93fd0c1a0dbd0f214738adba9c0a0c08bd4ffbdd	9ec9f083a2c190c4a278e5eb2e94060212959d05b48de4a5634202227e40bf77	OpenServerManager::handleConnectionUp	fc4abccfc820edd130034e11308d15d8e3544c3019cff2a661fe2d37d0cad37b	-	T0353	intermediate-component	excluded	protocol/sessions.md	Superseded or non-final component variant compared semantically; Local manager channel aggregation, initialization and reconnect lifecycle; partial-connect retry corrections do not establish server acceptance or a protocol timer; final endpoint or exact assertion is required before promotion
T0358	libqtdevices	62068de84ab97c92c1e540e8592afaa9774e6538	openclient.cpp	9b7a04cae0647f700feb80a6ade3af63456a603b	ae1f5ef7d96486da27e015f3c36bdc6936511a130e3f9923b913c885846c10ec	Client::Client	e63244f2e8f39a7101a507c94d5479a997580380d052fd8244fb786ab89842c1	-	T0307	intermediate-component	excluded	-	Superseded or non-final component variant compared semantically; Local transport declarations, compressor/regex, watchdog/keepalive/platform, logging or superseded monolithic lifecycle; no additional verified protocol vocabulary or global validity rule; final endpoint or exact assertion is required before promotion
T0359	libqtdevices	62068de84ab97c92c1e540e8592afaa9774e6538	openclient.cpp	9b7a04cae0647f700feb80a6ade3af63456a603b	ae1f5ef7d96486da27e015f3c36bdc6936511a130e3f9923b913c885846c10ec	Client::socketConnected	7ef188365296c3b220d1d5e7afb364ce95391cacb6a7663261406dbf93226ff2	-	T0337	intermediate-component	excluded	protocol/sessions.md	Superseded or non-final component variant compared semantically; Local connected lifecycle occurs on TCP callback before selector; pending frames/setup placeholders are implementation bookkeeping, not authentication or selector acceptance; final endpoint or exact assertion is required before promotion
T0360	libqtdevices	62068de84ab97c92c1e540e8592afaa9774e6538	openclient.cpp	9b7a04cae0647f700feb80a6ade3af63456a603b	ae1f5ef7d96486da27e015f3c36bdc6936511a130e3f9923b913c885846c10ec	Client::sendFrameOpen	7ddedac17be0f3b9c99080d6e79a98e55c5443fb2ba619a6d65f06651f5099b3	-	T0311	intermediate-component	excluded	protocol/acknowledgements.md	Superseded or non-final component variant compared semantically; Historical local queue/batch/replay, delayed state reads or subscription transport implementation; unchanged wire families and no universal timing/delivery guarantee; final endpoint or exact assertion is required before promotion
T0361	libqtdevices	62068de84ab97c92c1e540e8592afaa9774e6538	openclient.cpp	9b7a04cae0647f700feb80a6ade3af63456a603b	ae1f5ef7d96486da27e015f3c36bdc6936511a130e3f9923b913c885846c10ec	Client::connectToHost	b25b0a18c393bcd880c97fb185f49831e7a198739bd1589a534609289aced01b	-	T0355	intermediate-component	excluded	protocol/stream-parsing.md	Superseded or non-final component variant compared semantically; Delimiter extraction, draining and retained partial buffer; no leading-star resynchronization, bounded buffering or reconnect-tail reset in final local client; final endpoint or exact assertion is required before promotion
T0362	libqtdevices	62068de84ab97c92c1e540e8592afaa9774e6538	openclient.cpp	9b7a04cae0647f700feb80a6ade3af63456a603b	ae1f5ef7d96486da27e015f3c36bdc6936511a130e3f9923b913c885846c10ec	Client::socketConnectionClosed	cce1803cd3794b9a766df8310e0261e6228bc5647c8461f57e3c9fb59b37b05a	-	T0342	intermediate-component	excluded	-	Superseded or non-final component variant compared semantically; Local transport declarations, compressor/regex, watchdog/keepalive/platform, logging or superseded monolithic lifecycle; no additional verified protocol vocabulary or global validity rule; final endpoint or exact assertion is required before promotion
T0363	libqtdevices	62068de84ab97c92c1e540e8592afaa9774e6538	openclient.cpp	9b7a04cae0647f700feb80a6ade3af63456a603b	ae1f5ef7d96486da27e015f3c36bdc6936511a130e3f9923b913c885846c10ec	Client::socketError	dd8e905609dc3bffca3585c96cb8e2050f83704e5d1300cd38ac974daffc7207	-	T0270	intermediate-component	excluded	-	Superseded or non-final component variant compared semantically; Local transport declarations, compressor/regex, watchdog/keepalive/platform, logging or superseded monolithic lifecycle; no additional verified protocol vocabulary or global validity rule; final endpoint or exact assertion is required before promotion
T0364	libqtdevices	62068de84ab97c92c1e540e8592afaa9774e6538	openclient.cpp	9b7a04cae0647f700feb80a6ade3af63456a603b	ae1f5ef7d96486da27e015f3c36bdc6936511a130e3f9923b913c885846c10ec	outside	c2d6af04895510cfa11967c26f3b10182305c733aace0a1c54353cf7d2cf8b0e	-	T0344	intermediate-component	excluded	-	Superseded or non-final component variant compared semantically; Local transport declarations, compressor/regex, watchdog/keepalive/platform, logging or superseded monolithic lifecycle; no additional verified protocol vocabulary or global validity rule; final endpoint or exact assertion is required before promotion
T0365	libqtdevices	62068de84ab97c92c1e540e8592afaa9774e6538	openclient.h	f4b50004b3fae26c099c1848247e531d2ca04ad1	78284cf98699bd9f7a6b9871433f643405862b8d8ab0ba310f355f5cfb8f196c	outside	12cc8f16222ea97a4a56f0c2c7b3d922659699372950c9cb83838ad88a07e46f	-	T0313	intermediate-component	excluded	-	Superseded or non-final component variant compared semantically; Local transport declarations, compressor/regex, watchdog/keepalive/platform, logging or superseded monolithic lifecycle; no additional verified protocol vocabulary or global validity rule; final endpoint or exact assertion is required before promotion
T0366	libqtdevices	729ae226882409dab321f2256f42a4735a4d290b	openclient.cpp	4236d091026197b1f349afcbdb0606d7a8e5ea9c	bc60c05b77340d7384a56927297298fa5c48d3870fd92824a1edd69047c225ec	Client::Client	82983460acf92c98901e71a15c55ec17fcef4a15292ab60a30655121ddcc7ba3	-	T0358	intermediate-component	excluded	-	Superseded or non-final component variant compared semantically; Local transport declarations, compressor/regex, watchdog/keepalive/platform, logging or superseded monolithic lifecycle; no additional verified protocol vocabulary or global validity rule; final endpoint or exact assertion is required before promotion
T0367	libqtdevices	729ae226882409dab321f2256f42a4735a4d290b	openclient.cpp	4236d091026197b1f349afcbdb0606d7a8e5ea9c	bc60c05b77340d7384a56927297298fa5c48d3870fd92824a1edd69047c225ec	Client::sendFrameOpen	311079f12625c8d359ac2619696d6430c807d54b7047e17d3d7d532450336708	-	T0360	intermediate-component	excluded	protocol/acknowledgements.md	Superseded or non-final component variant compared semantically; Historical local queue/batch/replay, delayed state reads or subscription transport implementation; unchanged wire families and no universal timing/delivery guarantee; final endpoint or exact assertion is required before promotion
T0368	libqtdevices	729ae226882409dab321f2256f42a4735a4d290b	openclient.cpp	4236d091026197b1f349afcbdb0606d7a8e5ea9c	bc60c05b77340d7384a56927297298fa5c48d3870fd92824a1edd69047c225ec	Client::socketConnectionClosed	f0baf39c69af0a1de4b52e5f25ce307409fe29be4d4a072aad846e176e2ced90	-	T0342	intermediate-component	excluded	-	Superseded or non-final component variant compared semantically; Local transport declarations, compressor/regex, watchdog/keepalive/platform, logging or superseded monolithic lifecycle; no additional verified protocol vocabulary or global validity rule; final endpoint or exact assertion is required before promotion
T0369	libqtdevices	729ae226882409dab321f2256f42a4735a4d290b	openclient.cpp	4236d091026197b1f349afcbdb0606d7a8e5ea9c	bc60c05b77340d7384a56927297298fa5c48d3870fd92824a1edd69047c225ec	Client::socketError	fd1e17085ed5ebeb11dafeeaf6f2bfae12223dbb38554390d38fc88143c43dce	-	T0343	intermediate-component	excluded	-	Superseded or non-final component variant compared semantically; Local transport declarations, compressor/regex, watchdog/keepalive/platform, logging or superseded monolithic lifecycle; no additional verified protocol vocabulary or global validity rule; final endpoint or exact assertion is required before promotion
T0370	libqtdevices	729ae226882409dab321f2256f42a4735a4d290b	openclient.h	fcc7d293a99b9e3cb088248c45b376a43a833260	7c9f7fd8b33c8a6b36b60790696d0fa8217e420bd4135d63d409991c0e775b85	outside	8ad2bba361c62ccb7c044aaf4ca36ab3546edf1dabff46364a8f53ad24b43c6e	-	T0365	intermediate-component	excluded	-	Superseded or non-final component variant compared semantically; Local transport declarations, compressor/regex, watchdog/keepalive/platform, logging or superseded monolithic lifecycle; no additional verified protocol vocabulary or global validity rule; final endpoint or exact assertion is required before promotion
T0371	libqtdevices	f1eafc7656eb056dd1bfd3583eef02c5d4b48796	openclient.cpp	972316993eb6c6c8c7efea2e759d8a64a0fbae39	c158952e2ae4e81632c4093cd2a35e6f0e6e55df814d2a813b6c85458db554d0	Client::socketConnected	d53d045cc7cdf35daac894065f10c21832c0297555238273ff5fbc2824351c53	-	T0337	intermediate-component	excluded	protocol/sessions.md	Superseded or non-final component variant compared semantically; Local connected lifecycle occurs on TCP callback before selector; pending frames/setup placeholders are implementation bookkeeping, not authentication or selector acceptance; final endpoint or exact assertion is required before promotion
T0372	libqtdevices	f1eafc7656eb056dd1bfd3583eef02c5d4b48796	openclient.cpp	972316993eb6c6c8c7efea2e759d8a64a0fbae39	c158952e2ae4e81632c4093cd2a35e6f0e6e55df814d2a813b6c85458db554d0	Client::sendFrameOpen	74afdea9acc5f046204c560c486bcc55277f485bbb3cde35583b143fc243d336	-	T0360	intermediate-component	excluded	protocol/acknowledgements.md	Superseded or non-final component variant compared semantically; Historical local queue/batch/replay, delayed state reads or subscription transport implementation; unchanged wire families and no universal timing/delivery guarantee; final endpoint or exact assertion is required before promotion
T0373	libqtdevices	f1eafc7656eb056dd1bfd3583eef02c5d4b48796	openclient.cpp	972316993eb6c6c8c7efea2e759d8a64a0fbae39	c158952e2ae4e81632c4093cd2a35e6f0e6e55df814d2a813b6c85458db554d0	Client::socketConnectionClosed	98a69a08f7691ff01c4e17dcff16d86478ad0899655958300bc09d8884866564	-	T0368	intermediate-component	excluded	-	Superseded or non-final component variant compared semantically; Local transport declarations, compressor/regex, watchdog/keepalive/platform, logging or superseded monolithic lifecycle; no additional verified protocol vocabulary or global validity rule; final endpoint or exact assertion is required before promotion
T0374	libqtdevices	f1eafc7656eb056dd1bfd3583eef02c5d4b48796	openclient.cpp	972316993eb6c6c8c7efea2e759d8a64a0fbae39	c158952e2ae4e81632c4093cd2a35e6f0e6e55df814d2a813b6c85458db554d0	Client::socketError	da7d117721b501085cfe0d821846c19f4b9ab351704167827f8f132b6ea96efc	-	T0369	intermediate-component	excluded	-	Superseded or non-final component variant compared semantically; Local transport declarations, compressor/regex, watchdog/keepalive/platform, logging or superseded monolithic lifecycle; no additional verified protocol vocabulary or global validity rule; final endpoint or exact assertion is required before promotion
T0375	libqtdevices	f1eafc7656eb056dd1bfd3583eef02c5d4b48796	openclient.h	80b9a49905269a0bf2abdac5e1df6abb59359125	7a3a78de2d2d6196d326ee9bb7a17c402b45b00090235c8586b0581da7da8e16	outside	b7766fa745d6e0d6ebce9a3b8174028a74fea58f7d09f891fafa45d3054f2b07	-	T0370	intermediate-component	excluded	-	Superseded or non-final component variant compared semantically; Local transport declarations, compressor/regex, watchdog/keepalive/platform, logging or superseded monolithic lifecycle; no additional verified protocol vocabulary or global validity rule; final endpoint or exact assertion is required before promotion
T0376	libqtdevices	56e2118681bbf72fdc1584d31becae2e36d21bfd	openclient.cpp	6d0ad8a19f36fc131cabc15d9880c8a98436efdb	e79fad17ca571d142c0a7894e4dd27659ce1fda7f7585727e3452fc0ef0edda6	Client::Client	204cbeaa29c626374ead445dbc56da0f17d9e15114af7aef7ad55a14eec6a6a4	-	T0314	intermediate-component	excluded	-	Superseded or non-final component variant compared semantically; Local transport declarations, compressor/regex, watchdog/keepalive/platform, logging or superseded monolithic lifecycle; no additional verified protocol vocabulary or global validity rule; final endpoint or exact assertion is required before promotion
T0377	libqtdevices	56e2118681bbf72fdc1584d31becae2e36d21bfd	openclient.cpp	6d0ad8a19f36fc131cabc15d9880c8a98436efdb	e79fad17ca571d142c0a7894e4dd27659ce1fda7f7585727e3452fc0ef0edda6	Client::manageFrame	e58e935b0732a0faa78120eaabc36e7829c9225fa2bebeeb971c0a25f5b9947a	-	T0315	intermediate-component	excluded	-	Superseded or non-final component variant compared semantically; Local transport declarations, compressor/regex, watchdog/keepalive/platform, logging or superseded monolithic lifecycle; no additional verified protocol vocabulary or global validity rule; final endpoint or exact assertion is required before promotion
T0378	libqtdevices	56e2118681bbf72fdc1584d31becae2e36d21bfd	openclient.h	51665d2849eb49458f0992ec66ddddaa50b1bd4a	65b03751d16560a8353b2a4eb23d599d941dcb1f202dd26c212d5af3c09fd639	outside	3332e5a36da5986d3317c1b8ddae72db7d7dd29f46f26cc876018d5142e49c60	-	T0370	intermediate-component	excluded	-	Superseded or non-final component variant compared semantically; Local transport declarations, compressor/regex, watchdog/keepalive/platform, logging or superseded monolithic lifecycle; no additional verified protocol vocabulary or global validity rule; final endpoint or exact assertion is required before promotion
T0379	libqtdevices	b5dce9e60b2b67a0a1c05b0542b6f44cc2c15210	openclient.h	b7f5e22178dc1d4a98b8436bd549d84d70141508	4f747f2ad6195c827ec0e8b1bc29120e6eb636cc198b8e7b59d19f83bef0e78f	outside	82aecf490431f8377e31e4f0f6a4a7dbf8964dd5423a413617d0b33cb3cf0317	-	T0378	intermediate-component	excluded	-	Superseded or non-final component variant compared semantically; Local transport declarations, compressor/regex, watchdog/keepalive/platform, logging or superseded monolithic lifecycle; no additional verified protocol vocabulary or global validity rule; final endpoint or exact assertion is required before promotion
T0380	libqtdevices	c4a75d5aa64dcb25c7aea86ca27030e99e51fe37	openclient.cpp	fd59c859d812a43790721304616b6802d03aef92	e0cfb3fced0890abcd124db7d5c5b068d1972f787e8d3c463cba77d16eef0762	Client::Client	3749e5cd9bb66de19f6d320fb241b682c9d3fb9caa7e4b825fe7295d61ec7784	-	T0314	intermediate-component	excluded	-	Superseded or non-final component variant compared semantically; Local transport declarations, compressor/regex, watchdog/keepalive/platform, logging or superseded monolithic lifecycle; no additional verified protocol vocabulary or global validity rule; final endpoint or exact assertion is required before promotion
T0381	libqtdevices	c4a75d5aa64dcb25c7aea86ca27030e99e51fe37	openclient.h	118f76c927903dc9c32abc000cb16b0a07af81f9	fc17c8c6de2b96b8e0d85d5c92e7589ece60d1b600b2171457fca4952e7bf276	outside	fa7ec82d390a913e7296c5f0f27bf314163c65eb21e95fdf01a43922c113aead	-	T0345	intermediate-component	excluded	-	Superseded or non-final component variant compared semantically; Local transport declarations, compressor/regex, watchdog/keepalive/platform, logging or superseded monolithic lifecycle; no additional verified protocol vocabulary or global validity rule; final endpoint or exact assertion is required before promotion
T0382	libqtdevices	8c9ab99f67b05b018dd7b1d18c38289fa60c33ea	openclient.cpp	2f0bc040aacc97e7f72048ef7b96119ca9eec9e8	09e3b0371660c3189a095fb53154103a058381f8f7a3fe18a29f217d53d152a7	Client::Client	bda5ec210c4ce630c326f2727d03fc639dc3e107c94a8295b6be9c5a207d2605	-	T0376	intermediate-component	excluded	-	Superseded or non-final component variant compared semantically; Local transport declarations, compressor/regex, watchdog/keepalive/platform, logging or superseded monolithic lifecycle; no additional verified protocol vocabulary or global validity rule; final endpoint or exact assertion is required before promotion
T0383	libqtdevices	8c9ab99f67b05b018dd7b1d18c38289fa60c33ea	openclient.h	7f6e65b5f035c799047f0f0f39ea9d021314a476	56bb94c66d9d8378208849d42049cf35d15cbb375b96a3f286591b820a5ffd41	outside	2f6a229f3a88ca3ed7eb410bf95ee349e65570cef5497e80e38cbf8ffc6c0e2a	-	T0381	intermediate-component	excluded	-	Superseded or non-final component variant compared semantically; Local transport declarations, compressor/regex, watchdog/keepalive/platform, logging or superseded monolithic lifecycle; no additional verified protocol vocabulary or global validity rule; final endpoint or exact assertion is required before promotion
T0384	libqtdevices	3bbc98370640df462a1cc2911c29184d2cbe758e	openclient.h	f3e8d76e5de26fd8b429aa32ba85c29ce859626c	eb062c9f15d21cdb229e15e3c3a100f5ca1c4bc9e596cc3ee72f1f7775ff933b	outside	e349cd2b0cc74a7a35baea67565cc40dbce59d3adacd0b42af1e118ae25ec937	-	T0383	intermediate-component	excluded	-	Superseded or non-final component variant compared semantically; Local transport declarations, compressor/regex, watchdog/keepalive/platform, logging or superseded monolithic lifecycle; no additional verified protocol vocabulary or global validity rule; final endpoint or exact assertion is required before promotion
T0385	libqtdevices	b432b674a412dfd1233af283d5351ed0e9b9ed47	openclient.h	f8ebb20c5f76481ae180d7a12ce6f0001a20693f	d7d8a347773f546540b03afef70ed46f7191aaaa651ec9393fcd9e3dac469d69	outside	ab04c9e35c0633e6232fe304eb65089fa4f8a9679477c6ab6a445581cf9eccf6	-	T0381	intermediate-component	excluded	-	Superseded or non-final component variant compared semantically; Local transport declarations, compressor/regex, watchdog/keepalive/platform, logging or superseded monolithic lifecycle; no additional verified protocol vocabulary or global validity rule; final endpoint or exact assertion is required before promotion
T0386	libqtdevices	74eb85782925fa4fe2b5ed096ec4c26d4f3158a6	openclient.h	08ae853ac133ef5b3c2f92a21ccb3ead2dcb5e0a	6088982f53410272ff7a21e30bf3f982672780e738e4f9354b91f30e28edae56	outside	f490739dd28fa11f67e7d4aa90dc13c869a42b6d45e813279c08475f23c0a460	-	T0385	intermediate-component	excluded	-	Superseded or non-final component variant compared semantically; Local transport declarations, compressor/regex, watchdog/keepalive/platform, logging or superseded monolithic lifecycle; no additional verified protocol vocabulary or global validity rule; final endpoint or exact assertion is required before promotion
T0387	libqtdevices	80421470390a1b39ca8801ac728c82659f707f57	openclient.h	7aa466f88b0d1eeefb6410b1b768b5a70066c98e	aa5ab1883accc756419c5f8b27b542b49f731ea543feff0fb197141f87e143ef	outside	bddfddb3644caae8f698691c6c21f7a254c1a96c2d7a47a9e819efd9dfd8c2f1	-	T0386	intermediate-component	excluded	-	Superseded or non-final component variant compared semantically; Local transport declarations, compressor/regex, watchdog/keepalive/platform, logging or superseded monolithic lifecycle; no additional verified protocol vocabulary or global validity rule; final endpoint or exact assertion is required before promotion
T0388	libqtdevices	a245d6fbf3b1ac781d7487ced1e3ff94071a2c55	openclient.h	e54c4d3ec5e88f2f07bd755479f18b10a1ff3e7c	5bca5715afd646aa12cd60e32e4fb552bf3ffc7418e6249a33134f87db907f9b	outside	1f633d8c9796cf7c4218f2b156ad55ee030d254dbb5bab01ecf4ae078038f3a9	-	T0345	intermediate-component	excluded	-	Superseded or non-final component variant compared semantically; Local transport declarations, compressor/regex, watchdog/keepalive/platform, logging or superseded monolithic lifecycle; no additional verified protocol vocabulary or global validity rule; final endpoint or exact assertion is required before promotion
T0389	libqtdevices	5609ed26537bb5fc95f64664e41f09a7e6777e9b	openclient.cpp	531099c602388895b8c9ef16d7f437866e652fc9	977b6ded428cef98d9b863adb8889a1bb8c1eb8356e6c8fc1c4dcba08e7d54bd	Client::manageFrame	eb7545f084f8679f68fc1e985555205dd6c109ed78968d811c2790ed07d90228	-	T0341	intermediate-component	excluded	-	Superseded or non-final component variant compared semantically; Local transport declarations, compressor/regex, watchdog/keepalive/platform, logging or superseded monolithic lifecycle; no additional verified protocol vocabulary or global validity rule; final endpoint or exact assertion is required before promotion
T0390	libqtdevices	5609ed26537bb5fc95f64664e41f09a7e6777e9b	openclient.cpp	531099c602388895b8c9ef16d7f437866e652fc9	977b6ded428cef98d9b863adb8889a1bb8c1eb8356e6c8fc1c4dcba08e7d54bd	Client::dispatchFrame	e08ae83673f5d2ee0c4139e841b3cc726c70a8df0f522a7743a6e07fb3346cc6	-	T0275	intermediate-component	excluded	-	Superseded or non-final component variant compared semantically; Local transport declarations, compressor/regex, watchdog/keepalive/platform, logging or superseded monolithic lifecycle; no additional verified protocol vocabulary or global validity rule; final endpoint or exact assertion is required before promotion
T0391	libqtdevices	5609ed26537bb5fc95f64664e41f09a7e6777e9b	openclient.cpp	531099c602388895b8c9ef16d7f437866e652fc9	977b6ded428cef98d9b863adb8889a1bb8c1eb8356e6c8fc1c4dcba08e7d54bd	outside	2058bafc0d21cdb8fddf9ed5577e05ce82f48a624270619338882e80b86285d7	-	T0344	intermediate-component	excluded	-	Superseded or non-final component variant compared semantically; Local transport declarations, compressor/regex, watchdog/keepalive/platform, logging or superseded monolithic lifecycle; no additional verified protocol vocabulary or global validity rule; final endpoint or exact assertion is required before promotion
T0392	libqtdevices	5609ed26537bb5fc95f64664e41f09a7e6777e9b	openclient.h	b77081a6a050c3e028838798a23245e88c6ab09f	a02dbcbe4cb7d4a40cdcd4fa993947c73fc19403238bbb39da2dc301ed108335	outside	c2b723cd50fb3a3fb2b121207ebceb4993838c9ed552ef076fb8569245c87fc4	-	T0345	intermediate-component	excluded	-	Superseded or non-final component variant compared semantically; Local transport declarations, compressor/regex, watchdog/keepalive/platform, logging or superseded monolithic lifecycle; no additional verified protocol vocabulary or global validity rule; final endpoint or exact assertion is required before promotion
T0393	libqtdevices	18d631cee9e36bddac202ef0d2c14d008a1903aa	test/test_checkaddress.cpp	d3d3002581b7067b21fc505afe9d4b7c933b210a	becf18073a22d35358da4676463aefd67dd7018db7a01721cf07e50b91a818cf	TestCheckAddress::testCheckAddressGlobal	6da48bf794c1b754f3bf37c147f093386a084ca550e6c0142add601db8746d8a	QCOMPARE[1]:51ab3ea93dd4a1e85e31e45177e9f7a549cd8d4b2aca2a77f1a7668d10a2b31b;QCOMPARE[2]:51a464cfe93f95cbba810c63edceff1d88c77015cc9cf25721ff7870b6f9e411	T0010	intermediate-component	excluded	protocol/addressing.md	Superseded or non-final component variant compared semantically; Address matcher: raw equality first, incoming-only #3 normalization for collective matching, exact level strings and scoped environment/group behavior; earlier broad environment/pull-mode variants superseded; final endpoint or exact assertion is required before promotion
T0394	libqtdevices	18d631cee9e36bddac202ef0d2c14d008a1903aa	test/test_checkaddress.cpp	d3d3002581b7067b21fc505afe9d4b7c933b210a	becf18073a22d35358da4676463aefd67dd7018db7a01721cf07e50b91a818cf	TestCheckAddress::testCheckAddressGlobalLevel3	1df3b0dc8ead524a96114ae9852ef06c6f47a8bee4f06f02c126c8294ad6942a	QVERIFY[1]:725c35e79bc5f331ee2f143aa29269cf0d62926ee9eb8c791075cba6d20bfef1;QCOMPARE[2]:51a464cfe93f95cbba810c63edceff1d88c77015cc9cf25721ff7870b6f9e411	T0323	intermediate-component	excluded	protocol/addressing.md	Superseded or non-final component variant compared semantically; Address matcher: raw equality first, incoming-only #3 normalization for collective matching, exact level strings and scoped environment/group behavior; earlier broad environment/pull-mode variants superseded; final endpoint or exact assertion is required before promotion
T0395	libqtdevices	18d631cee9e36bddac202ef0d2c14d008a1903aa	test/test_checkaddress.cpp	d3d3002581b7067b21fc505afe9d4b7c933b210a	becf18073a22d35358da4676463aefd67dd7018db7a01721cf07e50b91a818cf	TestCheckAddress::testCheckAddressGlobalInterface	353a12a670f320e804844937dc0e9c4d72739229ff44a176b848315af2831ea4	QCOMPARE[1]:51ab3ea93dd4a1e85e31e45177e9f7a549cd8d4b2aca2a77f1a7668d10a2b31b;QVERIFY[2]:36192fd237d34aad14b34f4c124df65c65659e6231dd327b113dbded4a00f80e	T0324	intermediate-component	excluded	protocol/addressing.md	Superseded or non-final component variant compared semantically; Address matcher: raw equality first, incoming-only #3 normalization for collective matching, exact level strings and scoped environment/group behavior; earlier broad environment/pull-mode variants superseded; final endpoint or exact assertion is required before promotion
T0396	libqtdevices	18d631cee9e36bddac202ef0d2c14d008a1903aa	test/test_checkaddress.cpp	d3d3002581b7067b21fc505afe9d4b7c933b210a	becf18073a22d35358da4676463aefd67dd7018db7a01721cf07e50b91a818cf	TestCheckAddress::testCheckAddressGlobalInterfaceFalse	af65c8e92c19fe1458ed7486359633d7a0f5d8b477ded3c56aa25f0193722b82	QVERIFY[1]:725c35e79bc5f331ee2f143aa29269cf0d62926ee9eb8c791075cba6d20bfef1;QVERIFY[2]:36192fd237d34aad14b34f4c124df65c65659e6231dd327b113dbded4a00f80e	T0325	intermediate-component	excluded	protocol/addressing.md	Superseded or non-final component variant compared semantically; Address matcher: raw equality first, incoming-only #3 normalization for collective matching, exact level strings and scoped environment/group behavior; earlier broad environment/pull-mode variants superseded; final endpoint or exact assertion is required before promotion
T0397	libqtdevices	18d631cee9e36bddac202ef0d2c14d008a1903aa	test/test_checkaddress.cpp	d3d3002581b7067b21fc505afe9d4b7c933b210a	becf18073a22d35358da4676463aefd67dd7018db7a01721cf07e50b91a818cf	TestCheckAddress::testCheckAddressEnvironment10	233313fa39b15371fd074378ebd3d414ee40bd744f673b92333b53e5c8712184	QCOMPARE[1]:43d89b4ae9886142e03658d895183af1ce14a80fec7362461906619a90aacc04;QCOMPARE[2]:c36f393674d0eebc8cf5eb271f25d7ef8db6c126cbc067deadd1bb389b03255a	T0326	intermediate-component	excluded	protocol/addressing.md	Superseded or non-final component variant compared semantically; Address matcher: raw equality first, incoming-only #3 normalization for collective matching, exact level strings and scoped environment/group behavior; earlier broad environment/pull-mode variants superseded; final endpoint or exact assertion is required before promotion
T0398	libqtdevices	18d631cee9e36bddac202ef0d2c14d008a1903aa	test/test_checkaddress.cpp	d3d3002581b7067b21fc505afe9d4b7c933b210a	becf18073a22d35358da4676463aefd67dd7018db7a01721cf07e50b91a818cf	TestCheckAddress::testCheckAddressEnvironment0	65bbd56700928a962f0a2ebddea3526aa60797702ecde3f7a3ddecdab18c3636	QCOMPARE[1]:218613d4e7f74abbdca4c8a4fbd98a65b0c1cd6b35b3f377ae37bd06141b0d0f;QCOMPARE[2]:6b30e0b85861c1e0e5b95d133ccec1d27a4571ffb96f737e9c9a33e62e9b08fb;QVERIFY[3]:b93974332eed2fa877675c02cd17d45d4ef083540b31cb4d7beafc3126928fc1;QVERIFY[4]:8ec15d35fd68dff29623a309c9e2ed2d8ceb0322005eb8021612bf02dbdc3d50	T0327	intermediate-component	excluded	protocol/addressing.md	Superseded or non-final component variant compared semantically; Address matcher: raw equality first, incoming-only #3 normalization for collective matching, exact level strings and scoped environment/group behavior; earlier broad environment/pull-mode variants superseded; final endpoint or exact assertion is required before promotion
T0399	libqtdevices	18d631cee9e36bddac202ef0d2c14d008a1903aa	test/test_checkaddress.cpp	d3d3002581b7067b21fc505afe9d4b7c933b210a	becf18073a22d35358da4676463aefd67dd7018db7a01721cf07e50b91a818cf	TestCheckAddress::testCheckAddressEnvironmentInt	118aba3f0ef9777e474a5e724640c975d1bbe0f68bf6739e43934d6bf87278ad	QCOMPARE[1]:b9f9a6583f31c93ba6178b6a679d2c587455adba6ef08b920323b1ab8cbbcf43	T0328	intermediate-component	excluded	protocol/addressing.md	Superseded or non-final component variant compared semantically; Address matcher: raw equality first, incoming-only #3 normalization for collective matching, exact level strings and scoped environment/group behavior; earlier broad environment/pull-mode variants superseded; final endpoint or exact assertion is required before promotion
T0400	libqtdevices	18d631cee9e36bddac202ef0d2c14d008a1903aa	test/test_checkaddress.cpp	d3d3002581b7067b21fc505afe9d4b7c933b210a	becf18073a22d35358da4676463aefd67dd7018db7a01721cf07e50b91a818cf	TestCheckAddress::testCheckAddressEnvironmentLevel3	a087b899593a0ff192a48d46186c5dec786e9b535415938807e1a645e483afcf	QCOMPARE[1]:45b02783dda0a919bf78afbe4f9a5f2cdddf4360ccab602d41bca7ce563dee9a;QCOMPARE[2]:a4a68efe97343c5256664f4823923eb795f80efa530463031a2d98ca364921c4;QCOMPARE[3]:58532c32013c083b07b48b3e38d2dc470322e3c428aeb6a668b007001aedc8d2	T0329	intermediate-component	excluded	protocol/addressing.md	Superseded or non-final component variant compared semantically; Address matcher: raw equality first, incoming-only #3 normalization for collective matching, exact level strings and scoped environment/group behavior; earlier broad environment/pull-mode variants superseded; final endpoint or exact assertion is required before promotion
T0401	libqtdevices	18d631cee9e36bddac202ef0d2c14d008a1903aa	test/test_checkaddress.cpp	d3d3002581b7067b21fc505afe9d4b7c933b210a	becf18073a22d35358da4676463aefd67dd7018db7a01721cf07e50b91a818cf	TestCheckAddress::testCheckAddressPointToPoint	c06f67fb61acb52bb4674f5f3ce71027f159f7df2de41ff41f3d7907fd5ee5b7	QCOMPARE[1]:6ce3976d015aa3e2fdd35d619504a414b7a6373d926b938eb205f86cf75306b9;QCOMPARE[2]:a72f272efc5af6ddeb8b22dfd22add47a5b7071c0c478904d569112e0cc3ec85;QCOMPARE[3]:e5fe1f6922350fc001946dda4e39f591d0827791f4408fff20ac38a0e511bc73	T0330	intermediate-component	excluded	protocol/addressing.md	Superseded or non-final component variant compared semantically; Address matcher: raw equality first, incoming-only #3 normalization for collective matching, exact level strings and scoped environment/group behavior; earlier broad environment/pull-mode variants superseded; final endpoint or exact assertion is required before promotion
T0402	libqtdevices	18d631cee9e36bddac202ef0d2c14d008a1903aa	test/test_checkaddress.cpp	d3d3002581b7067b21fc505afe9d4b7c933b210a	becf18073a22d35358da4676463aefd67dd7018db7a01721cf07e50b91a818cf	TestCheckAddress::testCheckAddressGroup	6fe5938c34d3048d7a9e1469f9d0b3f0e3554a5fb300ab8bf0721ebfc64ec4be	QVERIFY[1]:45d4c88c9b8ac0eefea6cb3eb256d6b588f8131d1e217efe77e3cc4672939720;QVERIFY[2]:d1ad8bce4e25d88c8cf3cc5b500aa93b443c4bd451d076165c8a810cae0cd9e9	T0331	intermediate-component	excluded	protocol/addressing.md	Superseded or non-final component variant compared semantically; Address matcher: raw equality first, incoming-only #3 normalization for collective matching, exact level strings and scoped environment/group behavior; earlier broad environment/pull-mode variants superseded; final endpoint or exact assertion is required before promotion
T0403	libqtdevices	8269e4f39c3d754022a58987182e47747760a85b	test/test_checkaddress.h	338039200104ddcb2bbfb1d10dd75eb0db29be83	fdb4bce2d9646acdecfd17e5be809d7248191a5e1fc8ee3ba2a051dc2fcac6e7	outside	dd8268151e7ebb8ff99011553bdcb12af3f4b413c8cd734106d0c50e7917e588	-	T0332	intermediate-component	excluded	protocol/addressing.md	Superseded or non-final component variant compared semantically; Address matcher: raw equality first, incoming-only #3 normalization for collective matching, exact level strings and scoped environment/group behavior; earlier broad environment/pull-mode variants superseded; final endpoint or exact assertion is required before promotion
T0404	libqtdevices	47e391e135886b7b16abdac325e4d3dfdd5cb78d	openclient.h	4426cdbd9faaacace72d9b989cb1a03e9ee33c1b	4ae0018eec84c65c7879f723c2edac9677fb4e06663171762bc0ea0914e5dbf1	outside	843ffe6e400fc3ed7203fd28bfa266c9c89f6bc236f8fc15c7405ad8c03974c3	-	T0392	intermediate-component	excluded	-	Superseded or non-final component variant compared semantically; Local transport declarations, compressor/regex, watchdog/keepalive/platform, logging or superseded monolithic lifecycle; no additional verified protocol vocabulary or global validity rule; final endpoint or exact assertion is required before promotion
T0405	libqtdevices	5444a65f4149f1a29ec64cc6f1baa352ae8ed9ab	openclient.cpp	30bb37286388e38be86b48ba2a1bb5fbc629a9d9	5fca014f89223d16fb87fe6eaf39345f6919846075537df011b135784a4c5963	outside	9d9c5361af42674576705008cfc14a5952586242e06d54f58840d49b49f4ff90	-	T0391	intermediate-component	excluded	-	Superseded or non-final component variant compared semantically; Local transport declarations, compressor/regex, watchdog/keepalive/platform, logging or superseded monolithic lifecycle; no additional verified protocol vocabulary or global validity rule; final endpoint or exact assertion is required before promotion
T0406	libqtdevices	b846627ad037d696dd3f9211d9b8ee189c5f7cb5	test/test_checkaddress.cpp	54afe403804457b91f868029f0abcfef9f893300	7661db16c5998ebe29e899a5f558f918800e2d824c25fcb859d8390f6772fe36	outside	0c0f043b51ab0becbf9f12a4a6b24fbc2946c7045fd44d15282dd24ec8f91c50	-	T0346	intermediate-component	excluded	protocol/addressing.md	Superseded or non-final component variant compared semantically; Address matcher: raw equality first, incoming-only #3 normalization for collective matching, exact level strings and scoped environment/group behavior; earlier broad environment/pull-mode variants superseded; final endpoint or exact assertion is required before promotion
T0407	libqtdevices	7a05f6932efbf700a87c30062ec37868ebfe3c68	test/test_checkaddress.cpp	a1603bfe9594e5161cb7d0b31b4fa591d88f2e2b	790876df70cb924806ded5b052db2b681395f18c62e215658b5876624768051a	TestCheckAddress::testCheckAddressGlobal	d909754db7f8d8fad00c62d22c57f5e1d92042906b48442ea6f114b3bdea517a	QCOMPARE[1]:4326ad9cdc68f2f5fde2c2e483804332e63690f54ca911de0599f085b17c9298;QCOMPARE[2]:3721c6b97c3eb4cb0e3d843b7bed8f419d3d2349e7d29815ba5bf4734f95a273	T0010	intermediate-component	excluded	protocol/addressing.md	Superseded or non-final component variant compared semantically; Address matcher: raw equality first, incoming-only #3 normalization for collective matching, exact level strings and scoped environment/group behavior; earlier broad environment/pull-mode variants superseded; final endpoint or exact assertion is required before promotion
T0408	libqtdevices	7a05f6932efbf700a87c30062ec37868ebfe3c68	test/test_checkaddress.cpp	a1603bfe9594e5161cb7d0b31b4fa591d88f2e2b	790876df70cb924806ded5b052db2b681395f18c62e215658b5876624768051a	TestCheckAddress::testCheckAddressGlobalLevel3	899ff099b0b5011383cb92fd10730e74a549e7970ca7c7972097ed24daacab3d	QCOMPARE[1]:b0618ccfaa973bbef8b0d105b2db2d4203494a4c87a7f8f09e5ab24dbd9d65c2;QCOMPARE[2]:3721c6b97c3eb4cb0e3d843b7bed8f419d3d2349e7d29815ba5bf4734f95a273	T0011	intermediate-component	excluded	protocol/addressing.md	Superseded or non-final component variant compared semantically; Address matcher: raw equality first, incoming-only #3 normalization for collective matching, exact level strings and scoped environment/group behavior; earlier broad environment/pull-mode variants superseded; final endpoint or exact assertion is required before promotion
T0409	libqtdevices	7a05f6932efbf700a87c30062ec37868ebfe3c68	test/test_checkaddress.cpp	a1603bfe9594e5161cb7d0b31b4fa591d88f2e2b	790876df70cb924806ded5b052db2b681395f18c62e215658b5876624768051a	TestCheckAddress::testCheckAddressGlobalInterface	328ef5c212a7568836ff20594f438682a0503e89d8553577d79b703d62fa0bf2	QCOMPARE[1]:4326ad9cdc68f2f5fde2c2e483804332e63690f54ca911de0599f085b17c9298;QCOMPARE[2]:f7f70c8c67c3b2714fc4f75820d978d141d0d2eda4a5bd7cdc8591580cd31833	T0013	intermediate-component	excluded	protocol/addressing.md	Superseded or non-final component variant compared semantically; Address matcher: raw equality first, incoming-only #3 normalization for collective matching, exact level strings and scoped environment/group behavior; earlier broad environment/pull-mode variants superseded; final endpoint or exact assertion is required before promotion
T0410	libqtdevices	7a05f6932efbf700a87c30062ec37868ebfe3c68	test/test_checkaddress.cpp	a1603bfe9594e5161cb7d0b31b4fa591d88f2e2b	790876df70cb924806ded5b052db2b681395f18c62e215658b5876624768051a	TestCheckAddress::testCheckAddressGlobalInterfaceFalse	ed84a28d2858b968d7c4d118831f4814deea60d3f3cd48c18db1fde7f61d2a2b	QCOMPARE[1]:b0618ccfaa973bbef8b0d105b2db2d4203494a4c87a7f8f09e5ab24dbd9d65c2;QCOMPARE[2]:f7f70c8c67c3b2714fc4f75820d978d141d0d2eda4a5bd7cdc8591580cd31833	T0014	intermediate-component	excluded	protocol/addressing.md	Superseded or non-final component variant compared semantically; Address matcher: raw equality first, incoming-only #3 normalization for collective matching, exact level strings and scoped environment/group behavior; earlier broad environment/pull-mode variants superseded; final endpoint or exact assertion is required before promotion
T0411	libqtdevices	7a05f6932efbf700a87c30062ec37868ebfe3c68	test/test_checkaddress.cpp	a1603bfe9594e5161cb7d0b31b4fa591d88f2e2b	790876df70cb924806ded5b052db2b681395f18c62e215658b5876624768051a	TestCheckAddress::testCheckAddressEnvironment10	e367b409e672c0503878cf7f920cd6fe852e8e348cc02efbe81b9b7b5a387450	QCOMPARE[1]:b3948816b6a2e1a86d667ab19dcc469d5c0680bc4ed4f23d559bb3396286a502;QCOMPARE[2]:63e09b938df7a532a0b79ff68a9fbc39b5c4f7603278158665c77aadeaa4e631	T0015	intermediate-component	excluded	protocol/addressing.md	Superseded or non-final component variant compared semantically; Address matcher: raw equality first, incoming-only #3 normalization for collective matching, exact level strings and scoped environment/group behavior; earlier broad environment/pull-mode variants superseded; final endpoint or exact assertion is required before promotion
T0412	libqtdevices	7a05f6932efbf700a87c30062ec37868ebfe3c68	test/test_checkaddress.cpp	a1603bfe9594e5161cb7d0b31b4fa591d88f2e2b	790876df70cb924806ded5b052db2b681395f18c62e215658b5876624768051a	TestCheckAddress::testCheckAddressEnvironment0	a8945f16b0b7ecf16c99ef1b9d36833bcbe946968fc59e8bc47cdbfc977b1af9	QCOMPARE[1]:b0c185b0334b2f55fd936ce7404bcc41fa56b0d0ce6fedf3f55c963c33a168a0;QCOMPARE[2]:0ad706198c525a3d71b2d6ea34968b78a8589c2ebb14df4e7d9046d70425746b;QCOMPARE[3]:4a5e2ee3a53d159a464c30e135da59c6122d04f343ac77319ac1c889dea10cff;QCOMPARE[4]:bd76e2bc58446a34b42afbfa89177ce1b68b95af6c6358a8a3143c9566b79ca4	T0016	intermediate-component	excluded	protocol/addressing.md	Superseded or non-final component variant compared semantically; Address matcher: raw equality first, incoming-only #3 normalization for collective matching, exact level strings and scoped environment/group behavior; earlier broad environment/pull-mode variants superseded; final endpoint or exact assertion is required before promotion
T0413	libqtdevices	7a05f6932efbf700a87c30062ec37868ebfe3c68	test/test_checkaddress.cpp	a1603bfe9594e5161cb7d0b31b4fa591d88f2e2b	790876df70cb924806ded5b052db2b681395f18c62e215658b5876624768051a	TestCheckAddress::testCheckAddressEnvironmentInt	33c7b18fbfa6e23c8db07bf997228eaa6f9cd4d794c6df1e9572e25eb57064ec	QCOMPARE[1]:7977b0244390d5285c3b8bd163cea18259886116331cefb7550643bc5cc03a3c	T0328	intermediate-component	excluded	protocol/addressing.md	Superseded or non-final component variant compared semantically; Address matcher: raw equality first, incoming-only #3 normalization for collective matching, exact level strings and scoped environment/group behavior; earlier broad environment/pull-mode variants superseded; final endpoint or exact assertion is required before promotion
T0414	libqtdevices	7a05f6932efbf700a87c30062ec37868ebfe3c68	test/test_checkaddress.cpp	a1603bfe9594e5161cb7d0b31b4fa591d88f2e2b	790876df70cb924806ded5b052db2b681395f18c62e215658b5876624768051a	TestCheckAddress::testCheckAddressEnvironmentLevel3	b16d42c2f6090099b9ee31186e53d95fdabc0482b582729fe9d0a5cfce8a417a	QCOMPARE[1]:3740989eea6820e87bf6970ac0afdf1ae862c615f0a1db35caf38334ea2d20d0;QCOMPARE[2]:8ebda050e0570768950d7cf267a0d5da933f13164e67931ecedc0e0a4cf1d102;QCOMPARE[3]:c07de6fc8b52929b153ed9f0ff37fd28caf4a2407aee96cb4eca3c9c8f214e5e	T0329	intermediate-component	excluded	protocol/addressing.md	Superseded or non-final component variant compared semantically; Address matcher: raw equality first, incoming-only #3 normalization for collective matching, exact level strings and scoped environment/group behavior; earlier broad environment/pull-mode variants superseded; final endpoint or exact assertion is required before promotion
T0415	libqtdevices	7a05f6932efbf700a87c30062ec37868ebfe3c68	test/test_checkaddress.cpp	a1603bfe9594e5161cb7d0b31b4fa591d88f2e2b	790876df70cb924806ded5b052db2b681395f18c62e215658b5876624768051a	TestCheckAddress::testCheckAddressGroup	2647fcadb4b367551f0215ab50814c8c342253104e71272fb265919851792e56	QCOMPARE[1]:e0fc039758736c76f68ec752f07f7467070b0cda5c887fc5bc9747c6baae1ec0;QCOMPARE[2]:991fa29ae0ad54742d13d3aec0ea1997957971f258c190f6d0818544ba946a9a	T0020	intermediate-component	excluded	protocol/addressing.md	Superseded or non-final component variant compared semantically; Address matcher: raw equality first, incoming-only #3 normalization for collective matching, exact level strings and scoped environment/group behavior; earlier broad environment/pull-mode variants superseded; final endpoint or exact assertion is required before promotion
T0416	libqtdevices	fb06aafe6d4486bc9785d228307acf478fabb3f8	openclient.cpp	5bc37410a8d36f5b96bf3b553f942743b3b8017b	3f8017d57b45304aed873fcc29445e1e35a3ddf0d17addc51bacc570deb3c7ec	Client::manageFrame	f0db507336dc1aabff4ce84c69707188f6453ca079b7b077dca7eae9b71107f0	-	T0348	intermediate-component	excluded	-	Superseded or non-final component variant compared semantically; Local transport declarations, compressor/regex, watchdog/keepalive/platform, logging or superseded monolithic lifecycle; no additional verified protocol vocabulary or global validity rule; final endpoint or exact assertion is required before promotion
T0417	libqtdevices	fb06aafe6d4486bc9785d228307acf478fabb3f8	openclient.h	c122070f6ed3231d60445a737fd0024927fbaadd	c827f57f936892ca53bdc1892eb7514953c44ac89d3ba9ef306c5ff5f8765aba	outside	28fb568d009e5389ece66b218ac38fa218c5da7ae2eb69f2ed7621b0979af59a	-	T0404	intermediate-component	excluded	-	Superseded or non-final component variant compared semantically; Local transport declarations, compressor/regex, watchdog/keepalive/platform, logging or superseded monolithic lifecycle; no additional verified protocol vocabulary or global validity rule; final endpoint or exact assertion is required before promotion
T0418	libqtdevices	681ea6872f2525c9939ffdff5a6a530b327cb27d	openclient.h	ea405066b3fa23320ae05f95555ea312096b478f	ed2f058bed229ad6b5e5f44981d3d4e49217d4f86eef38897dacc22d9a8498e0	outside	b9480ad9eb711c3412f5ccf21d28a220a992f6a726bcf952eb78b6b7a8f61c25	-	T0417	intermediate-component	excluded	-	Superseded or non-final component variant compared semantically; Local transport declarations, compressor/regex, watchdog/keepalive/platform, logging or superseded monolithic lifecycle; no additional verified protocol vocabulary or global validity rule; final endpoint or exact assertion is required before promotion
T0419	libqtdevices	43946f7aecbbf7071ef1ad130eb2570b3c070d1a	openclient.h	408e9bafe42e63da76be8bc238ae95f2b2017d68	c858a46c920e234d4879f98443dcc1d4a7f1ccc618331cd30c0b8041fcafc582	outside	c2582eabbba91d578207eccada344302cd8972515bafa4c0c602d485592a0be0	-	T0309	intermediate-component	excluded	-	Superseded or non-final component variant compared semantically; Local transport declarations, compressor/regex, watchdog/keepalive/platform, logging or superseded monolithic lifecycle; no additional verified protocol vocabulary or global validity rule; final endpoint or exact assertion is required before promotion
T0420	libqtdevices	b1ced0a7d716767a4ff2283a7bd60f23a7bb35fc	openclient.cpp	0d5dc44983b811e11d691ace1b12552e1fb60506	9f8783bc12d1b906cabd321f090a50c9d2f22c65f03d111d4103a7b3d8a41dce	Client::socketConnected	5a90421609623ae24e2e3bfb627d9ab084232a77650a65a1c2d8939e3e92a0f0	-	T0289	intermediate-component	excluded	protocol/sessions.md	Superseded or non-final component variant compared semantically; Local connected lifecycle occurs on TCP callback before selector; pending frames/setup placeholders are implementation bookkeeping, not authentication or selector acceptance; final endpoint or exact assertion is required before promotion
T0421	libqtdevices	9b06974e652a57f35326efbbb6872eb2366e7eb3	openclient.cpp	ab685dffd404fa29db83e9918be0aca63e1c4edc	0460c3121258e3153b37446cdee0d13dc46dfc45c1bb87b918347bb9e5754ded	outside	ccd13408e662864fb947c5a55da35ad57826909b6286344a8b7ea2036e416775	-	T0308	intermediate-component	excluded	-	Superseded or non-final component variant compared semantically; Local transport declarations, compressor/regex, watchdog/keepalive/platform, logging or superseded monolithic lifecycle; no additional verified protocol vocabulary or global validity rule; final endpoint or exact assertion is required before promotion
T0422	libqtdevices	8efaeafc97b5db182fffcb8bd180a9138109741d	openclient.h	3388094c05ec4accdfff2a52e5a854c8c4d0e510	67e79e46878a531b330b0418df36bc9e4ace6bf6284092ce8dc0fd5aa878bac7	outside	572f63a1fd60740cf1f454763819bfebccf6f65bf6a806a961873a5902852a90	-	T0349	intermediate-component	excluded	-	Superseded or non-final component variant compared semantically; Local transport declarations, compressor/regex, watchdog/keepalive/platform, logging or superseded monolithic lifecycle; no additional verified protocol vocabulary or global validity rule; final endpoint or exact assertion is required before promotion
T0423	libqtdevices	b999ad8a8947ca24fd4c27c5839e7ba04dc0da38	openclient.cpp	9cef4f73cbe06fe7f726cbd9c03f4b158cec1d68	d086f2c4d9e552c2a0b156127177118ffb67a83f36e5420f5fe914376972457e	FrameCompressor::FrameCompressor	ad790900ddee1061805faf124b4b6ecdea922d0b1386b9f43213d7576dd67fcb	-	-	intermediate-component	excluded	-	Superseded or non-final component variant compared semantically; Local transport declarations, compressor/regex, watchdog/keepalive/platform, logging or superseded monolithic lifecycle; no additional verified protocol vocabulary or global validity rule; final endpoint or exact assertion is required before promotion
T0424	libqtdevices	b999ad8a8947ca24fd4c27c5839e7ba04dc0da38	openclient.cpp	9cef4f73cbe06fe7f726cbd9c03f4b158cec1d68	d086f2c4d9e552c2a0b156127177118ffb67a83f36e5420f5fe914376972457e	FrameCompressor::analyzeFrame	95a146869662e2525fb067880f089e0c57d2646467567fc48f7cd4096b36771b	-	-	intermediate-component	excluded	-	Superseded or non-final component variant compared semantically; Local transport declarations, compressor/regex, watchdog/keepalive/platform, logging or superseded monolithic lifecycle; no additional verified protocol vocabulary or global validity rule; final endpoint or exact assertion is required before promotion
T0425	libqtdevices	b999ad8a8947ca24fd4c27c5839e7ba04dc0da38	openclient.cpp	9cef4f73cbe06fe7f726cbd9c03f4b158cec1d68	d086f2c4d9e552c2a0b156127177118ffb67a83f36e5420f5fe914376972457e	FrameCompressor::emitFrame	6503c0742617f9288c520ff205ff3381488e1c8364c536639bee50cc051695fc	-	-	intermediate-component	excluded	-	Superseded or non-final component variant compared semantically; Local transport declarations, compressor/regex, watchdog/keepalive/platform, logging or superseded monolithic lifecycle; no additional verified protocol vocabulary or global validity rule; final endpoint or exact assertion is required before promotion
T0426	libqtdevices	b999ad8a8947ca24fd4c27c5839e7ba04dc0da38	openclient.cpp	9cef4f73cbe06fe7f726cbd9c03f4b158cec1d68	d086f2c4d9e552c2a0b156127177118ffb67a83f36e5420f5fe914376972457e	Client::installFrameCompressor	c34f456efa7586038dab633d103735d222a7aea6b7c58b3316720f782fa9e275	-	-	intermediate-component	excluded	-	Superseded or non-final component variant compared semantically; Local transport declarations, compressor/regex, watchdog/keepalive/platform, logging or superseded monolithic lifecycle; no additional verified protocol vocabulary or global validity rule; final endpoint or exact assertion is required before promotion
T0427	libqtdevices	b999ad8a8947ca24fd4c27c5839e7ba04dc0da38	openclient.cpp	9cef4f73cbe06fe7f726cbd9c03f4b158cec1d68	d086f2c4d9e552c2a0b156127177118ffb67a83f36e5420f5fe914376972457e	Client::~Client	e845ea1576104092f71d9707501287a5710cb1b416a78403744d774269229790	-	T0288	intermediate-component	excluded	-	Superseded or non-final component variant compared semantically; Local transport declarations, compressor/regex, watchdog/keepalive/platform, logging or superseded monolithic lifecycle; no additional verified protocol vocabulary or global validity rule; final endpoint or exact assertion is required before promotion
T0428	libqtdevices	b999ad8a8947ca24fd4c27c5839e7ba04dc0da38	openclient.cpp	9cef4f73cbe06fe7f726cbd9c03f4b158cec1d68	d086f2c4d9e552c2a0b156127177118ffb67a83f36e5420f5fe914376972457e	Client::ApriInviaFrameChiudi	5d1207e1dfff1264963f6f52df7ea86bebe6e52ee9fde4a2c624f16d535d2ca9	-	T0338	intermediate-component	excluded	-	Superseded or non-final component variant compared semantically; Local transport declarations, compressor/regex, watchdog/keepalive/platform, logging or superseded monolithic lifecycle; no additional verified protocol vocabulary or global validity rule; final endpoint or exact assertion is required before promotion
T0429	libqtdevices	b999ad8a8947ca24fd4c27c5839e7ba04dc0da38	openclient.h	d797f1aba5b051ebf10658baf732a25d4a0e5f50	a8ef80822d23ee8baaf13326c0e39751349faf0d4577cb3863bb09b9c684af27	outside	de20ae69541f7e079f9f1d3d2e7209dc1c28469ba4de72bb075b252cc874b17a	-	T0422	intermediate-component	excluded	-	Superseded or non-final component variant compared semantically; Local transport declarations, compressor/regex, watchdog/keepalive/platform, logging or superseded monolithic lifecycle; no additional verified protocol vocabulary or global validity rule; final endpoint or exact assertion is required before promotion
T0430	libqtdevices	923607d941a81d42e3fb656ea63bb89d1720aa4b	openclient.cpp	ced59e3f776cd17f9fac2840231597cbaeb3bc27	6924bcb9d7adfbafcba041fda7ee8f6a520a2c5095a0b63bfbeac5f6b8eafaa2	FrameCompressor::getPattern	5a7974211181b95232cbea003fa6668996f741ec2daee3f36223410905df6054	-	-	intermediate-component	excluded	-	Superseded or non-final component variant compared semantically; Local transport declarations, compressor/regex, watchdog/keepalive/platform, logging or superseded monolithic lifecycle; no additional verified protocol vocabulary or global validity rule; final endpoint or exact assertion is required before promotion
T0431	libqtdevices	923607d941a81d42e3fb656ea63bb89d1720aa4b	openclient.cpp	ced59e3f776cd17f9fac2840231597cbaeb3bc27	6924bcb9d7adfbafcba041fda7ee8f6a520a2c5095a0b63bfbeac5f6b8eafaa2	Client::installFrameCompressor	1dd942d0c9f0004dbe38515a70345290176f38e6034e78432b199367881fb8dc	-	T0426	intermediate-component	excluded	-	Superseded or non-final component variant compared semantically; Local transport declarations, compressor/regex, watchdog/keepalive/platform, logging or superseded monolithic lifecycle; no additional verified protocol vocabulary or global validity rule; final endpoint or exact assertion is required before promotion
T0432	libqtdevices	923607d941a81d42e3fb656ea63bb89d1720aa4b	openclient.h	48416c9cf141e205eeb9d8cc9c970ec4345419b0	44a7be1c59c9c111d80f9ab46fd4e686d62290e099b5476dc0270d44fce97498	outside	763a0abd947a17d8f2e449e910d550e403d51d2e1c64456b59749a9ea122bc1f	-	T0429	intermediate-component	excluded	-	Superseded or non-final component variant compared semantically; Local transport declarations, compressor/regex, watchdog/keepalive/platform, logging or superseded monolithic lifecycle; no additional verified protocol vocabulary or global validity rule; final endpoint or exact assertion is required before promotion
T0433	libqtdevices	ee552fd1369b93ce1e4c0229450cc0c7d7283f26	openclient.cpp	946f066753dfb86568cd2f687175a670ba4492a5	073f1ccbf85081235b4e7a74cba35e2db3e03eefa8d0dfad81c61ada74df3453	FrameCompressor::emitFrame	f26ebc982ac2e76f8889d3af6d1f75b7d8d1b98438be5e1d046b0afa2d68ef9f	-	T0425	intermediate-component	excluded	-	Superseded or non-final component variant compared semantically; Local transport declarations, compressor/regex, watchdog/keepalive/platform, logging or superseded monolithic lifecycle; no additional verified protocol vocabulary or global validity rule; final endpoint or exact assertion is required before promotion
T0434	libqtdevices	ee552fd1369b93ce1e4c0229450cc0c7d7283f26	openclient.cpp	946f066753dfb86568cd2f687175a670ba4492a5	073f1ccbf85081235b4e7a74cba35e2db3e03eefa8d0dfad81c61ada74df3453	Client::sendFrameOpen	acee39276bef48dd0c3cec10dd375d1eb58a5787eab326028f71f96c3c8b224e	-	T0339	intermediate-component	excluded	protocol/acknowledgements.md	Superseded or non-final component variant compared semantically; Historical local queue/batch/replay, delayed state reads or subscription transport implementation; unchanged wire families and no universal timing/delivery guarantee; final endpoint or exact assertion is required before promotion
T0435	libqtdevices	80cfc10ae4e7d2c5bdd764d93b769c3fe7630376	openclient.cpp	eb3df88961e3dd57736602c23616bcd1fe818e74	2197f55fd6445c4fd1d69588e04470338c805f1a11f924b3956187ecc3d4cbe6	Client::installFrameCompressor	48b96efdf1cfbd4cb2f68f47686f3a296b2882f153ce847ebaa446d34fe646ad	-	T0431	intermediate-component	excluded	-	Superseded or non-final component variant compared semantically; Local transport declarations, compressor/regex, watchdog/keepalive/platform, logging or superseded monolithic lifecycle; no additional verified protocol vocabulary or global validity rule; final endpoint or exact assertion is required before promotion
T0436	libqtdevices	80cfc10ae4e7d2c5bdd764d93b769c3fe7630376	openclient.cpp	eb3df88961e3dd57736602c23616bcd1fe818e74	2197f55fd6445c4fd1d69588e04470338c805f1a11f924b3956187ecc3d4cbe6	Client::~Client	c2c113dd3d3a984ba06a3777a7623d6cdd881b5539e384103ec1733805751760	-	T0427	intermediate-component	excluded	-	Superseded or non-final component variant compared semantically; Local transport declarations, compressor/regex, watchdog/keepalive/platform, logging or superseded monolithic lifecycle; no additional verified protocol vocabulary or global validity rule; final endpoint or exact assertion is required before promotion
T0437	libqtdevices	80cfc10ae4e7d2c5bdd764d93b769c3fe7630376	openclient.cpp	eb3df88961e3dd57736602c23616bcd1fe818e74	2197f55fd6445c4fd1d69588e04470338c805f1a11f924b3956187ecc3d4cbe6	Client::ApriInviaFrameChiudi	149e7ef206deeac42a8efd60e42478c25e645d381434010aa5a2a19e2848e9a0	-	T0428	intermediate-component	excluded	-	Superseded or non-final component variant compared semantically; Local transport declarations, compressor/regex, watchdog/keepalive/platform, logging or superseded monolithic lifecycle; no additional verified protocol vocabulary or global validity rule; final endpoint or exact assertion is required before promotion
T0438	libqtdevices	80cfc10ae4e7d2c5bdd764d93b769c3fe7630376	openclient.h	91df0ce966406264efbdf23b478e2bb70a47fb60	286755ec7825d574702b9cf424ffb6b4e35115f7bed84a0ae755b6f8d063d160	outside	bef2aa7c0f63041d7a5c5ae83b4b26bbd52cfd8044735059e9339f44d3156a7c	-	T0432	intermediate-component	excluded	-	Superseded or non-final component variant compared semantically; Local transport declarations, compressor/regex, watchdog/keepalive/platform, logging or superseded monolithic lifecycle; no additional verified protocol vocabulary or global validity rule; final endpoint or exact assertion is required before promotion
T0439	libqtdevices	76b296308651215944d0b71f66ed26530935fb14	openclient.cpp	f7f896b2e05f8a2b26a3f1467859a22ca9a5f8ed	83af8d1746ae52c21be7c1276530c208ca4bbe5ccb6c1c5c99d5e3fa306d690c	Client::sendFrameOpen	012d828274a733f1628587d20b3525515f1fd68f989bb3cebaa95a3b06a5796b	-	T0434	intermediate-component	excluded	protocol/acknowledgements.md	Superseded or non-final component variant compared semantically; Historical local queue/batch/replay, delayed state reads or subscription transport implementation; unchanged wire families and no universal timing/delivery guarantee; final endpoint or exact assertion is required before promotion
T0440	libqtdevices	befa9ef0fbb55da817f8c5b02ee0e1ad0db35df6	openclient.h	919f0cdf08dffc5cba93b860c0571152af1f462d	f9abfd8f4f5dfb7faf533358361d3e3c90699c2b25b3eb8c0e3074c117b5ab88	outside	33f4b6a2f2047800e5cd8a3d8a168fc516ec7d23974a9621e3f633e3d1fcfdca	-	T0438	intermediate-component	excluded	-	Superseded or non-final component variant compared semantically; Local transport declarations, compressor/regex, watchdog/keepalive/platform, logging or superseded monolithic lifecycle; no additional verified protocol vocabulary or global validity rule; final endpoint or exact assertion is required before promotion
T0441	libqtdevices	a791ed10195dc4208ca7b4bf021b393ad7e269d1	openclient.cpp	4d1ce3b719529e27ac95437ee4d7df7573798ee2	f36c5c12323ba11e989756b4045bd822620288fedc2e7a7e2b97c0e5c9c6272f	FrameCompressor::FrameCompressor	4878abeb025a9e8955cac7bd845c3c85d580a31ec4e051bdd7c097a77bd3e96f	-	T0423	intermediate-component	excluded	-	Superseded or non-final component variant compared semantically; Local transport declarations, compressor/regex, watchdog/keepalive/platform, logging or superseded monolithic lifecycle; no additional verified protocol vocabulary or global validity rule; final endpoint or exact assertion is required before promotion
T0442	libqtdevices	a791ed10195dc4208ca7b4bf021b393ad7e269d1	openclient.cpp	4d1ce3b719529e27ac95437ee4d7df7573798ee2	f36c5c12323ba11e989756b4045bd822620288fedc2e7a7e2b97c0e5c9c6272f	Client::ApriInviaFrameChiudi	ad9a5d376039bb5a6d8a32aaa778d82e67a985783b0b0cc1b557e6f0f480e29a	-	T0338	intermediate-component	excluded	-	Superseded or non-final component variant compared semantically; Local transport declarations, compressor/regex, watchdog/keepalive/platform, logging or superseded monolithic lifecycle; no additional verified protocol vocabulary or global validity rule; final endpoint or exact assertion is required before promotion
T0443	libqtdevices	a791ed10195dc4208ca7b4bf021b393ad7e269d1	openclient.h	ce1bb5fae81dff84129b52aaa3225b4fab5bbfa5	2b7fcf7fa8e8cc170d3add85d4a78e4a108590ff1124ea6a3f4dadfeaa356a65	outside	ca6a8c8a3b8f1d6d4ff98fc7a71a169383519c0ece67bc5da270088cb6a7b64e	-	T0440	intermediate-component	excluded	-	Superseded or non-final component variant compared semantically; Local transport declarations, compressor/regex, watchdog/keepalive/platform, logging or superseded monolithic lifecycle; no additional verified protocol vocabulary or global validity rule; final endpoint or exact assertion is required before promotion
T0444	libqtdevices	94967afbcdf0a81a40c5174fddb354c77155b5b5	openclient.cpp	2282954752e76ce275d1fbe403e531e7c93a6147	4c6726e974817d09e19d0005433c0a9029d990eede722bfc41f20306cff0bf63	Client::sendFrameOpen	f5cf27dba26b85df9fff117e5ba34eb6287cefcc42b364a7a7222fe9b56324c6	-	T0439	intermediate-component	excluded	protocol/acknowledgements.md	Superseded or non-final component variant compared semantically; Historical local queue/batch/replay, delayed state reads or subscription transport implementation; unchanged wire families and no universal timing/delivery guarantee; final endpoint or exact assertion is required before promotion
T0445	libqtdevices	94967afbcdf0a81a40c5174fddb354c77155b5b5	openclient.h	140b37ebed8955612cbc04d3e1e560a1cb5bd119	8e967183303ce3aa4e9c9234a4b0213c5875bce5713a523f7334f410cd965636	outside	730eb10a5642621d8712bca670effc94306464412c5dd66b715350b3e3817564	-	T0422	intermediate-component	excluded	-	Superseded or non-final component variant compared semantically; Local transport declarations, compressor/regex, watchdog/keepalive/platform, logging or superseded monolithic lifecycle; no additional verified protocol vocabulary or global validity rule; final endpoint or exact assertion is required before promotion
T0446	libqtdevices	012e0d2793ef5430cb6389ff5d1c0faad56e1e05	openclient.cpp	14557471425d8db81148c02be904281e639f9c1d	89865627c0f21d31a62c9525652a29b90fb7d2b0ec066edb6d69048eea939d60	Client::ApriInviaFrameChiudi	c36ba856bd39db837b1584c0036a92313cbc7d52c4902d634a068ccdb2c30f93	-	T0442	intermediate-component	excluded	-	Superseded or non-final component variant compared semantically; Local transport declarations, compressor/regex, watchdog/keepalive/platform, logging or superseded monolithic lifecycle; no additional verified protocol vocabulary or global validity rule; final endpoint or exact assertion is required before promotion
T0447	libqtdevices	012e0d2793ef5430cb6389ff5d1c0faad56e1e05	openclient.h	878f99f93137ae451512fbd05eb563b7e7ccbfbe	87b5b708d52c7f46cf73ba813fbaa43a2cb3a4705c5bff05285885739d214b07	outside	599b3d6b1732be80e24ad2b6158ccab4fc7861d2270841d08263acfd836242f8	-	T0445	intermediate-component	excluded	-	Superseded or non-final component variant compared semantically; Local transport declarations, compressor/regex, watchdog/keepalive/platform, logging or superseded monolithic lifecycle; no additional verified protocol vocabulary or global validity rule; final endpoint or exact assertion is required before promotion
T0448	libqtdevices	6a9b15e44f7068d02ac8f76ac9e264ccf0ea3cde	openclient.h	b35966f21b786dadc7465fd4e46bcb0595336792	dc32d77c7de9341fc9de46a39563b82f276ab500c510180afb4f9695189f26cb	outside	54dd97c45cad62f084a744363047ff139bc4247865ee39c39d653960e0a223d9	-	T0447	intermediate-component	excluded	-	Superseded or non-final component variant compared semantically; Local transport declarations, compressor/regex, watchdog/keepalive/platform, logging or superseded monolithic lifecycle; no additional verified protocol vocabulary or global validity rule; final endpoint or exact assertion is required before promotion
T0449	libqtdevices	e7afa7446da0038721e2ce1eb7ec2e1dbf6dd5ef	openclient.cpp	2e9a0303315a1978d936171149f113dca66d7ced	21b21825dbbcced8923193c4a6a07f30c0e05a312f07d8bd2000b8af32465051	Client::socketConnected	5677f5829cab98873634c1a1ddef36980718518c0c93594bbe316c25af918b72	-	T0420	intermediate-component	excluded	protocol/sessions.md	Superseded or non-final component variant compared semantically; Local connected lifecycle occurs on TCP callback before selector; pending frames/setup placeholders are implementation bookkeeping, not authentication or selector acceptance; final endpoint or exact assertion is required before promotion
T0450	libqtdevices	e7afa7446da0038721e2ce1eb7ec2e1dbf6dd5ef	openclient.cpp	2e9a0303315a1978d936171149f113dca66d7ced	21b21825dbbcced8923193c4a6a07f30c0e05a312f07d8bd2000b8af32465051	Client::ApriInviaFrameChiudi	016b64a804439194edebbe87aebdb21f896e2a872ba3937e6b28febae3097765	-	T0446	intermediate-component	excluded	-	Superseded or non-final component variant compared semantically; Local transport declarations, compressor/regex, watchdog/keepalive/platform, logging or superseded monolithic lifecycle; no additional verified protocol vocabulary or global validity rule; final endpoint or exact assertion is required before promotion
T0451	libqtdevices	497ca37d520c96b8af3e4182f6912cde3f67754c	openclient.cpp	e3036a7376bfb0c99a114919d3eaefc26e560c7d	b6392e187c80c8bd5541d91d4dac165f6314b9cd713faa7e8b6d49f7ce4b10f2	Client::richStato	6cdd716fc386a2777f3358796f0d2f906512943210b4bdd3d1f63e4e6830ad78	-	T0295	intermediate-component	excluded	protocol/acknowledgements.md	Superseded or non-final component variant compared semantically; Historical local queue/batch/replay, delayed state reads or subscription transport implementation; unchanged wire families and no universal timing/delivery guarantee; final endpoint or exact assertion is required before promotion
T0452	libqtdevices	497ca37d520c96b8af3e4182f6912cde3f67754c	openclient.h	387fe35f012e2076224b38c34c779968317f3887	f975b4286467e4090a5a5dcb6df43c403c4666f262f59b40599bce909824c940	outside	228d4c83f0a5757f3ddda25559f7f9890e1c2d37c5fc1cfb3a24cbabd63f67e4	-	T0448	intermediate-component	excluded	-	Superseded or non-final component variant compared semantically; Local transport declarations, compressor/regex, watchdog/keepalive/platform, logging or superseded monolithic lifecycle; no additional verified protocol vocabulary or global validity rule; final endpoint or exact assertion is required before promotion
T0453	libqtdevices	c388a0b688bcab3048046a71358740ba099d7ffd	openclient.cpp	6b88ab03b8fb3584289b69415299b25b3dd93d8a	576f0a65978e1e669be131f7265489de699e03ca568633211a669c78f838e49f	Client::ApriInviaFrameChiudi	f3a4a98645db4c7e34ffc7d040090c9a10bfb85922f9003d5a976e2374566f84	-	T0291	intermediate-component	excluded	-	Superseded or non-final component variant compared semantically; Local transport declarations, compressor/regex, watchdog/keepalive/platform, logging or superseded monolithic lifecycle; no additional verified protocol vocabulary or global validity rule; final endpoint or exact assertion is required before promotion
T0454	libqtdevices	c388a0b688bcab3048046a71358740ba099d7ffd	openclient.h	936ce2cc12c2db1ce1610168d3695b3835bdbf8c	d3249405f9dea765a7594e0d3c1efbf12f56b72adb90fc3f393a74d6916099db	outside	ef0c710e7b26bd61482dc8e0bd1c576446b8ab94eb22a8596431181a849e0b46	-	T0452	intermediate-component	excluded	-	Superseded or non-final component variant compared semantically; Local transport declarations, compressor/regex, watchdog/keepalive/platform, logging or superseded monolithic lifecycle; no additional verified protocol vocabulary or global validity rule; final endpoint or exact assertion is required before promotion
T0455	libqtdevices	a33cb898a0e68a9b3671cc6f34e4d6d70633c37f	openclient.h	42d8cf4401f7d474362f966e8a1edc5adf15ab34	e3d16c7f89853c467b121d820ba176ff97a24e418f61a0c2a2214b2ca9448935	outside	e466d958574bcbd3477c11f5605145143e882d1aacd1ba2bb62c66b132b262eb	-	T0454	intermediate-component	excluded	-	Superseded or non-final component variant compared semantically; Local transport declarations, compressor/regex, watchdog/keepalive/platform, logging or superseded monolithic lifecycle; no additional verified protocol vocabulary or global validity rule; final endpoint or exact assertion is required before promotion
T0456	libqtdevices	a830a606ea6c6872de6060c1aed84b8a5e8f6609	openclient.cpp	124b00697bac222730abcbfb897e7efac7370da6	4b4e71d1757cb797c2678245089151c503befe4e22cfaacd7a38157e84a40500	outside	87cfa0e6f53d8ed1b2f450d7129c65fe9cd15305df9666644c048a4776575d54	-	T0421	intermediate-component	excluded	-	Superseded or non-final component variant compared semantically; Local transport declarations, compressor/regex, watchdog/keepalive/platform, logging or superseded monolithic lifecycle; no additional verified protocol vocabulary or global validity rule; final endpoint or exact assertion is required before promotion
T0457	libqtdevices	0f27157daf95788f9ca87103fd18a9bec3ae2356	openclient.cpp	cb4fb189ebf35fa8684484640c05dc1369c068cd	2e94728673c6de9ce02102f190c5abbdce5a52de16a406c6f0a5605e651e853f	Client::Client	32742e068d5d4260e1357dde94ee659e6b16b94e5ad0a0ca487e2e1b94978823	-	T0347	intermediate-component	excluded	-	Superseded or non-final component variant compared semantically; Local transport declarations, compressor/regex, watchdog/keepalive/platform, logging or superseded monolithic lifecycle; no additional verified protocol vocabulary or global validity rule; final endpoint or exact assertion is required before promotion
T0458	libqtdevices	0f27157daf95788f9ca87103fd18a9bec3ae2356	openclient.cpp	cb4fb189ebf35fa8684484640c05dc1369c068cd	2e94728673c6de9ce02102f190c5abbdce5a52de16a406c6f0a5605e651e853f	Client::socketConnected	a3af91ef005624656227b99f8cd354342b99237922beb17a087e4eb3ad887667	-	T0449	intermediate-component	excluded	protocol/sessions.md	Superseded or non-final component variant compared semantically; Local connected lifecycle occurs on TCP callback before selector; pending frames/setup placeholders are implementation bookkeeping, not authentication or selector acceptance; final endpoint or exact assertion is required before promotion
T0459	libqtdevices	0f27157daf95788f9ca87103fd18a9bec3ae2356	openclient.cpp	cb4fb189ebf35fa8684484640c05dc1369c068cd	2e94728673c6de9ce02102f190c5abbdce5a52de16a406c6f0a5605e651e853f	Client::ApriInviaFrameChiudi	f8239236ad671b06d6088b23e3366602a675adb42655c1f3edc453341d9b80d9	-	T0450	intermediate-component	excluded	-	Superseded or non-final component variant compared semantically; Local transport declarations, compressor/regex, watchdog/keepalive/platform, logging or superseded monolithic lifecycle; no additional verified protocol vocabulary or global validity rule; final endpoint or exact assertion is required before promotion
T0460	libqtdevices	0f27157daf95788f9ca87103fd18a9bec3ae2356	openclient.cpp	cb4fb189ebf35fa8684484640c05dc1369c068cd	2e94728673c6de9ce02102f190c5abbdce5a52de16a406c6f0a5605e651e853f	Client::richStato	048ebca56f8e564978f19424ffc871b530a3f7ee6d3069e69a815357bfd6c28d	-	T0451	intermediate-component	excluded	protocol/acknowledgements.md	Superseded or non-final component variant compared semantically; Historical local queue/batch/replay, delayed state reads or subscription transport implementation; unchanged wire families and no universal timing/delivery guarantee; final endpoint or exact assertion is required before promotion
T0461	libqtdevices	0f27157daf95788f9ca87103fd18a9bec3ae2356	openclient.cpp	cb4fb189ebf35fa8684484640c05dc1369c068cd	2e94728673c6de9ce02102f190c5abbdce5a52de16a406c6f0a5605e651e853f	Client::connetti	2eea5f93fad0089ce4489a6a5bba7b093468d40aa4b9c92d9ef396917c2461b7	-	T0296	intermediate-component	excluded	-	Superseded or non-final component variant compared semantically; Local transport declarations, compressor/regex, watchdog/keepalive/platform, logging or superseded monolithic lifecycle; no additional verified protocol vocabulary or global validity rule; final endpoint or exact assertion is required before promotion
T0462	libqtdevices	0f27157daf95788f9ca87103fd18a9bec3ae2356	openclient.cpp	cb4fb189ebf35fa8684484640c05dc1369c068cd	2e94728673c6de9ce02102f190c5abbdce5a52de16a406c6f0a5605e651e853f	Client::sendToServer	4222ab6c5c27d47ebfc7666be50e6f010c0e7b58211add4b6052d2c06b7c14dc	-	-	intermediate-component	excluded	protocol/acknowledgements.md	Superseded or non-final component variant compared semantically; Historical local queue/batch/replay, delayed state reads or subscription transport implementation; unchanged wire families and no universal timing/delivery guarantee; final endpoint or exact assertion is required before promotion
T0463	libqtdevices	0f27157daf95788f9ca87103fd18a9bec3ae2356	openclient.cpp	cb4fb189ebf35fa8684484640c05dc1369c068cd	2e94728673c6de9ce02102f190c5abbdce5a52de16a406c6f0a5605e651e853f	Client::manageFrame	7558c8ffc37c52fcac6bf6d0d8e1cff28b68a8e702a558e1bac79ae563acb689	-	T0348	intermediate-component	excluded	-	Superseded or non-final component variant compared semantically; Local transport declarations, compressor/regex, watchdog/keepalive/platform, logging or superseded monolithic lifecycle; no additional verified protocol vocabulary or global validity rule; final endpoint or exact assertion is required before promotion
T0464	libqtdevices	0f27157daf95788f9ca87103fd18a9bec3ae2356	openclient.cpp	cb4fb189ebf35fa8684484640c05dc1369c068cd	2e94728673c6de9ce02102f190c5abbdce5a52de16a406c6f0a5605e651e853f	Client::socketWaitForAck	3c03bf5c511d2e76dc22dc824f307969e24f42521d7b3e5222c1d0a566815063	-	T0298	intermediate-component	excluded	-	Superseded or non-final component variant compared semantically; Local transport declarations, compressor/regex, watchdog/keepalive/platform, logging or superseded monolithic lifecycle; no additional verified protocol vocabulary or global validity rule; final endpoint or exact assertion is required before promotion
T0465	libqtdevices	0f27157daf95788f9ca87103fd18a9bec3ae2356	openclient.cpp	cb4fb189ebf35fa8684484640c05dc1369c068cd	2e94728673c6de9ce02102f190c5abbdce5a52de16a406c6f0a5605e651e853f	Client::socketConnectionClosed	4a69f2893a25396af52c220dfcd41956c4053ed6d8e5cf19b96e0eb375b40a65	-	T0299	intermediate-component	excluded	-	Superseded or non-final component variant compared semantically; Local transport declarations, compressor/regex, watchdog/keepalive/platform, logging or superseded monolithic lifecycle; no additional verified protocol vocabulary or global validity rule; final endpoint or exact assertion is required before promotion
T0466	libqtdevices	0f27157daf95788f9ca87103fd18a9bec3ae2356	openclient.cpp	cb4fb189ebf35fa8684484640c05dc1369c068cd	2e94728673c6de9ce02102f190c5abbdce5a52de16a406c6f0a5605e651e853f	Client::socketError	90a45aed5b37107a84aafe474b986d4eb214d228577b7f52ecce54ea618f4b6a	-	T0300	intermediate-component	excluded	-	Superseded or non-final component variant compared semantically; Local transport declarations, compressor/regex, watchdog/keepalive/platform, logging or superseded monolithic lifecycle; no additional verified protocol vocabulary or global validity rule; final endpoint or exact assertion is required before promotion
T0467	libqtdevices	0f27157daf95788f9ca87103fd18a9bec3ae2356	openclient.cpp	cb4fb189ebf35fa8684484640c05dc1369c068cd	2e94728673c6de9ce02102f190c5abbdce5a52de16a406c6f0a5605e651e853f	outside	98a6e174848f7591b8b56d5966f7e5d74a696c0740726453cd51a113eb0afc89	-	T0456	intermediate-component	excluded	-	Superseded or non-final component variant compared semantically; Local transport declarations, compressor/regex, watchdog/keepalive/platform, logging or superseded monolithic lifecycle; no additional verified protocol vocabulary or global validity rule; final endpoint or exact assertion is required before promotion
T0468	libqtdevices	0f27157daf95788f9ca87103fd18a9bec3ae2356	openclient.h	f3e946303a31811c956b91452bf4c3c04a639bf5	eabd1cf85ff175049fc0ab2fca12161e60f1a903bebeefeaff45948338f45d26	outside	bdd1c12d250cf8ab8a9b2ca2bd87a7dcfc7631b5a7fdb2aa429b486973be0a77	-	T0455	intermediate-component	excluded	-	Superseded or non-final component variant compared semantically; Local transport declarations, compressor/regex, watchdog/keepalive/platform, logging or superseded monolithic lifecycle; no additional verified protocol vocabulary or global validity rule; final endpoint or exact assertion is required before promotion
T0469	libqtdevices	e8d8554960171978547fe67dece4ee1bb2e66b13	openclient.h	b3312f786272ef7afd714dd52f6937aa4fa3c54e	709edd9d769d7173171fcd5bb6b36c8cdc9ef804f7700a548e60413d4b20afcb	outside	b4ace3ea62d7c620329721d9edd0e2b2b5a8ca8a6a4755f7c42debcb713a2e68	-	T0419	intermediate-component	excluded	-	Superseded or non-final component variant compared semantically; Local transport declarations, compressor/regex, watchdog/keepalive/platform, logging or superseded monolithic lifecycle; no additional verified protocol vocabulary or global validity rule; final endpoint or exact assertion is required before promotion
T0470	libqtdevices	c289793158d2b091543d98d8162c92821f40935a	openclient.cpp	cc7198908edab84909f34e6a0eddbb0537ae8306	1d52d850344c7e50383a7935e18025798b2cd29c1f60d7938bf0c1a53ec795cf	Client::manageFrame	a6f67e90efc0af55ad06160245ef2cb98746510478eeeb99b4b7edc057b4aad5	-	T0463	intermediate-component	excluded	-	Superseded or non-final component variant compared semantically; Local transport declarations, compressor/regex, watchdog/keepalive/platform, logging or superseded monolithic lifecycle; no additional verified protocol vocabulary or global validity rule; final endpoint or exact assertion is required before promotion
T0471	libqtdevices	d6cd5bcff34b7aaa4895564cb0ada364ed98886e	openclient.cpp	177aeda47ea769984d89aeb58e93427f3e5f626d	724a5fd7f9f1d670a5063363ed8496cb98aabf0a2d7c69f042fbdb29aac5085d	Client::closeConnection	ac8638ecd47c6bb7b24a95da7e2ea01c41e9cac6e9eb04f938ce12930278ac4f	-	-	intermediate-component	excluded	-	Superseded or non-final component variant compared semantically; Local transport declarations, compressor/regex, watchdog/keepalive/platform, logging or superseded monolithic lifecycle; no additional verified protocol vocabulary or global validity rule; final endpoint or exact assertion is required before promotion
T0472	libqtdevices	d6cd5bcff34b7aaa4895564cb0ada364ed98886e	openclient.cpp	177aeda47ea769984d89aeb58e93427f3e5f626d	724a5fd7f9f1d670a5063363ed8496cb98aabf0a2d7c69f042fbdb29aac5085d	Client::socketClosed	34787aff559b014ea16c338a6cb71530c9dc55951f1f3a87b08e2f534e1d15fd	-	-	intermediate-component	excluded	-	Superseded or non-final component variant compared semantically; Local transport declarations, compressor/regex, watchdog/keepalive/platform, logging or superseded monolithic lifecycle; no additional verified protocol vocabulary or global validity rule; final endpoint or exact assertion is required before promotion
T0473	libqtdevices	d6cd5bcff34b7aaa4895564cb0ada364ed98886e	openclient.h	930d83811a030accb7c1c99282fdb7b66e10b79c	847462f2b387f777c90885a940db15bed90ce77e90ff13121a87f5f9ec41e02e	outside	c967694158e546f0fe45ab4934402dcaade001d11f1201f66ec380e6cbd4d4d3	-	T0468	intermediate-component	excluded	-	Superseded or non-final component variant compared semantically; Local transport declarations, compressor/regex, watchdog/keepalive/platform, logging or superseded monolithic lifecycle; no additional verified protocol vocabulary or global validity rule; final endpoint or exact assertion is required before promotion
T0474	libqtdevices	8b527b2905f365bdecaf6203a813de0e6949a74f	openclient.h	8f28ee65747f27cfff95fa74ac185433a9c729da	d4c83ab501c546d7129d7d63ad4a0f3e74e93fae0339dd23a22ca0d9c663eddd	outside	a6a0b6f317009dd9811048ae12ee12204e109341459f0cdd707b6a3cfdcb81e9	-	T0469	intermediate-component	excluded	-	Superseded or non-final component variant compared semantically; Local transport declarations, compressor/regex, watchdog/keepalive/platform, logging or superseded monolithic lifecycle; no additional verified protocol vocabulary or global validity rule; final endpoint or exact assertion is required before promotion
T0475	libqtdevices	555550d9f3a5b3de30fbc459dee5455bd5cdbe81	openclient.h	9bb895d434e72786ea783ea31fb72e16f2261378	89addc51c15690a9a0e21ae6b86f184ca088d9ab821190fbb5ffa3641db2f5d1	outside	4db81cf12ec086b3fab8220306f972238e581b5ed2c9a2f11fdf5e55f61e60c2	-	T0469	intermediate-component	excluded	-	Superseded or non-final component variant compared semantically; Local transport declarations, compressor/regex, watchdog/keepalive/platform, logging or superseded monolithic lifecycle; no additional verified protocol vocabulary or global validity rule; final endpoint or exact assertion is required before promotion
T0476	libqtdevices	9d3812dcfd60748ed8aff10c133246ad0e336962	openclient.h	64403c7f352c19c6ca0880268dfad050530869b7	0643ffab92b1e32a96528c447360a776cdae706efce74bf282ccb9d63d6a84dc	outside	8d9e953afcfaac8708d7744b2bbf52c5f309b5e2f4f0255105bd699e57e39f46	-	T0475	intermediate-component	excluded	-	Superseded or non-final component variant compared semantically; Local transport declarations, compressor/regex, watchdog/keepalive/platform, logging or superseded monolithic lifecycle; no additional verified protocol vocabulary or global validity rule; final endpoint or exact assertion is required before promotion
T0477	libqtdevices	be1c95db9a5410af847e8feac9f74fbadf97ce28	openclient.h	a15e6ea5376c4f14c541b1575a81637ed14fa6da	87e552bc4bc359b19593491d95c2e8e4765f36a14da3efd64e01e4804f3c76a5	outside	f7ae9801d17ac4aea5a6e9ae8bff8bd7de0e38ce122f6617c1f8a6b7f9ea1876	-	T0474	intermediate-component	excluded	-	Superseded or non-final component variant compared semantically; Local transport declarations, compressor/regex, watchdog/keepalive/platform, logging or superseded monolithic lifecycle; no additional verified protocol vocabulary or global validity rule; final endpoint or exact assertion is required before promotion
T0478	libqtdevices	0c2d82885c9af3f64691f53d060b750dc3ed912b	openclient.h	718850e1f8a5daaa63ec2c9a419cadfc190fed34	03806cdb650feb129f32fb44af3b7ebeb9609a06fbb599e3847ef78e6a46b1f5	outside	ef9be43605d9a1e688a50497ada5964cc9b8a06501b4933146a78d738214956f	-	T0477	intermediate-component	excluded	-	Superseded or non-final component variant compared semantically; Local transport declarations, compressor/regex, watchdog/keepalive/platform, logging or superseded monolithic lifecycle; no additional verified protocol vocabulary or global validity rule; final endpoint or exact assertion is required before promotion
T0479	libqtdevices	96a20071733fee55f89d96c255f0e195b45bb515	openclient.h	814806aca1142045703ed1deddf869593edc70ab	78e442cfc09f98da7ad533489363cc1a8406f3289c9913a8444206a14ac865c3	outside	7fd07cd53446cdd9bd49edab89b7317164be468ebdd49db8375700be58ecc94b	-	T0474	intermediate-component	excluded	-	Superseded or non-final component variant compared semantically; Local transport declarations, compressor/regex, watchdog/keepalive/platform, logging or superseded monolithic lifecycle; no additional verified protocol vocabulary or global validity rule; final endpoint or exact assertion is required before promotion
T0480	libqtdevices	305f6cc9bcc99e194f34999686299ffe4748f747	openclient.cpp	c586528934825d3e18ae6389ea143f399cb8cc60	d47fa30190e0cbf8642f1d661a545a33ca6aa55f1144778ccf6783d51ed6420c	Client::Client	d3401a8a3eff450d4f766b0b73ecc25f19887f0ec62f21b52b4d6c5724311bda	-	T0457	intermediate-component	excluded	-	Superseded or non-final component variant compared semantically; Local transport declarations, compressor/regex, watchdog/keepalive/platform, logging or superseded monolithic lifecycle; no additional verified protocol vocabulary or global validity rule; final endpoint or exact assertion is required before promotion
T0481	libqtdevices	305f6cc9bcc99e194f34999686299ffe4748f747	openclient.cpp	c586528934825d3e18ae6389ea143f399cb8cc60	d47fa30190e0cbf8642f1d661a545a33ca6aa55f1144778ccf6783d51ed6420c	Client::socketConnected	22c8a55242a67eff163fe1f7a7435ab0aba2e6db780f09ed1f602b3f36e4d780	-	T0458	intermediate-component	excluded	protocol/sessions.md	Superseded or non-final component variant compared semantically; Local connected lifecycle occurs on TCP callback before selector; pending frames/setup placeholders are implementation bookkeeping, not authentication or selector acceptance; final endpoint or exact assertion is required before promotion
T0482	libqtdevices	305f6cc9bcc99e194f34999686299ffe4748f747	openclient.cpp	c586528934825d3e18ae6389ea143f399cb8cc60	d47fa30190e0cbf8642f1d661a545a33ca6aa55f1144778ccf6783d51ed6420c	Client::ApriInviaFrameChiudi	64fc4018cb584f8f4155b9e65e301d329d85f1d81b369f427623f17aaef41357	-	T0459	intermediate-component	excluded	-	Superseded or non-final component variant compared semantically; Local transport declarations, compressor/regex, watchdog/keepalive/platform, logging or superseded monolithic lifecycle; no additional verified protocol vocabulary or global validity rule; final endpoint or exact assertion is required before promotion
T0483	libqtdevices	305f6cc9bcc99e194f34999686299ffe4748f747	openclient.cpp	c586528934825d3e18ae6389ea143f399cb8cc60	d47fa30190e0cbf8642f1d661a545a33ca6aa55f1144778ccf6783d51ed6420c	Client::ApriInviaFrameChiudiw	21e10447ece8506b52e0bc016bc3c39187f9f04279813dc40c842cbee4413088	-	T0294	intermediate-component	excluded	-	Superseded or non-final component variant compared semantically; Local transport declarations, compressor/regex, watchdog/keepalive/platform, logging or superseded monolithic lifecycle; no additional verified protocol vocabulary or global validity rule; final endpoint or exact assertion is required before promotion
T0484	libqtdevices	305f6cc9bcc99e194f34999686299ffe4748f747	openclient.cpp	c586528934825d3e18ae6389ea143f399cb8cc60	d47fa30190e0cbf8642f1d661a545a33ca6aa55f1144778ccf6783d51ed6420c	Client::richStato	4bc8f7f91a462f93807bf5793023bd2a23390eaa956d6e099894025340dcc8af	-	T0460	intermediate-component	excluded	protocol/acknowledgements.md	Superseded or non-final component variant compared semantically; Historical local queue/batch/replay, delayed state reads or subscription transport implementation; unchanged wire families and no universal timing/delivery guarantee; final endpoint or exact assertion is required before promotion
T0485	libqtdevices	305f6cc9bcc99e194f34999686299ffe4748f747	openclient.cpp	c586528934825d3e18ae6389ea143f399cb8cc60	d47fa30190e0cbf8642f1d661a545a33ca6aa55f1144778ccf6783d51ed6420c	Client::connetti	fe3262086fe33103de00b054cbf3d3feb0411faca2f81fde895535183ed32536	-	T0461	intermediate-component	excluded	-	Superseded or non-final component variant compared semantically; Local transport declarations, compressor/regex, watchdog/keepalive/platform, logging or superseded monolithic lifecycle; no additional verified protocol vocabulary or global validity rule; final endpoint or exact assertion is required before promotion
T0486	libqtdevices	305f6cc9bcc99e194f34999686299ffe4748f747	openclient.cpp	c586528934825d3e18ae6389ea143f399cb8cc60	d47fa30190e0cbf8642f1d661a545a33ca6aa55f1144778ccf6783d51ed6420c	Client::closeConnection	34ac8eb3b0f7fef82f32749aa7a025958a9da12b72e710fcfb9a0f9c9703e85b	-	T0471	intermediate-component	excluded	-	Superseded or non-final component variant compared semantically; Local transport declarations, compressor/regex, watchdog/keepalive/platform, logging or superseded monolithic lifecycle; no additional verified protocol vocabulary or global validity rule; final endpoint or exact assertion is required before promotion
T0487	libqtdevices	305f6cc9bcc99e194f34999686299ffe4748f747	openclient.cpp	c586528934825d3e18ae6389ea143f399cb8cc60	d47fa30190e0cbf8642f1d661a545a33ca6aa55f1144778ccf6783d51ed6420c	Client::sendToServer	7f77288287f8a51f80ddab7188a5ff31af4a780e3fbde3a9f75d59038ec3e80f	-	T0462	intermediate-component	excluded	protocol/acknowledgements.md	Superseded or non-final component variant compared semantically; Historical local queue/batch/replay, delayed state reads or subscription transport implementation; unchanged wire families and no universal timing/delivery guarantee; final endpoint or exact assertion is required before promotion
T0488	libqtdevices	305f6cc9bcc99e194f34999686299ffe4748f747	openclient.cpp	c586528934825d3e18ae6389ea143f399cb8cc60	d47fa30190e0cbf8642f1d661a545a33ca6aa55f1144778ccf6783d51ed6420c	Client::socketFrameRead	bed10c3637ab57968dc9c388afd5528308054c29a5f0a329a6140fdc15c8fd82	-	T0303	intermediate-component	excluded	protocol/stream-parsing.md	Superseded or non-final component variant compared semantically; Delimiter extraction, draining and retained partial buffer; no leading-star resynchronization, bounded buffering or reconnect-tail reset in final local client; final endpoint or exact assertion is required before promotion
T0489	libqtdevices	305f6cc9bcc99e194f34999686299ffe4748f747	openclient.cpp	c586528934825d3e18ae6389ea143f399cb8cc60	d47fa30190e0cbf8642f1d661a545a33ca6aa55f1144778ccf6783d51ed6420c	Client::socketWaitForAck	e9c2bd4346f073f7df869f4fc81e18ddf817f1d21ef54208d593bd3f6e2206a4	-	T0464	intermediate-component	excluded	-	Superseded or non-final component variant compared semantically; Local transport declarations, compressor/regex, watchdog/keepalive/platform, logging or superseded monolithic lifecycle; no additional verified protocol vocabulary or global validity rule; final endpoint or exact assertion is required before promotion
T0490	libqtdevices	305f6cc9bcc99e194f34999686299ffe4748f747	openclient.cpp	c586528934825d3e18ae6389ea143f399cb8cc60	d47fa30190e0cbf8642f1d661a545a33ca6aa55f1144778ccf6783d51ed6420c	Client::ackReceived	7f0a349bcfa48eb746a8974c927d50ee2d3dd3e0d182bc99a4ed9a3dcd51db10	-	T0139	intermediate-component	excluded	protocol/acknowledgements.md	Superseded or non-final component variant compared semantically; Separate reader WHO dispatch versus writer ACK/NACK FIFO; monitor status-request filter; unexpected-ACK release guard follows debug assertion and is not total malformed-input safety; final endpoint or exact assertion is required before promotion
T0491	libqtdevices	305f6cc9bcc99e194f34999686299ffe4748f747	openclient.cpp	c586528934825d3e18ae6389ea143f399cb8cc60	d47fa30190e0cbf8642f1d661a545a33ca6aa55f1144778ccf6783d51ed6420c	Client::socketConnectionClosed	d503f4f268d2e5cd42a11370070331ba08bda9c3b363acec5340cf2b217bd49f	-	T0465	intermediate-component	excluded	-	Superseded or non-final component variant compared semantically; Local transport declarations, compressor/regex, watchdog/keepalive/platform, logging or superseded monolithic lifecycle; no additional verified protocol vocabulary or global validity rule; final endpoint or exact assertion is required before promotion
T0492	libqtdevices	305f6cc9bcc99e194f34999686299ffe4748f747	openclient.cpp	c586528934825d3e18ae6389ea143f399cb8cc60	d47fa30190e0cbf8642f1d661a545a33ca6aa55f1144778ccf6783d51ed6420c	Client::socketError	f1fd5e91c5a460e1a28f5af966acbeb51938521cd5eb23779b5c93fce97fa3e6	-	T0466	intermediate-component	excluded	-	Superseded or non-final component variant compared semantically; Local transport declarations, compressor/regex, watchdog/keepalive/platform, logging or superseded monolithic lifecycle; no additional verified protocol vocabulary or global validity rule; final endpoint or exact assertion is required before promotion
T0493	libqtdevices	305f6cc9bcc99e194f34999686299ffe4748f747	openclient.cpp	c586528934825d3e18ae6389ea143f399cb8cc60	d47fa30190e0cbf8642f1d661a545a33ca6aa55f1144778ccf6783d51ed6420c	outside	4eaef7ef047686b5c8ae1510d9219d494366cafbeed34bd9c61da481bc7a993e	-	T0467	intermediate-component	excluded	-	Superseded or non-final component variant compared semantically; Local transport declarations, compressor/regex, watchdog/keepalive/platform, logging or superseded monolithic lifecycle; no additional verified protocol vocabulary or global validity rule; final endpoint or exact assertion is required before promotion
T0494	libqtdevices	e935c49636fc720adf0f59aba8876020acb8fdc8	openclient.h	87cb19425df0e7346ecf5fcab186d2e9ea3c32f5	4d514f3a60066b6b15ef6ea68abbef75d2718c2ac3c856585750190e2fbb4981	outside	e909cd567c3daead0ab81f9e8b03d632d1549e8f62a22b3bfff7e1bfbf132371	-	T0474	intermediate-component	excluded	-	Superseded or non-final component variant compared semantically; Local transport declarations, compressor/regex, watchdog/keepalive/platform, logging or superseded monolithic lifecycle; no additional verified protocol vocabulary or global validity rule; final endpoint or exact assertion is required before promotion
T0495	libqtdevices	7fe61e6d460111ff1f8715d09f234f310c951dc7	openclient.h	61b58cd45157e3cc3568354d9af95ff488124fa9	6bcaeab300d6e812d6afe3f096567f997d4f73079aeac85d837cd36ee8a06f99	outside	08dff8526aee8b644dbd9e5b31a4af9cbfd2c825ba1b59d60940e32abe69c331	-	T0494	intermediate-component	excluded	-	Superseded or non-final component variant compared semantically; Local transport declarations, compressor/regex, watchdog/keepalive/platform, logging or superseded monolithic lifecycle; no additional verified protocol vocabulary or global validity rule; final endpoint or exact assertion is required before promotion
T0496	libqtdevices	906409d5fb88034a5ba75763f2b8b5de8c8f240c	openclient.h	20abdedeb91f6395499f0aa5e1f0db8d20a63671	b35898ca443f2a209438e5af53268c32a625111a4cf2a94bc342ab6c5fbe8201	outside	3eb450295dfa6f5a7abab242df31e597c48ee1f44aef5d9a947d8c6c9da3ca97	-	T0495	intermediate-component	excluded	-	Superseded or non-final component variant compared semantically; Local transport declarations, compressor/regex, watchdog/keepalive/platform, logging or superseded monolithic lifecycle; no additional verified protocol vocabulary or global validity rule; final endpoint or exact assertion is required before promotion
T0497	libqtdevices	ea7049fcc79519fd2790c68454990a74286e096c	openclient.h	c585d783da884e93cd9b1a3f04d72cb2cc8a8c84	ac309b65690fe66341e2ac9b763634fd31ad4a5c87aef9b95f0f56c5269025c4	outside	1fd35a4d36b2ce9cef912d8b7f55881d81c3cbc6cef0253bda18c8cde2cea33b	-	T0496	intermediate-component	excluded	-	Superseded or non-final component variant compared semantically; Local transport declarations, compressor/regex, watchdog/keepalive/platform, logging or superseded monolithic lifecycle; no additional verified protocol vocabulary or global validity rule; final endpoint or exact assertion is required before promotion
T0498	libqtdevices	bcfe736711cf7f20e48581d7a724031021576878	openclient.h	3d74f22cc8b237003da407ccd4cbc8f6f08aabbd	38e220caf0cdcb15872bd4a09530edc9e83f22f28ed339d8af43be93f9f382d3	outside	604b9e0125f3e0208f74bf14c2b247596d24de479d05ea8231a6002b706e458f	-	T0497	intermediate-component	excluded	-	Superseded or non-final component variant compared semantically; Local transport declarations, compressor/regex, watchdog/keepalive/platform, logging or superseded monolithic lifecycle; no additional verified protocol vocabulary or global validity rule; final endpoint or exact assertion is required before promotion
T0499	libqtdevices	42e5e2432f3b8e6d5884a575e98fab172a793428	openclient.h	2ab26237decaa6a2ae1361d0c94075246db0cb1f	72422af00167f52feda719c366a6bdb09c85e6f7cd5b289d161f9f834354dda0	outside	f1f5acc30b7150a7b783ebf7cdd402481dfafbed658fdc4557aaf6b29847bf98	-	T0498	intermediate-component	excluded	-	Superseded or non-final component variant compared semantically; Local transport declarations, compressor/regex, watchdog/keepalive/platform, logging or superseded monolithic lifecycle; no additional verified protocol vocabulary or global validity rule; final endpoint or exact assertion is required before promotion
T0500	MyHomeSystemEmulator	e89f8ebe242adcfc160aef5b48b44f07abd79017	bt_own_GTW_PGIN/tcpserver.cpp	36f3759ea24fbffe770a589b3d307aaad6eccf15	e36c460abb0a929adb7e4a93ea97d9e9e4f80c88daedd3137119b3b99373e1be	TcpServer::TcpServer	f67a330c8960961ad6a1f275e1aeaa9acf792403b1234f7b52149fe8738ebd5c	-	-	pinned-component	excluded	-	Simulator socket lifecycle, event registration, TCP bind/write and local defaults; no additional physical gateway/session guarantee
T0501	MyHomeSystemEmulator	e89f8ebe242adcfc160aef5b48b44f07abd79017	bt_own_GTW_PGIN/tcpserver.cpp	36f3759ea24fbffe770a589b3d307aaad6eccf15	e36c460abb0a929adb7e4a93ea97d9e9e4f80c88daedd3137119b3b99373e1be	TcpServer::~TcpServer	f7608e3e9bd2298f927167a137ea60991ddd9ebd31872ad243c90f794cdd7ce9	-	-	pinned-component	excluded	-	Simulator socket lifecycle, event registration, TCP bind/write and local defaults; no additional physical gateway/session guarantee
T0502	MyHomeSystemEmulator	e89f8ebe242adcfc160aef5b48b44f07abd79017	bt_own_GTW_PGIN/tcpserver.cpp	36f3759ea24fbffe770a589b3d307aaad6eccf15	e36c460abb0a929adb7e4a93ea97d9e9e4f80c88daedd3137119b3b99373e1be	TcpServer::init	48eac05e5c6517e06fba1972c2121f69d3a8de8e4e740877d8573dc05a0785e6	-	-	pinned-component	excluded	-	Simulator socket lifecycle, event registration, TCP bind/write and local defaults; no additional physical gateway/session guarantee
T0503	MyHomeSystemEmulator	e89f8ebe242adcfc160aef5b48b44f07abd79017	bt_own_GTW_PGIN/tcpserver.cpp	36f3759ea24fbffe770a589b3d307aaad6eccf15	e36c460abb0a929adb7e4a93ea97d9e9e4f80c88daedd3137119b3b99373e1be	TcpServer::acceptConnection	62b6a15088bb58cf3a5cf1d320a6d6279a04c8330892e6357be2ec1fed1eb732	-	-	pinned-component	incorporated	protocol/stream-parsing.md	Accepted sockets connect readyRead to startRead: shared partial buffer and first-functional-frame return lose already-read tail; unused cmdRead is not active server behavior
T0504	MyHomeSystemEmulator	e89f8ebe242adcfc160aef5b48b44f07abd79017	bt_own_GTW_PGIN/tcpserver.cpp	36f3759ea24fbffe770a589b3d307aaad6eccf15	e36c460abb0a929adb7e4a93ea97d9e9e4f80c88daedd3137119b3b99373e1be	TcpServer::startRead	1d028a85b0fcb8280747c41cc2a407884553bd444765247891461b4610638eca	-	-	pinned-component	incorporated	protocol/stream-parsing.md	Accepted sockets connect readyRead to startRead: shared partial buffer and first-functional-frame return lose already-read tail; unused cmdRead is not active server behavior
T0505	MyHomeSystemEmulator	e89f8ebe242adcfc160aef5b48b44f07abd79017	bt_own_GTW_PGIN/tcpserver.cpp	36f3759ea24fbffe770a589b3d307aaad6eccf15	e36c460abb0a929adb7e4a93ea97d9e9e4f80c88daedd3137119b3b99373e1be	TcpServer::clientDisconnected	f66c370a53fc3552fb20a4204e3cbc68513a88be076e9b7d2bd1693786d0ce1a	-	-	pinned-component	excluded	-	Simulator socket lifecycle, event registration, TCP bind/write and local defaults; no additional physical gateway/session guarantee
T0506	MyHomeSystemEmulator	e89f8ebe242adcfc160aef5b48b44f07abd79017	bt_own_GTW_PGIN/tcpserver.cpp	36f3759ea24fbffe770a589b3d307aaad6eccf15	e36c460abb0a929adb7e4a93ea97d9e9e4f80c88daedd3137119b3b99373e1be	TcpServer::cmdRead	a3e045829a65c964db5ffbe780fc1fc4c99ce868f8597e35defe7af80ff34edf	-	-	pinned-component	excluded	-	Alternate read method is not connected by acceptConnection; its loop/selector condition cannot establish active parser behavior
T0507	MyHomeSystemEmulator	e89f8ebe242adcfc160aef5b48b44f07abd79017	bt_own_GTW_PGIN/tcpserver.cpp	36f3759ea24fbffe770a589b3d307aaad6eccf15	e36c460abb0a929adb7e4a93ea97d9e9e4f80c88daedd3137119b3b99373e1be	TcpServer::write	473c28c1d5e961ceaced8dafca567cbe6ccaf84ba293242bb5b227cda8e0f3e6	-	-	pinned-component	excluded	-	Simulator socket lifecycle, event registration, TCP bind/write and local defaults; no additional physical gateway/session guarantee
T0508	MyHomeSystemEmulator	e89f8ebe242adcfc160aef5b48b44f07abd79017	bt_own_GTW_PGIN/tcpserver.cpp	36f3759ea24fbffe770a589b3d307aaad6eccf15	e36c460abb0a929adb7e4a93ea97d9e9e4f80c88daedd3137119b3b99373e1be	TcpServer::write	486399ee0d2ba7cdbb35061045b63d7e448f28ec321016020f763813d1d71171	-	T0507	pinned-component	excluded	-	Simulator socket lifecycle, event registration, TCP bind/write and local defaults; no additional physical gateway/session guarantee
T0509	MyHomeSystemEmulator	e89f8ebe242adcfc160aef5b48b44f07abd79017	bt_own_GTW_PGIN/tcpserver.cpp	36f3759ea24fbffe770a589b3d307aaad6eccf15	e36c460abb0a929adb7e4a93ea97d9e9e4f80c88daedd3137119b3b99373e1be	outside	eff430c316217b477f66ec75637680b36eb5b5bd6e7405f9adc100470ff1ff01	-	-	pinned-component	excluded	-	Simulator socket lifecycle, event registration, TCP bind/write and local defaults; no additional physical gateway/session guarantee
T0510	MyHomeSystemEmulator	e89f8ebe242adcfc160aef5b48b44f07abd79017	bt_own_GTW_PGIN/tcpserver.h	731deffc13208ee17cb1b361b8a3a986608fc330	65cb98d2705411cdb49c07f11ea795158d8e859842d0259cb6f3df55b276cbde	outside	f544400af7bdf56061eb6366e56a7bf5045a2494ac4404b06f9d4ee0f66e61d4	-	-	pinned-component	excluded	-	Simulator socket lifecycle, event registration, TCP bind/write and local defaults; no additional physical gateway/session guarantee
T0511	MyHomeSystemEmulator	e89f8ebe242adcfc160aef5b48b44f07abd79017	libplant/openmsg.cpp	76a43d7ec179fee7915f42f5add74e7d149e53d7	9e5ac6853d81133ce87271e167722c9418d71024344ab6ccb1c3ab0ff60cebc5	OpenMsg::OpenMsg	f869a3fe2448e9f8282214b9b635722578656d4820b97dcb54b08887e3fdeee6	-	-	pinned-component	corroborates	protocol/stream-parsing.md	Emulator-only parser/serializer: skip-empty split and nonzero numeric tag reject WHO 0 and shift empty fields; permissive malformed input, diagnostics naming and append serialization are not grammar
T0512	MyHomeSystemEmulator	e89f8ebe242adcfc160aef5b48b44f07abd79017	libplant/openmsg.cpp	76a43d7ec179fee7915f42f5add74e7d149e53d7	9e5ac6853d81133ce87271e167722c9418d71024344ab6ccb1c3ab0ff60cebc5	OpenMsg::parse	7729994fbbd2c6aea467571fbb765142fe7d2af5ad4eaa5096a87e5860e6b0d2	-	-	pinned-component	incorporated	protocol/stream-parsing.md	Emulator-only parser/serializer: skip-empty split and nonzero numeric tag reject WHO 0 and shift empty fields; permissive malformed input, diagnostics naming and append serialization are not grammar
T0513	MyHomeSystemEmulator	e89f8ebe242adcfc160aef5b48b44f07abd79017	libplant/openmsg.cpp	76a43d7ec179fee7915f42f5add74e7d149e53d7	9e5ac6853d81133ce87271e167722c9418d71024344ab6ccb1c3ab0ff60cebc5	OpenMsg::parse	bf422f099b60cb6f0af8ca664b6494fb1e62eca61a49bcd3b2751570acdda108	-	T0512	pinned-component	incorporated	protocol/stream-parsing.md	Emulator-only parser/serializer: skip-empty split and nonzero numeric tag reject WHO 0 and shift empty fields; permissive malformed input, diagnostics naming and append serialization are not grammar
T0514	MyHomeSystemEmulator	e89f8ebe242adcfc160aef5b48b44f07abd79017	libplant/openmsg.cpp	76a43d7ec179fee7915f42f5add74e7d149e53d7	9e5ac6853d81133ce87271e167722c9418d71024344ab6ccb1c3ab0ff60cebc5	OpenMsg::getFrameType	e605fc0d32ef59567c042b8593a94685f9cc83917cea90e6793c51b397f6e3e7	-	-	pinned-component	incorporated	protocol/stream-parsing.md	Emulator-only parser/serializer: skip-empty split and nonzero numeric tag reject WHO 0 and shift empty fields; permissive malformed input, diagnostics naming and append serialization are not grammar
T0515	MyHomeSystemEmulator	e89f8ebe242adcfc160aef5b48b44f07abd79017	libplant/openmsg.cpp	76a43d7ec179fee7915f42f5add74e7d149e53d7	9e5ac6853d81133ce87271e167722c9418d71024344ab6ccb1c3ab0ff60cebc5	outside	885ec4f8a63665f22797e7ca8862345ca58d63ed3379d94db5ea41859dce82fe	-	-	pinned-component	corroborates	protocol/stream-parsing.md	Emulator-only parser/serializer: skip-empty split and nonzero numeric tag reject WHO 0 and shift empty fields; permissive malformed input, diagnostics naming and append serialization are not grammar
T0516	MyHomeSystemEmulator	e89f8ebe242adcfc160aef5b48b44f07abd79017	libplant/openmsg.h	016cc5ea63e30ba750a6950e7f663430b8cdf87b	6d0d8c3721148d08d4403b3b540083e8745eec23078f4b4957080e349ecd2e12	outside	f2c2719d9ce7c8c2d146981aaca1ed716e713352075a4b3f4749cf1897669437	-	-	pinned-component	corroborates	protocol/stream-parsing.md	Emulator-only parser/serializer: skip-empty split and nonzero numeric tag reject WHO 0 and shift empty fields; permissive malformed input, diagnostics naming and append serialization are not grammar
T0517	MyHomeSystemEmulator	e89f8ebe242adcfc160aef5b48b44f07abd79017	libplant/openmsgcommand.cpp	2079fa30b56239dc111b3a63a0cd6c7f10a61553	a0434c4f43f7b4c3832bcc022546b522234a3c7b98c82ef73fa2ae705996ea86	OpenMsgCommand::OpenMsgCommand	3db6623f13a26f9d0d2c4fede847c36bf4f2ae6172ee125a92d7bb0061bf441d	-	-	pinned-component	corroborates	protocol/stream-parsing.md	Emulator-only parser/serializer: skip-empty split and nonzero numeric tag reject WHO 0 and shift empty fields; permissive malformed input, diagnostics naming and append serialization are not grammar
T0518	MyHomeSystemEmulator	e89f8ebe242adcfc160aef5b48b44f07abd79017	libplant/openmsgcommand.cpp	2079fa30b56239dc111b3a63a0cd6c7f10a61553	a0434c4f43f7b4c3832bcc022546b522234a3c7b98c82ef73fa2ae705996ea86	OpenMsgCommand::parse	8c0017ff0e3f90ba081235d839cc1af19dba0811d998bdc9195f30fa6bd02e1e	-	-	pinned-component	incorporated	protocol/stream-parsing.md	Emulator-only parser/serializer: skip-empty split and nonzero numeric tag reject WHO 0 and shift empty fields; permissive malformed input, diagnostics naming and append serialization are not grammar
T0519	MyHomeSystemEmulator	e89f8ebe242adcfc160aef5b48b44f07abd79017	libplant/openmsgcommand.cpp	2079fa30b56239dc111b3a63a0cd6c7f10a61553	a0434c4f43f7b4c3832bcc022546b522234a3c7b98c82ef73fa2ae705996ea86	OpenMsgCommand::parse	4847e60605390c9b95667619d4b3e4c0b4952e62642096fe6d1816b277ff477d	-	T0518	pinned-component	incorporated	protocol/stream-parsing.md	Emulator-only parser/serializer: skip-empty split and nonzero numeric tag reject WHO 0 and shift empty fields; permissive malformed input, diagnostics naming and append serialization are not grammar
T0520	MyHomeSystemEmulator	e89f8ebe242adcfc160aef5b48b44f07abd79017	libplant/openmsgcommand.cpp	2079fa30b56239dc111b3a63a0cd6c7f10a61553	a0434c4f43f7b4c3832bcc022546b522234a3c7b98c82ef73fa2ae705996ea86	outside	bb8f7dc52cede66bc4d5c68ec018573a5591a8ec9129257a660553f21ea4a61b	-	-	pinned-component	corroborates	protocol/stream-parsing.md	Emulator-only parser/serializer: skip-empty split and nonzero numeric tag reject WHO 0 and shift empty fields; permissive malformed input, diagnostics naming and append serialization are not grammar
T0521	MyHomeSystemEmulator	e89f8ebe242adcfc160aef5b48b44f07abd79017	libplant/openmsgcommand.h	cfe5683196b75e967ea1fe52487286d0cf68a05c	3e4c0d4a89605ffdf7898b16f032e026dc7e1520695895718532b29c0d85e3a1	outside	3a4ea5db10721367aa38a5e9a78be8dc2db11c11e81ecd2ffbad77444663b7fb	-	-	pinned-component	corroborates	protocol/stream-parsing.md	Emulator-only parser/serializer: skip-empty split and nonzero numeric tag reject WHO 0 and shift empty fields; permissive malformed input, diagnostics naming and append serialization are not grammar
T0522	MyHomeSystemEmulator	e89f8ebe242adcfc160aef5b48b44f07abd79017	libplant/openmsgdiagnostics.cpp	8ff2d9e908feefbe13996f485070d6e757ac5993	d16dc9cf9bba4c500e9405c7133cf555fb5424b20f5dfa633eac064cbafc7560	OpenMsgDiagnostics::OpenMsgDiagnostics	cd59e5dc03cd232bddaf8348f7f74c38c84742e58b80e29f3e4687fd21086c14	-	-	pinned-component	corroborates	protocol/stream-parsing.md	Emulator-only parser/serializer: skip-empty split and nonzero numeric tag reject WHO 0 and shift empty fields; permissive malformed input, diagnostics naming and append serialization are not grammar
T0523	MyHomeSystemEmulator	e89f8ebe242adcfc160aef5b48b44f07abd79017	libplant/openmsgdiagnostics.cpp	8ff2d9e908feefbe13996f485070d6e757ac5993	d16dc9cf9bba4c500e9405c7133cf555fb5424b20f5dfa633eac064cbafc7560	OpenMsgDiagnostics::parse	0638d5a71fe048485f7dcc919900861354d6e28d6982590d174b908715402629	-	-	pinned-component	incorporated	protocol/stream-parsing.md	Emulator-only parser/serializer: skip-empty split and nonzero numeric tag reject WHO 0 and shift empty fields; permissive malformed input, diagnostics naming and append serialization are not grammar
T0524	MyHomeSystemEmulator	e89f8ebe242adcfc160aef5b48b44f07abd79017	libplant/openmsgdiagnostics.cpp	8ff2d9e908feefbe13996f485070d6e757ac5993	d16dc9cf9bba4c500e9405c7133cf555fb5424b20f5dfa633eac064cbafc7560	OpenMsgDiagnostics::parse	0be4e858c64d54134524c3e93cdc641c6fa3503c20bca37b1f1d0e3faa02d461	-	T0523	pinned-component	incorporated	protocol/stream-parsing.md	Emulator-only parser/serializer: skip-empty split and nonzero numeric tag reject WHO 0 and shift empty fields; permissive malformed input, diagnostics naming and append serialization are not grammar
T0525	MyHomeSystemEmulator	e89f8ebe242adcfc160aef5b48b44f07abd79017	libplant/openmsgdiagnostics.cpp	8ff2d9e908feefbe13996f485070d6e757ac5993	d16dc9cf9bba4c500e9405c7133cf555fb5424b20f5dfa633eac064cbafc7560	outside	bce83e063dc61fa84e130d40f1dcd5c3439ba30ee58efc3b28675d7ea7aff3b7	-	-	pinned-component	corroborates	protocol/stream-parsing.md	Emulator-only parser/serializer: skip-empty split and nonzero numeric tag reject WHO 0 and shift empty fields; permissive malformed input, diagnostics naming and append serialization are not grammar
T0526	MyHomeSystemEmulator	e89f8ebe242adcfc160aef5b48b44f07abd79017	libplant/openmsgdiagnostics.h	4793d233b67fa41dd060fd3b7c1b895e569aa560	c05b530c2d7fb01e3f09297561fe9db97a9fc5e47bad08b5d741394310791d95	outside	8705f3d361592ad7541c130fbb52a20f409efc5daef5a239dd19f2ed76d097cd	-	-	pinned-component	corroborates	protocol/stream-parsing.md	Emulator-only parser/serializer: skip-empty split and nonzero numeric tag reject WHO 0 and shift empty fields; permissive malformed input, diagnostics naming and append serialization are not grammar
T0527	MyHomeSystemEmulator	5b8a80c79d7a98f8d5bd0303eb7174233d48b1c4	bt_own_GTW_PGIN/tcpserver.cpp	0c25d4ffcc337d1495405f171ddf554218781293	c1409e1d35f483aa8e32ad2e27f981756857355d03adda027d65c03fe5bf8170	TcpServer::write	8cf3df4e9832df52ebb3cb5c6b966f809470323e23abb36bde4981919f43e77d	-	T0507	intermediate-component	excluded	-	Superseded or non-final component variant compared semantically; Simulator socket lifecycle, event registration, TCP bind/write and local defaults; no additional physical gateway/session guarantee; final endpoint or exact assertion is required before promotion
T0528	libqtdevices	20b67275c780d5d0d4643ef446eabe6ad28877e5	devices/pulldevice.cpp	81299419228bfb526df6d4f680879daf3fc22efb	02a994076525bfd44da307f98e606a71cc95a3f702f2a3a313a8fc130426cccb	splitWhere	96216e42d066bbdafed97ff5ae837bdd58f1602d3f623d3b66c2c257176395c1	-	-	pinned-component	corroborates	protocol/addressing.md	Address matcher: raw equality first, incoming-only #3 normalization for collective matching, exact level strings and scoped environment/group behavior; earlier broad environment/pull-mode variants superseded
T0529	libqtdevices	4ef68d0389449cb2e35eca1186eb9611015ad3d6	devices/pulldevice.cpp	4eceea492014e39d543126c3f18051adf37fcd65	55d2d4247fdf952662bd539a885910fe0a50cd33a66f1710573f52d857ac59bf	splitWhere	21ad750ee1fe96cacc121931983c2491aab4d35f314d9e34bc1626bc7781ffee	-	T0528	intermediate-component	excluded	protocol/addressing.md	Superseded or non-final component variant compared semantically; Address matcher: raw equality first, incoming-only #3 normalization for collective matching, exact level strings and scoped environment/group behavior; earlier broad environment/pull-mode variants superseded; final endpoint or exact assertion is required before promotion
T0530	libqtdevices	f2e1741540471f633bc29f21cc10f6d3430f2a1e	device.cpp	f9c6d7004970f640c616231e1e10ee879e5e4868	218fef6590b678bec293119c09d8661117b8c051d7de2268ca3f28d90c6bd915	splitWhere	21ad750ee1fe96cacc121931983c2491aab4d35f314d9e34bc1626bc7781ffee	-	T0529	intermediate-component	excluded	protocol/addressing.md	Superseded or non-final component variant compared semantically; Address matcher: raw equality first, incoming-only #3 normalization for collective matching, exact level strings and scoped environment/group behavior; earlier broad environment/pull-mode variants superseded; final endpoint or exact assertion is required before promotion
T0531	libqtdevices	f2e1741540471f633bc29f21cc10f6d3430f2a1e	device.cpp	f9c6d7004970f640c616231e1e10ee879e5e4868	218fef6590b678bec293119c09d8661117b8c051d7de2268ca3f28d90c6bd915	getEnvironment	89adddc0b5df1ff5d76c9390ed944dc97c69fa71e52acd74f29ff8ce39954b01	Q_ASSERT_X[1]:c45efc39a53b7b8673fb181fcdebe9dea68b1dbe7a1d8797de008358f67ced2d	T0007	intermediate-component	excluded	protocol/addressing.md	Superseded or non-final component variant compared semantically; Address matcher: raw equality first, incoming-only #3 normalization for collective matching, exact level strings and scoped environment/group behavior; earlier broad environment/pull-mode variants superseded; final endpoint or exact assertion is required before promotion
T0532	libqtdevices	f2e1741540471f633bc29f21cc10f6d3430f2a1e	device.cpp	f9c6d7004970f640c616231e1e10ee879e5e4868	218fef6590b678bec293119c09d8661117b8c051d7de2268ca3f28d90c6bd915	checkAddressIsForMe	2ae6112dfa8419219b61e8545beadc34b9428c8873018956856e47ea6a2d46b9	-	T0322	intermediate-component	excluded	protocol/addressing.md	Superseded or non-final component variant compared semantically; Address matcher: raw equality first, incoming-only #3 normalization for collective matching, exact level strings and scoped environment/group behavior; earlier broad environment/pull-mode variants superseded; final endpoint or exact assertion is required before promotion
T0533	libqtdevices	f2e1741540471f633bc29f21cc10f6d3430f2a1e	device.h	1cc79b0e64a1cbbcc5c19e09027907dafce8e990	563d047dedf05b7044279d2a549717d94f506f7ca028b831935ab7bcace4403a	address-declarations	7f7c77b1b0812d8d1e7299ee5e523df8e733dc28af767c9c51a7653fc64e4913	-	-	intermediate-component	excluded	protocol/addressing.md	Superseded or non-final component variant compared semantically; Address matcher: raw equality first, incoming-only #3 normalization for collective matching, exact level strings and scoped environment/group behavior; earlier broad environment/pull-mode variants superseded; final endpoint or exact assertion is required before promotion
T0534	libqtdevices	425d81373301c1970c1efcf83ae6c64ee76a9c8e	device.cpp	6e20fe6f5762863e7f0607870354457b45b2c26a	3375ffecbe8c44451e322fbd300bcb19adf39eba90eefab6e9265d906d8be6f1	checkAddressIsForMe	4cfe07b1793dd4ec3a5cf386b86b6c2401c58b76f0b6b02029e2df36b7c985ee	-	T0322	intermediate-component	excluded	protocol/addressing.md	Superseded or non-final component variant compared semantically; Address matcher: raw equality first, incoming-only #3 normalization for collective matching, exact level strings and scoped environment/group behavior; earlier broad environment/pull-mode variants superseded; final endpoint or exact assertion is required before promotion
T0535	libqtdevices	425d81373301c1970c1efcf83ae6c64ee76a9c8e	device.h	f142ae806ce1e6995b21863e9c5a9865ebd27601	ff5911d49413c00b6c2dfd1d4b17abce3efca2b8b60aaf4213552bb0d064d65b	address-declarations	3de1284efbbd83ac98d941b979f70e234abe5b069b52238583a5d013ac60108b	-	T0533	intermediate-component	excluded	protocol/addressing.md	Superseded or non-final component variant compared semantically; Address matcher: raw equality first, incoming-only #3 normalization for collective matching, exact level strings and scoped environment/group behavior; earlier broad environment/pull-mode variants superseded; final endpoint or exact assertion is required before promotion
T0536	libqtdevices	8269e4f39c3d754022a58987182e47747760a85b	device.cpp	f7239cbb82c9bd3026762dc228314b94b8ea1a78	a674a936ebc1c74b1cab2d19bd400c6b455d05b49ad0590d34903e8b5e8de936	checkAddressIsForMe	69490fa491ad0eafb41b8191bb3a6153493b558fb7e063daef609dd72a1e8c43	-	T0534	intermediate-component	excluded	protocol/addressing.md	Superseded or non-final component variant compared semantically; Address matcher: raw equality first, incoming-only #3 normalization for collective matching, exact level strings and scoped environment/group behavior; earlier broad environment/pull-mode variants superseded; final endpoint or exact assertion is required before promotion
T0537	libqtdevices	bb0f9fbd79fae8ef65350165970ac5138e2863a0	device.cpp	1350204846da04d98a9ed1cd70a53cd521086a65	ad4f71fb7ecd58c616ec974cd224c6048fd4eb2bbce6b468571b878706de71bf	checkAddressIsForMe	a5d7c66bf6b712e6b09646be31f35cbc57438141208802d31fe5260f58e36413	-	T0536	intermediate-component	excluded	protocol/addressing.md	Superseded or non-final component variant compared semantically; Address matcher: raw equality first, incoming-only #3 normalization for collective matching, exact level strings and scoped environment/group behavior; earlier broad environment/pull-mode variants superseded; final endpoint or exact assertion is required before promotion
T0538	libqtdevices	fef9c5175aab6797839efe2d061d6b115fd36d1c	generic_functions.cpp	c4a0807cf638cd62d276cef73f41c37b1306b3b5	bac9fc2328dd6333e40a3e66480d2d4214a951389fd0368c838c2e7b166eb6a0	splitWhere	21ad750ee1fe96cacc121931983c2491aab4d35f314d9e34bc1626bc7781ffee	-	T0529	intermediate-component	excluded	protocol/addressing.md	Superseded or non-final component variant compared semantically; Address matcher: raw equality first, incoming-only #3 normalization for collective matching, exact level strings and scoped environment/group behavior; earlier broad environment/pull-mode variants superseded; final endpoint or exact assertion is required before promotion
T0539	libqtdevices	fef9c5175aab6797839efe2d061d6b115fd36d1c	generic_functions.cpp	c4a0807cf638cd62d276cef73f41c37b1306b3b5	bac9fc2328dd6333e40a3e66480d2d4214a951389fd0368c838c2e7b166eb6a0	getEnvironment	89adddc0b5df1ff5d76c9390ed944dc97c69fa71e52acd74f29ff8ce39954b01	Q_ASSERT_X[1]:c45efc39a53b7b8673fb181fcdebe9dea68b1dbe7a1d8797de008358f67ced2d	T0007	intermediate-component	excluded	protocol/addressing.md	Superseded or non-final component variant compared semantically; Address matcher: raw equality first, incoming-only #3 normalization for collective matching, exact level strings and scoped environment/group behavior; earlier broad environment/pull-mode variants superseded; final endpoint or exact assertion is required before promotion
T0540	libqtdevices	fef9c5175aab6797839efe2d061d6b115fd36d1c	generic_functions.cpp	c4a0807cf638cd62d276cef73f41c37b1306b3b5	bac9fc2328dd6333e40a3e66480d2d4214a951389fd0368c838c2e7b166eb6a0	checkAddressIsForMe	69490fa491ad0eafb41b8191bb3a6153493b558fb7e063daef609dd72a1e8c43	-	T0536	intermediate-component	excluded	protocol/addressing.md	Superseded or non-final component variant compared semantically; Address matcher: raw equality first, incoming-only #3 normalization for collective matching, exact level strings and scoped environment/group behavior; earlier broad environment/pull-mode variants superseded; final endpoint or exact assertion is required before promotion
T0541	libqtdevices	fef9c5175aab6797839efe2d061d6b115fd36d1c	generic_functions.h	01cb27329da87a3b94518dded000e44b9c9d1bd0	7383fde558afecbfe96a359cadc9fe9dee55cd8f3b6af38352779a349233fb6c	address-declarations	3de1284efbbd83ac98d941b979f70e234abe5b069b52238583a5d013ac60108b	-	T0535	intermediate-component	excluded	protocol/addressing.md	Superseded or non-final component variant compared semantically; Address matcher: raw equality first, incoming-only #3 normalization for collective matching, exact level strings and scoped environment/group behavior; earlier broad environment/pull-mode variants superseded; final endpoint or exact assertion is required before promotion
T0542	libqtdevices	9988b7d72e71d8008f9ae2ddc8e8f5968662b457	generic_functions.cpp	e89a72d6da3bd1225779abf6190dae1926ad80b4	15e7c4314704498c46c522c31174455f07a5b7358687a5a8c07d00810b72ca49	checkAddressIsForMe	d89e08e3784ef2e7f3279031bc392bb75235939365af811ff89086347d1787c7	-	T0536	intermediate-component	excluded	protocol/addressing.md	Superseded or non-final component variant compared semantically; Address matcher: raw equality first, incoming-only #3 normalization for collective matching, exact level strings and scoped environment/group behavior; earlier broad environment/pull-mode variants superseded; final endpoint or exact assertion is required before promotion
T0543	libqtdevices	9988b7d72e71d8008f9ae2ddc8e8f5968662b457	generic_functions.h	e65874e3da95ae51987079c5a48a77edda13f4d9	1ef9d42dece88fcc4659f00563e1486c9304d7f5a27ea0fcad163a58f40b1c53	address-declarations	5504f653b4f1ce84bc096609f29d80f12c9fbd97fb3d73f94e95482a301f9538	-	T0533	intermediate-component	excluded	protocol/addressing.md	Superseded or non-final component variant compared semantically; Address matcher: raw equality first, incoming-only #3 normalization for collective matching, exact level strings and scoped environment/group behavior; earlier broad environment/pull-mode variants superseded; final endpoint or exact assertion is required before promotion
T0544	libqtdevices	3c0c4ff479187d759a9f1f89fcb1ee0cbb8c1fb8	generic_functions.cpp	929226efc3f7eddaf2d854745b2a2528e590baba	ed1cd89950f2686431763b881d4e742dec251142c0cf1ae64bf54e53736ec904	splitWhere	1e46f4f35f8ed297c2d3bcb34dae71dec4918e1c4c3c27876fa5e9794705c126	-	T0529	intermediate-component	excluded	protocol/addressing.md	Superseded or non-final component variant compared semantically; Address matcher: raw equality first, incoming-only #3 normalization for collective matching, exact level strings and scoped environment/group behavior; earlier broad environment/pull-mode variants superseded; final endpoint or exact assertion is required before promotion
T0545	libqtdevices	45866b5157ffaf6db180554db9376b37f882561e	generic_functions.cpp	5e87271ee6d9291e1bf45317c9df119c8d45447f	0e60f71dd3e6db77d4f37c64615cb68b541f1ff8ae1eab8dc84bad55f533d36a	getEnvironment	1f6c7f21677ba397541285374e7c45c41e1db89c599669b19f0f9f28cfd5263c	Q_ASSERT_X[1]:c45efc39a53b7b8673fb181fcdebe9dea68b1dbe7a1d8797de008358f67ced2d	T0007	intermediate-component	excluded	protocol/addressing.md	Superseded or non-final component variant compared semantically; Address matcher: raw equality first, incoming-only #3 normalization for collective matching, exact level strings and scoped environment/group behavior; earlier broad environment/pull-mode variants superseded; final endpoint or exact assertion is required before promotion
T0546	libqtdevices	861232617741bc50f62a6f2c184d4ea0e4b2cb00	generic_functions.cpp	e19ae49fcf1f3f2744424d16066aa845ed1c2e7f	7608a4c2a852061c6a8c7b78ea4c4f89b495c3468ecf650dc7912f7b3ec6a190	checkAddressIsForMe	391c24758e770ac672edc2cb7a467a4fde4bd373760f0f6819bb9b82a08dfa18	-	T0542	intermediate-component	excluded	protocol/addressing.md	Superseded or non-final component variant compared semantically; Address matcher: raw equality first, incoming-only #3 normalization for collective matching, exact level strings and scoped environment/group behavior; earlier broad environment/pull-mode variants superseded; final endpoint or exact assertion is required before promotion
T0547	MyHomeSystemEmulator	e89f8ebe242adcfc160aef5b48b44f07abd79017	bt_F422_DEV_PGIN/btf422_dev.cpp	0d8665bc9857910cb5ca5ecf90b72d0422b2bcbd	13fafa396f7ad245301b4eaa6b447df49e334a36c2efc1e99c8cc19714911c79	BtF422_dev::BtF422_dev	a37131d0cd57bb9d713b1e8422816cba1eec78a0f380734a165467e18b5f949e	-	-	pinned-component	excluded	-	F422 simulator plugin object construction, identifier persistence and event registration; product/configurator semantics already treated separately
T0548	MyHomeSystemEmulator	e89f8ebe242adcfc160aef5b48b44f07abd79017	bt_F422_DEV_PGIN/btf422_dev.cpp	0d8665bc9857910cb5ca5ecf90b72d0422b2bcbd	13fafa396f7ad245301b4eaa6b447df49e334a36c2efc1e99c8cc19714911c79	BtF422_dev::~BtF422_dev	49b0de9d4658817ee43cd2077dd5f011b1cac6503173e7800e8b6fa9a121b271	-	-	pinned-component	excluded	-	F422 simulator plugin object construction, identifier persistence and event registration; product/configurator semantics already treated separately
T0549	MyHomeSystemEmulator	e89f8ebe242adcfc160aef5b48b44f07abd79017	bt_F422_DEV_PGIN/btf422_dev.cpp	0d8665bc9857910cb5ca5ecf90b72d0422b2bcbd	13fafa396f7ad245301b4eaa6b447df49e334a36c2efc1e99c8cc19714911c79	BtF422_dev::setID	873bab92ad028e96616542c948a4a38c52ed184e817de2a69f90095dcc8d8f1d	-	-	pinned-component	excluded	-	F422 simulator plugin object construction, identifier persistence and event registration; product/configurator semantics already treated separately
T0550	MyHomeSystemEmulator	e89f8ebe242adcfc160aef5b48b44f07abd79017	bt_F422_DEV_PGIN/btf422_dev.cpp	0d8665bc9857910cb5ca5ecf90b72d0422b2bcbd	13fafa396f7ad245301b4eaa6b447df49e334a36c2efc1e99c8cc19714911c79	BtF422_dev::getID	6bb4da2885302404bf8fe931b95489494cbe57453f8c14b936942efbaf0d9eb0	-	-	pinned-component	excluded	-	F422 simulator plugin object construction, identifier persistence and event registration; product/configurator semantics already treated separately
T0551	MyHomeSystemEmulator	e89f8ebe242adcfc160aef5b48b44f07abd79017	bt_F422_DEV_PGIN/btf422_dev.cpp	0d8665bc9857910cb5ca5ecf90b72d0422b2bcbd	13fafa396f7ad245301b4eaa6b447df49e334a36c2efc1e99c8cc19714911c79	BtF422_dev::HandleMessage	859560ab50e67bf7f1faa6c4cbec2605f2c267f17bebb1a5386bb161378b6b74	-	-	pinned-component	excluded	-	F422 simulator plugin object construction, identifier persistence and event registration; product/configurator semantics already treated separately
T0552	MyHomeSystemEmulator	e89f8ebe242adcfc160aef5b48b44f07abd79017	bt_F422_DEV_PGIN/btf422_dev.cpp	0d8665bc9857910cb5ca5ecf90b72d0422b2bcbd	13fafa396f7ad245301b4eaa6b447df49e334a36c2efc1e99c8cc19714911c79	BtF422_dev::save	6843edf18472d1c61c3dbe6ad3b92386880367c674829b4dce785854752795d6	-	-	pinned-component	excluded	-	F422 simulator plugin object construction, identifier persistence and event registration; product/configurator semantics already treated separately
T0553	MyHomeSystemEmulator	e89f8ebe242adcfc160aef5b48b44f07abd79017	bt_F422_DEV_PGIN/btf422_dev.cpp	0d8665bc9857910cb5ca5ecf90b72d0422b2bcbd	13fafa396f7ad245301b4eaa6b447df49e334a36c2efc1e99c8cc19714911c79	BtF422_dev::setSuperior	b97d7cb060e5e74bb27ea4fd3cad5d4b415a8ecc96e7670ea92c8a27202346f3	-	-	pinned-component	excluded	-	F422 simulator plugin object construction, identifier persistence and event registration; product/configurator semantics already treated separately
T0554	MyHomeSystemEmulator	e89f8ebe242adcfc160aef5b48b44f07abd79017	bt_F422_DEV_PGIN/btf422_dev.cpp	0d8665bc9857910cb5ca5ecf90b72d0422b2bcbd	13fafa396f7ad245301b4eaa6b447df49e334a36c2efc1e99c8cc19714911c79	BtF422_dev::attachChild	8dadf0cde929c808718a2927624147aa5d10866f6235cfc72d702987b37bb38f	-	-	pinned-component	excluded	-	F422 simulator plugin object construction, identifier persistence and event registration; product/configurator semantics already treated separately
T0555	MyHomeSystemEmulator	e89f8ebe242adcfc160aef5b48b44f07abd79017	bt_F422_DEV_PGIN/btf422_dev.cpp	0d8665bc9857910cb5ca5ecf90b72d0422b2bcbd	13fafa396f7ad245301b4eaa6b447df49e334a36c2efc1e99c8cc19714911c79	BtF422_dev::executeCmd	43d678e362f80505120e712f859ae1b49d4be1dc23b84c2b8b8aa05315a0afca	-	-	pinned-component	excluded	-	F422 simulator plugin object construction, identifier persistence and event registration; product/configurator semantics already treated separately
T0556	MyHomeSystemEmulator	e89f8ebe242adcfc160aef5b48b44f07abd79017	bt_F422_DEV_PGIN/btf422_dev.cpp	0d8665bc9857910cb5ca5ecf90b72d0422b2bcbd	13fafa396f7ad245301b4eaa6b447df49e334a36c2efc1e99c8cc19714911c79	BtF422_dev::cancelCmd	2453ee80b0ab2c6614f939b2b0b52395debf704669c7201a6ca16f16305c8806	-	-	pinned-component	excluded	-	F422 simulator plugin object construction, identifier persistence and event registration; product/configurator semantics already treated separately
T0557	MyHomeSystemEmulator	e89f8ebe242adcfc160aef5b48b44f07abd79017	bt_F422_DEV_PGIN/btf422_dev.cpp	0d8665bc9857910cb5ca5ecf90b72d0422b2bcbd	13fafa396f7ad245301b4eaa6b447df49e334a36c2efc1e99c8cc19714911c79	BtF422_dev::registerEventHnd	de0264737b62e346416e1989747a9cc0d1dc35d1105b961de6112b343dc3aa0a	-	-	pinned-component	excluded	-	F422 simulator plugin object construction, identifier persistence and event registration; product/configurator semantics already treated separately
T0558	MyHomeSystemEmulator	e89f8ebe242adcfc160aef5b48b44f07abd79017	bt_F422_DEV_PGIN/btf422_dev.cpp	0d8665bc9857910cb5ca5ecf90b72d0422b2bcbd	13fafa396f7ad245301b4eaa6b447df49e334a36c2efc1e99c8cc19714911c79	BtF422_dev::unRegisterEventHnd	70764489e9d564ed0534ed78588c3792e026421ff642ac38a557388cca6b2d57	-	-	pinned-component	excluded	-	F422 simulator plugin object construction, identifier persistence and event registration; product/configurator semantics already treated separately
T0559	MyHomeSystemEmulator	e89f8ebe242adcfc160aef5b48b44f07abd79017	bt_F422_DEV_PGIN/btf422_dev.cpp	0d8665bc9857910cb5ca5ecf90b72d0422b2bcbd	13fafa396f7ad245301b4eaa6b447df49e334a36c2efc1e99c8cc19714911c79	BtF422_dev::ReceiveMessage	bef95f06e935fe9d6d573c5b557692f14f19b73509c49697f25294c588b1375a	-	-	pinned-component	corroborates	protocol/addressing.md	Simulator qualifier strip/append, general-target bypass, empty-group split and limited interface range already qualified; later short-list guard prevents crash, not physical routing evidence
T0560	MyHomeSystemEmulator	e89f8ebe242adcfc160aef5b48b44f07abd79017	bt_F422_DEV_PGIN/btf422_dev.cpp	0d8665bc9857910cb5ca5ecf90b72d0422b2bcbd	13fafa396f7ad245301b4eaa6b447df49e334a36c2efc1e99c8cc19714911c79	BtF422_dev::ReceiveMsgLocalBUS	42fff7f564e4172ec5ceba040ae73e14d146dc56080d1072053df3b5bc8d6e59	-	-	pinned-component	corroborates	protocol/addressing.md	Simulator qualifier strip/append, general-target bypass, empty-group split and limited interface range already qualified; later short-list guard prevents crash, not physical routing evidence
T0561	MyHomeSystemEmulator	e89f8ebe242adcfc160aef5b48b44f07abd79017	bt_F422_DEV_PGIN/btf422_dev.cpp	0d8665bc9857910cb5ca5ecf90b72d0422b2bcbd	13fafa396f7ad245301b4eaa6b447df49e334a36c2efc1e99c8cc19714911c79	outside	b7b2e8ca56509928bb91c698a461ddb96b0e43a2521dd80e7d3139c5b828b886	-	T0509	pinned-component	excluded	-	F422 simulator plugin object construction, identifier persistence and event registration; product/configurator semantics already treated separately
T0562	MyHomeSystemEmulator	e89f8ebe242adcfc160aef5b48b44f07abd79017	bt_F422_DEV_PGIN/btf422_dev.h	c3db2311cf96c63140cd069ccfefca6f8f28bf65	b195a0a9a15c68ae0d768e6195d8bacce089f14dbc1f53a14551e503149e49b6	outside	7fe71fa79c7bc46006bf844d1ffa83fc6016dfbda1d0dd2dd4b26ab253165ccc	-	T0516	pinned-component	excluded	-	F422 simulator plugin object construction, identifier persistence and event registration; product/configurator semantics already treated separately
T0563	MyHomeSystemEmulator	6c4324ee2556830d05116af73b61b896899a8c94	bt_F422_DEV_PGIN/btf422_dev.cpp	abfe71307131eca251c98f9d101b4030d47a19ae	0b98613ff75615f446d2f2f821a6b44af404ed2ecd283e70e0194729e2ba062f	BtF422_dev::ReceiveMessage	f0caabfc57e4f5fb4a8b24583ea680faf7ae81f67cb742218dc784e925d140db	-	T0559	intermediate-component	excluded	protocol/addressing.md	Superseded or non-final component variant compared semantically; Simulator qualifier strip/append, general-target bypass, empty-group split and limited interface range already qualified; later short-list guard prevents crash, not physical routing evidence; final endpoint or exact assertion is required before promotion
