repository	commit	parent_commit	path	before_blob	after_blob	before_sha256	after_sha256	before_components	after_components	disposition	review_basis
libqtdevices	a9254533e288a967ada22d0bd1e7719db7f15a0d	13147e7aa6be92f4e62fe457c83c0e067ed63cf4	devices/device_status.cpp	235f9a59b1720dbe9c1e80369a91a31ff198aec9	0000000000000000000000000000000000000000	fbe7175cd6f3b2ae35102450f97f38dc1370874aa528a3cc48df8e64fa4debf3	-	-	-	excluded	Thermal field/method comparison only; generic status file changes outside selected thermal components not full semantic review
libqtdevices	a9254533e288a967ada22d0bd1e7719db7f15a0d	13147e7aa6be92f4e62fe457c83c0e067ed63cf4	devices/device_status.h	e6bcd7fdae87332b65da6a68e6e3473e69769806	0000000000000000000000000000000000000000	f1f6bcc011e69b2e342b94f2205948d2c7f06ecc84abcb0cf89f420cc405dc88	-	-	-	excluded	Thermal field/method comparison only; generic status file changes outside selected thermal components not full semantic review
libqtdevices	3c71e1d47d77aa7cabd187e5ee4fe951c2ba4cc9	54b3edc77a6afbc98b4a624f23273288a27d37dd	devices/device_status.cpp	235f9a59b1720dbe9c1e80369a91a31ff198aec9	0000000000000000000000000000000000000000	fbe7175cd6f3b2ae35102450f97f38dc1370874aa528a3cc48df8e64fa4debf3	-	-	-	excluded	Thermal field/method comparison only; generic status file changes outside selected thermal components not full semantic review
libqtdevices	3c71e1d47d77aa7cabd187e5ee4fe951c2ba4cc9	54b3edc77a6afbc98b4a624f23273288a27d37dd	devices/device_status.h	e6bcd7fdae87332b65da6a68e6e3473e69769806	0000000000000000000000000000000000000000	f1f6bcc011e69b2e342b94f2205948d2c7f06ecc84abcb0cf89f420cc405dc88	-	-	-	excluded	Thermal field/method comparison only; generic status file changes outside selected thermal components not full semantic review
libqtdevices	4bd15f2f24d0417966b3ec8b2e8174c5e463d899	184b6dcea5a3a1cb44e98f502fa23b6296430cda	devices/device_status.cpp	235f9a59b1720dbe9c1e80369a91a31ff198aec9	0000000000000000000000000000000000000000	fbe7175cd6f3b2ae35102450f97f38dc1370874aa528a3cc48df8e64fa4debf3	-	-	-	excluded	Thermal field/method comparison only; generic status file changes outside selected thermal components not full semantic review
libqtdevices	4bd15f2f24d0417966b3ec8b2e8174c5e463d899	184b6dcea5a3a1cb44e98f502fa23b6296430cda	devices/device_status.h	e6bcd7fdae87332b65da6a68e6e3473e69769806	0000000000000000000000000000000000000000	f1f6bcc011e69b2e342b94f2205948d2c7f06ecc84abcb0cf89f420cc405dc88	-	-	-	excluded	Thermal field/method comparison only; generic status file changes outside selected thermal components not full semantic review
libqtdevices	18d46f1cf6fe9ef1fc3b919b7e138cf62e7b79a1	c83a9e20d5b2b906c2985c52f3ccfb6711710455	devices/device_status.cpp	235f9a59b1720dbe9c1e80369a91a31ff198aec9	0000000000000000000000000000000000000000	fbe7175cd6f3b2ae35102450f97f38dc1370874aa528a3cc48df8e64fa4debf3	-	-	-	excluded	Thermal field/method comparison only; generic status file changes outside selected thermal components not full semantic review
libqtdevices	18d46f1cf6fe9ef1fc3b919b7e138cf62e7b79a1	c83a9e20d5b2b906c2985c52f3ccfb6711710455	devices/device_status.h	e6bcd7fdae87332b65da6a68e6e3473e69769806	0000000000000000000000000000000000000000	f1f6bcc011e69b2e342b94f2205948d2c7f06ecc84abcb0cf89f420cc405dc88	-	-	-	excluded	Thermal field/method comparison only; generic status file changes outside selected thermal components not full semantic review
libqtdevices	b3d7645b4b16a311d9c58a42c07e9564b84900a3	3e64783040d67134c7b160b9f04c47efeb606446	devices/device_status.cpp	235f9a59b1720dbe9c1e80369a91a31ff198aec9	0000000000000000000000000000000000000000	fbe7175cd6f3b2ae35102450f97f38dc1370874aa528a3cc48df8e64fa4debf3	-	-	-	excluded	Thermal field/method comparison only; generic status file changes outside selected thermal components not full semantic review
libqtdevices	b3d7645b4b16a311d9c58a42c07e9564b84900a3	3e64783040d67134c7b160b9f04c47efeb606446	devices/device_status.h	e6bcd7fdae87332b65da6a68e6e3473e69769806	0000000000000000000000000000000000000000	f1f6bcc011e69b2e342b94f2205948d2c7f06ecc84abcb0cf89f420cc405dc88	-	-	-	excluded	Thermal field/method comparison only; generic status file changes outside selected thermal components not full semantic review
libqtdevices	feae625c9ce18e62c8fb0f242567a622723bc799	933525accb0584cc0a02da6e197318ff7d245ee8	devices/device_status.cpp	235f9a59b1720dbe9c1e80369a91a31ff198aec9	0000000000000000000000000000000000000000	fbe7175cd6f3b2ae35102450f97f38dc1370874aa528a3cc48df8e64fa4debf3	-	-	-	excluded	Thermal field/method comparison only; generic status file changes outside selected thermal components not full semantic review
libqtdevices	feae625c9ce18e62c8fb0f242567a622723bc799	933525accb0584cc0a02da6e197318ff7d245ee8	devices/device_status.h	e6bcd7fdae87332b65da6a68e6e3473e69769806	0000000000000000000000000000000000000000	f1f6bcc011e69b2e342b94f2205948d2c7f06ecc84abcb0cf89f420cc405dc88	-	-	-	excluded	Thermal field/method comparison only; generic status file changes outside selected thermal components not full semantic review
libqtdevices	1913f0b2f5f3f8e1778cba1fd05657fa66bd6273	a13c592c67e9b332243f90ac2c2742658a436cee	devices/device_status.cpp	235f9a59b1720dbe9c1e80369a91a31ff198aec9	0000000000000000000000000000000000000000	fbe7175cd6f3b2ae35102450f97f38dc1370874aa528a3cc48df8e64fa4debf3	-	-	-	excluded	Thermal field/method comparison only; generic status file changes outside selected thermal components not full semantic review
libqtdevices	1913f0b2f5f3f8e1778cba1fd05657fa66bd6273	a13c592c67e9b332243f90ac2c2742658a436cee	devices/device_status.h	e6bcd7fdae87332b65da6a68e6e3473e69769806	0000000000000000000000000000000000000000	f1f6bcc011e69b2e342b94f2205948d2c7f06ecc84abcb0cf89f420cc405dc88	-	-	-	excluded	Thermal field/method comparison only; generic status file changes outside selected thermal components not full semantic review
libqtdevices	6d7ee01641d28966506b6bf3ad7be45a4a62c78f	c87033f36e580bf1d2537a23f59c2bce138f394e	devices/device_status.cpp	235f9a59b1720dbe9c1e80369a91a31ff198aec9	0000000000000000000000000000000000000000	fbe7175cd6f3b2ae35102450f97f38dc1370874aa528a3cc48df8e64fa4debf3	-	-	-	excluded	Thermal field/method comparison only; generic status file changes outside selected thermal components not full semantic review
libqtdevices	6d7ee01641d28966506b6bf3ad7be45a4a62c78f	c87033f36e580bf1d2537a23f59c2bce138f394e	devices/device_status.h	e6bcd7fdae87332b65da6a68e6e3473e69769806	0000000000000000000000000000000000000000	f1f6bcc011e69b2e342b94f2205948d2c7f06ecc84abcb0cf89f420cc405dc88	-	-	-	excluded	Thermal field/method comparison only; generic status file changes outside selected thermal components not full semantic review
libqtdevices	53fe1ee4ebe064865e7e678c0310d548bb6d654c	147e7be090a01e62a1fe76c507c18aa0ce35c95e	devices/device_status.cpp	235f9a59b1720dbe9c1e80369a91a31ff198aec9	0000000000000000000000000000000000000000	fbe7175cd6f3b2ae35102450f97f38dc1370874aa528a3cc48df8e64fa4debf3	-	-	-	excluded	Thermal field/method comparison only; generic status file changes outside selected thermal components not full semantic review
libqtdevices	53fe1ee4ebe064865e7e678c0310d548bb6d654c	147e7be090a01e62a1fe76c507c18aa0ce35c95e	devices/device_status.h	e6bcd7fdae87332b65da6a68e6e3473e69769806	0000000000000000000000000000000000000000	f1f6bcc011e69b2e342b94f2205948d2c7f06ecc84abcb0cf89f420cc405dc88	-	-	-	excluded	Thermal field/method comparison only; generic status file changes outside selected thermal components not full semantic review
libqtdevices	f667c9eb5e0c89d74a1c0c92c72ff915e0a917c2	02d8646bddb06fc6f17fdd4a0722d66206cbc4d6	devices/device_status.cpp	235f9a59b1720dbe9c1e80369a91a31ff198aec9	0000000000000000000000000000000000000000	fbe7175cd6f3b2ae35102450f97f38dc1370874aa528a3cc48df8e64fa4debf3	-	-	-	excluded	Thermal field/method comparison only; generic status file changes outside selected thermal components not full semantic review
libqtdevices	f667c9eb5e0c89d74a1c0c92c72ff915e0a917c2	02d8646bddb06fc6f17fdd4a0722d66206cbc4d6	devices/device_status.h	e6bcd7fdae87332b65da6a68e6e3473e69769806	0000000000000000000000000000000000000000	f1f6bcc011e69b2e342b94f2205948d2c7f06ecc84abcb0cf89f420cc405dc88	-	-	-	excluded	Thermal field/method comparison only; generic status file changes outside selected thermal components not full semantic review
libqtdevices	3b6a3bd02df085fddb5bf33055760b1cd35e8f43	f7128640969e67a8d8d8e276635edcf3f6b2fa4a	devices/device_status.cpp	235f9a59b1720dbe9c1e80369a91a31ff198aec9	0000000000000000000000000000000000000000	fbe7175cd6f3b2ae35102450f97f38dc1370874aa528a3cc48df8e64fa4debf3	-	-	-	excluded	Thermal field/method comparison only; generic status file changes outside selected thermal components not full semantic review
libqtdevices	3b6a3bd02df085fddb5bf33055760b1cd35e8f43	f7128640969e67a8d8d8e276635edcf3f6b2fa4a	devices/device_status.h	e6bcd7fdae87332b65da6a68e6e3473e69769806	0000000000000000000000000000000000000000	f1f6bcc011e69b2e342b94f2205948d2c7f06ecc84abcb0cf89f420cc405dc88	-	-	-	excluded	Thermal field/method comparison only; generic status file changes outside selected thermal components not full semantic review
libqtdevices	af0bf083d0d2c61839e376a232f2ff945b48577f	243c5c01ce26aa6e44065adc062e0498714f188c	devices/device_status.cpp	235f9a59b1720dbe9c1e80369a91a31ff198aec9	0000000000000000000000000000000000000000	fbe7175cd6f3b2ae35102450f97f38dc1370874aa528a3cc48df8e64fa4debf3	-	-	-	excluded	Thermal field/method comparison only; generic status file changes outside selected thermal components not full semantic review
libqtdevices	af0bf083d0d2c61839e376a232f2ff945b48577f	243c5c01ce26aa6e44065adc062e0498714f188c	devices/device_status.h	e6bcd7fdae87332b65da6a68e6e3473e69769806	0000000000000000000000000000000000000000	f1f6bcc011e69b2e342b94f2205948d2c7f06ecc84abcb0cf89f420cc405dc88	-	-	-	excluded	Thermal field/method comparison only; generic status file changes outside selected thermal components not full semantic review
libqtdevices	5c6138fddb10ab9b0e31c489f3bba8d1e0d1b374	7637ff13e458a2f4344ebe6be2fda18d1b1e5bc6	devices/device_status.cpp	235f9a59b1720dbe9c1e80369a91a31ff198aec9	0000000000000000000000000000000000000000	fbe7175cd6f3b2ae35102450f97f38dc1370874aa528a3cc48df8e64fa4debf3	-	-	-	excluded	Thermal field/method comparison only; generic status file changes outside selected thermal components not full semantic review
libqtdevices	5c6138fddb10ab9b0e31c489f3bba8d1e0d1b374	7637ff13e458a2f4344ebe6be2fda18d1b1e5bc6	devices/device_status.h	e6bcd7fdae87332b65da6a68e6e3473e69769806	0000000000000000000000000000000000000000	f1f6bcc011e69b2e342b94f2205948d2c7f06ecc84abcb0cf89f420cc405dc88	-	-	-	excluded	Thermal field/method comparison only; generic status file changes outside selected thermal components not full semantic review
libqtdevices	9c929bc7f1541ec917615467d6bb90d79f2f2433	ba3faab02649237b17c1d540f4d43132e81a0c30	devices/device_status.cpp	235f9a59b1720dbe9c1e80369a91a31ff198aec9	0000000000000000000000000000000000000000	fbe7175cd6f3b2ae35102450f97f38dc1370874aa528a3cc48df8e64fa4debf3	-	-	-	excluded	Thermal field/method comparison only; generic status file changes outside selected thermal components not full semantic review
libqtdevices	9c929bc7f1541ec917615467d6bb90d79f2f2433	ba3faab02649237b17c1d540f4d43132e81a0c30	devices/device_status.h	e6bcd7fdae87332b65da6a68e6e3473e69769806	0000000000000000000000000000000000000000	f1f6bcc011e69b2e342b94f2205948d2c7f06ecc84abcb0cf89f420cc405dc88	-	-	-	excluded	Thermal field/method comparison only; generic status file changes outside selected thermal components not full semantic review
libqtdevices	54e2b889fb737b83fb27656c5d8c227bc5245a7b	b14c7ba743306cfd8658550d2c6330b281e358be	devices/device_status.cpp	235f9a59b1720dbe9c1e80369a91a31ff198aec9	0000000000000000000000000000000000000000	fbe7175cd6f3b2ae35102450f97f38dc1370874aa528a3cc48df8e64fa4debf3	-	-	-	excluded	Thermal field/method comparison only; generic status file changes outside selected thermal components not full semantic review
libqtdevices	54e2b889fb737b83fb27656c5d8c227bc5245a7b	b14c7ba743306cfd8658550d2c6330b281e358be	devices/device_status.h	e6bcd7fdae87332b65da6a68e6e3473e69769806	0000000000000000000000000000000000000000	f1f6bcc011e69b2e342b94f2205948d2c7f06ecc84abcb0cf89f420cc405dc88	-	-	-	excluded	Thermal field/method comparison only; generic status file changes outside selected thermal components not full semantic review
libqtdevices	0f459572a24e6d78fa2e516ca10897dbbfa6022d	4ffe058dbdb79ef2e59064d8f04810de156471f4	devices/device_status.cpp	235f9a59b1720dbe9c1e80369a91a31ff198aec9	0000000000000000000000000000000000000000	fbe7175cd6f3b2ae35102450f97f38dc1370874aa528a3cc48df8e64fa4debf3	-	-	-	excluded	Thermal field/method comparison only; generic status file changes outside selected thermal components not full semantic review
libqtdevices	0f459572a24e6d78fa2e516ca10897dbbfa6022d	4ffe058dbdb79ef2e59064d8f04810de156471f4	devices/device_status.h	e6bcd7fdae87332b65da6a68e6e3473e69769806	0000000000000000000000000000000000000000	f1f6bcc011e69b2e342b94f2205948d2c7f06ecc84abcb0cf89f420cc405dc88	-	-	-	excluded	Thermal field/method comparison only; generic status file changes outside selected thermal components not full semantic review
libqtdevices	76ee3a04aceeab3122b204faa1c6c402988d93e3	5d00ec2b4c0874901ed8e35868ff866d3077f1da	devices/device_status.cpp	235f9a59b1720dbe9c1e80369a91a31ff198aec9	0000000000000000000000000000000000000000	fbe7175cd6f3b2ae35102450f97f38dc1370874aa528a3cc48df8e64fa4debf3	-	-	-	excluded	Thermal field/method comparison only; generic status file changes outside selected thermal components not full semantic review
libqtdevices	76ee3a04aceeab3122b204faa1c6c402988d93e3	5d00ec2b4c0874901ed8e35868ff866d3077f1da	devices/device_status.h	e6bcd7fdae87332b65da6a68e6e3473e69769806	0000000000000000000000000000000000000000	f1f6bcc011e69b2e342b94f2205948d2c7f06ecc84abcb0cf89f420cc405dc88	-	-	-	excluded	Thermal field/method comparison only; generic status file changes outside selected thermal components not full semantic review
libqtdevices	fd406cce6c69548fc0d92dbc683df4ee22a64183	ce67e3b1d5c3362543fe6f98560ee21a65834fa3	devices/device_status.cpp	235f9a59b1720dbe9c1e80369a91a31ff198aec9	0000000000000000000000000000000000000000	fbe7175cd6f3b2ae35102450f97f38dc1370874aa528a3cc48df8e64fa4debf3	-	-	-	excluded	Thermal field/method comparison only; generic status file changes outside selected thermal components not full semantic review
libqtdevices	fd406cce6c69548fc0d92dbc683df4ee22a64183	ce67e3b1d5c3362543fe6f98560ee21a65834fa3	devices/device_status.h	e6bcd7fdae87332b65da6a68e6e3473e69769806	0000000000000000000000000000000000000000	f1f6bcc011e69b2e342b94f2205948d2c7f06ecc84abcb0cf89f420cc405dc88	-	-	-	excluded	Thermal field/method comparison only; generic status file changes outside selected thermal components not full semantic review
libqtdevices	781b8335d48a89cc20bce12b5b49ec3be9037756	111588854747cb4ebdd14113c298693b2f7201e5	devices/device_status.cpp	235f9a59b1720dbe9c1e80369a91a31ff198aec9	0000000000000000000000000000000000000000	fbe7175cd6f3b2ae35102450f97f38dc1370874aa528a3cc48df8e64fa4debf3	-	-	-	excluded	Thermal field/method comparison only; generic status file changes outside selected thermal components not full semantic review
libqtdevices	781b8335d48a89cc20bce12b5b49ec3be9037756	111588854747cb4ebdd14113c298693b2f7201e5	devices/device_status.h	e6bcd7fdae87332b65da6a68e6e3473e69769806	0000000000000000000000000000000000000000	f1f6bcc011e69b2e342b94f2205948d2c7f06ecc84abcb0cf89f420cc405dc88	-	-	-	excluded	Thermal field/method comparison only; generic status file changes outside selected thermal components not full semantic review
libqtdevices	88bc226552e8979eb7b168b13cc914b9a933ef90	c4b399e2555eac1be758f52c817ba5995f406102	devices/device_status.cpp	235f9a59b1720dbe9c1e80369a91a31ff198aec9	0000000000000000000000000000000000000000	fbe7175cd6f3b2ae35102450f97f38dc1370874aa528a3cc48df8e64fa4debf3	-	-	-	excluded	Thermal field/method comparison only; generic status file changes outside selected thermal components not full semantic review
libqtdevices	88bc226552e8979eb7b168b13cc914b9a933ef90	c4b399e2555eac1be758f52c817ba5995f406102	devices/device_status.h	e6bcd7fdae87332b65da6a68e6e3473e69769806	0000000000000000000000000000000000000000	f1f6bcc011e69b2e342b94f2205948d2c7f06ecc84abcb0cf89f420cc405dc88	-	-	-	excluded	Thermal field/method comparison only; generic status file changes outside selected thermal components not full semantic review
libqtdevices	1aac12344ef1066a4371a62a7f9286d9a224523e	9e5d95e353a52774b2e42e21c5a4e3257b1a01d0	devices/device_status.cpp	235f9a59b1720dbe9c1e80369a91a31ff198aec9	0000000000000000000000000000000000000000	fbe7175cd6f3b2ae35102450f97f38dc1370874aa528a3cc48df8e64fa4debf3	-	-	-	excluded	Thermal field/method comparison only; generic status file changes outside selected thermal components not full semantic review
libqtdevices	1aac12344ef1066a4371a62a7f9286d9a224523e	9e5d95e353a52774b2e42e21c5a4e3257b1a01d0	devices/device_status.h	e6bcd7fdae87332b65da6a68e6e3473e69769806	0000000000000000000000000000000000000000	f1f6bcc011e69b2e342b94f2205948d2c7f06ecc84abcb0cf89f420cc405dc88	-	-	-	excluded	Thermal field/method comparison only; generic status file changes outside selected thermal components not full semantic review
libqtdevices	1f8d21adee1e0091482866e6d5e83dc978727a03	e3a8f6036c97a5c6db495445d65048bad94cc052	devices/device_status.cpp	235f9a59b1720dbe9c1e80369a91a31ff198aec9	0000000000000000000000000000000000000000	fbe7175cd6f3b2ae35102450f97f38dc1370874aa528a3cc48df8e64fa4debf3	-	-	-	excluded	Thermal field/method comparison only; generic status file changes outside selected thermal components not full semantic review
libqtdevices	1f8d21adee1e0091482866e6d5e83dc978727a03	e3a8f6036c97a5c6db495445d65048bad94cc052	devices/device_status.h	e6bcd7fdae87332b65da6a68e6e3473e69769806	0000000000000000000000000000000000000000	f1f6bcc011e69b2e342b94f2205948d2c7f06ecc84abcb0cf89f420cc405dc88	-	-	-	excluded	Thermal field/method comparison only; generic status file changes outside selected thermal components not full semantic review
libqtdevices	d046193f9e8998e76f2398520d5f2f8227daa104	b532b789449802199f27332d43d1a386ace8133c	devices/device_status.cpp	235f9a59b1720dbe9c1e80369a91a31ff198aec9	0000000000000000000000000000000000000000	fbe7175cd6f3b2ae35102450f97f38dc1370874aa528a3cc48df8e64fa4debf3	-	-	-	excluded	Thermal field/method comparison only; generic status file changes outside selected thermal components not full semantic review
libqtdevices	d046193f9e8998e76f2398520d5f2f8227daa104	b532b789449802199f27332d43d1a386ace8133c	devices/device_status.h	e6bcd7fdae87332b65da6a68e6e3473e69769806	0000000000000000000000000000000000000000	f1f6bcc011e69b2e342b94f2205948d2c7f06ecc84abcb0cf89f420cc405dc88	-	-	-	excluded	Thermal field/method comparison only; generic status file changes outside selected thermal components not full semantic review
libqtdevices	4886b9046de642123b3d8a926c2bf5a32a84fd6e	c2b5724677a1d56a5ab35ffb4777f918e9d16d7c	devices/device_status.cpp	235f9a59b1720dbe9c1e80369a91a31ff198aec9	0000000000000000000000000000000000000000	fbe7175cd6f3b2ae35102450f97f38dc1370874aa528a3cc48df8e64fa4debf3	-	-	-	excluded	Thermal field/method comparison only; generic status file changes outside selected thermal components not full semantic review
libqtdevices	4886b9046de642123b3d8a926c2bf5a32a84fd6e	c2b5724677a1d56a5ab35ffb4777f918e9d16d7c	devices/device_status.h	e6bcd7fdae87332b65da6a68e6e3473e69769806	0000000000000000000000000000000000000000	f1f6bcc011e69b2e342b94f2205948d2c7f06ecc84abcb0cf89f420cc405dc88	-	-	-	excluded	Thermal field/method comparison only; generic status file changes outside selected thermal components not full semantic review
libqtdevices	cf845ca82cb4c6361db8aba359b2e631feb87984	cadb81faff9732168e870a469bb78c7084f25d1d	devices/device_status.cpp	235f9a59b1720dbe9c1e80369a91a31ff198aec9	0000000000000000000000000000000000000000	fbe7175cd6f3b2ae35102450f97f38dc1370874aa528a3cc48df8e64fa4debf3	-	-	-	excluded	Thermal field/method comparison only; generic status file changes outside selected thermal components not full semantic review
libqtdevices	cf845ca82cb4c6361db8aba359b2e631feb87984	cadb81faff9732168e870a469bb78c7084f25d1d	devices/device_status.h	e6bcd7fdae87332b65da6a68e6e3473e69769806	0000000000000000000000000000000000000000	f1f6bcc011e69b2e342b94f2205948d2c7f06ecc84abcb0cf89f420cc405dc88	-	-	-	excluded	Thermal field/method comparison only; generic status file changes outside selected thermal components not full semantic review
libqtdevices	bea94652fe3ae67c6d3c75db3d3d1c2c2007ed38	4c3b98d3a1e140bd16744d7af6a39f605cb38e60	devices/device_status.cpp	235f9a59b1720dbe9c1e80369a91a31ff198aec9	0000000000000000000000000000000000000000	fbe7175cd6f3b2ae35102450f97f38dc1370874aa528a3cc48df8e64fa4debf3	-	-	-	excluded	Thermal field/method comparison only; generic status file changes outside selected thermal components not full semantic review
libqtdevices	bea94652fe3ae67c6d3c75db3d3d1c2c2007ed38	4c3b98d3a1e140bd16744d7af6a39f605cb38e60	devices/device_status.h	e6bcd7fdae87332b65da6a68e6e3473e69769806	0000000000000000000000000000000000000000	f1f6bcc011e69b2e342b94f2205948d2c7f06ecc84abcb0cf89f420cc405dc88	-	-	-	excluded	Thermal field/method comparison only; generic status file changes outside selected thermal components not full semantic review
libqtdevices	01993e946f7dac479736cccdf008a7c1bab1c0a2	41b04941780790d70936d8efb791573c1b725403	devices/device_status.cpp	235f9a59b1720dbe9c1e80369a91a31ff198aec9	0000000000000000000000000000000000000000	fbe7175cd6f3b2ae35102450f97f38dc1370874aa528a3cc48df8e64fa4debf3	-	-	-	excluded	Thermal field/method comparison only; generic status file changes outside selected thermal components not full semantic review
libqtdevices	01993e946f7dac479736cccdf008a7c1bab1c0a2	41b04941780790d70936d8efb791573c1b725403	devices/device_status.h	e6bcd7fdae87332b65da6a68e6e3473e69769806	0000000000000000000000000000000000000000	f1f6bcc011e69b2e342b94f2205948d2c7f06ecc84abcb0cf89f420cc405dc88	-	-	-	excluded	Thermal field/method comparison only; generic status file changes outside selected thermal components not full semantic review
libqtdevices	38c06e74684b845eacfa224839c4dc8d4076edf9	41c9d09adac25a99050afc06baaa7a428102e3d3	devices/device_status.cpp	235f9a59b1720dbe9c1e80369a91a31ff198aec9	0000000000000000000000000000000000000000	fbe7175cd6f3b2ae35102450f97f38dc1370874aa528a3cc48df8e64fa4debf3	-	-	-	excluded	Thermal field/method comparison only; generic status file changes outside selected thermal components not full semantic review
libqtdevices	38c06e74684b845eacfa224839c4dc8d4076edf9	41c9d09adac25a99050afc06baaa7a428102e3d3	devices/device_status.h	e6bcd7fdae87332b65da6a68e6e3473e69769806	0000000000000000000000000000000000000000	f1f6bcc011e69b2e342b94f2205948d2c7f06ecc84abcb0cf89f420cc405dc88	-	-	-	excluded	Thermal field/method comparison only; generic status file changes outside selected thermal components not full semantic review
libqtdevices	c5ddd067fc7a7f0644210362b8a943691c5e11a5	0750b9e4486bf53834cc2c12e6c40805941e64cf	devices/device_status.cpp	235f9a59b1720dbe9c1e80369a91a31ff198aec9	0000000000000000000000000000000000000000	fbe7175cd6f3b2ae35102450f97f38dc1370874aa528a3cc48df8e64fa4debf3	-	-	-	excluded	Thermal field/method comparison only; generic status file changes outside selected thermal components not full semantic review
libqtdevices	c5ddd067fc7a7f0644210362b8a943691c5e11a5	0750b9e4486bf53834cc2c12e6c40805941e64cf	devices/device_status.h	e6bcd7fdae87332b65da6a68e6e3473e69769806	0000000000000000000000000000000000000000	f1f6bcc011e69b2e342b94f2205948d2c7f06ecc84abcb0cf89f420cc405dc88	-	-	-	excluded	Thermal field/method comparison only; generic status file changes outside selected thermal components not full semantic review
libqtdevices	ad4c55b24bb1091c4fe377e45f7c4ea12ce67b8b	4bf20e5d58a8c592400d62572d39348f0ac2e972	devices/device_status.cpp	235f9a59b1720dbe9c1e80369a91a31ff198aec9	0000000000000000000000000000000000000000	fbe7175cd6f3b2ae35102450f97f38dc1370874aa528a3cc48df8e64fa4debf3	-	-	-	excluded	Thermal field/method comparison only; generic status file changes outside selected thermal components not full semantic review
libqtdevices	ad4c55b24bb1091c4fe377e45f7c4ea12ce67b8b	4bf20e5d58a8c592400d62572d39348f0ac2e972	devices/device_status.h	e6bcd7fdae87332b65da6a68e6e3473e69769806	0000000000000000000000000000000000000000	f1f6bcc011e69b2e342b94f2205948d2c7f06ecc84abcb0cf89f420cc405dc88	-	-	-	excluded	Thermal field/method comparison only; generic status file changes outside selected thermal components not full semantic review
libqtdevices	114f07c068300bed651f9367e3d57d259e6c365e	804ed455d0fc120ed18fff0f1950454329f6ea55	devices/device_status.cpp	235f9a59b1720dbe9c1e80369a91a31ff198aec9	0000000000000000000000000000000000000000	fbe7175cd6f3b2ae35102450f97f38dc1370874aa528a3cc48df8e64fa4debf3	-	-	-	excluded	Thermal field/method comparison only; generic status file changes outside selected thermal components not full semantic review
libqtdevices	114f07c068300bed651f9367e3d57d259e6c365e	804ed455d0fc120ed18fff0f1950454329f6ea55	devices/device_status.h	e6bcd7fdae87332b65da6a68e6e3473e69769806	0000000000000000000000000000000000000000	f1f6bcc011e69b2e342b94f2205948d2c7f06ecc84abcb0cf89f420cc405dc88	-	-	-	excluded	Thermal field/method comparison only; generic status file changes outside selected thermal components not full semantic review
libqtdevices	32807ba32de012ed9af2a6dd6e20665705404441	6cdacd1e0c5ce4000c4642e565abce58e640a76e	devices/device_status.cpp	235f9a59b1720dbe9c1e80369a91a31ff198aec9	0000000000000000000000000000000000000000	fbe7175cd6f3b2ae35102450f97f38dc1370874aa528a3cc48df8e64fa4debf3	-	-	-	excluded	Thermal field/method comparison only; generic status file changes outside selected thermal components not full semantic review
libqtdevices	32807ba32de012ed9af2a6dd6e20665705404441	6cdacd1e0c5ce4000c4642e565abce58e640a76e	devices/device_status.h	e6bcd7fdae87332b65da6a68e6e3473e69769806	0000000000000000000000000000000000000000	f1f6bcc011e69b2e342b94f2205948d2c7f06ecc84abcb0cf89f420cc405dc88	-	-	-	excluded	Thermal field/method comparison only; generic status file changes outside selected thermal components not full semantic review
libqtdevices	29e2ba37e847b378e6ec465394f3352e7f687485	db25dcae5fa25bde7ee8359c0c48019afd8dc23d	devices/device_status.cpp	235f9a59b1720dbe9c1e80369a91a31ff198aec9	0000000000000000000000000000000000000000	fbe7175cd6f3b2ae35102450f97f38dc1370874aa528a3cc48df8e64fa4debf3	-	-	-	excluded	Thermal field/method comparison only; generic status file changes outside selected thermal components not full semantic review
libqtdevices	29e2ba37e847b378e6ec465394f3352e7f687485	db25dcae5fa25bde7ee8359c0c48019afd8dc23d	devices/device_status.h	e6bcd7fdae87332b65da6a68e6e3473e69769806	0000000000000000000000000000000000000000	f1f6bcc011e69b2e342b94f2205948d2c7f06ecc84abcb0cf89f420cc405dc88	-	-	-	excluded	Thermal field/method comparison only; generic status file changes outside selected thermal components not full semantic review
libqtdevices	0964bc6015ab9cc1dace39e6b11498ce2a0f0769	ba917d7c5e83fc059fa9d5572f372ef85976db89	devices/device_status.cpp	235f9a59b1720dbe9c1e80369a91a31ff198aec9	0000000000000000000000000000000000000000	fbe7175cd6f3b2ae35102450f97f38dc1370874aa528a3cc48df8e64fa4debf3	-	-	-	excluded	Thermal field/method comparison only; generic status file changes outside selected thermal components not full semantic review
libqtdevices	0964bc6015ab9cc1dace39e6b11498ce2a0f0769	ba917d7c5e83fc059fa9d5572f372ef85976db89	devices/device_status.h	e6bcd7fdae87332b65da6a68e6e3473e69769806	0000000000000000000000000000000000000000	f1f6bcc011e69b2e342b94f2205948d2c7f06ecc84abcb0cf89f420cc405dc88	-	-	-	excluded	Thermal field/method comparison only; generic status file changes outside selected thermal components not full semantic review
libqtdevices	eeab2e80fc712da49d0e49f80022eccb283e5371	0c4a0c1557143bef54cae88095ebc17d2e24001f	devices/device_status.cpp	235f9a59b1720dbe9c1e80369a91a31ff198aec9	0000000000000000000000000000000000000000	fbe7175cd6f3b2ae35102450f97f38dc1370874aa528a3cc48df8e64fa4debf3	-	-	-	excluded	Thermal field/method comparison only; generic status file changes outside selected thermal components not full semantic review
libqtdevices	eeab2e80fc712da49d0e49f80022eccb283e5371	0c4a0c1557143bef54cae88095ebc17d2e24001f	devices/device_status.h	e6bcd7fdae87332b65da6a68e6e3473e69769806	0000000000000000000000000000000000000000	f1f6bcc011e69b2e342b94f2205948d2c7f06ecc84abcb0cf89f420cc405dc88	-	-	-	excluded	Thermal field/method comparison only; generic status file changes outside selected thermal components not full semantic review
libqtdevices	4b5c2537517df6c2cf22c21dd2a6c7da692221f9	34d97b78d621692848c1dd96f386ba2357e79add	devices/device_status.cpp	235f9a59b1720dbe9c1e80369a91a31ff198aec9	0000000000000000000000000000000000000000	fbe7175cd6f3b2ae35102450f97f38dc1370874aa528a3cc48df8e64fa4debf3	-	-	-	excluded	Thermal field/method comparison only; generic status file changes outside selected thermal components not full semantic review
libqtdevices	4b5c2537517df6c2cf22c21dd2a6c7da692221f9	34d97b78d621692848c1dd96f386ba2357e79add	devices/device_status.h	e6bcd7fdae87332b65da6a68e6e3473e69769806	0000000000000000000000000000000000000000	f1f6bcc011e69b2e342b94f2205948d2c7f06ecc84abcb0cf89f420cc405dc88	-	-	-	excluded	Thermal field/method comparison only; generic status file changes outside selected thermal components not full semantic review
libqtdevices	a84de0e6007b319f0d2686fd6a58b98f1ccb56ac	a01f9f2d8632980287689343c95514166111a5d4	devices/device_status.cpp	235f9a59b1720dbe9c1e80369a91a31ff198aec9	0000000000000000000000000000000000000000	fbe7175cd6f3b2ae35102450f97f38dc1370874aa528a3cc48df8e64fa4debf3	-	-	-	excluded	Thermal field/method comparison only; generic status file changes outside selected thermal components not full semantic review
libqtdevices	a84de0e6007b319f0d2686fd6a58b98f1ccb56ac	a01f9f2d8632980287689343c95514166111a5d4	devices/device_status.h	e6bcd7fdae87332b65da6a68e6e3473e69769806	0000000000000000000000000000000000000000	f1f6bcc011e69b2e342b94f2205948d2c7f06ecc84abcb0cf89f420cc405dc88	-	-	-	excluded	Thermal field/method comparison only; generic status file changes outside selected thermal components not full semantic review
libqtdevices	d41157f70c5589c4db276646fe07c65e8d33b862	e4a461f0fbe7a57e5bbff0af0ddee7d79056edac	devices/device_status.cpp	235f9a59b1720dbe9c1e80369a91a31ff198aec9	0000000000000000000000000000000000000000	fbe7175cd6f3b2ae35102450f97f38dc1370874aa528a3cc48df8e64fa4debf3	-	-	-	excluded	Thermal field/method comparison only; generic status file changes outside selected thermal components not full semantic review
libqtdevices	d41157f70c5589c4db276646fe07c65e8d33b862	e4a461f0fbe7a57e5bbff0af0ddee7d79056edac	devices/device_status.h	e6bcd7fdae87332b65da6a68e6e3473e69769806	0000000000000000000000000000000000000000	f1f6bcc011e69b2e342b94f2205948d2c7f06ecc84abcb0cf89f420cc405dc88	-	-	-	excluded	Thermal field/method comparison only; generic status file changes outside selected thermal components not full semantic review
libqtdevices	4d60aa920b4ca5882f6f7fdea042949499ea0488	dce4fc0387a6b060b0bb98914f58a066d5f055c3	devices/device_status.cpp	235f9a59b1720dbe9c1e80369a91a31ff198aec9	0000000000000000000000000000000000000000	fbe7175cd6f3b2ae35102450f97f38dc1370874aa528a3cc48df8e64fa4debf3	-	-	-	excluded	Thermal field/method comparison only; generic status file changes outside selected thermal components not full semantic review
libqtdevices	4d60aa920b4ca5882f6f7fdea042949499ea0488	dce4fc0387a6b060b0bb98914f58a066d5f055c3	devices/device_status.h	e6bcd7fdae87332b65da6a68e6e3473e69769806	0000000000000000000000000000000000000000	f1f6bcc011e69b2e342b94f2205948d2c7f06ecc84abcb0cf89f420cc405dc88	-	-	-	excluded	Thermal field/method comparison only; generic status file changes outside selected thermal components not full semantic review
libqtdevices	3aea2c8a6cbdd7fae3914edb676aaba076d59ff3	22748cb2d1320002b3562a06c5f3ece4694b013a	devices/device_status.cpp	235f9a59b1720dbe9c1e80369a91a31ff198aec9	0000000000000000000000000000000000000000	fbe7175cd6f3b2ae35102450f97f38dc1370874aa528a3cc48df8e64fa4debf3	-	-	-	excluded	Thermal field/method comparison only; generic status file changes outside selected thermal components not full semantic review
libqtdevices	3aea2c8a6cbdd7fae3914edb676aaba076d59ff3	22748cb2d1320002b3562a06c5f3ece4694b013a	devices/device_status.h	e6bcd7fdae87332b65da6a68e6e3473e69769806	0000000000000000000000000000000000000000	f1f6bcc011e69b2e342b94f2205948d2c7f06ecc84abcb0cf89f420cc405dc88	-	-	-	excluded	Thermal field/method comparison only; generic status file changes outside selected thermal components not full semantic review
libqtdevices	e2ca77e4a644f093dc970c2ba6d5f4dccaea11ac	66b3e71a7efeeda8afaf9ddcad20bde7535d4831	devices/device_status.cpp	80e829d7a2e7e0f46ade66d83742691a149ebadb	235f9a59b1720dbe9c1e80369a91a31ff198aec9	68216e816db782192f60ac37a604b63e845709f5532866489dea41d106052131	fbe7175cd6f3b2ae35102450f97f38dc1370874aa528a3cc48df8e64fa4debf3	-	-	excluded	Thermal field/method comparison only; generic status file changes outside selected thermal components not full semantic review
libqtdevices	e2ca77e4a644f093dc970c2ba6d5f4dccaea11ac	66b3e71a7efeeda8afaf9ddcad20bde7535d4831	devices/device_status.h	56005c9260425c7760e191e8b6702e386c882f42	e6bcd7fdae87332b65da6a68e6e3473e69769806	df12e8dc02a369563b3615691cd34688e4ed1776f84b1985de8329082a5b58ac	f1f6bcc011e69b2e342b94f2205948d2c7f06ecc84abcb0cf89f420cc405dc88	-	-	excluded	Thermal field/method comparison only; generic status file changes outside selected thermal components not full semantic review
libqtdevices	92ba517f268a553f09ef727928dad4684da071f3	b6077342163b6f4241b0eb66f91c7b9b80d48ea4	devices/device_status.cpp	80e829d7a2e7e0f46ade66d83742691a149ebadb	235f9a59b1720dbe9c1e80369a91a31ff198aec9	68216e816db782192f60ac37a604b63e845709f5532866489dea41d106052131	fbe7175cd6f3b2ae35102450f97f38dc1370874aa528a3cc48df8e64fa4debf3	-	-	excluded	Thermal field/method comparison only; generic status file changes outside selected thermal components not full semantic review
libqtdevices	92ba517f268a553f09ef727928dad4684da071f3	b6077342163b6f4241b0eb66f91c7b9b80d48ea4	devices/device_status.h	56005c9260425c7760e191e8b6702e386c882f42	e6bcd7fdae87332b65da6a68e6e3473e69769806	df12e8dc02a369563b3615691cd34688e4ed1776f84b1985de8329082a5b58ac	f1f6bcc011e69b2e342b94f2205948d2c7f06ecc84abcb0cf89f420cc405dc88	-	-	excluded	Thermal field/method comparison only; generic status file changes outside selected thermal components not full semantic review
libqtdevices	39226b9068aed60961d9f750d5aace4836cc27c9	aab7e2eda723ad0e11720a1fece1a236171a335f	devices/device_status.cpp	80e829d7a2e7e0f46ade66d83742691a149ebadb	235f9a59b1720dbe9c1e80369a91a31ff198aec9	68216e816db782192f60ac37a604b63e845709f5532866489dea41d106052131	fbe7175cd6f3b2ae35102450f97f38dc1370874aa528a3cc48df8e64fa4debf3	-	-	excluded	Thermal field/method comparison only; generic status file changes outside selected thermal components not full semantic review
libqtdevices	39226b9068aed60961d9f750d5aace4836cc27c9	aab7e2eda723ad0e11720a1fece1a236171a335f	devices/device_status.h	56005c9260425c7760e191e8b6702e386c882f42	e6bcd7fdae87332b65da6a68e6e3473e69769806	df12e8dc02a369563b3615691cd34688e4ed1776f84b1985de8329082a5b58ac	f1f6bcc011e69b2e342b94f2205948d2c7f06ecc84abcb0cf89f420cc405dc88	-	-	excluded	Thermal field/method comparison only; generic status file changes outside selected thermal components not full semantic review
libqtdevices	1e5c3fa87ff7cbc1c83aceee73f75edb6f34a115	21c3cbc0e82e04c893b0a5f54b583f9058cc9d45	devices/device_status.cpp	80e829d7a2e7e0f46ade66d83742691a149ebadb	235f9a59b1720dbe9c1e80369a91a31ff198aec9	68216e816db782192f60ac37a604b63e845709f5532866489dea41d106052131	fbe7175cd6f3b2ae35102450f97f38dc1370874aa528a3cc48df8e64fa4debf3	-	-	excluded	Thermal field/method comparison only; generic status file changes outside selected thermal components not full semantic review
libqtdevices	1e5c3fa87ff7cbc1c83aceee73f75edb6f34a115	21c3cbc0e82e04c893b0a5f54b583f9058cc9d45	devices/device_status.h	56005c9260425c7760e191e8b6702e386c882f42	e6bcd7fdae87332b65da6a68e6e3473e69769806	df12e8dc02a369563b3615691cd34688e4ed1776f84b1985de8329082a5b58ac	f1f6bcc011e69b2e342b94f2205948d2c7f06ecc84abcb0cf89f420cc405dc88	-	-	excluded	Thermal field/method comparison only; generic status file changes outside selected thermal components not full semantic review
libqtdevices	fc8f1a2a2345b0e79dd762cd90917843b328bf3b	9ed70de5b650eb1d13d20cff8c29ba2b580377e5	devices/device_status.cpp	80e829d7a2e7e0f46ade66d83742691a149ebadb	235f9a59b1720dbe9c1e80369a91a31ff198aec9	68216e816db782192f60ac37a604b63e845709f5532866489dea41d106052131	fbe7175cd6f3b2ae35102450f97f38dc1370874aa528a3cc48df8e64fa4debf3	-	-	excluded	Thermal field/method comparison only; generic status file changes outside selected thermal components not full semantic review
libqtdevices	fc8f1a2a2345b0e79dd762cd90917843b328bf3b	9ed70de5b650eb1d13d20cff8c29ba2b580377e5	devices/device_status.h	56005c9260425c7760e191e8b6702e386c882f42	e6bcd7fdae87332b65da6a68e6e3473e69769806	df12e8dc02a369563b3615691cd34688e4ed1776f84b1985de8329082a5b58ac	f1f6bcc011e69b2e342b94f2205948d2c7f06ecc84abcb0cf89f420cc405dc88	-	-	excluded	Thermal field/method comparison only; generic status file changes outside selected thermal components not full semantic review
libqtdevices	a4e8cbbe2dff1a10bac53430c18129da36e7ffd7	a3772ac329ce852d65bd129527d86c677ddc6329	devices/device_status.cpp	80e829d7a2e7e0f46ade66d83742691a149ebadb	235f9a59b1720dbe9c1e80369a91a31ff198aec9	68216e816db782192f60ac37a604b63e845709f5532866489dea41d106052131	fbe7175cd6f3b2ae35102450f97f38dc1370874aa528a3cc48df8e64fa4debf3	-	-	excluded	Thermal field/method comparison only; generic status file changes outside selected thermal components not full semantic review
libqtdevices	a4e8cbbe2dff1a10bac53430c18129da36e7ffd7	a3772ac329ce852d65bd129527d86c677ddc6329	devices/device_status.h	56005c9260425c7760e191e8b6702e386c882f42	e6bcd7fdae87332b65da6a68e6e3473e69769806	df12e8dc02a369563b3615691cd34688e4ed1776f84b1985de8329082a5b58ac	f1f6bcc011e69b2e342b94f2205948d2c7f06ecc84abcb0cf89f420cc405dc88	-	-	excluded	Thermal field/method comparison only; generic status file changes outside selected thermal components not full semantic review
libqtdevices	dc63d762b5c25a5942d8d4a1af90ee8bc6de7fd7	175e38f3b9fd751ec2c00ab09cc0aecae067f5b0	device_status.cpp	b18e08172849ca8a4428789ae9b1f456564756ba	0000000000000000000000000000000000000000	3a352d74ca216f76ca596009694d8fddab918f1e6a2cf20f024c4ecb100a4f26	-	HC000,HC001,HC002,HC003,HC004,HC005	-	excluded	Thermal field/method comparison only; generic status file changes outside selected thermal components not full semantic review
libqtdevices	dc63d762b5c25a5942d8d4a1af90ee8bc6de7fd7	175e38f3b9fd751ec2c00ab09cc0aecae067f5b0	device_status.h	d09c91094c8db2cdd0f85a1ccf3c9cfa26fb4322	0000000000000000000000000000000000000000	130ea89d711ecbbaa8799931dd7f158dcd85c813430c26d34d4a92ebcc56276b	-	HC006	-	excluded	Thermal field/method comparison only; generic status file changes outside selected thermal components not full semantic review
libqtdevices	dc63d762b5c25a5942d8d4a1af90ee8bc6de7fd7	175e38f3b9fd751ec2c00ab09cc0aecae067f5b0	devices/device_status.cpp	0000000000000000000000000000000000000000	80e829d7a2e7e0f46ade66d83742691a149ebadb	-	68216e816db782192f60ac37a604b63e845709f5532866489dea41d106052131	-	-	excluded	Thermal field/method comparison only; generic status file changes outside selected thermal components not full semantic review
libqtdevices	dc63d762b5c25a5942d8d4a1af90ee8bc6de7fd7	175e38f3b9fd751ec2c00ab09cc0aecae067f5b0	devices/device_status.h	0000000000000000000000000000000000000000	56005c9260425c7760e191e8b6702e386c882f42	-	df12e8dc02a369563b3615691cd34688e4ed1776f84b1985de8329082a5b58ac	-	-	excluded	Thermal field/method comparison only; generic status file changes outside selected thermal components not full semantic review
libqtdevices	c6bd905d87646b5e05d3bfcda7d6ff21f7959f79	d1f25f0efb1de8c33652ac8f9154fd77cb017a47	device_status.cpp	b18e08172849ca8a4428789ae9b1f456564756ba	0000000000000000000000000000000000000000	3a352d74ca216f76ca596009694d8fddab918f1e6a2cf20f024c4ecb100a4f26	-	HC000,HC001,HC002,HC003,HC004,HC005	-	excluded	Thermal field/method comparison only; generic status file changes outside selected thermal components not full semantic review
libqtdevices	c6bd905d87646b5e05d3bfcda7d6ff21f7959f79	d1f25f0efb1de8c33652ac8f9154fd77cb017a47	device_status.h	d09c91094c8db2cdd0f85a1ccf3c9cfa26fb4322	0000000000000000000000000000000000000000	130ea89d711ecbbaa8799931dd7f158dcd85c813430c26d34d4a92ebcc56276b	-	HC006	-	excluded	Thermal field/method comparison only; generic status file changes outside selected thermal components not full semantic review
libqtdevices	c6bd905d87646b5e05d3bfcda7d6ff21f7959f79	d1f25f0efb1de8c33652ac8f9154fd77cb017a47	devices/device_status.cpp	0000000000000000000000000000000000000000	80e829d7a2e7e0f46ade66d83742691a149ebadb	-	68216e816db782192f60ac37a604b63e845709f5532866489dea41d106052131	-	-	excluded	Thermal field/method comparison only; generic status file changes outside selected thermal components not full semantic review
libqtdevices	c6bd905d87646b5e05d3bfcda7d6ff21f7959f79	d1f25f0efb1de8c33652ac8f9154fd77cb017a47	devices/device_status.h	0000000000000000000000000000000000000000	56005c9260425c7760e191e8b6702e386c882f42	-	df12e8dc02a369563b3615691cd34688e4ed1776f84b1985de8329082a5b58ac	-	-	excluded	Thermal field/method comparison only; generic status file changes outside selected thermal components not full semantic review
libqtdevices	26d1c90364de021e280466ee95f86079c5234a8a	88627385f4443fb3a974977b80d14ac9eedeef8c	device_status.cpp	b18e08172849ca8a4428789ae9b1f456564756ba	0000000000000000000000000000000000000000	3a352d74ca216f76ca596009694d8fddab918f1e6a2cf20f024c4ecb100a4f26	-	HC000,HC001,HC002,HC003,HC004,HC005	-	excluded	Thermal field/method comparison only; generic status file changes outside selected thermal components not full semantic review
libqtdevices	26d1c90364de021e280466ee95f86079c5234a8a	88627385f4443fb3a974977b80d14ac9eedeef8c	device_status.h	d09c91094c8db2cdd0f85a1ccf3c9cfa26fb4322	0000000000000000000000000000000000000000	130ea89d711ecbbaa8799931dd7f158dcd85c813430c26d34d4a92ebcc56276b	-	HC006	-	excluded	Thermal field/method comparison only; generic status file changes outside selected thermal components not full semantic review
libqtdevices	26d1c90364de021e280466ee95f86079c5234a8a	88627385f4443fb3a974977b80d14ac9eedeef8c	devices/device_status.cpp	0000000000000000000000000000000000000000	80e829d7a2e7e0f46ade66d83742691a149ebadb	-	68216e816db782192f60ac37a604b63e845709f5532866489dea41d106052131	-	-	excluded	Thermal field/method comparison only; generic status file changes outside selected thermal components not full semantic review
libqtdevices	26d1c90364de021e280466ee95f86079c5234a8a	88627385f4443fb3a974977b80d14ac9eedeef8c	devices/device_status.h	0000000000000000000000000000000000000000	56005c9260425c7760e191e8b6702e386c882f42	-	df12e8dc02a369563b3615691cd34688e4ed1776f84b1985de8329082a5b58ac	-	-	excluded	Thermal field/method comparison only; generic status file changes outside selected thermal components not full semantic review
libqtdevices	1c17547e73f71beec3888e3092cee2ee88261217	05e4cb76424e1dfaaac8c8a4fcbef858af513051	device_status.cpp	b18e08172849ca8a4428789ae9b1f456564756ba	0000000000000000000000000000000000000000	3a352d74ca216f76ca596009694d8fddab918f1e6a2cf20f024c4ecb100a4f26	-	HC000,HC001,HC002,HC003,HC004,HC005	-	excluded	Thermal field/method comparison only; generic status file changes outside selected thermal components not full semantic review
libqtdevices	1c17547e73f71beec3888e3092cee2ee88261217	05e4cb76424e1dfaaac8c8a4fcbef858af513051	device_status.h	d09c91094c8db2cdd0f85a1ccf3c9cfa26fb4322	0000000000000000000000000000000000000000	130ea89d711ecbbaa8799931dd7f158dcd85c813430c26d34d4a92ebcc56276b	-	HC006	-	excluded	Thermal field/method comparison only; generic status file changes outside selected thermal components not full semantic review
libqtdevices	1c17547e73f71beec3888e3092cee2ee88261217	05e4cb76424e1dfaaac8c8a4fcbef858af513051	devices/device_status.cpp	0000000000000000000000000000000000000000	80e829d7a2e7e0f46ade66d83742691a149ebadb	-	68216e816db782192f60ac37a604b63e845709f5532866489dea41d106052131	-	-	excluded	Thermal field/method comparison only; generic status file changes outside selected thermal components not full semantic review
libqtdevices	1c17547e73f71beec3888e3092cee2ee88261217	05e4cb76424e1dfaaac8c8a4fcbef858af513051	devices/device_status.h	0000000000000000000000000000000000000000	56005c9260425c7760e191e8b6702e386c882f42	-	df12e8dc02a369563b3615691cd34688e4ed1776f84b1985de8329082a5b58ac	-	-	excluded	Thermal field/method comparison only; generic status file changes outside selected thermal components not full semantic review
libqtdevices	b2b3feadbe06cf5c9a642e89da58e718763d7eb7	f8f044063864c4b4eb2cd5278a043cb802fdc9b2	device_status.cpp	b18e08172849ca8a4428789ae9b1f456564756ba	0000000000000000000000000000000000000000	3a352d74ca216f76ca596009694d8fddab918f1e6a2cf20f024c4ecb100a4f26	-	HC000,HC001,HC002,HC003,HC004,HC005	-	excluded	Thermal field/method comparison only; generic status file changes outside selected thermal components not full semantic review
libqtdevices	b2b3feadbe06cf5c9a642e89da58e718763d7eb7	f8f044063864c4b4eb2cd5278a043cb802fdc9b2	device_status.h	d09c91094c8db2cdd0f85a1ccf3c9cfa26fb4322	0000000000000000000000000000000000000000	130ea89d711ecbbaa8799931dd7f158dcd85c813430c26d34d4a92ebcc56276b	-	HC006	-	excluded	Thermal field/method comparison only; generic status file changes outside selected thermal components not full semantic review
libqtdevices	b2b3feadbe06cf5c9a642e89da58e718763d7eb7	f8f044063864c4b4eb2cd5278a043cb802fdc9b2	devices/device_status.cpp	0000000000000000000000000000000000000000	80e829d7a2e7e0f46ade66d83742691a149ebadb	-	68216e816db782192f60ac37a604b63e845709f5532866489dea41d106052131	-	-	excluded	Thermal field/method comparison only; generic status file changes outside selected thermal components not full semantic review
libqtdevices	b2b3feadbe06cf5c9a642e89da58e718763d7eb7	f8f044063864c4b4eb2cd5278a043cb802fdc9b2	devices/device_status.h	0000000000000000000000000000000000000000	56005c9260425c7760e191e8b6702e386c882f42	-	df12e8dc02a369563b3615691cd34688e4ed1776f84b1985de8329082a5b58ac	-	-	excluded	Thermal field/method comparison only; generic status file changes outside selected thermal components not full semantic review
libqtdevices	b297d402591ebbffe854f376869ddd4f447fbfb8	e9553aef3988499fd8dcc18cd1cdea9d8e77a96f	device_status.cpp	b18e08172849ca8a4428789ae9b1f456564756ba	0000000000000000000000000000000000000000	3a352d74ca216f76ca596009694d8fddab918f1e6a2cf20f024c4ecb100a4f26	-	HC000,HC001,HC002,HC003,HC004,HC005	-	excluded	Thermal field/method comparison only; generic status file changes outside selected thermal components not full semantic review
libqtdevices	b297d402591ebbffe854f376869ddd4f447fbfb8	e9553aef3988499fd8dcc18cd1cdea9d8e77a96f	device_status.h	d09c91094c8db2cdd0f85a1ccf3c9cfa26fb4322	0000000000000000000000000000000000000000	130ea89d711ecbbaa8799931dd7f158dcd85c813430c26d34d4a92ebcc56276b	-	HC006	-	excluded	Thermal field/method comparison only; generic status file changes outside selected thermal components not full semantic review
libqtdevices	b297d402591ebbffe854f376869ddd4f447fbfb8	e9553aef3988499fd8dcc18cd1cdea9d8e77a96f	devices/device_status.cpp	0000000000000000000000000000000000000000	80e829d7a2e7e0f46ade66d83742691a149ebadb	-	68216e816db782192f60ac37a604b63e845709f5532866489dea41d106052131	-	-	excluded	Thermal field/method comparison only; generic status file changes outside selected thermal components not full semantic review
libqtdevices	b297d402591ebbffe854f376869ddd4f447fbfb8	e9553aef3988499fd8dcc18cd1cdea9d8e77a96f	devices/device_status.h	0000000000000000000000000000000000000000	56005c9260425c7760e191e8b6702e386c882f42	-	df12e8dc02a369563b3615691cd34688e4ed1776f84b1985de8329082a5b58ac	-	-	excluded	Thermal field/method comparison only; generic status file changes outside selected thermal components not full semantic review
libqtdevices	18f7be9c7ec1c23d03f7dfa16d17031ae9dde585	c1729e2d9801a98704dc9c80bafc3f6932898a74	device_status.cpp	b18e08172849ca8a4428789ae9b1f456564756ba	0000000000000000000000000000000000000000	3a352d74ca216f76ca596009694d8fddab918f1e6a2cf20f024c4ecb100a4f26	-	HC000,HC001,HC002,HC003,HC004,HC005	-	excluded	Thermal field/method comparison only; generic status file changes outside selected thermal components not full semantic review
libqtdevices	18f7be9c7ec1c23d03f7dfa16d17031ae9dde585	c1729e2d9801a98704dc9c80bafc3f6932898a74	device_status.h	d09c91094c8db2cdd0f85a1ccf3c9cfa26fb4322	0000000000000000000000000000000000000000	130ea89d711ecbbaa8799931dd7f158dcd85c813430c26d34d4a92ebcc56276b	-	HC006	-	excluded	Thermal field/method comparison only; generic status file changes outside selected thermal components not full semantic review
libqtdevices	18f7be9c7ec1c23d03f7dfa16d17031ae9dde585	c1729e2d9801a98704dc9c80bafc3f6932898a74	devices/device_status.cpp	0000000000000000000000000000000000000000	80e829d7a2e7e0f46ade66d83742691a149ebadb	-	68216e816db782192f60ac37a604b63e845709f5532866489dea41d106052131	-	-	excluded	Thermal field/method comparison only; generic status file changes outside selected thermal components not full semantic review
libqtdevices	18f7be9c7ec1c23d03f7dfa16d17031ae9dde585	c1729e2d9801a98704dc9c80bafc3f6932898a74	devices/device_status.h	0000000000000000000000000000000000000000	56005c9260425c7760e191e8b6702e386c882f42	-	df12e8dc02a369563b3615691cd34688e4ed1776f84b1985de8329082a5b58ac	-	-	excluded	Thermal field/method comparison only; generic status file changes outside selected thermal components not full semantic review
libqtdevices	d4bf7ac25cca1775ad59617eb70e9b21a9fc6d55	55cac6d85c970e74fe0f70d73aaced1d873a76d0	device_status.cpp	b18e08172849ca8a4428789ae9b1f456564756ba	0000000000000000000000000000000000000000	3a352d74ca216f76ca596009694d8fddab918f1e6a2cf20f024c4ecb100a4f26	-	HC000,HC001,HC002,HC003,HC004,HC005	-	excluded	Thermal field/method comparison only; generic status file changes outside selected thermal components not full semantic review
libqtdevices	d4bf7ac25cca1775ad59617eb70e9b21a9fc6d55	55cac6d85c970e74fe0f70d73aaced1d873a76d0	device_status.h	d09c91094c8db2cdd0f85a1ccf3c9cfa26fb4322	0000000000000000000000000000000000000000	130ea89d711ecbbaa8799931dd7f158dcd85c813430c26d34d4a92ebcc56276b	-	HC006	-	excluded	Thermal field/method comparison only; generic status file changes outside selected thermal components not full semantic review
libqtdevices	d4bf7ac25cca1775ad59617eb70e9b21a9fc6d55	55cac6d85c970e74fe0f70d73aaced1d873a76d0	devices/device_status.cpp	0000000000000000000000000000000000000000	80e829d7a2e7e0f46ade66d83742691a149ebadb	-	68216e816db782192f60ac37a604b63e845709f5532866489dea41d106052131	-	-	excluded	Thermal field/method comparison only; generic status file changes outside selected thermal components not full semantic review
libqtdevices	d4bf7ac25cca1775ad59617eb70e9b21a9fc6d55	55cac6d85c970e74fe0f70d73aaced1d873a76d0	devices/device_status.h	0000000000000000000000000000000000000000	56005c9260425c7760e191e8b6702e386c882f42	-	df12e8dc02a369563b3615691cd34688e4ed1776f84b1985de8329082a5b58ac	-	-	excluded	Thermal field/method comparison only; generic status file changes outside selected thermal components not full semantic review
libqtdevices	2a2590d02246b40f1f1394444f0e0c5ae20bcb76	a289558cda9ab300856018d28e32bb58a3d13702	device_status.cpp	b18e08172849ca8a4428789ae9b1f456564756ba	0000000000000000000000000000000000000000	3a352d74ca216f76ca596009694d8fddab918f1e6a2cf20f024c4ecb100a4f26	-	HC000,HC001,HC002,HC003,HC004,HC005	-	excluded	Thermal field/method comparison only; generic status file changes outside selected thermal components not full semantic review
libqtdevices	2a2590d02246b40f1f1394444f0e0c5ae20bcb76	a289558cda9ab300856018d28e32bb58a3d13702	device_status.h	d09c91094c8db2cdd0f85a1ccf3c9cfa26fb4322	0000000000000000000000000000000000000000	130ea89d711ecbbaa8799931dd7f158dcd85c813430c26d34d4a92ebcc56276b	-	HC006	-	excluded	Thermal field/method comparison only; generic status file changes outside selected thermal components not full semantic review
libqtdevices	2a2590d02246b40f1f1394444f0e0c5ae20bcb76	a289558cda9ab300856018d28e32bb58a3d13702	devices/device_status.cpp	0000000000000000000000000000000000000000	80e829d7a2e7e0f46ade66d83742691a149ebadb	-	68216e816db782192f60ac37a604b63e845709f5532866489dea41d106052131	-	-	excluded	Thermal field/method comparison only; generic status file changes outside selected thermal components not full semantic review
libqtdevices	2a2590d02246b40f1f1394444f0e0c5ae20bcb76	a289558cda9ab300856018d28e32bb58a3d13702	devices/device_status.h	0000000000000000000000000000000000000000	56005c9260425c7760e191e8b6702e386c882f42	-	df12e8dc02a369563b3615691cd34688e4ed1776f84b1985de8329082a5b58ac	-	-	excluded	Thermal field/method comparison only; generic status file changes outside selected thermal components not full semantic review
libqtdevices	1bdf1a07c0c6aa16ca59a4766d82c5ab33d6cc42	3da25c2fdb8236412e3a6c6b4e11f9eb3a9e3fbc	device_status.cpp	b18e08172849ca8a4428789ae9b1f456564756ba	0000000000000000000000000000000000000000	3a352d74ca216f76ca596009694d8fddab918f1e6a2cf20f024c4ecb100a4f26	-	HC000,HC001,HC002,HC003,HC004,HC005	-	excluded	Thermal field/method comparison only; generic status file changes outside selected thermal components not full semantic review
libqtdevices	1bdf1a07c0c6aa16ca59a4766d82c5ab33d6cc42	3da25c2fdb8236412e3a6c6b4e11f9eb3a9e3fbc	device_status.h	d09c91094c8db2cdd0f85a1ccf3c9cfa26fb4322	0000000000000000000000000000000000000000	130ea89d711ecbbaa8799931dd7f158dcd85c813430c26d34d4a92ebcc56276b	-	HC006	-	excluded	Thermal field/method comparison only; generic status file changes outside selected thermal components not full semantic review
libqtdevices	1bdf1a07c0c6aa16ca59a4766d82c5ab33d6cc42	3da25c2fdb8236412e3a6c6b4e11f9eb3a9e3fbc	devices/device_status.cpp	0000000000000000000000000000000000000000	80e829d7a2e7e0f46ade66d83742691a149ebadb	-	68216e816db782192f60ac37a604b63e845709f5532866489dea41d106052131	-	-	excluded	Thermal field/method comparison only; generic status file changes outside selected thermal components not full semantic review
libqtdevices	1bdf1a07c0c6aa16ca59a4766d82c5ab33d6cc42	3da25c2fdb8236412e3a6c6b4e11f9eb3a9e3fbc	devices/device_status.h	0000000000000000000000000000000000000000	56005c9260425c7760e191e8b6702e386c882f42	-	df12e8dc02a369563b3615691cd34688e4ed1776f84b1985de8329082a5b58ac	-	-	excluded	Thermal field/method comparison only; generic status file changes outside selected thermal components not full semantic review
libqtdevices	41faf4aa5c73ab6f44ff5ea74118454b17e36c51	3df2691f2c81c7aa50a13b7b7a49da6722a6c6d6	device_status.cpp	b18e08172849ca8a4428789ae9b1f456564756ba	0000000000000000000000000000000000000000	3a352d74ca216f76ca596009694d8fddab918f1e6a2cf20f024c4ecb100a4f26	-	HC000,HC001,HC002,HC003,HC004,HC005	-	excluded	Thermal field/method comparison only; generic status file changes outside selected thermal components not full semantic review
libqtdevices	41faf4aa5c73ab6f44ff5ea74118454b17e36c51	3df2691f2c81c7aa50a13b7b7a49da6722a6c6d6	device_status.h	d09c91094c8db2cdd0f85a1ccf3c9cfa26fb4322	0000000000000000000000000000000000000000	130ea89d711ecbbaa8799931dd7f158dcd85c813430c26d34d4a92ebcc56276b	-	HC006	-	excluded	Thermal field/method comparison only; generic status file changes outside selected thermal components not full semantic review
libqtdevices	41faf4aa5c73ab6f44ff5ea74118454b17e36c51	3df2691f2c81c7aa50a13b7b7a49da6722a6c6d6	devices/device_status.cpp	0000000000000000000000000000000000000000	80e829d7a2e7e0f46ade66d83742691a149ebadb	-	68216e816db782192f60ac37a604b63e845709f5532866489dea41d106052131	-	-	excluded	Thermal field/method comparison only; generic status file changes outside selected thermal components not full semantic review
libqtdevices	41faf4aa5c73ab6f44ff5ea74118454b17e36c51	3df2691f2c81c7aa50a13b7b7a49da6722a6c6d6	devices/device_status.h	0000000000000000000000000000000000000000	56005c9260425c7760e191e8b6702e386c882f42	-	df12e8dc02a369563b3615691cd34688e4ed1776f84b1985de8329082a5b58ac	-	-	excluded	Thermal field/method comparison only; generic status file changes outside selected thermal components not full semantic review
libqtdevices	ec21e7cc553881a5b2421f2b4edbb4f9261775be	3c53a2a86d835f7c8dc097288bc87705575be4fd	device_status.cpp	b18e08172849ca8a4428789ae9b1f456564756ba	0000000000000000000000000000000000000000	3a352d74ca216f76ca596009694d8fddab918f1e6a2cf20f024c4ecb100a4f26	-	HC000,HC001,HC002,HC003,HC004,HC005	-	excluded	Thermal field/method comparison only; generic status file changes outside selected thermal components not full semantic review
libqtdevices	ec21e7cc553881a5b2421f2b4edbb4f9261775be	3c53a2a86d835f7c8dc097288bc87705575be4fd	device_status.h	d09c91094c8db2cdd0f85a1ccf3c9cfa26fb4322	0000000000000000000000000000000000000000	130ea89d711ecbbaa8799931dd7f158dcd85c813430c26d34d4a92ebcc56276b	-	HC006	-	excluded	Thermal field/method comparison only; generic status file changes outside selected thermal components not full semantic review
libqtdevices	ec21e7cc553881a5b2421f2b4edbb4f9261775be	3c53a2a86d835f7c8dc097288bc87705575be4fd	devices/device_status.cpp	0000000000000000000000000000000000000000	80e829d7a2e7e0f46ade66d83742691a149ebadb	-	68216e816db782192f60ac37a604b63e845709f5532866489dea41d106052131	-	-	excluded	Thermal field/method comparison only; generic status file changes outside selected thermal components not full semantic review
libqtdevices	ec21e7cc553881a5b2421f2b4edbb4f9261775be	3c53a2a86d835f7c8dc097288bc87705575be4fd	devices/device_status.h	0000000000000000000000000000000000000000	56005c9260425c7760e191e8b6702e386c882f42	-	df12e8dc02a369563b3615691cd34688e4ed1776f84b1985de8329082a5b58ac	-	-	excluded	Thermal field/method comparison only; generic status file changes outside selected thermal components not full semantic review
libqtdevices	1faf40793d7b9f885fc04c017511f5fd1a807dfc	bba37daa4918f3726a035f8b2949608c704dcfab	device_status.cpp	b18e08172849ca8a4428789ae9b1f456564756ba	0000000000000000000000000000000000000000	3a352d74ca216f76ca596009694d8fddab918f1e6a2cf20f024c4ecb100a4f26	-	HC000,HC001,HC002,HC003,HC004,HC005	-	excluded	Thermal field/method comparison only; generic status file changes outside selected thermal components not full semantic review
libqtdevices	1faf40793d7b9f885fc04c017511f5fd1a807dfc	bba37daa4918f3726a035f8b2949608c704dcfab	device_status.h	d09c91094c8db2cdd0f85a1ccf3c9cfa26fb4322	0000000000000000000000000000000000000000	130ea89d711ecbbaa8799931dd7f158dcd85c813430c26d34d4a92ebcc56276b	-	HC006	-	excluded	Thermal field/method comparison only; generic status file changes outside selected thermal components not full semantic review
libqtdevices	1faf40793d7b9f885fc04c017511f5fd1a807dfc	bba37daa4918f3726a035f8b2949608c704dcfab	devices/device_status.cpp	0000000000000000000000000000000000000000	80e829d7a2e7e0f46ade66d83742691a149ebadb	-	68216e816db782192f60ac37a604b63e845709f5532866489dea41d106052131	-	-	excluded	Thermal field/method comparison only; generic status file changes outside selected thermal components not full semantic review
libqtdevices	1faf40793d7b9f885fc04c017511f5fd1a807dfc	bba37daa4918f3726a035f8b2949608c704dcfab	devices/device_status.h	0000000000000000000000000000000000000000	56005c9260425c7760e191e8b6702e386c882f42	-	df12e8dc02a369563b3615691cd34688e4ed1776f84b1985de8329082a5b58ac	-	-	excluded	Thermal field/method comparison only; generic status file changes outside selected thermal components not full semantic review
libqtdevices	a7a3fd3c13cfe276280638d231ea0c55da3d7372	0765afb6dbd318e9ec57ace403cc86d5fc724be4	device_status.cpp	b18e08172849ca8a4428789ae9b1f456564756ba	0000000000000000000000000000000000000000	3a352d74ca216f76ca596009694d8fddab918f1e6a2cf20f024c4ecb100a4f26	-	HC000,HC001,HC002,HC003,HC004,HC005	-	excluded	Thermal field/method comparison only; generic status file changes outside selected thermal components not full semantic review
libqtdevices	a7a3fd3c13cfe276280638d231ea0c55da3d7372	0765afb6dbd318e9ec57ace403cc86d5fc724be4	device_status.h	d09c91094c8db2cdd0f85a1ccf3c9cfa26fb4322	0000000000000000000000000000000000000000	130ea89d711ecbbaa8799931dd7f158dcd85c813430c26d34d4a92ebcc56276b	-	HC006	-	excluded	Thermal field/method comparison only; generic status file changes outside selected thermal components not full semantic review
libqtdevices	a7a3fd3c13cfe276280638d231ea0c55da3d7372	0765afb6dbd318e9ec57ace403cc86d5fc724be4	devices/device_status.cpp	0000000000000000000000000000000000000000	80e829d7a2e7e0f46ade66d83742691a149ebadb	-	68216e816db782192f60ac37a604b63e845709f5532866489dea41d106052131	-	-	excluded	Thermal field/method comparison only; generic status file changes outside selected thermal components not full semantic review
libqtdevices	a7a3fd3c13cfe276280638d231ea0c55da3d7372	0765afb6dbd318e9ec57ace403cc86d5fc724be4	devices/device_status.h	0000000000000000000000000000000000000000	56005c9260425c7760e191e8b6702e386c882f42	-	df12e8dc02a369563b3615691cd34688e4ed1776f84b1985de8329082a5b58ac	-	-	excluded	Thermal field/method comparison only; generic status file changes outside selected thermal components not full semantic review
libqtdevices	1bfd2438a1979466a8a1f31e6c8d4e7226798ee9	eee79c4eeac25b2d11f1f86825a78fa7619d8cf9	devices/device_status.cpp	92abd0bc75a392be6f1fd8fa98ef3def3e8d963a	80e829d7a2e7e0f46ade66d83742691a149ebadb	34a19304ac8d1cd3b99599fb5701b402df94faf9c1e9098259639094b16745eb	68216e816db782192f60ac37a604b63e845709f5532866489dea41d106052131	-	-	excluded	Thermal field/method comparison only; generic status file changes outside selected thermal components not full semantic review
libqtdevices	1bfd2438a1979466a8a1f31e6c8d4e7226798ee9	eee79c4eeac25b2d11f1f86825a78fa7619d8cf9	devices/device_status.h	af7d5fd6012e19642c442f8d2bcafa55fe1535cd	56005c9260425c7760e191e8b6702e386c882f42	46691eea14ffc4ee045b14fc950bcd7b8217f44a7bf2cfe770d89ca3ac55c75e	df12e8dc02a369563b3615691cd34688e4ed1776f84b1985de8329082a5b58ac	-	-	excluded	Thermal field/method comparison only; generic status file changes outside selected thermal components not full semantic review
libqtdevices	4c0d26e36c124552ea2ea4db5c5af608f7909cbd	c8346d3a4809b250d0325be6e20bdf524b7c6de6	devices/device_status.cpp	92abd0bc75a392be6f1fd8fa98ef3def3e8d963a	80e829d7a2e7e0f46ade66d83742691a149ebadb	34a19304ac8d1cd3b99599fb5701b402df94faf9c1e9098259639094b16745eb	68216e816db782192f60ac37a604b63e845709f5532866489dea41d106052131	-	-	excluded	Thermal field/method comparison only; generic status file changes outside selected thermal components not full semantic review
libqtdevices	4c0d26e36c124552ea2ea4db5c5af608f7909cbd	c8346d3a4809b250d0325be6e20bdf524b7c6de6	devices/device_status.h	af7d5fd6012e19642c442f8d2bcafa55fe1535cd	56005c9260425c7760e191e8b6702e386c882f42	46691eea14ffc4ee045b14fc950bcd7b8217f44a7bf2cfe770d89ca3ac55c75e	df12e8dc02a369563b3615691cd34688e4ed1776f84b1985de8329082a5b58ac	-	-	excluded	Thermal field/method comparison only; generic status file changes outside selected thermal components not full semantic review
libqtdevices	5f0144610dfe54bdcc4ec4d49a5704b9b36e25ee	4ef68d0389449cb2e35eca1186eb9611015ad3d6	devices/device_status.cpp	92abd0bc75a392be6f1fd8fa98ef3def3e8d963a	80e829d7a2e7e0f46ade66d83742691a149ebadb	34a19304ac8d1cd3b99599fb5701b402df94faf9c1e9098259639094b16745eb	68216e816db782192f60ac37a604b63e845709f5532866489dea41d106052131	-	-	excluded	Thermal field/method comparison only; generic status file changes outside selected thermal components not full semantic review
libqtdevices	5f0144610dfe54bdcc4ec4d49a5704b9b36e25ee	4ef68d0389449cb2e35eca1186eb9611015ad3d6	devices/device_status.h	af7d5fd6012e19642c442f8d2bcafa55fe1535cd	56005c9260425c7760e191e8b6702e386c882f42	46691eea14ffc4ee045b14fc950bcd7b8217f44a7bf2cfe770d89ca3ac55c75e	df12e8dc02a369563b3615691cd34688e4ed1776f84b1985de8329082a5b58ac	-	-	excluded	Thermal field/method comparison only; generic status file changes outside selected thermal components not full semantic review
libqtdevices	d7edb9425622799c91305746108342e7afae6eff	2d745866a51c6b2874c8b8f0081262722d70ca7a	devices/device_status.cpp	92abd0bc75a392be6f1fd8fa98ef3def3e8d963a	80e829d7a2e7e0f46ade66d83742691a149ebadb	34a19304ac8d1cd3b99599fb5701b402df94faf9c1e9098259639094b16745eb	68216e816db782192f60ac37a604b63e845709f5532866489dea41d106052131	-	-	excluded	Thermal field/method comparison only; generic status file changes outside selected thermal components not full semantic review
libqtdevices	d7edb9425622799c91305746108342e7afae6eff	2d745866a51c6b2874c8b8f0081262722d70ca7a	devices/device_status.h	af7d5fd6012e19642c442f8d2bcafa55fe1535cd	56005c9260425c7760e191e8b6702e386c882f42	46691eea14ffc4ee045b14fc950bcd7b8217f44a7bf2cfe770d89ca3ac55c75e	df12e8dc02a369563b3615691cd34688e4ed1776f84b1985de8329082a5b58ac	-	-	excluded	Thermal field/method comparison only; generic status file changes outside selected thermal components not full semantic review
libqtdevices	2218c23a1a81df89511ae6432eb2698fd79aced3	ca7dbc33d29829dfe52db8666c8262c75ff5e4ee	device_status.cpp	b18e08172849ca8a4428789ae9b1f456564756ba	0000000000000000000000000000000000000000	3a352d74ca216f76ca596009694d8fddab918f1e6a2cf20f024c4ecb100a4f26	-	HC000,HC001,HC002,HC003,HC004,HC005	-	excluded	Thermal field/method comparison only; generic status file changes outside selected thermal components not full semantic review
libqtdevices	2218c23a1a81df89511ae6432eb2698fd79aced3	ca7dbc33d29829dfe52db8666c8262c75ff5e4ee	device_status.h	d09c91094c8db2cdd0f85a1ccf3c9cfa26fb4322	0000000000000000000000000000000000000000	130ea89d711ecbbaa8799931dd7f158dcd85c813430c26d34d4a92ebcc56276b	-	HC006	-	excluded	Thermal field/method comparison only; generic status file changes outside selected thermal components not full semantic review
libqtdevices	2218c23a1a81df89511ae6432eb2698fd79aced3	ca7dbc33d29829dfe52db8666c8262c75ff5e4ee	devices/device_status.cpp	0000000000000000000000000000000000000000	92abd0bc75a392be6f1fd8fa98ef3def3e8d963a	-	34a19304ac8d1cd3b99599fb5701b402df94faf9c1e9098259639094b16745eb	-	-	excluded	Thermal field/method comparison only; generic status file changes outside selected thermal components not full semantic review
libqtdevices	2218c23a1a81df89511ae6432eb2698fd79aced3	ca7dbc33d29829dfe52db8666c8262c75ff5e4ee	devices/device_status.h	0000000000000000000000000000000000000000	af7d5fd6012e19642c442f8d2bcafa55fe1535cd	-	46691eea14ffc4ee045b14fc950bcd7b8217f44a7bf2cfe770d89ca3ac55c75e	-	-	excluded	Thermal field/method comparison only; generic status file changes outside selected thermal components not full semantic review
libqtdevices	f7c0924323996a1b0f29dcc5b909db049d2a9af5	56d841f6deb7b7636f360e2f76379a4e28333e2e	device_status.cpp	b18e08172849ca8a4428789ae9b1f456564756ba	0000000000000000000000000000000000000000	3a352d74ca216f76ca596009694d8fddab918f1e6a2cf20f024c4ecb100a4f26	-	HC000,HC001,HC002,HC003,HC004,HC005	-	excluded	Thermal field/method comparison only; generic status file changes outside selected thermal components not full semantic review
libqtdevices	f7c0924323996a1b0f29dcc5b909db049d2a9af5	56d841f6deb7b7636f360e2f76379a4e28333e2e	device_status.h	d09c91094c8db2cdd0f85a1ccf3c9cfa26fb4322	0000000000000000000000000000000000000000	130ea89d711ecbbaa8799931dd7f158dcd85c813430c26d34d4a92ebcc56276b	-	HC006	-	excluded	Thermal field/method comparison only; generic status file changes outside selected thermal components not full semantic review
libqtdevices	f7c0924323996a1b0f29dcc5b909db049d2a9af5	56d841f6deb7b7636f360e2f76379a4e28333e2e	devices/device_status.cpp	0000000000000000000000000000000000000000	92abd0bc75a392be6f1fd8fa98ef3def3e8d963a	-	34a19304ac8d1cd3b99599fb5701b402df94faf9c1e9098259639094b16745eb	-	-	excluded	Thermal field/method comparison only; generic status file changes outside selected thermal components not full semantic review
libqtdevices	f7c0924323996a1b0f29dcc5b909db049d2a9af5	56d841f6deb7b7636f360e2f76379a4e28333e2e	devices/device_status.h	0000000000000000000000000000000000000000	af7d5fd6012e19642c442f8d2bcafa55fe1535cd	-	46691eea14ffc4ee045b14fc950bcd7b8217f44a7bf2cfe770d89ca3ac55c75e	-	-	excluded	Thermal field/method comparison only; generic status file changes outside selected thermal components not full semantic review
libqtdevices	f7ed0cecede7a0184bfa48c215714cbbfd1c1a3a	b3a047ac958d8434ac0a4c97e8d82ac0acfa0d2b	device_status.cpp	b18e08172849ca8a4428789ae9b1f456564756ba	0000000000000000000000000000000000000000	3a352d74ca216f76ca596009694d8fddab918f1e6a2cf20f024c4ecb100a4f26	-	HC000,HC001,HC002,HC003,HC004,HC005	-	excluded	Thermal field/method comparison only; generic status file changes outside selected thermal components not full semantic review
libqtdevices	f7ed0cecede7a0184bfa48c215714cbbfd1c1a3a	b3a047ac958d8434ac0a4c97e8d82ac0acfa0d2b	device_status.h	d09c91094c8db2cdd0f85a1ccf3c9cfa26fb4322	0000000000000000000000000000000000000000	130ea89d711ecbbaa8799931dd7f158dcd85c813430c26d34d4a92ebcc56276b	-	HC006	-	excluded	Thermal field/method comparison only; generic status file changes outside selected thermal components not full semantic review
libqtdevices	f7ed0cecede7a0184bfa48c215714cbbfd1c1a3a	b3a047ac958d8434ac0a4c97e8d82ac0acfa0d2b	devices/device_status.cpp	0000000000000000000000000000000000000000	92abd0bc75a392be6f1fd8fa98ef3def3e8d963a	-	34a19304ac8d1cd3b99599fb5701b402df94faf9c1e9098259639094b16745eb	-	-	excluded	Thermal field/method comparison only; generic status file changes outside selected thermal components not full semantic review
libqtdevices	f7ed0cecede7a0184bfa48c215714cbbfd1c1a3a	b3a047ac958d8434ac0a4c97e8d82ac0acfa0d2b	devices/device_status.h	0000000000000000000000000000000000000000	af7d5fd6012e19642c442f8d2bcafa55fe1535cd	-	46691eea14ffc4ee045b14fc950bcd7b8217f44a7bf2cfe770d89ca3ac55c75e	-	-	excluded	Thermal field/method comparison only; generic status file changes outside selected thermal components not full semantic review
libqtdevices	a4537cb0c7ccc05273582f983389748072ce7249	f2e1741540471f633bc29f21cc10f6d3430f2a1e	device_status.cpp	60d4a00fb89912c327cacc55b7f757fef998cc30	0000000000000000000000000000000000000000	d75d1a73ba08b1425b37abfe8a5f1c20c273b226290b49d043d9bcc291cbe870	-	HC003,HC004,HC005	-	excluded	Thermal field/method comparison only; generic status file changes outside selected thermal components not full semantic review
libqtdevices	a4537cb0c7ccc05273582f983389748072ce7249	f2e1741540471f633bc29f21cc10f6d3430f2a1e	device_status.h	e976270d32895c4baabf68cf95b85fce83e3cfbe	0000000000000000000000000000000000000000	073dc774a487b456934867c1ee68b6344a21752f25bb754a4390adfe64f1070e	-	HC007	-	excluded	Thermal field/method comparison only; generic status file changes outside selected thermal components not full semantic review
libqtdevices	a4537cb0c7ccc05273582f983389748072ce7249	f2e1741540471f633bc29f21cc10f6d3430f2a1e	devices/device_status.cpp	0000000000000000000000000000000000000000	92abd0bc75a392be6f1fd8fa98ef3def3e8d963a	-	34a19304ac8d1cd3b99599fb5701b402df94faf9c1e9098259639094b16745eb	-	-	excluded	Thermal field/method comparison only; generic status file changes outside selected thermal components not full semantic review
libqtdevices	a4537cb0c7ccc05273582f983389748072ce7249	f2e1741540471f633bc29f21cc10f6d3430f2a1e	devices/device_status.h	0000000000000000000000000000000000000000	af7d5fd6012e19642c442f8d2bcafa55fe1535cd	-	46691eea14ffc4ee045b14fc950bcd7b8217f44a7bf2cfe770d89ca3ac55c75e	-	-	excluded	Thermal field/method comparison only; generic status file changes outside selected thermal components not full semantic review
libqtdevices	a6587ecfcb7b994effcbe2415eb2fed1dcd11165	9d4516786ff9401c2bc6e4c27225b6f67bdfde3f	device_status.cpp	b18e08172849ca8a4428789ae9b1f456564756ba	0000000000000000000000000000000000000000	3a352d74ca216f76ca596009694d8fddab918f1e6a2cf20f024c4ecb100a4f26	-	HC000,HC001,HC002,HC003,HC004,HC005	-	excluded	Thermal field/method comparison only; generic status file changes outside selected thermal components not full semantic review
libqtdevices	a6587ecfcb7b994effcbe2415eb2fed1dcd11165	9d4516786ff9401c2bc6e4c27225b6f67bdfde3f	device_status.h	d09c91094c8db2cdd0f85a1ccf3c9cfa26fb4322	0000000000000000000000000000000000000000	130ea89d711ecbbaa8799931dd7f158dcd85c813430c26d34d4a92ebcc56276b	-	HC006	-	excluded	Thermal field/method comparison only; generic status file changes outside selected thermal components not full semantic review
libqtdevices	a6587ecfcb7b994effcbe2415eb2fed1dcd11165	9d4516786ff9401c2bc6e4c27225b6f67bdfde3f	devices/device_status.cpp	0000000000000000000000000000000000000000	92abd0bc75a392be6f1fd8fa98ef3def3e8d963a	-	34a19304ac8d1cd3b99599fb5701b402df94faf9c1e9098259639094b16745eb	-	-	excluded	Thermal field/method comparison only; generic status file changes outside selected thermal components not full semantic review
libqtdevices	a6587ecfcb7b994effcbe2415eb2fed1dcd11165	9d4516786ff9401c2bc6e4c27225b6f67bdfde3f	devices/device_status.h	0000000000000000000000000000000000000000	af7d5fd6012e19642c442f8d2bcafa55fe1535cd	-	46691eea14ffc4ee045b14fc950bcd7b8217f44a7bf2cfe770d89ca3ac55c75e	-	-	excluded	Thermal field/method comparison only; generic status file changes outside selected thermal components not full semantic review
libqtdevices	347b14f81a87ba3299794fff33411a6adbb1c23a	6cc5efc59517aa216809939a33d68a44cc92d587	device_status.cpp	b18e08172849ca8a4428789ae9b1f456564756ba	0000000000000000000000000000000000000000	3a352d74ca216f76ca596009694d8fddab918f1e6a2cf20f024c4ecb100a4f26	-	HC000,HC001,HC002,HC003,HC004,HC005	-	excluded	Thermal field/method comparison only; generic status file changes outside selected thermal components not full semantic review
libqtdevices	347b14f81a87ba3299794fff33411a6adbb1c23a	6cc5efc59517aa216809939a33d68a44cc92d587	device_status.h	d09c91094c8db2cdd0f85a1ccf3c9cfa26fb4322	0000000000000000000000000000000000000000	130ea89d711ecbbaa8799931dd7f158dcd85c813430c26d34d4a92ebcc56276b	-	HC006	-	excluded	Thermal field/method comparison only; generic status file changes outside selected thermal components not full semantic review
libqtdevices	347b14f81a87ba3299794fff33411a6adbb1c23a	6cc5efc59517aa216809939a33d68a44cc92d587	devices/device_status.cpp	0000000000000000000000000000000000000000	92abd0bc75a392be6f1fd8fa98ef3def3e8d963a	-	34a19304ac8d1cd3b99599fb5701b402df94faf9c1e9098259639094b16745eb	-	-	excluded	Thermal field/method comparison only; generic status file changes outside selected thermal components not full semantic review
libqtdevices	347b14f81a87ba3299794fff33411a6adbb1c23a	6cc5efc59517aa216809939a33d68a44cc92d587	devices/device_status.h	0000000000000000000000000000000000000000	af7d5fd6012e19642c442f8d2bcafa55fe1535cd	-	46691eea14ffc4ee045b14fc950bcd7b8217f44a7bf2cfe770d89ca3ac55c75e	-	-	excluded	Thermal field/method comparison only; generic status file changes outside selected thermal components not full semantic review
libqtdevices	a83ad6ff25399ab6169af2e93ec6df7fe6a17a39	c19b55cc6501cb924987c5231bbb671a8723b4f9	device_status.cpp	b18e08172849ca8a4428789ae9b1f456564756ba	0000000000000000000000000000000000000000	3a352d74ca216f76ca596009694d8fddab918f1e6a2cf20f024c4ecb100a4f26	-	HC000,HC001,HC002,HC003,HC004,HC005	-	excluded	Thermal field/method comparison only; generic status file changes outside selected thermal components not full semantic review
libqtdevices	a83ad6ff25399ab6169af2e93ec6df7fe6a17a39	c19b55cc6501cb924987c5231bbb671a8723b4f9	device_status.h	d09c91094c8db2cdd0f85a1ccf3c9cfa26fb4322	0000000000000000000000000000000000000000	130ea89d711ecbbaa8799931dd7f158dcd85c813430c26d34d4a92ebcc56276b	-	HC006	-	excluded	Thermal field/method comparison only; generic status file changes outside selected thermal components not full semantic review
libqtdevices	a83ad6ff25399ab6169af2e93ec6df7fe6a17a39	c19b55cc6501cb924987c5231bbb671a8723b4f9	devices/device_status.cpp	0000000000000000000000000000000000000000	92abd0bc75a392be6f1fd8fa98ef3def3e8d963a	-	34a19304ac8d1cd3b99599fb5701b402df94faf9c1e9098259639094b16745eb	-	-	excluded	Thermal field/method comparison only; generic status file changes outside selected thermal components not full semantic review
libqtdevices	a83ad6ff25399ab6169af2e93ec6df7fe6a17a39	c19b55cc6501cb924987c5231bbb671a8723b4f9	devices/device_status.h	0000000000000000000000000000000000000000	af7d5fd6012e19642c442f8d2bcafa55fe1535cd	-	46691eea14ffc4ee045b14fc950bcd7b8217f44a7bf2cfe770d89ca3ac55c75e	-	-	excluded	Thermal field/method comparison only; generic status file changes outside selected thermal components not full semantic review
libqtdevices	877f7e47e1d49360becaf360176d661f9e1e7762	239bb0727454e55172b0a2d2a6da1eda2486cfc9	device_status.cpp	b18e08172849ca8a4428789ae9b1f456564756ba	0000000000000000000000000000000000000000	3a352d74ca216f76ca596009694d8fddab918f1e6a2cf20f024c4ecb100a4f26	-	HC000,HC001,HC002,HC003,HC004,HC005	-	excluded	Thermal field/method comparison only; generic status file changes outside selected thermal components not full semantic review
libqtdevices	877f7e47e1d49360becaf360176d661f9e1e7762	239bb0727454e55172b0a2d2a6da1eda2486cfc9	device_status.h	d09c91094c8db2cdd0f85a1ccf3c9cfa26fb4322	0000000000000000000000000000000000000000	130ea89d711ecbbaa8799931dd7f158dcd85c813430c26d34d4a92ebcc56276b	-	HC006	-	excluded	Thermal field/method comparison only; generic status file changes outside selected thermal components not full semantic review
libqtdevices	877f7e47e1d49360becaf360176d661f9e1e7762	239bb0727454e55172b0a2d2a6da1eda2486cfc9	devices/device_status.cpp	0000000000000000000000000000000000000000	92abd0bc75a392be6f1fd8fa98ef3def3e8d963a	-	34a19304ac8d1cd3b99599fb5701b402df94faf9c1e9098259639094b16745eb	-	-	excluded	Thermal field/method comparison only; generic status file changes outside selected thermal components not full semantic review
libqtdevices	877f7e47e1d49360becaf360176d661f9e1e7762	239bb0727454e55172b0a2d2a6da1eda2486cfc9	devices/device_status.h	0000000000000000000000000000000000000000	af7d5fd6012e19642c442f8d2bcafa55fe1535cd	-	46691eea14ffc4ee045b14fc950bcd7b8217f44a7bf2cfe770d89ca3ac55c75e	-	-	excluded	Thermal field/method comparison only; generic status file changes outside selected thermal components not full semantic review
libqtdevices	a9956be88ea016c6d8a25c0334868a31d5cadc4e	d359624c4c3647395d2cc864b276e6ac25a28008	device_status.cpp	b18e08172849ca8a4428789ae9b1f456564756ba	0000000000000000000000000000000000000000	3a352d74ca216f76ca596009694d8fddab918f1e6a2cf20f024c4ecb100a4f26	-	HC000,HC001,HC002,HC003,HC004,HC005	-	excluded	Thermal field/method comparison only; generic status file changes outside selected thermal components not full semantic review
libqtdevices	a9956be88ea016c6d8a25c0334868a31d5cadc4e	d359624c4c3647395d2cc864b276e6ac25a28008	device_status.h	d09c91094c8db2cdd0f85a1ccf3c9cfa26fb4322	0000000000000000000000000000000000000000	130ea89d711ecbbaa8799931dd7f158dcd85c813430c26d34d4a92ebcc56276b	-	HC006	-	excluded	Thermal field/method comparison only; generic status file changes outside selected thermal components not full semantic review
libqtdevices	a9956be88ea016c6d8a25c0334868a31d5cadc4e	d359624c4c3647395d2cc864b276e6ac25a28008	devices/device_status.cpp	0000000000000000000000000000000000000000	92abd0bc75a392be6f1fd8fa98ef3def3e8d963a	-	34a19304ac8d1cd3b99599fb5701b402df94faf9c1e9098259639094b16745eb	-	-	excluded	Thermal field/method comparison only; generic status file changes outside selected thermal components not full semantic review
libqtdevices	a9956be88ea016c6d8a25c0334868a31d5cadc4e	d359624c4c3647395d2cc864b276e6ac25a28008	devices/device_status.h	0000000000000000000000000000000000000000	af7d5fd6012e19642c442f8d2bcafa55fe1535cd	-	46691eea14ffc4ee045b14fc950bcd7b8217f44a7bf2cfe770d89ca3ac55c75e	-	-	excluded	Thermal field/method comparison only; generic status file changes outside selected thermal components not full semantic review
libqtdevices	7c8e429196d2fbd03296e995a2725fb5292dc677	f9046c22eee49b4699064e3511156fbb219ee6d7	device_status.cpp	b18e08172849ca8a4428789ae9b1f456564756ba	0000000000000000000000000000000000000000	3a352d74ca216f76ca596009694d8fddab918f1e6a2cf20f024c4ecb100a4f26	-	HC000,HC001,HC002,HC003,HC004,HC005	-	excluded	Thermal field/method comparison only; generic status file changes outside selected thermal components not full semantic review
libqtdevices	7c8e429196d2fbd03296e995a2725fb5292dc677	f9046c22eee49b4699064e3511156fbb219ee6d7	device_status.h	d09c91094c8db2cdd0f85a1ccf3c9cfa26fb4322	0000000000000000000000000000000000000000	130ea89d711ecbbaa8799931dd7f158dcd85c813430c26d34d4a92ebcc56276b	-	HC006	-	excluded	Thermal field/method comparison only; generic status file changes outside selected thermal components not full semantic review
libqtdevices	7c8e429196d2fbd03296e995a2725fb5292dc677	f9046c22eee49b4699064e3511156fbb219ee6d7	devices/device_status.cpp	0000000000000000000000000000000000000000	92abd0bc75a392be6f1fd8fa98ef3def3e8d963a	-	34a19304ac8d1cd3b99599fb5701b402df94faf9c1e9098259639094b16745eb	-	-	excluded	Thermal field/method comparison only; generic status file changes outside selected thermal components not full semantic review
libqtdevices	7c8e429196d2fbd03296e995a2725fb5292dc677	f9046c22eee49b4699064e3511156fbb219ee6d7	devices/device_status.h	0000000000000000000000000000000000000000	af7d5fd6012e19642c442f8d2bcafa55fe1535cd	-	46691eea14ffc4ee045b14fc950bcd7b8217f44a7bf2cfe770d89ca3ac55c75e	-	-	excluded	Thermal field/method comparison only; generic status file changes outside selected thermal components not full semantic review
libqtdevices	9355a5e3136f601ef3745d6dea59d9b098b09aca	2cbfe5b293936132cb76e0fb21bbf6e307206c56	device_status.cpp	b18e08172849ca8a4428789ae9b1f456564756ba	0000000000000000000000000000000000000000	3a352d74ca216f76ca596009694d8fddab918f1e6a2cf20f024c4ecb100a4f26	-	HC000,HC001,HC002,HC003,HC004,HC005	-	excluded	Thermal field/method comparison only; generic status file changes outside selected thermal components not full semantic review
libqtdevices	9355a5e3136f601ef3745d6dea59d9b098b09aca	2cbfe5b293936132cb76e0fb21bbf6e307206c56	device_status.h	d09c91094c8db2cdd0f85a1ccf3c9cfa26fb4322	0000000000000000000000000000000000000000	130ea89d711ecbbaa8799931dd7f158dcd85c813430c26d34d4a92ebcc56276b	-	HC006	-	excluded	Thermal field/method comparison only; generic status file changes outside selected thermal components not full semantic review
libqtdevices	9355a5e3136f601ef3745d6dea59d9b098b09aca	2cbfe5b293936132cb76e0fb21bbf6e307206c56	devices/device_status.cpp	0000000000000000000000000000000000000000	92abd0bc75a392be6f1fd8fa98ef3def3e8d963a	-	34a19304ac8d1cd3b99599fb5701b402df94faf9c1e9098259639094b16745eb	-	-	excluded	Thermal field/method comparison only; generic status file changes outside selected thermal components not full semantic review
libqtdevices	9355a5e3136f601ef3745d6dea59d9b098b09aca	2cbfe5b293936132cb76e0fb21bbf6e307206c56	devices/device_status.h	0000000000000000000000000000000000000000	af7d5fd6012e19642c442f8d2bcafa55fe1535cd	-	46691eea14ffc4ee045b14fc950bcd7b8217f44a7bf2cfe770d89ca3ac55c75e	-	-	excluded	Thermal field/method comparison only; generic status file changes outside selected thermal components not full semantic review
libqtdevices	d70ed02872d883fd4ee58e91313466372a5badca	debf758ba5ce682c49c6a1fc2c343ea9ea45c74c	device_status.cpp	b18e08172849ca8a4428789ae9b1f456564756ba	0000000000000000000000000000000000000000	3a352d74ca216f76ca596009694d8fddab918f1e6a2cf20f024c4ecb100a4f26	-	HC000,HC001,HC002,HC003,HC004,HC005	-	excluded	Thermal field/method comparison only; generic status file changes outside selected thermal components not full semantic review
libqtdevices	d70ed02872d883fd4ee58e91313466372a5badca	debf758ba5ce682c49c6a1fc2c343ea9ea45c74c	device_status.h	d09c91094c8db2cdd0f85a1ccf3c9cfa26fb4322	0000000000000000000000000000000000000000	130ea89d711ecbbaa8799931dd7f158dcd85c813430c26d34d4a92ebcc56276b	-	HC006	-	excluded	Thermal field/method comparison only; generic status file changes outside selected thermal components not full semantic review
libqtdevices	d70ed02872d883fd4ee58e91313466372a5badca	debf758ba5ce682c49c6a1fc2c343ea9ea45c74c	devices/device_status.cpp	0000000000000000000000000000000000000000	92abd0bc75a392be6f1fd8fa98ef3def3e8d963a	-	34a19304ac8d1cd3b99599fb5701b402df94faf9c1e9098259639094b16745eb	-	-	excluded	Thermal field/method comparison only; generic status file changes outside selected thermal components not full semantic review
libqtdevices	d70ed02872d883fd4ee58e91313466372a5badca	debf758ba5ce682c49c6a1fc2c343ea9ea45c74c	devices/device_status.h	0000000000000000000000000000000000000000	af7d5fd6012e19642c442f8d2bcafa55fe1535cd	-	46691eea14ffc4ee045b14fc950bcd7b8217f44a7bf2cfe770d89ca3ac55c75e	-	-	excluded	Thermal field/method comparison only; generic status file changes outside selected thermal components not full semantic review
libqtdevices	d5d3ad2c6bc54ad2442a9dcb1a62590b42cc0554	219e69072d84173783786c0629c3e7913b70175d	device_status.cpp	b18e08172849ca8a4428789ae9b1f456564756ba	0000000000000000000000000000000000000000	3a352d74ca216f76ca596009694d8fddab918f1e6a2cf20f024c4ecb100a4f26	-	HC000,HC001,HC002,HC003,HC004,HC005	-	excluded	Thermal field/method comparison only; generic status file changes outside selected thermal components not full semantic review
libqtdevices	d5d3ad2c6bc54ad2442a9dcb1a62590b42cc0554	219e69072d84173783786c0629c3e7913b70175d	device_status.h	d09c91094c8db2cdd0f85a1ccf3c9cfa26fb4322	0000000000000000000000000000000000000000	130ea89d711ecbbaa8799931dd7f158dcd85c813430c26d34d4a92ebcc56276b	-	HC006	-	excluded	Thermal field/method comparison only; generic status file changes outside selected thermal components not full semantic review
libqtdevices	d5d3ad2c6bc54ad2442a9dcb1a62590b42cc0554	219e69072d84173783786c0629c3e7913b70175d	devices/device_status.cpp	0000000000000000000000000000000000000000	92abd0bc75a392be6f1fd8fa98ef3def3e8d963a	-	34a19304ac8d1cd3b99599fb5701b402df94faf9c1e9098259639094b16745eb	-	-	excluded	Thermal field/method comparison only; generic status file changes outside selected thermal components not full semantic review
libqtdevices	d5d3ad2c6bc54ad2442a9dcb1a62590b42cc0554	219e69072d84173783786c0629c3e7913b70175d	devices/device_status.h	0000000000000000000000000000000000000000	af7d5fd6012e19642c442f8d2bcafa55fe1535cd	-	46691eea14ffc4ee045b14fc950bcd7b8217f44a7bf2cfe770d89ca3ac55c75e	-	-	excluded	Thermal field/method comparison only; generic status file changes outside selected thermal components not full semantic review
libqtdevices	907ca825ef0d85f467609276da27006227d1db5e	997a92e7d360104e7ca98134346b4bb80bbf84ae	devices/device_status.cpp	608d1fa8869153cbfe0789edc4947ea2883eea3e	92abd0bc75a392be6f1fd8fa98ef3def3e8d963a	e23ad497f687e19030521d55b99a03aea8a51e6bcbfe7c2d3c7669a2b4b4b192	34a19304ac8d1cd3b99599fb5701b402df94faf9c1e9098259639094b16745eb	-	-	excluded	Thermal field/method comparison only; generic status file changes outside selected thermal components not full semantic review
libqtdevices	907ca825ef0d85f467609276da27006227d1db5e	997a92e7d360104e7ca98134346b4bb80bbf84ae	devices/device_status.h	5f4c10d2e545ba9164e2fad1602845d475e879d8	af7d5fd6012e19642c442f8d2bcafa55fe1535cd	287e8223166210b05000883d2b93040c8e143733d4af4bfb847bfbfa6a77107b	46691eea14ffc4ee045b14fc950bcd7b8217f44a7bf2cfe770d89ca3ac55c75e	-	-	excluded	Thermal field/method comparison only; generic status file changes outside selected thermal components not full semantic review
libqtdevices	b3265012fe6e38964feb6fe72bc65d1099c0a1bf	ed9374a5a0d3333981eb4b59df686284e818e366	devices/device_status.cpp	608d1fa8869153cbfe0789edc4947ea2883eea3e	92abd0bc75a392be6f1fd8fa98ef3def3e8d963a	e23ad497f687e19030521d55b99a03aea8a51e6bcbfe7c2d3c7669a2b4b4b192	34a19304ac8d1cd3b99599fb5701b402df94faf9c1e9098259639094b16745eb	-	-	excluded	Thermal field/method comparison only; generic status file changes outside selected thermal components not full semantic review
libqtdevices	b3265012fe6e38964feb6fe72bc65d1099c0a1bf	ed9374a5a0d3333981eb4b59df686284e818e366	devices/device_status.h	5f4c10d2e545ba9164e2fad1602845d475e879d8	af7d5fd6012e19642c442f8d2bcafa55fe1535cd	287e8223166210b05000883d2b93040c8e143733d4af4bfb847bfbfa6a77107b	46691eea14ffc4ee045b14fc950bcd7b8217f44a7bf2cfe770d89ca3ac55c75e	-	-	excluded	Thermal field/method comparison only; generic status file changes outside selected thermal components not full semantic review
libqtdevices	b3265012fe6e38964feb6fe72bc65d1099c0a1bf	997188ebb116e35c201d56fd66e39ebea40d655d	device_status.cpp	b18e08172849ca8a4428789ae9b1f456564756ba	0000000000000000000000000000000000000000	3a352d74ca216f76ca596009694d8fddab918f1e6a2cf20f024c4ecb100a4f26	-	HC000,HC001,HC002,HC003,HC004,HC005	-	excluded	Thermal field/method comparison only; generic status file changes outside selected thermal components not full semantic review
libqtdevices	b3265012fe6e38964feb6fe72bc65d1099c0a1bf	997188ebb116e35c201d56fd66e39ebea40d655d	device_status.h	d09c91094c8db2cdd0f85a1ccf3c9cfa26fb4322	0000000000000000000000000000000000000000	130ea89d711ecbbaa8799931dd7f158dcd85c813430c26d34d4a92ebcc56276b	-	HC006	-	excluded	Thermal field/method comparison only; generic status file changes outside selected thermal components not full semantic review
libqtdevices	b3265012fe6e38964feb6fe72bc65d1099c0a1bf	997188ebb116e35c201d56fd66e39ebea40d655d	devices/device_status.cpp	0000000000000000000000000000000000000000	92abd0bc75a392be6f1fd8fa98ef3def3e8d963a	-	34a19304ac8d1cd3b99599fb5701b402df94faf9c1e9098259639094b16745eb	-	-	excluded	Thermal field/method comparison only; generic status file changes outside selected thermal components not full semantic review
libqtdevices	b3265012fe6e38964feb6fe72bc65d1099c0a1bf	997188ebb116e35c201d56fd66e39ebea40d655d	devices/device_status.h	0000000000000000000000000000000000000000	af7d5fd6012e19642c442f8d2bcafa55fe1535cd	-	46691eea14ffc4ee045b14fc950bcd7b8217f44a7bf2cfe770d89ca3ac55c75e	-	-	excluded	Thermal field/method comparison only; generic status file changes outside selected thermal components not full semantic review
libqtdevices	997188ebb116e35c201d56fd66e39ebea40d655d	24e389940087e388db465372cacebc6474d5f650	device_status.cpp	6f02c3970e19848755b9870ef459731772c6bcda	b18e08172849ca8a4428789ae9b1f456564756ba	c1cf00192da6e5be8016b774664c713675e333e750d550f084cf4fb933efffed	3a352d74ca216f76ca596009694d8fddab918f1e6a2cf20f024c4ecb100a4f26	HC000,HC001,HC002,HC003,HC004,HC005	HC000,HC001,HC002,HC003,HC004,HC005	excluded	Thermal field/method comparison only; generic status file changes outside selected thermal components not full semantic review
libqtdevices	997188ebb116e35c201d56fd66e39ebea40d655d	24e389940087e388db465372cacebc6474d5f650	device_status.h	75eb8dfe46c69e0003fb901e6e7c887c97c70d1e	d09c91094c8db2cdd0f85a1ccf3c9cfa26fb4322	448e58a10b096734f60f67f27a9afdab528f57045eaabee75a3c7890f8f4c2ba	130ea89d711ecbbaa8799931dd7f158dcd85c813430c26d34d4a92ebcc56276b	HC006	HC006	excluded	Thermal field/method comparison only; generic status file changes outside selected thermal components not full semantic review
libqtdevices	4ccb8a9aff517998d2f5569542794522704f0f70	a377d0cdde90b28b153b8dd3a460322254e8fbf3	device_status.cpp	6f02c3970e19848755b9870ef459731772c6bcda	b18e08172849ca8a4428789ae9b1f456564756ba	c1cf00192da6e5be8016b774664c713675e333e750d550f084cf4fb933efffed	3a352d74ca216f76ca596009694d8fddab918f1e6a2cf20f024c4ecb100a4f26	HC000,HC001,HC002,HC003,HC004,HC005	HC000,HC001,HC002,HC003,HC004,HC005	excluded	Thermal field/method comparison only; generic status file changes outside selected thermal components not full semantic review
libqtdevices	4ccb8a9aff517998d2f5569542794522704f0f70	a377d0cdde90b28b153b8dd3a460322254e8fbf3	device_status.h	75eb8dfe46c69e0003fb901e6e7c887c97c70d1e	d09c91094c8db2cdd0f85a1ccf3c9cfa26fb4322	448e58a10b096734f60f67f27a9afdab528f57045eaabee75a3c7890f8f4c2ba	130ea89d711ecbbaa8799931dd7f158dcd85c813430c26d34d4a92ebcc56276b	HC006	HC006	excluded	Thermal field/method comparison only; generic status file changes outside selected thermal components not full semantic review
libqtdevices	2ecf016619aa81fc3f21b55f60158f3660c2d934	c37da6be44a9fceb3a5a821835a9d1c4ea90136e	device_status.cpp	6f02c3970e19848755b9870ef459731772c6bcda	b18e08172849ca8a4428789ae9b1f456564756ba	c1cf00192da6e5be8016b774664c713675e333e750d550f084cf4fb933efffed	3a352d74ca216f76ca596009694d8fddab918f1e6a2cf20f024c4ecb100a4f26	HC000,HC001,HC002,HC003,HC004,HC005	HC000,HC001,HC002,HC003,HC004,HC005	excluded	Thermal field/method comparison only; generic status file changes outside selected thermal components not full semantic review
libqtdevices	2ecf016619aa81fc3f21b55f60158f3660c2d934	c37da6be44a9fceb3a5a821835a9d1c4ea90136e	device_status.h	75eb8dfe46c69e0003fb901e6e7c887c97c70d1e	d09c91094c8db2cdd0f85a1ccf3c9cfa26fb4322	448e58a10b096734f60f67f27a9afdab528f57045eaabee75a3c7890f8f4c2ba	130ea89d711ecbbaa8799931dd7f158dcd85c813430c26d34d4a92ebcc56276b	HC006	HC006	excluded	Thermal field/method comparison only; generic status file changes outside selected thermal components not full semantic review
libqtdevices	ed7ea88659467d23dc06f3642e4fad0f54883d4c	a377d0cdde90b28b153b8dd3a460322254e8fbf3	device_status.cpp	6f02c3970e19848755b9870ef459731772c6bcda	0000000000000000000000000000000000000000	c1cf00192da6e5be8016b774664c713675e333e750d550f084cf4fb933efffed	-	HC000,HC001,HC002,HC003,HC004,HC005	-	excluded	Thermal field/method comparison only; generic status file changes outside selected thermal components not full semantic review
libqtdevices	ed7ea88659467d23dc06f3642e4fad0f54883d4c	a377d0cdde90b28b153b8dd3a460322254e8fbf3	device_status.h	75eb8dfe46c69e0003fb901e6e7c887c97c70d1e	0000000000000000000000000000000000000000	448e58a10b096734f60f67f27a9afdab528f57045eaabee75a3c7890f8f4c2ba	-	HC006	-	excluded	Thermal field/method comparison only; generic status file changes outside selected thermal components not full semantic review
libqtdevices	ed7ea88659467d23dc06f3642e4fad0f54883d4c	a377d0cdde90b28b153b8dd3a460322254e8fbf3	devices/device_status.cpp	0000000000000000000000000000000000000000	608d1fa8869153cbfe0789edc4947ea2883eea3e	-	e23ad497f687e19030521d55b99a03aea8a51e6bcbfe7c2d3c7669a2b4b4b192	-	-	excluded	Thermal field/method comparison only; generic status file changes outside selected thermal components not full semantic review
libqtdevices	ed7ea88659467d23dc06f3642e4fad0f54883d4c	a377d0cdde90b28b153b8dd3a460322254e8fbf3	devices/device_status.h	0000000000000000000000000000000000000000	5f4c10d2e545ba9164e2fad1602845d475e879d8	-	287e8223166210b05000883d2b93040c8e143733d4af4bfb847bfbfa6a77107b	-	-	excluded	Thermal field/method comparison only; generic status file changes outside selected thermal components not full semantic review
libqtdevices	4ad69a774e0c718317d3dcc6537ceae6091c7bc7	729ae226882409dab321f2256f42a4735a4d290b	devices/device_status.h	cf37080655577c2e99fdb596fc58ba781ff22372	5f4c10d2e545ba9164e2fad1602845d475e879d8	45b618ac3346b882579965b567172433e86f42c82d56fcedea93c0bdf268e571	287e8223166210b05000883d2b93040c8e143733d4af4bfb847bfbfa6a77107b	-	-	excluded	Thermal field/method comparison only; generic status file changes outside selected thermal components not full semantic review
libqtdevices	f1eafc7656eb056dd1bfd3583eef02c5d4b48796	bb7d738b05f157b2fc1dbb9005cb6b1004fb3e36	devices/device_status.h	cf37080655577c2e99fdb596fc58ba781ff22372	5f4c10d2e545ba9164e2fad1602845d475e879d8	45b618ac3346b882579965b567172433e86f42c82d56fcedea93c0bdf268e571	287e8223166210b05000883d2b93040c8e143733d4af4bfb847bfbfa6a77107b	-	-	excluded	Thermal field/method comparison only; generic status file changes outside selected thermal components not full semantic review
libqtdevices	eb324a1728aa49f0ef18e3f50d2c4d27ab422ec2	76a3f32c6106b3bb24d01398962924d20eecfc31	devices/device_status.h	cf37080655577c2e99fdb596fc58ba781ff22372	5f4c10d2e545ba9164e2fad1602845d475e879d8	45b618ac3346b882579965b567172433e86f42c82d56fcedea93c0bdf268e571	287e8223166210b05000883d2b93040c8e143733d4af4bfb847bfbfa6a77107b	-	-	excluded	Thermal field/method comparison only; generic status file changes outside selected thermal components not full semantic review
libqtdevices	2b102142b7f06a31d20054da9983f26b68675aeb	3e049cb89029f2a8add7d172afc9ada547f42696	device_status.cpp	6f02c3970e19848755b9870ef459731772c6bcda	0000000000000000000000000000000000000000	c1cf00192da6e5be8016b774664c713675e333e750d550f084cf4fb933efffed	-	HC000,HC001,HC002,HC003,HC004,HC005	-	excluded	Thermal field/method comparison only; generic status file changes outside selected thermal components not full semantic review
libqtdevices	2b102142b7f06a31d20054da9983f26b68675aeb	3e049cb89029f2a8add7d172afc9ada547f42696	device_status.h	75eb8dfe46c69e0003fb901e6e7c887c97c70d1e	0000000000000000000000000000000000000000	448e58a10b096734f60f67f27a9afdab528f57045eaabee75a3c7890f8f4c2ba	-	HC006	-	excluded	Thermal field/method comparison only; generic status file changes outside selected thermal components not full semantic review
libqtdevices	2b102142b7f06a31d20054da9983f26b68675aeb	3e049cb89029f2a8add7d172afc9ada547f42696	devices/device_status.cpp	0000000000000000000000000000000000000000	608d1fa8869153cbfe0789edc4947ea2883eea3e	-	e23ad497f687e19030521d55b99a03aea8a51e6bcbfe7c2d3c7669a2b4b4b192	-	-	excluded	Thermal field/method comparison only; generic status file changes outside selected thermal components not full semantic review
libqtdevices	2b102142b7f06a31d20054da9983f26b68675aeb	3e049cb89029f2a8add7d172afc9ada547f42696	devices/device_status.h	0000000000000000000000000000000000000000	cf37080655577c2e99fdb596fc58ba781ff22372	-	45b618ac3346b882579965b567172433e86f42c82d56fcedea93c0bdf268e571	-	-	excluded	Thermal field/method comparison only; generic status file changes outside selected thermal components not full semantic review
libqtdevices	f0f09b1bc205a4c4f921d24d56bb7210d1b2d26e	91cb5e509c7bbf52a23ea84ac865811168a2d597	device_status.cpp	6f02c3970e19848755b9870ef459731772c6bcda	0000000000000000000000000000000000000000	c1cf00192da6e5be8016b774664c713675e333e750d550f084cf4fb933efffed	-	HC000,HC001,HC002,HC003,HC004,HC005	-	excluded	Thermal field/method comparison only; generic status file changes outside selected thermal components not full semantic review
libqtdevices	f0f09b1bc205a4c4f921d24d56bb7210d1b2d26e	91cb5e509c7bbf52a23ea84ac865811168a2d597	device_status.h	75eb8dfe46c69e0003fb901e6e7c887c97c70d1e	0000000000000000000000000000000000000000	448e58a10b096734f60f67f27a9afdab528f57045eaabee75a3c7890f8f4c2ba	-	HC006	-	excluded	Thermal field/method comparison only; generic status file changes outside selected thermal components not full semantic review
libqtdevices	f0f09b1bc205a4c4f921d24d56bb7210d1b2d26e	91cb5e509c7bbf52a23ea84ac865811168a2d597	devices/device_status.cpp	0000000000000000000000000000000000000000	608d1fa8869153cbfe0789edc4947ea2883eea3e	-	e23ad497f687e19030521d55b99a03aea8a51e6bcbfe7c2d3c7669a2b4b4b192	-	-	excluded	Thermal field/method comparison only; generic status file changes outside selected thermal components not full semantic review
libqtdevices	f0f09b1bc205a4c4f921d24d56bb7210d1b2d26e	91cb5e509c7bbf52a23ea84ac865811168a2d597	devices/device_status.h	0000000000000000000000000000000000000000	cf37080655577c2e99fdb596fc58ba781ff22372	-	45b618ac3346b882579965b567172433e86f42c82d56fcedea93c0bdf268e571	-	-	excluded	Thermal field/method comparison only; generic status file changes outside selected thermal components not full semantic review
libqtdevices	ddc594d496732942bf6b636cac8aef56c016ee6d	423e380e61e429d859c17176b7f7d33b9e76a274	device_status.cpp	6f02c3970e19848755b9870ef459731772c6bcda	0000000000000000000000000000000000000000	c1cf00192da6e5be8016b774664c713675e333e750d550f084cf4fb933efffed	-	HC000,HC001,HC002,HC003,HC004,HC005	-	excluded	Thermal field/method comparison only; generic status file changes outside selected thermal components not full semantic review
libqtdevices	ddc594d496732942bf6b636cac8aef56c016ee6d	423e380e61e429d859c17176b7f7d33b9e76a274	device_status.h	75eb8dfe46c69e0003fb901e6e7c887c97c70d1e	0000000000000000000000000000000000000000	448e58a10b096734f60f67f27a9afdab528f57045eaabee75a3c7890f8f4c2ba	-	HC006	-	excluded	Thermal field/method comparison only; generic status file changes outside selected thermal components not full semantic review
libqtdevices	ddc594d496732942bf6b636cac8aef56c016ee6d	423e380e61e429d859c17176b7f7d33b9e76a274	devices/device_status.cpp	0000000000000000000000000000000000000000	608d1fa8869153cbfe0789edc4947ea2883eea3e	-	e23ad497f687e19030521d55b99a03aea8a51e6bcbfe7c2d3c7669a2b4b4b192	-	-	excluded	Thermal field/method comparison only; generic status file changes outside selected thermal components not full semantic review
libqtdevices	ddc594d496732942bf6b636cac8aef56c016ee6d	423e380e61e429d859c17176b7f7d33b9e76a274	devices/device_status.h	0000000000000000000000000000000000000000	cf37080655577c2e99fdb596fc58ba781ff22372	-	45b618ac3346b882579965b567172433e86f42c82d56fcedea93c0bdf268e571	-	-	excluded	Thermal field/method comparison only; generic status file changes outside selected thermal components not full semantic review
libqtdevices	f397a5425866a3e8806557dbcc47be7bd8f842be	b086d756a75967c72907c16b0e723cb914d9f73e	device_status.cpp	6f02c3970e19848755b9870ef459731772c6bcda	0000000000000000000000000000000000000000	c1cf00192da6e5be8016b774664c713675e333e750d550f084cf4fb933efffed	-	HC000,HC001,HC002,HC003,HC004,HC005	-	excluded	Thermal field/method comparison only; generic status file changes outside selected thermal components not full semantic review
libqtdevices	f397a5425866a3e8806557dbcc47be7bd8f842be	b086d756a75967c72907c16b0e723cb914d9f73e	device_status.h	75eb8dfe46c69e0003fb901e6e7c887c97c70d1e	0000000000000000000000000000000000000000	448e58a10b096734f60f67f27a9afdab528f57045eaabee75a3c7890f8f4c2ba	-	HC006	-	excluded	Thermal field/method comparison only; generic status file changes outside selected thermal components not full semantic review
libqtdevices	f397a5425866a3e8806557dbcc47be7bd8f842be	b086d756a75967c72907c16b0e723cb914d9f73e	devices/device_status.cpp	0000000000000000000000000000000000000000	608d1fa8869153cbfe0789edc4947ea2883eea3e	-	e23ad497f687e19030521d55b99a03aea8a51e6bcbfe7c2d3c7669a2b4b4b192	-	-	excluded	Thermal field/method comparison only; generic status file changes outside selected thermal components not full semantic review
libqtdevices	f397a5425866a3e8806557dbcc47be7bd8f842be	b086d756a75967c72907c16b0e723cb914d9f73e	devices/device_status.h	0000000000000000000000000000000000000000	cf37080655577c2e99fdb596fc58ba781ff22372	-	45b618ac3346b882579965b567172433e86f42c82d56fcedea93c0bdf268e571	-	-	excluded	Thermal field/method comparison only; generic status file changes outside selected thermal components not full semantic review
libqtdevices	74eb85782925fa4fe2b5ed096ec4c26d4f3158a6	d3bd41c386761fb9f9a153b1c17c1f6bf05f8549	device_status.cpp	6f02c3970e19848755b9870ef459731772c6bcda	0000000000000000000000000000000000000000	c1cf00192da6e5be8016b774664c713675e333e750d550f084cf4fb933efffed	-	HC000,HC001,HC002,HC003,HC004,HC005	-	excluded	Thermal field/method comparison only; generic status file changes outside selected thermal components not full semantic review
libqtdevices	74eb85782925fa4fe2b5ed096ec4c26d4f3158a6	d3bd41c386761fb9f9a153b1c17c1f6bf05f8549	device_status.h	75eb8dfe46c69e0003fb901e6e7c887c97c70d1e	0000000000000000000000000000000000000000	448e58a10b096734f60f67f27a9afdab528f57045eaabee75a3c7890f8f4c2ba	-	HC006	-	excluded	Thermal field/method comparison only; generic status file changes outside selected thermal components not full semantic review
libqtdevices	74eb85782925fa4fe2b5ed096ec4c26d4f3158a6	d3bd41c386761fb9f9a153b1c17c1f6bf05f8549	devices/device_status.cpp	0000000000000000000000000000000000000000	608d1fa8869153cbfe0789edc4947ea2883eea3e	-	e23ad497f687e19030521d55b99a03aea8a51e6bcbfe7c2d3c7669a2b4b4b192	-	-	excluded	Thermal field/method comparison only; generic status file changes outside selected thermal components not full semantic review
libqtdevices	74eb85782925fa4fe2b5ed096ec4c26d4f3158a6	d3bd41c386761fb9f9a153b1c17c1f6bf05f8549	devices/device_status.h	0000000000000000000000000000000000000000	cf37080655577c2e99fdb596fc58ba781ff22372	-	45b618ac3346b882579965b567172433e86f42c82d56fcedea93c0bdf268e571	-	-	excluded	Thermal field/method comparison only; generic status file changes outside selected thermal components not full semantic review
libqtdevices	bd0195dff434f590b3ef766576c2c27eebacee41	fb6f450f098cc325b5dbde40b161aab177a02dd9	device_status.cpp	6f02c3970e19848755b9870ef459731772c6bcda	0000000000000000000000000000000000000000	c1cf00192da6e5be8016b774664c713675e333e750d550f084cf4fb933efffed	-	HC000,HC001,HC002,HC003,HC004,HC005	-	excluded	Thermal field/method comparison only; generic status file changes outside selected thermal components not full semantic review
libqtdevices	bd0195dff434f590b3ef766576c2c27eebacee41	fb6f450f098cc325b5dbde40b161aab177a02dd9	device_status.h	75eb8dfe46c69e0003fb901e6e7c887c97c70d1e	0000000000000000000000000000000000000000	448e58a10b096734f60f67f27a9afdab528f57045eaabee75a3c7890f8f4c2ba	-	HC006	-	excluded	Thermal field/method comparison only; generic status file changes outside selected thermal components not full semantic review
libqtdevices	bd0195dff434f590b3ef766576c2c27eebacee41	fb6f450f098cc325b5dbde40b161aab177a02dd9	devices/device_status.cpp	0000000000000000000000000000000000000000	608d1fa8869153cbfe0789edc4947ea2883eea3e	-	e23ad497f687e19030521d55b99a03aea8a51e6bcbfe7c2d3c7669a2b4b4b192	-	-	excluded	Thermal field/method comparison only; generic status file changes outside selected thermal components not full semantic review
libqtdevices	bd0195dff434f590b3ef766576c2c27eebacee41	fb6f450f098cc325b5dbde40b161aab177a02dd9	devices/device_status.h	0000000000000000000000000000000000000000	cf37080655577c2e99fdb596fc58ba781ff22372	-	45b618ac3346b882579965b567172433e86f42c82d56fcedea93c0bdf268e571	-	-	excluded	Thermal field/method comparison only; generic status file changes outside selected thermal components not full semantic review
libqtdevices	355f2633b91ec9bb641cd2b1ba593226b1b52d09	195206644a7a0567177bfcabeb2028db0877d2f0	device_status.cpp	6f02c3970e19848755b9870ef459731772c6bcda	0000000000000000000000000000000000000000	c1cf00192da6e5be8016b774664c713675e333e750d550f084cf4fb933efffed	-	HC000,HC001,HC002,HC003,HC004,HC005	-	excluded	Thermal field/method comparison only; generic status file changes outside selected thermal components not full semantic review
libqtdevices	355f2633b91ec9bb641cd2b1ba593226b1b52d09	195206644a7a0567177bfcabeb2028db0877d2f0	device_status.h	75eb8dfe46c69e0003fb901e6e7c887c97c70d1e	0000000000000000000000000000000000000000	448e58a10b096734f60f67f27a9afdab528f57045eaabee75a3c7890f8f4c2ba	-	HC006	-	excluded	Thermal field/method comparison only; generic status file changes outside selected thermal components not full semantic review
libqtdevices	355f2633b91ec9bb641cd2b1ba593226b1b52d09	195206644a7a0567177bfcabeb2028db0877d2f0	devices/device_status.cpp	0000000000000000000000000000000000000000	608d1fa8869153cbfe0789edc4947ea2883eea3e	-	e23ad497f687e19030521d55b99a03aea8a51e6bcbfe7c2d3c7669a2b4b4b192	-	-	excluded	Thermal field/method comparison only; generic status file changes outside selected thermal components not full semantic review
libqtdevices	355f2633b91ec9bb641cd2b1ba593226b1b52d09	195206644a7a0567177bfcabeb2028db0877d2f0	devices/device_status.h	0000000000000000000000000000000000000000	cf37080655577c2e99fdb596fc58ba781ff22372	-	45b618ac3346b882579965b567172433e86f42c82d56fcedea93c0bdf268e571	-	-	excluded	Thermal field/method comparison only; generic status file changes outside selected thermal components not full semantic review
libqtdevices	5401e69d702eef1732d0f729b2d0fef5fe19d5fd	aa64c888f2df5819b14dc12a97bd9b54a0c23b86	device_status.cpp	6f02c3970e19848755b9870ef459731772c6bcda	0000000000000000000000000000000000000000	c1cf00192da6e5be8016b774664c713675e333e750d550f084cf4fb933efffed	-	HC000,HC001,HC002,HC003,HC004,HC005	-	excluded	Thermal field/method comparison only; generic status file changes outside selected thermal components not full semantic review
libqtdevices	5401e69d702eef1732d0f729b2d0fef5fe19d5fd	aa64c888f2df5819b14dc12a97bd9b54a0c23b86	device_status.h	75eb8dfe46c69e0003fb901e6e7c887c97c70d1e	0000000000000000000000000000000000000000	448e58a10b096734f60f67f27a9afdab528f57045eaabee75a3c7890f8f4c2ba	-	HC006	-	excluded	Thermal field/method comparison only; generic status file changes outside selected thermal components not full semantic review
libqtdevices	5401e69d702eef1732d0f729b2d0fef5fe19d5fd	aa64c888f2df5819b14dc12a97bd9b54a0c23b86	devices/device_status.cpp	0000000000000000000000000000000000000000	608d1fa8869153cbfe0789edc4947ea2883eea3e	-	e23ad497f687e19030521d55b99a03aea8a51e6bcbfe7c2d3c7669a2b4b4b192	-	-	excluded	Thermal field/method comparison only; generic status file changes outside selected thermal components not full semantic review
libqtdevices	5401e69d702eef1732d0f729b2d0fef5fe19d5fd	aa64c888f2df5819b14dc12a97bd9b54a0c23b86	devices/device_status.h	0000000000000000000000000000000000000000	cf37080655577c2e99fdb596fc58ba781ff22372	-	45b618ac3346b882579965b567172433e86f42c82d56fcedea93c0bdf268e571	-	-	excluded	Thermal field/method comparison only; generic status file changes outside selected thermal components not full semantic review
libqtdevices	d41f9f1e45f0935b4c4d4ff927e879845eb9a308	f7a0768a1acc5ee5af7721a16b195e797bd68f16	device_status.cpp	6f02c3970e19848755b9870ef459731772c6bcda	0000000000000000000000000000000000000000	c1cf00192da6e5be8016b774664c713675e333e750d550f084cf4fb933efffed	-	HC000,HC001,HC002,HC003,HC004,HC005	-	excluded	Thermal field/method comparison only; generic status file changes outside selected thermal components not full semantic review
libqtdevices	d41f9f1e45f0935b4c4d4ff927e879845eb9a308	f7a0768a1acc5ee5af7721a16b195e797bd68f16	device_status.h	75eb8dfe46c69e0003fb901e6e7c887c97c70d1e	0000000000000000000000000000000000000000	448e58a10b096734f60f67f27a9afdab528f57045eaabee75a3c7890f8f4c2ba	-	HC006	-	excluded	Thermal field/method comparison only; generic status file changes outside selected thermal components not full semantic review
libqtdevices	d41f9f1e45f0935b4c4d4ff927e879845eb9a308	f7a0768a1acc5ee5af7721a16b195e797bd68f16	devices/device_status.cpp	0000000000000000000000000000000000000000	608d1fa8869153cbfe0789edc4947ea2883eea3e	-	e23ad497f687e19030521d55b99a03aea8a51e6bcbfe7c2d3c7669a2b4b4b192	-	-	excluded	Thermal field/method comparison only; generic status file changes outside selected thermal components not full semantic review
libqtdevices	d41f9f1e45f0935b4c4d4ff927e879845eb9a308	f7a0768a1acc5ee5af7721a16b195e797bd68f16	devices/device_status.h	0000000000000000000000000000000000000000	cf37080655577c2e99fdb596fc58ba781ff22372	-	45b618ac3346b882579965b567172433e86f42c82d56fcedea93c0bdf268e571	-	-	excluded	Thermal field/method comparison only; generic status file changes outside selected thermal components not full semantic review
libqtdevices	ddf26ee9ace4ce8578dff818b2ce6c4f8216bd3c	0f8c23f7b620374c4b82834e7ab0bc207aaf2da5	device_status.cpp	6f02c3970e19848755b9870ef459731772c6bcda	0000000000000000000000000000000000000000	c1cf00192da6e5be8016b774664c713675e333e750d550f084cf4fb933efffed	-	HC000,HC001,HC002,HC003,HC004,HC005	-	excluded	Thermal field/method comparison only; generic status file changes outside selected thermal components not full semantic review
libqtdevices	ddf26ee9ace4ce8578dff818b2ce6c4f8216bd3c	0f8c23f7b620374c4b82834e7ab0bc207aaf2da5	device_status.h	75eb8dfe46c69e0003fb901e6e7c887c97c70d1e	0000000000000000000000000000000000000000	448e58a10b096734f60f67f27a9afdab528f57045eaabee75a3c7890f8f4c2ba	-	HC006	-	excluded	Thermal field/method comparison only; generic status file changes outside selected thermal components not full semantic review
libqtdevices	ddf26ee9ace4ce8578dff818b2ce6c4f8216bd3c	0f8c23f7b620374c4b82834e7ab0bc207aaf2da5	devices/device_status.cpp	0000000000000000000000000000000000000000	608d1fa8869153cbfe0789edc4947ea2883eea3e	-	e23ad497f687e19030521d55b99a03aea8a51e6bcbfe7c2d3c7669a2b4b4b192	-	-	excluded	Thermal field/method comparison only; generic status file changes outside selected thermal components not full semantic review
libqtdevices	ddf26ee9ace4ce8578dff818b2ce6c4f8216bd3c	0f8c23f7b620374c4b82834e7ab0bc207aaf2da5	devices/device_status.h	0000000000000000000000000000000000000000	cf37080655577c2e99fdb596fc58ba781ff22372	-	45b618ac3346b882579965b567172433e86f42c82d56fcedea93c0bdf268e571	-	-	excluded	Thermal field/method comparison only; generic status file changes outside selected thermal components not full semantic review
libqtdevices	646a429cff6dfdb2f722b0d3f522bab2cfeba6ca	ee1974797eaf0da6d6d40b9b115b947cbf83d984	device_status.cpp	6f02c3970e19848755b9870ef459731772c6bcda	0000000000000000000000000000000000000000	c1cf00192da6e5be8016b774664c713675e333e750d550f084cf4fb933efffed	-	HC000,HC001,HC002,HC003,HC004,HC005	-	excluded	Thermal field/method comparison only; generic status file changes outside selected thermal components not full semantic review
libqtdevices	646a429cff6dfdb2f722b0d3f522bab2cfeba6ca	ee1974797eaf0da6d6d40b9b115b947cbf83d984	device_status.h	75eb8dfe46c69e0003fb901e6e7c887c97c70d1e	0000000000000000000000000000000000000000	448e58a10b096734f60f67f27a9afdab528f57045eaabee75a3c7890f8f4c2ba	-	HC006	-	excluded	Thermal field/method comparison only; generic status file changes outside selected thermal components not full semantic review
libqtdevices	646a429cff6dfdb2f722b0d3f522bab2cfeba6ca	ee1974797eaf0da6d6d40b9b115b947cbf83d984	devices/device_status.cpp	0000000000000000000000000000000000000000	608d1fa8869153cbfe0789edc4947ea2883eea3e	-	e23ad497f687e19030521d55b99a03aea8a51e6bcbfe7c2d3c7669a2b4b4b192	-	-	excluded	Thermal field/method comparison only; generic status file changes outside selected thermal components not full semantic review
libqtdevices	646a429cff6dfdb2f722b0d3f522bab2cfeba6ca	ee1974797eaf0da6d6d40b9b115b947cbf83d984	devices/device_status.h	0000000000000000000000000000000000000000	cf37080655577c2e99fdb596fc58ba781ff22372	-	45b618ac3346b882579965b567172433e86f42c82d56fcedea93c0bdf268e571	-	-	excluded	Thermal field/method comparison only; generic status file changes outside selected thermal components not full semantic review
libqtdevices	13903a747c14d658fc4a69f0a76371797ad8ab7e	1e23b28a01c4daf6723dfc7ec2623b9464a0b862	device_status.cpp	6f02c3970e19848755b9870ef459731772c6bcda	0000000000000000000000000000000000000000	c1cf00192da6e5be8016b774664c713675e333e750d550f084cf4fb933efffed	-	HC000,HC001,HC002,HC003,HC004,HC005	-	excluded	Thermal field/method comparison only; generic status file changes outside selected thermal components not full semantic review
libqtdevices	13903a747c14d658fc4a69f0a76371797ad8ab7e	1e23b28a01c4daf6723dfc7ec2623b9464a0b862	device_status.h	75eb8dfe46c69e0003fb901e6e7c887c97c70d1e	0000000000000000000000000000000000000000	448e58a10b096734f60f67f27a9afdab528f57045eaabee75a3c7890f8f4c2ba	-	HC006	-	excluded	Thermal field/method comparison only; generic status file changes outside selected thermal components not full semantic review
libqtdevices	13903a747c14d658fc4a69f0a76371797ad8ab7e	1e23b28a01c4daf6723dfc7ec2623b9464a0b862	devices/device_status.cpp	0000000000000000000000000000000000000000	608d1fa8869153cbfe0789edc4947ea2883eea3e	-	e23ad497f687e19030521d55b99a03aea8a51e6bcbfe7c2d3c7669a2b4b4b192	-	-	excluded	Thermal field/method comparison only; generic status file changes outside selected thermal components not full semantic review
libqtdevices	13903a747c14d658fc4a69f0a76371797ad8ab7e	1e23b28a01c4daf6723dfc7ec2623b9464a0b862	devices/device_status.h	0000000000000000000000000000000000000000	cf37080655577c2e99fdb596fc58ba781ff22372	-	45b618ac3346b882579965b567172433e86f42c82d56fcedea93c0bdf268e571	-	-	excluded	Thermal field/method comparison only; generic status file changes outside selected thermal components not full semantic review
libqtdevices	2b182c5dc46723ca4a993ccc4fd832a9d85fbd75	5c6b1080531240d99a766fe606b142ba6bf142db	device_status.cpp	608d1fa8869153cbfe0789edc4947ea2883eea3e	0000000000000000000000000000000000000000	e23ad497f687e19030521d55b99a03aea8a51e6bcbfe7c2d3c7669a2b4b4b192	-	-	-	excluded	Thermal field/method comparison only; generic status file changes outside selected thermal components not full semantic review
libqtdevices	2b182c5dc46723ca4a993ccc4fd832a9d85fbd75	5c6b1080531240d99a766fe606b142ba6bf142db	device_status.h	cf37080655577c2e99fdb596fc58ba781ff22372	0000000000000000000000000000000000000000	45b618ac3346b882579965b567172433e86f42c82d56fcedea93c0bdf268e571	-	-	-	excluded	Thermal field/method comparison only; generic status file changes outside selected thermal components not full semantic review
libqtdevices	2b182c5dc46723ca4a993ccc4fd832a9d85fbd75	5c6b1080531240d99a766fe606b142ba6bf142db	devices/device_status.cpp	0000000000000000000000000000000000000000	608d1fa8869153cbfe0789edc4947ea2883eea3e	-	e23ad497f687e19030521d55b99a03aea8a51e6bcbfe7c2d3c7669a2b4b4b192	-	-	excluded	Thermal field/method comparison only; generic status file changes outside selected thermal components not full semantic review
libqtdevices	2b182c5dc46723ca4a993ccc4fd832a9d85fbd75	5c6b1080531240d99a766fe606b142ba6bf142db	devices/device_status.h	0000000000000000000000000000000000000000	cf37080655577c2e99fdb596fc58ba781ff22372	-	45b618ac3346b882579965b567172433e86f42c82d56fcedea93c0bdf268e571	-	-	excluded	Thermal field/method comparison only; generic status file changes outside selected thermal components not full semantic review
libqtdevices	7376213f5e102fef5f376923975d1020849b2dbc	9b22732cb8d15aaeeecba013d60f3071e838ef75	device_status.cpp	6f02c3970e19848755b9870ef459731772c6bcda	608d1fa8869153cbfe0789edc4947ea2883eea3e	c1cf00192da6e5be8016b774664c713675e333e750d550f084cf4fb933efffed	e23ad497f687e19030521d55b99a03aea8a51e6bcbfe7c2d3c7669a2b4b4b192	HC000,HC001,HC002,HC003,HC004,HC005	-	excluded	Thermal field/method comparison only; generic status file changes outside selected thermal components not full semantic review
libqtdevices	7376213f5e102fef5f376923975d1020849b2dbc	9b22732cb8d15aaeeecba013d60f3071e838ef75	device_status.h	75eb8dfe46c69e0003fb901e6e7c887c97c70d1e	cf37080655577c2e99fdb596fc58ba781ff22372	448e58a10b096734f60f67f27a9afdab528f57045eaabee75a3c7890f8f4c2ba	45b618ac3346b882579965b567172433e86f42c82d56fcedea93c0bdf268e571	HC006	-	excluded	Thermal field/method comparison only; generic status file changes outside selected thermal components not full semantic review
libqtdevices	b37b8087953a013d527724ba480c9eeee486c717	47217a482891acfff46898e39ee6ea7782f02007	device_status.cpp	6f02c3970e19848755b9870ef459731772c6bcda	608d1fa8869153cbfe0789edc4947ea2883eea3e	c1cf00192da6e5be8016b774664c713675e333e750d550f084cf4fb933efffed	e23ad497f687e19030521d55b99a03aea8a51e6bcbfe7c2d3c7669a2b4b4b192	HC000,HC001,HC002,HC003,HC004,HC005	-	excluded	Thermal field/method comparison only; generic status file changes outside selected thermal components not full semantic review
libqtdevices	b37b8087953a013d527724ba480c9eeee486c717	47217a482891acfff46898e39ee6ea7782f02007	device_status.h	75eb8dfe46c69e0003fb901e6e7c887c97c70d1e	cf37080655577c2e99fdb596fc58ba781ff22372	448e58a10b096734f60f67f27a9afdab528f57045eaabee75a3c7890f8f4c2ba	45b618ac3346b882579965b567172433e86f42c82d56fcedea93c0bdf268e571	HC006	-	excluded	Thermal field/method comparison only; generic status file changes outside selected thermal components not full semantic review
libqtdevices	e186d1bcf21f3dfa49d7b7607d5738ac3e763823	8c03e2a3a0cea135dedca6bfdaf0d4e824d41581	device_status.cpp	6f02c3970e19848755b9870ef459731772c6bcda	608d1fa8869153cbfe0789edc4947ea2883eea3e	c1cf00192da6e5be8016b774664c713675e333e750d550f084cf4fb933efffed	e23ad497f687e19030521d55b99a03aea8a51e6bcbfe7c2d3c7669a2b4b4b192	HC000,HC001,HC002,HC003,HC004,HC005	-	excluded	Thermal field/method comparison only; generic status file changes outside selected thermal components not full semantic review
libqtdevices	e186d1bcf21f3dfa49d7b7607d5738ac3e763823	8c03e2a3a0cea135dedca6bfdaf0d4e824d41581	device_status.h	75eb8dfe46c69e0003fb901e6e7c887c97c70d1e	cf37080655577c2e99fdb596fc58ba781ff22372	448e58a10b096734f60f67f27a9afdab528f57045eaabee75a3c7890f8f4c2ba	45b618ac3346b882579965b567172433e86f42c82d56fcedea93c0bdf268e571	HC006	-	excluded	Thermal field/method comparison only; generic status file changes outside selected thermal components not full semantic review
libqtdevices	7841717187cd2e70cb3ae25b2fd483ca38a2a122	8658f07655156c84ec1f99c81f6509c1b14b3113	device_status.cpp	60d4a00fb89912c327cacc55b7f757fef998cc30	608d1fa8869153cbfe0789edc4947ea2883eea3e	d75d1a73ba08b1425b37abfe8a5f1c20c273b226290b49d043d9bcc291cbe870	e23ad497f687e19030521d55b99a03aea8a51e6bcbfe7c2d3c7669a2b4b4b192	HC003,HC004,HC005	-	excluded	Thermal field/method comparison only; generic status file changes outside selected thermal components not full semantic review
libqtdevices	7841717187cd2e70cb3ae25b2fd483ca38a2a122	8658f07655156c84ec1f99c81f6509c1b14b3113	device_status.h	e976270d32895c4baabf68cf95b85fce83e3cfbe	cf37080655577c2e99fdb596fc58ba781ff22372	073dc774a487b456934867c1ee68b6344a21752f25bb754a4390adfe64f1070e	45b618ac3346b882579965b567172433e86f42c82d56fcedea93c0bdf268e571	HC007	-	excluded	Thermal field/method comparison only; generic status file changes outside selected thermal components not full semantic review
libqtdevices	ef8106550dcc3574948a07d7a9b736ad7b0a4bbb	0798aae17257534fc52c092bf8e39293e5dd7414	device_status.cpp	60d4a00fb89912c327cacc55b7f757fef998cc30	608d1fa8869153cbfe0789edc4947ea2883eea3e	d75d1a73ba08b1425b37abfe8a5f1c20c273b226290b49d043d9bcc291cbe870	e23ad497f687e19030521d55b99a03aea8a51e6bcbfe7c2d3c7669a2b4b4b192	HC003,HC004,HC005	-	excluded	Thermal field/method comparison only; generic status file changes outside selected thermal components not full semantic review
libqtdevices	ef8106550dcc3574948a07d7a9b736ad7b0a4bbb	0798aae17257534fc52c092bf8e39293e5dd7414	device_status.h	e976270d32895c4baabf68cf95b85fce83e3cfbe	cf37080655577c2e99fdb596fc58ba781ff22372	073dc774a487b456934867c1ee68b6344a21752f25bb754a4390adfe64f1070e	45b618ac3346b882579965b567172433e86f42c82d56fcedea93c0bdf268e571	HC007	-	excluded	Thermal field/method comparison only; generic status file changes outside selected thermal components not full semantic review
libqtdevices	acb925a3305cc3b80e719ee6bfcf918d9ebc963d	d99978789c5d887050e7c2f0708365aea1fc3e91	device_status.cpp	6f02c3970e19848755b9870ef459731772c6bcda	60d4a00fb89912c327cacc55b7f757fef998cc30	c1cf00192da6e5be8016b774664c713675e333e750d550f084cf4fb933efffed	d75d1a73ba08b1425b37abfe8a5f1c20c273b226290b49d043d9bcc291cbe870	HC000,HC001,HC002,HC003,HC004,HC005	HC003,HC004,HC005	excluded	Thermal field/method comparison only; generic status file changes outside selected thermal components not full semantic review
libqtdevices	acb925a3305cc3b80e719ee6bfcf918d9ebc963d	d99978789c5d887050e7c2f0708365aea1fc3e91	device_status.h	75eb8dfe46c69e0003fb901e6e7c887c97c70d1e	e976270d32895c4baabf68cf95b85fce83e3cfbe	448e58a10b096734f60f67f27a9afdab528f57045eaabee75a3c7890f8f4c2ba	073dc774a487b456934867c1ee68b6344a21752f25bb754a4390adfe64f1070e	HC006	HC007	excluded	Thermal field/method comparison only; generic status file changes outside selected thermal components not full semantic review
libqtdevices	062b0a77fb563a017d1efbf7bfb22cd8c0b69aa0	1c8b655fb28f8ad715e35d59b4e1d7f53e6eed67	device_status.cpp	6f02c3970e19848755b9870ef459731772c6bcda	60d4a00fb89912c327cacc55b7f757fef998cc30	c1cf00192da6e5be8016b774664c713675e333e750d550f084cf4fb933efffed	d75d1a73ba08b1425b37abfe8a5f1c20c273b226290b49d043d9bcc291cbe870	HC000,HC001,HC002,HC003,HC004,HC005	HC003,HC004,HC005	excluded	Thermal field/method comparison only; generic status file changes outside selected thermal components not full semantic review
libqtdevices	062b0a77fb563a017d1efbf7bfb22cd8c0b69aa0	1c8b655fb28f8ad715e35d59b4e1d7f53e6eed67	device_status.h	75eb8dfe46c69e0003fb901e6e7c887c97c70d1e	e976270d32895c4baabf68cf95b85fce83e3cfbe	448e58a10b096734f60f67f27a9afdab528f57045eaabee75a3c7890f8f4c2ba	073dc774a487b456934867c1ee68b6344a21752f25bb754a4390adfe64f1070e	HC006	HC007	excluded	Thermal field/method comparison only; generic status file changes outside selected thermal components not full semantic review
libqtdevices	9e9071ad304a9cc6a917cffd9bdf7dd836724cca	afeb4c79b275c62e3b43d11a21ca46d929c96e45	device_status.cpp	6f02c3970e19848755b9870ef459731772c6bcda	60d4a00fb89912c327cacc55b7f757fef998cc30	c1cf00192da6e5be8016b774664c713675e333e750d550f084cf4fb933efffed	d75d1a73ba08b1425b37abfe8a5f1c20c273b226290b49d043d9bcc291cbe870	HC000,HC001,HC002,HC003,HC004,HC005	HC003,HC004,HC005	excluded	Thermal field/method comparison only; generic status file changes outside selected thermal components not full semantic review
libqtdevices	9e9071ad304a9cc6a917cffd9bdf7dd836724cca	afeb4c79b275c62e3b43d11a21ca46d929c96e45	device_status.h	75eb8dfe46c69e0003fb901e6e7c887c97c70d1e	e976270d32895c4baabf68cf95b85fce83e3cfbe	448e58a10b096734f60f67f27a9afdab528f57045eaabee75a3c7890f8f4c2ba	073dc774a487b456934867c1ee68b6344a21752f25bb754a4390adfe64f1070e	HC006	HC007	excluded	Thermal field/method comparison only; generic status file changes outside selected thermal components not full semantic review
libqtdevices	08a208901f3b12a42334753247b19643982dc9c6	a374115272936a277d31e3b6d15a415e6d00b720	device_status.cpp	6f02c3970e19848755b9870ef459731772c6bcda	60d4a00fb89912c327cacc55b7f757fef998cc30	c1cf00192da6e5be8016b774664c713675e333e750d550f084cf4fb933efffed	d75d1a73ba08b1425b37abfe8a5f1c20c273b226290b49d043d9bcc291cbe870	HC000,HC001,HC002,HC003,HC004,HC005	HC003,HC004,HC005	excluded	Thermal field/method comparison only; generic status file changes outside selected thermal components not full semantic review
libqtdevices	08a208901f3b12a42334753247b19643982dc9c6	a374115272936a277d31e3b6d15a415e6d00b720	device_status.h	75eb8dfe46c69e0003fb901e6e7c887c97c70d1e	e976270d32895c4baabf68cf95b85fce83e3cfbe	448e58a10b096734f60f67f27a9afdab528f57045eaabee75a3c7890f8f4c2ba	073dc774a487b456934867c1ee68b6344a21752f25bb754a4390adfe64f1070e	HC006	HC007	excluded	Thermal field/method comparison only; generic status file changes outside selected thermal components not full semantic review
libqtdevices	f27658eac06b9b5a4c0ee57293e233f1f7b2301e	797d89ab83650e28b0c61a79cfef4c587817d276	device_status.cpp	6f02c3970e19848755b9870ef459731772c6bcda	60d4a00fb89912c327cacc55b7f757fef998cc30	c1cf00192da6e5be8016b774664c713675e333e750d550f084cf4fb933efffed	d75d1a73ba08b1425b37abfe8a5f1c20c273b226290b49d043d9bcc291cbe870	HC000,HC001,HC002,HC003,HC004,HC005	HC003,HC004,HC005	excluded	Thermal field/method comparison only; generic status file changes outside selected thermal components not full semantic review
libqtdevices	f27658eac06b9b5a4c0ee57293e233f1f7b2301e	797d89ab83650e28b0c61a79cfef4c587817d276	device_status.h	75eb8dfe46c69e0003fb901e6e7c887c97c70d1e	e976270d32895c4baabf68cf95b85fce83e3cfbe	448e58a10b096734f60f67f27a9afdab528f57045eaabee75a3c7890f8f4c2ba	073dc774a487b456934867c1ee68b6344a21752f25bb754a4390adfe64f1070e	HC006	HC007	excluded	Thermal field/method comparison only; generic status file changes outside selected thermal components not full semantic review
libqtdevices	bdfdeb067fdd87188614de7fcaf73db307661cca	4a1d2187c1981f351db551c2471339222d875887	device_status.cpp	6f02c3970e19848755b9870ef459731772c6bcda	60d4a00fb89912c327cacc55b7f757fef998cc30	c1cf00192da6e5be8016b774664c713675e333e750d550f084cf4fb933efffed	d75d1a73ba08b1425b37abfe8a5f1c20c273b226290b49d043d9bcc291cbe870	HC000,HC001,HC002,HC003,HC004,HC005	HC003,HC004,HC005	excluded	Thermal field/method comparison only; generic status file changes outside selected thermal components not full semantic review
libqtdevices	bdfdeb067fdd87188614de7fcaf73db307661cca	4a1d2187c1981f351db551c2471339222d875887	device_status.h	75eb8dfe46c69e0003fb901e6e7c887c97c70d1e	e976270d32895c4baabf68cf95b85fce83e3cfbe	448e58a10b096734f60f67f27a9afdab528f57045eaabee75a3c7890f8f4c2ba	073dc774a487b456934867c1ee68b6344a21752f25bb754a4390adfe64f1070e	HC006	HC007	excluded	Thermal field/method comparison only; generic status file changes outside selected thermal components not full semantic review
libqtdevices	eef2fc2ccc70fa96b175d5aa6a3c2845978048a2	ea7c8025282677b587638a9f36a92a6db73a9e8b	device_status.cpp	6f02c3970e19848755b9870ef459731772c6bcda	60d4a00fb89912c327cacc55b7f757fef998cc30	c1cf00192da6e5be8016b774664c713675e333e750d550f084cf4fb933efffed	d75d1a73ba08b1425b37abfe8a5f1c20c273b226290b49d043d9bcc291cbe870	HC000,HC001,HC002,HC003,HC004,HC005	HC003,HC004,HC005	excluded	Thermal field/method comparison only; generic status file changes outside selected thermal components not full semantic review
libqtdevices	eef2fc2ccc70fa96b175d5aa6a3c2845978048a2	ea7c8025282677b587638a9f36a92a6db73a9e8b	device_status.h	75eb8dfe46c69e0003fb901e6e7c887c97c70d1e	e976270d32895c4baabf68cf95b85fce83e3cfbe	448e58a10b096734f60f67f27a9afdab528f57045eaabee75a3c7890f8f4c2ba	073dc774a487b456934867c1ee68b6344a21752f25bb754a4390adfe64f1070e	HC006	HC007	excluded	Thermal field/method comparison only; generic status file changes outside selected thermal components not full semantic review
libqtdevices	a2ab20d0e95ae4bf0754b9d5994dc07825fb13a3	4daaffde1a45d92e8dffcb3ddb4ce652a1d60529	device_status.cpp	6f02c3970e19848755b9870ef459731772c6bcda	60d4a00fb89912c327cacc55b7f757fef998cc30	c1cf00192da6e5be8016b774664c713675e333e750d550f084cf4fb933efffed	d75d1a73ba08b1425b37abfe8a5f1c20c273b226290b49d043d9bcc291cbe870	HC000,HC001,HC002,HC003,HC004,HC005	HC003,HC004,HC005	excluded	Thermal field/method comparison only; generic status file changes outside selected thermal components not full semantic review
libqtdevices	a2ab20d0e95ae4bf0754b9d5994dc07825fb13a3	4daaffde1a45d92e8dffcb3ddb4ce652a1d60529	device_status.h	75eb8dfe46c69e0003fb901e6e7c887c97c70d1e	e976270d32895c4baabf68cf95b85fce83e3cfbe	448e58a10b096734f60f67f27a9afdab528f57045eaabee75a3c7890f8f4c2ba	073dc774a487b456934867c1ee68b6344a21752f25bb754a4390adfe64f1070e	HC006	HC007	excluded	Thermal field/method comparison only; generic status file changes outside selected thermal components not full semantic review
libqtdevices	a302b45b8878a55504ee16ad36a1c904aa1a8501	98afd91ac7164c6b2acb3b8aeb7c9775d4963ca5	device_status.cpp	6f02c3970e19848755b9870ef459731772c6bcda	60d4a00fb89912c327cacc55b7f757fef998cc30	c1cf00192da6e5be8016b774664c713675e333e750d550f084cf4fb933efffed	d75d1a73ba08b1425b37abfe8a5f1c20c273b226290b49d043d9bcc291cbe870	HC000,HC001,HC002,HC003,HC004,HC005	HC003,HC004,HC005	excluded	Thermal field/method comparison only; generic status file changes outside selected thermal components not full semantic review
libqtdevices	a302b45b8878a55504ee16ad36a1c904aa1a8501	98afd91ac7164c6b2acb3b8aeb7c9775d4963ca5	device_status.h	75eb8dfe46c69e0003fb901e6e7c887c97c70d1e	e976270d32895c4baabf68cf95b85fce83e3cfbe	448e58a10b096734f60f67f27a9afdab528f57045eaabee75a3c7890f8f4c2ba	073dc774a487b456934867c1ee68b6344a21752f25bb754a4390adfe64f1070e	HC006	HC007	excluded	Thermal field/method comparison only; generic status file changes outside selected thermal components not full semantic review
libqtdevices	fe8b28183f00d59219388cd2f351fa748fe50e19	c2e3e38bd25bf40791b50eac73f9bd504b83e122	device_status.cpp	6f02c3970e19848755b9870ef459731772c6bcda	60d4a00fb89912c327cacc55b7f757fef998cc30	c1cf00192da6e5be8016b774664c713675e333e750d550f084cf4fb933efffed	d75d1a73ba08b1425b37abfe8a5f1c20c273b226290b49d043d9bcc291cbe870	HC000,HC001,HC002,HC003,HC004,HC005	HC003,HC004,HC005	excluded	Thermal field/method comparison only; generic status file changes outside selected thermal components not full semantic review
libqtdevices	fe8b28183f00d59219388cd2f351fa748fe50e19	c2e3e38bd25bf40791b50eac73f9bd504b83e122	device_status.h	75eb8dfe46c69e0003fb901e6e7c887c97c70d1e	e976270d32895c4baabf68cf95b85fce83e3cfbe	448e58a10b096734f60f67f27a9afdab528f57045eaabee75a3c7890f8f4c2ba	073dc774a487b456934867c1ee68b6344a21752f25bb754a4390adfe64f1070e	HC006	HC007	excluded	Thermal field/method comparison only; generic status file changes outside selected thermal components not full semantic review
libqtdevices	1c999ba9693ce55ee477607b38c6091f61b94800	58aca1f3b16c52fd410938ce36dfed5d839a3ad2	device_status.cpp	6f02c3970e19848755b9870ef459731772c6bcda	60d4a00fb89912c327cacc55b7f757fef998cc30	c1cf00192da6e5be8016b774664c713675e333e750d550f084cf4fb933efffed	d75d1a73ba08b1425b37abfe8a5f1c20c273b226290b49d043d9bcc291cbe870	HC000,HC001,HC002,HC003,HC004,HC005	HC003,HC004,HC005	excluded	Thermal field/method comparison only; generic status file changes outside selected thermal components not full semantic review
libqtdevices	1c999ba9693ce55ee477607b38c6091f61b94800	58aca1f3b16c52fd410938ce36dfed5d839a3ad2	device_status.h	75eb8dfe46c69e0003fb901e6e7c887c97c70d1e	e976270d32895c4baabf68cf95b85fce83e3cfbe	448e58a10b096734f60f67f27a9afdab528f57045eaabee75a3c7890f8f4c2ba	073dc774a487b456934867c1ee68b6344a21752f25bb754a4390adfe64f1070e	HC006	HC007	excluded	Thermal field/method comparison only; generic status file changes outside selected thermal components not full semantic review
libqtdevices	3bfa848d0a9ed2e0f2905e29af13e4e511f8cb5f	2353ad016121a15105e5cd0e7660df3eb5d7f0ff	device_status.cpp	6f02c3970e19848755b9870ef459731772c6bcda	60d4a00fb89912c327cacc55b7f757fef998cc30	c1cf00192da6e5be8016b774664c713675e333e750d550f084cf4fb933efffed	d75d1a73ba08b1425b37abfe8a5f1c20c273b226290b49d043d9bcc291cbe870	HC000,HC001,HC002,HC003,HC004,HC005	HC003,HC004,HC005	excluded	Thermal field/method comparison only; generic status file changes outside selected thermal components not full semantic review
libqtdevices	3bfa848d0a9ed2e0f2905e29af13e4e511f8cb5f	2353ad016121a15105e5cd0e7660df3eb5d7f0ff	device_status.h	75eb8dfe46c69e0003fb901e6e7c887c97c70d1e	e976270d32895c4baabf68cf95b85fce83e3cfbe	448e58a10b096734f60f67f27a9afdab528f57045eaabee75a3c7890f8f4c2ba	073dc774a487b456934867c1ee68b6344a21752f25bb754a4390adfe64f1070e	HC006	HC007	excluded	Thermal field/method comparison only; generic status file changes outside selected thermal components not full semantic review
libqtdevices	c7840d1f0f1c1801423763078ddf4bf8139ae481	a1a30fc2a668b9a4257b3f94cdf58fd6a0c52860	device_status.cpp	6f02c3970e19848755b9870ef459731772c6bcda	60d4a00fb89912c327cacc55b7f757fef998cc30	c1cf00192da6e5be8016b774664c713675e333e750d550f084cf4fb933efffed	d75d1a73ba08b1425b37abfe8a5f1c20c273b226290b49d043d9bcc291cbe870	HC000,HC001,HC002,HC003,HC004,HC005	HC003,HC004,HC005	excluded	Thermal field/method comparison only; generic status file changes outside selected thermal components not full semantic review
libqtdevices	c7840d1f0f1c1801423763078ddf4bf8139ae481	a1a30fc2a668b9a4257b3f94cdf58fd6a0c52860	device_status.h	75eb8dfe46c69e0003fb901e6e7c887c97c70d1e	e976270d32895c4baabf68cf95b85fce83e3cfbe	448e58a10b096734f60f67f27a9afdab528f57045eaabee75a3c7890f8f4c2ba	073dc774a487b456934867c1ee68b6344a21752f25bb754a4390adfe64f1070e	HC006	HC007	excluded	Thermal field/method comparison only; generic status file changes outside selected thermal components not full semantic review
libqtdevices	a5d45062b6af4729ec9ee7d1c89ecf15719ed76c	a30496a6b9d1296d1bbf3b92c652e8e3452299ac	device_status.cpp	6f02c3970e19848755b9870ef459731772c6bcda	60d4a00fb89912c327cacc55b7f757fef998cc30	c1cf00192da6e5be8016b774664c713675e333e750d550f084cf4fb933efffed	d75d1a73ba08b1425b37abfe8a5f1c20c273b226290b49d043d9bcc291cbe870	HC000,HC001,HC002,HC003,HC004,HC005	HC003,HC004,HC005	excluded	Thermal field/method comparison only; generic status file changes outside selected thermal components not full semantic review
libqtdevices	a5d45062b6af4729ec9ee7d1c89ecf15719ed76c	a30496a6b9d1296d1bbf3b92c652e8e3452299ac	device_status.h	75eb8dfe46c69e0003fb901e6e7c887c97c70d1e	e976270d32895c4baabf68cf95b85fce83e3cfbe	448e58a10b096734f60f67f27a9afdab528f57045eaabee75a3c7890f8f4c2ba	073dc774a487b456934867c1ee68b6344a21752f25bb754a4390adfe64f1070e	HC006	HC007	excluded	Thermal field/method comparison only; generic status file changes outside selected thermal components not full semantic review
libqtdevices	d9a07f1197a814c013197c5c67af0e81f4c57ed3	8f32aecace099ca14758b72599fd477c1e0c9467	device_status.cpp	6f02c3970e19848755b9870ef459731772c6bcda	60d4a00fb89912c327cacc55b7f757fef998cc30	c1cf00192da6e5be8016b774664c713675e333e750d550f084cf4fb933efffed	d75d1a73ba08b1425b37abfe8a5f1c20c273b226290b49d043d9bcc291cbe870	HC000,HC001,HC002,HC003,HC004,HC005	HC003,HC004,HC005	excluded	Thermal field/method comparison only; generic status file changes outside selected thermal components not full semantic review
libqtdevices	d9a07f1197a814c013197c5c67af0e81f4c57ed3	8f32aecace099ca14758b72599fd477c1e0c9467	device_status.h	75eb8dfe46c69e0003fb901e6e7c887c97c70d1e	e976270d32895c4baabf68cf95b85fce83e3cfbe	448e58a10b096734f60f67f27a9afdab528f57045eaabee75a3c7890f8f4c2ba	073dc774a487b456934867c1ee68b6344a21752f25bb754a4390adfe64f1070e	HC006	HC007	excluded	Thermal field/method comparison only; generic status file changes outside selected thermal components not full semantic review
libqtdevices	ab1573bd789a9ac54806f739235111e405a1e3de	1e5a3c48162ee67a46a5b51316651dda440d8ffa	device_status.cpp	6f02c3970e19848755b9870ef459731772c6bcda	60d4a00fb89912c327cacc55b7f757fef998cc30	c1cf00192da6e5be8016b774664c713675e333e750d550f084cf4fb933efffed	d75d1a73ba08b1425b37abfe8a5f1c20c273b226290b49d043d9bcc291cbe870	HC000,HC001,HC002,HC003,HC004,HC005	HC003,HC004,HC005	excluded	Thermal field/method comparison only; generic status file changes outside selected thermal components not full semantic review
libqtdevices	ab1573bd789a9ac54806f739235111e405a1e3de	1e5a3c48162ee67a46a5b51316651dda440d8ffa	device_status.h	75eb8dfe46c69e0003fb901e6e7c887c97c70d1e	e976270d32895c4baabf68cf95b85fce83e3cfbe	448e58a10b096734f60f67f27a9afdab528f57045eaabee75a3c7890f8f4c2ba	073dc774a487b456934867c1ee68b6344a21752f25bb754a4390adfe64f1070e	HC006	HC007	excluded	Thermal field/method comparison only; generic status file changes outside selected thermal components not full semantic review
libqtdevices	ab1573bd789a9ac54806f739235111e405a1e3de	605c99d419139bc71fa2ccccbc1fb9a5c02c2f2f	device_status.cpp	6f02c3970e19848755b9870ef459731772c6bcda	60d4a00fb89912c327cacc55b7f757fef998cc30	c1cf00192da6e5be8016b774664c713675e333e750d550f084cf4fb933efffed	d75d1a73ba08b1425b37abfe8a5f1c20c273b226290b49d043d9bcc291cbe870	HC000,HC001,HC002,HC003,HC004,HC005	HC003,HC004,HC005	excluded	Thermal field/method comparison only; generic status file changes outside selected thermal components not full semantic review
libqtdevices	ab1573bd789a9ac54806f739235111e405a1e3de	605c99d419139bc71fa2ccccbc1fb9a5c02c2f2f	device_status.h	75eb8dfe46c69e0003fb901e6e7c887c97c70d1e	e976270d32895c4baabf68cf95b85fce83e3cfbe	448e58a10b096734f60f67f27a9afdab528f57045eaabee75a3c7890f8f4c2ba	073dc774a487b456934867c1ee68b6344a21752f25bb754a4390adfe64f1070e	HC006	HC007	excluded	Thermal field/method comparison only; generic status file changes outside selected thermal components not full semantic review
libqtdevices	204c31565ed20627e229f87efbd1cae707e2b865	1e5a3c48162ee67a46a5b51316651dda440d8ffa	device_status.cpp	6f02c3970e19848755b9870ef459731772c6bcda	60d4a00fb89912c327cacc55b7f757fef998cc30	c1cf00192da6e5be8016b774664c713675e333e750d550f084cf4fb933efffed	d75d1a73ba08b1425b37abfe8a5f1c20c273b226290b49d043d9bcc291cbe870	HC000,HC001,HC002,HC003,HC004,HC005	HC003,HC004,HC005	excluded	Thermal field/method comparison only; generic status file changes outside selected thermal components not full semantic review
libqtdevices	204c31565ed20627e229f87efbd1cae707e2b865	1e5a3c48162ee67a46a5b51316651dda440d8ffa	device_status.h	75eb8dfe46c69e0003fb901e6e7c887c97c70d1e	e976270d32895c4baabf68cf95b85fce83e3cfbe	448e58a10b096734f60f67f27a9afdab528f57045eaabee75a3c7890f8f4c2ba	073dc774a487b456934867c1ee68b6344a21752f25bb754a4390adfe64f1070e	HC006	HC007	excluded	Thermal field/method comparison only; generic status file changes outside selected thermal components not full semantic review
libqtdevices	c8ed6beb733e9b6adb4d71256d0876d3f6707267	fc332695aee437833213a6f926760730b6454fe1	device_status.cpp	6f02c3970e19848755b9870ef459731772c6bcda	60d4a00fb89912c327cacc55b7f757fef998cc30	c1cf00192da6e5be8016b774664c713675e333e750d550f084cf4fb933efffed	d75d1a73ba08b1425b37abfe8a5f1c20c273b226290b49d043d9bcc291cbe870	HC000,HC001,HC002,HC003,HC004,HC005	HC003,HC004,HC005	excluded	Thermal field/method comparison only; generic status file changes outside selected thermal components not full semantic review
libqtdevices	c8ed6beb733e9b6adb4d71256d0876d3f6707267	fc332695aee437833213a6f926760730b6454fe1	device_status.h	75eb8dfe46c69e0003fb901e6e7c887c97c70d1e	e976270d32895c4baabf68cf95b85fce83e3cfbe	448e58a10b096734f60f67f27a9afdab528f57045eaabee75a3c7890f8f4c2ba	073dc774a487b456934867c1ee68b6344a21752f25bb754a4390adfe64f1070e	HC006	HC007	excluded	Thermal field/method comparison only; generic status file changes outside selected thermal components not full semantic review
libqtdevices	2a3a17a92df05c18c41b598b6f6480050d286d0e	6eec57a0d0186082a90e2ccd9b1bbaebe500f6d7	device_status.cpp	6f02c3970e19848755b9870ef459731772c6bcda	60d4a00fb89912c327cacc55b7f757fef998cc30	c1cf00192da6e5be8016b774664c713675e333e750d550f084cf4fb933efffed	d75d1a73ba08b1425b37abfe8a5f1c20c273b226290b49d043d9bcc291cbe870	HC000,HC001,HC002,HC003,HC004,HC005	HC003,HC004,HC005	excluded	Thermal field/method comparison only; generic status file changes outside selected thermal components not full semantic review
libqtdevices	2a3a17a92df05c18c41b598b6f6480050d286d0e	6eec57a0d0186082a90e2ccd9b1bbaebe500f6d7	device_status.h	75eb8dfe46c69e0003fb901e6e7c887c97c70d1e	e976270d32895c4baabf68cf95b85fce83e3cfbe	448e58a10b096734f60f67f27a9afdab528f57045eaabee75a3c7890f8f4c2ba	073dc774a487b456934867c1ee68b6344a21752f25bb754a4390adfe64f1070e	HC006	HC007	excluded	Thermal field/method comparison only; generic status file changes outside selected thermal components not full semantic review
libqtdevices	4be7b570c6d5ee714b331b7922b93d9378beb1ed	ee51329d18e803e06edc736399100a682d1a7b35	device_status.cpp	6f02c3970e19848755b9870ef459731772c6bcda	60d4a00fb89912c327cacc55b7f757fef998cc30	c1cf00192da6e5be8016b774664c713675e333e750d550f084cf4fb933efffed	d75d1a73ba08b1425b37abfe8a5f1c20c273b226290b49d043d9bcc291cbe870	HC000,HC001,HC002,HC003,HC004,HC005	HC003,HC004,HC005	excluded	Thermal field/method comparison only; generic status file changes outside selected thermal components not full semantic review
libqtdevices	4be7b570c6d5ee714b331b7922b93d9378beb1ed	ee51329d18e803e06edc736399100a682d1a7b35	device_status.h	75eb8dfe46c69e0003fb901e6e7c887c97c70d1e	e976270d32895c4baabf68cf95b85fce83e3cfbe	448e58a10b096734f60f67f27a9afdab528f57045eaabee75a3c7890f8f4c2ba	073dc774a487b456934867c1ee68b6344a21752f25bb754a4390adfe64f1070e	HC006	HC007	excluded	Thermal field/method comparison only; generic status file changes outside selected thermal components not full semantic review
libqtdevices	5564b9503db951619e41af5ef8bb405492ffaca4	44b0716d1ea104adf37a9063c23c6f4a3da325a4	device_status.cpp	6f02c3970e19848755b9870ef459731772c6bcda	60d4a00fb89912c327cacc55b7f757fef998cc30	c1cf00192da6e5be8016b774664c713675e333e750d550f084cf4fb933efffed	d75d1a73ba08b1425b37abfe8a5f1c20c273b226290b49d043d9bcc291cbe870	HC000,HC001,HC002,HC003,HC004,HC005	HC003,HC004,HC005	excluded	Thermal field/method comparison only; generic status file changes outside selected thermal components not full semantic review
libqtdevices	5564b9503db951619e41af5ef8bb405492ffaca4	44b0716d1ea104adf37a9063c23c6f4a3da325a4	device_status.h	75eb8dfe46c69e0003fb901e6e7c887c97c70d1e	e976270d32895c4baabf68cf95b85fce83e3cfbe	448e58a10b096734f60f67f27a9afdab528f57045eaabee75a3c7890f8f4c2ba	073dc774a487b456934867c1ee68b6344a21752f25bb754a4390adfe64f1070e	HC006	HC007	excluded	Thermal field/method comparison only; generic status file changes outside selected thermal components not full semantic review
libqtdevices	88ba22e52ebe0786bcb03ef8210c5c899fd0d2ef	44b0716d1ea104adf37a9063c23c6f4a3da325a4	device_status.cpp	6f02c3970e19848755b9870ef459731772c6bcda	60d4a00fb89912c327cacc55b7f757fef998cc30	c1cf00192da6e5be8016b774664c713675e333e750d550f084cf4fb933efffed	d75d1a73ba08b1425b37abfe8a5f1c20c273b226290b49d043d9bcc291cbe870	HC000,HC001,HC002,HC003,HC004,HC005	HC003,HC004,HC005	excluded	Thermal field/method comparison only; generic status file changes outside selected thermal components not full semantic review
libqtdevices	88ba22e52ebe0786bcb03ef8210c5c899fd0d2ef	44b0716d1ea104adf37a9063c23c6f4a3da325a4	device_status.h	75eb8dfe46c69e0003fb901e6e7c887c97c70d1e	e976270d32895c4baabf68cf95b85fce83e3cfbe	448e58a10b096734f60f67f27a9afdab528f57045eaabee75a3c7890f8f4c2ba	073dc774a487b456934867c1ee68b6344a21752f25bb754a4390adfe64f1070e	HC006	HC007	excluded	Thermal field/method comparison only; generic status file changes outside selected thermal components not full semantic review
libqtdevices	4bc0c443d2671dceb357bfe8f1a5c76e1a49cf40	b120ebe31ebe8fffd40b4ba381a61a6241f31251	device_status.cpp	6f02c3970e19848755b9870ef459731772c6bcda	60d4a00fb89912c327cacc55b7f757fef998cc30	c1cf00192da6e5be8016b774664c713675e333e750d550f084cf4fb933efffed	d75d1a73ba08b1425b37abfe8a5f1c20c273b226290b49d043d9bcc291cbe870	HC000,HC001,HC002,HC003,HC004,HC005	HC003,HC004,HC005	excluded	Thermal field/method comparison only; generic status file changes outside selected thermal components not full semantic review
libqtdevices	4bc0c443d2671dceb357bfe8f1a5c76e1a49cf40	b120ebe31ebe8fffd40b4ba381a61a6241f31251	device_status.h	75eb8dfe46c69e0003fb901e6e7c887c97c70d1e	e976270d32895c4baabf68cf95b85fce83e3cfbe	448e58a10b096734f60f67f27a9afdab528f57045eaabee75a3c7890f8f4c2ba	073dc774a487b456934867c1ee68b6344a21752f25bb754a4390adfe64f1070e	HC006	HC007	excluded	Thermal field/method comparison only; generic status file changes outside selected thermal components not full semantic review
libqtdevices	4bc0c443d2671dceb357bfe8f1a5c76e1a49cf40	cb8cca6cac83bb82df3dcd96aa2bb53269d4bf75	device_status.cpp	6f02c3970e19848755b9870ef459731772c6bcda	60d4a00fb89912c327cacc55b7f757fef998cc30	c1cf00192da6e5be8016b774664c713675e333e750d550f084cf4fb933efffed	d75d1a73ba08b1425b37abfe8a5f1c20c273b226290b49d043d9bcc291cbe870	HC000,HC001,HC002,HC003,HC004,HC005	HC003,HC004,HC005	excluded	Thermal field/method comparison only; generic status file changes outside selected thermal components not full semantic review
libqtdevices	4bc0c443d2671dceb357bfe8f1a5c76e1a49cf40	cb8cca6cac83bb82df3dcd96aa2bb53269d4bf75	device_status.h	75eb8dfe46c69e0003fb901e6e7c887c97c70d1e	e976270d32895c4baabf68cf95b85fce83e3cfbe	448e58a10b096734f60f67f27a9afdab528f57045eaabee75a3c7890f8f4c2ba	073dc774a487b456934867c1ee68b6344a21752f25bb754a4390adfe64f1070e	HC006	HC007	excluded	Thermal field/method comparison only; generic status file changes outside selected thermal components not full semantic review
libqtdevices	1c0c6f2fcdeee781418af80684a841257a7e78d2	b120ebe31ebe8fffd40b4ba381a61a6241f31251	device_status.cpp	6f02c3970e19848755b9870ef459731772c6bcda	60d4a00fb89912c327cacc55b7f757fef998cc30	c1cf00192da6e5be8016b774664c713675e333e750d550f084cf4fb933efffed	d75d1a73ba08b1425b37abfe8a5f1c20c273b226290b49d043d9bcc291cbe870	HC000,HC001,HC002,HC003,HC004,HC005	HC003,HC004,HC005	excluded	Thermal field/method comparison only; generic status file changes outside selected thermal components not full semantic review
libqtdevices	1c0c6f2fcdeee781418af80684a841257a7e78d2	b120ebe31ebe8fffd40b4ba381a61a6241f31251	device_status.h	75eb8dfe46c69e0003fb901e6e7c887c97c70d1e	e976270d32895c4baabf68cf95b85fce83e3cfbe	448e58a10b096734f60f67f27a9afdab528f57045eaabee75a3c7890f8f4c2ba	073dc774a487b456934867c1ee68b6344a21752f25bb754a4390adfe64f1070e	HC006	HC007	excluded	Thermal field/method comparison only; generic status file changes outside selected thermal components not full semantic review
libqtdevices	f2e1741540471f633bc29f21cc10f6d3430f2a1e	b120ebe31ebe8fffd40b4ba381a61a6241f31251	device_status.cpp	6f02c3970e19848755b9870ef459731772c6bcda	60d4a00fb89912c327cacc55b7f757fef998cc30	c1cf00192da6e5be8016b774664c713675e333e750d550f084cf4fb933efffed	d75d1a73ba08b1425b37abfe8a5f1c20c273b226290b49d043d9bcc291cbe870	HC000,HC001,HC002,HC003,HC004,HC005	HC003,HC004,HC005	excluded	Thermal field/method comparison only; generic status file changes outside selected thermal components not full semantic review
libqtdevices	f2e1741540471f633bc29f21cc10f6d3430f2a1e	b120ebe31ebe8fffd40b4ba381a61a6241f31251	device_status.h	75eb8dfe46c69e0003fb901e6e7c887c97c70d1e	e976270d32895c4baabf68cf95b85fce83e3cfbe	448e58a10b096734f60f67f27a9afdab528f57045eaabee75a3c7890f8f4c2ba	073dc774a487b456934867c1ee68b6344a21752f25bb754a4390adfe64f1070e	HC006	HC007	excluded	Thermal field/method comparison only; generic status file changes outside selected thermal components not full semantic review
libqtdevices	438e61979aae6818104b5b2a06865f7d77537c59	d2b33ae975b0684b36ad64b2224fb45abae7aa0f	device_status.cpp	6f02c3970e19848755b9870ef459731772c6bcda	60d4a00fb89912c327cacc55b7f757fef998cc30	c1cf00192da6e5be8016b774664c713675e333e750d550f084cf4fb933efffed	d75d1a73ba08b1425b37abfe8a5f1c20c273b226290b49d043d9bcc291cbe870	HC000,HC001,HC002,HC003,HC004,HC005	HC003,HC004,HC005	excluded	Thermal field/method comparison only; generic status file changes outside selected thermal components not full semantic review
libqtdevices	438e61979aae6818104b5b2a06865f7d77537c59	d2b33ae975b0684b36ad64b2224fb45abae7aa0f	device_status.h	75eb8dfe46c69e0003fb901e6e7c887c97c70d1e	e976270d32895c4baabf68cf95b85fce83e3cfbe	448e58a10b096734f60f67f27a9afdab528f57045eaabee75a3c7890f8f4c2ba	073dc774a487b456934867c1ee68b6344a21752f25bb754a4390adfe64f1070e	HC006	HC007	excluded	Thermal field/method comparison only; generic status file changes outside selected thermal components not full semantic review
libqtdevices	62f61c7de89baaa8ae2b8051cc3dc9174db2ebd9	67dbdcefcf3f7be49d4855ade3bfcf6481504d7f	device_status.cpp	6f02c3970e19848755b9870ef459731772c6bcda	60d4a00fb89912c327cacc55b7f757fef998cc30	c1cf00192da6e5be8016b774664c713675e333e750d550f084cf4fb933efffed	d75d1a73ba08b1425b37abfe8a5f1c20c273b226290b49d043d9bcc291cbe870	HC000,HC001,HC002,HC003,HC004,HC005	HC003,HC004,HC005	excluded	Thermal field/method comparison only; generic status file changes outside selected thermal components not full semantic review
libqtdevices	62f61c7de89baaa8ae2b8051cc3dc9174db2ebd9	67dbdcefcf3f7be49d4855ade3bfcf6481504d7f	device_status.h	75eb8dfe46c69e0003fb901e6e7c887c97c70d1e	e976270d32895c4baabf68cf95b85fce83e3cfbe	448e58a10b096734f60f67f27a9afdab528f57045eaabee75a3c7890f8f4c2ba	073dc774a487b456934867c1ee68b6344a21752f25bb754a4390adfe64f1070e	HC006	HC007	excluded	Thermal field/method comparison only; generic status file changes outside selected thermal components not full semantic review
libqtdevices	7fa81675ba8472c10733948960d567e7780d2040	5f9a97ce8695ad2f10fbc157e7d224492e77d124	device_status.cpp	6f02c3970e19848755b9870ef459731772c6bcda	60d4a00fb89912c327cacc55b7f757fef998cc30	c1cf00192da6e5be8016b774664c713675e333e750d550f084cf4fb933efffed	d75d1a73ba08b1425b37abfe8a5f1c20c273b226290b49d043d9bcc291cbe870	HC000,HC001,HC002,HC003,HC004,HC005	HC003,HC004,HC005	excluded	Thermal field/method comparison only; generic status file changes outside selected thermal components not full semantic review
libqtdevices	7fa81675ba8472c10733948960d567e7780d2040	5f9a97ce8695ad2f10fbc157e7d224492e77d124	device_status.h	75eb8dfe46c69e0003fb901e6e7c887c97c70d1e	e976270d32895c4baabf68cf95b85fce83e3cfbe	448e58a10b096734f60f67f27a9afdab528f57045eaabee75a3c7890f8f4c2ba	073dc774a487b456934867c1ee68b6344a21752f25bb754a4390adfe64f1070e	HC006	HC007	excluded	Thermal field/method comparison only; generic status file changes outside selected thermal components not full semantic review
libqtdevices	4d9237953868fb647080d5b2637c83fddeaeffa6	9ee006fb5b109a636344531ddab9bd4c3e449185	device_status.cpp	6f02c3970e19848755b9870ef459731772c6bcda	60d4a00fb89912c327cacc55b7f757fef998cc30	c1cf00192da6e5be8016b774664c713675e333e750d550f084cf4fb933efffed	d75d1a73ba08b1425b37abfe8a5f1c20c273b226290b49d043d9bcc291cbe870	HC000,HC001,HC002,HC003,HC004,HC005	HC003,HC004,HC005	excluded	Thermal field/method comparison only; generic status file changes outside selected thermal components not full semantic review
libqtdevices	4d9237953868fb647080d5b2637c83fddeaeffa6	9ee006fb5b109a636344531ddab9bd4c3e449185	device_status.h	75eb8dfe46c69e0003fb901e6e7c887c97c70d1e	e976270d32895c4baabf68cf95b85fce83e3cfbe	448e58a10b096734f60f67f27a9afdab528f57045eaabee75a3c7890f8f4c2ba	073dc774a487b456934867c1ee68b6344a21752f25bb754a4390adfe64f1070e	HC006	HC007	excluded	Thermal field/method comparison only; generic status file changes outside selected thermal components not full semantic review
libqtdevices	abec0289a90a49f6f731d09d7fea3f82c676946b	5b14b21069cf65f5568cfc37017d2d4399f368f2	device_status.cpp	6f02c3970e19848755b9870ef459731772c6bcda	60d4a00fb89912c327cacc55b7f757fef998cc30	c1cf00192da6e5be8016b774664c713675e333e750d550f084cf4fb933efffed	d75d1a73ba08b1425b37abfe8a5f1c20c273b226290b49d043d9bcc291cbe870	HC000,HC001,HC002,HC003,HC004,HC005	HC003,HC004,HC005	excluded	Thermal field/method comparison only; generic status file changes outside selected thermal components not full semantic review
libqtdevices	abec0289a90a49f6f731d09d7fea3f82c676946b	5b14b21069cf65f5568cfc37017d2d4399f368f2	device_status.h	75eb8dfe46c69e0003fb901e6e7c887c97c70d1e	e976270d32895c4baabf68cf95b85fce83e3cfbe	448e58a10b096734f60f67f27a9afdab528f57045eaabee75a3c7890f8f4c2ba	073dc774a487b456934867c1ee68b6344a21752f25bb754a4390adfe64f1070e	HC006	HC007	excluded	Thermal field/method comparison only; generic status file changes outside selected thermal components not full semantic review
libqtdevices	3d87bf06491e5c5b41e9ac24ff3da6e20f8303f0	a1f496e012a37408d087b43ed7826ed12fd20bc5	device_status.h	4893e2dd5a4939e6089d14371a4aca20f5b6e658	75eb8dfe46c69e0003fb901e6e7c887c97c70d1e	7737cc918fde4c93962382db7783e821d3d7c5b0c8899c61d9ab4152ee2834ab	448e58a10b096734f60f67f27a9afdab528f57045eaabee75a3c7890f8f4c2ba	HC006	HC006	excluded	Thermal field/method comparison only; generic status file changes outside selected thermal components not full semantic review
libqtdevices	f66b3b6d029be7e08bf645c796e92960a8122e13	43946f7aecbbf7071ef1ad130eb2570b3c070d1a	device_status.cpp	ba8c0bd5249fd34eeed53650c0c535894f0f4e29	6f02c3970e19848755b9870ef459731772c6bcda	2797036418163c6f73a5e309f9a0bd3a82da4062f3ed95c2d6fcfdfd0c550e4e	c1cf00192da6e5be8016b774664c713675e333e750d550f084cf4fb933efffed	HC000,HC001,HC002,HC003,HC004,HC005	HC000,HC001,HC002,HC003,HC004,HC005	excluded	Thermal field/method comparison only; generic status file changes outside selected thermal components not full semantic review
libqtdevices	f66b3b6d029be7e08bf645c796e92960a8122e13	43946f7aecbbf7071ef1ad130eb2570b3c070d1a	device_status.h	4dcebe57af4999db90fab0916913b7760fe21fcb	4893e2dd5a4939e6089d14371a4aca20f5b6e658	e0e2ece562bf016563575578973192c3053994ba5cdcf85a2b72935a088a1729	7737cc918fde4c93962382db7783e821d3d7c5b0c8899c61d9ab4152ee2834ab	HC006	HC006	excluded	Thermal field/method comparison only; generic status file changes outside selected thermal components not full semantic review
libqtdevices	306c0bd1b69c6ead777defcc8210042a75b749d8	04b532f7a9a04fa2cf63c336e86004a4afce7413	device_status.h	b2bf833e34c269bddaae64e831c0e49b14e2f48e	4893e2dd5a4939e6089d14371a4aca20f5b6e658	f8d8bc99ed3e32cfc7aeec338d94c3d9a1b95db2f443fb946e0ddc668740cbae	7737cc918fde4c93962382db7783e821d3d7c5b0c8899c61d9ab4152ee2834ab	HC006	HC006	excluded	Thermal field/method comparison only; generic status file changes outside selected thermal components not full semantic review
libqtdevices	5d074fed84524b9f59628cce9bd2df8e7b6cad4f	878375dca8c919f24c02804b67cfb3d7781b2462	device_status.h	b2bf833e34c269bddaae64e831c0e49b14e2f48e	4893e2dd5a4939e6089d14371a4aca20f5b6e658	f8d8bc99ed3e32cfc7aeec338d94c3d9a1b95db2f443fb946e0ddc668740cbae	7737cc918fde4c93962382db7783e821d3d7c5b0c8899c61d9ab4152ee2834ab	HC006	HC006	excluded	Thermal field/method comparison only; generic status file changes outside selected thermal components not full semantic review
libqtdevices	4a9b7db19de3254389dd0ffd232741eed6b7675e	633a5ed304c83ba6770fd00131f7a0f315fe7b30	device_status.h	4886380126ca1460605132add3d043713ea60b78	4dcebe57af4999db90fab0916913b7760fe21fcb	817631e27fddf44795095ce848bb144d25fd4f3f1c165c7a0905a4b3f69374a0	e0e2ece562bf016563575578973192c3053994ba5cdcf85a2b72935a088a1729	HC006	HC006	excluded	Thermal field/method comparison only; generic status file changes outside selected thermal components not full semantic review
libqtdevices	46e768525b42845ca7639456256bff493b87cf9c	9aa456cf99686a05f32053ad30a68039e83e355d	device_status.cpp	a9f545f2ebd1925877667b2daa82449115b95de6	6f02c3970e19848755b9870ef459731772c6bcda	a4cd80a79117ea33477f5f7c485cc3a8abd80534725d100a3f42361066ec59ae	c1cf00192da6e5be8016b774664c713675e333e750d550f084cf4fb933efffed	HC000,HC001,HC002,HC003,HC004,HC005	HC000,HC001,HC002,HC003,HC004,HC005	excluded	Thermal field/method comparison only; generic status file changes outside selected thermal components not full semantic review
libqtdevices	46e768525b42845ca7639456256bff493b87cf9c	9aa456cf99686a05f32053ad30a68039e83e355d	device_status.h	e8f6361511385dc3034251a0f4e741717d487fec	b2bf833e34c269bddaae64e831c0e49b14e2f48e	1776f45b74319d20d4bee085c7ff6b741afe83d8abca7e1695986b4cf161e22f	f8d8bc99ed3e32cfc7aeec338d94c3d9a1b95db2f443fb946e0ddc668740cbae	HC006	HC006	excluded	Thermal field/method comparison only; generic status file changes outside selected thermal components not full semantic review
libqtdevices	14e96e3d173f65250e26af8713b15d1b90a6f3ef	081a814257c286d9ac71c67412c2455f986e5f60	device_status.cpp	da9d2d057f5322f38fb5d8e1e1d758c959e97f3c	a9f545f2ebd1925877667b2daa82449115b95de6	477b233cceb2e915d867bb2e4e976eaad173bf1f051c44bf086380fde168cbba	a4cd80a79117ea33477f5f7c485cc3a8abd80534725d100a3f42361066ec59ae	HC000,HC001,HC002,HC003,HC004,HC005	HC000,HC001,HC002,HC003,HC004,HC005	excluded	Thermal field/method comparison only; generic status file changes outside selected thermal components not full semantic review
libqtdevices	6df6d1acb1f4bbc9afda93977a7d6c98b9078479	bb80e6fada3e465f352f1052fb2772987eb7a7ae	device_status.cpp	ba8c0bd5249fd34eeed53650c0c535894f0f4e29	da9d2d057f5322f38fb5d8e1e1d758c959e97f3c	2797036418163c6f73a5e309f9a0bd3a82da4062f3ed95c2d6fcfdfd0c550e4e	477b233cceb2e915d867bb2e4e976eaad173bf1f051c44bf086380fde168cbba	HC000,HC001,HC002,HC003,HC004,HC005	HC000,HC001,HC002,HC003,HC004,HC005	excluded	Thermal field/method comparison only; generic status file changes outside selected thermal components not full semantic review
libqtdevices	6df6d1acb1f4bbc9afda93977a7d6c98b9078479	bb80e6fada3e465f352f1052fb2772987eb7a7ae	device_status.h	4886380126ca1460605132add3d043713ea60b78	e8f6361511385dc3034251a0f4e741717d487fec	817631e27fddf44795095ce848bb144d25fd4f3f1c165c7a0905a4b3f69374a0	1776f45b74319d20d4bee085c7ff6b741afe83d8abca7e1695986b4cf161e22f	HC006	HC006	excluded	Thermal field/method comparison only; generic status file changes outside selected thermal components not full semantic review
libqtdevices	a830a606ea6c6872de6060c1aed84b8a5e8f6609	7d35d14056baa182201dc55d0025afea66eeb57a	device_status.cpp	609400cf0d19e94098bdd6eacd78e2c8f1039ab7	da9d2d057f5322f38fb5d8e1e1d758c959e97f3c	c468eb39c46c5569e715cfc3d3de327fe7900ae4cb0f5d48517856b5143cfc98	477b233cceb2e915d867bb2e4e976eaad173bf1f051c44bf086380fde168cbba	HC008,HC001,HC002,HC003,HC009,HC005	HC000,HC001,HC002,HC003,HC004,HC005	excluded	Thermal field/method comparison only; generic status file changes outside selected thermal components not full semantic review
libqtdevices	a830a606ea6c6872de6060c1aed84b8a5e8f6609	3d70fcebd64fca754ae6ad190bbd60081b14b811	device_status.cpp	ba8c0bd5249fd34eeed53650c0c535894f0f4e29	da9d2d057f5322f38fb5d8e1e1d758c959e97f3c	2797036418163c6f73a5e309f9a0bd3a82da4062f3ed95c2d6fcfdfd0c550e4e	477b233cceb2e915d867bb2e4e976eaad173bf1f051c44bf086380fde168cbba	HC000,HC001,HC002,HC003,HC004,HC005	HC000,HC001,HC002,HC003,HC004,HC005	excluded	Thermal field/method comparison only; generic status file changes outside selected thermal components not full semantic review
libqtdevices	a830a606ea6c6872de6060c1aed84b8a5e8f6609	3d70fcebd64fca754ae6ad190bbd60081b14b811	device_status.h	4886380126ca1460605132add3d043713ea60b78	e8f6361511385dc3034251a0f4e741717d487fec	817631e27fddf44795095ce848bb144d25fd4f3f1c165c7a0905a4b3f69374a0	1776f45b74319d20d4bee085c7ff6b741afe83d8abca7e1695986b4cf161e22f	HC006	HC006	excluded	Thermal field/method comparison only; generic status file changes outside selected thermal components not full semantic review
libqtdevices	6df0814563827836b654778c95fef11b0c91c9ad	6dd59b5661dcb9c750301d049868b8f9c0e9f5fe	device_status.cpp	8e6265b64ecfb76c97da5a262dd0f390681c3a4a	ba8c0bd5249fd34eeed53650c0c535894f0f4e29	80ae07bd6e064a56e93d7a60443995f2c3069cb63c5541c41ebbe28d0d3ba981	2797036418163c6f73a5e309f9a0bd3a82da4062f3ed95c2d6fcfdfd0c550e4e	HC008,HC001,HC002,HC003,HC009,HC005	HC000,HC001,HC002,HC003,HC004,HC005	excluded	Thermal field/method comparison only; generic status file changes outside selected thermal components not full semantic review
libqtdevices	a9674379e96b1f4b40aa3b1f770fd04b7e7cf0ac	31ce8e14e396b306a184522750b9b71be0990001	device_status.cpp	8e6265b64ecfb76c97da5a262dd0f390681c3a4a	ba8c0bd5249fd34eeed53650c0c535894f0f4e29	80ae07bd6e064a56e93d7a60443995f2c3069cb63c5541c41ebbe28d0d3ba981	2797036418163c6f73a5e309f9a0bd3a82da4062f3ed95c2d6fcfdfd0c550e4e	HC008,HC001,HC002,HC003,HC009,HC005	HC000,HC001,HC002,HC003,HC004,HC005	excluded	Thermal field/method comparison only; generic status file changes outside selected thermal components not full semantic review
libqtdevices	d91a3afe61f41800f3798de0c6aae857ad8e6ed0	6dd59b5661dcb9c750301d049868b8f9c0e9f5fe	device_status.cpp	8e6265b64ecfb76c97da5a262dd0f390681c3a4a	609400cf0d19e94098bdd6eacd78e2c8f1039ab7	80ae07bd6e064a56e93d7a60443995f2c3069cb63c5541c41ebbe28d0d3ba981	c468eb39c46c5569e715cfc3d3de327fe7900ae4cb0f5d48517856b5143cfc98	HC008,HC001,HC002,HC003,HC009,HC005	HC008,HC001,HC002,HC003,HC009,HC005	excluded	Thermal field/method comparison only; generic status file changes outside selected thermal components not full semantic review
libqtdevices	d91a3afe61f41800f3798de0c6aae857ad8e6ed0	6dd59b5661dcb9c750301d049868b8f9c0e9f5fe	device_status.h	4886380126ca1460605132add3d043713ea60b78	e8f6361511385dc3034251a0f4e741717d487fec	817631e27fddf44795095ce848bb144d25fd4f3f1c165c7a0905a4b3f69374a0	1776f45b74319d20d4bee085c7ff6b741afe83d8abca7e1695986b4cf161e22f	HC006	HC006	excluded	Thermal field/method comparison only; generic status file changes outside selected thermal components not full semantic review
libqtdevices	69f97c0eb32ff789745ef135167655b780616136	cf43363068666c7a059405304d8193f4743db0a7	device_status.cpp	8e6265b64ecfb76c97da5a262dd0f390681c3a4a	609400cf0d19e94098bdd6eacd78e2c8f1039ab7	80ae07bd6e064a56e93d7a60443995f2c3069cb63c5541c41ebbe28d0d3ba981	c468eb39c46c5569e715cfc3d3de327fe7900ae4cb0f5d48517856b5143cfc98	HC008,HC001,HC002,HC003,HC009,HC005	HC008,HC001,HC002,HC003,HC009,HC005	excluded	Thermal field/method comparison only; generic status file changes outside selected thermal components not full semantic review
libqtdevices	69f97c0eb32ff789745ef135167655b780616136	cf43363068666c7a059405304d8193f4743db0a7	device_status.h	4886380126ca1460605132add3d043713ea60b78	e8f6361511385dc3034251a0f4e741717d487fec	817631e27fddf44795095ce848bb144d25fd4f3f1c165c7a0905a4b3f69374a0	1776f45b74319d20d4bee085c7ff6b741afe83d8abca7e1695986b4cf161e22f	HC006	HC006	excluded	Thermal field/method comparison only; generic status file changes outside selected thermal components not full semantic review
libqtdevices	73dc82182c93aeb5ebbc5c5d7d30d586b8f9da80	9551b8b4e46f9b78258a0de3082e0acd3edf1c9b	device_status.cpp	8e6265b64ecfb76c97da5a262dd0f390681c3a4a	609400cf0d19e94098bdd6eacd78e2c8f1039ab7	80ae07bd6e064a56e93d7a60443995f2c3069cb63c5541c41ebbe28d0d3ba981	c468eb39c46c5569e715cfc3d3de327fe7900ae4cb0f5d48517856b5143cfc98	HC008,HC001,HC002,HC003,HC009,HC005	HC008,HC001,HC002,HC003,HC009,HC005	excluded	Thermal field/method comparison only; generic status file changes outside selected thermal components not full semantic review
libqtdevices	73dc82182c93aeb5ebbc5c5d7d30d586b8f9da80	9551b8b4e46f9b78258a0de3082e0acd3edf1c9b	device_status.h	4886380126ca1460605132add3d043713ea60b78	e8f6361511385dc3034251a0f4e741717d487fec	817631e27fddf44795095ce848bb144d25fd4f3f1c165c7a0905a4b3f69374a0	1776f45b74319d20d4bee085c7ff6b741afe83d8abca7e1695986b4cf161e22f	HC006	HC006	excluded	Thermal field/method comparison only; generic status file changes outside selected thermal components not full semantic review
libqtdevices	1b0331a3e4d451136004d240c6868196195a7ef0	eabfc4a8e516ff2e976f2202a268da148ceaf118	device_status.cpp	8e6265b64ecfb76c97da5a262dd0f390681c3a4a	609400cf0d19e94098bdd6eacd78e2c8f1039ab7	80ae07bd6e064a56e93d7a60443995f2c3069cb63c5541c41ebbe28d0d3ba981	c468eb39c46c5569e715cfc3d3de327fe7900ae4cb0f5d48517856b5143cfc98	HC008,HC001,HC002,HC003,HC009,HC005	HC008,HC001,HC002,HC003,HC009,HC005	excluded	Thermal field/method comparison only; generic status file changes outside selected thermal components not full semantic review
libqtdevices	1b0331a3e4d451136004d240c6868196195a7ef0	eabfc4a8e516ff2e976f2202a268da148ceaf118	device_status.h	4886380126ca1460605132add3d043713ea60b78	e8f6361511385dc3034251a0f4e741717d487fec	817631e27fddf44795095ce848bb144d25fd4f3f1c165c7a0905a4b3f69374a0	1776f45b74319d20d4bee085c7ff6b741afe83d8abca7e1695986b4cf161e22f	HC006	HC006	excluded	Thermal field/method comparison only; generic status file changes outside selected thermal components not full semantic review
libqtdevices	95a23e857ae150c5bb983def391a199cf4d66832	e804774936004b033e6ad0089f45ac4d14dbe69c	device_status.cpp	8e6265b64ecfb76c97da5a262dd0f390681c3a4a	609400cf0d19e94098bdd6eacd78e2c8f1039ab7	80ae07bd6e064a56e93d7a60443995f2c3069cb63c5541c41ebbe28d0d3ba981	c468eb39c46c5569e715cfc3d3de327fe7900ae4cb0f5d48517856b5143cfc98	HC008,HC001,HC002,HC003,HC009,HC005	HC008,HC001,HC002,HC003,HC009,HC005	excluded	Thermal field/method comparison only; generic status file changes outside selected thermal components not full semantic review
libqtdevices	95a23e857ae150c5bb983def391a199cf4d66832	e804774936004b033e6ad0089f45ac4d14dbe69c	device_status.h	4886380126ca1460605132add3d043713ea60b78	e8f6361511385dc3034251a0f4e741717d487fec	817631e27fddf44795095ce848bb144d25fd4f3f1c165c7a0905a4b3f69374a0	1776f45b74319d20d4bee085c7ff6b741afe83d8abca7e1695986b4cf161e22f	HC006	HC006	excluded	Thermal field/method comparison only; generic status file changes outside selected thermal components not full semantic review
libqtdevices	202a394afc3472c532dfcb6e3f2a9756b2e8fec9	2cba3d63497d793a5d2151ed21db9a7d0094064b	device_status.cpp	8e6265b64ecfb76c97da5a262dd0f390681c3a4a	609400cf0d19e94098bdd6eacd78e2c8f1039ab7	80ae07bd6e064a56e93d7a60443995f2c3069cb63c5541c41ebbe28d0d3ba981	c468eb39c46c5569e715cfc3d3de327fe7900ae4cb0f5d48517856b5143cfc98	HC008,HC001,HC002,HC003,HC009,HC005	HC008,HC001,HC002,HC003,HC009,HC005	excluded	Thermal field/method comparison only; generic status file changes outside selected thermal components not full semantic review
libqtdevices	202a394afc3472c532dfcb6e3f2a9756b2e8fec9	2cba3d63497d793a5d2151ed21db9a7d0094064b	device_status.h	4886380126ca1460605132add3d043713ea60b78	e8f6361511385dc3034251a0f4e741717d487fec	817631e27fddf44795095ce848bb144d25fd4f3f1c165c7a0905a4b3f69374a0	1776f45b74319d20d4bee085c7ff6b741afe83d8abca7e1695986b4cf161e22f	HC006	HC006	excluded	Thermal field/method comparison only; generic status file changes outside selected thermal components not full semantic review
libqtdevices	bad26603d2135322378d5a2daa932f871091b6c6	4859294dc92d1be52237b38fe6f0627fa931c950	device_status.cpp	8e6265b64ecfb76c97da5a262dd0f390681c3a4a	609400cf0d19e94098bdd6eacd78e2c8f1039ab7	80ae07bd6e064a56e93d7a60443995f2c3069cb63c5541c41ebbe28d0d3ba981	c468eb39c46c5569e715cfc3d3de327fe7900ae4cb0f5d48517856b5143cfc98	HC008,HC001,HC002,HC003,HC009,HC005	HC008,HC001,HC002,HC003,HC009,HC005	excluded	Thermal field/method comparison only; generic status file changes outside selected thermal components not full semantic review
libqtdevices	bad26603d2135322378d5a2daa932f871091b6c6	4859294dc92d1be52237b38fe6f0627fa931c950	device_status.h	4886380126ca1460605132add3d043713ea60b78	e8f6361511385dc3034251a0f4e741717d487fec	817631e27fddf44795095ce848bb144d25fd4f3f1c165c7a0905a4b3f69374a0	1776f45b74319d20d4bee085c7ff6b741afe83d8abca7e1695986b4cf161e22f	HC006	HC006	excluded	Thermal field/method comparison only; generic status file changes outside selected thermal components not full semantic review
libqtdevices	4adf863690c871316f084ffff592855a5b7598c3	04f9c87e5f944df5c3c8ce5443aa04b5a4eaf6f1	device_status.cpp	8e6265b64ecfb76c97da5a262dd0f390681c3a4a	609400cf0d19e94098bdd6eacd78e2c8f1039ab7	80ae07bd6e064a56e93d7a60443995f2c3069cb63c5541c41ebbe28d0d3ba981	c468eb39c46c5569e715cfc3d3de327fe7900ae4cb0f5d48517856b5143cfc98	HC008,HC001,HC002,HC003,HC009,HC005	HC008,HC001,HC002,HC003,HC009,HC005	excluded	Thermal field/method comparison only; generic status file changes outside selected thermal components not full semantic review
libqtdevices	4adf863690c871316f084ffff592855a5b7598c3	04f9c87e5f944df5c3c8ce5443aa04b5a4eaf6f1	device_status.h	4886380126ca1460605132add3d043713ea60b78	e8f6361511385dc3034251a0f4e741717d487fec	817631e27fddf44795095ce848bb144d25fd4f3f1c165c7a0905a4b3f69374a0	1776f45b74319d20d4bee085c7ff6b741afe83d8abca7e1695986b4cf161e22f	HC006	HC006	excluded	Thermal field/method comparison only; generic status file changes outside selected thermal components not full semantic review
libqtdevices	7ce5aa948e48784a804a565f48d725667b618c3c	f4ed3b3945e910b8fcd35691cac6a360cb30bacb	device_status.cpp	8e6265b64ecfb76c97da5a262dd0f390681c3a4a	609400cf0d19e94098bdd6eacd78e2c8f1039ab7	80ae07bd6e064a56e93d7a60443995f2c3069cb63c5541c41ebbe28d0d3ba981	c468eb39c46c5569e715cfc3d3de327fe7900ae4cb0f5d48517856b5143cfc98	HC008,HC001,HC002,HC003,HC009,HC005	HC008,HC001,HC002,HC003,HC009,HC005	excluded	Thermal field/method comparison only; generic status file changes outside selected thermal components not full semantic review
libqtdevices	7ce5aa948e48784a804a565f48d725667b618c3c	f4ed3b3945e910b8fcd35691cac6a360cb30bacb	device_status.h	4886380126ca1460605132add3d043713ea60b78	e8f6361511385dc3034251a0f4e741717d487fec	817631e27fddf44795095ce848bb144d25fd4f3f1c165c7a0905a4b3f69374a0	1776f45b74319d20d4bee085c7ff6b741afe83d8abca7e1695986b4cf161e22f	HC006	HC006	excluded	Thermal field/method comparison only; generic status file changes outside selected thermal components not full semantic review
libqtdevices	3fa85c2ee57d69c7a6230d760279d767118c7263	2142a8288acd0dec04ce8eeb5869f41630d68d96	device_status.cpp	8e6265b64ecfb76c97da5a262dd0f390681c3a4a	609400cf0d19e94098bdd6eacd78e2c8f1039ab7	80ae07bd6e064a56e93d7a60443995f2c3069cb63c5541c41ebbe28d0d3ba981	c468eb39c46c5569e715cfc3d3de327fe7900ae4cb0f5d48517856b5143cfc98	HC008,HC001,HC002,HC003,HC009,HC005	HC008,HC001,HC002,HC003,HC009,HC005	excluded	Thermal field/method comparison only; generic status file changes outside selected thermal components not full semantic review
libqtdevices	3fa85c2ee57d69c7a6230d760279d767118c7263	2142a8288acd0dec04ce8eeb5869f41630d68d96	device_status.h	4886380126ca1460605132add3d043713ea60b78	e8f6361511385dc3034251a0f4e741717d487fec	817631e27fddf44795095ce848bb144d25fd4f3f1c165c7a0905a4b3f69374a0	1776f45b74319d20d4bee085c7ff6b741afe83d8abca7e1695986b4cf161e22f	HC006	HC006	excluded	Thermal field/method comparison only; generic status file changes outside selected thermal components not full semantic review
libqtdevices	dd64212b13a37f5e1deedc629d46517a9d163a6c	48240bc2e83a5b88102152d981e8c182875e5fe1	device_status.cpp	8e6265b64ecfb76c97da5a262dd0f390681c3a4a	609400cf0d19e94098bdd6eacd78e2c8f1039ab7	80ae07bd6e064a56e93d7a60443995f2c3069cb63c5541c41ebbe28d0d3ba981	c468eb39c46c5569e715cfc3d3de327fe7900ae4cb0f5d48517856b5143cfc98	HC008,HC001,HC002,HC003,HC009,HC005	HC008,HC001,HC002,HC003,HC009,HC005	excluded	Thermal field/method comparison only; generic status file changes outside selected thermal components not full semantic review
libqtdevices	dd64212b13a37f5e1deedc629d46517a9d163a6c	48240bc2e83a5b88102152d981e8c182875e5fe1	device_status.h	4886380126ca1460605132add3d043713ea60b78	e8f6361511385dc3034251a0f4e741717d487fec	817631e27fddf44795095ce848bb144d25fd4f3f1c165c7a0905a4b3f69374a0	1776f45b74319d20d4bee085c7ff6b741afe83d8abca7e1695986b4cf161e22f	HC006	HC006	excluded	Thermal field/method comparison only; generic status file changes outside selected thermal components not full semantic review
libqtdevices	9102953755e9f645dcd595c43fe8750415b4b63c	6b5f3e1212362735bc14a6070fade41cb71977e0	device_status.cpp	8e6265b64ecfb76c97da5a262dd0f390681c3a4a	609400cf0d19e94098bdd6eacd78e2c8f1039ab7	80ae07bd6e064a56e93d7a60443995f2c3069cb63c5541c41ebbe28d0d3ba981	c468eb39c46c5569e715cfc3d3de327fe7900ae4cb0f5d48517856b5143cfc98	HC008,HC001,HC002,HC003,HC009,HC005	HC008,HC001,HC002,HC003,HC009,HC005	excluded	Thermal field/method comparison only; generic status file changes outside selected thermal components not full semantic review
libqtdevices	9102953755e9f645dcd595c43fe8750415b4b63c	6b5f3e1212362735bc14a6070fade41cb71977e0	device_status.h	4886380126ca1460605132add3d043713ea60b78	e8f6361511385dc3034251a0f4e741717d487fec	817631e27fddf44795095ce848bb144d25fd4f3f1c165c7a0905a4b3f69374a0	1776f45b74319d20d4bee085c7ff6b741afe83d8abca7e1695986b4cf161e22f	HC006	HC006	excluded	Thermal field/method comparison only; generic status file changes outside selected thermal components not full semantic review
libqtdevices	1608f1b96779bdcc9465b4f5f5926c0c5f16ee95	121e245915b45fc0911d1fc67b332b6f60cb219d	device_status.cpp	8e6265b64ecfb76c97da5a262dd0f390681c3a4a	609400cf0d19e94098bdd6eacd78e2c8f1039ab7	80ae07bd6e064a56e93d7a60443995f2c3069cb63c5541c41ebbe28d0d3ba981	c468eb39c46c5569e715cfc3d3de327fe7900ae4cb0f5d48517856b5143cfc98	HC008,HC001,HC002,HC003,HC009,HC005	HC008,HC001,HC002,HC003,HC009,HC005	excluded	Thermal field/method comparison only; generic status file changes outside selected thermal components not full semantic review
libqtdevices	1608f1b96779bdcc9465b4f5f5926c0c5f16ee95	121e245915b45fc0911d1fc67b332b6f60cb219d	device_status.h	4886380126ca1460605132add3d043713ea60b78	e8f6361511385dc3034251a0f4e741717d487fec	817631e27fddf44795095ce848bb144d25fd4f3f1c165c7a0905a4b3f69374a0	1776f45b74319d20d4bee085c7ff6b741afe83d8abca7e1695986b4cf161e22f	HC006	HC006	excluded	Thermal field/method comparison only; generic status file changes outside selected thermal components not full semantic review
libqtdevices	1e218ff5a8dbc71f9b40bd7e7b43822a1c20ec0d	656696c7615091779376b92177e0dd32ffc97031	device_status.cpp	8e6265b64ecfb76c97da5a262dd0f390681c3a4a	609400cf0d19e94098bdd6eacd78e2c8f1039ab7	80ae07bd6e064a56e93d7a60443995f2c3069cb63c5541c41ebbe28d0d3ba981	c468eb39c46c5569e715cfc3d3de327fe7900ae4cb0f5d48517856b5143cfc98	HC008,HC001,HC002,HC003,HC009,HC005	HC008,HC001,HC002,HC003,HC009,HC005	excluded	Thermal field/method comparison only; generic status file changes outside selected thermal components not full semantic review
libqtdevices	1e218ff5a8dbc71f9b40bd7e7b43822a1c20ec0d	656696c7615091779376b92177e0dd32ffc97031	device_status.h	4886380126ca1460605132add3d043713ea60b78	e8f6361511385dc3034251a0f4e741717d487fec	817631e27fddf44795095ce848bb144d25fd4f3f1c165c7a0905a4b3f69374a0	1776f45b74319d20d4bee085c7ff6b741afe83d8abca7e1695986b4cf161e22f	HC006	HC006	excluded	Thermal field/method comparison only; generic status file changes outside selected thermal components not full semantic review
libqtdevices	24853935458271f4d5bce9a5f49532ba7f797530	b353ef4c5e1cb055f661f95f7c521c757e808d92	device_status.cpp	8e6265b64ecfb76c97da5a262dd0f390681c3a4a	609400cf0d19e94098bdd6eacd78e2c8f1039ab7	80ae07bd6e064a56e93d7a60443995f2c3069cb63c5541c41ebbe28d0d3ba981	c468eb39c46c5569e715cfc3d3de327fe7900ae4cb0f5d48517856b5143cfc98	HC008,HC001,HC002,HC003,HC009,HC005	HC008,HC001,HC002,HC003,HC009,HC005	excluded	Thermal field/method comparison only; generic status file changes outside selected thermal components not full semantic review
libqtdevices	24853935458271f4d5bce9a5f49532ba7f797530	b353ef4c5e1cb055f661f95f7c521c757e808d92	device_status.h	4886380126ca1460605132add3d043713ea60b78	e8f6361511385dc3034251a0f4e741717d487fec	817631e27fddf44795095ce848bb144d25fd4f3f1c165c7a0905a4b3f69374a0	1776f45b74319d20d4bee085c7ff6b741afe83d8abca7e1695986b4cf161e22f	HC006	HC006	excluded	Thermal field/method comparison only; generic status file changes outside selected thermal components not full semantic review
libqtdevices	9ce24f26100a5559fe2daaeef04715480ba85956	d62e62d5e650cc70096f7899365985b2c6a8c557	device_status.cpp	8e6265b64ecfb76c97da5a262dd0f390681c3a4a	609400cf0d19e94098bdd6eacd78e2c8f1039ab7	80ae07bd6e064a56e93d7a60443995f2c3069cb63c5541c41ebbe28d0d3ba981	c468eb39c46c5569e715cfc3d3de327fe7900ae4cb0f5d48517856b5143cfc98	HC008,HC001,HC002,HC003,HC009,HC005	HC008,HC001,HC002,HC003,HC009,HC005	excluded	Thermal field/method comparison only; generic status file changes outside selected thermal components not full semantic review
libqtdevices	9ce24f26100a5559fe2daaeef04715480ba85956	d62e62d5e650cc70096f7899365985b2c6a8c557	device_status.h	4886380126ca1460605132add3d043713ea60b78	e8f6361511385dc3034251a0f4e741717d487fec	817631e27fddf44795095ce848bb144d25fd4f3f1c165c7a0905a4b3f69374a0	1776f45b74319d20d4bee085c7ff6b741afe83d8abca7e1695986b4cf161e22f	HC006	HC006	excluded	Thermal field/method comparison only; generic status file changes outside selected thermal components not full semantic review
libqtdevices	b3edd7100c1f4c1a75341f1243edf54ed71cb640	0950a91c8c46d6d697befa2c90397ea68cbe0efb	device_status.cpp	8e6265b64ecfb76c97da5a262dd0f390681c3a4a	609400cf0d19e94098bdd6eacd78e2c8f1039ab7	80ae07bd6e064a56e93d7a60443995f2c3069cb63c5541c41ebbe28d0d3ba981	c468eb39c46c5569e715cfc3d3de327fe7900ae4cb0f5d48517856b5143cfc98	HC008,HC001,HC002,HC003,HC009,HC005	HC008,HC001,HC002,HC003,HC009,HC005	excluded	Thermal field/method comparison only; generic status file changes outside selected thermal components not full semantic review
libqtdevices	b3edd7100c1f4c1a75341f1243edf54ed71cb640	0950a91c8c46d6d697befa2c90397ea68cbe0efb	device_status.h	4886380126ca1460605132add3d043713ea60b78	e8f6361511385dc3034251a0f4e741717d487fec	817631e27fddf44795095ce848bb144d25fd4f3f1c165c7a0905a4b3f69374a0	1776f45b74319d20d4bee085c7ff6b741afe83d8abca7e1695986b4cf161e22f	HC006	HC006	excluded	Thermal field/method comparison only; generic status file changes outside selected thermal components not full semantic review
libqtdevices	636620ce09621e8f46f27531df31533e8fa026fb	2fd2f37f8c656346b63f23f07245d71807f1ba65	device_status.cpp	8e6265b64ecfb76c97da5a262dd0f390681c3a4a	609400cf0d19e94098bdd6eacd78e2c8f1039ab7	80ae07bd6e064a56e93d7a60443995f2c3069cb63c5541c41ebbe28d0d3ba981	c468eb39c46c5569e715cfc3d3de327fe7900ae4cb0f5d48517856b5143cfc98	HC008,HC001,HC002,HC003,HC009,HC005	HC008,HC001,HC002,HC003,HC009,HC005	excluded	Thermal field/method comparison only; generic status file changes outside selected thermal components not full semantic review
libqtdevices	636620ce09621e8f46f27531df31533e8fa026fb	2fd2f37f8c656346b63f23f07245d71807f1ba65	device_status.h	4886380126ca1460605132add3d043713ea60b78	e8f6361511385dc3034251a0f4e741717d487fec	817631e27fddf44795095ce848bb144d25fd4f3f1c165c7a0905a4b3f69374a0	1776f45b74319d20d4bee085c7ff6b741afe83d8abca7e1695986b4cf161e22f	HC006	HC006	excluded	Thermal field/method comparison only; generic status file changes outside selected thermal components not full semantic review
libqtdevices	5b7be87989a53d7ead1344c49db3ef8b7497bfcf	81e7c048bf06aa01e0b08b890b0537706b444afa	device_status.cpp	8e6265b64ecfb76c97da5a262dd0f390681c3a4a	609400cf0d19e94098bdd6eacd78e2c8f1039ab7	80ae07bd6e064a56e93d7a60443995f2c3069cb63c5541c41ebbe28d0d3ba981	c468eb39c46c5569e715cfc3d3de327fe7900ae4cb0f5d48517856b5143cfc98	HC008,HC001,HC002,HC003,HC009,HC005	HC008,HC001,HC002,HC003,HC009,HC005	excluded	Thermal field/method comparison only; generic status file changes outside selected thermal components not full semantic review
libqtdevices	5b7be87989a53d7ead1344c49db3ef8b7497bfcf	81e7c048bf06aa01e0b08b890b0537706b444afa	device_status.h	4886380126ca1460605132add3d043713ea60b78	e8f6361511385dc3034251a0f4e741717d487fec	817631e27fddf44795095ce848bb144d25fd4f3f1c165c7a0905a4b3f69374a0	1776f45b74319d20d4bee085c7ff6b741afe83d8abca7e1695986b4cf161e22f	HC006	HC006	excluded	Thermal field/method comparison only; generic status file changes outside selected thermal components not full semantic review
libqtdevices	4efc7bd355425eb9997391a6f406425f7f51e1dc	8ef0beb685c172fb101c08b20729c377664bf022	device_status.cpp	8e6265b64ecfb76c97da5a262dd0f390681c3a4a	609400cf0d19e94098bdd6eacd78e2c8f1039ab7	80ae07bd6e064a56e93d7a60443995f2c3069cb63c5541c41ebbe28d0d3ba981	c468eb39c46c5569e715cfc3d3de327fe7900ae4cb0f5d48517856b5143cfc98	HC008,HC001,HC002,HC003,HC009,HC005	HC008,HC001,HC002,HC003,HC009,HC005	excluded	Thermal field/method comparison only; generic status file changes outside selected thermal components not full semantic review
libqtdevices	4efc7bd355425eb9997391a6f406425f7f51e1dc	8ef0beb685c172fb101c08b20729c377664bf022	device_status.h	4886380126ca1460605132add3d043713ea60b78	e8f6361511385dc3034251a0f4e741717d487fec	817631e27fddf44795095ce848bb144d25fd4f3f1c165c7a0905a4b3f69374a0	1776f45b74319d20d4bee085c7ff6b741afe83d8abca7e1695986b4cf161e22f	HC006	HC006	excluded	Thermal field/method comparison only; generic status file changes outside selected thermal components not full semantic review
libqtdevices	bedb9d623d56513a1428daade76a03ca48df894d	c7d9b84f82716d204425ef91807d6c12dea16c19	device_status.cpp	8e6265b64ecfb76c97da5a262dd0f390681c3a4a	609400cf0d19e94098bdd6eacd78e2c8f1039ab7	80ae07bd6e064a56e93d7a60443995f2c3069cb63c5541c41ebbe28d0d3ba981	c468eb39c46c5569e715cfc3d3de327fe7900ae4cb0f5d48517856b5143cfc98	HC008,HC001,HC002,HC003,HC009,HC005	HC008,HC001,HC002,HC003,HC009,HC005	excluded	Thermal field/method comparison only; generic status file changes outside selected thermal components not full semantic review
libqtdevices	bedb9d623d56513a1428daade76a03ca48df894d	c7d9b84f82716d204425ef91807d6c12dea16c19	device_status.h	4886380126ca1460605132add3d043713ea60b78	e8f6361511385dc3034251a0f4e741717d487fec	817631e27fddf44795095ce848bb144d25fd4f3f1c165c7a0905a4b3f69374a0	1776f45b74319d20d4bee085c7ff6b741afe83d8abca7e1695986b4cf161e22f	HC006	HC006	excluded	Thermal field/method comparison only; generic status file changes outside selected thermal components not full semantic review
libqtdevices	79a6e4411292eb9140028fe2004311a41b96dbff	e1ac0d5cfede6846391c893bce960206e3e7bfdd	device_status.cpp	8e6265b64ecfb76c97da5a262dd0f390681c3a4a	609400cf0d19e94098bdd6eacd78e2c8f1039ab7	80ae07bd6e064a56e93d7a60443995f2c3069cb63c5541c41ebbe28d0d3ba981	c468eb39c46c5569e715cfc3d3de327fe7900ae4cb0f5d48517856b5143cfc98	HC008,HC001,HC002,HC003,HC009,HC005	HC008,HC001,HC002,HC003,HC009,HC005	excluded	Thermal field/method comparison only; generic status file changes outside selected thermal components not full semantic review
libqtdevices	79a6e4411292eb9140028fe2004311a41b96dbff	e1ac0d5cfede6846391c893bce960206e3e7bfdd	device_status.h	4886380126ca1460605132add3d043713ea60b78	e8f6361511385dc3034251a0f4e741717d487fec	817631e27fddf44795095ce848bb144d25fd4f3f1c165c7a0905a4b3f69374a0	1776f45b74319d20d4bee085c7ff6b741afe83d8abca7e1695986b4cf161e22f	HC006	HC006	excluded	Thermal field/method comparison only; generic status file changes outside selected thermal components not full semantic review
libqtdevices	80b1e280d2a77591c8f75dc3f5bf8f740d4282de	422dd2bfbf4995d949d1c66ff0e89702ea5b0cf7	device_status.cpp	8e6265b64ecfb76c97da5a262dd0f390681c3a4a	609400cf0d19e94098bdd6eacd78e2c8f1039ab7	80ae07bd6e064a56e93d7a60443995f2c3069cb63c5541c41ebbe28d0d3ba981	c468eb39c46c5569e715cfc3d3de327fe7900ae4cb0f5d48517856b5143cfc98	HC008,HC001,HC002,HC003,HC009,HC005	HC008,HC001,HC002,HC003,HC009,HC005	excluded	Thermal field/method comparison only; generic status file changes outside selected thermal components not full semantic review
libqtdevices	80b1e280d2a77591c8f75dc3f5bf8f740d4282de	422dd2bfbf4995d949d1c66ff0e89702ea5b0cf7	device_status.h	4886380126ca1460605132add3d043713ea60b78	e8f6361511385dc3034251a0f4e741717d487fec	817631e27fddf44795095ce848bb144d25fd4f3f1c165c7a0905a4b3f69374a0	1776f45b74319d20d4bee085c7ff6b741afe83d8abca7e1695986b4cf161e22f	HC006	HC006	excluded	Thermal field/method comparison only; generic status file changes outside selected thermal components not full semantic review
libqtdevices	b96de709f3c20cacabfaa068eefbcc7060d266a8	2224c527015e62135dd347e4a6003e3363f33a7f	device_status.cpp	8e6265b64ecfb76c97da5a262dd0f390681c3a4a	609400cf0d19e94098bdd6eacd78e2c8f1039ab7	80ae07bd6e064a56e93d7a60443995f2c3069cb63c5541c41ebbe28d0d3ba981	c468eb39c46c5569e715cfc3d3de327fe7900ae4cb0f5d48517856b5143cfc98	HC008,HC001,HC002,HC003,HC009,HC005	HC008,HC001,HC002,HC003,HC009,HC005	excluded	Thermal field/method comparison only; generic status file changes outside selected thermal components not full semantic review
libqtdevices	b96de709f3c20cacabfaa068eefbcc7060d266a8	2224c527015e62135dd347e4a6003e3363f33a7f	device_status.h	4886380126ca1460605132add3d043713ea60b78	e8f6361511385dc3034251a0f4e741717d487fec	817631e27fddf44795095ce848bb144d25fd4f3f1c165c7a0905a4b3f69374a0	1776f45b74319d20d4bee085c7ff6b741afe83d8abca7e1695986b4cf161e22f	HC006	HC006	excluded	Thermal field/method comparison only; generic status file changes outside selected thermal components not full semantic review
libqtdevices	036d6d61af665cee8c30a06ce7acf96b0112958e	96a2b80a1d28a6a557240738ce6072adb8b2cb30	device_status.cpp	8e6265b64ecfb76c97da5a262dd0f390681c3a4a	609400cf0d19e94098bdd6eacd78e2c8f1039ab7	80ae07bd6e064a56e93d7a60443995f2c3069cb63c5541c41ebbe28d0d3ba981	c468eb39c46c5569e715cfc3d3de327fe7900ae4cb0f5d48517856b5143cfc98	HC008,HC001,HC002,HC003,HC009,HC005	HC008,HC001,HC002,HC003,HC009,HC005	excluded	Thermal field/method comparison only; generic status file changes outside selected thermal components not full semantic review
libqtdevices	036d6d61af665cee8c30a06ce7acf96b0112958e	96a2b80a1d28a6a557240738ce6072adb8b2cb30	device_status.h	4886380126ca1460605132add3d043713ea60b78	e8f6361511385dc3034251a0f4e741717d487fec	817631e27fddf44795095ce848bb144d25fd4f3f1c165c7a0905a4b3f69374a0	1776f45b74319d20d4bee085c7ff6b741afe83d8abca7e1695986b4cf161e22f	HC006	HC006	excluded	Thermal field/method comparison only; generic status file changes outside selected thermal components not full semantic review
libqtdevices	cf8108784c240db27626a997cab566e65b0e520a	efce1b99e2e0fb7347cc34cd8ee7eedcd22d10c3	device_status.cpp	8e6265b64ecfb76c97da5a262dd0f390681c3a4a	609400cf0d19e94098bdd6eacd78e2c8f1039ab7	80ae07bd6e064a56e93d7a60443995f2c3069cb63c5541c41ebbe28d0d3ba981	c468eb39c46c5569e715cfc3d3de327fe7900ae4cb0f5d48517856b5143cfc98	HC008,HC001,HC002,HC003,HC009,HC005	HC008,HC001,HC002,HC003,HC009,HC005	excluded	Thermal field/method comparison only; generic status file changes outside selected thermal components not full semantic review
libqtdevices	cf8108784c240db27626a997cab566e65b0e520a	efce1b99e2e0fb7347cc34cd8ee7eedcd22d10c3	device_status.h	4886380126ca1460605132add3d043713ea60b78	e8f6361511385dc3034251a0f4e741717d487fec	817631e27fddf44795095ce848bb144d25fd4f3f1c165c7a0905a4b3f69374a0	1776f45b74319d20d4bee085c7ff6b741afe83d8abca7e1695986b4cf161e22f	HC006	HC006	excluded	Thermal field/method comparison only; generic status file changes outside selected thermal components not full semantic review
libqtdevices	e6e494d93ecd29faadd216ca4d9b3ae66d3b054d	18021cb682636742d47f2f8e957b1bd044009e79	device_status.cpp	8e6265b64ecfb76c97da5a262dd0f390681c3a4a	609400cf0d19e94098bdd6eacd78e2c8f1039ab7	80ae07bd6e064a56e93d7a60443995f2c3069cb63c5541c41ebbe28d0d3ba981	c468eb39c46c5569e715cfc3d3de327fe7900ae4cb0f5d48517856b5143cfc98	HC008,HC001,HC002,HC003,HC009,HC005	HC008,HC001,HC002,HC003,HC009,HC005	excluded	Thermal field/method comparison only; generic status file changes outside selected thermal components not full semantic review
libqtdevices	e6e494d93ecd29faadd216ca4d9b3ae66d3b054d	18021cb682636742d47f2f8e957b1bd044009e79	device_status.h	4886380126ca1460605132add3d043713ea60b78	e8f6361511385dc3034251a0f4e741717d487fec	817631e27fddf44795095ce848bb144d25fd4f3f1c165c7a0905a4b3f69374a0	1776f45b74319d20d4bee085c7ff6b741afe83d8abca7e1695986b4cf161e22f	HC006	HC006	excluded	Thermal field/method comparison only; generic status file changes outside selected thermal components not full semantic review
libqtdevices	367fedff72f083cfaace461754cb2fce58091ae6	e92c902ce2e0f02c0beade4bd063350d7d61640e	device_status.cpp	8e6265b64ecfb76c97da5a262dd0f390681c3a4a	609400cf0d19e94098bdd6eacd78e2c8f1039ab7	80ae07bd6e064a56e93d7a60443995f2c3069cb63c5541c41ebbe28d0d3ba981	c468eb39c46c5569e715cfc3d3de327fe7900ae4cb0f5d48517856b5143cfc98	HC008,HC001,HC002,HC003,HC009,HC005	HC008,HC001,HC002,HC003,HC009,HC005	excluded	Thermal field/method comparison only; generic status file changes outside selected thermal components not full semantic review
libqtdevices	367fedff72f083cfaace461754cb2fce58091ae6	e92c902ce2e0f02c0beade4bd063350d7d61640e	device_status.h	4886380126ca1460605132add3d043713ea60b78	e8f6361511385dc3034251a0f4e741717d487fec	817631e27fddf44795095ce848bb144d25fd4f3f1c165c7a0905a4b3f69374a0	1776f45b74319d20d4bee085c7ff6b741afe83d8abca7e1695986b4cf161e22f	HC006	HC006	excluded	Thermal field/method comparison only; generic status file changes outside selected thermal components not full semantic review
libqtdevices	782c651ae535e3b555b328fb9bcc00ac4f9a05a8	872aa83884c7a93588a9c8599ce333cf7d8f50c2	device_status.cpp	8e6265b64ecfb76c97da5a262dd0f390681c3a4a	609400cf0d19e94098bdd6eacd78e2c8f1039ab7	80ae07bd6e064a56e93d7a60443995f2c3069cb63c5541c41ebbe28d0d3ba981	c468eb39c46c5569e715cfc3d3de327fe7900ae4cb0f5d48517856b5143cfc98	HC008,HC001,HC002,HC003,HC009,HC005	HC008,HC001,HC002,HC003,HC009,HC005	excluded	Thermal field/method comparison only; generic status file changes outside selected thermal components not full semantic review
libqtdevices	782c651ae535e3b555b328fb9bcc00ac4f9a05a8	872aa83884c7a93588a9c8599ce333cf7d8f50c2	device_status.h	4886380126ca1460605132add3d043713ea60b78	e8f6361511385dc3034251a0f4e741717d487fec	817631e27fddf44795095ce848bb144d25fd4f3f1c165c7a0905a4b3f69374a0	1776f45b74319d20d4bee085c7ff6b741afe83d8abca7e1695986b4cf161e22f	HC006	HC006	excluded	Thermal field/method comparison only; generic status file changes outside selected thermal components not full semantic review
libqtdevices	1b8371487ceae7fd09fdf99c0f7fb6bcadbb7ed8	4a4a2697c8ba4185bdfd194d48a3fef003121ef8	device_status.cpp	8e6265b64ecfb76c97da5a262dd0f390681c3a4a	609400cf0d19e94098bdd6eacd78e2c8f1039ab7	80ae07bd6e064a56e93d7a60443995f2c3069cb63c5541c41ebbe28d0d3ba981	c468eb39c46c5569e715cfc3d3de327fe7900ae4cb0f5d48517856b5143cfc98	HC008,HC001,HC002,HC003,HC009,HC005	HC008,HC001,HC002,HC003,HC009,HC005	excluded	Thermal field/method comparison only; generic status file changes outside selected thermal components not full semantic review
libqtdevices	1b8371487ceae7fd09fdf99c0f7fb6bcadbb7ed8	4a4a2697c8ba4185bdfd194d48a3fef003121ef8	device_status.h	4886380126ca1460605132add3d043713ea60b78	e8f6361511385dc3034251a0f4e741717d487fec	817631e27fddf44795095ce848bb144d25fd4f3f1c165c7a0905a4b3f69374a0	1776f45b74319d20d4bee085c7ff6b741afe83d8abca7e1695986b4cf161e22f	HC006	HC006	excluded	Thermal field/method comparison only; generic status file changes outside selected thermal components not full semantic review
libqtdevices	3656a8535e0d23c049402cac2f6f515b9fa1e931	a1372b8dd67f934f771bfb6bc6958e5aa9d2e8a1	device_status.cpp	8e6265b64ecfb76c97da5a262dd0f390681c3a4a	609400cf0d19e94098bdd6eacd78e2c8f1039ab7	80ae07bd6e064a56e93d7a60443995f2c3069cb63c5541c41ebbe28d0d3ba981	c468eb39c46c5569e715cfc3d3de327fe7900ae4cb0f5d48517856b5143cfc98	HC008,HC001,HC002,HC003,HC009,HC005	HC008,HC001,HC002,HC003,HC009,HC005	excluded	Thermal field/method comparison only; generic status file changes outside selected thermal components not full semantic review
libqtdevices	3656a8535e0d23c049402cac2f6f515b9fa1e931	a1372b8dd67f934f771bfb6bc6958e5aa9d2e8a1	device_status.h	4886380126ca1460605132add3d043713ea60b78	e8f6361511385dc3034251a0f4e741717d487fec	817631e27fddf44795095ce848bb144d25fd4f3f1c165c7a0905a4b3f69374a0	1776f45b74319d20d4bee085c7ff6b741afe83d8abca7e1695986b4cf161e22f	HC006	HC006	excluded	Thermal field/method comparison only; generic status file changes outside selected thermal components not full semantic review
libqtdevices	965ebd2b75865d900c35d26b8d6d4eeaa99c4d87	4f9fe166b410cdd014590e1a09a610791da88781	device_status.cpp	8e6265b64ecfb76c97da5a262dd0f390681c3a4a	609400cf0d19e94098bdd6eacd78e2c8f1039ab7	80ae07bd6e064a56e93d7a60443995f2c3069cb63c5541c41ebbe28d0d3ba981	c468eb39c46c5569e715cfc3d3de327fe7900ae4cb0f5d48517856b5143cfc98	HC008,HC001,HC002,HC003,HC009,HC005	HC008,HC001,HC002,HC003,HC009,HC005	excluded	Thermal field/method comparison only; generic status file changes outside selected thermal components not full semantic review
libqtdevices	965ebd2b75865d900c35d26b8d6d4eeaa99c4d87	4f9fe166b410cdd014590e1a09a610791da88781	device_status.h	4886380126ca1460605132add3d043713ea60b78	e8f6361511385dc3034251a0f4e741717d487fec	817631e27fddf44795095ce848bb144d25fd4f3f1c165c7a0905a4b3f69374a0	1776f45b74319d20d4bee085c7ff6b741afe83d8abca7e1695986b4cf161e22f	HC006	HC006	excluded	Thermal field/method comparison only; generic status file changes outside selected thermal components not full semantic review
libqtdevices	a2b100b8d43ced9f8455e2181f19cabaf395a43c	3ffb9417257d1e51674c1cf2ff1585f03646273e	device_status.cpp	8e6265b64ecfb76c97da5a262dd0f390681c3a4a	609400cf0d19e94098bdd6eacd78e2c8f1039ab7	80ae07bd6e064a56e93d7a60443995f2c3069cb63c5541c41ebbe28d0d3ba981	c468eb39c46c5569e715cfc3d3de327fe7900ae4cb0f5d48517856b5143cfc98	HC008,HC001,HC002,HC003,HC009,HC005	HC008,HC001,HC002,HC003,HC009,HC005	excluded	Thermal field/method comparison only; generic status file changes outside selected thermal components not full semantic review
libqtdevices	a2b100b8d43ced9f8455e2181f19cabaf395a43c	3ffb9417257d1e51674c1cf2ff1585f03646273e	device_status.h	4886380126ca1460605132add3d043713ea60b78	e8f6361511385dc3034251a0f4e741717d487fec	817631e27fddf44795095ce848bb144d25fd4f3f1c165c7a0905a4b3f69374a0	1776f45b74319d20d4bee085c7ff6b741afe83d8abca7e1695986b4cf161e22f	HC006	HC006	excluded	Thermal field/method comparison only; generic status file changes outside selected thermal components not full semantic review
libqtdevices	64dce879d60ee2cd16d7e941fcefe946dc964af2	9f9d2104b688efe0afdee53ba7f5203c519dbfd6	device_status.cpp	8e6265b64ecfb76c97da5a262dd0f390681c3a4a	609400cf0d19e94098bdd6eacd78e2c8f1039ab7	80ae07bd6e064a56e93d7a60443995f2c3069cb63c5541c41ebbe28d0d3ba981	c468eb39c46c5569e715cfc3d3de327fe7900ae4cb0f5d48517856b5143cfc98	HC008,HC001,HC002,HC003,HC009,HC005	HC008,HC001,HC002,HC003,HC009,HC005	excluded	Thermal field/method comparison only; generic status file changes outside selected thermal components not full semantic review
libqtdevices	64dce879d60ee2cd16d7e941fcefe946dc964af2	9f9d2104b688efe0afdee53ba7f5203c519dbfd6	device_status.h	4886380126ca1460605132add3d043713ea60b78	e8f6361511385dc3034251a0f4e741717d487fec	817631e27fddf44795095ce848bb144d25fd4f3f1c165c7a0905a4b3f69374a0	1776f45b74319d20d4bee085c7ff6b741afe83d8abca7e1695986b4cf161e22f	HC006	HC006	excluded	Thermal field/method comparison only; generic status file changes outside selected thermal components not full semantic review
libqtdevices	fe2c2839119b185926cc499dc11c05b8f93fdb90	a7ede7fe44e0603977fa6da5c77df7475d22a2c1	device_status.cpp	8e6265b64ecfb76c97da5a262dd0f390681c3a4a	609400cf0d19e94098bdd6eacd78e2c8f1039ab7	80ae07bd6e064a56e93d7a60443995f2c3069cb63c5541c41ebbe28d0d3ba981	c468eb39c46c5569e715cfc3d3de327fe7900ae4cb0f5d48517856b5143cfc98	HC008,HC001,HC002,HC003,HC009,HC005	HC008,HC001,HC002,HC003,HC009,HC005	excluded	Thermal field/method comparison only; generic status file changes outside selected thermal components not full semantic review
libqtdevices	fe2c2839119b185926cc499dc11c05b8f93fdb90	a7ede7fe44e0603977fa6da5c77df7475d22a2c1	device_status.h	4886380126ca1460605132add3d043713ea60b78	e8f6361511385dc3034251a0f4e741717d487fec	817631e27fddf44795095ce848bb144d25fd4f3f1c165c7a0905a4b3f69374a0	1776f45b74319d20d4bee085c7ff6b741afe83d8abca7e1695986b4cf161e22f	HC006	HC006	excluded	Thermal field/method comparison only; generic status file changes outside selected thermal components not full semantic review
libqtdevices	044495a74b53d93e95b4a9e896e7f65c1ac515b4	7abd03030bbe26f587e79d913c59ece7278e9593	device_status.cpp	8e6265b64ecfb76c97da5a262dd0f390681c3a4a	609400cf0d19e94098bdd6eacd78e2c8f1039ab7	80ae07bd6e064a56e93d7a60443995f2c3069cb63c5541c41ebbe28d0d3ba981	c468eb39c46c5569e715cfc3d3de327fe7900ae4cb0f5d48517856b5143cfc98	HC008,HC001,HC002,HC003,HC009,HC005	HC008,HC001,HC002,HC003,HC009,HC005	excluded	Thermal field/method comparison only; generic status file changes outside selected thermal components not full semantic review
libqtdevices	044495a74b53d93e95b4a9e896e7f65c1ac515b4	7abd03030bbe26f587e79d913c59ece7278e9593	device_status.h	4886380126ca1460605132add3d043713ea60b78	e8f6361511385dc3034251a0f4e741717d487fec	817631e27fddf44795095ce848bb144d25fd4f3f1c165c7a0905a4b3f69374a0	1776f45b74319d20d4bee085c7ff6b741afe83d8abca7e1695986b4cf161e22f	HC006	HC006	excluded	Thermal field/method comparison only; generic status file changes outside selected thermal components not full semantic review
libqtdevices	d1fc14665fc3ff56b94687153475e2c6f19a97e5	a2c00607398369de9c7f88275fd2815fccc2357d	device_status.cpp	8e6265b64ecfb76c97da5a262dd0f390681c3a4a	609400cf0d19e94098bdd6eacd78e2c8f1039ab7	80ae07bd6e064a56e93d7a60443995f2c3069cb63c5541c41ebbe28d0d3ba981	c468eb39c46c5569e715cfc3d3de327fe7900ae4cb0f5d48517856b5143cfc98	HC008,HC001,HC002,HC003,HC009,HC005	HC008,HC001,HC002,HC003,HC009,HC005	excluded	Thermal field/method comparison only; generic status file changes outside selected thermal components not full semantic review
libqtdevices	d1fc14665fc3ff56b94687153475e2c6f19a97e5	a2c00607398369de9c7f88275fd2815fccc2357d	device_status.h	4886380126ca1460605132add3d043713ea60b78	e8f6361511385dc3034251a0f4e741717d487fec	817631e27fddf44795095ce848bb144d25fd4f3f1c165c7a0905a4b3f69374a0	1776f45b74319d20d4bee085c7ff6b741afe83d8abca7e1695986b4cf161e22f	HC006	HC006	excluded	Thermal field/method comparison only; generic status file changes outside selected thermal components not full semantic review
libqtdevices	a9aeecc8af3c83bc38d29521c0a13101a80d7345	6ffd9237149774bc2fb40263d710cea3865abe43	device_status.cpp	8e6265b64ecfb76c97da5a262dd0f390681c3a4a	609400cf0d19e94098bdd6eacd78e2c8f1039ab7	80ae07bd6e064a56e93d7a60443995f2c3069cb63c5541c41ebbe28d0d3ba981	c468eb39c46c5569e715cfc3d3de327fe7900ae4cb0f5d48517856b5143cfc98	HC008,HC001,HC002,HC003,HC009,HC005	HC008,HC001,HC002,HC003,HC009,HC005	excluded	Thermal field/method comparison only; generic status file changes outside selected thermal components not full semantic review
libqtdevices	a9aeecc8af3c83bc38d29521c0a13101a80d7345	6ffd9237149774bc2fb40263d710cea3865abe43	device_status.h	4886380126ca1460605132add3d043713ea60b78	e8f6361511385dc3034251a0f4e741717d487fec	817631e27fddf44795095ce848bb144d25fd4f3f1c165c7a0905a4b3f69374a0	1776f45b74319d20d4bee085c7ff6b741afe83d8abca7e1695986b4cf161e22f	HC006	HC006	excluded	Thermal field/method comparison only; generic status file changes outside selected thermal components not full semantic review
libqtdevices	3848609318f681bc7403026b99c1083080015ce7	4e7aad94d61e5300db6aa2d8ea249dd81636ad6c	device_status.cpp	8e6265b64ecfb76c97da5a262dd0f390681c3a4a	609400cf0d19e94098bdd6eacd78e2c8f1039ab7	80ae07bd6e064a56e93d7a60443995f2c3069cb63c5541c41ebbe28d0d3ba981	c468eb39c46c5569e715cfc3d3de327fe7900ae4cb0f5d48517856b5143cfc98	HC008,HC001,HC002,HC003,HC009,HC005	HC008,HC001,HC002,HC003,HC009,HC005	excluded	Thermal field/method comparison only; generic status file changes outside selected thermal components not full semantic review
libqtdevices	3848609318f681bc7403026b99c1083080015ce7	4e7aad94d61e5300db6aa2d8ea249dd81636ad6c	device_status.h	4886380126ca1460605132add3d043713ea60b78	e8f6361511385dc3034251a0f4e741717d487fec	817631e27fddf44795095ce848bb144d25fd4f3f1c165c7a0905a4b3f69374a0	1776f45b74319d20d4bee085c7ff6b741afe83d8abca7e1695986b4cf161e22f	HC006	HC006	excluded	Thermal field/method comparison only; generic status file changes outside selected thermal components not full semantic review
libqtdevices	0205abf6c470e4306488a128ddde2b0b4e5b338f	207965a112a362a8c5fe6d71835d7b06008554c4	device_status.cpp	8e6265b64ecfb76c97da5a262dd0f390681c3a4a	609400cf0d19e94098bdd6eacd78e2c8f1039ab7	80ae07bd6e064a56e93d7a60443995f2c3069cb63c5541c41ebbe28d0d3ba981	c468eb39c46c5569e715cfc3d3de327fe7900ae4cb0f5d48517856b5143cfc98	HC008,HC001,HC002,HC003,HC009,HC005	HC008,HC001,HC002,HC003,HC009,HC005	excluded	Thermal field/method comparison only; generic status file changes outside selected thermal components not full semantic review
libqtdevices	0205abf6c470e4306488a128ddde2b0b4e5b338f	207965a112a362a8c5fe6d71835d7b06008554c4	device_status.h	4886380126ca1460605132add3d043713ea60b78	e8f6361511385dc3034251a0f4e741717d487fec	817631e27fddf44795095ce848bb144d25fd4f3f1c165c7a0905a4b3f69374a0	1776f45b74319d20d4bee085c7ff6b741afe83d8abca7e1695986b4cf161e22f	HC006	HC006	excluded	Thermal field/method comparison only; generic status file changes outside selected thermal components not full semantic review
libqtdevices	313fdac390a6222ed92855da2ddc24748a452bd4	77961fece9c116a44241e40f1aecb0dd011aee19	device_status.cpp	8e6265b64ecfb76c97da5a262dd0f390681c3a4a	609400cf0d19e94098bdd6eacd78e2c8f1039ab7	80ae07bd6e064a56e93d7a60443995f2c3069cb63c5541c41ebbe28d0d3ba981	c468eb39c46c5569e715cfc3d3de327fe7900ae4cb0f5d48517856b5143cfc98	HC008,HC001,HC002,HC003,HC009,HC005	HC008,HC001,HC002,HC003,HC009,HC005	excluded	Thermal field/method comparison only; generic status file changes outside selected thermal components not full semantic review
libqtdevices	313fdac390a6222ed92855da2ddc24748a452bd4	77961fece9c116a44241e40f1aecb0dd011aee19	device_status.h	4886380126ca1460605132add3d043713ea60b78	e8f6361511385dc3034251a0f4e741717d487fec	817631e27fddf44795095ce848bb144d25fd4f3f1c165c7a0905a4b3f69374a0	1776f45b74319d20d4bee085c7ff6b741afe83d8abca7e1695986b4cf161e22f	HC006	HC006	excluded	Thermal field/method comparison only; generic status file changes outside selected thermal components not full semantic review
libqtdevices	a5cceff8dfef743c8c7e5786932eab6560584026	e9cf9d33d3ff1d0b6350aaa82fdba92322800093	device_status.cpp	8e6265b64ecfb76c97da5a262dd0f390681c3a4a	609400cf0d19e94098bdd6eacd78e2c8f1039ab7	80ae07bd6e064a56e93d7a60443995f2c3069cb63c5541c41ebbe28d0d3ba981	c468eb39c46c5569e715cfc3d3de327fe7900ae4cb0f5d48517856b5143cfc98	HC008,HC001,HC002,HC003,HC009,HC005	HC008,HC001,HC002,HC003,HC009,HC005	excluded	Thermal field/method comparison only; generic status file changes outside selected thermal components not full semantic review
libqtdevices	a5cceff8dfef743c8c7e5786932eab6560584026	e9cf9d33d3ff1d0b6350aaa82fdba92322800093	device_status.h	4886380126ca1460605132add3d043713ea60b78	e8f6361511385dc3034251a0f4e741717d487fec	817631e27fddf44795095ce848bb144d25fd4f3f1c165c7a0905a4b3f69374a0	1776f45b74319d20d4bee085c7ff6b741afe83d8abca7e1695986b4cf161e22f	HC006	HC006	excluded	Thermal field/method comparison only; generic status file changes outside selected thermal components not full semantic review
libqtdevices	d949ddf825fdf5ff8827bfdd04344c0b56af4051	5dee1c6127402ffe1e7030d36158046833e54083	device_status.cpp	8e6265b64ecfb76c97da5a262dd0f390681c3a4a	609400cf0d19e94098bdd6eacd78e2c8f1039ab7	80ae07bd6e064a56e93d7a60443995f2c3069cb63c5541c41ebbe28d0d3ba981	c468eb39c46c5569e715cfc3d3de327fe7900ae4cb0f5d48517856b5143cfc98	HC008,HC001,HC002,HC003,HC009,HC005	HC008,HC001,HC002,HC003,HC009,HC005	excluded	Thermal field/method comparison only; generic status file changes outside selected thermal components not full semantic review
libqtdevices	d949ddf825fdf5ff8827bfdd04344c0b56af4051	5dee1c6127402ffe1e7030d36158046833e54083	device_status.h	4886380126ca1460605132add3d043713ea60b78	e8f6361511385dc3034251a0f4e741717d487fec	817631e27fddf44795095ce848bb144d25fd4f3f1c165c7a0905a4b3f69374a0	1776f45b74319d20d4bee085c7ff6b741afe83d8abca7e1695986b4cf161e22f	HC006	HC006	excluded	Thermal field/method comparison only; generic status file changes outside selected thermal components not full semantic review
libqtdevices	9418c9908a71820599486060b48eccef3b42b090	9cb964f017d813a520671cf2afd53c1de65c0f09	device_status.cpp	8e6265b64ecfb76c97da5a262dd0f390681c3a4a	609400cf0d19e94098bdd6eacd78e2c8f1039ab7	80ae07bd6e064a56e93d7a60443995f2c3069cb63c5541c41ebbe28d0d3ba981	c468eb39c46c5569e715cfc3d3de327fe7900ae4cb0f5d48517856b5143cfc98	HC008,HC001,HC002,HC003,HC009,HC005	HC008,HC001,HC002,HC003,HC009,HC005	excluded	Thermal field/method comparison only; generic status file changes outside selected thermal components not full semantic review
libqtdevices	9418c9908a71820599486060b48eccef3b42b090	9cb964f017d813a520671cf2afd53c1de65c0f09	device_status.h	4886380126ca1460605132add3d043713ea60b78	e8f6361511385dc3034251a0f4e741717d487fec	817631e27fddf44795095ce848bb144d25fd4f3f1c165c7a0905a4b3f69374a0	1776f45b74319d20d4bee085c7ff6b741afe83d8abca7e1695986b4cf161e22f	HC006	HC006	excluded	Thermal field/method comparison only; generic status file changes outside selected thermal components not full semantic review
libqtdevices	959fb92aa09dfbb0ad9090276a99ad9cab9a77fe	a317ac1f184aa2f0cb03e9782b87ee1e770cede1	device_status.cpp	8e6265b64ecfb76c97da5a262dd0f390681c3a4a	609400cf0d19e94098bdd6eacd78e2c8f1039ab7	80ae07bd6e064a56e93d7a60443995f2c3069cb63c5541c41ebbe28d0d3ba981	c468eb39c46c5569e715cfc3d3de327fe7900ae4cb0f5d48517856b5143cfc98	HC008,HC001,HC002,HC003,HC009,HC005	HC008,HC001,HC002,HC003,HC009,HC005	excluded	Thermal field/method comparison only; generic status file changes outside selected thermal components not full semantic review
libqtdevices	959fb92aa09dfbb0ad9090276a99ad9cab9a77fe	a317ac1f184aa2f0cb03e9782b87ee1e770cede1	device_status.h	4886380126ca1460605132add3d043713ea60b78	e8f6361511385dc3034251a0f4e741717d487fec	817631e27fddf44795095ce848bb144d25fd4f3f1c165c7a0905a4b3f69374a0	1776f45b74319d20d4bee085c7ff6b741afe83d8abca7e1695986b4cf161e22f	HC006	HC006	excluded	Thermal field/method comparison only; generic status file changes outside selected thermal components not full semantic review
libqtdevices	fe2f62160eea9f0a64e9b62dd1239e849ef14106	66fdaa6362902528f7e82e1ce62434ed92116b4e	device_status.cpp	8e6265b64ecfb76c97da5a262dd0f390681c3a4a	609400cf0d19e94098bdd6eacd78e2c8f1039ab7	80ae07bd6e064a56e93d7a60443995f2c3069cb63c5541c41ebbe28d0d3ba981	c468eb39c46c5569e715cfc3d3de327fe7900ae4cb0f5d48517856b5143cfc98	HC008,HC001,HC002,HC003,HC009,HC005	HC008,HC001,HC002,HC003,HC009,HC005	excluded	Thermal field/method comparison only; generic status file changes outside selected thermal components not full semantic review
libqtdevices	fe2f62160eea9f0a64e9b62dd1239e849ef14106	66fdaa6362902528f7e82e1ce62434ed92116b4e	device_status.h	4886380126ca1460605132add3d043713ea60b78	e8f6361511385dc3034251a0f4e741717d487fec	817631e27fddf44795095ce848bb144d25fd4f3f1c165c7a0905a4b3f69374a0	1776f45b74319d20d4bee085c7ff6b741afe83d8abca7e1695986b4cf161e22f	HC006	HC006	excluded	Thermal field/method comparison only; generic status file changes outside selected thermal components not full semantic review
libqtdevices	2f2e6980fa8cc62822ed2454359e88640bb03b3f	075d80cb304c10f3f54096ea44d3ecaa1402f29d	device_status.cpp	8e6265b64ecfb76c97da5a262dd0f390681c3a4a	609400cf0d19e94098bdd6eacd78e2c8f1039ab7	80ae07bd6e064a56e93d7a60443995f2c3069cb63c5541c41ebbe28d0d3ba981	c468eb39c46c5569e715cfc3d3de327fe7900ae4cb0f5d48517856b5143cfc98	HC008,HC001,HC002,HC003,HC009,HC005	HC008,HC001,HC002,HC003,HC009,HC005	excluded	Thermal field/method comparison only; generic status file changes outside selected thermal components not full semantic review
libqtdevices	2f2e6980fa8cc62822ed2454359e88640bb03b3f	075d80cb304c10f3f54096ea44d3ecaa1402f29d	device_status.h	4886380126ca1460605132add3d043713ea60b78	e8f6361511385dc3034251a0f4e741717d487fec	817631e27fddf44795095ce848bb144d25fd4f3f1c165c7a0905a4b3f69374a0	1776f45b74319d20d4bee085c7ff6b741afe83d8abca7e1695986b4cf161e22f	HC006	HC006	excluded	Thermal field/method comparison only; generic status file changes outside selected thermal components not full semantic review
libqtdevices	3a7e3392179799e3f25a74e607333400976833cd	c91f35a6f77d8ac58daf0be9487ce3a213af99e5	device_status.cpp	8e6265b64ecfb76c97da5a262dd0f390681c3a4a	609400cf0d19e94098bdd6eacd78e2c8f1039ab7	80ae07bd6e064a56e93d7a60443995f2c3069cb63c5541c41ebbe28d0d3ba981	c468eb39c46c5569e715cfc3d3de327fe7900ae4cb0f5d48517856b5143cfc98	HC008,HC001,HC002,HC003,HC009,HC005	HC008,HC001,HC002,HC003,HC009,HC005	excluded	Thermal field/method comparison only; generic status file changes outside selected thermal components not full semantic review
libqtdevices	3a7e3392179799e3f25a74e607333400976833cd	c91f35a6f77d8ac58daf0be9487ce3a213af99e5	device_status.h	4886380126ca1460605132add3d043713ea60b78	e8f6361511385dc3034251a0f4e741717d487fec	817631e27fddf44795095ce848bb144d25fd4f3f1c165c7a0905a4b3f69374a0	1776f45b74319d20d4bee085c7ff6b741afe83d8abca7e1695986b4cf161e22f	HC006	HC006	excluded	Thermal field/method comparison only; generic status file changes outside selected thermal components not full semantic review
libqtdevices	48140397ec72c8de2245fcca478236b037c929d6	3c041853f64bc2d34ba90c359b83319d18df710f	device_status.cpp	8e6265b64ecfb76c97da5a262dd0f390681c3a4a	609400cf0d19e94098bdd6eacd78e2c8f1039ab7	80ae07bd6e064a56e93d7a60443995f2c3069cb63c5541c41ebbe28d0d3ba981	c468eb39c46c5569e715cfc3d3de327fe7900ae4cb0f5d48517856b5143cfc98	HC008,HC001,HC002,HC003,HC009,HC005	HC008,HC001,HC002,HC003,HC009,HC005	excluded	Thermal field/method comparison only; generic status file changes outside selected thermal components not full semantic review
libqtdevices	48140397ec72c8de2245fcca478236b037c929d6	3c041853f64bc2d34ba90c359b83319d18df710f	device_status.h	4886380126ca1460605132add3d043713ea60b78	e8f6361511385dc3034251a0f4e741717d487fec	817631e27fddf44795095ce848bb144d25fd4f3f1c165c7a0905a4b3f69374a0	1776f45b74319d20d4bee085c7ff6b741afe83d8abca7e1695986b4cf161e22f	HC006	HC006	excluded	Thermal field/method comparison only; generic status file changes outside selected thermal components not full semantic review
libqtdevices	d370806a150c7245d9674a30c843b6a49aee776c	b5aa38d63b6e9bc880e5cc401a660abbfa108b10	device_status.cpp	8e6265b64ecfb76c97da5a262dd0f390681c3a4a	609400cf0d19e94098bdd6eacd78e2c8f1039ab7	80ae07bd6e064a56e93d7a60443995f2c3069cb63c5541c41ebbe28d0d3ba981	c468eb39c46c5569e715cfc3d3de327fe7900ae4cb0f5d48517856b5143cfc98	HC008,HC001,HC002,HC003,HC009,HC005	HC008,HC001,HC002,HC003,HC009,HC005	excluded	Thermal field/method comparison only; generic status file changes outside selected thermal components not full semantic review
libqtdevices	d370806a150c7245d9674a30c843b6a49aee776c	b5aa38d63b6e9bc880e5cc401a660abbfa108b10	device_status.h	4886380126ca1460605132add3d043713ea60b78	e8f6361511385dc3034251a0f4e741717d487fec	817631e27fddf44795095ce848bb144d25fd4f3f1c165c7a0905a4b3f69374a0	1776f45b74319d20d4bee085c7ff6b741afe83d8abca7e1695986b4cf161e22f	HC006	HC006	excluded	Thermal field/method comparison only; generic status file changes outside selected thermal components not full semantic review
libqtdevices	3009b73251af52693ee5f4e036fbf335efdfe054	2f28654e6584708d111c33932bc9add191b1b12b	device_status.cpp	8e6265b64ecfb76c97da5a262dd0f390681c3a4a	609400cf0d19e94098bdd6eacd78e2c8f1039ab7	80ae07bd6e064a56e93d7a60443995f2c3069cb63c5541c41ebbe28d0d3ba981	c468eb39c46c5569e715cfc3d3de327fe7900ae4cb0f5d48517856b5143cfc98	HC008,HC001,HC002,HC003,HC009,HC005	HC008,HC001,HC002,HC003,HC009,HC005	excluded	Thermal field/method comparison only; generic status file changes outside selected thermal components not full semantic review
libqtdevices	3009b73251af52693ee5f4e036fbf335efdfe054	2f28654e6584708d111c33932bc9add191b1b12b	device_status.h	4886380126ca1460605132add3d043713ea60b78	e8f6361511385dc3034251a0f4e741717d487fec	817631e27fddf44795095ce848bb144d25fd4f3f1c165c7a0905a4b3f69374a0	1776f45b74319d20d4bee085c7ff6b741afe83d8abca7e1695986b4cf161e22f	HC006	HC006	excluded	Thermal field/method comparison only; generic status file changes outside selected thermal components not full semantic review
libqtdevices	a71ac4481d895a27a0404e0a96756e467208dcd2	16deb93ebf8a5ecdda398d05d7b031c03f3123f2	device_status.cpp	8e6265b64ecfb76c97da5a262dd0f390681c3a4a	609400cf0d19e94098bdd6eacd78e2c8f1039ab7	80ae07bd6e064a56e93d7a60443995f2c3069cb63c5541c41ebbe28d0d3ba981	c468eb39c46c5569e715cfc3d3de327fe7900ae4cb0f5d48517856b5143cfc98	HC008,HC001,HC002,HC003,HC009,HC005	HC008,HC001,HC002,HC003,HC009,HC005	excluded	Thermal field/method comparison only; generic status file changes outside selected thermal components not full semantic review
libqtdevices	a71ac4481d895a27a0404e0a96756e467208dcd2	16deb93ebf8a5ecdda398d05d7b031c03f3123f2	device_status.h	4886380126ca1460605132add3d043713ea60b78	e8f6361511385dc3034251a0f4e741717d487fec	817631e27fddf44795095ce848bb144d25fd4f3f1c165c7a0905a4b3f69374a0	1776f45b74319d20d4bee085c7ff6b741afe83d8abca7e1695986b4cf161e22f	HC006	HC006	excluded	Thermal field/method comparison only; generic status file changes outside selected thermal components not full semantic review
libqtdevices	e8d8554960171978547fe67dece4ee1bb2e66b13	af4aaf83865059204a5b9507883e1c8a8ec9427b	device_status.cpp	824b49c8136a5ee3c0af9b9e423db1fd8043a6d4	8e6265b64ecfb76c97da5a262dd0f390681c3a4a	3c98efe65366af584ab7775dccde5576309f4468d9f982200d9da4438d5929ca	80ae07bd6e064a56e93d7a60443995f2c3069cb63c5541c41ebbe28d0d3ba981	HC008,HC001,HC002,HC003,HC009,HC005	HC008,HC001,HC002,HC003,HC009,HC005	excluded	Thermal field/method comparison only; generic status file changes outside selected thermal components not full semantic review
libqtdevices	e8d8554960171978547fe67dece4ee1bb2e66b13	af4aaf83865059204a5b9507883e1c8a8ec9427b	device_status.h	28575834a59a620da62dc3fc8d504197b329d0f9	4886380126ca1460605132add3d043713ea60b78	56cb37f0511e8d118261c3563c855fa388c0758af10c44824eb3133324919a40	817631e27fddf44795095ce848bb144d25fd4f3f1c165c7a0905a4b3f69374a0	HC006	HC006	excluded	Thermal field/method comparison only; generic status file changes outside selected thermal components not full semantic review
libqtdevices	322e172d402d20272a34006e8c04e92f02afe28c	ffb4c6d67823656ea706777d1b2c86646054da9e	device_status.cpp	824b49c8136a5ee3c0af9b9e423db1fd8043a6d4	8e6265b64ecfb76c97da5a262dd0f390681c3a4a	3c98efe65366af584ab7775dccde5576309f4468d9f982200d9da4438d5929ca	80ae07bd6e064a56e93d7a60443995f2c3069cb63c5541c41ebbe28d0d3ba981	HC008,HC001,HC002,HC003,HC009,HC005	HC008,HC001,HC002,HC003,HC009,HC005	excluded	Thermal field/method comparison only; generic status file changes outside selected thermal components not full semantic review
libqtdevices	322e172d402d20272a34006e8c04e92f02afe28c	ffb4c6d67823656ea706777d1b2c86646054da9e	device_status.h	28575834a59a620da62dc3fc8d504197b329d0f9	4886380126ca1460605132add3d043713ea60b78	56cb37f0511e8d118261c3563c855fa388c0758af10c44824eb3133324919a40	817631e27fddf44795095ce848bb144d25fd4f3f1c165c7a0905a4b3f69374a0	HC006	HC006	excluded	Thermal field/method comparison only; generic status file changes outside selected thermal components not full semantic review
libqtdevices	aa28c4d78b57907991aaf321a0ed94ba368734be	c506fc41c4fe3b493a02b613e48f0d6725ea3bd0	device_status.cpp	824b49c8136a5ee3c0af9b9e423db1fd8043a6d4	8e6265b64ecfb76c97da5a262dd0f390681c3a4a	3c98efe65366af584ab7775dccde5576309f4468d9f982200d9da4438d5929ca	80ae07bd6e064a56e93d7a60443995f2c3069cb63c5541c41ebbe28d0d3ba981	HC008,HC001,HC002,HC003,HC009,HC005	HC008,HC001,HC002,HC003,HC009,HC005	excluded	Thermal field/method comparison only; generic status file changes outside selected thermal components not full semantic review
libqtdevices	aa28c4d78b57907991aaf321a0ed94ba368734be	c506fc41c4fe3b493a02b613e48f0d6725ea3bd0	device_status.h	28575834a59a620da62dc3fc8d504197b329d0f9	4886380126ca1460605132add3d043713ea60b78	56cb37f0511e8d118261c3563c855fa388c0758af10c44824eb3133324919a40	817631e27fddf44795095ce848bb144d25fd4f3f1c165c7a0905a4b3f69374a0	HC006	HC006	excluded	Thermal field/method comparison only; generic status file changes outside selected thermal components not full semantic review
libqtdevices	af4aaf83865059204a5b9507883e1c8a8ec9427b	66e4936918ec44bebe6b24359a49841191009ea4	device_status.cpp	0baa609f73c76275253bd07efc698add280fc453	824b49c8136a5ee3c0af9b9e423db1fd8043a6d4	57835fbb7cf43fe58c576c61133a7df5886182b375c4f646bde457ae158e0ba7	3c98efe65366af584ab7775dccde5576309f4468d9f982200d9da4438d5929ca	HC010,HC001,HC002,HC003,HC011,HC005	HC008,HC001,HC002,HC003,HC009,HC005	excluded	Thermal field/method comparison only; generic status file changes outside selected thermal components not full semantic review
libqtdevices	af4aaf83865059204a5b9507883e1c8a8ec9427b	66e4936918ec44bebe6b24359a49841191009ea4	device_status.h	8e05989a4cb43b3e62c9f478b83527bfab16006d	28575834a59a620da62dc3fc8d504197b329d0f9	ba8040f9028e5bdf5d687eb4f47e7b246b24c4166cdf6290e0670e2437d1c91e	56cb37f0511e8d118261c3563c855fa388c0758af10c44824eb3133324919a40	HC012	HC006	excluded	Thermal field/method comparison only; generic status file changes outside selected thermal components not full semantic review
libqtdevices	a81429d7b4398f9f54a6166ab7326223e0b5bd7b	3c312ecfd1c4affb08a43d8a1bafce4845f88cda	device_status.cpp	184c197c185a92221a2c266fd1c60eafbf9a68e2	824b49c8136a5ee3c0af9b9e423db1fd8043a6d4	9b1d2da13866ee154e21652abfdcdb465ee6a6678b9a7e719e81365e396b3cfb	3c98efe65366af584ab7775dccde5576309f4468d9f982200d9da4438d5929ca	HC008,HC001,HC002,HC003,HC013,HC005	HC008,HC001,HC002,HC003,HC009,HC005	excluded	Thermal field/method comparison only; generic status file changes outside selected thermal components not full semantic review
libqtdevices	a81429d7b4398f9f54a6166ab7326223e0b5bd7b	3c312ecfd1c4affb08a43d8a1bafce4845f88cda	device_status.h	c67fded2a2066c97c6d671a8fe486f1eca41cde1	28575834a59a620da62dc3fc8d504197b329d0f9	53cd2899997385e6b8d5f7874854a2327ea8c6c10a1521d4f63114dd1c4bf41b	56cb37f0511e8d118261c3563c855fa388c0758af10c44824eb3133324919a40	HC014	HC006	excluded	Thermal field/method comparison only; generic status file changes outside selected thermal components not full semantic review
libqtdevices	27c35e672020ba2f8d327cd9622a3eb6935c203d	9dee36671dece985cef5dc6722c08a99011901b7	device_status.cpp	184c197c185a92221a2c266fd1c60eafbf9a68e2	824b49c8136a5ee3c0af9b9e423db1fd8043a6d4	9b1d2da13866ee154e21652abfdcdb465ee6a6678b9a7e719e81365e396b3cfb	3c98efe65366af584ab7775dccde5576309f4468d9f982200d9da4438d5929ca	HC008,HC001,HC002,HC003,HC013,HC005	HC008,HC001,HC002,HC003,HC009,HC005	excluded	Thermal field/method comparison only; generic status file changes outside selected thermal components not full semantic review
libqtdevices	27c35e672020ba2f8d327cd9622a3eb6935c203d	9dee36671dece985cef5dc6722c08a99011901b7	device_status.h	c67fded2a2066c97c6d671a8fe486f1eca41cde1	28575834a59a620da62dc3fc8d504197b329d0f9	53cd2899997385e6b8d5f7874854a2327ea8c6c10a1521d4f63114dd1c4bf41b	56cb37f0511e8d118261c3563c855fa388c0758af10c44824eb3133324919a40	HC014	HC006	excluded	Thermal field/method comparison only; generic status file changes outside selected thermal components not full semantic review
libqtdevices	1130b5cb70eecdb9ffa2381eed77387cbb976a3e	7c0b48d974f227d3b363a1d63f0e056c70c24895	device_status.cpp	0baa609f73c76275253bd07efc698add280fc453	184c197c185a92221a2c266fd1c60eafbf9a68e2	57835fbb7cf43fe58c576c61133a7df5886182b375c4f646bde457ae158e0ba7	9b1d2da13866ee154e21652abfdcdb465ee6a6678b9a7e719e81365e396b3cfb	HC010,HC001,HC002,HC003,HC011,HC005	HC008,HC001,HC002,HC003,HC013,HC005	excluded	Thermal field/method comparison only; generic status file changes outside selected thermal components not full semantic review
libqtdevices	1130b5cb70eecdb9ffa2381eed77387cbb976a3e	7c0b48d974f227d3b363a1d63f0e056c70c24895	device_status.h	8e05989a4cb43b3e62c9f478b83527bfab16006d	c67fded2a2066c97c6d671a8fe486f1eca41cde1	ba8040f9028e5bdf5d687eb4f47e7b246b24c4166cdf6290e0670e2437d1c91e	53cd2899997385e6b8d5f7874854a2327ea8c6c10a1521d4f63114dd1c4bf41b	HC012	HC014	excluded	Thermal field/method comparison only; generic status file changes outside selected thermal components not full semantic review
libqtdevices	66e4936918ec44bebe6b24359a49841191009ea4	8b527b2905f365bdecaf6203a813de0e6949a74f	device_status.cpp	0000000000000000000000000000000000000000	0baa609f73c76275253bd07efc698add280fc453	-	57835fbb7cf43fe58c576c61133a7df5886182b375c4f646bde457ae158e0ba7	-	HC010,HC001,HC002,HC003,HC011,HC005	excluded	Thermal field/method comparison only; generic status file changes outside selected thermal components not full semantic review
libqtdevices	66e4936918ec44bebe6b24359a49841191009ea4	8b527b2905f365bdecaf6203a813de0e6949a74f	device_status.h	0000000000000000000000000000000000000000	8e05989a4cb43b3e62c9f478b83527bfab16006d	-	ba8040f9028e5bdf5d687eb4f47e7b246b24c4166cdf6290e0670e2437d1c91e	-	HC012	excluded	Thermal field/method comparison only; generic status file changes outside selected thermal components not full semantic review
libqtdevices	3e59f7989012f776ab717a870ca2f3350367d4a8	cb6ef2767db5ce18e1f4921038fe90de0988f8a7	device_status.h	8e05989a4cb43b3e62c9f478b83527bfab16006d	c67fded2a2066c97c6d671a8fe486f1eca41cde1	ba8040f9028e5bdf5d687eb4f47e7b246b24c4166cdf6290e0670e2437d1c91e	53cd2899997385e6b8d5f7874854a2327ea8c6c10a1521d4f63114dd1c4bf41b	HC012	HC014	excluded	Thermal field/method comparison only; generic status file changes outside selected thermal components not full semantic review
libqtdevices	e9146d0f9ecd6b8604fec56c5ec06b262ae92af4	430f7116f944b3041b81f049371f25410e4d4a90	device_status.cpp	438789f56df8c4f6331168a740070203a05eee13	184c197c185a92221a2c266fd1c60eafbf9a68e2	dc08ea94334d64d0aba090880770f3c5b0ad96181fd2c1b003cdc5db0580c9f9	9b1d2da13866ee154e21652abfdcdb465ee6a6678b9a7e719e81365e396b3cfb	HC008,HC001,HC002,HC003,HC011,HC005	HC008,HC001,HC002,HC003,HC013,HC005	excluded	Thermal field/method comparison only; generic status file changes outside selected thermal components not full semantic review
libqtdevices	430f7116f944b3041b81f049371f25410e4d4a90	bf2c37379204e864f11697d1c8c14bfeb38fdecc	device_status.cpp	0baa609f73c76275253bd07efc698add280fc453	438789f56df8c4f6331168a740070203a05eee13	57835fbb7cf43fe58c576c61133a7df5886182b375c4f646bde457ae158e0ba7	dc08ea94334d64d0aba090880770f3c5b0ad96181fd2c1b003cdc5db0580c9f9	HC010,HC001,HC002,HC003,HC011,HC005	HC008,HC001,HC002,HC003,HC011,HC005	excluded	Thermal field/method comparison only; generic status file changes outside selected thermal components not full semantic review
libqtdevices	02337c09b92ec0ee328b0c38620958422e0e4292	745fce6e64f66c9e623a16606848b671b9fe94b4	device_status.cpp	5f512f9afd0fce3732886a027d197a87109798ec	0baa609f73c76275253bd07efc698add280fc453	956375d40b173d98e4870c7833f763f37574f2365c6412b31983b130c92ac119	57835fbb7cf43fe58c576c61133a7df5886182b375c4f646bde457ae158e0ba7	HC015,HC016,HC003,HC011,HC005	HC010,HC001,HC002,HC003,HC011,HC005	excluded	Thermal field/method comparison only; generic status file changes outside selected thermal components not full semantic review
libqtdevices	02337c09b92ec0ee328b0c38620958422e0e4292	745fce6e64f66c9e623a16606848b671b9fe94b4	device_status.h	a70bacbb8ca3b1f83a66e08d9c1140414576dd04	8e05989a4cb43b3e62c9f478b83527bfab16006d	7bd0118bd10efb94c1c1fd765630ac3f0ca3f8d8ab444bdc5c56d19d4160ab3c	ba8040f9028e5bdf5d687eb4f47e7b246b24c4166cdf6290e0670e2437d1c91e	HC017	HC012	excluded	Thermal field/method comparison only; generic status file changes outside selected thermal components not full semantic review
libqtdevices	76f0c833d6ffe7038fdbb33ee374361b33da044f	d1da7e352c9554f8da2f19c29400de17b2459f69	device_status.cpp	09cfb517c61780f30d495ac2a4efb4ac0f56cc15	0baa609f73c76275253bd07efc698add280fc453	14d2c0b1b5b0fbcf19bde66acb7c1971b472e81f443da27917aa9e6eb36d2eb4	57835fbb7cf43fe58c576c61133a7df5886182b375c4f646bde457ae158e0ba7	HC018,HC015,HC019,HC003,HC011,HC005	HC010,HC001,HC002,HC003,HC011,HC005	excluded	Thermal field/method comparison only; generic status file changes outside selected thermal components not full semantic review
libqtdevices	76f0c833d6ffe7038fdbb33ee374361b33da044f	d1da7e352c9554f8da2f19c29400de17b2459f69	device_status.h	2c8bab41f43cc59d0da863168278f9651fc6281d	8e05989a4cb43b3e62c9f478b83527bfab16006d	effcc9260a81114f5727bdbc81283d796a8d5670c4d008637da5c6b071e56e49	ba8040f9028e5bdf5d687eb4f47e7b246b24c4166cdf6290e0670e2437d1c91e	HC020	HC012	excluded	Thermal field/method comparison only; generic status file changes outside selected thermal components not full semantic review
libqtdevices	530f5b9420f086bb52cf73a8df7f87e7df4ed995	ec2f2a429f77cc6189c4483bda94bf774e9d8b74	device_status.cpp	5f512f9afd0fce3732886a027d197a87109798ec	09cfb517c61780f30d495ac2a4efb4ac0f56cc15	956375d40b173d98e4870c7833f763f37574f2365c6412b31983b130c92ac119	14d2c0b1b5b0fbcf19bde66acb7c1971b472e81f443da27917aa9e6eb36d2eb4	HC015,HC016,HC003,HC011,HC005	HC018,HC015,HC019,HC003,HC011,HC005	excluded	Thermal field/method comparison only; generic status file changes outside selected thermal components not full semantic review
libqtdevices	530f5b9420f086bb52cf73a8df7f87e7df4ed995	ec2f2a429f77cc6189c4483bda94bf774e9d8b74	device_status.h	a70bacbb8ca3b1f83a66e08d9c1140414576dd04	2c8bab41f43cc59d0da863168278f9651fc6281d	7bd0118bd10efb94c1c1fd765630ac3f0ca3f8d8ab444bdc5c56d19d4160ab3c	effcc9260a81114f5727bdbc81283d796a8d5670c4d008637da5c6b071e56e49	HC017	HC020	excluded	Thermal field/method comparison only; generic status file changes outside selected thermal components not full semantic review
libqtdevices	cd519a480359fe18147381016a4c802771cb5795	ef2327586c1cf0f3b6e627254c682448c8a99842	device_status.h	0a9bd8b71ba7796105f72c07dee52d3996b4b3a2	a70bacbb8ca3b1f83a66e08d9c1140414576dd04	ec38852cfb7f7b8aaed6da6e64e38779b0dfff6b903ff080294ba53a0ea15225	7bd0118bd10efb94c1c1fd765630ac3f0ca3f8d8ab444bdc5c56d19d4160ab3c	HC017	HC017	excluded	Thermal field/method comparison only; generic status file changes outside selected thermal components not full semantic review
libqtdevices	e1473d6271ea28d0b5671ff9d174ddcfae8986c7	53d1cdaa70376f1ac37d84089c1c1d36ab3ce287	device_status.h	0a9bd8b71ba7796105f72c07dee52d3996b4b3a2	a70bacbb8ca3b1f83a66e08d9c1140414576dd04	ec38852cfb7f7b8aaed6da6e64e38779b0dfff6b903ff080294ba53a0ea15225	7bd0118bd10efb94c1c1fd765630ac3f0ca3f8d8ab444bdc5c56d19d4160ab3c	HC017	HC017	excluded	Thermal field/method comparison only; generic status file changes outside selected thermal components not full semantic review
libqtdevices	53d1cdaa70376f1ac37d84089c1c1d36ab3ce287	43fc1a19cf69ff81dc4c6953d657d2db2dad16d3	device_status.cpp	3843e75e9885dee7ffa8222dea8370abbc2ceacd	5f512f9afd0fce3732886a027d197a87109798ec	48b5c0f28fb0b853923911cfc6453ae6ef6bf1d519cb4feacc440db5bb5b9c2a	956375d40b173d98e4870c7833f763f37574f2365c6412b31983b130c92ac119	HC021,HC022,HC003,HC011,HC005	HC015,HC016,HC003,HC011,HC005	excluded	Thermal field/method comparison only; generic status file changes outside selected thermal components not full semantic review
libqtdevices	53d1cdaa70376f1ac37d84089c1c1d36ab3ce287	43fc1a19cf69ff81dc4c6953d657d2db2dad16d3	device_status.h	021791d6294f211acfc6065b6b5b34fa5f995109	0a9bd8b71ba7796105f72c07dee52d3996b4b3a2	6caf05cbebf8bfefddc38ae4557e5498184b8ae4fed04480f71fa0ce4a54e802	ec38852cfb7f7b8aaed6da6e64e38779b0dfff6b903ff080294ba53a0ea15225	HC023	HC017	excluded	Thermal field/method comparison only; generic status file changes outside selected thermal components not full semantic review
libqtdevices	53d1cdaa70376f1ac37d84089c1c1d36ab3ce287	44453e08177a42ea8edd99c79188ed282c48a082	device_status.h	a27e331c1272cbd8d8abcd74f7dcac2e9a1e241c	0a9bd8b71ba7796105f72c07dee52d3996b4b3a2	a41ddc6941d889a6f4294714048a907b008999f2d359d8dfaf0d9438b2580674	ec38852cfb7f7b8aaed6da6e64e38779b0dfff6b903ff080294ba53a0ea15225	HC017	HC017	excluded	Thermal field/method comparison only; generic status file changes outside selected thermal components not full semantic review
libqtdevices	43fc1a19cf69ff81dc4c6953d657d2db2dad16d3	3e366930fbedaeea5db0a6610af6fbbf85912807	device_status.h	1434fa6c28ba3f461629a2e4efe01f18d398f562	021791d6294f211acfc6065b6b5b34fa5f995109	99d990d9a9a9c4538e66eba8daf05ea913000f3dcc8a68d686eafe33eb6e7e42	6caf05cbebf8bfefddc38ae4557e5498184b8ae4fed04480f71fa0ce4a54e802	HC023	HC023	excluded	Thermal field/method comparison only; generic status file changes outside selected thermal components not full semantic review
libqtdevices	1e1829a5cd5bf5d3b28d9de822f042a74d63c6ae	c9cbaee4c04f6258a2f5b6fd2861928eaeb58a54	device_status.cpp	3843e75e9885dee7ffa8222dea8370abbc2ceacd	5f512f9afd0fce3732886a027d197a87109798ec	48b5c0f28fb0b853923911cfc6453ae6ef6bf1d519cb4feacc440db5bb5b9c2a	956375d40b173d98e4870c7833f763f37574f2365c6412b31983b130c92ac119	HC021,HC022,HC003,HC011,HC005	HC015,HC016,HC003,HC011,HC005	excluded	Thermal field/method comparison only; generic status file changes outside selected thermal components not full semantic review
libqtdevices	1e1829a5cd5bf5d3b28d9de822f042a74d63c6ae	c9cbaee4c04f6258a2f5b6fd2861928eaeb58a54	device_status.h	1434fa6c28ba3f461629a2e4efe01f18d398f562	a27e331c1272cbd8d8abcd74f7dcac2e9a1e241c	99d990d9a9a9c4538e66eba8daf05ea913000f3dcc8a68d686eafe33eb6e7e42	a41ddc6941d889a6f4294714048a907b008999f2d359d8dfaf0d9438b2580674	HC023	HC017	excluded	Thermal field/method comparison only; generic status file changes outside selected thermal components not full semantic review
libqtdevices	a4bc9889730eb4e944483ee63ebc9af9c6f91b1e	dd2609f606af6ef8eaca9d50a29f458bb7909f0b	device_status.h	6d6e9f7a55a980abf82538b875c14240a9820d9d	1434fa6c28ba3f461629a2e4efe01f18d398f562	43a7f308d2c7c9507c972bce739229fcfce8ae593998de4ca2faaecc034b2ce1	99d990d9a9a9c4538e66eba8daf05ea913000f3dcc8a68d686eafe33eb6e7e42	HC023	HC023	excluded	Thermal field/method comparison only; generic status file changes outside selected thermal components not full semantic review
libqtdevices	c2ec5409253f7320c1b3800ea145b8af39c65a8c	7193c5bf2e1edb07935626ad83ac214e40d057d0	device_status.h	6d6e9f7a55a980abf82538b875c14240a9820d9d	1434fa6c28ba3f461629a2e4efe01f18d398f562	43a7f308d2c7c9507c972bce739229fcfce8ae593998de4ca2faaecc034b2ce1	99d990d9a9a9c4538e66eba8daf05ea913000f3dcc8a68d686eafe33eb6e7e42	HC023	HC023	excluded	Thermal field/method comparison only; generic status file changes outside selected thermal components not full semantic review
libqtdevices	555550d9f3a5b3de30fbc459dee5455bd5cdbe81	20b4e35641f09b2f2d33df149c3f0a27ebbde768	device_status.cpp	fa87cbf955a59c5595600e36654540f8a0f4bf06	3843e75e9885dee7ffa8222dea8370abbc2ceacd	77b73f78dd382e7c33ed2815a38a61bf84b92d6074c34c89dd5a0cfeb231c880	48b5c0f28fb0b853923911cfc6453ae6ef6bf1d519cb4feacc440db5bb5b9c2a	HC021,HC022,HC003,HC011,HC005	HC021,HC022,HC003,HC011,HC005	excluded	Thermal field/method comparison only; generic status file changes outside selected thermal components not full semantic review
libqtdevices	555550d9f3a5b3de30fbc459dee5455bd5cdbe81	20b4e35641f09b2f2d33df149c3f0a27ebbde768	device_status.h	f8961f5d62ef7bc4868af8437eab6e30d0a2ecc6	6d6e9f7a55a980abf82538b875c14240a9820d9d	c8b09547e04a65068efecf24d0c514345a5050814dc757a7cbff9d72e818e9fb	43a7f308d2c7c9507c972bce739229fcfce8ae593998de4ca2faaecc034b2ce1	HC023	HC023	excluded	Thermal field/method comparison only; generic status file changes outside selected thermal components not full semantic review
libqtdevices	849e33c592e4058932d2c1b39ecb5a971d4102ad	a0b55ff9dbd0cdf89d157e3e9d92e044cd7a37c8	device_status.cpp	fa87cbf955a59c5595600e36654540f8a0f4bf06	3843e75e9885dee7ffa8222dea8370abbc2ceacd	77b73f78dd382e7c33ed2815a38a61bf84b92d6074c34c89dd5a0cfeb231c880	48b5c0f28fb0b853923911cfc6453ae6ef6bf1d519cb4feacc440db5bb5b9c2a	HC021,HC022,HC003,HC011,HC005	HC021,HC022,HC003,HC011,HC005	excluded	Thermal field/method comparison only; generic status file changes outside selected thermal components not full semantic review
libqtdevices	849e33c592e4058932d2c1b39ecb5a971d4102ad	a0b55ff9dbd0cdf89d157e3e9d92e044cd7a37c8	device_status.h	f8961f5d62ef7bc4868af8437eab6e30d0a2ecc6	6d6e9f7a55a980abf82538b875c14240a9820d9d	c8b09547e04a65068efecf24d0c514345a5050814dc757a7cbff9d72e818e9fb	43a7f308d2c7c9507c972bce739229fcfce8ae593998de4ca2faaecc034b2ce1	HC023	HC023	excluded	Thermal field/method comparison only; generic status file changes outside selected thermal components not full semantic review
libqtdevices	a81578f3f78c9895eaf5fb9bbd943bdc750be53a	c8802e6e59836b07e24223a30973ff4e8075d2c7	device_status.cpp	f737d391b5b1c1b207be38b3b52cf33c4ac70052	fa87cbf955a59c5595600e36654540f8a0f4bf06	7614bd665f48c5d00d9e4e66f9ef8f201095129787e1bd7a99b96dfa434378ca	77b73f78dd382e7c33ed2815a38a61bf84b92d6074c34c89dd5a0cfeb231c880	HC003,HC011,HC005	HC021,HC022,HC003,HC011,HC005	excluded	Thermal field/method comparison only; generic status file changes outside selected thermal components not full semantic review
libqtdevices	a81578f3f78c9895eaf5fb9bbd943bdc750be53a	c8802e6e59836b07e24223a30973ff4e8075d2c7	device_status.h	bc1fdb7da87bbb8323af2f9768138eda858595a6	f8961f5d62ef7bc4868af8437eab6e30d0a2ecc6	018376eb56ba36fd8b98723723263b68995adec6dec02f2a75b81568f9e1f41a	c8b09547e04a65068efecf24d0c514345a5050814dc757a7cbff9d72e818e9fb	HC024	HC023	excluded	Thermal field/method comparison only; generic status file changes outside selected thermal components not full semantic review
libqtdevices	d5975728175cb629f4900712f4eb19485163257d	82e003c741fdefc618a1ed48a719d7a0491458c5	device_status.cpp	f737d391b5b1c1b207be38b3b52cf33c4ac70052	fa87cbf955a59c5595600e36654540f8a0f4bf06	7614bd665f48c5d00d9e4e66f9ef8f201095129787e1bd7a99b96dfa434378ca	77b73f78dd382e7c33ed2815a38a61bf84b92d6074c34c89dd5a0cfeb231c880	HC003,HC011,HC005	HC021,HC022,HC003,HC011,HC005	excluded	Thermal field/method comparison only; generic status file changes outside selected thermal components not full semantic review
libqtdevices	d5975728175cb629f4900712f4eb19485163257d	82e003c741fdefc618a1ed48a719d7a0491458c5	device_status.h	bc1fdb7da87bbb8323af2f9768138eda858595a6	f8961f5d62ef7bc4868af8437eab6e30d0a2ecc6	018376eb56ba36fd8b98723723263b68995adec6dec02f2a75b81568f9e1f41a	c8b09547e04a65068efecf24d0c514345a5050814dc757a7cbff9d72e818e9fb	HC024	HC023	excluded	Thermal field/method comparison only; generic status file changes outside selected thermal components not full semantic review
libqtdevices	d54f3335e6e640816d33fd27012a7bef7c6ea0aa	f6eb94a4bd4a6f9cc48bea35dc3a466d22ae6f93	device_status.cpp	0000000000000000000000000000000000000000	f737d391b5b1c1b207be38b3b52cf33c4ac70052	-	7614bd665f48c5d00d9e4e66f9ef8f201095129787e1bd7a99b96dfa434378ca	-	HC003,HC011,HC005	excluded	Thermal field/method comparison only; generic status file changes outside selected thermal components not full semantic review
libqtdevices	d54f3335e6e640816d33fd27012a7bef7c6ea0aa	f6eb94a4bd4a6f9cc48bea35dc3a466d22ae6f93	device_status.h	0000000000000000000000000000000000000000	bc1fdb7da87bbb8323af2f9768138eda858595a6	-	018376eb56ba36fd8b98723723263b68995adec6dec02f2a75b81568f9e1f41a	-	HC024	excluded	Thermal field/method comparison only; generic status file changes outside selected thermal components not full semantic review
