repository	commit	parent_commit	path	before_blob	after_blob	before_sha256	after_sha256	scope	review_method	disposition	canonical_page	review_basis
libqtdevices	77cccbe933ea9f32626bea85cd7f5a99a32692ea	40498dfdcc2587199e3cf1445ec492aed5a7f6df	message_device.cpp	4cebd4dde4b331ad555f3426cdd22a887746c7bd	fdbb649c3b00f57887d86d6e291a26c6e5fcaa5b	371db16604f820b39dd4048f0c55c8dc01973d5a7b99ebc51d280c09d5975051	9a2464bd8c6a5c03ab626a0a9139ba439426fed6e7c1de54440465c2bc0afca1	historical-touchscreen-client	semantic-parent-diff-and-final-source/tests	excluded	-	Qt5 captureCount versus Qt4 numCaptures compatibility; no new message vocabulary or validity contract
libqtdevices	07938c30fb5318ee28a26770155040687c134014	20b67275c780d5d0d4643ef446eabe6ad28877e5	devices/message_device.cpp	4cebd4dde4b331ad555f3426cdd22a887746c7bd	0000000000000000000000000000000000000000	371db16604f820b39dd4048f0c55c8dc01973d5a7b99ebc51d280c09d5975051	-	historical-touchscreen-client	semantic-parent-diff-and-final-source/tests	corroborates	functional/who-8-video-door-entry-telephony/README.md	Extraction relocation: six pairs byte-identical; test ringtone symbols moved to device enum and two local ringtone entries added; no new wire operation
libqtdevices	07938c30fb5318ee28a26770155040687c134014	20b67275c780d5d0d4643ef446eabe6ad28877e5	devices/message_device.h	9eda132f8db308d45b3151c120db9c0b2c02e291	0000000000000000000000000000000000000000	07a3fde3112fc933c38a84def900c914b9c6388e449279dc3444f81fdfc54401	-	historical-touchscreen-client	semantic-parent-diff-and-final-source/tests	corroborates	functional/who-8-video-door-entry-telephony/README.md	Extraction relocation: six pairs byte-identical; test ringtone symbols moved to device enum and two local ringtone entries added; no new wire operation
libqtdevices	07938c30fb5318ee28a26770155040687c134014	20b67275c780d5d0d4643ef446eabe6ad28877e5	devices/test/test_message_device.cpp	1be8986c36fbf0815e94f71d7ea48d8ab2284636	0000000000000000000000000000000000000000	3f61b407dee3cfa4a6efcf6a914036f70afabce04f05f7c1c40176f79ab55115	-	historical-touchscreen-client	semantic-parent-diff-and-final-source/tests	corroborates	functional/who-8-video-door-entry-telephony/README.md	Extraction relocation: six pairs byte-identical; test ringtone symbols moved to device enum and two local ringtone entries added; no new wire operation
libqtdevices	07938c30fb5318ee28a26770155040687c134014	20b67275c780d5d0d4643ef446eabe6ad28877e5	devices/test/test_message_device.h	e5ce2195fb9ed64925bbf46b405071c310271e96	0000000000000000000000000000000000000000	1a1dc4b9b45fcb5b333bf1257026aa90529dcc64b3de3be496bb46f043e14b10	-	historical-touchscreen-client	semantic-parent-diff-and-final-source/tests	corroborates	functional/who-8-video-door-entry-telephony/README.md	Extraction relocation: six pairs byte-identical; test ringtone symbols moved to device enum and two local ringtone entries added; no new wire operation
libqtdevices	07938c30fb5318ee28a26770155040687c134014	20b67275c780d5d0d4643ef446eabe6ad28877e5	devices/test/test_videodoorentry_device.cpp	3f8f8d6b1d1928939749b206c2a5b5a1791de5ba	0000000000000000000000000000000000000000	871277ca74ba5d843c1d346b724ecffe70da3c39387a12dbf356a8b827745b3d	-	historical-touchscreen-client	semantic-parent-diff-and-final-source/tests	corroborates	functional/who-8-video-door-entry-telephony/README.md	Extraction relocation: six pairs byte-identical; test ringtone symbols moved to device enum and two local ringtone entries added; no new wire operation
libqtdevices	07938c30fb5318ee28a26770155040687c134014	20b67275c780d5d0d4643ef446eabe6ad28877e5	devices/test/test_videodoorentry_device.h	4c2385f0b5d1f22f910f5707a3964ea3d06e05aa	0000000000000000000000000000000000000000	7415fecc7ccaefc7d4de109598d9756bfaf9471b1ae936c1b3525290cdb5bd5b	-	historical-touchscreen-client	semantic-parent-diff-and-final-source/tests	corroborates	functional/who-8-video-door-entry-telephony/README.md	Extraction relocation: six pairs byte-identical; test ringtone symbols moved to device enum and two local ringtone entries added; no new wire operation
libqtdevices	07938c30fb5318ee28a26770155040687c134014	20b67275c780d5d0d4643ef446eabe6ad28877e5	devices/videodoorentry_device.cpp	cc5334712d6ca6a36c4aa7e72faa1fe3f11b6281	0000000000000000000000000000000000000000	e28a95565d489be495ab5dfc7e74eb5379c10242a1b91899f904fbfeb4be7560	-	historical-touchscreen-client	semantic-parent-diff-and-final-source/tests	corroborates	functional/who-8-video-door-entry-telephony/README.md	Extraction relocation: six pairs byte-identical; test ringtone symbols moved to device enum and two local ringtone entries added; no new wire operation
libqtdevices	07938c30fb5318ee28a26770155040687c134014	20b67275c780d5d0d4643ef446eabe6ad28877e5	devices/videodoorentry_device.h	23c11ec0e9e6c696958541d65a01643c8da62158	0000000000000000000000000000000000000000	949dfa8495eafda752c680d489202f597817655e0366b89ed32beafa91f5b230	-	historical-touchscreen-client	semantic-parent-diff-and-final-source/tests	corroborates	functional/who-8-video-door-entry-telephony/README.md	Extraction relocation: six pairs byte-identical; test ringtone symbols moved to device enum and two local ringtone entries added; no new wire operation
libqtdevices	07938c30fb5318ee28a26770155040687c134014	20b67275c780d5d0d4643ef446eabe6ad28877e5	message_device.cpp	0000000000000000000000000000000000000000	4cebd4dde4b331ad555f3426cdd22a887746c7bd	-	371db16604f820b39dd4048f0c55c8dc01973d5a7b99ebc51d280c09d5975051	historical-touchscreen-client	semantic-parent-diff-and-final-source/tests	corroborates	functional/who-8-video-door-entry-telephony/README.md	Extraction relocation: six pairs byte-identical; test ringtone symbols moved to device enum and two local ringtone entries added; no new wire operation
libqtdevices	07938c30fb5318ee28a26770155040687c134014	20b67275c780d5d0d4643ef446eabe6ad28877e5	message_device.h	0000000000000000000000000000000000000000	9eda132f8db308d45b3151c120db9c0b2c02e291	-	07a3fde3112fc933c38a84def900c914b9c6388e449279dc3444f81fdfc54401	historical-touchscreen-client	semantic-parent-diff-and-final-source/tests	corroborates	functional/who-8-video-door-entry-telephony/README.md	Extraction relocation: six pairs byte-identical; test ringtone symbols moved to device enum and two local ringtone entries added; no new wire operation
libqtdevices	07938c30fb5318ee28a26770155040687c134014	20b67275c780d5d0d4643ef446eabe6ad28877e5	test/test_message_device.cpp	0000000000000000000000000000000000000000	1be8986c36fbf0815e94f71d7ea48d8ab2284636	-	3f61b407dee3cfa4a6efcf6a914036f70afabce04f05f7c1c40176f79ab55115	historical-touchscreen-client	semantic-parent-diff-and-final-source/tests	corroborates	functional/who-8-video-door-entry-telephony/README.md	Extraction relocation: six pairs byte-identical; test ringtone symbols moved to device enum and two local ringtone entries added; no new wire operation
libqtdevices	07938c30fb5318ee28a26770155040687c134014	20b67275c780d5d0d4643ef446eabe6ad28877e5	test/test_message_device.h	0000000000000000000000000000000000000000	e5ce2195fb9ed64925bbf46b405071c310271e96	-	1a1dc4b9b45fcb5b333bf1257026aa90529dcc64b3de3be496bb46f043e14b10	historical-touchscreen-client	semantic-parent-diff-and-final-source/tests	corroborates	functional/who-8-video-door-entry-telephony/README.md	Extraction relocation: six pairs byte-identical; test ringtone symbols moved to device enum and two local ringtone entries added; no new wire operation
libqtdevices	07938c30fb5318ee28a26770155040687c134014	20b67275c780d5d0d4643ef446eabe6ad28877e5	test/test_videodoorentry_device.cpp	0000000000000000000000000000000000000000	d199af0612fec6d683e2b9eedfe0fc74f763c991	-	e234380551d71a06cfa7de937b57c93d17cf13b3ecfb4f9231d6ceef5700552d	historical-touchscreen-client	semantic-parent-diff-and-final-source/tests	corroborates	functional/who-8-video-door-entry-telephony/README.md	Extraction relocation: six pairs byte-identical; test ringtone symbols moved to device enum and two local ringtone entries added; no new wire operation
libqtdevices	07938c30fb5318ee28a26770155040687c134014	20b67275c780d5d0d4643ef446eabe6ad28877e5	test/test_videodoorentry_device.h	0000000000000000000000000000000000000000	4c2385f0b5d1f22f910f5707a3964ea3d06e05aa	-	7415fecc7ccaefc7d4de109598d9756bfaf9471b1ae936c1b3525290cdb5bd5b	historical-touchscreen-client	semantic-parent-diff-and-final-source/tests	corroborates	functional/who-8-video-door-entry-telephony/README.md	Extraction relocation: six pairs byte-identical; test ringtone symbols moved to device enum and two local ringtone entries added; no new wire operation
libqtdevices	07938c30fb5318ee28a26770155040687c134014	20b67275c780d5d0d4643ef446eabe6ad28877e5	videodoorentry_device.cpp	0000000000000000000000000000000000000000	cc5334712d6ca6a36c4aa7e72faa1fe3f11b6281	-	e28a95565d489be495ab5dfc7e74eb5379c10242a1b91899f904fbfeb4be7560	historical-touchscreen-client	semantic-parent-diff-and-final-source/tests	corroborates	functional/who-8-video-door-entry-telephony/README.md	Extraction relocation: six pairs byte-identical; test ringtone symbols moved to device enum and two local ringtone entries added; no new wire operation
libqtdevices	07938c30fb5318ee28a26770155040687c134014	20b67275c780d5d0d4643ef446eabe6ad28877e5	videodoorentry_device.h	0000000000000000000000000000000000000000	55e08a16ebda7ab03ff53672781188029fdb437f	-	6944aba8a9bdb9b4b5d0a53d9fdae156f0759ba41d97953bf6cafb5541f777a3	historical-touchscreen-client	semantic-parent-diff-and-final-source/tests	corroborates	functional/who-8-video-door-entry-telephony/README.md	Extraction relocation: six pairs byte-identical; test ringtone symbols moved to device enum and two local ringtone entries added; no new wire operation
libqtdevices	30ab9b75a5dbffc8b267efb44bda760b1c15ee81	d88ecf84e19c76a932c624abcde78dd57b48d8a5	devices/videodoorentry_device.h	7a843815d2fa0122585ef561e0ffd643e2340e71	23c11ec0e9e6c696958541d65a01643c8da62158	fa4f7145fe7c772f0e680281e6e4d40b4df2b7a82f7d0a196fe7e083d71b24c4	949dfa8495eafda752c680d489202f597817655e0366b89ed32beafa91f5b230	historical-touchscreen-client	semantic-parent-diff-and-final-source/tests	excluded	-	Public overload visibility, getters, test friendship or declaration parameter naming; unchanged wire serialization and state transitions
libqtdevices	a4eea243634f8a20d356d791eea318d019fc5d47	c1278713cdc383664e0aad34ccdeb18dbf019cf5	devices/test/test_videodoorentry_device.cpp	5b68f0a986c9a37aed0d09583ff201b253767ecd	3f8f8d6b1d1928939749b206c2a5b5a1791de5ba	0ec2ea04c684038e936da52f3b9e0f53f6d3b44d6e240f2ef9d2db27a1e892a9	871277ca74ba5d843c1d346b724ecffe70da3c39387a12dbf356a8b827745b3d	historical-touchscreen-client	semantic-parent-diff-and-final-source/tests	incorporated	functional/who-8-video-door-entry-telephony/README.md	Teleloop link moved from normal delayed init to registered connection-init frame; previous ID removed, nonzero ID added, zero only removes; deleted init test proves prior path only
libqtdevices	a4eea243634f8a20d356d791eea318d019fc5d47	c1278713cdc383664e0aad34ccdeb18dbf019cf5	devices/test/test_videodoorentry_device.h	8b79928745ecf1a2523edc09b05c12c5899be61b	4c2385f0b5d1f22f910f5707a3964ea3d06e05aa	c7daf61857821654c30270cc07d7faad1a2c1496a2a689eaee1f295ed8295a18	7415fecc7ccaefc7d4de109598d9756bfaf9471b1ae936c1b3525290cdb5bd5b	historical-touchscreen-client	semantic-parent-diff-and-final-source/tests	incorporated	functional/who-8-video-door-entry-telephony/README.md	Teleloop link moved from normal delayed init to registered connection-init frame; previous ID removed, nonzero ID added, zero only removes; deleted init test proves prior path only
libqtdevices	a4eea243634f8a20d356d791eea318d019fc5d47	c1278713cdc383664e0aad34ccdeb18dbf019cf5	devices/videodoorentry_device.cpp	948f2182a7539959efefe2ef7695f0758e50e4ff	cc5334712d6ca6a36c4aa7e72faa1fe3f11b6281	42fe4fac2afc4dd2cebc32e9b90fbd3a260bc32ee5313c7678d00f9f8a1d3d31	e28a95565d489be495ab5dfc7e74eb5379c10242a1b91899f904fbfeb4be7560	historical-touchscreen-client	semantic-parent-diff-and-final-source/tests	incorporated	functional/who-8-video-door-entry-telephony/README.md	Teleloop link moved from normal delayed init to registered connection-init frame; previous ID removed, nonzero ID added, zero only removes; deleted init test proves prior path only
libqtdevices	a4eea243634f8a20d356d791eea318d019fc5d47	c1278713cdc383664e0aad34ccdeb18dbf019cf5	devices/videodoorentry_device.h	5281497b151d36bf3c33242e02a7153cf084df36	7a843815d2fa0122585ef561e0ffd643e2340e71	451b56f99e4387d449f6c99632e63795fba96fa720c1aeddc9e135a0b426e09b	fa4f7145fe7c772f0e680281e6e4d40b4df2b7a82f7d0a196fe7e083d71b24c4	historical-touchscreen-client	semantic-parent-diff-and-final-source/tests	incorporated	functional/who-8-video-door-entry-telephony/README.md	Teleloop link moved from normal delayed init to registered connection-init frame; previous ID removed, nonzero ID added, zero only removes; deleted init test proves prior path only
libqtdevices	23c7adbfa35d33732a28290af8149c0716de1444	2a032a09124d5274d6a6ce75e410917e2e25cb2f	devices/test/test_videodoorentry_device.cpp	3f8f8d6b1d1928939749b206c2a5b5a1791de5ba	5b68f0a986c9a37aed0d09583ff201b253767ecd	871277ca74ba5d843c1d346b724ecffe70da3c39387a12dbf356a8b827745b3d	0ec2ea04c684038e936da52f3b9e0f53f6d3b44d6e240f2ef9d2db27a1e892a9	historical-touchscreen-client	semantic-parent-diff-and-final-source/tests	incorporated	functional/who-8-video-door-entry-telephony/README.md	Teleloop link moved from normal delayed init to registered connection-init frame; previous ID removed, nonzero ID added, zero only removes; deleted init test proves prior path only
libqtdevices	23c7adbfa35d33732a28290af8149c0716de1444	2a032a09124d5274d6a6ce75e410917e2e25cb2f	devices/test/test_videodoorentry_device.h	4c2385f0b5d1f22f910f5707a3964ea3d06e05aa	8b79928745ecf1a2523edc09b05c12c5899be61b	7415fecc7ccaefc7d4de109598d9756bfaf9471b1ae936c1b3525290cdb5bd5b	c7daf61857821654c30270cc07d7faad1a2c1496a2a689eaee1f295ed8295a18	historical-touchscreen-client	semantic-parent-diff-and-final-source/tests	incorporated	functional/who-8-video-door-entry-telephony/README.md	Teleloop link moved from normal delayed init to registered connection-init frame; previous ID removed, nonzero ID added, zero only removes; deleted init test proves prior path only
libqtdevices	23c7adbfa35d33732a28290af8149c0716de1444	2a032a09124d5274d6a6ce75e410917e2e25cb2f	devices/videodoorentry_device.cpp	711e42b4aa5d8651eb81199e68a2e7f21db3e10b	948f2182a7539959efefe2ef7695f0758e50e4ff	c8b9bd59030b3350d1e9c4cd8e3737b24c34e28ee839afb8c54dbd2a9fa029bb	42fe4fac2afc4dd2cebc32e9b90fbd3a260bc32ee5313c7678d00f9f8a1d3d31	historical-touchscreen-client	semantic-parent-diff-and-final-source/tests	incorporated	functional/who-8-video-door-entry-telephony/README.md	Teleloop link moved from normal delayed init to registered connection-init frame; previous ID removed, nonzero ID added, zero only removes; deleted init test proves prior path only
libqtdevices	23c7adbfa35d33732a28290af8149c0716de1444	2a032a09124d5274d6a6ce75e410917e2e25cb2f	devices/videodoorentry_device.h	ac62cfdb31bcd9e6ab4f5b5e6a3ca4504a3425fa	5281497b151d36bf3c33242e02a7153cf084df36	6ce0afac8efab0cfe63b3ec461b7303293dc34ca03587df060fa71f595bb216a	451b56f99e4387d449f6c99632e63795fba96fa720c1aeddc9e135a0b426e09b	historical-touchscreen-client	semantic-parent-diff-and-final-source/tests	incorporated	functional/who-8-video-door-entry-telephony/README.md	Teleloop link moved from normal delayed init to registered connection-init frame; previous ID removed, nonzero ID added, zero only removes; deleted init test proves prior path only
libqtdevices	2a032a09124d5274d6a6ce75e410917e2e25cb2f	4cb81edfd22fd4f9ba9ab4414c8da72c24112009	devices/test/test_videodoorentry_device.cpp	6f40553903c3756419e699eaa667f24bcd2e955b	3f8f8d6b1d1928939749b206c2a5b5a1791de5ba	13d86e6c240dc7c02baae2f129e0186844b9b38406036860c36218878540e62f	871277ca74ba5d843c1d346b724ecffe70da3c39387a12dbf356a8b827745b3d	historical-touchscreen-client	semantic-parent-diff-and-final-source/tests	incorporated	functional/who-8-video-door-entry-telephony/README.md	Exact teleloop receive tests preserve 77 association ID, 78 timeout and 79 KIND/MMTYPE/ID order; parser adds association idle exceptions and emits boolean session without tuple validation
libqtdevices	2a032a09124d5274d6a6ce75e410917e2e25cb2f	4cb81edfd22fd4f9ba9ab4414c8da72c24112009	devices/test/test_videodoorentry_device.h	eb9c84ec2a03ecacc94758ff87368f930c4c3793	4c2385f0b5d1f22f910f5707a3964ea3d06e05aa	97398c4772413cfb4f4c6699704f8d2e43aa6fd99115ca03086db66da4459674	7415fecc7ccaefc7d4de109598d9756bfaf9471b1ae936c1b3525290cdb5bd5b	historical-touchscreen-client	semantic-parent-diff-and-final-source/tests	incorporated	functional/who-8-video-door-entry-telephony/README.md	Exact teleloop receive tests preserve 77 association ID, 78 timeout and 79 KIND/MMTYPE/ID order; parser adds association idle exceptions and emits boolean session without tuple validation
libqtdevices	4cb81edfd22fd4f9ba9ab4414c8da72c24112009	6d2644aa0d7d808654ae9f9dd27973347d0de5f1	devices/videodoorentry_device.cpp	fbf426244ae35252b4e315d1a20809ec5c4a38ed	711e42b4aa5d8651eb81199e68a2e7f21db3e10b	f270bed7bce2a4c8074d77932c9b38856e9b2219052d6de6f77d861d899fed6a	c8b9bd59030b3350d1e9c4cd8e3737b24c34e28ee839afb8c54dbd2a9fa029bb	historical-touchscreen-client	semantic-parent-diff-and-final-source/tests	incorporated	functional/who-8-video-door-entry-telephony/README.md	Exact teleloop receive tests preserve 77 association ID, 78 timeout and 79 KIND/MMTYPE/ID order; parser adds association idle exceptions and emits boolean session without tuple validation
libqtdevices	4cb81edfd22fd4f9ba9ab4414c8da72c24112009	6d2644aa0d7d808654ae9f9dd27973347d0de5f1	devices/videodoorentry_device.h	b09e0e47ec34014fbc7c1398eb7709022bf12489	ac62cfdb31bcd9e6ab4f5b5e6a3ca4504a3425fa	062af29ffa7b18835bcc168df55c820cdcaf81b43fbbc3a7124f3d982dfb9b67	6ce0afac8efab0cfe63b3ec461b7303293dc34ca03587df060fa71f595bb216a	historical-touchscreen-client	semantic-parent-diff-and-final-source/tests	incorporated	functional/who-8-video-door-entry-telephony/README.md	Exact teleloop receive tests preserve 77 association ID, 78 timeout and 79 KIND/MMTYPE/ID order; parser adds association idle exceptions and emits boolean session without tuple validation
libqtdevices	6d2644aa0d7d808654ae9f9dd27973347d0de5f1	29aed2a97c8b639df1b9b341b96918fd4cd6e5eb	devices/videodoorentry_device.cpp	7eb39a060f754bd1dc0a174d6f5f4eca40c9b0bb	fbf426244ae35252b4e315d1a20809ec5c4a38ed	817aaafb8a4cbef4b2037e58f708981bc2e1ac8ddafdf11a4d33f682f512fd44	f270bed7bce2a4c8074d77932c9b38856e9b2219052d6de6f77d861d899fed6a	historical-touchscreen-client	semantic-parent-diff-and-final-source/tests	corroborates	functional/who-8-video-door-entry-telephony/README.md	Call classes reject WHAT >9000, separating Guard Unit message traffic; implementation dispatch boundary, not complete protocol enumeration
libqtdevices	ad7564cc7ff32450959fb093bc91764dc208806d	bb43568b5e07937606e037ed059a2df12276d576	devices/videodoorentry_device.cpp	f171d800237a3c62c6434bae2e95fffe1edd9850	7eb39a060f754bd1dc0a174d6f5f4eca40c9b0bb	9ac88b5817dd06d3d0dd861f3d5ed6eb9c36473ddef76ec350afd9bcf2fd551e	817aaafb8a4cbef4b2037e58f708981bc2e1ac8ddafdf11a4d33f682f512fd44	historical-touchscreen-client	semantic-parent-diff-and-final-source/tests	excluded	-	Added/reverted debug output or assertion diagnostic name; no new wire or state behavior
libqtdevices	bb43568b5e07937606e037ed059a2df12276d576	6912f30e1df23759cc7b0caad3f1798fa070fea3	devices/test/test_videodoorentry_device.cpp	3d659a0044b2db9d4f68ad62f9b85e356e8fd116	6f40553903c3756419e699eaa667f24bcd2e955b	1f22b76ec254019a3598a2b9ebaf97077111cdf81c4b206333b06ab3c16ce06d	13d86e6c240dc7c02baae2f129e0186844b9b38406036860c36218878540e62f	historical-touchscreen-client	semantic-parent-diff-and-final-source/tests	corroborates	functional/who-8-video-door-entry-telephony/README.md	Pager writer broadcast syntax and corrected waiting/caller state already documented; earlier broadcast-only receive, premature caller extraction and argument-index variants superseded by final tests and code
libqtdevices	bb43568b5e07937606e037ed059a2df12276d576	6912f30e1df23759cc7b0caad3f1798fa070fea3	devices/videodoorentry_device.cpp	8b60de67317ad3889fc9e4af5f1452fd79f82c6a	f171d800237a3c62c6434bae2e95fffe1edd9850	5698c27836b26e38a4a4da0aa4243aaf850ce9118ca6a4165191a8ea89386c71	9ac88b5817dd06d3d0dd861f3d5ed6eb9c36473ddef76ec350afd9bcf2fd551e	historical-touchscreen-client	semantic-parent-diff-and-final-source/tests	corroborates	functional/who-8-video-door-entry-telephony/README.md	Pager writer broadcast syntax and corrected waiting/caller state already documented; earlier broadcast-only receive, premature caller extraction and argument-index variants superseded by final tests and code
libqtdevices	bb43568b5e07937606e037ed059a2df12276d576	6912f30e1df23759cc7b0caad3f1798fa070fea3	devices/videodoorentry_device.h	046fbb4314c9a7531a763a533cb9964d68196214	b09e0e47ec34014fbc7c1398eb7709022bf12489	2dab97f1476249f8aa47483cb52f0687c8e0781b11602e73fdd43ab767fb0ff5	062af29ffa7b18835bcc168df55c820cdcaf81b43fbbc3a7124f3d982dfb9b67	historical-touchscreen-client	semantic-parent-diff-and-final-source/tests	corroborates	functional/who-8-video-door-entry-telephony/README.md	Pager writer broadcast syntax and corrected waiting/caller state already documented; earlier broadcast-only receive, premature caller extraction and argument-index variants superseded by final tests and code
libqtdevices	6912f30e1df23759cc7b0caad3f1798fa070fea3	9fbcfe98ec2daeb66aab82288563d7049e6e1e72	devices/videodoorentry_device.cpp	1bb854e980d00779ecf025c59d3d76e3285dcb10	8b60de67317ad3889fc9e4af5f1452fd79f82c6a	67ba322e9750b403c758fd9d3e44236887f6e227dc5abba93cbfb2d7f7b2b1c8	5698c27836b26e38a4a4da0aa4243aaf850ce9118ca6a4165191a8ea89386c71	historical-touchscreen-client	semantic-parent-diff-and-final-source/tests	excluded	-	Added/reverted debug output or assertion diagnostic name; no new wire or state behavior
libqtdevices	9fbcfe98ec2daeb66aab82288563d7049e6e1e72	9729bf48146fb7978763c182563f8a009dd22f59	devices/test/test_videodoorentry_device.cpp	853ce846236f1cb0240385b7d24956aa549c71d7	3d659a0044b2db9d4f68ad62f9b85e356e8fd116	61506dc0708d2e1e875ca776dc1f5f2235702ca9359bc8b427cec1998a362dda	1f22b76ec254019a3598a2b9ebaf97077111cdf81c4b206333b06ab3c16ce06d	historical-touchscreen-client	semantic-parent-diff-and-final-source/tests	corroborates	functional/who-8-video-door-entry-telephony/README.md	Pager writer broadcast syntax and corrected waiting/caller state already documented; earlier broadcast-only receive, premature caller extraction and argument-index variants superseded by final tests and code
libqtdevices	9729bf48146fb7978763c182563f8a009dd22f59	5d2287c646110d06b42eb16380e8d0fb5924bfa4	devices/test/test_videodoorentry_device.cpp	0728767c9460cb6eee30eafb4aa11ba80a8abb66	853ce846236f1cb0240385b7d24956aa549c71d7	710671a5e25807678cafdc14654d30597010e6b4cde9b5ebdb1e8f9804621e94	61506dc0708d2e1e875ca776dc1f5f2235702ca9359bc8b427cec1998a362dda	historical-touchscreen-client	semantic-parent-diff-and-final-source/tests	corroborates	functional/who-8-video-door-entry-telephony/README.md	Pager writer broadcast syntax and corrected waiting/caller state already documented; earlier broadcast-only receive, premature caller extraction and argument-index variants superseded by final tests and code
libqtdevices	9729bf48146fb7978763c182563f8a009dd22f59	5d2287c646110d06b42eb16380e8d0fb5924bfa4	devices/test/test_videodoorentry_device.h	4880b5988996ca276fc4d6a7aed4673b6758c876	eb9c84ec2a03ecacc94758ff87368f930c4c3793	f18cbaff559bfe6100c0156d85f0d6a2703642129511ee562f06f32b2222e45b	97398c4772413cfb4f4c6699704f8d2e43aa6fd99115ca03086db66da4459674	historical-touchscreen-client	semantic-parent-diff-and-final-source/tests	corroborates	functional/who-8-video-door-entry-telephony/README.md	Pager writer broadcast syntax and corrected waiting/caller state already documented; earlier broadcast-only receive, premature caller extraction and argument-index variants superseded by final tests and code
libqtdevices	9729bf48146fb7978763c182563f8a009dd22f59	5d2287c646110d06b42eb16380e8d0fb5924bfa4	devices/videodoorentry_device.cpp	3565885ac2179007141a472c7a4142dd312bb707	1bb854e980d00779ecf025c59d3d76e3285dcb10	8a04f898836943c990a377f056c6f6bbad8f24e2b576c88bccf94657b515bdd6	67ba322e9750b403c758fd9d3e44236887f6e227dc5abba93cbfb2d7f7b2b1c8	historical-touchscreen-client	semantic-parent-diff-and-final-source/tests	corroborates	functional/who-8-video-door-entry-telephony/README.md	Pager writer broadcast syntax and corrected waiting/caller state already documented; earlier broadcast-only receive, premature caller extraction and argument-index variants superseded by final tests and code
libqtdevices	5d2287c646110d06b42eb16380e8d0fb5924bfa4	16b3a5c4bdb36496c11ca4edf93c3c4fb6c8b008	devices/test/test_videodoorentry_device.cpp	0f1ef2db5d7fda7affbadc8a751f426358e88eee	0728767c9460cb6eee30eafb4aa11ba80a8abb66	1fe708a7815b29ea80608100aa46b5f2ff191393ded5857724e06b6d2dda43d7	710671a5e25807678cafdc14654d30597010e6b4cde9b5ebdb1e8f9804621e94	historical-touchscreen-client	semantic-parent-diff-and-final-source/tests	corroborates	functional/who-8-video-door-entry-telephony/README.md	Pager writer broadcast syntax and corrected waiting/caller state already documented; earlier broadcast-only receive, premature caller extraction and argument-index variants superseded by final tests and code
libqtdevices	5d2287c646110d06b42eb16380e8d0fb5924bfa4	16b3a5c4bdb36496c11ca4edf93c3c4fb6c8b008	devices/test/test_videodoorentry_device.h	f79f489908d1ac92f2430fead209b8839ab41186	4880b5988996ca276fc4d6a7aed4673b6758c876	13daeaa6d73c9bf831743f764bfe033079269882c3e33f590934a0e4635709a4	f18cbaff559bfe6100c0156d85f0d6a2703642129511ee562f06f32b2222e45b	historical-touchscreen-client	semantic-parent-diff-and-final-source/tests	corroborates	functional/who-8-video-door-entry-telephony/README.md	Pager writer broadcast syntax and corrected waiting/caller state already documented; earlier broadcast-only receive, premature caller extraction and argument-index variants superseded by final tests and code
libqtdevices	5d2287c646110d06b42eb16380e8d0fb5924bfa4	16b3a5c4bdb36496c11ca4edf93c3c4fb6c8b008	devices/videodoorentry_device.cpp	16fdd6099323da9d69acad71206e700c84e28554	3565885ac2179007141a472c7a4142dd312bb707	993063758f14f17fc2fe0aa9d302d7521452add393df46df0a283d22b6ffd13d	8a04f898836943c990a377f056c6f6bbad8f24e2b576c88bccf94657b515bdd6	historical-touchscreen-client	semantic-parent-diff-and-final-source/tests	corroborates	functional/who-8-video-door-entry-telephony/README.md	Pager writer broadcast syntax and corrected waiting/caller state already documented; earlier broadcast-only receive, premature caller extraction and argument-index variants superseded by final tests and code
libqtdevices	59ba434166b51c311fed09f606bcc944978cc173	9563d2e7520d1a88af96efd2899b069aa1a8efa9	devices/test/test_videodoorentry_device.cpp	312cf0638004cd6784e7fcf095d59ff855ab4672	0f1ef2db5d7fda7affbadc8a751f426358e88eee	43c1d92b8b24a7698272df898abe492e942fc4ce48720f3be9938a44182d6998	1fe708a7815b29ea80608100aa46b5f2ff191393ded5857724e06b6d2dda43d7	historical-touchscreen-client	semantic-parent-diff-and-final-source/tests	corroborates	functional/who-8-video-door-entry-telephony/README.md	Pager writer broadcast syntax and corrected waiting/caller state already documented; earlier broadcast-only receive, premature caller extraction and argument-index variants superseded by final tests and code
libqtdevices	59ba434166b51c311fed09f606bcc944978cc173	9563d2e7520d1a88af96efd2899b069aa1a8efa9	devices/videodoorentry_device.cpp	e35d1027a76c00a7457b17ae0c8edf9c9d3ceb1b	16fdd6099323da9d69acad71206e700c84e28554	b206b15b75c9d4664c723b8386b5689146efe0a2046d94e674bfee1b802fad45	993063758f14f17fc2fe0aa9d302d7521452add393df46df0a283d22b6ffd13d	historical-touchscreen-client	semantic-parent-diff-and-final-source/tests	corroborates	functional/who-8-video-door-entry-telephony/README.md	Pager writer broadcast syntax and corrected waiting/caller state already documented; earlier broadcast-only receive, premature caller extraction and argument-index variants superseded by final tests and code
libqtdevices	9563d2e7520d1a88af96efd2899b069aa1a8efa9	b3bb496af6014f47e98d65b30ecea166866c6fd1	devices/videodoorentry_device.h	4e57092be506c11a06afc5d8914f187e993b4bfb	046fbb4314c9a7531a763a533cb9964d68196214	d0bbea0ade8a98ded71ade0d1b9defc3ce5564c44b52cb0202f1985d60ffa827	2dab97f1476249f8aa47483cb52f0687c8e0781b11602e73fdd43ab767fb0ff5	historical-touchscreen-client	semantic-parent-diff-and-final-source/tests	excluded	-	Public overload visibility, getters, test friendship or declaration parameter naming; unchanged wire serialization and state transitions
libqtdevices	b3bb496af6014f47e98d65b30ecea166866c6fd1	498f5ba9cba9bef5abd76bb91adef15a3f077a6f	devices/test/test_videodoorentry_device.cpp	d9c39ba841b154fd0b6f12c9e8509a447e0470d7	312cf0638004cd6784e7fcf095d59ff855ab4672	bfadd8289f8e4d304780daec60843ea3ffe2569584fa06f29ac502b797f53f97	43c1d92b8b24a7698272df898abe492e942fc4ce48720f3be9938a44182d6998	historical-touchscreen-client	semantic-parent-diff-and-final-source/tests	corroborates	functional/who-8-video-door-entry-telephony/README.md	Pager writer broadcast syntax and corrected waiting/caller state already documented; earlier broadcast-only receive, premature caller extraction and argument-index variants superseded by final tests and code
libqtdevices	498f5ba9cba9bef5abd76bb91adef15a3f077a6f	4c01b91c967c783c1c6937fbedd36ed126a0df68	devices/videodoorentry_device.cpp	6c3a3faffa5e042f941b88a73a0f25f48c9a100e	e35d1027a76c00a7457b17ae0c8edf9c9d3ceb1b	70c3ccf0b190b4bf4adaaedc61fffb54e3b057f3300e63b6abbf6af9a366cb2f	b206b15b75c9d4664c723b8386b5689146efe0a2046d94e674bfee1b802fad45	historical-touchscreen-client	semantic-parent-diff-and-final-source/tests	corroborates	functional/who-8-video-door-entry-telephony/README.md	Pager writer broadcast syntax and corrected waiting/caller state already documented; earlier broadcast-only receive, premature caller extraction and argument-index variants superseded by final tests and code
libqtdevices	4c01b91c967c783c1c6937fbedd36ed126a0df68	8f7c790635bc842e97bd8e0c1468d276987914d6	devices/videodoorentry_device.h	d023acf6c2ff5a40df245444acc3e3b17ef11a50	4e57092be506c11a06afc5d8914f187e993b4bfb	8d5e2bd5608bc00012ff4590620b79fdd01138b476843b94ee58b395aa5d3fed	d0bbea0ade8a98ded71ade0d1b9defc3ce5564c44b52cb0202f1985d60ffa827	historical-touchscreen-client	semantic-parent-diff-and-final-source/tests	excluded	-	Public overload visibility, getters, test friendship or declaration parameter naming; unchanged wire serialization and state transitions
libqtdevices	8f7c790635bc842e97bd8e0c1468d276987914d6	9d25a9d30ee37616f339130bdc2831b5584be795	devices/test/test_videodoorentry_device.cpp	315e3d5fe4bc4890f282db2a37d28f4453750b36	d9c39ba841b154fd0b6f12c9e8509a447e0470d7	f1d9d8a82b03c11e6d965a917cf6dc91aa7b6148b56365749a9d5e16c98eebb4	bfadd8289f8e4d304780daec60843ea3ffe2569584fa06f29ac502b797f53f97	historical-touchscreen-client	semantic-parent-diff-and-final-source/tests	corroborates	functional/who-8-video-door-entry-telephony/README.md	Pager writer broadcast syntax and corrected waiting/caller state already documented; earlier broadcast-only receive, premature caller extraction and argument-index variants superseded by final tests and code
libqtdevices	8f7c790635bc842e97bd8e0c1468d276987914d6	9d25a9d30ee37616f339130bdc2831b5584be795	devices/test/test_videodoorentry_device.h	197208020cc80400308c91120a937bcb388a5f33	f79f489908d1ac92f2430fead209b8839ab41186	abe576ed40611fadccb55e420386f1141e018388ce6d6571ce24ffd734c93e80	13daeaa6d73c9bf831743f764bfe033079269882c3e33f590934a0e4635709a4	historical-touchscreen-client	semantic-parent-diff-and-final-source/tests	corroborates	functional/who-8-video-door-entry-telephony/README.md	Pager writer broadcast syntax and corrected waiting/caller state already documented; earlier broadcast-only receive, premature caller extraction and argument-index variants superseded by final tests and code
libqtdevices	8f7c790635bc842e97bd8e0c1468d276987914d6	9d25a9d30ee37616f339130bdc2831b5584be795	devices/videodoorentry_device.cpp	16a63582810191df59dc44ecc6874f7c44e593a7	6c3a3faffa5e042f941b88a73a0f25f48c9a100e	5b723918438d2d50a1ada865b2d11f2c4762096b6e087be0e5fc674d68bf2e1b	70c3ccf0b190b4bf4adaaedc61fffb54e3b057f3300e63b6abbf6af9a366cb2f	historical-touchscreen-client	semantic-parent-diff-and-final-source/tests	corroborates	functional/who-8-video-door-entry-telephony/README.md	Pager writer broadcast syntax and corrected waiting/caller state already documented; earlier broadcast-only receive, premature caller extraction and argument-index variants superseded by final tests and code
libqtdevices	8f7c790635bc842e97bd8e0c1468d276987914d6	9d25a9d30ee37616f339130bdc2831b5584be795	devices/videodoorentry_device.h	71abcb1336c68ddaf57fe6f18fbd266d78f24319	d023acf6c2ff5a40df245444acc3e3b17ef11a50	df2697590859e736448dd5caf06ec0e2576db9a360ae41c0933cf627603db512	8d5e2bd5608bc00012ff4590620b79fdd01138b476843b94ee58b395aa5d3fed	historical-touchscreen-client	semantic-parent-diff-and-final-source/tests	corroborates	functional/who-8-video-door-entry-telephony/README.md	Pager writer broadcast syntax and corrected waiting/caller state already documented; earlier broadcast-only receive, premature caller extraction and argument-index variants superseded by final tests and code
libqtdevices	9d25a9d30ee37616f339130bdc2831b5584be795	0a6b7c4a9e53cf5adda95ecb1297fe91f3b3ce13	devices/videodoorentry_device.h	23479aae191b4565230fc82c0c86ba530bc9426b	71abcb1336c68ddaf57fe6f18fbd266d78f24319	247ee6660f302193ff0b390cb252e18087f7db432278c586b6fadd4aa9ca8d7e	df2697590859e736448dd5caf06ec0e2576db9a360ae41c0933cf627603db512	historical-touchscreen-client	semantic-parent-diff-and-final-source/tests	excluded	-	Public overload visibility, getters, test friendship or declaration parameter naming; unchanged wire serialization and state transitions
libqtdevices	9d25a9d30ee37616f339130bdc2831b5584be795	ce717fc131481d4e2cefe07510548829178c0383	devices/test/test_videodoorentry_device.cpp	58c4f67e42a8ce5bf3cea6513986c26f9777a28c	315e3d5fe4bc4890f282db2a37d28f4453750b36	8d0e58967d6b7d93e63c8606ebdea869a37a27e6b736d33db23f7e5b0d1bfac0	f1d9d8a82b03c11e6d965a917cf6dc91aa7b6148b56365749a9d5e16c98eebb4	historical-touchscreen-client	semantic-parent-diff-and-final-source/tests	corroborates	functional/who-8-video-door-entry-telephony/README.md	Pager writer broadcast syntax and corrected waiting/caller state already documented; earlier broadcast-only receive, premature caller extraction and argument-index variants superseded by final tests and code
libqtdevices	9d25a9d30ee37616f339130bdc2831b5584be795	ce717fc131481d4e2cefe07510548829178c0383	devices/test/test_videodoorentry_device.h	70801a1ae72cc4a0f8a6e664eb47997814434a3b	197208020cc80400308c91120a937bcb388a5f33	67afe46c646c4c7bf9104ebf1871d3307a24ec43e4f45bfd14b8e1ca205b2acb	abe576ed40611fadccb55e420386f1141e018388ce6d6571ce24ffd734c93e80	historical-touchscreen-client	semantic-parent-diff-and-final-source/tests	corroborates	functional/who-8-video-door-entry-telephony/README.md	Pager writer broadcast syntax and corrected waiting/caller state already documented; earlier broadcast-only receive, premature caller extraction and argument-index variants superseded by final tests and code
libqtdevices	9d25a9d30ee37616f339130bdc2831b5584be795	ce717fc131481d4e2cefe07510548829178c0383	devices/videodoorentry_device.cpp	79f211399dddd95b483c5d9f9a2ff62ad39d2171	16a63582810191df59dc44ecc6874f7c44e593a7	737c097f09a2a27627a7d8559e3c8eead6abdfb54843ccb1cba3866236bd2c6c	5b723918438d2d50a1ada865b2d11f2c4762096b6e087be0e5fc674d68bf2e1b	historical-touchscreen-client	semantic-parent-diff-and-final-source/tests	corroborates	functional/who-8-video-door-entry-telephony/README.md	Pager writer broadcast syntax and corrected waiting/caller state already documented; earlier broadcast-only receive, premature caller extraction and argument-index variants superseded by final tests and code
libqtdevices	9d25a9d30ee37616f339130bdc2831b5584be795	ce717fc131481d4e2cefe07510548829178c0383	devices/videodoorentry_device.h	543d3736ce98abbdbe0a323bd0e4fb598ff6e1eb	71abcb1336c68ddaf57fe6f18fbd266d78f24319	91e8287a69d114358f7a64e2686ff04b1408c2d17cdaff9d1344f159bd73f6ed	df2697590859e736448dd5caf06ec0e2576db9a360ae41c0933cf627603db512	historical-touchscreen-client	semantic-parent-diff-and-final-source/tests	corroborates	functional/who-8-video-door-entry-telephony/README.md	Pager writer broadcast syntax and corrected waiting/caller state already documented; earlier broadcast-only receive, premature caller extraction and argument-index variants superseded by final tests and code
libqtdevices	7f3c6d76ac23d36cfd33962de5c5b5dca72a0f30	2bc62b2ab95baec9175580d5785a8af08b7220b7	devices/videodoorentry_device.h	5606f3a147ba012c6b519ff3714dd6f60ea30214	543d3736ce98abbdbe0a323bd0e4fb598ff6e1eb	c941e6bdc2af766d1336e3467a4ebb4dcaf22aa6c506698b9e2347ff8dbc7ae7	91e8287a69d114358f7a64e2686ff04b1408c2d17cdaff9d1344f159bd73f6ed	historical-touchscreen-client	semantic-parent-diff-and-final-source/tests	excluded	-	Public overload visibility, getters, test friendship or declaration parameter naming; unchanged wire serialization and state transitions
libqtdevices	0a6b7c4a9e53cf5adda95ecb1297fe91f3b3ce13	97c26ee74f2e6118dcffa87f76e9c3ed7e5d69cc	devices/test/test_videodoorentry_device.cpp	5742292f2c465f8836afb70d98bb5cae548574de	315e3d5fe4bc4890f282db2a37d28f4453750b36	2f8d4ca48ce6631c35c7f21504e0c45465372bbf18cca76deb07512a18cb2f20	f1d9d8a82b03c11e6d965a917cf6dc91aa7b6148b56365749a9d5e16c98eebb4	historical-touchscreen-client	semantic-parent-diff-and-final-source/tests	corroborates	functional/who-8-video-door-entry-telephony/README.md	Pager writer broadcast syntax and corrected waiting/caller state already documented; earlier broadcast-only receive, premature caller extraction and argument-index variants superseded by final tests and code
libqtdevices	0a6b7c4a9e53cf5adda95ecb1297fe91f3b3ce13	97c26ee74f2e6118dcffa87f76e9c3ed7e5d69cc	devices/test/test_videodoorentry_device.h	d2768c801c2a7b4382def63535ff5e329746694c	197208020cc80400308c91120a937bcb388a5f33	677236b98dda62c087ad1ebf026d532a9bc3e656d59eb73d218bdfd118a38d3a	abe576ed40611fadccb55e420386f1141e018388ce6d6571ce24ffd734c93e80	historical-touchscreen-client	semantic-parent-diff-and-final-source/tests	corroborates	functional/who-8-video-door-entry-telephony/README.md	Pager writer broadcast syntax and corrected waiting/caller state already documented; earlier broadcast-only receive, premature caller extraction and argument-index variants superseded by final tests and code
libqtdevices	0a6b7c4a9e53cf5adda95ecb1297fe91f3b3ce13	97c26ee74f2e6118dcffa87f76e9c3ed7e5d69cc	devices/videodoorentry_device.cpp	666f0e25d71d5a8e5347ece6c2d8fd6dda451143	16a63582810191df59dc44ecc6874f7c44e593a7	34e47cb5801e41ae8f33065385c570c1805aba941c3320b2c96f1dee53b152ab	5b723918438d2d50a1ada865b2d11f2c4762096b6e087be0e5fc674d68bf2e1b	historical-touchscreen-client	semantic-parent-diff-and-final-source/tests	corroborates	functional/who-8-video-door-entry-telephony/README.md	Pager writer broadcast syntax and corrected waiting/caller state already documented; earlier broadcast-only receive, premature caller extraction and argument-index variants superseded by final tests and code
libqtdevices	0a6b7c4a9e53cf5adda95ecb1297fe91f3b3ce13	97c26ee74f2e6118dcffa87f76e9c3ed7e5d69cc	devices/videodoorentry_device.h	a46d2a62578b09eb78bdd295d39b0eb5a9e04afb	23479aae191b4565230fc82c0c86ba530bc9426b	c52bd2718528bf19335bb2de3c6073b77c58a0839757089db3cfbeb76cf34646	247ee6660f302193ff0b390cb252e18087f7db432278c586b6fadd4aa9ca8d7e	historical-touchscreen-client	semantic-parent-diff-and-final-source/tests	corroborates	functional/who-8-video-door-entry-telephony/README.md	Pager writer broadcast syntax and corrected waiting/caller state already documented; earlier broadcast-only receive, premature caller extraction and argument-index variants superseded by final tests and code
libqtdevices	97c26ee74f2e6118dcffa87f76e9c3ed7e5d69cc	2bc62b2ab95baec9175580d5785a8af08b7220b7	devices/test/test_videodoorentry_device.cpp	58c4f67e42a8ce5bf3cea6513986c26f9777a28c	5742292f2c465f8836afb70d98bb5cae548574de	8d0e58967d6b7d93e63c8606ebdea869a37a27e6b736d33db23f7e5b0d1bfac0	2f8d4ca48ce6631c35c7f21504e0c45465372bbf18cca76deb07512a18cb2f20	historical-touchscreen-client	semantic-parent-diff-and-final-source/tests	corroborates	functional/who-8-video-door-entry-telephony/README.md	Pager writer broadcast syntax and corrected waiting/caller state already documented; earlier broadcast-only receive, premature caller extraction and argument-index variants superseded by final tests and code
libqtdevices	97c26ee74f2e6118dcffa87f76e9c3ed7e5d69cc	2bc62b2ab95baec9175580d5785a8af08b7220b7	devices/test/test_videodoorentry_device.h	70801a1ae72cc4a0f8a6e664eb47997814434a3b	d2768c801c2a7b4382def63535ff5e329746694c	67afe46c646c4c7bf9104ebf1871d3307a24ec43e4f45bfd14b8e1ca205b2acb	677236b98dda62c087ad1ebf026d532a9bc3e656d59eb73d218bdfd118a38d3a	historical-touchscreen-client	semantic-parent-diff-and-final-source/tests	corroborates	functional/who-8-video-door-entry-telephony/README.md	Pager writer broadcast syntax and corrected waiting/caller state already documented; earlier broadcast-only receive, premature caller extraction and argument-index variants superseded by final tests and code
libqtdevices	97c26ee74f2e6118dcffa87f76e9c3ed7e5d69cc	2bc62b2ab95baec9175580d5785a8af08b7220b7	devices/videodoorentry_device.cpp	79f211399dddd95b483c5d9f9a2ff62ad39d2171	666f0e25d71d5a8e5347ece6c2d8fd6dda451143	737c097f09a2a27627a7d8559e3c8eead6abdfb54843ccb1cba3866236bd2c6c	34e47cb5801e41ae8f33065385c570c1805aba941c3320b2c96f1dee53b152ab	historical-touchscreen-client	semantic-parent-diff-and-final-source/tests	corroborates	functional/who-8-video-door-entry-telephony/README.md	Pager writer broadcast syntax and corrected waiting/caller state already documented; earlier broadcast-only receive, premature caller extraction and argument-index variants superseded by final tests and code
libqtdevices	97c26ee74f2e6118dcffa87f76e9c3ed7e5d69cc	2bc62b2ab95baec9175580d5785a8af08b7220b7	devices/videodoorentry_device.h	5606f3a147ba012c6b519ff3714dd6f60ea30214	a46d2a62578b09eb78bdd295d39b0eb5a9e04afb	c941e6bdc2af766d1336e3467a4ebb4dcaf22aa6c506698b9e2347ff8dbc7ae7	c52bd2718528bf19335bb2de3c6073b77c58a0839757089db3cfbeb76cf34646	historical-touchscreen-client	semantic-parent-diff-and-final-source/tests	corroborates	functional/who-8-video-door-entry-telephony/README.md	Pager writer broadcast syntax and corrected waiting/caller state already documented; earlier broadcast-only receive, premature caller extraction and argument-index variants superseded by final tests and code
libqtdevices	fc3ad49c257d0bd6de08ffdcc8b378e492663460	b0eda2b8b875b42084b4a6124971df6c1c36ec92	devices/videodoorentry_device.cpp	6bdd18ec34e0e18efc7dee50cc8d59cc9be5042c	79f211399dddd95b483c5d9f9a2ff62ad39d2171	d16e775103a586c8bebeb495ec9bfff4a9fd86a63797c7fb1e77a0d648f54c39	737c097f09a2a27627a7d8559e3c8eead6abdfb54843ccb1cba3866236bd2c6c	historical-touchscreen-client	semantic-parent-diff-and-final-source/tests	corroborates	functional/who-8-video-door-entry-telephony/README.md	Ringtone enum moved from GUI dependency into device; decoded call-kind mappings unchanged
libqtdevices	fc3ad49c257d0bd6de08ffdcc8b378e492663460	b0eda2b8b875b42084b4a6124971df6c1c36ec92	devices/videodoorentry_device.h	53dec08d7c596bd8bc25d5c834b5631728d39e47	5606f3a147ba012c6b519ff3714dd6f60ea30214	968638b84f8b9485f2673645e5325210b5a802ed87d0930006ff0a32b02e33ad	c941e6bdc2af766d1336e3467a4ebb4dcaf22aa6c506698b9e2347ff8dbc7ae7	historical-touchscreen-client	semantic-parent-diff-and-final-source/tests	corroborates	functional/who-8-video-door-entry-telephony/README.md	Ringtone enum moved from GUI dependency into device; decoded call-kind mappings unchanged
libqtdevices	1b37c20f264cf1eb1aec036de4870ec3ee6c3be3	c19dfd8178aa741af1a38ce05f82e8316660be98	devices/test/test_videodoorentry_device.cpp	28f79064699db90bf9dfd8b0812b5999e9130479	58c4f67e42a8ce5bf3cea6513986c26f9777a28c	f1f8448906c7573fbb8965adc2c49ca8b5d03cac5ef8e1b9e76277eebcac339a	8d0e58967d6b7d93e63c8606ebdea869a37a27e6b736d33db23f7e5b0d1bfac0	historical-touchscreen-client	semantic-parent-diff-and-final-source/tests	incorporated	functional/who-8-video-door-entry-telephony/README.md	MultiDeviceTester strengthens call/media/ringtone/rearm assertions; two caller report cases still expect bool while final parser emits address string, so boolean-conversion checks cannot establish the exact emitted address
libqtdevices	cf845ca82cb4c6361db8aba359b2e631feb87984	bea94652fe3ae67c6d3c75db3d3d1c2c2007ed38	devices/test/test_videodoorentry_device.cpp	e0bedb4fa1227f8ca5ebe34a8b7a8ce72cc70856	28f79064699db90bf9dfd8b0812b5999e9130479	c03ec3b9a8441ba42b3b40cf4673a4d9adea289f10ad4ecce6d7bf9bcf1d50a8	f1f8448906c7573fbb8965adc2c49ca8b5d03cac5ef8e1b9e76277eebcac339a	historical-touchscreen-client	semantic-parent-diff-and-final-source/tests	corroborates	functional/who-8-video-door-entry-telephony/README.md	Merge or correction combines basic/full class split and connection-init readiness queue with local autoswitch tagging; readiness selectors already documented, delayed/constructor paths are historical client variants
libqtdevices	cf845ca82cb4c6361db8aba359b2e631feb87984	bea94652fe3ae67c6d3c75db3d3d1c2c2007ed38	devices/videodoorentry_device.cpp	71dbeb915caa83aed3be49e5c8abc45f3aa5f2c5	6bdd18ec34e0e18efc7dee50cc8d59cc9be5042c	d0a3461746858bd054642761ec9cd8e8edbd752d8120bf7b4c9bfd0637b5593a	d16e775103a586c8bebeb495ec9bfff4a9fd86a63797c7fb1e77a0d648f54c39	historical-touchscreen-client	semantic-parent-diff-and-final-source/tests	corroborates	functional/who-8-video-door-entry-telephony/README.md	Merge or correction combines basic/full class split and connection-init readiness queue with local autoswitch tagging; readiness selectors already documented, delayed/constructor paths are historical client variants
libqtdevices	cf845ca82cb4c6361db8aba359b2e631feb87984	bea94652fe3ae67c6d3c75db3d3d1c2c2007ed38	devices/videodoorentry_device.h	e342ded7b927616836a432b99dd97b7b1b6fdd15	53dec08d7c596bd8bc25d5c834b5631728d39e47	4710d03a8fe5441689d71aaf80b3d66af1b9541e2b94a21b44d4e9449796d6dd	968638b84f8b9485f2673645e5325210b5a802ed87d0930006ff0a32b02e33ad	historical-touchscreen-client	semantic-parent-diff-and-final-source/tests	corroborates	functional/who-8-video-door-entry-telephony/README.md	Merge or correction combines basic/full class split and connection-init readiness queue with local autoswitch tagging; readiness selectors already documented, delayed/constructor paths are historical client variants
libqtdevices	cf845ca82cb4c6361db8aba359b2e631feb87984	cadb81faff9732168e870a469bb78c7084f25d1d	devices/videodoorentry_device.cpp	46e65d78a3accd46c724da911e314c38b61523db	6bdd18ec34e0e18efc7dee50cc8d59cc9be5042c	194570e4337a24b0cfb8e59ea8cb2daafc84aa4680fa47ee4346323252fa41bb	d16e775103a586c8bebeb495ec9bfff4a9fd86a63797c7fb1e77a0d648f54c39	historical-touchscreen-client	semantic-parent-diff-and-final-source/tests	corroborates	functional/who-8-video-door-entry-telephony/README.md	Merge or correction combines basic/full class split and connection-init readiness queue with local autoswitch tagging; readiness selectors already documented, delayed/constructor paths are historical client variants
libqtdevices	cf845ca82cb4c6361db8aba359b2e631feb87984	cadb81faff9732168e870a469bb78c7084f25d1d	devices/videodoorentry_device.h	f902bbcab4c68f9535716a0ee46342d50bdc5f23	53dec08d7c596bd8bc25d5c834b5631728d39e47	b0a2dfc2b42b79f5c4c7e9b6855472ae366dfdef58cbdf6a5f2713fb1d8d5578	968638b84f8b9485f2673645e5325210b5a802ed87d0930006ff0a32b02e33ad	historical-touchscreen-client	semantic-parent-diff-and-final-source/tests	corroborates	functional/who-8-video-door-entry-telephony/README.md	Merge or correction combines basic/full class split and connection-init readiness queue with local autoswitch tagging; readiness selectors already documented, delayed/constructor paths are historical client variants
libqtdevices	b3ee23d3a978a041f419a3100a5c723f8980b6c9	3dfd00c6e9ce2a00d400f75cc99e6aff54c71515	devices/test/test_videodoorentry_device.cpp	89d083eba462df215191df86a19ab78b12bfdf52	28f79064699db90bf9dfd8b0812b5999e9130479	eab82312ea842225f47de68927f324e2e04e11f75e2bf046cfa8e83a0b98e257	f1f8448906c7573fbb8965adc2c49ca8b5d03cac5ef8e1b9e76277eebcac339a	historical-touchscreen-client	semantic-parent-diff-and-final-source/tests	incorporated	functional/who-8-video-door-entry-telephony/README.md	Autoswitch decoded caller marker corrected from numeric negation to @ prefix preserving string address; neither form is an emitted wire address
libqtdevices	b3ee23d3a978a041f419a3100a5c723f8980b6c9	3dfd00c6e9ce2a00d400f75cc99e6aff54c71515	devices/videodoorentry_device.cpp	93b30a06ed5edec9d25f5266cdd65128161e0b5d	46e65d78a3accd46c724da911e314c38b61523db	a3252760be5fe1761722c881e27e951d1a8030a892e326d11fb30eb2c7908b99	194570e4337a24b0cfb8e59ea8cb2daafc84aa4680fa47ee4346323252fa41bb	historical-touchscreen-client	semantic-parent-diff-and-final-source/tests	incorporated	functional/who-8-video-door-entry-telephony/README.md	Autoswitch decoded caller marker corrected from numeric negation to @ prefix preserving string address; neither form is an emitted wire address
libqtdevices	b3ee23d3a978a041f419a3100a5c723f8980b6c9	3dfd00c6e9ce2a00d400f75cc99e6aff54c71515	devices/videodoorentry_device.h	41be43835ba177b8af4159f4004e9c0acb1102fd	f902bbcab4c68f9535716a0ee46342d50bdc5f23	e6bd6ebbf7547eafc7d5327e7855cdfb98e269b0a167c4a896ba69c0341d1aba	b0a2dfc2b42b79f5c4c7e9b6855472ae366dfdef58cbdf6a5f2713fb1d8d5578	historical-touchscreen-client	semantic-parent-diff-and-final-source/tests	incorporated	functional/who-8-video-door-entry-telephony/README.md	Autoswitch decoded caller marker corrected from numeric negation to @ prefix preserving string address; neither form is an emitted wire address
libqtdevices	084f37083bdc0bd9c3a8878d5cbcc3e420a34a84	40beb98044ecc648d4c740b58308a9f6a2517185	devices/test/test_videodoorentry_device.cpp	e0bedb4fa1227f8ca5ebe34a8b7a8ce72cc70856	89d083eba462df215191df86a19ab78b12bfdf52	c03ec3b9a8441ba42b3b40cf4673a4d9adea289f10ad4ecce6d7bf9bcf1d50a8	eab82312ea842225f47de68927f324e2e04e11f75e2bf046cfa8e83a0b98e257	historical-touchscreen-client	semantic-parent-diff-and-final-source/tests	corroborates	functional/who-8-video-door-entry-telephony/README.md	Merge or correction combines basic/full class split and connection-init readiness queue with local autoswitch tagging; readiness selectors already documented, delayed/constructor paths are historical client variants
libqtdevices	bea94652fe3ae67c6d3c75db3d3d1c2c2007ed38	01993e946f7dac479736cccdf008a7c1bab1c0a2	devices/test/test_videodoorentry_device.cpp	72b47d792eded00611c6499f7c238ea212fae436	e0bedb4fa1227f8ca5ebe34a8b7a8ce72cc70856	3be505d68d64d5a9912fd7daed64bf995fb19183c5c4c10fd89f40021f604c4c	c03ec3b9a8441ba42b3b40cf4673a4d9adea289f10ad4ecce6d7bf9bcf1d50a8	historical-touchscreen-client	semantic-parent-diff-and-final-source/tests	corroborates	functional/who-8-video-door-entry-telephony/README.md	Merge or correction combines basic/full class split and connection-init readiness queue with local autoswitch tagging; readiness selectors already documented, delayed/constructor paths are historical client variants
libqtdevices	bea94652fe3ae67c6d3c75db3d3d1c2c2007ed38	01993e946f7dac479736cccdf008a7c1bab1c0a2	devices/test/test_videodoorentry_device.h	27ebd0253d9939ab561ce1b89a853b33b123c169	70801a1ae72cc4a0f8a6e664eb47997814434a3b	aa21f3759e6bddc9d245486942306528396d4a2877f79cf1d089466dc1ba02ba	67afe46c646c4c7bf9104ebf1871d3307a24ec43e4f45bfd14b8e1ca205b2acb	historical-touchscreen-client	semantic-parent-diff-and-final-source/tests	corroborates	functional/who-8-video-door-entry-telephony/README.md	Merge or correction combines basic/full class split and connection-init readiness queue with local autoswitch tagging; readiness selectors already documented, delayed/constructor paths are historical client variants
libqtdevices	bea94652fe3ae67c6d3c75db3d3d1c2c2007ed38	01993e946f7dac479736cccdf008a7c1bab1c0a2	devices/videodoorentry_device.cpp	d9cbaee6fac8a0bf0ea5a7d4a05841550329abdb	71dbeb915caa83aed3be49e5c8abc45f3aa5f2c5	82a8d1ee0e8a6e28aa73d590e54541bd81ecf6b87a5d4994aab0386a25190e25	d0a3461746858bd054642761ec9cd8e8edbd752d8120bf7b4c9bfd0637b5593a	historical-touchscreen-client	semantic-parent-diff-and-final-source/tests	corroborates	functional/who-8-video-door-entry-telephony/README.md	Merge or correction combines basic/full class split and connection-init readiness queue with local autoswitch tagging; readiness selectors already documented, delayed/constructor paths are historical client variants
libqtdevices	bea94652fe3ae67c6d3c75db3d3d1c2c2007ed38	01993e946f7dac479736cccdf008a7c1bab1c0a2	devices/videodoorentry_device.h	cb1f4365b76d185f5ed48f401db13467200b4025	e342ded7b927616836a432b99dd97b7b1b6fdd15	1c453535e62b31ab78845ce42daa224eba888a055dc5db0a37217368c8d4757b	4710d03a8fe5441689d71aaf80b3d66af1b9541e2b94a21b44d4e9449796d6dd	historical-touchscreen-client	semantic-parent-diff-and-final-source/tests	corroborates	functional/who-8-video-door-entry-telephony/README.md	Merge or correction combines basic/full class split and connection-init readiness queue with local autoswitch tagging; readiness selectors already documented, delayed/constructor paths are historical client variants
libqtdevices	bea94652fe3ae67c6d3c75db3d3d1c2c2007ed38	4c3b98d3a1e140bd16744d7af6a39f605cb38e60	devices/videodoorentry_device.cpp	93b30a06ed5edec9d25f5266cdd65128161e0b5d	71dbeb915caa83aed3be49e5c8abc45f3aa5f2c5	a3252760be5fe1761722c881e27e951d1a8030a892e326d11fb30eb2c7908b99	d0a3461746858bd054642761ec9cd8e8edbd752d8120bf7b4c9bfd0637b5593a	historical-touchscreen-client	semantic-parent-diff-and-final-source/tests	corroborates	functional/who-8-video-door-entry-telephony/README.md	Merge or correction combines basic/full class split and connection-init readiness queue with local autoswitch tagging; readiness selectors already documented, delayed/constructor paths are historical client variants
libqtdevices	bea94652fe3ae67c6d3c75db3d3d1c2c2007ed38	4c3b98d3a1e140bd16744d7af6a39f605cb38e60	devices/videodoorentry_device.h	41be43835ba177b8af4159f4004e9c0acb1102fd	e342ded7b927616836a432b99dd97b7b1b6fdd15	e6bd6ebbf7547eafc7d5327e7855cdfb98e269b0a167c4a896ba69c0341d1aba	4710d03a8fe5441689d71aaf80b3d66af1b9541e2b94a21b44d4e9449796d6dd	historical-touchscreen-client	semantic-parent-diff-and-final-source/tests	corroborates	functional/who-8-video-door-entry-telephony/README.md	Merge or correction combines basic/full class split and connection-init readiness queue with local autoswitch tagging; readiness selectors already documented, delayed/constructor paths are historical client variants
libqtdevices	7382d40b7eed27b3e9e38c404c8db4df6ed74ab9	fca21e66965683ab318db0ac39153ec910fb72c9	devices/videodoorentry_device.cpp	cc91492051edae18e5bda5c213e2458bff8e1892	93b30a06ed5edec9d25f5266cdd65128161e0b5d	a2f091482930f6030de2a62a41db5d189a11d2714de8b5ebc6f9dde0528c8485	a3252760be5fe1761722c881e27e951d1a8030a892e326d11fb30eb2c7908b99	historical-touchscreen-client	semantic-parent-diff-and-final-source/tests	corroborates	functional/who-8-video-door-entry-telephony/README.md	Merge or correction combines basic/full class split and connection-init readiness queue with local autoswitch tagging; readiness selectors already documented, delayed/constructor paths are historical client variants
libqtdevices	7382d40b7eed27b3e9e38c404c8db4df6ed74ab9	fca21e66965683ab318db0ac39153ec910fb72c9	devices/videodoorentry_device.h	bad3c6cdec885f0cae962579bbb54c26ff1b4d87	41be43835ba177b8af4159f4004e9c0acb1102fd	3fcd948d5603eeec6c64efc6daa7a43b0c92ed26f2447d960315541a02f7bd8a	e6bd6ebbf7547eafc7d5327e7855cdfb98e269b0a167c4a896ba69c0341d1aba	historical-touchscreen-client	semantic-parent-diff-and-final-source/tests	corroborates	functional/who-8-video-door-entry-telephony/README.md	Merge or correction combines basic/full class split and connection-init readiness queue with local autoswitch tagging; readiness selectors already documented, delayed/constructor paths are historical client variants
libqtdevices	bc8ebb2f89d5d918e13c9d10eb04441751d17f7d	c4c749f77b027f43cc31503aaa7fbaf474abd3fc	devices/test/test_videodoorentry_device.cpp	72b47d792eded00611c6499f7c238ea212fae436	e0bedb4fa1227f8ca5ebe34a8b7a8ce72cc70856	3be505d68d64d5a9912fd7daed64bf995fb19183c5c4c10fd89f40021f604c4c	c03ec3b9a8441ba42b3b40cf4673a4d9adea289f10ad4ecce6d7bf9bcf1d50a8	historical-touchscreen-client	semantic-parent-diff-and-final-source/tests	incorporated	functional/who-8-video-door-entry-telephony/README.md	Autoswitch decoded caller marker corrected from numeric negation to @ prefix preserving string address; neither form is an emitted wire address
libqtdevices	bc8ebb2f89d5d918e13c9d10eb04441751d17f7d	c4c749f77b027f43cc31503aaa7fbaf474abd3fc	devices/test/test_videodoorentry_device.h	27ebd0253d9939ab561ce1b89a853b33b123c169	70801a1ae72cc4a0f8a6e664eb47997814434a3b	aa21f3759e6bddc9d245486942306528396d4a2877f79cf1d089466dc1ba02ba	67afe46c646c4c7bf9104ebf1871d3307a24ec43e4f45bfd14b8e1ca205b2acb	historical-touchscreen-client	semantic-parent-diff-and-final-source/tests	incorporated	functional/who-8-video-door-entry-telephony/README.md	Autoswitch decoded caller marker corrected from numeric negation to @ prefix preserving string address; neither form is an emitted wire address
libqtdevices	bc8ebb2f89d5d918e13c9d10eb04441751d17f7d	c4c749f77b027f43cc31503aaa7fbaf474abd3fc	devices/videodoorentry_device.cpp	c1b18628ad2e97ec39961a6aadc8a17383827a19	cc91492051edae18e5bda5c213e2458bff8e1892	277f794f73a8a8dac843b6ea6df3bf1095e26f340f1dfcd757202f4a0f66077c	a2f091482930f6030de2a62a41db5d189a11d2714de8b5ebc6f9dde0528c8485	historical-touchscreen-client	semantic-parent-diff-and-final-source/tests	incorporated	functional/who-8-video-door-entry-telephony/README.md	Autoswitch decoded caller marker corrected from numeric negation to @ prefix preserving string address; neither form is an emitted wire address
libqtdevices	bc8ebb2f89d5d918e13c9d10eb04441751d17f7d	c4c749f77b027f43cc31503aaa7fbaf474abd3fc	devices/videodoorentry_device.h	be45d7c240f7e57c4a9f93fe29c679ca8de541bb	bad3c6cdec885f0cae962579bbb54c26ff1b4d87	9feeb79a1a5159fe0be090548923309e30de8d413614e877d3e04e176aa116b6	3fcd948d5603eeec6c64efc6daa7a43b0c92ed26f2447d960315541a02f7bd8a	historical-touchscreen-client	semantic-parent-diff-and-final-source/tests	incorporated	functional/who-8-video-door-entry-telephony/README.md	Autoswitch decoded caller marker corrected from numeric negation to @ prefix preserving string address; neither form is an emitted wire address
libqtdevices	29e2ba37e847b378e6ec465394f3352e7f687485	0964bc6015ab9cc1dace39e6b11498ce2a0f0769	devices/test/test_videodoorentry_device.cpp	d1aab9f7b89ce671edf910ff79c0c332a670824f	72b47d792eded00611c6499f7c238ea212fae436	e277fa82032806d72c029bb2dd92be2956dee4be20a07006a3443e69d5f1762c	3be505d68d64d5a9912fd7daed64bf995fb19183c5c4c10fd89f40021f604c4c	historical-touchscreen-client	semantic-parent-diff-and-final-source/tests	incorporated	functional/who-8-video-door-entry-telephony/README.md	Rearm keeps original/master caller distinct from current address and updates media/movement; IP caller extraction and basic/full class split checked against final parser and exact rearm tests
libqtdevices	29e2ba37e847b378e6ec465394f3352e7f687485	0964bc6015ab9cc1dace39e6b11498ce2a0f0769	devices/test/test_videodoorentry_device.h	9b3b5e33cd92a8a9c8e02b3d68246ac05c8e1738	27ebd0253d9939ab561ce1b89a853b33b123c169	9f23bff0137f053016d2871992efad8b7898efe15aa72e79e20cff1e9b534dd8	aa21f3759e6bddc9d245486942306528396d4a2877f79cf1d089466dc1ba02ba	historical-touchscreen-client	semantic-parent-diff-and-final-source/tests	incorporated	functional/who-8-video-door-entry-telephony/README.md	Rearm keeps original/master caller distinct from current address and updates media/movement; IP caller extraction and basic/full class split checked against final parser and exact rearm tests
libqtdevices	29e2ba37e847b378e6ec465394f3352e7f687485	0964bc6015ab9cc1dace39e6b11498ce2a0f0769	devices/videodoorentry_device.cpp	30f40b7ef3db3f85555155ccff5565637a83056f	d9cbaee6fac8a0bf0ea5a7d4a05841550329abdb	65bf86d7f8813da2f2ccefd17717f5e2f5e34c16122ffa7490e9e3210ba8a574	82a8d1ee0e8a6e28aa73d590e54541bd81ecf6b87a5d4994aab0386a25190e25	historical-touchscreen-client	semantic-parent-diff-and-final-source/tests	incorporated	functional/who-8-video-door-entry-telephony/README.md	Rearm keeps original/master caller distinct from current address and updates media/movement; IP caller extraction and basic/full class split checked against final parser and exact rearm tests
libqtdevices	29e2ba37e847b378e6ec465394f3352e7f687485	db25dcae5fa25bde7ee8359c0c48019afd8dc23d	devices/videodoorentry_device.cpp	c1b18628ad2e97ec39961a6aadc8a17383827a19	d9cbaee6fac8a0bf0ea5a7d4a05841550329abdb	277f794f73a8a8dac843b6ea6df3bf1095e26f340f1dfcd757202f4a0f66077c	82a8d1ee0e8a6e28aa73d590e54541bd81ecf6b87a5d4994aab0386a25190e25	historical-touchscreen-client	semantic-parent-diff-and-final-source/tests	incorporated	functional/who-8-video-door-entry-telephony/README.md	Rearm keeps original/master caller distinct from current address and updates media/movement; IP caller extraction and basic/full class split checked against final parser and exact rearm tests
libqtdevices	29e2ba37e847b378e6ec465394f3352e7f687485	db25dcae5fa25bde7ee8359c0c48019afd8dc23d	devices/videodoorentry_device.h	be45d7c240f7e57c4a9f93fe29c679ca8de541bb	cb1f4365b76d185f5ed48f401db13467200b4025	9feeb79a1a5159fe0be090548923309e30de8d413614e877d3e04e176aa116b6	1c453535e62b31ab78845ce42daa224eba888a055dc5db0a37217368c8d4757b	historical-touchscreen-client	semantic-parent-diff-and-final-source/tests	incorporated	functional/who-8-video-door-entry-telephony/README.md	Rearm keeps original/master caller distinct from current address and updates media/movement; IP caller extraction and basic/full class split checked against final parser and exact rearm tests
libqtdevices	47450043bdfe4b05c5345aa57a13ee8ffe25883c	d4aa7aca66c539118bd7285ae07fdc8565c069c9	devices/test/test_videodoorentry_device.cpp	d1aab9f7b89ce671edf910ff79c0c332a670824f	72b47d792eded00611c6499f7c238ea212fae436	e277fa82032806d72c029bb2dd92be2956dee4be20a07006a3443e69d5f1762c	3be505d68d64d5a9912fd7daed64bf995fb19183c5c4c10fd89f40021f604c4c	historical-touchscreen-client	semantic-parent-diff-and-final-source/tests	incorporated	functional/who-8-video-door-entry-telephony/README.md	Rearm keeps original/master caller distinct from current address and updates media/movement; IP caller extraction and basic/full class split checked against final parser and exact rearm tests
libqtdevices	47450043bdfe4b05c5345aa57a13ee8ffe25883c	d4aa7aca66c539118bd7285ae07fdc8565c069c9	devices/test/test_videodoorentry_device.h	9b3b5e33cd92a8a9c8e02b3d68246ac05c8e1738	27ebd0253d9939ab561ce1b89a853b33b123c169	9f23bff0137f053016d2871992efad8b7898efe15aa72e79e20cff1e9b534dd8	aa21f3759e6bddc9d245486942306528396d4a2877f79cf1d089466dc1ba02ba	historical-touchscreen-client	semantic-parent-diff-and-final-source/tests	incorporated	functional/who-8-video-door-entry-telephony/README.md	Rearm keeps original/master caller distinct from current address and updates media/movement; IP caller extraction and basic/full class split checked against final parser and exact rearm tests
libqtdevices	47450043bdfe4b05c5345aa57a13ee8ffe25883c	d4aa7aca66c539118bd7285ae07fdc8565c069c9	devices/videodoorentry_device.cpp	0cd490b00096639ca638b5985fad72aac1e0771c	c1b18628ad2e97ec39961a6aadc8a17383827a19	4e85eb96650501cf5080aebdd782ef4e7a2f85209a4a573604daf205990baa68	277f794f73a8a8dac843b6ea6df3bf1095e26f340f1dfcd757202f4a0f66077c	historical-touchscreen-client	semantic-parent-diff-and-final-source/tests	incorporated	functional/who-8-video-door-entry-telephony/README.md	Rearm keeps original/master caller distinct from current address and updates media/movement; IP caller extraction and basic/full class split checked against final parser and exact rearm tests
libqtdevices	0964bc6015ab9cc1dace39e6b11498ce2a0f0769	eeab2e80fc712da49d0e49f80022eccb283e5371	devices/message_device.cpp	42d46d6f0a47cf48142f4c27b9594cb7bbb15464	4cebd4dde4b331ad555f3426cdd22a887746c7bd	12041dea32d16053dbefbeb9a7a2a8292d3f91416a52d0dc128298167abcce62	371db16604f820b39dd4048f0c55c8dc01973d5a7b99ebc51d280c09d5975051	historical-touchscreen-client	semantic-parent-diff-and-final-source/tests	corroborates	functional/who-8-video-door-entry-telephony/README.md	Checksum rejection cleanup prevents later empty end publishing; merge combines known Guard Unit rename, idle guards and state initialization
libqtdevices	0964bc6015ab9cc1dace39e6b11498ce2a0f0769	eeab2e80fc712da49d0e49f80022eccb283e5371	devices/test/test_message_device.cpp	615a18b5bd1627f58ac74c86ca92559be10a1a55	1be8986c36fbf0815e94f71d7ea48d8ab2284636	0c741bb953e1fd97df46499de2439076ca538fe885e86cf8093c849191ef450c	3f61b407dee3cfa4a6efcf6a914036f70afabce04f05f7c1c40176f79ab55115	historical-touchscreen-client	semantic-parent-diff-and-final-source/tests	corroborates	functional/who-8-video-door-entry-telephony/README.md	Checksum rejection cleanup prevents later empty end publishing; merge combines known Guard Unit rename, idle guards and state initialization
libqtdevices	0964bc6015ab9cc1dace39e6b11498ce2a0f0769	ba917d7c5e83fc059fa9d5572f372ef85976db89	devices/videodoorentry_device.cpp	0cd490b00096639ca638b5985fad72aac1e0771c	30f40b7ef3db3f85555155ccff5565637a83056f	4e85eb96650501cf5080aebdd782ef4e7a2f85209a4a573604daf205990baa68	65bf86d7f8813da2f2ccefd17717f5e2f5e34c16122ffa7490e9e3210ba8a574	historical-touchscreen-client	semantic-parent-diff-and-final-source/tests	incorporated	functional/who-8-video-door-entry-telephony/README.md	Rearm keeps original/master caller distinct from current address and updates media/movement; IP caller extraction and basic/full class split checked against final parser and exact rearm tests
libqtdevices	0964bc6015ab9cc1dace39e6b11498ce2a0f0769	ba917d7c5e83fc059fa9d5572f372ef85976db89	devices/videodoorentry_device.h	be45d7c240f7e57c4a9f93fe29c679ca8de541bb	cb1f4365b76d185f5ed48f401db13467200b4025	9feeb79a1a5159fe0be090548923309e30de8d413614e877d3e04e176aa116b6	1c453535e62b31ab78845ce42daa224eba888a055dc5db0a37217368c8d4757b	historical-touchscreen-client	semantic-parent-diff-and-final-source/tests	incorporated	functional/who-8-video-door-entry-telephony/README.md	Rearm keeps original/master caller distinct from current address and updates media/movement; IP caller extraction and basic/full class split checked against final parser and exact rearm tests
libqtdevices	0873f2d387b56a82cd6e9935153f615753679add	f791deb7b514ede4c55a23975893cbb490ee14ac	devices/message_device.cpp	42d46d6f0a47cf48142f4c27b9594cb7bbb15464	4cebd4dde4b331ad555f3426cdd22a887746c7bd	12041dea32d16053dbefbeb9a7a2a8292d3f91416a52d0dc128298167abcce62	371db16604f820b39dd4048f0c55c8dc01973d5a7b99ebc51d280c09d5975051	historical-touchscreen-client	semantic-parent-diff-and-final-source/tests	corroborates	functional/who-8-video-door-entry-telephony/README.md	Checksum rejection cleanup prevents later empty end publishing; merge combines known Guard Unit rename, idle guards and state initialization
libqtdevices	0873f2d387b56a82cd6e9935153f615753679add	f791deb7b514ede4c55a23975893cbb490ee14ac	devices/test/test_message_device.cpp	615a18b5bd1627f58ac74c86ca92559be10a1a55	1be8986c36fbf0815e94f71d7ea48d8ab2284636	0c741bb953e1fd97df46499de2439076ca538fe885e86cf8093c849191ef450c	3f61b407dee3cfa4a6efcf6a914036f70afabce04f05f7c1c40176f79ab55115	historical-touchscreen-client	semantic-parent-diff-and-final-source/tests	corroborates	functional/who-8-video-door-entry-telephony/README.md	Checksum rejection cleanup prevents later empty end publishing; merge combines known Guard Unit rename, idle guards and state initialization
libqtdevices	eeab2e80fc712da49d0e49f80022eccb283e5371	4b5c2537517df6c2cf22c21dd2a6c7da692221f9	devices/message_device.cpp	ccbcd3975053a604b660a30565f473dba3927d40	42d46d6f0a47cf48142f4c27b9594cb7bbb15464	8c52980f827802479a569dea137a1d2c87e47aaa90b3e6044f9035bc664f4fb7	12041dea32d16053dbefbeb9a7a2a8292d3f91416a52d0dc128298167abcce62	historical-touchscreen-client	semantic-parent-diff-and-final-source/tests	corroborates	functional/who-8-video-door-entry-telephony/README.md	Checksum rejection cleanup prevents later empty end publishing; merge combines known Guard Unit rename, idle guards and state initialization
libqtdevices	eeab2e80fc712da49d0e49f80022eccb283e5371	4b5c2537517df6c2cf22c21dd2a6c7da692221f9	devices/message_device.h	084bd3f3ca3f710834ec1cf7d2a052a1f315e0dc	9eda132f8db308d45b3151c120db9c0b2c02e291	92ead5eace1c82e052adfc73ab5ab78ab15a7750b8de587929aee9a08cbd9c14	07a3fde3112fc933c38a84def900c914b9c6388e449279dc3444f81fdfc54401	historical-touchscreen-client	semantic-parent-diff-and-final-source/tests	corroborates	functional/who-8-video-door-entry-telephony/README.md	Checksum rejection cleanup prevents later empty end publishing; merge combines known Guard Unit rename, idle guards and state initialization
libqtdevices	eeab2e80fc712da49d0e49f80022eccb283e5371	4b5c2537517df6c2cf22c21dd2a6c7da692221f9	devices/test/test_message_device.cpp	85d2d0c0133c831b6abfa8be9c243cbc94133414	615a18b5bd1627f58ac74c86ca92559be10a1a55	976943a8b28a510795f7915679ba5cc4a7c6ae17b15e260e7c199111d90cdf23	0c741bb953e1fd97df46499de2439076ca538fe885e86cf8093c849191ef450c	historical-touchscreen-client	semantic-parent-diff-and-final-source/tests	corroborates	functional/who-8-video-door-entry-telephony/README.md	Checksum rejection cleanup prevents later empty end publishing; merge combines known Guard Unit rename, idle guards and state initialization
libqtdevices	eeab2e80fc712da49d0e49f80022eccb283e5371	4b5c2537517df6c2cf22c21dd2a6c7da692221f9	devices/test/test_videodoorentry_device.cpp	290c5bdea58f85474ffbc0c4441e129f4c571ce9	d1aab9f7b89ce671edf910ff79c0c332a670824f	29885e07982631a2ef4def992c15061089bc063aee635282561aab92545c2341	e277fa82032806d72c029bb2dd92be2956dee4be20a07006a3443e69d5f1762c	historical-touchscreen-client	semantic-parent-diff-and-final-source/tests	corroborates	functional/who-8-video-door-entry-telephony/README.md	Checksum rejection cleanup prevents later empty end publishing; merge combines known Guard Unit rename, idle guards and state initialization
libqtdevices	eeab2e80fc712da49d0e49f80022eccb283e5371	4b5c2537517df6c2cf22c21dd2a6c7da692221f9	devices/test/test_videodoorentry_device.h	9b62eaec3a5dba099616a271f44149ab3ba2000d	9b3b5e33cd92a8a9c8e02b3d68246ac05c8e1738	905b4be5eb38a3aa2835530c945f58fa10686fb600780a523d6cd47e3d7bb386	9f23bff0137f053016d2871992efad8b7898efe15aa72e79e20cff1e9b534dd8	historical-touchscreen-client	semantic-parent-diff-and-final-source/tests	corroborates	functional/who-8-video-door-entry-telephony/README.md	Checksum rejection cleanup prevents later empty end publishing; merge combines known Guard Unit rename, idle guards and state initialization
libqtdevices	eeab2e80fc712da49d0e49f80022eccb283e5371	4b5c2537517df6c2cf22c21dd2a6c7da692221f9	devices/videodoorentry_device.cpp	f91d34a8d67227f798533d751016519a50e0e095	30f40b7ef3db3f85555155ccff5565637a83056f	bd32c71c8bd93191da1251ff28ea73d77698049fd1381a200956400c709926e0	65bf86d7f8813da2f2ccefd17717f5e2f5e34c16122ffa7490e9e3210ba8a574	historical-touchscreen-client	semantic-parent-diff-and-final-source/tests	corroborates	functional/who-8-video-door-entry-telephony/README.md	Checksum rejection cleanup prevents later empty end publishing; merge combines known Guard Unit rename, idle guards and state initialization
libqtdevices	eeab2e80fc712da49d0e49f80022eccb283e5371	0c4a0c1557143bef54cae88095ebc17d2e24001f	devices/videodoorentry_device.cpp	0cd490b00096639ca638b5985fad72aac1e0771c	30f40b7ef3db3f85555155ccff5565637a83056f	4e85eb96650501cf5080aebdd782ef4e7a2f85209a4a573604daf205990baa68	65bf86d7f8813da2f2ccefd17717f5e2f5e34c16122ffa7490e9e3210ba8a574	historical-touchscreen-client	semantic-parent-diff-and-final-source/tests	incorporated	functional/who-8-video-door-entry-telephony/README.md	Rearm keeps original/master caller distinct from current address and updates media/movement; IP caller extraction and basic/full class split checked against final parser and exact rearm tests
libqtdevices	eeab2e80fc712da49d0e49f80022eccb283e5371	0c4a0c1557143bef54cae88095ebc17d2e24001f	devices/videodoorentry_device.h	be45d7c240f7e57c4a9f93fe29c679ca8de541bb	cb1f4365b76d185f5ed48f401db13467200b4025	9feeb79a1a5159fe0be090548923309e30de8d413614e877d3e04e176aa116b6	1c453535e62b31ab78845ce42daa224eba888a055dc5db0a37217368c8d4757b	historical-touchscreen-client	semantic-parent-diff-and-final-source/tests	incorporated	functional/who-8-video-door-entry-telephony/README.md	Rearm keeps original/master caller distinct from current address and updates media/movement; IP caller extraction and basic/full class split checked against final parser and exact rearm tests
libqtdevices	55cce59055e1eeb575eff1d30bfc3fad702f5c83	85a41ee33cbb634dc744fa085729a3b58d780fc1	devices/test/test_videodoorentry_device.cpp	290c5bdea58f85474ffbc0c4441e129f4c571ce9	d1aab9f7b89ce671edf910ff79c0c332a670824f	29885e07982631a2ef4def992c15061089bc063aee635282561aab92545c2341	e277fa82032806d72c029bb2dd92be2956dee4be20a07006a3443e69d5f1762c	historical-touchscreen-client	semantic-parent-diff-and-final-source/tests	incorporated	functional/who-8-video-door-entry-telephony/README.md	Exact idle answer/end/stop-video tests assert no value signal; connected cases remain handled; state guard does not establish universal decoder restrictions
libqtdevices	55cce59055e1eeb575eff1d30bfc3fad702f5c83	85a41ee33cbb634dc744fa085729a3b58d780fc1	devices/test/test_videodoorentry_device.h	9b62eaec3a5dba099616a271f44149ab3ba2000d	9b3b5e33cd92a8a9c8e02b3d68246ac05c8e1738	905b4be5eb38a3aa2835530c945f58fa10686fb600780a523d6cd47e3d7bb386	9f23bff0137f053016d2871992efad8b7898efe15aa72e79e20cff1e9b534dd8	historical-touchscreen-client	semantic-parent-diff-and-final-source/tests	incorporated	functional/who-8-video-door-entry-telephony/README.md	Exact idle answer/end/stop-video tests assert no value signal; connected cases remain handled; state guard does not establish universal decoder restrictions
libqtdevices	55cce59055e1eeb575eff1d30bfc3fad702f5c83	85a41ee33cbb634dc744fa085729a3b58d780fc1	devices/videodoorentry_device.cpp	90da58c8514a08eb04ffd747f0efcb7f6233cd56	0cd490b00096639ca638b5985fad72aac1e0771c	5856237e2d233b44359ab384986c41fa8e974c1c60781f9c25a7c40babdd6d9b	4e85eb96650501cf5080aebdd782ef4e7a2f85209a4a573604daf205990baa68	historical-touchscreen-client	semantic-parent-diff-and-final-source/tests	incorporated	functional/who-8-video-door-entry-telephony/README.md	Exact idle answer/end/stop-video tests assert no value signal; connected cases remain handled; state guard does not establish universal decoder restrictions
libqtdevices	2c99f1801cd79096ea6f8c6a15232dab04ca8be5	be85b8458fcb5fd88ec136c6876e2a20e16ee4ff	devices/message_device.cpp	ccbcd3975053a604b660a30565f473dba3927d40	42d46d6f0a47cf48142f4c27b9594cb7bbb15464	8c52980f827802479a569dea137a1d2c87e47aaa90b3e6044f9035bc664f4fb7	12041dea32d16053dbefbeb9a7a2a8292d3f91416a52d0dc128298167abcce62	historical-touchscreen-client	semantic-parent-diff-and-final-source/tests	corroborates	functional/who-8-video-door-entry-telephony/README.md	cdp_where renamed guardunit_where in implementation and assertions; reply routing and checksum/data semantics unchanged
libqtdevices	2c99f1801cd79096ea6f8c6a15232dab04ca8be5	be85b8458fcb5fd88ec136c6876e2a20e16ee4ff	devices/message_device.h	084bd3f3ca3f710834ec1cf7d2a052a1f315e0dc	9eda132f8db308d45b3151c120db9c0b2c02e291	92ead5eace1c82e052adfc73ab5ab78ab15a7750b8de587929aee9a08cbd9c14	07a3fde3112fc933c38a84def900c914b9c6388e449279dc3444f81fdfc54401	historical-touchscreen-client	semantic-parent-diff-and-final-source/tests	corroborates	functional/who-8-video-door-entry-telephony/README.md	cdp_where renamed guardunit_where in implementation and assertions; reply routing and checksum/data semantics unchanged
libqtdevices	2c99f1801cd79096ea6f8c6a15232dab04ca8be5	be85b8458fcb5fd88ec136c6876e2a20e16ee4ff	devices/test/test_message_device.cpp	85d2d0c0133c831b6abfa8be9c243cbc94133414	615a18b5bd1627f58ac74c86ca92559be10a1a55	976943a8b28a510795f7915679ba5cc4a7c6ae17b15e260e7c199111d90cdf23	0c741bb953e1fd97df46499de2439076ca538fe885e86cf8093c849191ef450c	historical-touchscreen-client	semantic-parent-diff-and-final-source/tests	corroborates	functional/who-8-video-door-entry-telephony/README.md	cdp_where renamed guardunit_where in implementation and assertions; reply routing and checksum/data semantics unchanged
libqtdevices	3aea2c8a6cbdd7fae3914edb676aaba076d59ff3	22748cb2d1320002b3562a06c5f3ece4694b013a	devices/videodoorentry_device.cpp	90da58c8514a08eb04ffd747f0efcb7f6233cd56	f91d34a8d67227f798533d751016519a50e0e095	5856237e2d233b44359ab384986c41fa8e974c1c60781f9c25a7c40babdd6d9b	bd32c71c8bd93191da1251ff28ea73d77698049fd1381a200956400c709926e0	historical-touchscreen-client	semantic-parent-diff-and-final-source/tests	incorporated	functional/who-8-video-door-entry-telephony/README.md	Rearm keeps original/master caller distinct from current address and updates media/movement; IP caller extraction and basic/full class split checked against final parser and exact rearm tests
libqtdevices	3aea2c8a6cbdd7fae3914edb676aaba076d59ff3	22748cb2d1320002b3562a06c5f3ece4694b013a	devices/videodoorentry_device.h	be45d7c240f7e57c4a9f93fe29c679ca8de541bb	cb1f4365b76d185f5ed48f401db13467200b4025	9feeb79a1a5159fe0be090548923309e30de8d413614e877d3e04e176aa116b6	1c453535e62b31ab78845ce42daa224eba888a055dc5db0a37217368c8d4757b	historical-touchscreen-client	semantic-parent-diff-and-final-source/tests	incorporated	functional/who-8-video-door-entry-telephony/README.md	Rearm keeps original/master caller distinct from current address and updates media/movement; IP caller extraction and basic/full class split checked against final parser and exact rearm tests
libqtdevices	8cf91103535e2f5e822f80509c2c4c7ece9b2821	ca0fdfd28510a7d4e7ca0f5642cd704d5a0a4794	devices/videodoorentry_device.cpp	3f80b0dacb2a3ffcd4869d4a5cdd621a4e02a165	90da58c8514a08eb04ffd747f0efcb7f6233cd56	0357e4f2a3306b43aa2b1464c9f53b8e70bf3f6f8800041c6bdb33ad1340b30b	5856237e2d233b44359ab384986c41fa8e974c1c60781f9c25a7c40babdd6d9b	historical-touchscreen-client	semantic-parent-diff-and-final-source/tests	incorporated	functional/who-8-video-door-entry-telephony/README.md	Rearm keeps original/master caller distinct from current address and updates media/movement; IP caller extraction and basic/full class split checked against final parser and exact rearm tests
libqtdevices	8cf91103535e2f5e822f80509c2c4c7ece9b2821	ca0fdfd28510a7d4e7ca0f5642cd704d5a0a4794	devices/videodoorentry_device.h	57d496651d91ecdc5c371fae8d63ffe0820efeeb	be45d7c240f7e57c4a9f93fe29c679ca8de541bb	9ce077f5e2c17b132ebf9192db72468afc431dfb9de35f2162bf99035a4a0c37	9feeb79a1a5159fe0be090548923309e30de8d413614e877d3e04e176aa116b6	historical-touchscreen-client	semantic-parent-diff-and-final-source/tests	incorporated	functional/who-8-video-door-entry-telephony/README.md	Rearm keeps original/master caller distinct from current address and updates media/movement; IP caller extraction and basic/full class split checked against final parser and exact rearm tests
libqtdevices	789d47ee5480bd34a28c8da995d2ee18bdb738d8	135c6d611b100c3f0d739b467298fc179f2cb692	devices/message_device.h	bc8bf5b6a2ceb061b1fdd9dc189ecc6e6583c8ac	084bd3f3ca3f710834ec1cf7d2a052a1f315e0dc	37d964f49e31bf9814ddf833b7da429affd296ecbd8493de01452b83981fcf9f	92ead5eace1c82e052adfc73ab5ab78ab15a7750b8de587929aee9a08cbd9c14	historical-touchscreen-client	semantic-parent-diff-and-final-source/tests	excluded	-	Documentation movement/formatting, removed comments or licence only; timeout/byte-count/checksum descriptions checked against executable values and stale comments not promoted
libqtdevices	d894593f56abbccb1fae51cbbd07d04ef7c6d9fd	f578a102489d1b5bc415523c142dc8e2535df87c	devices/message_device.h	1fcdd236674ddefcaed5d031c85d5e47bb6ae633	bc8bf5b6a2ceb061b1fdd9dc189ecc6e6583c8ac	f04ac8745a8fedaa407c7e16e77b8b16f4709470ed727a51d370d5cb3697ce3e	37d964f49e31bf9814ddf833b7da429affd296ecbd8493de01452b83981fcf9f	historical-touchscreen-client	semantic-parent-diff-and-final-source/tests	excluded	-	Documentation movement/formatting, removed comments or licence only; timeout/byte-count/checksum descriptions checked against executable values and stale comments not promoted
libqtdevices	98643ab1859071b0b50151ec1a71c9b121c050b5	e2f8855c5fe54f48a27fd70861e8840859af354d	devices/videodoorentry_device.h	04c3db912e4f82cf008a71410298c421a8e3878c	57d496651d91ecdc5c371fae8d63ffe0820efeeb	e7fbfa48e4ba1f1e49664a0b36c5e1c01e8c2d06bf5e10a5930f0f068d346baf	9ce077f5e2c17b132ebf9192db72468afc431dfb9de35f2162bf99035a4a0c37	historical-touchscreen-client	semantic-parent-diff-and-final-source/tests	excluded	-	Documentation movement/formatting, removed comments or licence only; timeout/byte-count/checksum descriptions checked against executable values and stale comments not promoted
libqtdevices	85500062ad2b678d041216f443cbcb99cdff6c0a	e069559b6a796ad9fb0279feee92e1e3f7ea1100	devices/videodoorentry_device.h	fef29437863404f49db281483321e32c26a58116	04c3db912e4f82cf008a71410298c421a8e3878c	0042f7beaba0e7b0fc501e735cbb28b9eadeca147f7647d08f48f35591f93119	e7fbfa48e4ba1f1e49664a0b36c5e1c01e8c2d06bf5e10a5930f0f068d346baf	historical-touchscreen-client	semantic-parent-diff-and-final-source/tests	excluded	-	Documentation movement/formatting, removed comments or licence only; timeout/byte-count/checksum descriptions checked against executable values and stale comments not promoted
libqtdevices	f30f937ae80cf05fbf0f538ab13f8355b8fb1d51	37fb792e93d12c547d47152c794c080c9506e35d	devices/message_device.h	3dd7b6f3c136e527251b643a4ad03af048b9cf2d	1fcdd236674ddefcaed5d031c85d5e47bb6ae633	b4918ca59185b97019aa642e5c282d825acf5d2fd5dc9f2415483189b35c89f6	f04ac8745a8fedaa407c7e16e77b8b16f4709470ed727a51d370d5cb3697ce3e	historical-touchscreen-client	semantic-parent-diff-and-final-source/tests	excluded	-	Documentation movement/formatting, removed comments or licence only; timeout/byte-count/checksum descriptions checked against executable values and stale comments not promoted
libqtdevices	83c79d80bedd89863d7e8a63d78ce55f58d2d79e	d86b7901bed0a6fb66011950707785349df40f6f	devices/videodoorentry_device.h	7df91602cf87a6c8852c7d2d48a39f8d09b3f4f5	fef29437863404f49db281483321e32c26a58116	2b64dd03b4ba1dcaab1d1cb5aca8f83df296eb5f152208f98eeee9d583a4de46	0042f7beaba0e7b0fc501e735cbb28b9eadeca147f7647d08f48f35591f93119	historical-touchscreen-client	semantic-parent-diff-and-final-source/tests	excluded	-	Public overload visibility, getters, test friendship or declaration parameter naming; unchanged wire serialization and state transitions
libqtdevices	d86b7901bed0a6fb66011950707785349df40f6f	94cd3a74841345986ef59ac7a653447e256d91f2	devices/message_device.cpp	625b2ca00feaad0b0df53fc7b93107dfb9fb8a82	ccbcd3975053a604b660a30565f473dba3927d40	d5d27ba125d99ddedfcb9696beec6fd46ae89e8dabafcb5b34a5d0470d84eeec	8c52980f827802479a569dea137a1d2c87e47aaa90b3e6044f9035bc664f4fb7	historical-touchscreen-client	semantic-parent-diff-and-final-source/tests	excluded	-	Documentation movement/formatting, removed comments or licence only; timeout/byte-count/checksum descriptions checked against executable values and stale comments not promoted
libqtdevices	d86b7901bed0a6fb66011950707785349df40f6f	94cd3a74841345986ef59ac7a653447e256d91f2	devices/message_device.h	cfb8db67421ecf9cffe786020a14ae40767139c0	3dd7b6f3c136e527251b643a4ad03af048b9cf2d	f3ff7ce528988e06afb888400a0bbec7b458249fa3aab16577e0eda8052ccdbd	b4918ca59185b97019aa642e5c282d825acf5d2fd5dc9f2415483189b35c89f6	historical-touchscreen-client	semantic-parent-diff-and-final-source/tests	excluded	-	Documentation movement/formatting, removed comments or licence only; timeout/byte-count/checksum descriptions checked against executable values and stale comments not promoted
libqtdevices	d86b7901bed0a6fb66011950707785349df40f6f	a6ad3530d19dd791c107a008cd86e841daac7d5e	devices/entryphone_device.cpp	63e3bc8bd87256468c5859d0525ee7bbadede60b	0000000000000000000000000000000000000000	5a00e3ec0b3c87bcd27042bec49b98d1b26b07c16e7d139b5106b7913e96efb4	-	historical-touchscreen-client	semantic-parent-diff-and-final-source/tests	excluded	-	EntryphoneDevice renamed VideoDoorEntryDevice; normalized code identical except header guards; no second independent behavior source
libqtdevices	d86b7901bed0a6fb66011950707785349df40f6f	a6ad3530d19dd791c107a008cd86e841daac7d5e	devices/entryphone_device.h	530b113ff08564fc7d30a5404d00e5d69ef893d0	0000000000000000000000000000000000000000	88d60f444fa9bc0018cd657aa16fb8b35fad73c7b48a477da76aa747085812dd	-	historical-touchscreen-client	semantic-parent-diff-and-final-source/tests	excluded	-	EntryphoneDevice renamed VideoDoorEntryDevice; normalized code identical except header guards; no second independent behavior source
libqtdevices	d86b7901bed0a6fb66011950707785349df40f6f	a6ad3530d19dd791c107a008cd86e841daac7d5e	devices/test/test_entryphone_device.cpp	94d11c2ab902ad138b99d44a1506e7098fbd8fdd	0000000000000000000000000000000000000000	3581a58560ebc64663787966bc28776686018d3fc6c484654aeeb87132b781be	-	historical-touchscreen-client	semantic-parent-diff-and-final-source/tests	excluded	-	EntryphoneDevice renamed VideoDoorEntryDevice; normalized code identical except header guards; no second independent behavior source
libqtdevices	d86b7901bed0a6fb66011950707785349df40f6f	a6ad3530d19dd791c107a008cd86e841daac7d5e	devices/test/test_entryphone_device.h	28c77667f4e7d8ecb2a849775ad58a71530dcf61	0000000000000000000000000000000000000000	c5cd7fa5e3a17126ac710d0ed0e7d12c86d60b647d6a1d120c5d5889a844f96b	-	historical-touchscreen-client	semantic-parent-diff-and-final-source/tests	excluded	-	EntryphoneDevice renamed VideoDoorEntryDevice; normalized code identical except header guards; no second independent behavior source
libqtdevices	d86b7901bed0a6fb66011950707785349df40f6f	a6ad3530d19dd791c107a008cd86e841daac7d5e	devices/test/test_videodoorentry_device.cpp	0000000000000000000000000000000000000000	290c5bdea58f85474ffbc0c4441e129f4c571ce9	-	29885e07982631a2ef4def992c15061089bc063aee635282561aab92545c2341	historical-touchscreen-client	semantic-parent-diff-and-final-source/tests	excluded	-	EntryphoneDevice renamed VideoDoorEntryDevice; normalized code identical except header guards; no second independent behavior source
libqtdevices	d86b7901bed0a6fb66011950707785349df40f6f	a6ad3530d19dd791c107a008cd86e841daac7d5e	devices/test/test_videodoorentry_device.h	0000000000000000000000000000000000000000	9b62eaec3a5dba099616a271f44149ab3ba2000d	-	905b4be5eb38a3aa2835530c945f58fa10686fb600780a523d6cd47e3d7bb386	historical-touchscreen-client	semantic-parent-diff-and-final-source/tests	excluded	-	EntryphoneDevice renamed VideoDoorEntryDevice; normalized code identical except header guards; no second independent behavior source
libqtdevices	d86b7901bed0a6fb66011950707785349df40f6f	a6ad3530d19dd791c107a008cd86e841daac7d5e	devices/videodoorentry_device.cpp	0000000000000000000000000000000000000000	3f80b0dacb2a3ffcd4869d4a5cdd621a4e02a165	-	0357e4f2a3306b43aa2b1464c9f53b8e70bf3f6f8800041c6bdb33ad1340b30b	historical-touchscreen-client	semantic-parent-diff-and-final-source/tests	excluded	-	EntryphoneDevice renamed VideoDoorEntryDevice; normalized code identical except header guards; no second independent behavior source
libqtdevices	d86b7901bed0a6fb66011950707785349df40f6f	a6ad3530d19dd791c107a008cd86e841daac7d5e	devices/videodoorentry_device.h	0000000000000000000000000000000000000000	7df91602cf87a6c8852c7d2d48a39f8d09b3f4f5	-	2b64dd03b4ba1dcaab1d1cb5aca8f83df296eb5f152208f98eeee9d583a4de46	historical-touchscreen-client	semantic-parent-diff-and-final-source/tests	excluded	-	EntryphoneDevice renamed VideoDoorEntryDevice; normalized code identical except header guards; no second independent behavior source
libqtdevices	c84843105bee52b4191770b2ac5d8af05184802c	9ce640015b061f0007dfadc856be9248c662ed2d	devices/message_device.cpp	625b2ca00feaad0b0df53fc7b93107dfb9fb8a82	ccbcd3975053a604b660a30565f473dba3927d40	d5d27ba125d99ddedfcb9696beec6fd46ae89e8dabafcb5b34a5d0470d84eeec	8c52980f827802479a569dea137a1d2c87e47aaa90b3e6044f9035bc664f4fb7	historical-touchscreen-client	semantic-parent-diff-and-final-source/tests	excluded	-	Documentation movement/formatting, removed comments or licence only; timeout/byte-count/checksum descriptions checked against executable values and stale comments not promoted
libqtdevices	c84843105bee52b4191770b2ac5d8af05184802c	9ce640015b061f0007dfadc856be9248c662ed2d	devices/message_device.h	cfb8db67421ecf9cffe786020a14ae40767139c0	3dd7b6f3c136e527251b643a4ad03af048b9cf2d	f3ff7ce528988e06afb888400a0bbec7b458249fa3aab16577e0eda8052ccdbd	b4918ca59185b97019aa642e5c282d825acf5d2fd5dc9f2415483189b35c89f6	historical-touchscreen-client	semantic-parent-diff-and-final-source/tests	excluded	-	Documentation movement/formatting, removed comments or licence only; timeout/byte-count/checksum descriptions checked against executable values and stale comments not promoted
libqtdevices	94cd3a74841345986ef59ac7a653447e256d91f2	efda7afe17267ff0f599eba9e1b82c7830e34156	devices/entryphone_device.cpp	63e3bc8bd87256468c5859d0525ee7bbadede60b	0000000000000000000000000000000000000000	5a00e3ec0b3c87bcd27042bec49b98d1b26b07c16e7d139b5106b7913e96efb4	-	historical-touchscreen-client	semantic-parent-diff-and-final-source/tests	excluded	-	EntryphoneDevice renamed VideoDoorEntryDevice; normalized code identical except header guards; no second independent behavior source
libqtdevices	94cd3a74841345986ef59ac7a653447e256d91f2	efda7afe17267ff0f599eba9e1b82c7830e34156	devices/entryphone_device.h	530b113ff08564fc7d30a5404d00e5d69ef893d0	0000000000000000000000000000000000000000	88d60f444fa9bc0018cd657aa16fb8b35fad73c7b48a477da76aa747085812dd	-	historical-touchscreen-client	semantic-parent-diff-and-final-source/tests	excluded	-	EntryphoneDevice renamed VideoDoorEntryDevice; normalized code identical except header guards; no second independent behavior source
libqtdevices	94cd3a74841345986ef59ac7a653447e256d91f2	efda7afe17267ff0f599eba9e1b82c7830e34156	devices/test/test_entryphone_device.cpp	94d11c2ab902ad138b99d44a1506e7098fbd8fdd	0000000000000000000000000000000000000000	3581a58560ebc64663787966bc28776686018d3fc6c484654aeeb87132b781be	-	historical-touchscreen-client	semantic-parent-diff-and-final-source/tests	excluded	-	EntryphoneDevice renamed VideoDoorEntryDevice; normalized code identical except header guards; no second independent behavior source
libqtdevices	94cd3a74841345986ef59ac7a653447e256d91f2	efda7afe17267ff0f599eba9e1b82c7830e34156	devices/test/test_entryphone_device.h	28c77667f4e7d8ecb2a849775ad58a71530dcf61	0000000000000000000000000000000000000000	c5cd7fa5e3a17126ac710d0ed0e7d12c86d60b647d6a1d120c5d5889a844f96b	-	historical-touchscreen-client	semantic-parent-diff-and-final-source/tests	excluded	-	EntryphoneDevice renamed VideoDoorEntryDevice; normalized code identical except header guards; no second independent behavior source
libqtdevices	94cd3a74841345986ef59ac7a653447e256d91f2	efda7afe17267ff0f599eba9e1b82c7830e34156	devices/test/test_videodoorentry_device.cpp	0000000000000000000000000000000000000000	290c5bdea58f85474ffbc0c4441e129f4c571ce9	-	29885e07982631a2ef4def992c15061089bc063aee635282561aab92545c2341	historical-touchscreen-client	semantic-parent-diff-and-final-source/tests	excluded	-	EntryphoneDevice renamed VideoDoorEntryDevice; normalized code identical except header guards; no second independent behavior source
libqtdevices	94cd3a74841345986ef59ac7a653447e256d91f2	efda7afe17267ff0f599eba9e1b82c7830e34156	devices/test/test_videodoorentry_device.h	0000000000000000000000000000000000000000	9b62eaec3a5dba099616a271f44149ab3ba2000d	-	905b4be5eb38a3aa2835530c945f58fa10686fb600780a523d6cd47e3d7bb386	historical-touchscreen-client	semantic-parent-diff-and-final-source/tests	excluded	-	EntryphoneDevice renamed VideoDoorEntryDevice; normalized code identical except header guards; no second independent behavior source
libqtdevices	94cd3a74841345986ef59ac7a653447e256d91f2	efda7afe17267ff0f599eba9e1b82c7830e34156	devices/videodoorentry_device.cpp	0000000000000000000000000000000000000000	3f80b0dacb2a3ffcd4869d4a5cdd621a4e02a165	-	0357e4f2a3306b43aa2b1464c9f53b8e70bf3f6f8800041c6bdb33ad1340b30b	historical-touchscreen-client	semantic-parent-diff-and-final-source/tests	excluded	-	EntryphoneDevice renamed VideoDoorEntryDevice; normalized code identical except header guards; no second independent behavior source
libqtdevices	94cd3a74841345986ef59ac7a653447e256d91f2	efda7afe17267ff0f599eba9e1b82c7830e34156	devices/videodoorentry_device.h	0000000000000000000000000000000000000000	7df91602cf87a6c8852c7d2d48a39f8d09b3f4f5	-	2b64dd03b4ba1dcaab1d1cb5aca8f83df296eb5f152208f98eeee9d583a4de46	historical-touchscreen-client	semantic-parent-diff-and-final-source/tests	excluded	-	EntryphoneDevice renamed VideoDoorEntryDevice; normalized code identical except header guards; no second independent behavior source
libqtdevices	94c87210a16f899e109fb8505b68b9e838b0aec2	e37ecdc8d87f5bd838cec328274f4d8dc42af714	devices/message_device.cpp	158b852a039449ee1f6d810f92cb23819b4a138e	625b2ca00feaad0b0df53fc7b93107dfb9fb8a82	63bfa5fe9b09e01de565ce75f2d0f28939e2d62445f816896651f5b988dfa21a	d5d27ba125d99ddedfcb9696beec6fd46ae89e8dabafcb5b34a5d0470d84eeec	historical-touchscreen-client	semantic-parent-diff-and-final-source/tests	excluded	-	Documentation movement/formatting, removed comments or licence only; timeout/byte-count/checksum descriptions checked against executable values and stale comments not promoted
libqtdevices	6d86aea25af958018322de9cb623303bc4845f4e	27ab791e592b6b94bf89db8aac472b5e55e39145	devices/message_device.cpp	61f3873c28e57b580104d25caf53954cdb5fed0c	158b852a039449ee1f6d810f92cb23819b4a138e	9cb3318d20cff062788d03bd55a8fba8248e093a764b4dbf4d021ab0f41a50bd	63bfa5fe9b09e01de565ce75f2d0f28939e2d62445f816896651f5b988dfa21a	historical-touchscreen-client	semantic-parent-diff-and-final-source/tests	excluded	-	Documentation movement/formatting, removed comments or licence only; timeout/byte-count/checksum descriptions checked against executable values and stale comments not promoted
libqtdevices	86a19f0a140fd95a4c0fba28dedce3a000198df7	3668d575b43f4aedd5b5f578c80625d5fb1e649b	devices/message_device.cpp	ec11518953637ec93bfdd49440bfc0928f11324f	61f3873c28e57b580104d25caf53954cdb5fed0c	6756ec805c1c7f8804b6ae4261f639ef3ea7e0d72140e679841637d49fac6ceb	9cb3318d20cff062788d03bd55a8fba8248e093a764b4dbf4d021ab0f41a50bd	historical-touchscreen-client	semantic-parent-diff-and-final-source/tests	excluded	-	Documentation movement/formatting, removed comments or licence only; timeout/byte-count/checksum descriptions checked against executable values and stale comments not promoted
libqtdevices	7aee34db1d74f20c5163e31f11f2887ae2c68c67	2fece2258862615b29195cd6c37e1b2a803166a3	devices/message_device.cpp	5bc479d8327cd2000fd97ba88e54eb058846bf20	ec11518953637ec93bfdd49440bfc0928f11324f	725e28c5dbc5b20dc18884fd76f4a4eb24f4172118c25ffd6805df68517b0da1	6756ec805c1c7f8804b6ae4261f639ef3ea7e0d72140e679841637d49fac6ceb	historical-touchscreen-client	semantic-parent-diff-and-final-source/tests	excluded	-	Documentation movement/formatting, removed comments or licence only; timeout/byte-count/checksum descriptions checked against executable values and stale comments not promoted
libqtdevices	7aee34db1d74f20c5163e31f11f2887ae2c68c67	2fece2258862615b29195cd6c37e1b2a803166a3	devices/message_device.h	dbd37b1d817a4f240476379e969336c920f08a29	cfb8db67421ecf9cffe786020a14ae40767139c0	72125bd57b96e496141ceb7b703c7c68b431f0f07252f2bd9df7e5d09d2118ed	f3ff7ce528988e06afb888400a0bbec7b458249fa3aab16577e0eda8052ccdbd	historical-touchscreen-client	semantic-parent-diff-and-final-source/tests	excluded	-	Documentation movement/formatting, removed comments or licence only; timeout/byte-count/checksum descriptions checked against executable values and stale comments not promoted
libqtdevices	158dbbf0b993afbfb04e21dcfb976adfa066f719	ff635d435749f89293bb48f408cc1bf7601a5ba7	devices/entryphone_device.cpp	9a4406c8afaff53f54092f7b383366d97f688093	63e3bc8bd87256468c5859d0525ee7bbadede60b	a741b12db4add02b6e9519ff8a53bfecb3a8b164f77437c0e868c6faa64add4b	5a00e3ec0b3c87bcd27042bec49b98d1b26b07c16e7d139b5106b7913e96efb4	historical-touchscreen-client	semantic-parent-diff-and-final-source/tests	incorporated	functional/who-8-video-door-entry-telephony/README.md	Rearm keeps original/master caller distinct from current address and updates media/movement; IP caller extraction and basic/full class split checked against final parser and exact rearm tests
libqtdevices	158dbbf0b993afbfb04e21dcfb976adfa066f719	ff635d435749f89293bb48f408cc1bf7601a5ba7	devices/test/test_entryphone_device.cpp	48f22bbde19f1f9c8d3aa749f31c0f0034389a0c	94d11c2ab902ad138b99d44a1506e7098fbd8fdd	d31fd17b1912fed247dfd9e068b3bfd7e7ec9ca328ed6c7cbf1841aa27c184cc	3581a58560ebc64663787966bc28776686018d3fc6c484654aeeb87132b781be	historical-touchscreen-client	semantic-parent-diff-and-final-source/tests	incorporated	functional/who-8-video-door-entry-telephony/README.md	Rearm keeps original/master caller distinct from current address and updates media/movement; IP caller extraction and basic/full class split checked against final parser and exact rearm tests
libqtdevices	158dbbf0b993afbfb04e21dcfb976adfa066f719	ff635d435749f89293bb48f408cc1bf7601a5ba7	devices/test/test_entryphone_device.h	810e6f441d96618b03be18adcb6909716e31a8e6	28c77667f4e7d8ecb2a849775ad58a71530dcf61	c11991d343b5ab50bbfaefc2526a488c7b94f5689ef685139409db0e7e8264f2	c5cd7fa5e3a17126ac710d0ed0e7d12c86d60b647d6a1d120c5d5889a844f96b	historical-touchscreen-client	semantic-parent-diff-and-final-source/tests	incorporated	functional/who-8-video-door-entry-telephony/README.md	Rearm keeps original/master caller distinct from current address and updates media/movement; IP caller extraction and basic/full class split checked against final parser and exact rearm tests
libqtdevices	671f5ef820c75680f44ce76a7ad34a08588187ed	a26d5e0034169f523668f124f0da5981fb71a68d	devices/entryphone_device.cpp	00c4374c9a85c82b9e90a9ce3fe815e69f2fc5bd	9a4406c8afaff53f54092f7b383366d97f688093	f42c7181c14224bf4d49fbbee69fe83fc43d5226b72829ec56195869f8361f1d	a741b12db4add02b6e9519ff8a53bfecb3a8b164f77437c0e868c6faa64add4b	historical-touchscreen-client	semantic-parent-diff-and-final-source/tests	corroborates	functional/who-8-video-door-entry-telephony/README.md	Answer updates IP-mode flag and warns on mode mismatch; warning is not a rejection guarantee
libqtdevices	dc30a86c06e363063e2da37805b93877047de3ec	b7c8a7c403605507a776804b5728d8fc799d91c5	devices/test/test_message_device.cpp	3d03e9f761e9ed6a368073e46148722189ab44e2	85d2d0c0133c831b6abfa8be9c243cbc94133414	496d04c8246ca663a7e57086b552fc3927fe2a8871090bcd95987080101c79ec	976943a8b28a510795f7915679ba5cc4a7c6ae17b15e260e7c199111d90cdf23	historical-touchscreen-client	semantic-parent-diff-and-final-source/tests	corroborates	functional/who-8-video-door-entry-telephony/README.md	Guard Unit #8 address components removed from writer/tests and whereArgCnt corrected 3 to 2; final 5-second constant supersedes historical 3-second value
libqtdevices	b7c8a7c403605507a776804b5728d8fc799d91c5	9434c885f2f481cdc0454c09a980cb3f6b0ab2e4	devices/message_device.cpp	891d04290398ad3b9186137232597928f45c1db7	5bc479d8327cd2000fd97ba88e54eb058846bf20	3163ed8ea56bc1258142d932eb9189cd109862a45d6dc366eb03cbcef97e664f	725e28c5dbc5b20dc18884fd76f4a4eb24f4172118c25ffd6805df68517b0da1	historical-touchscreen-client	semantic-parent-diff-and-final-source/tests	excluded	-	Documentation movement/formatting, removed comments or licence only; timeout/byte-count/checksum descriptions checked against executable values and stale comments not promoted
libqtdevices	408251372dfc70aff212498904f99d165c820c72	266deb85dfb7fb33275dd8be3e832258967ac4ce	devices/message_device.cpp	b72805fca46490266edcdcbcc96f56128188897c	891d04290398ad3b9186137232597928f45c1db7	166c0b16444bc30f01f57945af276dfa4909b73fa19914d8599e1d4c9e5e79fe	3163ed8ea56bc1258142d932eb9189cd109862a45d6dc366eb03cbcef97e664f	historical-touchscreen-client	semantic-parent-diff-and-final-source/tests	corroborates	functional/who-8-video-door-entry-telephony/README.md	Guard Unit #8 address components removed from writer/tests and whereArgCnt corrected 3 to 2; final 5-second constant supersedes historical 3-second value
libqtdevices	408251372dfc70aff212498904f99d165c820c72	266deb85dfb7fb33275dd8be3e832258967ac4ce	devices/message_device.h	97889dd67b929b44184944a37b8b3f9357e3943e	dbd37b1d817a4f240476379e969336c920f08a29	a4dca748b1c4c0ff0ea6897a8c2af6d58082d3c53160736ded4d730c6f341048	72125bd57b96e496141ceb7b703c7c68b431f0f07252f2bd9df7e5d09d2118ed	historical-touchscreen-client	semantic-parent-diff-and-final-source/tests	corroborates	functional/who-8-video-door-entry-telephony/README.md	Guard Unit #8 address components removed from writer/tests and whereArgCnt corrected 3 to 2; final 5-second constant supersedes historical 3-second value
libqtdevices	266deb85dfb7fb33275dd8be3e832258967ac4ce	795d408174360ad3f115ce136e35cd4351eb66eb	devices/entryphone_device.cpp	a29878c34bca231014e6118b03d62d65114f830a	00c4374c9a85c82b9e90a9ce3fe815e69f2fc5bd	86ff40253465c622440996e9acc1b701ab6684f042316aff1d1230d67d116f12	f42c7181c14224bf4d49fbbee69fe83fc43d5226b72829ec56195869f8361f1d	historical-touchscreen-client	semantic-parent-diff-and-final-source/tests	corroborates	functional/who-8-video-door-entry-telephony/README.md	63/64 renamed silence/restore and accepted before call/address guard; accidental sarchi copy lacks these changes and is not separate device capability
libqtdevices	266deb85dfb7fb33275dd8be3e832258967ac4ce	795d408174360ad3f115ce136e35cd4351eb66eb	devices/entryphone_device.h	9351c1b63bfa2a29022b7f1367fde35c301d7d9f	530b113ff08564fc7d30a5404d00e5d69ef893d0	2d717d7b2e59747b9a1e2baf7aa9771c208564a131e77c28e42fc6c6e7c98d79	88d60f444fa9bc0018cd657aa16fb8b35fad73c7b48a477da76aa747085812dd	historical-touchscreen-client	semantic-parent-diff-and-final-source/tests	corroborates	functional/who-8-video-door-entry-telephony/README.md	63/64 renamed silence/restore and accepted before call/address guard; accidental sarchi copy lacks these changes and is not separate device capability
libqtdevices	23a0c5ecea631b261e14fd632be3f117b181f9f7	984fa4a815a29071e3127cb5efde225aeadc1ee3	devices/message_device.cpp	7e01b825097d2523e9344889128e33171cd45c20	b72805fca46490266edcdcbcc96f56128188897c	a0a67992c2f81da5b0d8dffeb9e21c0b009aec12e83909314fec2d4fe22d7e8e	166c0b16444bc30f01f57945af276dfa4909b73fa19914d8599e1d4c9e5e79fe	historical-touchscreen-client	semantic-parent-diff-and-final-source/tests	corroborates	functional/who-8-video-door-entry-telephony/README.md	Guard Unit #8 address components removed from writer/tests and whereArgCnt corrected 3 to 2; final 5-second constant supersedes historical 3-second value
libqtdevices	984fa4a815a29071e3127cb5efde225aeadc1ee3	ab3ab5ddc50b5d360fc8a8e81f4cb0c0f5055e7f	devices/entryphone_device.cpp	851bc98c2ee2fa15fce0987d4b7a79ecd8b34f89	a29878c34bca231014e6118b03d62d65114f830a	7dd4b40b55b1bb96a84dca294f39537597def9154d260fea67733bf8c1684f9c	86ff40253465c622440996e9acc1b701ab6684f042316aff1d1230d67d116f12	historical-touchscreen-client	semantic-parent-diff-and-final-source/tests	corroborates	functional/who-8-video-door-entry-telephony/README.md	63/64 renamed silence/restore and accepted before call/address guard; accidental sarchi copy lacks these changes and is not separate device capability
libqtdevices	984fa4a815a29071e3127cb5efde225aeadc1ee3	ab3ab5ddc50b5d360fc8a8e81f4cb0c0f5055e7f	devices/entryphone_device.h	34ed077b0266b5d6f322a3279fe583ba48d4b67a	9351c1b63bfa2a29022b7f1367fde35c301d7d9f	c25a760450dc5beca76ef82c4f3d86e6be42c652e5d5d37d8328d931fc84218b	2d717d7b2e59747b9a1e2baf7aa9771c208564a131e77c28e42fc6c6e7c98d79	historical-touchscreen-client	semantic-parent-diff-and-final-source/tests	corroborates	functional/who-8-video-door-entry-telephony/README.md	63/64 renamed silence/restore and accepted before call/address guard; accidental sarchi copy lacks these changes and is not separate device capability
libqtdevices	856e09f11217af1064b76fdc094ba0e2ecc9a17b	d04467d593e9ca08f13d410c72bff40813137155	devices/entryphone_device.cpp	8b9fbc6ceed5ede38ba7f5d8372948249a690969	851bc98c2ee2fa15fce0987d4b7a79ecd8b34f89	a309c87bce9ae309e232bff4e730512e5c513c8e31cb542a49fa8548c7c6b934	7dd4b40b55b1bb96a84dca294f39537597def9154d260fea67733bf8c1684f9c	historical-touchscreen-client	semantic-parent-diff-and-final-source/tests	corroborates	functional/who-8-video-door-entry-telephony/README.md	SCS resets local call state after sending end; IP waits for receive path; dangling-else correction and mode selection are client-generation behavior
libqtdevices	856e09f11217af1064b76fdc094ba0e2ecc9a17b	d04467d593e9ca08f13d410c72bff40813137155	devices/entryphone_device.h	f96cb4aac1f180a14281181788fabd9ef2cda027	34ed077b0266b5d6f322a3279fe583ba48d4b67a	93a766c67dddd71cc1073ea658d4abace5a10896fd9a88012a96e71dd664f90f	c25a760450dc5beca76ef82c4f3d86e6be42c652e5d5d37d8328d931fc84218b	historical-touchscreen-client	semantic-parent-diff-and-final-source/tests	corroborates	functional/who-8-video-door-entry-telephony/README.md	SCS resets local call state after sending end; IP waits for receive path; dangling-else correction and mode selection are client-generation behavior
libqtdevices	d04467d593e9ca08f13d410c72bff40813137155	17cc7a68fdafac68f4c15629bb0c45d66275fa3d	devices/entryphone_device.sarchi.cpp	01d86e9c626717eb5791b2c1c13a7baacf261b32	0000000000000000000000000000000000000000	9e4c3ca7a81a66efc5e67b242b70282001648f352b07853f078b856e64831dcc	-	historical-touchscreen-client	semantic-parent-diff-and-final-source/tests	excluded	-	Accidentally committed sarchi source copy removed; historical alternatives not promoted to supported product dialect
libqtdevices	17cc7a68fdafac68f4c15629bb0c45d66275fa3d	d8a613aff867e6a8ed3f179da6c51840f3d2996a	devices/entryphone_device.cpp	450eb9f650fc7ea4aabf3f48d75a032043f3f54c	8b9fbc6ceed5ede38ba7f5d8372948249a690969	0f4b407ce324a90535223c4b1dd62ed687fe7cb0d86d73349288ab448a28d2f5	a309c87bce9ae309e232bff4e730512e5c513c8e31cb542a49fa8548c7c6b934	historical-touchscreen-client	semantic-parent-diff-and-final-source/tests	corroborates	functional/who-8-video-door-entry-telephony/README.md	63/64 renamed silence/restore and accepted before call/address guard; accidental sarchi copy lacks these changes and is not separate device capability
libqtdevices	17cc7a68fdafac68f4c15629bb0c45d66275fa3d	d8a613aff867e6a8ed3f179da6c51840f3d2996a	devices/entryphone_device.h	48630c2497728e569c6dd53cdc30fd41bc5142ea	f96cb4aac1f180a14281181788fabd9ef2cda027	07076eb217ae8b3ee1bda32f8cb5e67307fbb400716fefca4db5127b60cc2454	93a766c67dddd71cc1073ea658d4abace5a10896fd9a88012a96e71dd664f90f	historical-touchscreen-client	semantic-parent-diff-and-final-source/tests	corroborates	functional/who-8-video-door-entry-telephony/README.md	63/64 renamed silence/restore and accepted before call/address guard; accidental sarchi copy lacks these changes and is not separate device capability
libqtdevices	17cc7a68fdafac68f4c15629bb0c45d66275fa3d	d8a613aff867e6a8ed3f179da6c51840f3d2996a	devices/entryphone_device.sarchi.cpp	0000000000000000000000000000000000000000	01d86e9c626717eb5791b2c1c13a7baacf261b32	-	9e4c3ca7a81a66efc5e67b242b70282001648f352b07853f078b856e64831dcc	historical-touchscreen-client	semantic-parent-diff-and-final-source/tests	corroborates	functional/who-8-video-door-entry-telephony/README.md	63/64 renamed silence/restore and accepted before call/address guard; accidental sarchi copy lacks these changes and is not separate device capability
libqtdevices	1dbc0f7bb744ab3231ed91b1bf982ccab48d8911	24c4e7b41bbee32fcc311bd9a5184e3ab17a00d3	devices/message_device.cpp	468a7dae8d9b9f43f3477bc8784d014201e79af1	7e01b825097d2523e9344889128e33171cd45c20	d728495db0f421e44cc5dd74d5bcc93232b692ff9c553b518ca528867523acee	a0a67992c2f81da5b0d8dffeb9e21c0b009aec12e83909314fec2d4fe22d7e8e	historical-touchscreen-client	semantic-parent-diff-and-final-source/tests	corroborates	functional/who-8-video-door-entry-telephony/README.md	Guard Unit #8 address components removed from writer/tests and whereArgCnt corrected 3 to 2; final 5-second constant supersedes historical 3-second value
libqtdevices	1dbc0f7bb744ab3231ed91b1bf982ccab48d8911	24c4e7b41bbee32fcc311bd9a5184e3ab17a00d3	devices/test/test_message_device.cpp	b2d358bc2b085b380fc80176911acbe8437d7ea9	3d03e9f761e9ed6a368073e46148722189ab44e2	0faa551c53f230f1cf92c6b0342e4502b6d27b6703a85711d740fbc31d83613b	496d04c8246ca663a7e57086b552fc3927fe2a8871090bcd95987080101c79ec	historical-touchscreen-client	semantic-parent-diff-and-final-source/tests	corroborates	functional/who-8-video-door-entry-telephony/README.md	Guard Unit #8 address components removed from writer/tests and whereArgCnt corrected 3 to 2; final 5-second constant supersedes historical 3-second value
libqtdevices	1dbc0f7bb744ab3231ed91b1bf982ccab48d8911	24c4e7b41bbee32fcc311bd9a5184e3ab17a00d3	devices/test/test_message_device.h	0966855ab4924d9401e093b2ceca82fcbd2d96ba	e5ce2195fb9ed64925bbf46b405071c310271e96	afbfd1b4a58d9ec1624807f93235f208fded8c39234d02bfde51922dcbc23abe	1a1dc4b9b45fcb5b333bf1257026aa90529dcc64b3de3be496bb46f043e14b10	historical-touchscreen-client	semantic-parent-diff-and-final-source/tests	corroborates	functional/who-8-video-door-entry-telephony/README.md	Guard Unit #8 address components removed from writer/tests and whereArgCnt corrected 3 to 2; final 5-second constant supersedes historical 3-second value
libqtdevices	dc776a891f8ff9000b2b3db80962d4f0678b2fb2	6fe29e311803039b858cde946d9be820df9a0545	devices/entryphone_device.h	f9869844cd703a32df022c9a7dff797a77b0bd89	48630c2497728e569c6dd53cdc30fd41bc5142ea	907ff49a25e99ab96b907c2580c2db17753d0cde90c9f3116a7167c9e712bd3a	07076eb217ae8b3ee1bda32f8cb5e67307fbb400716fefca4db5127b60cc2454	historical-touchscreen-client	semantic-parent-diff-and-final-source/tests	corroborates	functional/who-8-video-door-entry-telephony/README.md	Readiness mode and audio/video assertions corrected to current enum values; exact established forms retained
libqtdevices	dc776a891f8ff9000b2b3db80962d4f0678b2fb2	6fe29e311803039b858cde946d9be820df9a0545	devices/test/test_entryphone_device.cpp	3909211304e4306add76c02f274fdd81fc923b65	48f22bbde19f1f9c8d3aa749f31c0f0034389a0c	1b8a4b31f4e436bdd158c64558b1af133b75a7de4af48fc4a93fd8d898496aa1	d31fd17b1912fed247dfd9e068b3bfd7e7ec9ca328ed6c7cbf1841aa27c184cc	historical-touchscreen-client	semantic-parent-diff-and-final-source/tests	corroborates	functional/who-8-video-door-entry-telephony/README.md	Readiness mode and audio/video assertions corrected to current enum values; exact established forms retained
libqtdevices	375432d1b89078c3ba72d354aca9106e552cad04	68e9c12bad5986493f0f180ff7a18eabee03bafa	devices/entryphone_device.cpp	1ac01de3bb603df3fb340402e31085d2cf5c4aa8	450eb9f650fc7ea4aabf3f48d75a032043f3f54c	5a7ec9da0ebe8285ce859ceb7c2cc04c74473ad00cb481a69ca0a42af052bada	0f4b407ce324a90535223c4b1dd62ed687fe7cb0d86d73349288ab448a28d2f5	historical-touchscreen-client	semantic-parent-diff-and-final-source/tests	corroborates	functional/who-8-video-door-entry-telephony/README.md	SCS resets local call state after sending end; IP waits for receive path; dangling-else correction and mode selection are client-generation behavior
libqtdevices	375432d1b89078c3ba72d354aca9106e552cad04	68e9c12bad5986493f0f180ff7a18eabee03bafa	devices/entryphone_device.h	6fc5319095045d568b679b6d6090c4c2462292b6	f9869844cd703a32df022c9a7dff797a77b0bd89	e62e4a7a64816a13c4d614e34eaa2d5922bdafa203d868ff86cbe270660f876d	907ff49a25e99ab96b907c2580c2db17753d0cde90c9f3116a7167c9e712bd3a	historical-touchscreen-client	semantic-parent-diff-and-final-source/tests	corroborates	functional/who-8-video-door-entry-telephony/README.md	SCS resets local call state after sending end; IP waits for receive path; dangling-else correction and mode selection are client-generation behavior
libqtdevices	68e9c12bad5986493f0f180ff7a18eabee03bafa	3aa62b8c12922660d3d037a7682086a77d231ed7	devices/entryphone_device.cpp	2d41367e3832085b61a7d6c057e501ec04c35770	1ac01de3bb603df3fb340402e31085d2cf5c4aa8	c03d87fb4c37c965c6cc5ff7d18aa93fa8cee7b42ec832af552ea1b6a8153811	5a7ec9da0ebe8285ce859ceb7c2cc04c74473ad00cb481a69ca0a42af052bada	historical-touchscreen-client	semantic-parent-diff-and-final-source/tests	corroborates	functional/who-8-video-door-entry-telephony/README.md	SCS resets local call state after sending end; IP waits for receive path; dangling-else correction and mode selection are client-generation behavior
libqtdevices	68e9c12bad5986493f0f180ff7a18eabee03bafa	3aa62b8c12922660d3d037a7682086a77d231ed7	devices/entryphone_device.h	1d674ba2878ca75a85b31224d531b5f88ad1b503	6fc5319095045d568b679b6d6090c4c2462292b6	746330be2c9df8a03876ea879366440e28f2cff332222ee3a6fc16e09ef55b77	e62e4a7a64816a13c4d614e34eaa2d5922bdafa203d868ff86cbe270660f876d	historical-touchscreen-client	semantic-parent-diff-and-final-source/tests	corroborates	functional/who-8-video-door-entry-telephony/README.md	SCS resets local call state after sending end; IP waits for receive path; dangling-else correction and mode selection are client-generation behavior
libqtdevices	7f6cd2e5543e6d22236b4c48bd408d5c9223bfe5	ff62402bc90c6c1467545c32a8357d111537e4f0	devices/entryphone_device.cpp	9f0bc35bf5736b648c9b780f773048dfcf71cba6	2d41367e3832085b61a7d6c057e501ec04c35770	cc93b463c9f402607e3eb08ef583e64c3e571906976200ff22c0bd81da2353c3	c03d87fb4c37c965c6cc5ff7d18aa93fa8cee7b42ec832af552ea1b6a8153811	historical-touchscreen-client	semantic-parent-diff-and-final-source/tests	incorporated	functional/who-8-video-door-entry-telephony/README.md	Floor-call ringtone returns before stored KIND/MMTYPE change; exact test preserves previous call fields
libqtdevices	7f6cd2e5543e6d22236b4c48bd408d5c9223bfe5	ff62402bc90c6c1467545c32a8357d111537e4f0	devices/test/test_entryphone_device.cpp	3cdfddc8000403e90d42216f2c237c40ff029564	3909211304e4306add76c02f274fdd81fc923b65	701eea247e6c8f4e3fe2f5d3bdc7be41a42d9636e30d5749f1c2677f44498307	1b8a4b31f4e436bdd158c64558b1af133b75a7de4af48fc4a93fd8d898496aa1	historical-touchscreen-client	semantic-parent-diff-and-final-source/tests	incorporated	functional/who-8-video-door-entry-telephony/README.md	Floor-call ringtone returns before stored KIND/MMTYPE change; exact test preserves previous call fields
libqtdevices	7f6cd2e5543e6d22236b4c48bd408d5c9223bfe5	ff62402bc90c6c1467545c32a8357d111537e4f0	devices/test/test_entryphone_device.h	aad26a3b19b70bca1be96addfdc6d6535cc2884c	810e6f441d96618b03be18adcb6909716e31a8e6	c741a8f0764b8a4655c247170d69fc3bd8b31389ab65173432ff99a3f4b9038b	c11991d343b5ab50bbfaefc2526a488c7b94f5689ef685139409db0e7e8264f2	historical-touchscreen-client	semantic-parent-diff-and-final-source/tests	incorporated	functional/who-8-video-door-entry-telephony/README.md	Floor-call ringtone returns before stored KIND/MMTYPE change; exact test preserves previous call fields
libqtdevices	4ec14e4b4bf7146dc0a4902a359734e8da5045fe	d0895ebd3048cc08b66e474bde51070aad1f222e	devices/test/test_entryphone_device.cpp	6cbecbc04d7cf78ce7879d82d524073537f9bcc8	3cdfddc8000403e90d42216f2c237c40ff029564	8b9216782caf4ff479dfc8f1fbff0e71c64b94c89f213decaebbecf6550a73c5	701eea247e6c8f4e3fe2f5d3bdc7be41a42d9636e30d5749f1c2677f44498307	historical-touchscreen-client	semantic-parent-diff-and-final-source/tests	corroborates	functional/who-8-video-door-entry-telephony/README.md	Readiness mode and audio/video assertions corrected to current enum values; exact established forms retained
libqtdevices	4ec14e4b4bf7146dc0a4902a359734e8da5045fe	d0895ebd3048cc08b66e474bde51070aad1f222e	devices/test/test_entryphone_device.h	0d231d0fbcf073aa4bf436d8cffe10c25f1b6b8d	aad26a3b19b70bca1be96addfdc6d6535cc2884c	b142626bba8bafa59f9547a18a33731d00cc83b3eefa04f16a62f152cab0517a	c741a8f0764b8a4655c247170d69fc3bd8b31389ab65173432ff99a3f4b9038b	historical-touchscreen-client	semantic-parent-diff-and-final-source/tests	corroborates	functional/who-8-video-door-entry-telephony/README.md	Readiness mode and audio/video assertions corrected to current enum values; exact established forms retained
libqtdevices	f64eae7e4a7f969359ccda6b982f7ec366bf7dab	4858b1d2d54daa9d47713bcc38fb52da686fc09d	devices/entryphone_device.cpp	677002b92ac4b4e4c77bb111fde3828a09161af3	9f0bc35bf5736b648c9b780f773048dfcf71cba6	6c2c0afd9d5a2e1cf0d6fcf1fa8979a96c94b92af6cd396a03918e20b9f58581	cc93b463c9f402607e3eb08ef583e64c3e571906976200ff22c0bd81da2353c3	historical-touchscreen-client	semantic-parent-diff-and-final-source/tests	incorporated	functional/who-8-video-door-entry-telephony/README.md	Floor-call ringtone returns before stored KIND/MMTYPE change; exact test preserves previous call fields
libqtdevices	721be68cf1af1445970e7907c7458c927692ce33	7c47ba7c24183e5e323ccd86d2a5da701e0fc585	devices/entryphone_device.cpp	568a5b05fafc398fec4848a0ebf3801d1a628b59	677002b92ac4b4e4c77bb111fde3828a09161af3	6a1935660859be4ed8d3af462e49a9c48deeefe9ac8ca2c36eeba0c68d23b105	6c2c0afd9d5a2e1cf0d6fcf1fa8979a96c94b92af6cd396a03918e20b9f58581	historical-touchscreen-client	semantic-parent-diff-and-final-source/tests	corroborates	functional/who-8-video-door-entry-telephony/README.md	Media type, intercom active state, idle lock routing, receive signal and initialization refactors checked against mature class; enum values and forced timeout test are local implementation choices
libqtdevices	721be68cf1af1445970e7907c7458c927692ce33	7c47ba7c24183e5e323ccd86d2a5da701e0fc585	devices/entryphone_device.h	92b2179018576284251d030d7879636188352256	1d674ba2878ca75a85b31224d531b5f88ad1b503	a460ad4b562a6b4d3fcca338acccad08dc4ec6cea81c02dcafcee87433c9bd2b	746330be2c9df8a03876ea879366440e28f2cff332222ee3a6fc16e09ef55b77	historical-touchscreen-client	semantic-parent-diff-and-final-source/tests	corroborates	functional/who-8-video-door-entry-telephony/README.md	Media type, intercom active state, idle lock routing, receive signal and initialization refactors checked against mature class; enum values and forced timeout test are local implementation choices
libqtdevices	507f25a2eacc7e87d82de97efe67241016fb7922	a09a70936913fec9e9f0c4a3aa314f1a0f38ed93	devices/entryphone_device.cpp	aeabf2ec1699e8c20a3d5502919f632d37ab46d4	568a5b05fafc398fec4848a0ebf3801d1a628b59	20c2ad6233f36809a46396a1c95f2d5bece2247f75e0d7bd92ffbc5eed7d6512	6a1935660859be4ed8d3af462e49a9c48deeefe9ac8ca2c36eeba0c68d23b105	historical-touchscreen-client	semantic-parent-diff-and-final-source/tests	corroborates	functional/who-8-video-door-entry-telephony/README.md	Frame helper delegation, parse interface and corrected timestamp/QString checksum path retain final established wire forms; transient conversion and internal event enums not generalized
libqtdevices	507f25a2eacc7e87d82de97efe67241016fb7922	a09a70936913fec9e9f0c4a3aa314f1a0f38ed93	devices/message_device.cpp	0f4e033bd579f8ac38cd794f5e6831ad9f72e5fb	468a7dae8d9b9f43f3477bc8784d014201e79af1	667a55f146ede2db40a6a53d00ce206395bb8cd7f5e0a854569ff9bd1bfc5d13	d728495db0f421e44cc5dd74d5bcc93232b692ff9c553b518ca528867523acee	historical-touchscreen-client	semantic-parent-diff-and-final-source/tests	corroborates	functional/who-8-video-door-entry-telephony/README.md	Frame helper delegation, parse interface and corrected timestamp/QString checksum path retain final established wire forms; transient conversion and internal event enums not generalized
libqtdevices	27e096f6ae1207713149a35d115025b9d3a7459c	35ed242890ded8c1b0c9ed50d7cc666a4ca8688d	devices/entryphone_device.cpp	a2dc6bfa662584a29835b2d46c4c516703f36b49	aeabf2ec1699e8c20a3d5502919f632d37ab46d4	eb7d5af5ddf53f8461602f826ec6261038b2083cb36ed1e07c3e8f2140b02b2e	20c2ad6233f36809a46396a1c95f2d5bece2247f75e0d7bd92ffbc5eed7d6512	historical-touchscreen-client	semantic-parent-diff-and-final-source/tests	corroborates	functional/who-8-video-door-entry-telephony/README.md	Media type, intercom active state, idle lock routing, receive signal and initialization refactors checked against mature class; enum values and forced timeout test are local implementation choices
libqtdevices	27e096f6ae1207713149a35d115025b9d3a7459c	35ed242890ded8c1b0c9ed50d7cc666a4ca8688d	devices/test/test_entryphone_device.cpp	2f47ccc747de3ec6fb6c937820ca9af2bbb5b8e8	6cbecbc04d7cf78ce7879d82d524073537f9bcc8	e2dbd9de00ea6966427dd91d32806327f420c734c2557c9721088f951843ad42	8b9216782caf4ff479dfc8f1fbff0e71c64b94c89f213decaebbecf6550a73c5	historical-touchscreen-client	semantic-parent-diff-and-final-source/tests	corroborates	functional/who-8-video-door-entry-telephony/README.md	Media type, intercom active state, idle lock routing, receive signal and initialization refactors checked against mature class; enum values and forced timeout test are local implementation choices
libqtdevices	35ed242890ded8c1b0c9ed50d7cc666a4ca8688d	2375aaacd670997dff4f2af808a701d3062f6679	devices/entryphone_device.cpp	1eb07b50eed5a1a998972733e8de39dae8aa8e4e	a2dc6bfa662584a29835b2d46c4c516703f36b49	5568d992573a72b51219ec3f649beea845f41e37ac370ceffb30be0d4703f399	eb7d5af5ddf53f8461602f826ec6261038b2083cb36ed1e07c3e8f2140b02b2e	historical-touchscreen-client	semantic-parent-diff-and-final-source/tests	corroborates	functional/who-8-video-door-entry-telephony/README.md	Media type, intercom active state, idle lock routing, receive signal and initialization refactors checked against mature class; enum values and forced timeout test are local implementation choices
libqtdevices	35ed242890ded8c1b0c9ed50d7cc666a4ca8688d	2375aaacd670997dff4f2af808a701d3062f6679	devices/entryphone_device.h	25918658859359c208f155f00f655709f33c87a0	92b2179018576284251d030d7879636188352256	80600f1325bf3918ddc38c0372cb6a500068903706b4521d3867c957127ca4a7	a460ad4b562a6b4d3fcca338acccad08dc4ec6cea81c02dcafcee87433c9bd2b	historical-touchscreen-client	semantic-parent-diff-and-final-source/tests	corroborates	functional/who-8-video-door-entry-telephony/README.md	Media type, intercom active state, idle lock routing, receive signal and initialization refactors checked against mature class; enum values and forced timeout test are local implementation choices
libqtdevices	35ed242890ded8c1b0c9ed50d7cc666a4ca8688d	2375aaacd670997dff4f2af808a701d3062f6679	devices/test/test_entryphone_device.cpp	3e145e6408751a53753c1dee5592c404f032a919	2f47ccc747de3ec6fb6c937820ca9af2bbb5b8e8	402833ece4238c6a276b87a55e43469ba69107856d9c11b4cb18d25ffd7cacea	e2dbd9de00ea6966427dd91d32806327f420c734c2557c9721088f951843ad42	historical-touchscreen-client	semantic-parent-diff-and-final-source/tests	corroborates	functional/who-8-video-door-entry-telephony/README.md	Media type, intercom active state, idle lock routing, receive signal and initialization refactors checked against mature class; enum values and forced timeout test are local implementation choices
libqtdevices	35ed242890ded8c1b0c9ed50d7cc666a4ca8688d	2375aaacd670997dff4f2af808a701d3062f6679	devices/test/test_entryphone_device.h	5c412db5d32231918abf0026e21bdd2d80407202	0d231d0fbcf073aa4bf436d8cffe10c25f1b6b8d	0e2f4727e4801d97effbeda0e8ae79b4252bf195640e1ab12d70dad51ea238b4	b142626bba8bafa59f9547a18a33731d00cc83b3eefa04f16a62f152cab0517a	historical-touchscreen-client	semantic-parent-diff-and-final-source/tests	corroborates	functional/who-8-video-door-entry-telephony/README.md	Media type, intercom active state, idle lock routing, receive signal and initialization refactors checked against mature class; enum values and forced timeout test are local implementation choices
libqtdevices	5f99eaec3441d88414cf8b744fd1e5b6e9e36b51	5f2e89ecf41a1760315c69f56ecebb51ccda925a	devices/entryphone_device.h	894af04e1de1dbe1bba0e8d2604b83a998d51e7d	25918658859359c208f155f00f655709f33c87a0	244194013b4543f4a026f20fb640324ab5916267a9c0d98d66626d73ee6c6592	80600f1325bf3918ddc38c0372cb6a500068903706b4521d3867c957127ca4a7	historical-touchscreen-client	semantic-parent-diff-and-final-source/tests	excluded	-	Documentation movement/formatting, removed comments or licence only; timeout/byte-count/checksum descriptions checked against executable values and stale comments not promoted
libqtdevices	6bb50c64371d9809e1e5e94afc50f5ecf520fda0	e158c8e05192d1458358e2892f05bc8c67c13010	devices/entryphone_device.cpp	d343b649e244c90ea138b9a73341cd99701f5886	1eb07b50eed5a1a998972733e8de39dae8aa8e4e	ee0f3bca17a298968b74d66d3d9a3c518bc4c92adf43bb525bfb23be219b1b39	5568d992573a72b51219ec3f649beea845f41e37ac370ceffb30be0d4703f399	historical-touchscreen-client	semantic-parent-diff-and-final-source/tests	corroborates	functional/who-8-video-door-entry-telephony/README.md	Media type, intercom active state, idle lock routing, receive signal and initialization refactors checked against mature class; enum values and forced timeout test are local implementation choices
libqtdevices	6bb50c64371d9809e1e5e94afc50f5ecf520fda0	e158c8e05192d1458358e2892f05bc8c67c13010	devices/entryphone_device.h	6a0220ead119903ece859963e5d59228bacc810e	894af04e1de1dbe1bba0e8d2604b83a998d51e7d	5e9d2990f9e5c8aaf9c2b5b9eaad62c246e63c0652c224ece21d814d2b5221dc	244194013b4543f4a026f20fb640324ab5916267a9c0d98d66626d73ee6c6592	historical-touchscreen-client	semantic-parent-diff-and-final-source/tests	corroborates	functional/who-8-video-door-entry-telephony/README.md	Media type, intercom active state, idle lock routing, receive signal and initialization refactors checked against mature class; enum values and forced timeout test are local implementation choices
libqtdevices	6bb50c64371d9809e1e5e94afc50f5ecf520fda0	e158c8e05192d1458358e2892f05bc8c67c13010	devices/test/test_entryphone_device.cpp	2ce113a958b1094d2a5f81b14806f3f5cf989907	3e145e6408751a53753c1dee5592c404f032a919	452dc8198ecd6d04f568fb598cae4a5eaed70dec2f892af2b4ff8ef326d5b4f8	402833ece4238c6a276b87a55e43469ba69107856d9c11b4cb18d25ffd7cacea	historical-touchscreen-client	semantic-parent-diff-and-final-source/tests	corroborates	functional/who-8-video-door-entry-telephony/README.md	Media type, intercom active state, idle lock routing, receive signal and initialization refactors checked against mature class; enum values and forced timeout test are local implementation choices
libqtdevices	4c0d9d77266b35320ea1c68259b5b8e314cef17e	a980e20ed3f832e1592cf8fb4f4751f73c44e7a2	devices/entryphone_device.cpp	45aa47b8810372a3e32ee91f511da9f5f4cf36e7	d343b649e244c90ea138b9a73341cd99701f5886	4ec2cd4a2810962c57b68abbc357f0f91f5bb4bff548b2ff6cecdb9664a87735	ee0f3bca17a298968b74d66d3d9a3c518bc4c92adf43bb525bfb23be219b1b39	historical-touchscreen-client	semantic-parent-diff-and-final-source/tests	corroborates	functional/who-8-video-door-entry-telephony/README.md	Media type, intercom active state, idle lock routing, receive signal and initialization refactors checked against mature class; enum values and forced timeout test are local implementation choices
libqtdevices	4c0d9d77266b35320ea1c68259b5b8e314cef17e	a980e20ed3f832e1592cf8fb4f4751f73c44e7a2	devices/entryphone_device.h	3dd071c2471bbf73f5c6c7b2e964adad911ebb01	6a0220ead119903ece859963e5d59228bacc810e	f77c1558b1a84db960d8874825a93f4d80bd6bbd2724488b5f4d845895d03438	5e9d2990f9e5c8aaf9c2b5b9eaad62c246e63c0652c224ece21d814d2b5221dc	historical-touchscreen-client	semantic-parent-diff-and-final-source/tests	corroborates	functional/who-8-video-door-entry-telephony/README.md	Media type, intercom active state, idle lock routing, receive signal and initialization refactors checked against mature class; enum values and forced timeout test are local implementation choices
libqtdevices	933ae5969ee7240b1863dd2522cb21c02040d75e	0b34b47a683749cb21b3ba2169d2a80f41a3dd53	devices/entryphone_device.cpp	ad9d1906fb24f9eb195547372e5947d319da82bd	45aa47b8810372a3e32ee91f511da9f5f4cf36e7	85890aed1b52d8afdef06dab6348e38d70f0f3dd3f8f8af27b4198509d4a56ee	4ec2cd4a2810962c57b68abbc357f0f91f5bb4bff548b2ff6cecdb9664a87735	historical-touchscreen-client	semantic-parent-diff-and-final-source/tests	excluded	-	Added/reverted debug output or assertion diagnostic name; no new wire or state behavior
libqtdevices	5250677ee408ec79bfe42c12b6c25fa2611275d0	17b35cc00d9b2ca2793ebf5172da6ef40f644a47	devices/entryphone_device.cpp	5d650ac5f8ce326ff675efb870f42055723c260c	ad9d1906fb24f9eb195547372e5947d319da82bd	05812090041e4a751085f73f2aa0104ad79725723c0bbde92d4f9ab2b868ecb2	85890aed1b52d8afdef06dab6348e38d70f0f3dd3f8f8af27b4198509d4a56ee	historical-touchscreen-client	semantic-parent-diff-and-final-source/tests	corroborates	functional/who-8-video-door-entry-telephony/README.md	Media type, intercom active state, idle lock routing, receive signal and initialization refactors checked against mature class; enum values and forced timeout test are local implementation choices
libqtdevices	09bc4d35ebcc4913000316efe48170ede588a594	fa92724b4635ec9415e2f4e9992b2039f39f3049	devices/entryphone_device.cpp	ff9322a09d5d9acc9233e3a7f5f3146fdda912a0	5d650ac5f8ce326ff675efb870f42055723c260c	830f17e097dbf7ed50397514ab4025912b76b85f80df5258a37f9841e5cd9c22	05812090041e4a751085f73f2aa0104ad79725723c0bbde92d4f9ab2b868ecb2	historical-touchscreen-client	semantic-parent-diff-and-final-source/tests	corroborates	functional/who-8-video-door-entry-telephony/README.md	Media type, intercom active state, idle lock routing, receive signal and initialization refactors checked against mature class; enum values and forced timeout test are local implementation choices
libqtdevices	09bc4d35ebcc4913000316efe48170ede588a594	fa92724b4635ec9415e2f4e9992b2039f39f3049	devices/test/test_entryphone_device.cpp	e0bcccfcfb986faa8423c1bdc18697df2a353804	2ce113a958b1094d2a5f81b14806f3f5cf989907	f96ff04446d9cbb9cb282b0df62b5a8a07dd8e3678b9944e324e0a127034786e	452dc8198ecd6d04f568fb598cae4a5eaed70dec2f892af2b4ff8ef326d5b4f8	historical-touchscreen-client	semantic-parent-diff-and-final-source/tests	corroborates	functional/who-8-video-door-entry-telephony/README.md	Media type, intercom active state, idle lock routing, receive signal and initialization refactors checked against mature class; enum values and forced timeout test are local implementation choices
libqtdevices	09bc4d35ebcc4913000316efe48170ede588a594	fa92724b4635ec9415e2f4e9992b2039f39f3049	devices/test/test_entryphone_device.h	cbb03fd8673d8ec4cf40f2d6dbd033141a886166	5c412db5d32231918abf0026e21bdd2d80407202	4be99ff9438d463dac3951ac276ed0b4d5a1160205692e9724397f89e6b9d4c9	0e2f4727e4801d97effbeda0e8ae79b4252bf195640e1ab12d70dad51ea238b4	historical-touchscreen-client	semantic-parent-diff-and-final-source/tests	corroborates	functional/who-8-video-door-entry-telephony/README.md	Media type, intercom active state, idle lock routing, receive signal and initialization refactors checked against mature class; enum values and forced timeout test are local implementation choices
libqtdevices	3ee002e890cac72420b06a5f09bd3c4b7a258b9a	4275775b8a30069c164c191cbe08e37908dfdcbb	devices/entryphone_device.cpp	3d81bca0e4d8e3872f7fdf64b7a92eb1c43230e5	ff9322a09d5d9acc9233e3a7f5f3146fdda912a0	55908dd19a8e933bb2fcc159f91e3d4f9d7d78a761bad947c409e0319a9dcb50	830f17e097dbf7ed50397514ab4025912b76b85f80df5258a37f9841e5cd9c22	historical-touchscreen-client	semantic-parent-diff-and-final-source/tests	corroborates	functional/who-8-video-door-entry-telephony/README.md	Media type, intercom active state, idle lock routing, receive signal and initialization refactors checked against mature class; enum values and forced timeout test are local implementation choices
libqtdevices	3ee002e890cac72420b06a5f09bd3c4b7a258b9a	4275775b8a30069c164c191cbe08e37908dfdcbb	devices/entryphone_device.h	080bfbe0e0a4143159ad021378b6d1fbf0b65869	3dd071c2471bbf73f5c6c7b2e964adad911ebb01	79193f5ea8c8c97f38cbcc4c2a45583e6dd304b0b82d52d728adda0920977cb6	f77c1558b1a84db960d8874825a93f4d80bd6bbd2724488b5f4d845895d03438	historical-touchscreen-client	semantic-parent-diff-and-final-source/tests	corroborates	functional/who-8-video-door-entry-telephony/README.md	Media type, intercom active state, idle lock routing, receive signal and initialization refactors checked against mature class; enum values and forced timeout test are local implementation choices
libqtdevices	3ee002e890cac72420b06a5f09bd3c4b7a258b9a	4275775b8a30069c164c191cbe08e37908dfdcbb	devices/test/test_entryphone_device.cpp	4b70dc629ef288e9cf208b738236a5ba1b89f599	e0bcccfcfb986faa8423c1bdc18697df2a353804	53a6bada2903bd99d6323b153eae32099c264b1c309bfd69e358a99835cbbec6	f96ff04446d9cbb9cb282b0df62b5a8a07dd8e3678b9944e324e0a127034786e	historical-touchscreen-client	semantic-parent-diff-and-final-source/tests	corroborates	functional/who-8-video-door-entry-telephony/README.md	Media type, intercom active state, idle lock routing, receive signal and initialization refactors checked against mature class; enum values and forced timeout test are local implementation choices
libqtdevices	3ee002e890cac72420b06a5f09bd3c4b7a258b9a	4275775b8a30069c164c191cbe08e37908dfdcbb	devices/test/test_entryphone_device.h	d189823e5b372a2f128429e960ab3cbf7a64651a	cbb03fd8673d8ec4cf40f2d6dbd033141a886166	92bb28c9175dfe37cb2f9543ed33a00f0135793ade3ddbdfec41509adcc5f35c	4be99ff9438d463dac3951ac276ed0b4d5a1160205692e9724397f89e6b9d4c9	historical-touchscreen-client	semantic-parent-diff-and-final-source/tests	corroborates	functional/who-8-video-door-entry-telephony/README.md	Media type, intercom active state, idle lock routing, receive signal and initialization refactors checked against mature class; enum values and forced timeout test are local implementation choices
libqtdevices	4275775b8a30069c164c191cbe08e37908dfdcbb	d3ad716e250f1292b24535cf91011c7b4750fcfa	devices/entryphone_device.cpp	be6de94f9999cf9653435c0dd6535cf4943a1158	3d81bca0e4d8e3872f7fdf64b7a92eb1c43230e5	f85abe96d66e490a0e6e00edf2ad8246b8922a12a1b9bf36dfb60f7371364c6b	55908dd19a8e933bb2fcc159f91e3d4f9d7d78a761bad947c409e0319a9dcb50	historical-touchscreen-client	semantic-parent-diff-and-final-source/tests	corroborates	functional/who-8-video-door-entry-telephony/README.md	Media type, intercom active state, idle lock routing, receive signal and initialization refactors checked against mature class; enum values and forced timeout test are local implementation choices
libqtdevices	4275775b8a30069c164c191cbe08e37908dfdcbb	d3ad716e250f1292b24535cf91011c7b4750fcfa	devices/entryphone_device.h	4f13a3d240b94ade2ac4394c0ee0e79b5472b22b	080bfbe0e0a4143159ad021378b6d1fbf0b65869	3e5db06ddeb7d31de992edfecccb5db8a1b4f5d0bf6437e10b6883e6d0fe4050	79193f5ea8c8c97f38cbcc4c2a45583e6dd304b0b82d52d728adda0920977cb6	historical-touchscreen-client	semantic-parent-diff-and-final-source/tests	corroborates	functional/who-8-video-door-entry-telephony/README.md	Media type, intercom active state, idle lock routing, receive signal and initialization refactors checked against mature class; enum values and forced timeout test are local implementation choices
libqtdevices	109807959e83fa4ff3e2e923a3222f67753330ae	bb1ed5c36a8179bc820d5685387030534573e997	devices/message_device.cpp	e661adf38537c044dd36a8481e4f4be77e3f07df	0f4e033bd579f8ac38cd794f5e6831ad9f72e5fb	d316bdf998a97762072c715a7c5b10821397416c8d4cbf4420c2c3abb3bd1bdc	667a55f146ede2db40a6a53d00ce206395bb8cd7f5e0a854569ff9bd1bfc5d13	historical-touchscreen-client	semantic-parent-diff-and-final-source/tests	corroborates	functional/who-8-video-door-entry-telephony/README.md	Media type, intercom active state, idle lock routing, receive signal and initialization refactors checked against mature class; enum values and forced timeout test are local implementation choices
libqtdevices	ef694b56fd9363dd750cbc11f6fcbe1b8edbdb6e	628bede43d443c393ef2ffb1fb22129a0a613ed0	devices/test/test_message_device.cpp	595424b46fa1489496e911903ca61d5082d67080	b2d358bc2b085b380fc80176911acbe8437d7ea9	bfa5315b7a12e7920d9946b7d099299933702c3c797678f7c6fc7fcda5c92f2a	0faa551c53f230f1cf92c6b0342e4502b6d27b6703a85711d740fbc31d83613b	historical-touchscreen-client	semantic-parent-diff-and-final-source/tests	corroborates	functional/who-8-video-door-entry-telephony/README.md	Media type, intercom active state, idle lock routing, receive signal and initialization refactors checked against mature class; enum values and forced timeout test are local implementation choices
libqtdevices	ef694b56fd9363dd750cbc11f6fcbe1b8edbdb6e	628bede43d443c393ef2ffb1fb22129a0a613ed0	devices/test/test_message_device.h	66048fd7d56df53bc46748f08c45f1239fd19562	0966855ab4924d9401e093b2ceca82fcbd2d96ba	57cd0eed716e87eb3a93834238890563a436a8b4a4e3d226fe24e365b220f1c0	afbfd1b4a58d9ec1624807f93235f208fded8c39234d02bfde51922dcbc23abe	historical-touchscreen-client	semantic-parent-diff-and-final-source/tests	corroborates	functional/who-8-video-door-entry-telephony/README.md	Media type, intercom active state, idle lock routing, receive signal and initialization refactors checked against mature class; enum values and forced timeout test are local implementation choices
libqtdevices	628bede43d443c393ef2ffb1fb22129a0a613ed0	fe21ae2e6fd03ea41f0ffff2be55e70a07f7656b	devices/entryphone_device.cpp	6f85074918bfa73b15562a5e74d2a2306666ce80	be6de94f9999cf9653435c0dd6535cf4943a1158	796edc94c29a934d1d8254891c8e7af541f75ce06075c8efc6fd2316a349511c	f85abe96d66e490a0e6e00edf2ad8246b8922a12a1b9bf36dfb60f7371364c6b	historical-touchscreen-client	semantic-parent-diff-and-final-source/tests	corroborates	functional/who-8-video-door-entry-telephony/README.md	Media type, intercom active state, idle lock routing, receive signal and initialization refactors checked against mature class; enum values and forced timeout test are local implementation choices
libqtdevices	fe21ae2e6fd03ea41f0ffff2be55e70a07f7656b	c5e811361ef67d5ed4adb5d223490b81d165d6a9	devices/entryphone_device.cpp	2efe1b60f8f40dcac4bdaa8a653ac6001a962d92	6f85074918bfa73b15562a5e74d2a2306666ce80	f464c81cea5e9a0845a95c7905a0dc83fcfb5137ea51cd095e86b76a042940bf	796edc94c29a934d1d8254891c8e7af541f75ce06075c8efc6fd2316a349511c	historical-touchscreen-client	semantic-parent-diff-and-final-source/tests	corroborates	functional/who-8-video-door-entry-telephony/README.md	Media type, intercom active state, idle lock routing, receive signal and initialization refactors checked against mature class; enum values and forced timeout test are local implementation choices
libqtdevices	fe21ae2e6fd03ea41f0ffff2be55e70a07f7656b	c5e811361ef67d5ed4adb5d223490b81d165d6a9	devices/message_device.cpp	bddb40234e49a4e06b5f43e7670164aebf00566d	e661adf38537c044dd36a8481e4f4be77e3f07df	16a4339e03de82bfeeed6194ff2bdbb1839644d8d01b52e0205967207662daf9	d316bdf998a97762072c715a7c5b10821397416c8d4cbf4420c2c3abb3bd1bdc	historical-touchscreen-client	semantic-parent-diff-and-final-source/tests	corroborates	functional/who-8-video-door-entry-telephony/README.md	Media type, intercom active state, idle lock routing, receive signal and initialization refactors checked against mature class; enum values and forced timeout test are local implementation choices
libqtdevices	fe21ae2e6fd03ea41f0ffff2be55e70a07f7656b	c5e811361ef67d5ed4adb5d223490b81d165d6a9	devices/message_device.h	df426827860eceea50de63dd5fd6edb206a43687	97889dd67b929b44184944a37b8b3f9357e3943e	7e74c8e8e40aa7b11bcc0d9917bf68806addfc20bcb2bcd7a44d1c2da29f9190	a4dca748b1c4c0ff0ea6897a8c2af6d58082d3c53160736ded4d730c6f341048	historical-touchscreen-client	semantic-parent-diff-and-final-source/tests	corroborates	functional/who-8-video-door-entry-telephony/README.md	Media type, intercom active state, idle lock routing, receive signal and initialization refactors checked against mature class; enum values and forced timeout test are local implementation choices
libqtdevices	45a0b73e82863ba3bd046d28daa2d54b25538083	ba29a7cb0d6280c7e656b948f923dc1ea1c190eb	devices/message_device.cpp	d0c7b3af7fd96e51dbf31c1ac3baa622ac216fa5	bddb40234e49a4e06b5f43e7670164aebf00566d	c5513b6fde7ed0d6750ec113941a8e5f7d3fd073a65e2b398a609536578d4b53	16a4339e03de82bfeeed6194ff2bdbb1839644d8d01b52e0205967207662daf9	historical-touchscreen-client	semantic-parent-diff-and-final-source/tests	corroborates	functional/who-8-video-door-entry-telephony/README.md	Frame helper delegation, parse interface and corrected timestamp/QString checksum path retain final established wire forms; transient conversion and internal event enums not generalized
libqtdevices	66258ca72932e2fa186336d8c776fbd9e3ca02dd	e70b740605dc0db541321f27df0fd9c34f7db1e3	devices/entryphone_device.cpp	4b6028681f3c6947c788f59d43c6c002cc0bfddc	2efe1b60f8f40dcac4bdaa8a653ac6001a962d92	5d488c2d20593417fb4758bc092e940c2f2e366b522df9f4a4edce6ae2ca2fcb	f464c81cea5e9a0845a95c7905a0dc83fcfb5137ea51cd095e86b76a042940bf	historical-touchscreen-client	semantic-parent-diff-and-final-source/tests	corroborates	functional/who-8-video-door-entry-telephony/README.md	Media type, intercom active state, idle lock routing, receive signal and initialization refactors checked against mature class; enum values and forced timeout test are local implementation choices
libqtdevices	66258ca72932e2fa186336d8c776fbd9e3ca02dd	e70b740605dc0db541321f27df0fd9c34f7db1e3	devices/message_device.cpp	203859e984feba8128c3bacc202e9007bb0fbf3f	d0c7b3af7fd96e51dbf31c1ac3baa622ac216fa5	c865cfce93884bfcca3e21fdac25e12e31529c29eb1168d9f486964d556bc32f	c5513b6fde7ed0d6750ec113941a8e5f7d3fd073a65e2b398a609536578d4b53	historical-touchscreen-client	semantic-parent-diff-and-final-source/tests	corroborates	functional/who-8-video-door-entry-telephony/README.md	Media type, intercom active state, idle lock routing, receive signal and initialization refactors checked against mature class; enum values and forced timeout test are local implementation choices
libqtdevices	66258ca72932e2fa186336d8c776fbd9e3ca02dd	e70b740605dc0db541321f27df0fd9c34f7db1e3	devices/message_device.h	24c14aa5556b86c565a97041b5f377fecccb4b15	df426827860eceea50de63dd5fd6edb206a43687	d242d1efd367e639906391aa52b17e218dc30b817415a589d45ab2f40499dbcc	7e74c8e8e40aa7b11bcc0d9917bf68806addfc20bcb2bcd7a44d1c2da29f9190	historical-touchscreen-client	semantic-parent-diff-and-final-source/tests	corroborates	functional/who-8-video-door-entry-telephony/README.md	Media type, intercom active state, idle lock routing, receive signal and initialization refactors checked against mature class; enum values and forced timeout test are local implementation choices
libqtdevices	26ac3030841e8f890ddcaf795bc0f29f6b4b24b5	c93bb18d687af5c32853547b4eb219532be78c1f	devices/message_device.cpp	6017c869827dff44f5868eb61de7c96117cb2ac5	203859e984feba8128c3bacc202e9007bb0fbf3f	5e8534749ff6bf0cfd1835762efe860663cd3702ce2191ad55d70b4a5cd4b983	c865cfce93884bfcca3e21fdac25e12e31529c29eb1168d9f486964d556bc32f	historical-touchscreen-client	semantic-parent-diff-and-final-source/tests	excluded	-	Documentation movement/formatting, removed comments or licence only; timeout/byte-count/checksum descriptions checked against executable values and stale comments not promoted
libqtdevices	26ac3030841e8f890ddcaf795bc0f29f6b4b24b5	c93bb18d687af5c32853547b4eb219532be78c1f	devices/message_device.h	9640661edaf150deb77393ef7093df3c4ddf3743	24c14aa5556b86c565a97041b5f377fecccb4b15	d65ac3607a22921c7dbb7ae80f69ec1e7d9468f1168e45460fa78547c91e69c7	d242d1efd367e639906391aa52b17e218dc30b817415a589d45ab2f40499dbcc	historical-touchscreen-client	semantic-parent-diff-and-final-source/tests	excluded	-	Documentation movement/formatting, removed comments or licence only; timeout/byte-count/checksum descriptions checked against executable values and stale comments not promoted
libqtdevices	80aa50d5ed7caaa850ea1c848122683c10718739	ef62372f15f830f278f4ef973dbb7104efefa03f	devices/message_device.cpp	36c3adb168222ea9ede5ca05126276fff0dad932	6017c869827dff44f5868eb61de7c96117cb2ac5	2e4d9d12ab9aa16b56044730255ac0f8b6a1c07cc407a2976b5c52c7faf72791	5e8534749ff6bf0cfd1835762efe860663cd3702ce2191ad55d70b4a5cd4b983	historical-touchscreen-client	semantic-parent-diff-and-final-source/tests	corroborates	functional/who-8-video-door-entry-telephony/README.md	Message receiver no longer fixed to constructor address; address selection remains local receive state, not complete destination-validation guarantee
libqtdevices	80aa50d5ed7caaa850ea1c848122683c10718739	ef62372f15f830f278f4ef973dbb7104efefa03f	devices/message_device.h	c49f5af9e1c393e14a35a3525d2975608c0ca710	9640661edaf150deb77393ef7093df3c4ddf3743	720bdf8f90147a59ce8a88afe1a4236436ca8f2e702e8345fe83c502e999da31	d65ac3607a22921c7dbb7ae80f69ec1e7d9468f1168e45460fa78547c91e69c7	historical-touchscreen-client	semantic-parent-diff-and-final-source/tests	corroborates	functional/who-8-video-door-entry-telephony/README.md	Message receiver no longer fixed to constructor address; address selection remains local receive state, not complete destination-validation guarantee
libqtdevices	80aa50d5ed7caaa850ea1c848122683c10718739	ef62372f15f830f278f4ef973dbb7104efefa03f	devices/test/test_message_device.cpp	5bc5f4ff7ad3ce0e4bc186e95a5090dc2871c42a	595424b46fa1489496e911903ca61d5082d67080	9ce6c8363d1d7ad91f81b3f64275b181a63b6546e295bd6cf0b70dfe44118287	bfa5315b7a12e7920d9946b7d099299933702c3c797678f7c6fc7fcda5c92f2a	historical-touchscreen-client	semantic-parent-diff-and-final-source/tests	corroborates	functional/who-8-video-door-entry-telephony/README.md	Message receiver no longer fixed to constructor address; address selection remains local receive state, not complete destination-validation guarantee
libqtdevices	ef62372f15f830f278f4ef973dbb7104efefa03f	68a728ba5d25d2a43660ecf5f3c1a96a9335131f	devices/test/test_message_device.cpp	794cdf8c51120ff9cb2ce054bc3c2908fa009c2f	5bc5f4ff7ad3ce0e4bc186e95a5090dc2871c42a	2639a896a066f28d9daed8ea5ad761fd721725f0a3cbe3342fa876d30ed79904	9ce6c8363d1d7ad91f81b3f64275b181a63b6546e295bd6cf0b70dfe44118287	historical-touchscreen-client	semantic-parent-diff-and-final-source/tests	incorporated	functional/who-8-video-door-entry-telephony/README.md	Message struct/operator equality added then used by QCOMPARE; equality compares m2.text with itself, weakening text assertions; direct parse helper and buffer assertions retain verified content evidence
libqtdevices	68a728ba5d25d2a43660ecf5f3c1a96a9335131f	51b04eb809345d5f8f6ea7b05c4f94ffeaa0310b	devices/message_device.cpp	9eceae3589149a9c53164de945a53a6274b25bbf	36c3adb168222ea9ede5ca05126276fff0dad932	988f60ac8241ca61b4c5fe424e50e22ddaee37a0f136b0ac35f6abaffd206579	2e4d9d12ab9aa16b56044730255ac0f8b6a1c07cc407a2976b5c52c7faf72791	historical-touchscreen-client	semantic-parent-diff-and-final-source/tests	corroborates	functional/who-8-video-door-entry-telephony/README.md	Frame helper delegation, parse interface and corrected timestamp/QString checksum path retain final established wire forms; transient conversion and internal event enums not generalized
libqtdevices	0c785c9517a843c32abd58f261d1148357ad2e44	5ccd17cd861deca5868e9cd1e49eaa69044505dd	devices/message_device.cpp	a171f33aa619f2531456c42caf574d1133438585	9eceae3589149a9c53164de945a53a6274b25bbf	f398785529ce5c29a2e2dc18af60399e5819f02c980c39010b21528cbc82f110	988f60ac8241ca61b4c5fe424e50e22ddaee37a0f136b0ac35f6abaffd206579	historical-touchscreen-client	semantic-parent-diff-and-final-source/tests	incorporated	functional/who-8-video-door-entry-telephony/README.md	Message struct/operator equality added then used by QCOMPARE; equality compares m2.text with itself, weakening text assertions; direct parse helper and buffer assertions retain verified content evidence
libqtdevices	0c785c9517a843c32abd58f261d1148357ad2e44	5ccd17cd861deca5868e9cd1e49eaa69044505dd	devices/message_device.h	cdf7452ebc898142c53b207dc8c3020fe92f3879	c49f5af9e1c393e14a35a3525d2975608c0ca710	0a879764c5906d53bd0448e110f79aeed3b0fb95471bcbdc8928460085d32117	720bdf8f90147a59ce8a88afe1a4236436ca8f2e702e8345fe83c502e999da31	historical-touchscreen-client	semantic-parent-diff-and-final-source/tests	incorporated	functional/who-8-video-door-entry-telephony/README.md	Message struct/operator equality added then used by QCOMPARE; equality compares m2.text with itself, weakening text assertions; direct parse helper and buffer assertions retain verified content evidence
libqtdevices	0c785c9517a843c32abd58f261d1148357ad2e44	5ccd17cd861deca5868e9cd1e49eaa69044505dd	devices/test/test_message_device.cpp	c835ae6ec0a2cbe1eeb023cee3e9402998ea21ae	794cdf8c51120ff9cb2ce054bc3c2908fa009c2f	dbd28a658a17375fca8c1b872b24d78722ce2f147de510d080392081cd64cd67	2639a896a066f28d9daed8ea5ad761fd721725f0a3cbe3342fa876d30ed79904	historical-touchscreen-client	semantic-parent-diff-and-final-source/tests	incorporated	functional/who-8-video-door-entry-telephony/README.md	Message struct/operator equality added then used by QCOMPARE; equality compares m2.text with itself, weakening text assertions; direct parse helper and buffer assertions retain verified content evidence
libqtdevices	0c785c9517a843c32abd58f261d1148357ad2e44	5ccd17cd861deca5868e9cd1e49eaa69044505dd	devices/test/test_message_device.h	50edc96d882ad98e346f8ed7aac882efa921917c	66048fd7d56df53bc46748f08c45f1239fd19562	18b8e9c4e228cf1bdbed28aad926c449a31cd3b10cad8fb04920eeb3bbd27134	57cd0eed716e87eb3a93834238890563a436a8b4a4e3d226fe24e365b220f1c0	historical-touchscreen-client	semantic-parent-diff-and-final-source/tests	incorporated	functional/who-8-video-door-entry-telephony/README.md	Message struct/operator equality added then used by QCOMPARE; equality compares m2.text with itself, weakening text assertions; direct parse helper and buffer assertions retain verified content evidence
libqtdevices	5ccd17cd861deca5868e9cd1e49eaa69044505dd	8042334749097d4584fb0d1554bc890ee01ff95c	devices/message_device.cpp	e82c183f6ef2d59a7747658005b000d25b98efbf	a171f33aa619f2531456c42caf574d1133438585	97697a5d62f6de9d9a215a835a23a8df11f793718eb5e5d006fb0f1581821d9b	f398785529ce5c29a2e2dc18af60399e5819f02c980c39010b21528cbc82f110	historical-touchscreen-client	semantic-parent-diff-and-final-source/tests	corroborates	functional/who-8-video-door-entry-telephony/README.md	Guard Unit begin/busy, checksum byte order, character append, timeout cleanup and reply syntax established; earliest char/UTF8/checksum stubs superseded
libqtdevices	5ccd17cd861deca5868e9cd1e49eaa69044505dd	8042334749097d4584fb0d1554bc890ee01ff95c	devices/message_device.h	9af0511beab3049f57fa08ba6f395b18a8144b01	cdf7452ebc898142c53b207dc8c3020fe92f3879	a7499bdb80b08e63b15756f039e89e3e549e0ccadc2865e83c8b330e0dd4a426	0a879764c5906d53bd0448e110f79aeed3b0fb95471bcbdc8928460085d32117	historical-touchscreen-client	semantic-parent-diff-and-final-source/tests	corroborates	functional/who-8-video-door-entry-telephony/README.md	Guard Unit begin/busy, checksum byte order, character append, timeout cleanup and reply syntax established; earliest char/UTF8/checksum stubs superseded
libqtdevices	5ccd17cd861deca5868e9cd1e49eaa69044505dd	8042334749097d4584fb0d1554bc890ee01ff95c	devices/test/test_message_device.cpp	06b9f56e735bc55b0c806d1480cf234cef79119a	c835ae6ec0a2cbe1eeb023cee3e9402998ea21ae	0975549a47e8226c6ccf79916e7e6068c8f41dabccc88136ea1161e94d020250	dbd28a658a17375fca8c1b872b24d78722ce2f147de510d080392081cd64cd67	historical-touchscreen-client	semantic-parent-diff-and-final-source/tests	corroborates	functional/who-8-video-door-entry-telephony/README.md	Guard Unit begin/busy, checksum byte order, character append, timeout cleanup and reply syntax established; earliest char/UTF8/checksum stubs superseded
libqtdevices	5ccd17cd861deca5868e9cd1e49eaa69044505dd	8042334749097d4584fb0d1554bc890ee01ff95c	devices/test/test_message_device.h	5a6d7f2ae7c273926ae127ecaa35248313e8fb5e	50edc96d882ad98e346f8ed7aac882efa921917c	369792f7cdc3d33523fc170299a83ae1291fad049f7b67a9e3c4cd12820892da	18b8e9c4e228cf1bdbed28aad926c449a31cd3b10cad8fb04920eeb3bbd27134	historical-touchscreen-client	semantic-parent-diff-and-final-source/tests	corroborates	functional/who-8-video-door-entry-telephony/README.md	Guard Unit begin/busy, checksum byte order, character append, timeout cleanup and reply syntax established; earliest char/UTF8/checksum stubs superseded
libqtdevices	f3d5430a5da13b79b68a18101725ff07cf9b9c8d	49a1ea0b01d3d2364d7c8e3733d0581d99f8ece6	devices/message_device.cpp	3051c29a4b2dc34583b8cc0891713eb4cf79e728	e82c183f6ef2d59a7747658005b000d25b98efbf	ff6a8dfcaac46f2ab077d3c9c889d805a77508f4326f50be895ec1834d4d48a1	97697a5d62f6de9d9a215a835a23a8df11f793718eb5e5d006fb0f1581821d9b	historical-touchscreen-client	semantic-parent-diff-and-final-source/tests	corroborates	functional/who-8-video-door-entry-telephony/README.md	Frame helper delegation, parse interface and corrected timestamp/QString checksum path retain final established wire forms; transient conversion and internal event enums not generalized
libqtdevices	f3d5430a5da13b79b68a18101725ff07cf9b9c8d	49a1ea0b01d3d2364d7c8e3733d0581d99f8ece6	devices/message_device.h	bacb1538d907363dee673c41add46c53f94281e4	9af0511beab3049f57fa08ba6f395b18a8144b01	5e3b32cfd94f7573353dcffdf1dbcc08589caa815c08543d1b98e4e95c649ec9	a7499bdb80b08e63b15756f039e89e3e549e0ccadc2865e83c8b330e0dd4a426	historical-touchscreen-client	semantic-parent-diff-and-final-source/tests	corroborates	functional/who-8-video-door-entry-telephony/README.md	Frame helper delegation, parse interface and corrected timestamp/QString checksum path retain final established wire forms; transient conversion and internal event enums not generalized
libqtdevices	e27546020780d09f9fdf750a9248dc1662e6ff9e	5b0e2d10b1be8cce27d4d340afdeee713e172927	devices/message_device.cpp	b99afc0607e9e9637e0940c06773f32dd76583d3	3051c29a4b2dc34583b8cc0891713eb4cf79e728	98c09262bbfe3eed3291bc32a18187991c679f895f989b4d9f184f5dc39f4b3f	ff6a8dfcaac46f2ab077d3c9c889d805a77508f4326f50be895ec1834d4d48a1	historical-touchscreen-client	semantic-parent-diff-and-final-source/tests	corroborates	functional/who-8-video-door-entry-telephony/README.md	Frame helper delegation, parse interface and corrected timestamp/QString checksum path retain final established wire forms; transient conversion and internal event enums not generalized
libqtdevices	0d094d93898a288e3aa8110841c21aa033fb4ff9	1ffc17bdf211d55e5a5665559430670b043951ab	devices/entryphone_device.cpp	e31c715fa425c1437beaa1522a803f58fa8827a0	4b6028681f3c6947c788f59d43c6c002cc0bfddc	334732ebe80a1d235dedecf5b92a3155fb499612bfd1d9a20b359252ab6a8c88	5d488c2d20593417fb4758bc092e940c2f2e366b522df9f4a4edce6ae2ca2fcb	historical-touchscreen-client	semantic-parent-diff-and-final-source/tests	corroborates	functional/who-8-video-door-entry-telephony/README.md	Frame helper delegation, parse interface and corrected timestamp/QString checksum path retain final established wire forms; transient conversion and internal event enums not generalized
libqtdevices	4b9f5f22115a0110bea0a7a5d79da3c95f173e1f	21ed266edd52cbe10aa7c4ab77bccd7c028815c8	devices/entryphone_device.cpp	adf7cf23271abdbbf1deea47c424a8a3fd358d6e	e31c715fa425c1437beaa1522a803f58fa8827a0	a5c0f7dc607285897260c05191332081f08fb85ec06a2df68c002ea9e1ea04a0	334732ebe80a1d235dedecf5b92a3155fb499612bfd1d9a20b359252ab6a8c88	historical-touchscreen-client	semantic-parent-diff-and-final-source/tests	corroborates	functional/who-8-video-door-entry-telephony/README.md	Frame helper delegation, parse interface and corrected timestamp/QString checksum path retain final established wire forms; transient conversion and internal event enums not generalized
libqtdevices	4b9f5f22115a0110bea0a7a5d79da3c95f173e1f	21ed266edd52cbe10aa7c4ab77bccd7c028815c8	devices/message_device.cpp	de84ab3dc7890a11367222a3ea4698407ab3df3d	b99afc0607e9e9637e0940c06773f32dd76583d3	7f9c6e9000d02b35e2061cfff77d9f8e3bf37515309b659d2140a084c650f007	98c09262bbfe3eed3291bc32a18187991c679f895f989b4d9f184f5dc39f4b3f	historical-touchscreen-client	semantic-parent-diff-and-final-source/tests	corroborates	functional/who-8-video-door-entry-telephony/README.md	Frame helper delegation, parse interface and corrected timestamp/QString checksum path retain final established wire forms; transient conversion and internal event enums not generalized
libqtdevices	21ed266edd52cbe10aa7c4ab77bccd7c028815c8	d1f2f1bebc2ff765bc24f640c01b0dca622a62be	devices/message_device.cpp	0d0b7c6088e20d19db3251868b54deb27380d3ec	de84ab3dc7890a11367222a3ea4698407ab3df3d	6eaf6f9b28372713fda81bd4ff0c15419eaebf8fb345b241f178e58f3a82c572	7f9c6e9000d02b35e2061cfff77d9f8e3bf37515309b659d2140a084c650f007	historical-touchscreen-client	semantic-parent-diff-and-final-source/tests	corroborates	functional/who-8-video-door-entry-telephony/README.md	Guard Unit begin/busy, checksum byte order, character append, timeout cleanup and reply syntax established; earliest char/UTF8/checksum stubs superseded
libqtdevices	21ed266edd52cbe10aa7c4ab77bccd7c028815c8	d1f2f1bebc2ff765bc24f640c01b0dca622a62be	devices/message_device.h	281ed05e7193a2088c791044f4c7fe8d50d5fbee	bacb1538d907363dee673c41add46c53f94281e4	8435594ef70a50428165bb0992235c7af5decb93fce158aeadda65b19a4c9b0f	5e3b32cfd94f7573353dcffdf1dbcc08589caa815c08543d1b98e4e95c649ec9	historical-touchscreen-client	semantic-parent-diff-and-final-source/tests	corroborates	functional/who-8-video-door-entry-telephony/README.md	Guard Unit begin/busy, checksum byte order, character append, timeout cleanup and reply syntax established; earliest char/UTF8/checksum stubs superseded
libqtdevices	21ed266edd52cbe10aa7c4ab77bccd7c028815c8	d1f2f1bebc2ff765bc24f640c01b0dca622a62be	devices/test/test_message_device.cpp	c83b442a17acc4a2c93bc75a1130fcf104192c7b	06b9f56e735bc55b0c806d1480cf234cef79119a	7b6bd04ca410f879e39c35d98eabe1535e702b3b320aa85fa1d0529978443cc1	0975549a47e8226c6ccf79916e7e6068c8f41dabccc88136ea1161e94d020250	historical-touchscreen-client	semantic-parent-diff-and-final-source/tests	corroborates	functional/who-8-video-door-entry-telephony/README.md	Guard Unit begin/busy, checksum byte order, character append, timeout cleanup and reply syntax established; earliest char/UTF8/checksum stubs superseded
libqtdevices	21ed266edd52cbe10aa7c4ab77bccd7c028815c8	d1f2f1bebc2ff765bc24f640c01b0dca622a62be	devices/test/test_message_device.h	9696cfb62e2d0fa3ea9a6e91cd48cfa38d1f8a72	5a6d7f2ae7c273926ae127ecaa35248313e8fb5e	873178cf59824479624cdd5c3f653bc39f3412afa968539420b73ab4473c3d34	369792f7cdc3d33523fc170299a83ae1291fad049f7b67a9e3c4cd12820892da	historical-touchscreen-client	semantic-parent-diff-and-final-source/tests	corroborates	functional/who-8-video-door-entry-telephony/README.md	Guard Unit begin/busy, checksum byte order, character append, timeout cleanup and reply syntax established; earliest char/UTF8/checksum stubs superseded
libqtdevices	5bbfe9011fd20dd5b50d9634639f3373e01ec804	df6e398f8b56213fccb445f49599bcc62b7995a4	devices/message_device.cpp	133c72a5096ac4cf8483674d876cfb3813fcdf03	0d0b7c6088e20d19db3251868b54deb27380d3ec	9c0ec0039abca8c0628ad0130bcaf3f3968bbeaf8548ae53440396632fc3972d	6eaf6f9b28372713fda81bd4ff0c15419eaebf8fb345b241f178e58f3a82c572	historical-touchscreen-client	semantic-parent-diff-and-final-source/tests	corroborates	functional/who-8-video-door-entry-telephony/README.md	Guard Unit begin/busy, checksum byte order, character append, timeout cleanup and reply syntax established; earliest char/UTF8/checksum stubs superseded
libqtdevices	5bbfe9011fd20dd5b50d9634639f3373e01ec804	df6e398f8b56213fccb445f49599bcc62b7995a4	devices/message_device.h	1922257cc2b4d714cbc413ab01306e93aed7bbcf	281ed05e7193a2088c791044f4c7fe8d50d5fbee	9baa2d6ef8d3cbb741dab286179cfad434c5a060f0ce3c40545b5080a6643bf3	8435594ef70a50428165bb0992235c7af5decb93fce158aeadda65b19a4c9b0f	historical-touchscreen-client	semantic-parent-diff-and-final-source/tests	corroborates	functional/who-8-video-door-entry-telephony/README.md	Guard Unit begin/busy, checksum byte order, character append, timeout cleanup and reply syntax established; earliest char/UTF8/checksum stubs superseded
libqtdevices	5bbfe9011fd20dd5b50d9634639f3373e01ec804	df6e398f8b56213fccb445f49599bcc62b7995a4	devices/test/test_message_device.cpp	454146cbfc44982b29fcddcfab5bfebdfa7a2519	c83b442a17acc4a2c93bc75a1130fcf104192c7b	16cab5f65608d49c8a9ed13a276b9f79859e610c5b5cad8c61cbc2583f93e77e	7b6bd04ca410f879e39c35d98eabe1535e702b3b320aa85fa1d0529978443cc1	historical-touchscreen-client	semantic-parent-diff-and-final-source/tests	corroborates	functional/who-8-video-door-entry-telephony/README.md	Guard Unit begin/busy, checksum byte order, character append, timeout cleanup and reply syntax established; earliest char/UTF8/checksum stubs superseded
libqtdevices	5bbfe9011fd20dd5b50d9634639f3373e01ec804	df6e398f8b56213fccb445f49599bcc62b7995a4	devices/test/test_message_device.h	4680035260c9ae197bd0d6a22049a790b6a08f89	9696cfb62e2d0fa3ea9a6e91cd48cfa38d1f8a72	84673b8776dc5a391c0077e2a83b461e0766ce62e5ac512e1b8d71f33c82786c	873178cf59824479624cdd5c3f653bc39f3412afa968539420b73ab4473c3d34	historical-touchscreen-client	semantic-parent-diff-and-final-source/tests	corroborates	functional/who-8-video-door-entry-telephony/README.md	Guard Unit begin/busy, checksum byte order, character append, timeout cleanup and reply syntax established; earliest char/UTF8/checksum stubs superseded
libqtdevices	6dfc00f76081da870ee16563510ddcfc8e20849a	83c0e7d3d0bf87bdf379963d32baaf18434412cc	devices/message_device.cpp	0000000000000000000000000000000000000000	133c72a5096ac4cf8483674d876cfb3813fcdf03	-	9c0ec0039abca8c0628ad0130bcaf3f3968bbeaf8548ae53440396632fc3972d	historical-touchscreen-client	semantic-parent-diff-and-final-source/tests	corroborates	functional/who-8-video-door-entry-telephony/README.md	Guard Unit begin/busy, checksum byte order, character append, timeout cleanup and reply syntax established; earliest char/UTF8/checksum stubs superseded
libqtdevices	6dfc00f76081da870ee16563510ddcfc8e20849a	83c0e7d3d0bf87bdf379963d32baaf18434412cc	devices/message_device.h	0000000000000000000000000000000000000000	1922257cc2b4d714cbc413ab01306e93aed7bbcf	-	9baa2d6ef8d3cbb741dab286179cfad434c5a060f0ce3c40545b5080a6643bf3	historical-touchscreen-client	semantic-parent-diff-and-final-source/tests	corroborates	functional/who-8-video-door-entry-telephony/README.md	Guard Unit begin/busy, checksum byte order, character append, timeout cleanup and reply syntax established; earliest char/UTF8/checksum stubs superseded
libqtdevices	6dfc00f76081da870ee16563510ddcfc8e20849a	83c0e7d3d0bf87bdf379963d32baaf18434412cc	devices/test/test_message_device.cpp	0000000000000000000000000000000000000000	454146cbfc44982b29fcddcfab5bfebdfa7a2519	-	16cab5f65608d49c8a9ed13a276b9f79859e610c5b5cad8c61cbc2583f93e77e	historical-touchscreen-client	semantic-parent-diff-and-final-source/tests	corroborates	functional/who-8-video-door-entry-telephony/README.md	Guard Unit begin/busy, checksum byte order, character append, timeout cleanup and reply syntax established; earliest char/UTF8/checksum stubs superseded
libqtdevices	6dfc00f76081da870ee16563510ddcfc8e20849a	83c0e7d3d0bf87bdf379963d32baaf18434412cc	devices/test/test_message_device.h	0000000000000000000000000000000000000000	4680035260c9ae197bd0d6a22049a790b6a08f89	-	84673b8776dc5a391c0077e2a83b461e0766ce62e5ac512e1b8d71f33c82786c	historical-touchscreen-client	semantic-parent-diff-and-final-source/tests	corroborates	functional/who-8-video-door-entry-telephony/README.md	Guard Unit begin/busy, checksum byte order, character append, timeout cleanup and reply syntax established; earliest char/UTF8/checksum stubs superseded
libqtdevices	50329b3b151c67c4285b7ae092ba6973f2cbf1f5	a83b1ec5df46a93b2b1053d9f9e9a2dc46e88081	devices/entryphone_device.cpp	bfeedc00fc2f72b54ebf728afbe997b740da4144	adf7cf23271abdbbf1deea47c424a8a3fd358d6e	2ae34f9de4c7f5f55f032515c4d67712b99a5ffa3b08a0d02008e931d99ff34c	a5c0f7dc607285897260c05191332081f08fb85ec06a2df68c002ea9e1ea04a0	historical-touchscreen-client	semantic-parent-diff-and-final-source/tests	corroborates	functional/who-8-video-door-entry-telephony/README.md	Frame helper delegation, parse interface and corrected timestamp/QString checksum path retain final established wire forms; transient conversion and internal event enums not generalized
libqtdevices	50329b3b151c67c4285b7ae092ba6973f2cbf1f5	a83b1ec5df46a93b2b1053d9f9e9a2dc46e88081	devices/entryphone_device.h	b38225b29d9c12be437d34d299046b2489c2ded5	4f13a3d240b94ade2ac4394c0ee0e79b5472b22b	811bef4bfa6a898eb51a107fd774feb8fb5468d8456c9115effa5edac0ab46a4	3e5db06ddeb7d31de992edfecccb5db8a1b4f5d0bf6437e10b6883e6d0fe4050	historical-touchscreen-client	semantic-parent-diff-and-final-source/tests	corroborates	functional/who-8-video-door-entry-telephony/README.md	Frame helper delegation, parse interface and corrected timestamp/QString checksum path retain final established wire forms; transient conversion and internal event enums not generalized
libqtdevices	4852df65ac71e30d509a48327d3b989e2f241e0b	9d92c673f25c81d76079fb748fc91baa210c20f7	devices/entryphone_device.cpp	0067260d3c94daf52f2569260e026de60f270b10	bfeedc00fc2f72b54ebf728afbe997b740da4144	3338426551c7b0500b2f3eb56f6e686ae355e51c24558969abce6ef4d0233bd0	2ae34f9de4c7f5f55f032515c4d67712b99a5ffa3b08a0d02008e931d99ff34c	historical-touchscreen-client	semantic-parent-diff-and-final-source/tests	corroborates	functional/who-8-video-door-entry-telephony/README.md	Frame helper delegation, parse interface and corrected timestamp/QString checksum path retain final established wire forms; transient conversion and internal event enums not generalized
libqtdevices	4852df65ac71e30d509a48327d3b989e2f241e0b	9d92c673f25c81d76079fb748fc91baa210c20f7	devices/entryphone_device.h	67e213547442d4dc7c6a07c323e465254f06a91c	b38225b29d9c12be437d34d299046b2489c2ded5	3d085e136889d4c5d1a78b0592e241189a3eb31a0ce833dbcb4a8735c2abc44a	811bef4bfa6a898eb51a107fd774feb8fb5468d8456c9115effa5edac0ab46a4	historical-touchscreen-client	semantic-parent-diff-and-final-source/tests	corroborates	functional/who-8-video-door-entry-telephony/README.md	Frame helper delegation, parse interface and corrected timestamp/QString checksum path retain final established wire forms; transient conversion and internal event enums not generalized
libqtdevices	0192a634404703657c0e7db3059ad3edff4c870c	b3265012fe6e38964feb6fe72bc65d1099c0a1bf	devices/entryphone_device.cpp	326f28af2441784c068bd8d2278f1165799da12d	0067260d3c94daf52f2569260e026de60f270b10	a6b73d9e103eebc83a7ca2c6746484446b2b392bfe3ace783b2a35d181b42657	3338426551c7b0500b2f3eb56f6e686ae355e51c24558969abce6ef4d0233bd0	historical-touchscreen-client	semantic-parent-diff-and-final-source/tests	excluded	-	Documentation movement/formatting, removed comments or licence only; timeout/byte-count/checksum descriptions checked against executable values and stale comments not promoted
libqtdevices	0192a634404703657c0e7db3059ad3edff4c870c	b3265012fe6e38964feb6fe72bc65d1099c0a1bf	devices/entryphone_device.h	fc34edbfe5ceeb796831cc40fbbbdf8badfcacb5	67e213547442d4dc7c6a07c323e465254f06a91c	c4131f98ba8be84048d7f81016ec5c7c540063d418809f86e0269193baa084aa	3d085e136889d4c5d1a78b0592e241189a3eb31a0ce833dbcb4a8735c2abc44a	historical-touchscreen-client	semantic-parent-diff-and-final-source/tests	excluded	-	Documentation movement/formatting, removed comments or licence only; timeout/byte-count/checksum descriptions checked against executable values and stale comments not promoted
libqtdevices	0192a634404703657c0e7db3059ad3edff4c870c	b3265012fe6e38964feb6fe72bc65d1099c0a1bf	devices/test/test_entryphone_device.cpp	5da461fcb0a48298abfe1824c6a92923285bb630	4b70dc629ef288e9cf208b738236a5ba1b89f599	3d273a31d2f7ba777561a933355d4b7f31841ef69d9d229bdc370da9d530e3cd	53a6bada2903bd99d6323b153eae32099c264b1c309bfd69e358a99835cbbec6	historical-touchscreen-client	semantic-parent-diff-and-final-source/tests	excluded	-	Documentation movement/formatting, removed comments or licence only; timeout/byte-count/checksum descriptions checked against executable values and stale comments not promoted
libqtdevices	0192a634404703657c0e7db3059ad3edff4c870c	b3265012fe6e38964feb6fe72bc65d1099c0a1bf	devices/test/test_entryphone_device.h	7648abb3331af7f757e536cbfa11b55e5f4973bb	d189823e5b372a2f128429e960ab3cbf7a64651a	b7a4676ff9933d0935e11c4074033b41edcfc9898b05fc08e555cc2d93c370ef	92bb28c9175dfe37cb2f9543ed33a00f0135793ade3ddbdfec41509adcc5f35c	historical-touchscreen-client	semantic-parent-diff-and-final-source/tests	excluded	-	Documentation movement/formatting, removed comments or licence only; timeout/byte-count/checksum descriptions checked against executable values and stale comments not promoted
libqtdevices	2b182c5dc46723ca4a993ccc4fd832a9d85fbd75	5c6b1080531240d99a766fe606b142ba6bf142db	devices/entryphone_device.cpp	0000000000000000000000000000000000000000	326f28af2441784c068bd8d2278f1165799da12d	-	a6b73d9e103eebc83a7ca2c6746484446b2b392bfe3ace783b2a35d181b42657	historical-touchscreen-client	semantic-parent-diff-and-final-source/tests	excluded	-	Four relocation pairs byte-identical; no independent protocol behavior
libqtdevices	2b182c5dc46723ca4a993ccc4fd832a9d85fbd75	5c6b1080531240d99a766fe606b142ba6bf142db	devices/entryphone_device.h	0000000000000000000000000000000000000000	fc34edbfe5ceeb796831cc40fbbbdf8badfcacb5	-	c4131f98ba8be84048d7f81016ec5c7c540063d418809f86e0269193baa084aa	historical-touchscreen-client	semantic-parent-diff-and-final-source/tests	excluded	-	Four relocation pairs byte-identical; no independent protocol behavior
libqtdevices	2b182c5dc46723ca4a993ccc4fd832a9d85fbd75	5c6b1080531240d99a766fe606b142ba6bf142db	devices/test/test_entryphone_device.cpp	0000000000000000000000000000000000000000	5da461fcb0a48298abfe1824c6a92923285bb630	-	3d273a31d2f7ba777561a933355d4b7f31841ef69d9d229bdc370da9d530e3cd	historical-touchscreen-client	semantic-parent-diff-and-final-source/tests	excluded	-	Four relocation pairs byte-identical; no independent protocol behavior
libqtdevices	2b182c5dc46723ca4a993ccc4fd832a9d85fbd75	5c6b1080531240d99a766fe606b142ba6bf142db	devices/test/test_entryphone_device.h	0000000000000000000000000000000000000000	7648abb3331af7f757e536cbfa11b55e5f4973bb	-	b7a4676ff9933d0935e11c4074033b41edcfc9898b05fc08e555cc2d93c370ef	historical-touchscreen-client	semantic-parent-diff-and-final-source/tests	excluded	-	Four relocation pairs byte-identical; no independent protocol behavior
libqtdevices	2b182c5dc46723ca4a993ccc4fd832a9d85fbd75	5c6b1080531240d99a766fe606b142ba6bf142db	entryphone_device.cpp	326f28af2441784c068bd8d2278f1165799da12d	0000000000000000000000000000000000000000	a6b73d9e103eebc83a7ca2c6746484446b2b392bfe3ace783b2a35d181b42657	-	historical-touchscreen-client	semantic-parent-diff-and-final-source/tests	excluded	-	Four relocation pairs byte-identical; no independent protocol behavior
libqtdevices	2b182c5dc46723ca4a993ccc4fd832a9d85fbd75	5c6b1080531240d99a766fe606b142ba6bf142db	entryphone_device.h	fc34edbfe5ceeb796831cc40fbbbdf8badfcacb5	0000000000000000000000000000000000000000	c4131f98ba8be84048d7f81016ec5c7c540063d418809f86e0269193baa084aa	-	historical-touchscreen-client	semantic-parent-diff-and-final-source/tests	excluded	-	Four relocation pairs byte-identical; no independent protocol behavior
libqtdevices	2b182c5dc46723ca4a993ccc4fd832a9d85fbd75	5c6b1080531240d99a766fe606b142ba6bf142db	test/test_entryphone_device.cpp	5da461fcb0a48298abfe1824c6a92923285bb630	0000000000000000000000000000000000000000	3d273a31d2f7ba777561a933355d4b7f31841ef69d9d229bdc370da9d530e3cd	-	historical-touchscreen-client	semantic-parent-diff-and-final-source/tests	excluded	-	Four relocation pairs byte-identical; no independent protocol behavior
libqtdevices	2b182c5dc46723ca4a993ccc4fd832a9d85fbd75	5c6b1080531240d99a766fe606b142ba6bf142db	test/test_entryphone_device.h	7648abb3331af7f757e536cbfa11b55e5f4973bb	0000000000000000000000000000000000000000	b7a4676ff9933d0935e11c4074033b41edcfc9898b05fc08e555cc2d93c370ef	-	historical-touchscreen-client	semantic-parent-diff-and-final-source/tests	excluded	-	Four relocation pairs byte-identical; no independent protocol behavior
libqtdevices	eb980660fd3f2f589928c9598069c2c9719872e7	3b16d0320882648c5ea9b829da7c729c523b91ba	entryphone_device.cpp	73f364deca32e734f81683dab776cdbebde5781a	326f28af2441784c068bd8d2278f1165799da12d	2de6a3e3448fd7db12cf569c0015cdf3b3c01a210f7fa79fa5b1befe0e8d8ab7	a6b73d9e103eebc83a7ca2c6746484446b2b392bfe3ace783b2a35d181b42657	historical-touchscreen-client	semantic-parent-diff-and-final-source/tests	incorporated	functional/who-8-video-door-entry-telephony/README.md	Rearm exact assertions distinguish current caller 20 from original 21; cycling switches to master/original address and final implementation retains it
libqtdevices	eb980660fd3f2f589928c9598069c2c9719872e7	3b16d0320882648c5ea9b829da7c729c523b91ba	entryphone_device.h	a5cfc16a1a625bcf540890058f3a0f8d36dd29ee	fc34edbfe5ceeb796831cc40fbbbdf8badfcacb5	e380732429f56e3225deb99889c5a4328769388810ce1eec6692d9b1192ee262	c4131f98ba8be84048d7f81016ec5c7c540063d418809f86e0269193baa084aa	historical-touchscreen-client	semantic-parent-diff-and-final-source/tests	incorporated	functional/who-8-video-door-entry-telephony/README.md	Rearm exact assertions distinguish current caller 20 from original 21; cycling switches to master/original address and final implementation retains it
libqtdevices	eb980660fd3f2f589928c9598069c2c9719872e7	3b16d0320882648c5ea9b829da7c729c523b91ba	test/test_entryphone_device.cpp	808a110d43bcbd9d5842cf60bc959595dcae939b	5da461fcb0a48298abfe1824c6a92923285bb630	4c26f52736da42a5f82a33e49afaf2e2255ebc277e30d1a5ac80fdf2b5bf6110	3d273a31d2f7ba777561a933355d4b7f31841ef69d9d229bdc370da9d530e3cd	historical-touchscreen-client	semantic-parent-diff-and-final-source/tests	incorporated	functional/who-8-video-door-entry-telephony/README.md	Rearm exact assertions distinguish current caller 20 from original 21; cycling switches to master/original address and final implementation retains it
libqtdevices	eb980660fd3f2f589928c9598069c2c9719872e7	3b16d0320882648c5ea9b829da7c729c523b91ba	test/test_entryphone_device.h	e23cb562c76c3935847d8047118b802e2e459efa	7648abb3331af7f757e536cbfa11b55e5f4973bb	fb520976b4a016a510442a9d1881e290972870244f1333dff1ddc7b5359e30f4	b7a4676ff9933d0935e11c4074033b41edcfc9898b05fc08e555cc2d93c370ef	historical-touchscreen-client	semantic-parent-diff-and-final-source/tests	incorporated	functional/who-8-video-door-entry-telephony/README.md	Rearm exact assertions distinguish current caller 20 from original 21; cycling switches to master/original address and final implementation retains it
libqtdevices	1208667982c72e83828c7ff48bb5383c5bdb20d7	4e10b9b4ecc198c0d91aeae079222cdccf4fc535	entryphone_device.cpp	82fa69a20e6825807301c735595331c391aa7a0d	73f364deca32e734f81683dab776cdbebde5781a	32ee96b072207492ab369f27d40a8f65ff31b19083dc55183ec2c9d809fd4cc1	2de6a3e3448fd7db12cf569c0015cdf3b3c01a210f7fa79fa5b1befe0e8d8ab7	historical-touchscreen-client	semantic-parent-diff-and-final-source/tests	corroborates	functional/who-8-video-door-entry-telephony/README.md	Initial call, intercom, lock, stair, camera, readiness and movement forms traced through subsequent fixes; short end form, malformed early fixture and wrong temporary external kind excluded as superseded defects
libqtdevices	1208667982c72e83828c7ff48bb5383c5bdb20d7	4e10b9b4ecc198c0d91aeae079222cdccf4fc535	entryphone_device.h	6bc2ddbc48603b53e12d3bb0d569c7308f5ca225	a5cfc16a1a625bcf540890058f3a0f8d36dd29ee	14968af9a576825f32f1908c947ed0fd0ef71a13216a358f146d1e34a5d54795	e380732429f56e3225deb99889c5a4328769388810ce1eec6692d9b1192ee262	historical-touchscreen-client	semantic-parent-diff-and-final-source/tests	corroborates	functional/who-8-video-door-entry-telephony/README.md	Initial call, intercom, lock, stair, camera, readiness and movement forms traced through subsequent fixes; short end form, malformed early fixture and wrong temporary external kind excluded as superseded defects
libqtdevices	1208667982c72e83828c7ff48bb5383c5bdb20d7	4e10b9b4ecc198c0d91aeae079222cdccf4fc535	test/test_entryphone_device.cpp	df807a1646eaf5cbe427f1ed0c3165d5df618295	808a110d43bcbd9d5842cf60bc959595dcae939b	7d30685ba20ab3571640bbe519114ad98a61d646311bb57470843990ab6eb63e	4c26f52736da42a5f82a33e49afaf2e2255ebc277e30d1a5ac80fdf2b5bf6110	historical-touchscreen-client	semantic-parent-diff-and-final-source/tests	corroborates	functional/who-8-video-door-entry-telephony/README.md	Initial call, intercom, lock, stair, camera, readiness and movement forms traced through subsequent fixes; short end form, malformed early fixture and wrong temporary external kind excluded as superseded defects
libqtdevices	1208667982c72e83828c7ff48bb5383c5bdb20d7	4e10b9b4ecc198c0d91aeae079222cdccf4fc535	test/test_entryphone_device.h	4c4c6bbf1a9466acde02435839dd9b0148c560bc	e23cb562c76c3935847d8047118b802e2e459efa	4c547b46ab48d5960dfb0b6032150a3cd12f3dae9f297c617e91defe9dffe036	fb520976b4a016a510442a9d1881e290972870244f1333dff1ddc7b5359e30f4	historical-touchscreen-client	semantic-parent-diff-and-final-source/tests	corroborates	functional/who-8-video-door-entry-telephony/README.md	Initial call, intercom, lock, stair, camera, readiness and movement forms traced through subsequent fixes; short end form, malformed early fixture and wrong temporary external kind excluded as superseded defects
libqtdevices	dc3421304b772c28287ca0f82ee132efaad2c36a	6bd960c737bc5efbd162372d1f4cb768721df3f9	entryphone_device.cpp	55c83babc08a225b48b5fbb704392c1013f3b8fb	82fa69a20e6825807301c735595331c391aa7a0d	6c9c6f2fe4e8e0b57c0bd024bcc83780e1cd0c0edf594b761df6c01d9092273a	32ee96b072207492ab369f27d40a8f65ff31b19083dc55183ec2c9d809fd4cc1	historical-touchscreen-client	semantic-parent-diff-and-final-source/tests	corroborates	functional/who-8-video-door-entry-telephony/README.md	Initial call, intercom, lock, stair, camera, readiness and movement forms traced through subsequent fixes; short end form, malformed early fixture and wrong temporary external kind excluded as superseded defects
libqtdevices	7f245877287355228ae821bebc5b51f2bde6bec7	f7906edc2be70310c0a175f36bcfdc69320ab082	entryphone_device.h	f6c217594727ca9480c6620053fe7d8c8c93fcd6	6bc2ddbc48603b53e12d3bb0d569c7308f5ca225	edce38de29a561067d63d2d4ebcbdfd3ad67efc57425d0dfb5db9c553b10a6ea	14968af9a576825f32f1908c947ed0fd0ef71a13216a358f146d1e34a5d54795	historical-touchscreen-client	semantic-parent-diff-and-final-source/tests	corroborates	functional/who-8-video-door-entry-telephony/README.md	Initial call, intercom, lock, stair, camera, readiness and movement forms traced through subsequent fixes; short end form, malformed early fixture and wrong temporary external kind excluded as superseded defects
libqtdevices	817275f6969b5335a447e9060018255a53659b06	8541e67fd1b15b5b27187fa3ae2d105833359daf	entryphone_device.cpp	f7d5d36ae04713c82b26d4a7ae50362af1c2c2c7	55c83babc08a225b48b5fbb704392c1013f3b8fb	651e953086535565ebc9956bb91270cb107a050f4d93fa6753fa1e04ff281a7e	6c9c6f2fe4e8e0b57c0bd024bcc83780e1cd0c0edf594b761df6c01d9092273a	historical-touchscreen-client	semantic-parent-diff-and-final-source/tests	corroborates	functional/who-8-video-door-entry-telephony/README.md	Initial call, intercom, lock, stair, camera, readiness and movement forms traced through subsequent fixes; short end form, malformed early fixture and wrong temporary external kind excluded as superseded defects
libqtdevices	817275f6969b5335a447e9060018255a53659b06	8541e67fd1b15b5b27187fa3ae2d105833359daf	entryphone_device.h	250def13d167a4ee284bdf36c03403da7a3d708b	f6c217594727ca9480c6620053fe7d8c8c93fcd6	79815439e8a1a29f81c3a2a5c0d337964a53b05324a3968081fbe4ad1ce2b55c	edce38de29a561067d63d2d4ebcbdfd3ad67efc57425d0dfb5db9c553b10a6ea	historical-touchscreen-client	semantic-parent-diff-and-final-source/tests	corroborates	functional/who-8-video-door-entry-telephony/README.md	Initial call, intercom, lock, stair, camera, readiness and movement forms traced through subsequent fixes; short end form, malformed early fixture and wrong temporary external kind excluded as superseded defects
libqtdevices	4016bdae20989c437831d0c827054eee18fab410	404ee096ef54ab937eac27bc1a666f58c8243ad7	entryphone_device.cpp	8e6e84742297cf62027a0884d38591c99d56a8bc	f7d5d36ae04713c82b26d4a7ae50362af1c2c2c7	dfbeb0bd8c9af59c8e115f13f815f9c0ddfc07988837e01b20190c068c3d75b5	651e953086535565ebc9956bb91270cb107a050f4d93fa6753fa1e04ff281a7e	historical-touchscreen-client	semantic-parent-diff-and-final-source/tests	corroborates	functional/who-8-video-door-entry-telephony/README.md	Initial call, intercom, lock, stair, camera, readiness and movement forms traced through subsequent fixes; short end form, malformed early fixture and wrong temporary external kind excluded as superseded defects
libqtdevices	78a2eea6c6d7aab3fd2d3274fe809580adf0af34	abab80542c7e24868417fa72c7ca87be93bab330	entryphone_device.cpp	7ce23cf79c4c281a88f27494ddf641c9c34a23a3	8e6e84742297cf62027a0884d38591c99d56a8bc	4209d532b8cd9657515e9cf570d5265ba772feacec92bee07b1b14e19acda17e	dfbeb0bd8c9af59c8e115f13f815f9c0ddfc07988837e01b20190c068c3d75b5	historical-touchscreen-client	semantic-parent-diff-and-final-source/tests	corroborates	functional/who-8-video-door-entry-telephony/README.md	Initial call, intercom, lock, stair, camera, readiness and movement forms traced through subsequent fixes; short end form, malformed early fixture and wrong temporary external kind excluded as superseded defects
libqtdevices	78a2eea6c6d7aab3fd2d3274fe809580adf0af34	abab80542c7e24868417fa72c7ca87be93bab330	entryphone_device.h	c1c2f519f9ca3dc369d6fc1dacda758653a2c7bb	250def13d167a4ee284bdf36c03403da7a3d708b	475f7d6e55176e0dca9112f98b1fd45f96b0c9adeb8740a4917aae1a7080de0c	79815439e8a1a29f81c3a2a5c0d337964a53b05324a3968081fbe4ad1ce2b55c	historical-touchscreen-client	semantic-parent-diff-and-final-source/tests	corroborates	functional/who-8-video-door-entry-telephony/README.md	Initial call, intercom, lock, stair, camera, readiness and movement forms traced through subsequent fixes; short end form, malformed early fixture and wrong temporary external kind excluded as superseded defects
libqtdevices	6c45a0ff9acf9b76820d89c3c1c5d435206b7066	8c829bf828a0298b38a43951fe386ce95658a3b6	entryphone_device.cpp	82c8fa176657c52bb4aac99e095235e4881806dd	7ce23cf79c4c281a88f27494ddf641c9c34a23a3	4aa44888c6a8b6df6da978f352d5cfe83763c0910b1ce7f7252dd7e987bd9d94	4209d532b8cd9657515e9cf570d5265ba772feacec92bee07b1b14e19acda17e	historical-touchscreen-client	semantic-parent-diff-and-final-source/tests	corroborates	functional/who-8-video-door-entry-telephony/README.md	Initial call, intercom, lock, stair, camera, readiness and movement forms traced through subsequent fixes; short end form, malformed early fixture and wrong temporary external kind excluded as superseded defects
libqtdevices	6c45a0ff9acf9b76820d89c3c1c5d435206b7066	8c829bf828a0298b38a43951fe386ce95658a3b6	entryphone_device.h	5995a1ffa17dc9b6fda8f799356ed43220bd3598	c1c2f519f9ca3dc369d6fc1dacda758653a2c7bb	f22235a023d0582d01793749c9ef11854663c9020def0a8e1e827fb3be023958	475f7d6e55176e0dca9112f98b1fd45f96b0c9adeb8740a4917aae1a7080de0c	historical-touchscreen-client	semantic-parent-diff-and-final-source/tests	corroborates	functional/who-8-video-door-entry-telephony/README.md	Initial call, intercom, lock, stair, camera, readiness and movement forms traced through subsequent fixes; short end form, malformed early fixture and wrong temporary external kind excluded as superseded defects
libqtdevices	6c45a0ff9acf9b76820d89c3c1c5d435206b7066	8c829bf828a0298b38a43951fe386ce95658a3b6	test/test_entryphone_device.cpp	c58708246ee6c37c48480f42d6384d6ce3c86379	df807a1646eaf5cbe427f1ed0c3165d5df618295	b066fdc685fbad81f864799b16fcbb0e32e55800e4e91b95d9fe9b3828a13f08	7d30685ba20ab3571640bbe519114ad98a61d646311bb57470843990ab6eb63e	historical-touchscreen-client	semantic-parent-diff-and-final-source/tests	corroborates	functional/who-8-video-door-entry-telephony/README.md	Initial call, intercom, lock, stair, camera, readiness and movement forms traced through subsequent fixes; short end form, malformed early fixture and wrong temporary external kind excluded as superseded defects
libqtdevices	470bd1e11b3514139f0492dfd02b04e3d61fc003	435b174a3d0f9c7414bd383ef8084d01795c0793	entryphone_device.cpp	4f68a6a6ff7051c731e6bad0e74d9a60e5cbeb2b	82c8fa176657c52bb4aac99e095235e4881806dd	8ac4ef822fa72bf3050c201160647648df358fc124466ba415612d3451fcd367	4aa44888c6a8b6df6da978f352d5cfe83763c0910b1ce7f7252dd7e987bd9d94	historical-touchscreen-client	semantic-parent-diff-and-final-source/tests	corroborates	functional/who-8-video-door-entry-telephony/README.md	Initial call, intercom, lock, stair, camera, readiness and movement forms traced through subsequent fixes; short end form, malformed early fixture and wrong temporary external kind excluded as superseded defects
libqtdevices	470bd1e11b3514139f0492dfd02b04e3d61fc003	435b174a3d0f9c7414bd383ef8084d01795c0793	entryphone_device.h	d1b760cfbbdc3e334055a997f1b94259c469fe1e	5995a1ffa17dc9b6fda8f799356ed43220bd3598	ad7cc252d178fe4d967b066f98e3039e21cdd66891ae6642b14f440c8f4903d8	f22235a023d0582d01793749c9ef11854663c9020def0a8e1e827fb3be023958	historical-touchscreen-client	semantic-parent-diff-and-final-source/tests	corroborates	functional/who-8-video-door-entry-telephony/README.md	Initial call, intercom, lock, stair, camera, readiness and movement forms traced through subsequent fixes; short end form, malformed early fixture and wrong temporary external kind excluded as superseded defects
libqtdevices	470bd1e11b3514139f0492dfd02b04e3d61fc003	435b174a3d0f9c7414bd383ef8084d01795c0793	test/test_entryphone_device.cpp	0e6c6dc1fa420e1fdb4579dcabc042ca6bbbbbf8	c58708246ee6c37c48480f42d6384d6ce3c86379	eb61f1045de156bfe57887cf3b4a03910734e1cb2a2ee31dca76a45b6282a4a0	b066fdc685fbad81f864799b16fcbb0e32e55800e4e91b95d9fe9b3828a13f08	historical-touchscreen-client	semantic-parent-diff-and-final-source/tests	corroborates	functional/who-8-video-door-entry-telephony/README.md	Initial call, intercom, lock, stair, camera, readiness and movement forms traced through subsequent fixes; short end form, malformed early fixture and wrong temporary external kind excluded as superseded defects
libqtdevices	470bd1e11b3514139f0492dfd02b04e3d61fc003	435b174a3d0f9c7414bd383ef8084d01795c0793	test/test_entryphone_device.h	896523e4fd081199a9bbb879af56f75b6b8b78a7	4c4c6bbf1a9466acde02435839dd9b0148c560bc	ef867a21f70ed31782855e386f5b72c0da161a931c51a60ddd4662ca4023610c	4c547b46ab48d5960dfb0b6032150a3cd12f3dae9f297c617e91defe9dffe036	historical-touchscreen-client	semantic-parent-diff-and-final-source/tests	corroborates	functional/who-8-video-door-entry-telephony/README.md	Initial call, intercom, lock, stair, camera, readiness and movement forms traced through subsequent fixes; short end form, malformed early fixture and wrong temporary external kind excluded as superseded defects
libqtdevices	48e16827949c050527d76380a9a6efdf80abf55c	8cfaeaf918e85699dc3fadb1392f0978f0e15e94	entryphone_device.cpp	44ca653d776d214d1654c9dcb4ec017d4a6bf84e	4f68a6a6ff7051c731e6bad0e74d9a60e5cbeb2b	bb2b475cb373600bf53b860475519a56b259f1847d0fe37bcfe0f9ceed3b5ce9	8ac4ef822fa72bf3050c201160647648df358fc124466ba415612d3451fcd367	historical-touchscreen-client	semantic-parent-diff-and-final-source/tests	corroborates	functional/who-8-video-door-entry-telephony/README.md	Initial call, intercom, lock, stair, camera, readiness and movement forms traced through subsequent fixes; short end form, malformed early fixture and wrong temporary external kind excluded as superseded defects
libqtdevices	48e16827949c050527d76380a9a6efdf80abf55c	8cfaeaf918e85699dc3fadb1392f0978f0e15e94	entryphone_device.h	738dd5e179fdc9855bf0aa27019646628ee6064a	d1b760cfbbdc3e334055a997f1b94259c469fe1e	da484bd3622b10606e7d7dcb495bcff8b1438863aab5bbcda34a2b4878e5b777	ad7cc252d178fe4d967b066f98e3039e21cdd66891ae6642b14f440c8f4903d8	historical-touchscreen-client	semantic-parent-diff-and-final-source/tests	corroborates	functional/who-8-video-door-entry-telephony/README.md	Initial call, intercom, lock, stair, camera, readiness and movement forms traced through subsequent fixes; short end form, malformed early fixture and wrong temporary external kind excluded as superseded defects
libqtdevices	48e16827949c050527d76380a9a6efdf80abf55c	8cfaeaf918e85699dc3fadb1392f0978f0e15e94	test/test_entryphone_device.cpp	db2645292c77180d65bc596be19dbff3b9f6242b	0e6c6dc1fa420e1fdb4579dcabc042ca6bbbbbf8	c9940d9c0e8b51636176fe54073bef752e43dd25a0097880a06e9c6378504311	eb61f1045de156bfe57887cf3b4a03910734e1cb2a2ee31dca76a45b6282a4a0	historical-touchscreen-client	semantic-parent-diff-and-final-source/tests	corroborates	functional/who-8-video-door-entry-telephony/README.md	Initial call, intercom, lock, stair, camera, readiness and movement forms traced through subsequent fixes; short end form, malformed early fixture and wrong temporary external kind excluded as superseded defects
libqtdevices	48e16827949c050527d76380a9a6efdf80abf55c	8cfaeaf918e85699dc3fadb1392f0978f0e15e94	test/test_entryphone_device.h	37e623484ea7ac032986f4c280309b73a00fe75b	896523e4fd081199a9bbb879af56f75b6b8b78a7	f080857ee89cf701edf607d5885b73ed2c60638df421bb603c05db6169839c10	ef867a21f70ed31782855e386f5b72c0da161a931c51a60ddd4662ca4023610c	historical-touchscreen-client	semantic-parent-diff-and-final-source/tests	corroborates	functional/who-8-video-door-entry-telephony/README.md	Initial call, intercom, lock, stair, camera, readiness and movement forms traced through subsequent fixes; short end form, malformed early fixture and wrong temporary external kind excluded as superseded defects
libqtdevices	2caf1f0f1e38e51af376a26bc39d87912a79f4c5	c4df8f430c9e09c1ee032424314a705bcd1b7082	entryphone_device.cpp	b1d39b83a8c4e4d0b2f12ab71d01ca9ed722f24f	44ca653d776d214d1654c9dcb4ec017d4a6bf84e	3b652c0760d3cbaeeb861ccd7bad63d89536a2c58fffa3fa5165b8d4554b856a	bb2b475cb373600bf53b860475519a56b259f1847d0fe37bcfe0f9ceed3b5ce9	historical-touchscreen-client	semantic-parent-diff-and-final-source/tests	corroborates	functional/who-8-video-door-entry-telephony/README.md	Initial call, intercom, lock, stair, camera, readiness and movement forms traced through subsequent fixes; short end form, malformed early fixture and wrong temporary external kind excluded as superseded defects
libqtdevices	2caf1f0f1e38e51af376a26bc39d87912a79f4c5	c4df8f430c9e09c1ee032424314a705bcd1b7082	entryphone_device.h	167479e4124ac585b405a827e693138e1175bef1	738dd5e179fdc9855bf0aa27019646628ee6064a	0ee452c8e80e13aed9ccd8369fcf03fc69600397b74c8f866c589da4ea99a555	da484bd3622b10606e7d7dcb495bcff8b1438863aab5bbcda34a2b4878e5b777	historical-touchscreen-client	semantic-parent-diff-and-final-source/tests	corroborates	functional/who-8-video-door-entry-telephony/README.md	Initial call, intercom, lock, stair, camera, readiness and movement forms traced through subsequent fixes; short end form, malformed early fixture and wrong temporary external kind excluded as superseded defects
libqtdevices	2caf1f0f1e38e51af376a26bc39d87912a79f4c5	c4df8f430c9e09c1ee032424314a705bcd1b7082	test/test_entryphone_device.cpp	cb7ad9add22117662ccaca657d72086582304149	db2645292c77180d65bc596be19dbff3b9f6242b	c3d9eeebbc34fd754fbc24030996da7bc3f36095364cf995151f3aef42256a4a	c9940d9c0e8b51636176fe54073bef752e43dd25a0097880a06e9c6378504311	historical-touchscreen-client	semantic-parent-diff-and-final-source/tests	corroborates	functional/who-8-video-door-entry-telephony/README.md	Initial call, intercom, lock, stair, camera, readiness and movement forms traced through subsequent fixes; short end form, malformed early fixture and wrong temporary external kind excluded as superseded defects
libqtdevices	2caf1f0f1e38e51af376a26bc39d87912a79f4c5	c4df8f430c9e09c1ee032424314a705bcd1b7082	test/test_entryphone_device.h	6cb0e3abda689459a85562196bbb020bf37d377e	37e623484ea7ac032986f4c280309b73a00fe75b	8013492143d9f89618ec05ad192ea0fc961390cff8e88132d95e06e984b96d4c	f080857ee89cf701edf607d5885b73ed2c60638df421bb603c05db6169839c10	historical-touchscreen-client	semantic-parent-diff-and-final-source/tests	corroborates	functional/who-8-video-door-entry-telephony/README.md	Initial call, intercom, lock, stair, camera, readiness and movement forms traced through subsequent fixes; short end form, malformed early fixture and wrong temporary external kind excluded as superseded defects
libqtdevices	c4df8f430c9e09c1ee032424314a705bcd1b7082	2e34c038236465b08538b0cacb640b40497ac106	entryphone_device.cpp	300623ecb6608f7f8c7b7ee2e9af1a7c25a5847c	b1d39b83a8c4e4d0b2f12ab71d01ca9ed722f24f	11540280b216fba3f5cff0fec0dc7d5cd86d89984c1fb9787935f4d28ee39d7f	3b652c0760d3cbaeeb861ccd7bad63d89536a2c58fffa3fa5165b8d4554b856a	historical-touchscreen-client	semantic-parent-diff-and-final-source/tests	corroborates	functional/who-8-video-door-entry-telephony/README.md	Initial call, intercom, lock, stair, camera, readiness and movement forms traced through subsequent fixes; short end form, malformed early fixture and wrong temporary external kind excluded as superseded defects
libqtdevices	c4df8f430c9e09c1ee032424314a705bcd1b7082	2e34c038236465b08538b0cacb640b40497ac106	entryphone_device.h	a909a3fcd21af371f9dc05a04c97cd88745d0b44	167479e4124ac585b405a827e693138e1175bef1	42f1ee7fc9ccee6d2c5fb7db5a9b9c6f273cde1cf5224ca6b721561ebf33ab15	0ee452c8e80e13aed9ccd8369fcf03fc69600397b74c8f866c589da4ea99a555	historical-touchscreen-client	semantic-parent-diff-and-final-source/tests	corroborates	functional/who-8-video-door-entry-telephony/README.md	Initial call, intercom, lock, stair, camera, readiness and movement forms traced through subsequent fixes; short end form, malformed early fixture and wrong temporary external kind excluded as superseded defects
libqtdevices	c4df8f430c9e09c1ee032424314a705bcd1b7082	2e34c038236465b08538b0cacb640b40497ac106	test/test_entryphone_device.cpp	a9a70bcefa6809496ed9c34989ac9c76e674d895	cb7ad9add22117662ccaca657d72086582304149	80b7e743ff22395a94d212a6b23fbdb2ec9ad76403d6b44a60a8a5aaf40be953	c3d9eeebbc34fd754fbc24030996da7bc3f36095364cf995151f3aef42256a4a	historical-touchscreen-client	semantic-parent-diff-and-final-source/tests	corroborates	functional/who-8-video-door-entry-telephony/README.md	Initial call, intercom, lock, stair, camera, readiness and movement forms traced through subsequent fixes; short end form, malformed early fixture and wrong temporary external kind excluded as superseded defects
libqtdevices	c4df8f430c9e09c1ee032424314a705bcd1b7082	2e34c038236465b08538b0cacb640b40497ac106	test/test_entryphone_device.h	29bb75d2a250fe397859df261369d645b998d6a2	6cb0e3abda689459a85562196bbb020bf37d377e	a7693a972f7067a64bab06dc020bc89d2707197c9190ac9fb956a449219717c9	8013492143d9f89618ec05ad192ea0fc961390cff8e88132d95e06e984b96d4c	historical-touchscreen-client	semantic-parent-diff-and-final-source/tests	corroborates	functional/who-8-video-door-entry-telephony/README.md	Initial call, intercom, lock, stair, camera, readiness and movement forms traced through subsequent fixes; short end form, malformed early fixture and wrong temporary external kind excluded as superseded defects
libqtdevices	8380a0a9dfab3a8f2b7ed0162c3b655a3589faca	3480b4fc0a7ea91106d147c267b6ef6cfaf58da0	entryphone_device.cpp	73760c83c54edfee3d97a9acbceeb186eaffa59b	300623ecb6608f7f8c7b7ee2e9af1a7c25a5847c	2a0d1958db313cfb02ad7333029bf8420108dbfe707afd0784dc7df7fe262452	11540280b216fba3f5cff0fec0dc7d5cd86d89984c1fb9787935f4d28ee39d7f	historical-touchscreen-client	semantic-parent-diff-and-final-source/tests	corroborates	functional/who-8-video-door-entry-telephony/README.md	Initial call, intercom, lock, stair, camera, readiness and movement forms traced through subsequent fixes; short end form, malformed early fixture and wrong temporary external kind excluded as superseded defects
libqtdevices	8380a0a9dfab3a8f2b7ed0162c3b655a3589faca	3480b4fc0a7ea91106d147c267b6ef6cfaf58da0	entryphone_device.h	ab1888a0813069f463b4ef6aa24b882b3757d940	a909a3fcd21af371f9dc05a04c97cd88745d0b44	d19ea4c7f530bb5b09e1b4ff1dfcde34c45ba271037633dc6660964830efa903	42f1ee7fc9ccee6d2c5fb7db5a9b9c6f273cde1cf5224ca6b721561ebf33ab15	historical-touchscreen-client	semantic-parent-diff-and-final-source/tests	corroborates	functional/who-8-video-door-entry-telephony/README.md	Initial call, intercom, lock, stair, camera, readiness and movement forms traced through subsequent fixes; short end form, malformed early fixture and wrong temporary external kind excluded as superseded defects
libqtdevices	3480b4fc0a7ea91106d147c267b6ef6cfaf58da0	124cc683f1e85556c41c367cd80dd61fc91caef2	entryphone_device.cpp	798b34d97acb6aef5df8613e4b69c9be940a1d08	73760c83c54edfee3d97a9acbceeb186eaffa59b	df476cc88e0fbdb10905eec69804157089877dc809d2c86a9d9060fb357de569	2a0d1958db313cfb02ad7333029bf8420108dbfe707afd0784dc7df7fe262452	historical-touchscreen-client	semantic-parent-diff-and-final-source/tests	corroborates	functional/who-8-video-door-entry-telephony/README.md	Initial call, intercom, lock, stair, camera, readiness and movement forms traced through subsequent fixes; short end form, malformed early fixture and wrong temporary external kind excluded as superseded defects
libqtdevices	3480b4fc0a7ea91106d147c267b6ef6cfaf58da0	124cc683f1e85556c41c367cd80dd61fc91caef2	entryphone_device.h	2d407fc26978abcd9edf8d562072cb15057a9066	ab1888a0813069f463b4ef6aa24b882b3757d940	b7b8e5cfbfe2c64a4ae28df0296768c4216545d48971717b3953c32e5bf6dd70	d19ea4c7f530bb5b09e1b4ff1dfcde34c45ba271037633dc6660964830efa903	historical-touchscreen-client	semantic-parent-diff-and-final-source/tests	corroborates	functional/who-8-video-door-entry-telephony/README.md	Initial call, intercom, lock, stair, camera, readiness and movement forms traced through subsequent fixes; short end form, malformed early fixture and wrong temporary external kind excluded as superseded defects
libqtdevices	55999aa7a20949022d74128d76792367b20908cd	1a25c7068be963224b91059e7e219833d46137bf	test/test_entryphone_device.cpp	2a5219e2f07459ec6af882a3d8cb2eaf86ac945f	a9a70bcefa6809496ed9c34989ac9c76e674d895	75161cbe127f8d2d2719c4a21ab797c1c6ce1b0314d6e1357c17929d2e7c9911	80b7e743ff22395a94d212a6b23fbdb2ec9ad76403d6b44a60a8a5aaf40be953	historical-touchscreen-client	semantic-parent-diff-and-final-source/tests	corroborates	functional/who-8-video-door-entry-telephony/README.md	Initial call, intercom, lock, stair, camera, readiness and movement forms traced through subsequent fixes; short end form, malformed early fixture and wrong temporary external kind excluded as superseded defects
libqtdevices	55999aa7a20949022d74128d76792367b20908cd	1a25c7068be963224b91059e7e219833d46137bf	test/test_entryphone_device.h	528bd8c072c66da6477c392019ab97c48290be94	29bb75d2a250fe397859df261369d645b998d6a2	2f36be83fd33c32b88527982405cbdee7318e88c163795cea0f4d4efa52bbd5b	a7693a972f7067a64bab06dc020bc89d2707197c9190ac9fb956a449219717c9	historical-touchscreen-client	semantic-parent-diff-and-final-source/tests	corroborates	functional/who-8-video-door-entry-telephony/README.md	Initial call, intercom, lock, stair, camera, readiness and movement forms traced through subsequent fixes; short end form, malformed early fixture and wrong temporary external kind excluded as superseded defects
libqtdevices	1a25c7068be963224b91059e7e219833d46137bf	0c468aec2e4003a1c1f6b5c5637ca8c91f55cbd8	entryphone_device.cpp	224684f0074c723d250fe87d501d8bb9b84ca2f1	798b34d97acb6aef5df8613e4b69c9be940a1d08	5314586e974988a70ba3779e55f0cd4bb391cbc6f283d95cdc3697601244e912	df476cc88e0fbdb10905eec69804157089877dc809d2c86a9d9060fb357de569	historical-touchscreen-client	semantic-parent-diff-and-final-source/tests	corroborates	functional/who-8-video-door-entry-telephony/README.md	Initial call, intercom, lock, stair, camera, readiness and movement forms traced through subsequent fixes; short end form, malformed early fixture and wrong temporary external kind excluded as superseded defects
libqtdevices	0c468aec2e4003a1c1f6b5c5637ca8c91f55cbd8	240acabcc1117659c07bc66eacbdb4b5d7dca9b9	entryphone_device.cpp	0089e4c2f89ec20f7b6244adf9c75050202d0731	224684f0074c723d250fe87d501d8bb9b84ca2f1	017523712d589266977061bdd806ec0ce4863618a5b7c4e88fb41740cd03415f	5314586e974988a70ba3779e55f0cd4bb391cbc6f283d95cdc3697601244e912	historical-touchscreen-client	semantic-parent-diff-and-final-source/tests	corroborates	functional/who-8-video-door-entry-telephony/README.md	Initial call, intercom, lock, stair, camera, readiness and movement forms traced through subsequent fixes; short end form, malformed early fixture and wrong temporary external kind excluded as superseded defects
libqtdevices	0c468aec2e4003a1c1f6b5c5637ca8c91f55cbd8	240acabcc1117659c07bc66eacbdb4b5d7dca9b9	entryphone_device.h	2e1489a37ce45d391428bd3ca9c740c7d8381189	2d407fc26978abcd9edf8d562072cb15057a9066	6edc9b35032fbf2cbdf107bb495f3b10f9371ac102fd284ce11cfdca4a334d1e	b7b8e5cfbfe2c64a4ae28df0296768c4216545d48971717b3953c32e5bf6dd70	historical-touchscreen-client	semantic-parent-diff-and-final-source/tests	corroborates	functional/who-8-video-door-entry-telephony/README.md	Initial call, intercom, lock, stair, camera, readiness and movement forms traced through subsequent fixes; short end form, malformed early fixture and wrong temporary external kind excluded as superseded defects
libqtdevices	240acabcc1117659c07bc66eacbdb4b5d7dca9b9	37f968bcc4b2f29a9dca4788c5520228486fb2eb	entryphone_device.h	724b1461164dae16b2f89b678279241dffd0f58f	2e1489a37ce45d391428bd3ca9c740c7d8381189	51fbf1b7dc91f1fdfa5faec0a104a8f134ae365b72e5628e205e7f8c161480db	6edc9b35032fbf2cbdf107bb495f3b10f9371ac102fd284ce11cfdca4a334d1e	historical-touchscreen-client	semantic-parent-diff-and-final-source/tests	excluded	-	Documentation movement/formatting, removed comments or licence only; timeout/byte-count/checksum descriptions checked against executable values and stale comments not promoted
libqtdevices	37f968bcc4b2f29a9dca4788c5520228486fb2eb	a27211e8434d6cedd95e4c1eb92686c823a93867	entryphone_device.cpp	81f446c0dddc6adf83dbd735625cd0477e3f1a68	0089e4c2f89ec20f7b6244adf9c75050202d0731	ef9dbf0204eeefaca97b2384d739ab8137d1caf622aabdd9bc59099cb71df66f	017523712d589266977061bdd806ec0ce4863618a5b7c4e88fb41740cd03415f	historical-touchscreen-client	semantic-parent-diff-and-final-source/tests	corroborates	functional/who-8-video-door-entry-telephony/README.md	Initial call, intercom, lock, stair, camera, readiness and movement forms traced through subsequent fixes; short end form, malformed early fixture and wrong temporary external kind excluded as superseded defects
libqtdevices	37f968bcc4b2f29a9dca4788c5520228486fb2eb	a27211e8434d6cedd95e4c1eb92686c823a93867	entryphone_device.h	d799d1079b05ace0c54425284f908d9912541716	724b1461164dae16b2f89b678279241dffd0f58f	6211fab08942021ac7f5a9c30a906c5f11b33d0fe8a35800d128c8c1b5a81cdc	51fbf1b7dc91f1fdfa5faec0a104a8f134ae365b72e5628e205e7f8c161480db	historical-touchscreen-client	semantic-parent-diff-and-final-source/tests	corroborates	functional/who-8-video-door-entry-telephony/README.md	Initial call, intercom, lock, stair, camera, readiness and movement forms traced through subsequent fixes; short end form, malformed early fixture and wrong temporary external kind excluded as superseded defects
libqtdevices	a27211e8434d6cedd95e4c1eb92686c823a93867	4b0fdd9b7d42f0e7bc90c4080b004a635a25bcc3	test/test_entryphone_device.cpp	061c6bb12720b548fd12965326e1885a564acafa	2a5219e2f07459ec6af882a3d8cb2eaf86ac945f	27627b1e39f8400668a489fc6b03f532ce464ea2c41b6358e5f49ada9af54dfb	75161cbe127f8d2d2719c4a21ab797c1c6ce1b0314d6e1357c17929d2e7c9911	historical-touchscreen-client	semantic-parent-diff-and-final-source/tests	corroborates	functional/who-8-video-door-entry-telephony/README.md	Initial call, intercom, lock, stair, camera, readiness and movement forms traced through subsequent fixes; short end form, malformed early fixture and wrong temporary external kind excluded as superseded defects
libqtdevices	4b0fdd9b7d42f0e7bc90c4080b004a635a25bcc3	b72a31c9aa625ddf468e8f5042824ea2494bf2cf	entryphone_device.cpp	a2b0a330b29a1b77e9f9889dda5f5a6239c4fe70	81f446c0dddc6adf83dbd735625cd0477e3f1a68	cee5993b0a15a7681e688171157f8e4ecb57d2192e925388270ad806430be76b	ef9dbf0204eeefaca97b2384d739ab8137d1caf622aabdd9bc59099cb71df66f	historical-touchscreen-client	semantic-parent-diff-and-final-source/tests	corroborates	functional/who-8-video-door-entry-telephony/README.md	Initial call, intercom, lock, stair, camera, readiness and movement forms traced through subsequent fixes; short end form, malformed early fixture and wrong temporary external kind excluded as superseded defects
libqtdevices	b72a31c9aa625ddf468e8f5042824ea2494bf2cf	74705a99b1db51d6b75bc3ec32b171432dc14a73	entryphone_device.cpp	2731cd3b96229f971c4e49d3d43cdd945b5ac8d9	a2b0a330b29a1b77e9f9889dda5f5a6239c4fe70	fe3c4ca1208677916dca2251e06cae07158564daf1a3625ac4e10f11826fa62e	cee5993b0a15a7681e688171157f8e4ecb57d2192e925388270ad806430be76b	historical-touchscreen-client	semantic-parent-diff-and-final-source/tests	corroborates	functional/who-8-video-door-entry-telephony/README.md	Initial call, intercom, lock, stair, camera, readiness and movement forms traced through subsequent fixes; short end form, malformed early fixture and wrong temporary external kind excluded as superseded defects
libqtdevices	74705a99b1db51d6b75bc3ec32b171432dc14a73	b510b8340c1c881242908f94720fbad1bee66be4	test/test_entryphone_device.cpp	85890ed9585358ec5aeb2e21e13df99f1625a972	061c6bb12720b548fd12965326e1885a564acafa	4b1089b548acb0eeae333667499bda4183197c157d6d2ca6014a64330e285b7d	27627b1e39f8400668a489fc6b03f532ce464ea2c41b6358e5f49ada9af54dfb	historical-touchscreen-client	semantic-parent-diff-and-final-source/tests	corroborates	functional/who-8-video-door-entry-telephony/README.md	Initial call, intercom, lock, stair, camera, readiness and movement forms traced through subsequent fixes; short end form, malformed early fixture and wrong temporary external kind excluded as superseded defects
libqtdevices	74705a99b1db51d6b75bc3ec32b171432dc14a73	b510b8340c1c881242908f94720fbad1bee66be4	test/test_entryphone_device.h	8eaa3099c3d63a0b4dc9f81af8be5302b7aff5ee	528bd8c072c66da6477c392019ab97c48290be94	ee8f735b0c50326d958aa37c54aabe11c931dbb4cb6d4b2f2931af76604f7667	2f36be83fd33c32b88527982405cbdee7318e88c163795cea0f4d4efa52bbd5b	historical-touchscreen-client	semantic-parent-diff-and-final-source/tests	corroborates	functional/who-8-video-door-entry-telephony/README.md	Initial call, intercom, lock, stair, camera, readiness and movement forms traced through subsequent fixes; short end form, malformed early fixture and wrong temporary external kind excluded as superseded defects
libqtdevices	b510b8340c1c881242908f94720fbad1bee66be4	54679888b6ad0bc88b3a9a27568f24f185b0e2b8	test/test_entryphone_device.cpp	bf9746779107aecac965236ee71451f573eef5fa	85890ed9585358ec5aeb2e21e13df99f1625a972	b3b64511090291bb4504054072eca7d51705c45d4e2c0b13181be0dba6084dc0	4b1089b548acb0eeae333667499bda4183197c157d6d2ca6014a64330e285b7d	historical-touchscreen-client	semantic-parent-diff-and-final-source/tests	corroborates	functional/who-8-video-door-entry-telephony/README.md	Initial call, intercom, lock, stair, camera, readiness and movement forms traced through subsequent fixes; short end form, malformed early fixture and wrong temporary external kind excluded as superseded defects
libqtdevices	b510b8340c1c881242908f94720fbad1bee66be4	54679888b6ad0bc88b3a9a27568f24f185b0e2b8	test/test_entryphone_device.h	0d298ee485f76e87b0b6938fbd42959eafbcdaa4	8eaa3099c3d63a0b4dc9f81af8be5302b7aff5ee	69737ed348f4cc8c6da8223d324915e4ba108fe2f5b77419d8844bd88ed8cd4a	ee8f735b0c50326d958aa37c54aabe11c931dbb4cb6d4b2f2931af76604f7667	historical-touchscreen-client	semantic-parent-diff-and-final-source/tests	corroborates	functional/who-8-video-door-entry-telephony/README.md	Initial call, intercom, lock, stair, camera, readiness and movement forms traced through subsequent fixes; short end form, malformed early fixture and wrong temporary external kind excluded as superseded defects
libqtdevices	5a0f57811547b31a414265e4a680a162ebd13b0c	aefc1d24bf5b6fda1fcb9a9f41d41d2c11f928e3	entryphone_device.cpp	574b628bfda1bf48cba53e827212a73fbdbd9482	2731cd3b96229f971c4e49d3d43cdd945b5ac8d9	af43fc16d489313fefba43261f88754c9e7c28140907b108580f2255b3fdef4a	fe3c4ca1208677916dca2251e06cae07158564daf1a3625ac4e10f11826fa62e	historical-touchscreen-client	semantic-parent-diff-and-final-source/tests	corroborates	functional/who-8-video-door-entry-telephony/README.md	Initial call, intercom, lock, stair, camera, readiness and movement forms traced through subsequent fixes; short end form, malformed early fixture and wrong temporary external kind excluded as superseded defects
libqtdevices	5a0f57811547b31a414265e4a680a162ebd13b0c	aefc1d24bf5b6fda1fcb9a9f41d41d2c11f928e3	entryphone_device.h	7626d3b9ba913f5658899be99b5b67e99e725d4b	d799d1079b05ace0c54425284f908d9912541716	9caf7dd73b1ee232afcd0bf437fa3882dc948e7528c4d554631501e693d88314	6211fab08942021ac7f5a9c30a906c5f11b33d0fe8a35800d128c8c1b5a81cdc	historical-touchscreen-client	semantic-parent-diff-and-final-source/tests	corroborates	functional/who-8-video-door-entry-telephony/README.md	Initial call, intercom, lock, stair, camera, readiness and movement forms traced through subsequent fixes; short end form, malformed early fixture and wrong temporary external kind excluded as superseded defects
libqtdevices	9acd32b3e5a369f2d100244923db8fca4de8c745	89ef340da6876e0d851d247f4091ad36b6897006	entryphone_device.cpp	c533ccc86937a0fa05128c06caa9e0a57178a3ea	574b628bfda1bf48cba53e827212a73fbdbd9482	17c80c94745c2473c91bba2ff7f9fb3066a97dd2d05d8378d30e8c4016bbf6b9	af43fc16d489313fefba43261f88754c9e7c28140907b108580f2255b3fdef4a	historical-touchscreen-client	semantic-parent-diff-and-final-source/tests	corroborates	functional/who-8-video-door-entry-telephony/README.md	Initial call, intercom, lock, stair, camera, readiness and movement forms traced through subsequent fixes; short end form, malformed early fixture and wrong temporary external kind excluded as superseded defects
libqtdevices	9acd32b3e5a369f2d100244923db8fca4de8c745	89ef340da6876e0d851d247f4091ad36b6897006	entryphone_device.h	429b3a8bf3ff764f48741bed1c71b9421a1270e5	7626d3b9ba913f5658899be99b5b67e99e725d4b	cd76d91af6c944e498110005af6117daad511357abb418485a48ec4e89b52cf4	9caf7dd73b1ee232afcd0bf437fa3882dc948e7528c4d554631501e693d88314	historical-touchscreen-client	semantic-parent-diff-and-final-source/tests	corroborates	functional/who-8-video-door-entry-telephony/README.md	Initial call, intercom, lock, stair, camera, readiness and movement forms traced through subsequent fixes; short end form, malformed early fixture and wrong temporary external kind excluded as superseded defects
libqtdevices	9acd32b3e5a369f2d100244923db8fca4de8c745	89ef340da6876e0d851d247f4091ad36b6897006	test/test_entryphone_device.cpp	e0935c7ea31c5a5d8529f0b097d859f81aae67b8	bf9746779107aecac965236ee71451f573eef5fa	a00bb36628c7b7f4af4c3303845fdae2314ff162ebaef392f6ed466412b6c958	b3b64511090291bb4504054072eca7d51705c45d4e2c0b13181be0dba6084dc0	historical-touchscreen-client	semantic-parent-diff-and-final-source/tests	corroborates	functional/who-8-video-door-entry-telephony/README.md	Initial call, intercom, lock, stair, camera, readiness and movement forms traced through subsequent fixes; short end form, malformed early fixture and wrong temporary external kind excluded as superseded defects
libqtdevices	9acd32b3e5a369f2d100244923db8fca4de8c745	89ef340da6876e0d851d247f4091ad36b6897006	test/test_entryphone_device.h	be8546356a399d689982802cc23cd3124be7a085	0d298ee485f76e87b0b6938fbd42959eafbcdaa4	a53a860721128d81e47b0348afbabc9b6823b44681f16da2c5e40cdab14a6539	69737ed348f4cc8c6da8223d324915e4ba108fe2f5b77419d8844bd88ed8cd4a	historical-touchscreen-client	semantic-parent-diff-and-final-source/tests	corroborates	functional/who-8-video-door-entry-telephony/README.md	Initial call, intercom, lock, stair, camera, readiness and movement forms traced through subsequent fixes; short end form, malformed early fixture and wrong temporary external kind excluded as superseded defects
libqtdevices	89ef340da6876e0d851d247f4091ad36b6897006	3aa4399b79226e22fe3be479a795af073b4b5a8e	test/test_entryphone_device.cpp	0000000000000000000000000000000000000000	e0935c7ea31c5a5d8529f0b097d859f81aae67b8	-	a00bb36628c7b7f4af4c3303845fdae2314ff162ebaef392f6ed466412b6c958	historical-touchscreen-client	semantic-parent-diff-and-final-source/tests	corroborates	functional/who-8-video-door-entry-telephony/README.md	Initial call, intercom, lock, stair, camera, readiness and movement forms traced through subsequent fixes; short end form, malformed early fixture and wrong temporary external kind excluded as superseded defects
libqtdevices	89ef340da6876e0d851d247f4091ad36b6897006	3aa4399b79226e22fe3be479a795af073b4b5a8e	test/test_entryphone_device.h	0000000000000000000000000000000000000000	be8546356a399d689982802cc23cd3124be7a085	-	a53a860721128d81e47b0348afbabc9b6823b44681f16da2c5e40cdab14a6539	historical-touchscreen-client	semantic-parent-diff-and-final-source/tests	corroborates	functional/who-8-video-door-entry-telephony/README.md	Initial call, intercom, lock, stair, camera, readiness and movement forms traced through subsequent fixes; short end form, malformed early fixture and wrong temporary external kind excluded as superseded defects
libqtdevices	3aa4399b79226e22fe3be479a795af073b4b5a8e	1871961de01a4637646c2fa60565047aa2a84f4a	entryphone_device.cpp	0000000000000000000000000000000000000000	c533ccc86937a0fa05128c06caa9e0a57178a3ea	-	17c80c94745c2473c91bba2ff7f9fb3066a97dd2d05d8378d30e8c4016bbf6b9	historical-touchscreen-client	semantic-parent-diff-and-final-source/tests	excluded	-	Empty initial device methods are stubs; method names do not establish working commands
libqtdevices	3aa4399b79226e22fe3be479a795af073b4b5a8e	1871961de01a4637646c2fa60565047aa2a84f4a	entryphone_device.h	0000000000000000000000000000000000000000	429b3a8bf3ff764f48741bed1c71b9421a1270e5	-	cd76d91af6c944e498110005af6117daad511357abb418485a48ec4e89b52cf4	historical-touchscreen-client	semantic-parent-diff-and-final-source/tests	excluded	-	Empty initial device methods are stubs; method names do not establish working commands
libqtdevices	a9bd7d28c7bd4dabd541dd6af1e2314e304bfcdc	5066a146be0d849caa8e02691d65636b6330c1b0	message_device.cpp	4cebd4dde4b331ad555f3426cdd22a887746c7bd	fdbb649c3b00f57887d86d6e291a26c6e5fcaa5b	371db16604f820b39dd4048f0c55c8dc01973d5a7b99ebc51d280c09d5975051	9a2464bd8c6a5c03ab626a0a9139ba439426fed6e7c1de54440465c2bc0afca1	historical-touchscreen-client	exact-reviewed-endpoint-blob-reuse	corroborates	functional/who-8-video-door-entry-telephony/README.md	Every changed endpoint blob is identical to a core-ledger source/test endpoint already semantically reviewed; merge/removal adds no unreviewed file implementation; integration combinations not executed
libqtdevices	fabaa1f2b729a1cf885a42219a940501840dcdb9	cb588d4c7777811bda3c1fc5c549443591c8352f	devices/test/test_videodoorentry_device.cpp	6f40553903c3756419e699eaa667f24bcd2e955b	5b68f0a986c9a37aed0d09583ff201b253767ecd	13d86e6c240dc7c02baae2f129e0186844b9b38406036860c36218878540e62f	0ec2ea04c684038e936da52f3b9e0f53f6d3b44d6e240f2ef9d2db27a1e892a9	historical-touchscreen-client	exact-reviewed-endpoint-blob-reuse	corroborates	functional/who-8-video-door-entry-telephony/README.md	Every changed endpoint blob is identical to a core-ledger source/test endpoint already semantically reviewed; merge/removal adds no unreviewed file implementation; integration combinations not executed
libqtdevices	fabaa1f2b729a1cf885a42219a940501840dcdb9	cb588d4c7777811bda3c1fc5c549443591c8352f	devices/test/test_videodoorentry_device.h	eb9c84ec2a03ecacc94758ff87368f930c4c3793	8b79928745ecf1a2523edc09b05c12c5899be61b	97398c4772413cfb4f4c6699704f8d2e43aa6fd99115ca03086db66da4459674	c7daf61857821654c30270cc07d7faad1a2c1496a2a689eaee1f295ed8295a18	historical-touchscreen-client	exact-reviewed-endpoint-blob-reuse	corroborates	functional/who-8-video-door-entry-telephony/README.md	Every changed endpoint blob is identical to a core-ledger source/test endpoint already semantically reviewed; merge/removal adds no unreviewed file implementation; integration combinations not executed
libqtdevices	fabaa1f2b729a1cf885a42219a940501840dcdb9	cb588d4c7777811bda3c1fc5c549443591c8352f	devices/videodoorentry_device.cpp	7eb39a060f754bd1dc0a174d6f5f4eca40c9b0bb	948f2182a7539959efefe2ef7695f0758e50e4ff	817aaafb8a4cbef4b2037e58f708981bc2e1ac8ddafdf11a4d33f682f512fd44	42fe4fac2afc4dd2cebc32e9b90fbd3a260bc32ee5313c7678d00f9f8a1d3d31	historical-touchscreen-client	exact-reviewed-endpoint-blob-reuse	corroborates	functional/who-8-video-door-entry-telephony/README.md	Every changed endpoint blob is identical to a core-ledger source/test endpoint already semantically reviewed; merge/removal adds no unreviewed file implementation; integration combinations not executed
libqtdevices	fabaa1f2b729a1cf885a42219a940501840dcdb9	cb588d4c7777811bda3c1fc5c549443591c8352f	devices/videodoorentry_device.h	b09e0e47ec34014fbc7c1398eb7709022bf12489	5281497b151d36bf3c33242e02a7153cf084df36	062af29ffa7b18835bcc168df55c820cdcaf81b43fbbc3a7124f3d982dfb9b67	451b56f99e4387d449f6c99632e63795fba96fa720c1aeddc9e135a0b426e09b	historical-touchscreen-client	exact-reviewed-endpoint-blob-reuse	corroborates	functional/who-8-video-door-entry-telephony/README.md	Every changed endpoint blob is identical to a core-ledger source/test endpoint already semantically reviewed; merge/removal adds no unreviewed file implementation; integration combinations not executed
libqtdevices	5316c71d51c8904a97051c0bfe11756279e39f17	18fadc32c3d547dbdde641d3a19501d858f7cb41	devices/test/test_videodoorentry_device.cpp	58c4f67e42a8ce5bf3cea6513986c26f9777a28c	0f1ef2db5d7fda7affbadc8a751f426358e88eee	8d0e58967d6b7d93e63c8606ebdea869a37a27e6b736d33db23f7e5b0d1bfac0	1fe708a7815b29ea80608100aa46b5f2ff191393ded5857724e06b6d2dda43d7	historical-touchscreen-client	exact-reviewed-endpoint-blob-reuse	corroborates	functional/who-8-video-door-entry-telephony/README.md	Every changed endpoint blob is identical to a core-ledger source/test endpoint already semantically reviewed; merge/removal adds no unreviewed file implementation; integration combinations not executed
libqtdevices	5316c71d51c8904a97051c0bfe11756279e39f17	18fadc32c3d547dbdde641d3a19501d858f7cb41	devices/test/test_videodoorentry_device.h	70801a1ae72cc4a0f8a6e664eb47997814434a3b	f79f489908d1ac92f2430fead209b8839ab41186	67afe46c646c4c7bf9104ebf1871d3307a24ec43e4f45bfd14b8e1ca205b2acb	13daeaa6d73c9bf831743f764bfe033079269882c3e33f590934a0e4635709a4	historical-touchscreen-client	exact-reviewed-endpoint-blob-reuse	corroborates	functional/who-8-video-door-entry-telephony/README.md	Every changed endpoint blob is identical to a core-ledger source/test endpoint already semantically reviewed; merge/removal adds no unreviewed file implementation; integration combinations not executed
libqtdevices	5316c71d51c8904a97051c0bfe11756279e39f17	18fadc32c3d547dbdde641d3a19501d858f7cb41	devices/videodoorentry_device.cpp	79f211399dddd95b483c5d9f9a2ff62ad39d2171	16fdd6099323da9d69acad71206e700c84e28554	737c097f09a2a27627a7d8559e3c8eead6abdfb54843ccb1cba3866236bd2c6c	993063758f14f17fc2fe0aa9d302d7521452add393df46df0a283d22b6ffd13d	historical-touchscreen-client	exact-reviewed-endpoint-blob-reuse	corroborates	functional/who-8-video-door-entry-telephony/README.md	Every changed endpoint blob is identical to a core-ledger source/test endpoint already semantically reviewed; merge/removal adds no unreviewed file implementation; integration combinations not executed
libqtdevices	5316c71d51c8904a97051c0bfe11756279e39f17	18fadc32c3d547dbdde641d3a19501d858f7cb41	devices/videodoorentry_device.h	543d3736ce98abbdbe0a323bd0e4fb598ff6e1eb	046fbb4314c9a7531a763a533cb9964d68196214	91e8287a69d114358f7a64e2686ff04b1408c2d17cdaff9d1344f159bd73f6ed	2dab97f1476249f8aa47483cb52f0687c8e0781b11602e73fdd43ab767fb0ff5	historical-touchscreen-client	exact-reviewed-endpoint-blob-reuse	corroborates	functional/who-8-video-door-entry-telephony/README.md	Every changed endpoint blob is identical to a core-ledger source/test endpoint already semantically reviewed; merge/removal adds no unreviewed file implementation; integration combinations not executed
libqtdevices	18fadc32c3d547dbdde641d3a19501d858f7cb41	d9b73c849b41036c73b15831cd34d853ce34ee18	devices/videodoorentry_device.h	5606f3a147ba012c6b519ff3714dd6f60ea30214	543d3736ce98abbdbe0a323bd0e4fb598ff6e1eb	c941e6bdc2af766d1336e3467a4ebb4dcaf22aa6c506698b9e2347ff8dbc7ae7	91e8287a69d114358f7a64e2686ff04b1408c2d17cdaff9d1344f159bd73f6ed	historical-touchscreen-client	exact-reviewed-endpoint-blob-reuse	corroborates	functional/who-8-video-door-entry-telephony/README.md	Every changed endpoint blob is identical to a core-ledger source/test endpoint already semantically reviewed; merge/removal adds no unreviewed file implementation; integration combinations not executed
libqtdevices	a9254533e288a967ada22d0bd1e7719db7f15a0d	13147e7aa6be92f4e62fe457c83c0e067ed63cf4	devices/test/test_videodoorentry_device.cpp	28f79064699db90bf9dfd8b0812b5999e9130479	58c4f67e42a8ce5bf3cea6513986c26f9777a28c	f1f8448906c7573fbb8965adc2c49ca8b5d03cac5ef8e1b9e76277eebcac339a	8d0e58967d6b7d93e63c8606ebdea869a37a27e6b736d33db23f7e5b0d1bfac0	historical-touchscreen-client	exact-reviewed-endpoint-blob-reuse	corroborates	functional/who-8-video-door-entry-telephony/README.md	Every changed endpoint blob is identical to a core-ledger source/test endpoint already semantically reviewed; merge/removal adds no unreviewed file implementation; integration combinations not executed
libqtdevices	a9254533e288a967ada22d0bd1e7719db7f15a0d	13147e7aa6be92f4e62fe457c83c0e067ed63cf4	devices/videodoorentry_device.cpp	46e65d78a3accd46c724da911e314c38b61523db	6bdd18ec34e0e18efc7dee50cc8d59cc9be5042c	194570e4337a24b0cfb8e59ea8cb2daafc84aa4680fa47ee4346323252fa41bb	d16e775103a586c8bebeb495ec9bfff4a9fd86a63797c7fb1e77a0d648f54c39	historical-touchscreen-client	exact-reviewed-endpoint-blob-reuse	corroborates	functional/who-8-video-door-entry-telephony/README.md	Every changed endpoint blob is identical to a core-ledger source/test endpoint already semantically reviewed; merge/removal adds no unreviewed file implementation; integration combinations not executed
libqtdevices	a9254533e288a967ada22d0bd1e7719db7f15a0d	13147e7aa6be92f4e62fe457c83c0e067ed63cf4	devices/videodoorentry_device.h	f902bbcab4c68f9535716a0ee46342d50bdc5f23	53dec08d7c596bd8bc25d5c834b5631728d39e47	b0a2dfc2b42b79f5c4c7e9b6855472ae366dfdef58cbdf6a5f2713fb1d8d5578	968638b84f8b9485f2673645e5325210b5a802ed87d0930006ff0a32b02e33ad	historical-touchscreen-client	exact-reviewed-endpoint-blob-reuse	corroborates	functional/who-8-video-door-entry-telephony/README.md	Every changed endpoint blob is identical to a core-ledger source/test endpoint already semantically reviewed; merge/removal adds no unreviewed file implementation; integration combinations not executed
libqtdevices	3c71e1d47d77aa7cabd187e5ee4fe951c2ba4cc9	54b3edc77a6afbc98b4a624f23273288a27d37dd	devices/test/test_videodoorentry_device.cpp	28f79064699db90bf9dfd8b0812b5999e9130479	58c4f67e42a8ce5bf3cea6513986c26f9777a28c	f1f8448906c7573fbb8965adc2c49ca8b5d03cac5ef8e1b9e76277eebcac339a	8d0e58967d6b7d93e63c8606ebdea869a37a27e6b736d33db23f7e5b0d1bfac0	historical-touchscreen-client	exact-reviewed-endpoint-blob-reuse	corroborates	functional/who-8-video-door-entry-telephony/README.md	Every changed endpoint blob is identical to a core-ledger source/test endpoint already semantically reviewed; merge/removal adds no unreviewed file implementation; integration combinations not executed
libqtdevices	3c71e1d47d77aa7cabd187e5ee4fe951c2ba4cc9	54b3edc77a6afbc98b4a624f23273288a27d37dd	devices/videodoorentry_device.cpp	46e65d78a3accd46c724da911e314c38b61523db	6bdd18ec34e0e18efc7dee50cc8d59cc9be5042c	194570e4337a24b0cfb8e59ea8cb2daafc84aa4680fa47ee4346323252fa41bb	d16e775103a586c8bebeb495ec9bfff4a9fd86a63797c7fb1e77a0d648f54c39	historical-touchscreen-client	exact-reviewed-endpoint-blob-reuse	corroborates	functional/who-8-video-door-entry-telephony/README.md	Every changed endpoint blob is identical to a core-ledger source/test endpoint already semantically reviewed; merge/removal adds no unreviewed file implementation; integration combinations not executed
libqtdevices	3c71e1d47d77aa7cabd187e5ee4fe951c2ba4cc9	54b3edc77a6afbc98b4a624f23273288a27d37dd	devices/videodoorentry_device.h	f902bbcab4c68f9535716a0ee46342d50bdc5f23	53dec08d7c596bd8bc25d5c834b5631728d39e47	b0a2dfc2b42b79f5c4c7e9b6855472ae366dfdef58cbdf6a5f2713fb1d8d5578	968638b84f8b9485f2673645e5325210b5a802ed87d0930006ff0a32b02e33ad	historical-touchscreen-client	exact-reviewed-endpoint-blob-reuse	corroborates	functional/who-8-video-door-entry-telephony/README.md	Every changed endpoint blob is identical to a core-ledger source/test endpoint already semantically reviewed; merge/removal adds no unreviewed file implementation; integration combinations not executed
libqtdevices	4bd15f2f24d0417966b3ec8b2e8174c5e463d899	184b6dcea5a3a1cb44e98f502fa23b6296430cda	devices/test/test_videodoorentry_device.cpp	28f79064699db90bf9dfd8b0812b5999e9130479	58c4f67e42a8ce5bf3cea6513986c26f9777a28c	f1f8448906c7573fbb8965adc2c49ca8b5d03cac5ef8e1b9e76277eebcac339a	8d0e58967d6b7d93e63c8606ebdea869a37a27e6b736d33db23f7e5b0d1bfac0	historical-touchscreen-client	exact-reviewed-endpoint-blob-reuse	corroborates	functional/who-8-video-door-entry-telephony/README.md	Every changed endpoint blob is identical to a core-ledger source/test endpoint already semantically reviewed; merge/removal adds no unreviewed file implementation; integration combinations not executed
libqtdevices	4bd15f2f24d0417966b3ec8b2e8174c5e463d899	184b6dcea5a3a1cb44e98f502fa23b6296430cda	devices/videodoorentry_device.cpp	46e65d78a3accd46c724da911e314c38b61523db	6bdd18ec34e0e18efc7dee50cc8d59cc9be5042c	194570e4337a24b0cfb8e59ea8cb2daafc84aa4680fa47ee4346323252fa41bb	d16e775103a586c8bebeb495ec9bfff4a9fd86a63797c7fb1e77a0d648f54c39	historical-touchscreen-client	exact-reviewed-endpoint-blob-reuse	corroborates	functional/who-8-video-door-entry-telephony/README.md	Every changed endpoint blob is identical to a core-ledger source/test endpoint already semantically reviewed; merge/removal adds no unreviewed file implementation; integration combinations not executed
libqtdevices	4bd15f2f24d0417966b3ec8b2e8174c5e463d899	184b6dcea5a3a1cb44e98f502fa23b6296430cda	devices/videodoorentry_device.h	f902bbcab4c68f9535716a0ee46342d50bdc5f23	53dec08d7c596bd8bc25d5c834b5631728d39e47	b0a2dfc2b42b79f5c4c7e9b6855472ae366dfdef58cbdf6a5f2713fb1d8d5578	968638b84f8b9485f2673645e5325210b5a802ed87d0930006ff0a32b02e33ad	historical-touchscreen-client	exact-reviewed-endpoint-blob-reuse	corroborates	functional/who-8-video-door-entry-telephony/README.md	Every changed endpoint blob is identical to a core-ledger source/test endpoint already semantically reviewed; merge/removal adds no unreviewed file implementation; integration combinations not executed
libqtdevices	18d46f1cf6fe9ef1fc3b919b7e138cf62e7b79a1	c83a9e20d5b2b906c2985c52f3ccfb6711710455	devices/test/test_videodoorentry_device.cpp	28f79064699db90bf9dfd8b0812b5999e9130479	58c4f67e42a8ce5bf3cea6513986c26f9777a28c	f1f8448906c7573fbb8965adc2c49ca8b5d03cac5ef8e1b9e76277eebcac339a	8d0e58967d6b7d93e63c8606ebdea869a37a27e6b736d33db23f7e5b0d1bfac0	historical-touchscreen-client	exact-reviewed-endpoint-blob-reuse	corroborates	functional/who-8-video-door-entry-telephony/README.md	Every changed endpoint blob is identical to a core-ledger source/test endpoint already semantically reviewed; merge/removal adds no unreviewed file implementation; integration combinations not executed
libqtdevices	18d46f1cf6fe9ef1fc3b919b7e138cf62e7b79a1	c83a9e20d5b2b906c2985c52f3ccfb6711710455	devices/videodoorentry_device.cpp	46e65d78a3accd46c724da911e314c38b61523db	6bdd18ec34e0e18efc7dee50cc8d59cc9be5042c	194570e4337a24b0cfb8e59ea8cb2daafc84aa4680fa47ee4346323252fa41bb	d16e775103a586c8bebeb495ec9bfff4a9fd86a63797c7fb1e77a0d648f54c39	historical-touchscreen-client	exact-reviewed-endpoint-blob-reuse	corroborates	functional/who-8-video-door-entry-telephony/README.md	Every changed endpoint blob is identical to a core-ledger source/test endpoint already semantically reviewed; merge/removal adds no unreviewed file implementation; integration combinations not executed
libqtdevices	18d46f1cf6fe9ef1fc3b919b7e138cf62e7b79a1	c83a9e20d5b2b906c2985c52f3ccfb6711710455	devices/videodoorentry_device.h	f902bbcab4c68f9535716a0ee46342d50bdc5f23	53dec08d7c596bd8bc25d5c834b5631728d39e47	b0a2dfc2b42b79f5c4c7e9b6855472ae366dfdef58cbdf6a5f2713fb1d8d5578	968638b84f8b9485f2673645e5325210b5a802ed87d0930006ff0a32b02e33ad	historical-touchscreen-client	exact-reviewed-endpoint-blob-reuse	corroborates	functional/who-8-video-door-entry-telephony/README.md	Every changed endpoint blob is identical to a core-ledger source/test endpoint already semantically reviewed; merge/removal adds no unreviewed file implementation; integration combinations not executed
libqtdevices	b3d7645b4b16a311d9c58a42c07e9564b84900a3	3e64783040d67134c7b160b9f04c47efeb606446	devices/test/test_videodoorentry_device.cpp	28f79064699db90bf9dfd8b0812b5999e9130479	58c4f67e42a8ce5bf3cea6513986c26f9777a28c	f1f8448906c7573fbb8965adc2c49ca8b5d03cac5ef8e1b9e76277eebcac339a	8d0e58967d6b7d93e63c8606ebdea869a37a27e6b736d33db23f7e5b0d1bfac0	historical-touchscreen-client	exact-reviewed-endpoint-blob-reuse	corroborates	functional/who-8-video-door-entry-telephony/README.md	Every changed endpoint blob is identical to a core-ledger source/test endpoint already semantically reviewed; merge/removal adds no unreviewed file implementation; integration combinations not executed
libqtdevices	b3d7645b4b16a311d9c58a42c07e9564b84900a3	3e64783040d67134c7b160b9f04c47efeb606446	devices/videodoorentry_device.cpp	46e65d78a3accd46c724da911e314c38b61523db	6bdd18ec34e0e18efc7dee50cc8d59cc9be5042c	194570e4337a24b0cfb8e59ea8cb2daafc84aa4680fa47ee4346323252fa41bb	d16e775103a586c8bebeb495ec9bfff4a9fd86a63797c7fb1e77a0d648f54c39	historical-touchscreen-client	exact-reviewed-endpoint-blob-reuse	corroborates	functional/who-8-video-door-entry-telephony/README.md	Every changed endpoint blob is identical to a core-ledger source/test endpoint already semantically reviewed; merge/removal adds no unreviewed file implementation; integration combinations not executed
libqtdevices	b3d7645b4b16a311d9c58a42c07e9564b84900a3	3e64783040d67134c7b160b9f04c47efeb606446	devices/videodoorentry_device.h	f902bbcab4c68f9535716a0ee46342d50bdc5f23	53dec08d7c596bd8bc25d5c834b5631728d39e47	b0a2dfc2b42b79f5c4c7e9b6855472ae366dfdef58cbdf6a5f2713fb1d8d5578	968638b84f8b9485f2673645e5325210b5a802ed87d0930006ff0a32b02e33ad	historical-touchscreen-client	exact-reviewed-endpoint-blob-reuse	corroborates	functional/who-8-video-door-entry-telephony/README.md	Every changed endpoint blob is identical to a core-ledger source/test endpoint already semantically reviewed; merge/removal adds no unreviewed file implementation; integration combinations not executed
libqtdevices	feae625c9ce18e62c8fb0f242567a622723bc799	933525accb0584cc0a02da6e197318ff7d245ee8	devices/test/test_videodoorentry_device.cpp	28f79064699db90bf9dfd8b0812b5999e9130479	58c4f67e42a8ce5bf3cea6513986c26f9777a28c	f1f8448906c7573fbb8965adc2c49ca8b5d03cac5ef8e1b9e76277eebcac339a	8d0e58967d6b7d93e63c8606ebdea869a37a27e6b736d33db23f7e5b0d1bfac0	historical-touchscreen-client	exact-reviewed-endpoint-blob-reuse	corroborates	functional/who-8-video-door-entry-telephony/README.md	Every changed endpoint blob is identical to a core-ledger source/test endpoint already semantically reviewed; merge/removal adds no unreviewed file implementation; integration combinations not executed
libqtdevices	feae625c9ce18e62c8fb0f242567a622723bc799	933525accb0584cc0a02da6e197318ff7d245ee8	devices/videodoorentry_device.cpp	46e65d78a3accd46c724da911e314c38b61523db	6bdd18ec34e0e18efc7dee50cc8d59cc9be5042c	194570e4337a24b0cfb8e59ea8cb2daafc84aa4680fa47ee4346323252fa41bb	d16e775103a586c8bebeb495ec9bfff4a9fd86a63797c7fb1e77a0d648f54c39	historical-touchscreen-client	exact-reviewed-endpoint-blob-reuse	corroborates	functional/who-8-video-door-entry-telephony/README.md	Every changed endpoint blob is identical to a core-ledger source/test endpoint already semantically reviewed; merge/removal adds no unreviewed file implementation; integration combinations not executed
libqtdevices	feae625c9ce18e62c8fb0f242567a622723bc799	933525accb0584cc0a02da6e197318ff7d245ee8	devices/videodoorentry_device.h	f902bbcab4c68f9535716a0ee46342d50bdc5f23	53dec08d7c596bd8bc25d5c834b5631728d39e47	b0a2dfc2b42b79f5c4c7e9b6855472ae366dfdef58cbdf6a5f2713fb1d8d5578	968638b84f8b9485f2673645e5325210b5a802ed87d0930006ff0a32b02e33ad	historical-touchscreen-client	exact-reviewed-endpoint-blob-reuse	corroborates	functional/who-8-video-door-entry-telephony/README.md	Every changed endpoint blob is identical to a core-ledger source/test endpoint already semantically reviewed; merge/removal adds no unreviewed file implementation; integration combinations not executed
libqtdevices	1913f0b2f5f3f8e1778cba1fd05657fa66bd6273	a13c592c67e9b332243f90ac2c2742658a436cee	devices/test/test_videodoorentry_device.cpp	28f79064699db90bf9dfd8b0812b5999e9130479	58c4f67e42a8ce5bf3cea6513986c26f9777a28c	f1f8448906c7573fbb8965adc2c49ca8b5d03cac5ef8e1b9e76277eebcac339a	8d0e58967d6b7d93e63c8606ebdea869a37a27e6b736d33db23f7e5b0d1bfac0	historical-touchscreen-client	exact-reviewed-endpoint-blob-reuse	corroborates	functional/who-8-video-door-entry-telephony/README.md	Every changed endpoint blob is identical to a core-ledger source/test endpoint already semantically reviewed; merge/removal adds no unreviewed file implementation; integration combinations not executed
libqtdevices	1913f0b2f5f3f8e1778cba1fd05657fa66bd6273	a13c592c67e9b332243f90ac2c2742658a436cee	devices/videodoorentry_device.cpp	46e65d78a3accd46c724da911e314c38b61523db	6bdd18ec34e0e18efc7dee50cc8d59cc9be5042c	194570e4337a24b0cfb8e59ea8cb2daafc84aa4680fa47ee4346323252fa41bb	d16e775103a586c8bebeb495ec9bfff4a9fd86a63797c7fb1e77a0d648f54c39	historical-touchscreen-client	exact-reviewed-endpoint-blob-reuse	corroborates	functional/who-8-video-door-entry-telephony/README.md	Every changed endpoint blob is identical to a core-ledger source/test endpoint already semantically reviewed; merge/removal adds no unreviewed file implementation; integration combinations not executed
libqtdevices	1913f0b2f5f3f8e1778cba1fd05657fa66bd6273	a13c592c67e9b332243f90ac2c2742658a436cee	devices/videodoorentry_device.h	f902bbcab4c68f9535716a0ee46342d50bdc5f23	53dec08d7c596bd8bc25d5c834b5631728d39e47	b0a2dfc2b42b79f5c4c7e9b6855472ae366dfdef58cbdf6a5f2713fb1d8d5578	968638b84f8b9485f2673645e5325210b5a802ed87d0930006ff0a32b02e33ad	historical-touchscreen-client	exact-reviewed-endpoint-blob-reuse	corroborates	functional/who-8-video-door-entry-telephony/README.md	Every changed endpoint blob is identical to a core-ledger source/test endpoint already semantically reviewed; merge/removal adds no unreviewed file implementation; integration combinations not executed
libqtdevices	6d7ee01641d28966506b6bf3ad7be45a4a62c78f	c87033f36e580bf1d2537a23f59c2bce138f394e	devices/test/test_videodoorentry_device.cpp	28f79064699db90bf9dfd8b0812b5999e9130479	58c4f67e42a8ce5bf3cea6513986c26f9777a28c	f1f8448906c7573fbb8965adc2c49ca8b5d03cac5ef8e1b9e76277eebcac339a	8d0e58967d6b7d93e63c8606ebdea869a37a27e6b736d33db23f7e5b0d1bfac0	historical-touchscreen-client	exact-reviewed-endpoint-blob-reuse	corroborates	functional/who-8-video-door-entry-telephony/README.md	Every changed endpoint blob is identical to a core-ledger source/test endpoint already semantically reviewed; merge/removal adds no unreviewed file implementation; integration combinations not executed
libqtdevices	6d7ee01641d28966506b6bf3ad7be45a4a62c78f	c87033f36e580bf1d2537a23f59c2bce138f394e	devices/videodoorentry_device.cpp	46e65d78a3accd46c724da911e314c38b61523db	6bdd18ec34e0e18efc7dee50cc8d59cc9be5042c	194570e4337a24b0cfb8e59ea8cb2daafc84aa4680fa47ee4346323252fa41bb	d16e775103a586c8bebeb495ec9bfff4a9fd86a63797c7fb1e77a0d648f54c39	historical-touchscreen-client	exact-reviewed-endpoint-blob-reuse	corroborates	functional/who-8-video-door-entry-telephony/README.md	Every changed endpoint blob is identical to a core-ledger source/test endpoint already semantically reviewed; merge/removal adds no unreviewed file implementation; integration combinations not executed
libqtdevices	6d7ee01641d28966506b6bf3ad7be45a4a62c78f	c87033f36e580bf1d2537a23f59c2bce138f394e	devices/videodoorentry_device.h	f902bbcab4c68f9535716a0ee46342d50bdc5f23	53dec08d7c596bd8bc25d5c834b5631728d39e47	b0a2dfc2b42b79f5c4c7e9b6855472ae366dfdef58cbdf6a5f2713fb1d8d5578	968638b84f8b9485f2673645e5325210b5a802ed87d0930006ff0a32b02e33ad	historical-touchscreen-client	exact-reviewed-endpoint-blob-reuse	corroborates	functional/who-8-video-door-entry-telephony/README.md	Every changed endpoint blob is identical to a core-ledger source/test endpoint already semantically reviewed; merge/removal adds no unreviewed file implementation; integration combinations not executed
libqtdevices	53fe1ee4ebe064865e7e678c0310d548bb6d654c	147e7be090a01e62a1fe76c507c18aa0ce35c95e	devices/test/test_videodoorentry_device.cpp	28f79064699db90bf9dfd8b0812b5999e9130479	58c4f67e42a8ce5bf3cea6513986c26f9777a28c	f1f8448906c7573fbb8965adc2c49ca8b5d03cac5ef8e1b9e76277eebcac339a	8d0e58967d6b7d93e63c8606ebdea869a37a27e6b736d33db23f7e5b0d1bfac0	historical-touchscreen-client	exact-reviewed-endpoint-blob-reuse	corroborates	functional/who-8-video-door-entry-telephony/README.md	Every changed endpoint blob is identical to a core-ledger source/test endpoint already semantically reviewed; merge/removal adds no unreviewed file implementation; integration combinations not executed
libqtdevices	53fe1ee4ebe064865e7e678c0310d548bb6d654c	147e7be090a01e62a1fe76c507c18aa0ce35c95e	devices/videodoorentry_device.cpp	46e65d78a3accd46c724da911e314c38b61523db	6bdd18ec34e0e18efc7dee50cc8d59cc9be5042c	194570e4337a24b0cfb8e59ea8cb2daafc84aa4680fa47ee4346323252fa41bb	d16e775103a586c8bebeb495ec9bfff4a9fd86a63797c7fb1e77a0d648f54c39	historical-touchscreen-client	exact-reviewed-endpoint-blob-reuse	corroborates	functional/who-8-video-door-entry-telephony/README.md	Every changed endpoint blob is identical to a core-ledger source/test endpoint already semantically reviewed; merge/removal adds no unreviewed file implementation; integration combinations not executed
libqtdevices	53fe1ee4ebe064865e7e678c0310d548bb6d654c	147e7be090a01e62a1fe76c507c18aa0ce35c95e	devices/videodoorentry_device.h	f902bbcab4c68f9535716a0ee46342d50bdc5f23	53dec08d7c596bd8bc25d5c834b5631728d39e47	b0a2dfc2b42b79f5c4c7e9b6855472ae366dfdef58cbdf6a5f2713fb1d8d5578	968638b84f8b9485f2673645e5325210b5a802ed87d0930006ff0a32b02e33ad	historical-touchscreen-client	exact-reviewed-endpoint-blob-reuse	corroborates	functional/who-8-video-door-entry-telephony/README.md	Every changed endpoint blob is identical to a core-ledger source/test endpoint already semantically reviewed; merge/removal adds no unreviewed file implementation; integration combinations not executed
libqtdevices	f667c9eb5e0c89d74a1c0c92c72ff915e0a917c2	02d8646bddb06fc6f17fdd4a0722d66206cbc4d6	devices/test/test_videodoorentry_device.cpp	28f79064699db90bf9dfd8b0812b5999e9130479	58c4f67e42a8ce5bf3cea6513986c26f9777a28c	f1f8448906c7573fbb8965adc2c49ca8b5d03cac5ef8e1b9e76277eebcac339a	8d0e58967d6b7d93e63c8606ebdea869a37a27e6b736d33db23f7e5b0d1bfac0	historical-touchscreen-client	exact-reviewed-endpoint-blob-reuse	corroborates	functional/who-8-video-door-entry-telephony/README.md	Every changed endpoint blob is identical to a core-ledger source/test endpoint already semantically reviewed; merge/removal adds no unreviewed file implementation; integration combinations not executed
libqtdevices	f667c9eb5e0c89d74a1c0c92c72ff915e0a917c2	02d8646bddb06fc6f17fdd4a0722d66206cbc4d6	devices/videodoorentry_device.cpp	46e65d78a3accd46c724da911e314c38b61523db	6bdd18ec34e0e18efc7dee50cc8d59cc9be5042c	194570e4337a24b0cfb8e59ea8cb2daafc84aa4680fa47ee4346323252fa41bb	d16e775103a586c8bebeb495ec9bfff4a9fd86a63797c7fb1e77a0d648f54c39	historical-touchscreen-client	exact-reviewed-endpoint-blob-reuse	corroborates	functional/who-8-video-door-entry-telephony/README.md	Every changed endpoint blob is identical to a core-ledger source/test endpoint already semantically reviewed; merge/removal adds no unreviewed file implementation; integration combinations not executed
libqtdevices	f667c9eb5e0c89d74a1c0c92c72ff915e0a917c2	02d8646bddb06fc6f17fdd4a0722d66206cbc4d6	devices/videodoorentry_device.h	f902bbcab4c68f9535716a0ee46342d50bdc5f23	53dec08d7c596bd8bc25d5c834b5631728d39e47	b0a2dfc2b42b79f5c4c7e9b6855472ae366dfdef58cbdf6a5f2713fb1d8d5578	968638b84f8b9485f2673645e5325210b5a802ed87d0930006ff0a32b02e33ad	historical-touchscreen-client	exact-reviewed-endpoint-blob-reuse	corroborates	functional/who-8-video-door-entry-telephony/README.md	Every changed endpoint blob is identical to a core-ledger source/test endpoint already semantically reviewed; merge/removal adds no unreviewed file implementation; integration combinations not executed
libqtdevices	3b6a3bd02df085fddb5bf33055760b1cd35e8f43	f7128640969e67a8d8d8e276635edcf3f6b2fa4a	devices/test/test_videodoorentry_device.cpp	28f79064699db90bf9dfd8b0812b5999e9130479	58c4f67e42a8ce5bf3cea6513986c26f9777a28c	f1f8448906c7573fbb8965adc2c49ca8b5d03cac5ef8e1b9e76277eebcac339a	8d0e58967d6b7d93e63c8606ebdea869a37a27e6b736d33db23f7e5b0d1bfac0	historical-touchscreen-client	exact-reviewed-endpoint-blob-reuse	corroborates	functional/who-8-video-door-entry-telephony/README.md	Every changed endpoint blob is identical to a core-ledger source/test endpoint already semantically reviewed; merge/removal adds no unreviewed file implementation; integration combinations not executed
libqtdevices	3b6a3bd02df085fddb5bf33055760b1cd35e8f43	f7128640969e67a8d8d8e276635edcf3f6b2fa4a	devices/videodoorentry_device.cpp	46e65d78a3accd46c724da911e314c38b61523db	6bdd18ec34e0e18efc7dee50cc8d59cc9be5042c	194570e4337a24b0cfb8e59ea8cb2daafc84aa4680fa47ee4346323252fa41bb	d16e775103a586c8bebeb495ec9bfff4a9fd86a63797c7fb1e77a0d648f54c39	historical-touchscreen-client	exact-reviewed-endpoint-blob-reuse	corroborates	functional/who-8-video-door-entry-telephony/README.md	Every changed endpoint blob is identical to a core-ledger source/test endpoint already semantically reviewed; merge/removal adds no unreviewed file implementation; integration combinations not executed
libqtdevices	3b6a3bd02df085fddb5bf33055760b1cd35e8f43	f7128640969e67a8d8d8e276635edcf3f6b2fa4a	devices/videodoorentry_device.h	f902bbcab4c68f9535716a0ee46342d50bdc5f23	53dec08d7c596bd8bc25d5c834b5631728d39e47	b0a2dfc2b42b79f5c4c7e9b6855472ae366dfdef58cbdf6a5f2713fb1d8d5578	968638b84f8b9485f2673645e5325210b5a802ed87d0930006ff0a32b02e33ad	historical-touchscreen-client	exact-reviewed-endpoint-blob-reuse	corroborates	functional/who-8-video-door-entry-telephony/README.md	Every changed endpoint blob is identical to a core-ledger source/test endpoint already semantically reviewed; merge/removal adds no unreviewed file implementation; integration combinations not executed
libqtdevices	af0bf083d0d2c61839e376a232f2ff945b48577f	243c5c01ce26aa6e44065adc062e0498714f188c	devices/test/test_videodoorentry_device.cpp	28f79064699db90bf9dfd8b0812b5999e9130479	58c4f67e42a8ce5bf3cea6513986c26f9777a28c	f1f8448906c7573fbb8965adc2c49ca8b5d03cac5ef8e1b9e76277eebcac339a	8d0e58967d6b7d93e63c8606ebdea869a37a27e6b736d33db23f7e5b0d1bfac0	historical-touchscreen-client	exact-reviewed-endpoint-blob-reuse	corroborates	functional/who-8-video-door-entry-telephony/README.md	Every changed endpoint blob is identical to a core-ledger source/test endpoint already semantically reviewed; merge/removal adds no unreviewed file implementation; integration combinations not executed
libqtdevices	af0bf083d0d2c61839e376a232f2ff945b48577f	243c5c01ce26aa6e44065adc062e0498714f188c	devices/videodoorentry_device.cpp	46e65d78a3accd46c724da911e314c38b61523db	6bdd18ec34e0e18efc7dee50cc8d59cc9be5042c	194570e4337a24b0cfb8e59ea8cb2daafc84aa4680fa47ee4346323252fa41bb	d16e775103a586c8bebeb495ec9bfff4a9fd86a63797c7fb1e77a0d648f54c39	historical-touchscreen-client	exact-reviewed-endpoint-blob-reuse	corroborates	functional/who-8-video-door-entry-telephony/README.md	Every changed endpoint blob is identical to a core-ledger source/test endpoint already semantically reviewed; merge/removal adds no unreviewed file implementation; integration combinations not executed
libqtdevices	af0bf083d0d2c61839e376a232f2ff945b48577f	243c5c01ce26aa6e44065adc062e0498714f188c	devices/videodoorentry_device.h	f902bbcab4c68f9535716a0ee46342d50bdc5f23	53dec08d7c596bd8bc25d5c834b5631728d39e47	b0a2dfc2b42b79f5c4c7e9b6855472ae366dfdef58cbdf6a5f2713fb1d8d5578	968638b84f8b9485f2673645e5325210b5a802ed87d0930006ff0a32b02e33ad	historical-touchscreen-client	exact-reviewed-endpoint-blob-reuse	corroborates	functional/who-8-video-door-entry-telephony/README.md	Every changed endpoint blob is identical to a core-ledger source/test endpoint already semantically reviewed; merge/removal adds no unreviewed file implementation; integration combinations not executed
libqtdevices	88db6d6f30cae7a780e1be37e26186717573d667	0a34085424e991c0b7de8ab71816e30c0de47bf5	devices/videodoorentry_device.cpp	fbff8fe786ac56d2b9c102a4d9517041f6ea9876	46e65d78a3accd46c724da911e314c38b61523db	97eb5dc9ae023091ac05777c31977e4b83b29fe0bc84f5947afbcb9b8cc085a8	194570e4337a24b0cfb8e59ea8cb2daafc84aa4680fa47ee4346323252fa41bb	historical-touchscreen-client	unknown-blob-semantic-diff	excluded	-	Only unreviewed blob differs by END CALL qDebug line, added then reverted; no protocol/state change
libqtdevices	5c6138fddb10ab9b0e31c489f3bba8d1e0d1b374	7637ff13e458a2f4344ebe6be2fda18d1b1e5bc6	devices/test/test_videodoorentry_device.cpp	28f79064699db90bf9dfd8b0812b5999e9130479	58c4f67e42a8ce5bf3cea6513986c26f9777a28c	f1f8448906c7573fbb8965adc2c49ca8b5d03cac5ef8e1b9e76277eebcac339a	8d0e58967d6b7d93e63c8606ebdea869a37a27e6b736d33db23f7e5b0d1bfac0	historical-touchscreen-client	exact-reviewed-endpoint-blob-reuse	corroborates	functional/who-8-video-door-entry-telephony/README.md	Every changed endpoint blob is identical to a core-ledger source/test endpoint already semantically reviewed; merge/removal adds no unreviewed file implementation; integration combinations not executed
libqtdevices	5c6138fddb10ab9b0e31c489f3bba8d1e0d1b374	7637ff13e458a2f4344ebe6be2fda18d1b1e5bc6	devices/videodoorentry_device.cpp	46e65d78a3accd46c724da911e314c38b61523db	6bdd18ec34e0e18efc7dee50cc8d59cc9be5042c	194570e4337a24b0cfb8e59ea8cb2daafc84aa4680fa47ee4346323252fa41bb	d16e775103a586c8bebeb495ec9bfff4a9fd86a63797c7fb1e77a0d648f54c39	historical-touchscreen-client	exact-reviewed-endpoint-blob-reuse	corroborates	functional/who-8-video-door-entry-telephony/README.md	Every changed endpoint blob is identical to a core-ledger source/test endpoint already semantically reviewed; merge/removal adds no unreviewed file implementation; integration combinations not executed
libqtdevices	5c6138fddb10ab9b0e31c489f3bba8d1e0d1b374	7637ff13e458a2f4344ebe6be2fda18d1b1e5bc6	devices/videodoorentry_device.h	f902bbcab4c68f9535716a0ee46342d50bdc5f23	53dec08d7c596bd8bc25d5c834b5631728d39e47	b0a2dfc2b42b79f5c4c7e9b6855472ae366dfdef58cbdf6a5f2713fb1d8d5578	968638b84f8b9485f2673645e5325210b5a802ed87d0930006ff0a32b02e33ad	historical-touchscreen-client	exact-reviewed-endpoint-blob-reuse	corroborates	functional/who-8-video-door-entry-telephony/README.md	Every changed endpoint blob is identical to a core-ledger source/test endpoint already semantically reviewed; merge/removal adds no unreviewed file implementation; integration combinations not executed
libqtdevices	7637ff13e458a2f4344ebe6be2fda18d1b1e5bc6	9503d2975d6a11ffd7bc3abc41d3025d0dd018b5	devices/videodoorentry_device.cpp	fbff8fe786ac56d2b9c102a4d9517041f6ea9876	46e65d78a3accd46c724da911e314c38b61523db	97eb5dc9ae023091ac05777c31977e4b83b29fe0bc84f5947afbcb9b8cc085a8	194570e4337a24b0cfb8e59ea8cb2daafc84aa4680fa47ee4346323252fa41bb	historical-touchscreen-client	unknown-blob-semantic-diff	excluded	-	Only unreviewed blob differs by END CALL qDebug line, added then reverted; no protocol/state change
libqtdevices	ff962b57ec8169977ec7b52717593eedc014aeb5	86b9f069f48bf887d1980664e4ca6ef87c1ca81c	devices/videodoorentry_device.cpp	46e65d78a3accd46c724da911e314c38b61523db	fbff8fe786ac56d2b9c102a4d9517041f6ea9876	194570e4337a24b0cfb8e59ea8cb2daafc84aa4680fa47ee4346323252fa41bb	97eb5dc9ae023091ac05777c31977e4b83b29fe0bc84f5947afbcb9b8cc085a8	historical-touchscreen-client	unknown-blob-semantic-diff	excluded	-	Only unreviewed blob differs by END CALL qDebug line, added then reverted; no protocol/state change
libqtdevices	4ebafbf469d50cd250e7b1b18491d2682f0cc3bf	ba3faab02649237b17c1d540f4d43132e81a0c30	devices/videodoorentry_device.cpp	46e65d78a3accd46c724da911e314c38b61523db	fbff8fe786ac56d2b9c102a4d9517041f6ea9876	194570e4337a24b0cfb8e59ea8cb2daafc84aa4680fa47ee4346323252fa41bb	97eb5dc9ae023091ac05777c31977e4b83b29fe0bc84f5947afbcb9b8cc085a8	historical-touchscreen-client	unknown-blob-semantic-diff	excluded	-	Only unreviewed blob differs by END CALL qDebug line, added then reverted; no protocol/state change
libqtdevices	0a34085424e991c0b7de8ab71816e30c0de47bf5	07f4685fd8bcdc807387d3e235f0ca8c873e9177	devices/videodoorentry_device.cpp	46e65d78a3accd46c724da911e314c38b61523db	fbff8fe786ac56d2b9c102a4d9517041f6ea9876	194570e4337a24b0cfb8e59ea8cb2daafc84aa4680fa47ee4346323252fa41bb	97eb5dc9ae023091ac05777c31977e4b83b29fe0bc84f5947afbcb9b8cc085a8	historical-touchscreen-client	unknown-blob-semantic-diff	excluded	-	Only unreviewed blob differs by END CALL qDebug line, added then reverted; no protocol/state change
libqtdevices	9c929bc7f1541ec917615467d6bb90d79f2f2433	ba3faab02649237b17c1d540f4d43132e81a0c30	devices/test/test_videodoorentry_device.cpp	28f79064699db90bf9dfd8b0812b5999e9130479	58c4f67e42a8ce5bf3cea6513986c26f9777a28c	f1f8448906c7573fbb8965adc2c49ca8b5d03cac5ef8e1b9e76277eebcac339a	8d0e58967d6b7d93e63c8606ebdea869a37a27e6b736d33db23f7e5b0d1bfac0	historical-touchscreen-client	exact-reviewed-endpoint-blob-reuse	corroborates	functional/who-8-video-door-entry-telephony/README.md	Every changed endpoint blob is identical to a core-ledger source/test endpoint already semantically reviewed; merge/removal adds no unreviewed file implementation; integration combinations not executed
libqtdevices	9c929bc7f1541ec917615467d6bb90d79f2f2433	ba3faab02649237b17c1d540f4d43132e81a0c30	devices/videodoorentry_device.cpp	46e65d78a3accd46c724da911e314c38b61523db	6bdd18ec34e0e18efc7dee50cc8d59cc9be5042c	194570e4337a24b0cfb8e59ea8cb2daafc84aa4680fa47ee4346323252fa41bb	d16e775103a586c8bebeb495ec9bfff4a9fd86a63797c7fb1e77a0d648f54c39	historical-touchscreen-client	exact-reviewed-endpoint-blob-reuse	corroborates	functional/who-8-video-door-entry-telephony/README.md	Every changed endpoint blob is identical to a core-ledger source/test endpoint already semantically reviewed; merge/removal adds no unreviewed file implementation; integration combinations not executed
libqtdevices	9c929bc7f1541ec917615467d6bb90d79f2f2433	ba3faab02649237b17c1d540f4d43132e81a0c30	devices/videodoorentry_device.h	f902bbcab4c68f9535716a0ee46342d50bdc5f23	53dec08d7c596bd8bc25d5c834b5631728d39e47	b0a2dfc2b42b79f5c4c7e9b6855472ae366dfdef58cbdf6a5f2713fb1d8d5578	968638b84f8b9485f2673645e5325210b5a802ed87d0930006ff0a32b02e33ad	historical-touchscreen-client	exact-reviewed-endpoint-blob-reuse	corroborates	functional/who-8-video-door-entry-telephony/README.md	Every changed endpoint blob is identical to a core-ledger source/test endpoint already semantically reviewed; merge/removal adds no unreviewed file implementation; integration combinations not executed
libqtdevices	54e2b889fb737b83fb27656c5d8c227bc5245a7b	b14c7ba743306cfd8658550d2c6330b281e358be	devices/test/test_videodoorentry_device.cpp	28f79064699db90bf9dfd8b0812b5999e9130479	58c4f67e42a8ce5bf3cea6513986c26f9777a28c	f1f8448906c7573fbb8965adc2c49ca8b5d03cac5ef8e1b9e76277eebcac339a	8d0e58967d6b7d93e63c8606ebdea869a37a27e6b736d33db23f7e5b0d1bfac0	historical-touchscreen-client	exact-reviewed-endpoint-blob-reuse	corroborates	functional/who-8-video-door-entry-telephony/README.md	Every changed endpoint blob is identical to a core-ledger source/test endpoint already semantically reviewed; merge/removal adds no unreviewed file implementation; integration combinations not executed
libqtdevices	54e2b889fb737b83fb27656c5d8c227bc5245a7b	b14c7ba743306cfd8658550d2c6330b281e358be	devices/videodoorentry_device.cpp	46e65d78a3accd46c724da911e314c38b61523db	6bdd18ec34e0e18efc7dee50cc8d59cc9be5042c	194570e4337a24b0cfb8e59ea8cb2daafc84aa4680fa47ee4346323252fa41bb	d16e775103a586c8bebeb495ec9bfff4a9fd86a63797c7fb1e77a0d648f54c39	historical-touchscreen-client	exact-reviewed-endpoint-blob-reuse	corroborates	functional/who-8-video-door-entry-telephony/README.md	Every changed endpoint blob is identical to a core-ledger source/test endpoint already semantically reviewed; merge/removal adds no unreviewed file implementation; integration combinations not executed
libqtdevices	54e2b889fb737b83fb27656c5d8c227bc5245a7b	b14c7ba743306cfd8658550d2c6330b281e358be	devices/videodoorentry_device.h	f902bbcab4c68f9535716a0ee46342d50bdc5f23	53dec08d7c596bd8bc25d5c834b5631728d39e47	b0a2dfc2b42b79f5c4c7e9b6855472ae366dfdef58cbdf6a5f2713fb1d8d5578	968638b84f8b9485f2673645e5325210b5a802ed87d0930006ff0a32b02e33ad	historical-touchscreen-client	exact-reviewed-endpoint-blob-reuse	corroborates	functional/who-8-video-door-entry-telephony/README.md	Every changed endpoint blob is identical to a core-ledger source/test endpoint already semantically reviewed; merge/removal adds no unreviewed file implementation; integration combinations not executed
libqtdevices	0f459572a24e6d78fa2e516ca10897dbbfa6022d	4ffe058dbdb79ef2e59064d8f04810de156471f4	devices/test/test_videodoorentry_device.cpp	28f79064699db90bf9dfd8b0812b5999e9130479	58c4f67e42a8ce5bf3cea6513986c26f9777a28c	f1f8448906c7573fbb8965adc2c49ca8b5d03cac5ef8e1b9e76277eebcac339a	8d0e58967d6b7d93e63c8606ebdea869a37a27e6b736d33db23f7e5b0d1bfac0	historical-touchscreen-client	exact-reviewed-endpoint-blob-reuse	corroborates	functional/who-8-video-door-entry-telephony/README.md	Every changed endpoint blob is identical to a core-ledger source/test endpoint already semantically reviewed; merge/removal adds no unreviewed file implementation; integration combinations not executed
libqtdevices	0f459572a24e6d78fa2e516ca10897dbbfa6022d	4ffe058dbdb79ef2e59064d8f04810de156471f4	devices/videodoorentry_device.cpp	46e65d78a3accd46c724da911e314c38b61523db	6bdd18ec34e0e18efc7dee50cc8d59cc9be5042c	194570e4337a24b0cfb8e59ea8cb2daafc84aa4680fa47ee4346323252fa41bb	d16e775103a586c8bebeb495ec9bfff4a9fd86a63797c7fb1e77a0d648f54c39	historical-touchscreen-client	exact-reviewed-endpoint-blob-reuse	corroborates	functional/who-8-video-door-entry-telephony/README.md	Every changed endpoint blob is identical to a core-ledger source/test endpoint already semantically reviewed; merge/removal adds no unreviewed file implementation; integration combinations not executed
libqtdevices	0f459572a24e6d78fa2e516ca10897dbbfa6022d	4ffe058dbdb79ef2e59064d8f04810de156471f4	devices/videodoorentry_device.h	f902bbcab4c68f9535716a0ee46342d50bdc5f23	53dec08d7c596bd8bc25d5c834b5631728d39e47	b0a2dfc2b42b79f5c4c7e9b6855472ae366dfdef58cbdf6a5f2713fb1d8d5578	968638b84f8b9485f2673645e5325210b5a802ed87d0930006ff0a32b02e33ad	historical-touchscreen-client	exact-reviewed-endpoint-blob-reuse	corroborates	functional/who-8-video-door-entry-telephony/README.md	Every changed endpoint blob is identical to a core-ledger source/test endpoint already semantically reviewed; merge/removal adds no unreviewed file implementation; integration combinations not executed
libqtdevices	76ee3a04aceeab3122b204faa1c6c402988d93e3	5d00ec2b4c0874901ed8e35868ff866d3077f1da	devices/videodoorentry_device.cpp	46e65d78a3accd46c724da911e314c38b61523db	6bdd18ec34e0e18efc7dee50cc8d59cc9be5042c	194570e4337a24b0cfb8e59ea8cb2daafc84aa4680fa47ee4346323252fa41bb	d16e775103a586c8bebeb495ec9bfff4a9fd86a63797c7fb1e77a0d648f54c39	historical-touchscreen-client	exact-reviewed-endpoint-blob-reuse	corroborates	functional/who-8-video-door-entry-telephony/README.md	Every changed endpoint blob is identical to a core-ledger source/test endpoint already semantically reviewed; merge/removal adds no unreviewed file implementation; integration combinations not executed
libqtdevices	76ee3a04aceeab3122b204faa1c6c402988d93e3	5d00ec2b4c0874901ed8e35868ff866d3077f1da	devices/videodoorentry_device.h	f902bbcab4c68f9535716a0ee46342d50bdc5f23	53dec08d7c596bd8bc25d5c834b5631728d39e47	b0a2dfc2b42b79f5c4c7e9b6855472ae366dfdef58cbdf6a5f2713fb1d8d5578	968638b84f8b9485f2673645e5325210b5a802ed87d0930006ff0a32b02e33ad	historical-touchscreen-client	exact-reviewed-endpoint-blob-reuse	corroborates	functional/who-8-video-door-entry-telephony/README.md	Every changed endpoint blob is identical to a core-ledger source/test endpoint already semantically reviewed; merge/removal adds no unreviewed file implementation; integration combinations not executed
libqtdevices	fd406cce6c69548fc0d92dbc683df4ee22a64183	ce67e3b1d5c3362543fe6f98560ee21a65834fa3	devices/videodoorentry_device.cpp	46e65d78a3accd46c724da911e314c38b61523db	6bdd18ec34e0e18efc7dee50cc8d59cc9be5042c	194570e4337a24b0cfb8e59ea8cb2daafc84aa4680fa47ee4346323252fa41bb	d16e775103a586c8bebeb495ec9bfff4a9fd86a63797c7fb1e77a0d648f54c39	historical-touchscreen-client	exact-reviewed-endpoint-blob-reuse	corroborates	functional/who-8-video-door-entry-telephony/README.md	Every changed endpoint blob is identical to a core-ledger source/test endpoint already semantically reviewed; merge/removal adds no unreviewed file implementation; integration combinations not executed
libqtdevices	fd406cce6c69548fc0d92dbc683df4ee22a64183	ce67e3b1d5c3362543fe6f98560ee21a65834fa3	devices/videodoorentry_device.h	f902bbcab4c68f9535716a0ee46342d50bdc5f23	53dec08d7c596bd8bc25d5c834b5631728d39e47	b0a2dfc2b42b79f5c4c7e9b6855472ae366dfdef58cbdf6a5f2713fb1d8d5578	968638b84f8b9485f2673645e5325210b5a802ed87d0930006ff0a32b02e33ad	historical-touchscreen-client	exact-reviewed-endpoint-blob-reuse	corroborates	functional/who-8-video-door-entry-telephony/README.md	Every changed endpoint blob is identical to a core-ledger source/test endpoint already semantically reviewed; merge/removal adds no unreviewed file implementation; integration combinations not executed
libqtdevices	781b8335d48a89cc20bce12b5b49ec3be9037756	111588854747cb4ebdd14113c298693b2f7201e5	devices/videodoorentry_device.cpp	46e65d78a3accd46c724da911e314c38b61523db	6bdd18ec34e0e18efc7dee50cc8d59cc9be5042c	194570e4337a24b0cfb8e59ea8cb2daafc84aa4680fa47ee4346323252fa41bb	d16e775103a586c8bebeb495ec9bfff4a9fd86a63797c7fb1e77a0d648f54c39	historical-touchscreen-client	exact-reviewed-endpoint-blob-reuse	corroborates	functional/who-8-video-door-entry-telephony/README.md	Every changed endpoint blob is identical to a core-ledger source/test endpoint already semantically reviewed; merge/removal adds no unreviewed file implementation; integration combinations not executed
libqtdevices	781b8335d48a89cc20bce12b5b49ec3be9037756	111588854747cb4ebdd14113c298693b2f7201e5	devices/videodoorentry_device.h	f902bbcab4c68f9535716a0ee46342d50bdc5f23	53dec08d7c596bd8bc25d5c834b5631728d39e47	b0a2dfc2b42b79f5c4c7e9b6855472ae366dfdef58cbdf6a5f2713fb1d8d5578	968638b84f8b9485f2673645e5325210b5a802ed87d0930006ff0a32b02e33ad	historical-touchscreen-client	exact-reviewed-endpoint-blob-reuse	corroborates	functional/who-8-video-door-entry-telephony/README.md	Every changed endpoint blob is identical to a core-ledger source/test endpoint already semantically reviewed; merge/removal adds no unreviewed file implementation; integration combinations not executed
libqtdevices	88bc226552e8979eb7b168b13cc914b9a933ef90	c4b399e2555eac1be758f52c817ba5995f406102	devices/videodoorentry_device.cpp	46e65d78a3accd46c724da911e314c38b61523db	6bdd18ec34e0e18efc7dee50cc8d59cc9be5042c	194570e4337a24b0cfb8e59ea8cb2daafc84aa4680fa47ee4346323252fa41bb	d16e775103a586c8bebeb495ec9bfff4a9fd86a63797c7fb1e77a0d648f54c39	historical-touchscreen-client	exact-reviewed-endpoint-blob-reuse	corroborates	functional/who-8-video-door-entry-telephony/README.md	Every changed endpoint blob is identical to a core-ledger source/test endpoint already semantically reviewed; merge/removal adds no unreviewed file implementation; integration combinations not executed
libqtdevices	88bc226552e8979eb7b168b13cc914b9a933ef90	c4b399e2555eac1be758f52c817ba5995f406102	devices/videodoorentry_device.h	f902bbcab4c68f9535716a0ee46342d50bdc5f23	53dec08d7c596bd8bc25d5c834b5631728d39e47	b0a2dfc2b42b79f5c4c7e9b6855472ae366dfdef58cbdf6a5f2713fb1d8d5578	968638b84f8b9485f2673645e5325210b5a802ed87d0930006ff0a32b02e33ad	historical-touchscreen-client	exact-reviewed-endpoint-blob-reuse	corroborates	functional/who-8-video-door-entry-telephony/README.md	Every changed endpoint blob is identical to a core-ledger source/test endpoint already semantically reviewed; merge/removal adds no unreviewed file implementation; integration combinations not executed
libqtdevices	1aac12344ef1066a4371a62a7f9286d9a224523e	9e5d95e353a52774b2e42e21c5a4e3257b1a01d0	devices/videodoorentry_device.cpp	46e65d78a3accd46c724da911e314c38b61523db	6bdd18ec34e0e18efc7dee50cc8d59cc9be5042c	194570e4337a24b0cfb8e59ea8cb2daafc84aa4680fa47ee4346323252fa41bb	d16e775103a586c8bebeb495ec9bfff4a9fd86a63797c7fb1e77a0d648f54c39	historical-touchscreen-client	exact-reviewed-endpoint-blob-reuse	corroborates	functional/who-8-video-door-entry-telephony/README.md	Every changed endpoint blob is identical to a core-ledger source/test endpoint already semantically reviewed; merge/removal adds no unreviewed file implementation; integration combinations not executed
libqtdevices	1aac12344ef1066a4371a62a7f9286d9a224523e	9e5d95e353a52774b2e42e21c5a4e3257b1a01d0	devices/videodoorentry_device.h	f902bbcab4c68f9535716a0ee46342d50bdc5f23	53dec08d7c596bd8bc25d5c834b5631728d39e47	b0a2dfc2b42b79f5c4c7e9b6855472ae366dfdef58cbdf6a5f2713fb1d8d5578	968638b84f8b9485f2673645e5325210b5a802ed87d0930006ff0a32b02e33ad	historical-touchscreen-client	exact-reviewed-endpoint-blob-reuse	corroborates	functional/who-8-video-door-entry-telephony/README.md	Every changed endpoint blob is identical to a core-ledger source/test endpoint already semantically reviewed; merge/removal adds no unreviewed file implementation; integration combinations not executed
libqtdevices	1f8d21adee1e0091482866e6d5e83dc978727a03	e3a8f6036c97a5c6db495445d65048bad94cc052	devices/videodoorentry_device.cpp	46e65d78a3accd46c724da911e314c38b61523db	6bdd18ec34e0e18efc7dee50cc8d59cc9be5042c	194570e4337a24b0cfb8e59ea8cb2daafc84aa4680fa47ee4346323252fa41bb	d16e775103a586c8bebeb495ec9bfff4a9fd86a63797c7fb1e77a0d648f54c39	historical-touchscreen-client	exact-reviewed-endpoint-blob-reuse	corroborates	functional/who-8-video-door-entry-telephony/README.md	Every changed endpoint blob is identical to a core-ledger source/test endpoint already semantically reviewed; merge/removal adds no unreviewed file implementation; integration combinations not executed
libqtdevices	1f8d21adee1e0091482866e6d5e83dc978727a03	e3a8f6036c97a5c6db495445d65048bad94cc052	devices/videodoorentry_device.h	f902bbcab4c68f9535716a0ee46342d50bdc5f23	53dec08d7c596bd8bc25d5c834b5631728d39e47	b0a2dfc2b42b79f5c4c7e9b6855472ae366dfdef58cbdf6a5f2713fb1d8d5578	968638b84f8b9485f2673645e5325210b5a802ed87d0930006ff0a32b02e33ad	historical-touchscreen-client	exact-reviewed-endpoint-blob-reuse	corroborates	functional/who-8-video-door-entry-telephony/README.md	Every changed endpoint blob is identical to a core-ledger source/test endpoint already semantically reviewed; merge/removal adds no unreviewed file implementation; integration combinations not executed
libqtdevices	d046193f9e8998e76f2398520d5f2f8227daa104	b532b789449802199f27332d43d1a386ace8133c	devices/videodoorentry_device.cpp	46e65d78a3accd46c724da911e314c38b61523db	6bdd18ec34e0e18efc7dee50cc8d59cc9be5042c	194570e4337a24b0cfb8e59ea8cb2daafc84aa4680fa47ee4346323252fa41bb	d16e775103a586c8bebeb495ec9bfff4a9fd86a63797c7fb1e77a0d648f54c39	historical-touchscreen-client	exact-reviewed-endpoint-blob-reuse	corroborates	functional/who-8-video-door-entry-telephony/README.md	Every changed endpoint blob is identical to a core-ledger source/test endpoint already semantically reviewed; merge/removal adds no unreviewed file implementation; integration combinations not executed
libqtdevices	d046193f9e8998e76f2398520d5f2f8227daa104	b532b789449802199f27332d43d1a386ace8133c	devices/videodoorentry_device.h	f902bbcab4c68f9535716a0ee46342d50bdc5f23	53dec08d7c596bd8bc25d5c834b5631728d39e47	b0a2dfc2b42b79f5c4c7e9b6855472ae366dfdef58cbdf6a5f2713fb1d8d5578	968638b84f8b9485f2673645e5325210b5a802ed87d0930006ff0a32b02e33ad	historical-touchscreen-client	exact-reviewed-endpoint-blob-reuse	corroborates	functional/who-8-video-door-entry-telephony/README.md	Every changed endpoint blob is identical to a core-ledger source/test endpoint already semantically reviewed; merge/removal adds no unreviewed file implementation; integration combinations not executed
libqtdevices	4886b9046de642123b3d8a926c2bf5a32a84fd6e	c2b5724677a1d56a5ab35ffb4777f918e9d16d7c	devices/videodoorentry_device.cpp	46e65d78a3accd46c724da911e314c38b61523db	6bdd18ec34e0e18efc7dee50cc8d59cc9be5042c	194570e4337a24b0cfb8e59ea8cb2daafc84aa4680fa47ee4346323252fa41bb	d16e775103a586c8bebeb495ec9bfff4a9fd86a63797c7fb1e77a0d648f54c39	historical-touchscreen-client	exact-reviewed-endpoint-blob-reuse	corroborates	functional/who-8-video-door-entry-telephony/README.md	Every changed endpoint blob is identical to a core-ledger source/test endpoint already semantically reviewed; merge/removal adds no unreviewed file implementation; integration combinations not executed
libqtdevices	4886b9046de642123b3d8a926c2bf5a32a84fd6e	c2b5724677a1d56a5ab35ffb4777f918e9d16d7c	devices/videodoorentry_device.h	f902bbcab4c68f9535716a0ee46342d50bdc5f23	53dec08d7c596bd8bc25d5c834b5631728d39e47	b0a2dfc2b42b79f5c4c7e9b6855472ae366dfdef58cbdf6a5f2713fb1d8d5578	968638b84f8b9485f2673645e5325210b5a802ed87d0930006ff0a32b02e33ad	historical-touchscreen-client	exact-reviewed-endpoint-blob-reuse	corroborates	functional/who-8-video-door-entry-telephony/README.md	Every changed endpoint blob is identical to a core-ledger source/test endpoint already semantically reviewed; merge/removal adds no unreviewed file implementation; integration combinations not executed
libqtdevices	cadb81faff9732168e870a469bb78c7084f25d1d	9614edd1ba7501978ca887de1e09d10b94474fed	devices/test/test_videodoorentry_device.cpp	e0bedb4fa1227f8ca5ebe34a8b7a8ce72cc70856	28f79064699db90bf9dfd8b0812b5999e9130479	c03ec3b9a8441ba42b3b40cf4673a4d9adea289f10ad4ecce6d7bf9bcf1d50a8	f1f8448906c7573fbb8965adc2c49ca8b5d03cac5ef8e1b9e76277eebcac339a	historical-touchscreen-client	exact-reviewed-endpoint-blob-reuse	corroborates	functional/who-8-video-door-entry-telephony/README.md	Every changed endpoint blob is identical to a core-ledger source/test endpoint already semantically reviewed; merge/removal adds no unreviewed file implementation; integration combinations not executed
libqtdevices	cadb81faff9732168e870a469bb78c7084f25d1d	9614edd1ba7501978ca887de1e09d10b94474fed	devices/videodoorentry_device.cpp	93b30a06ed5edec9d25f5266cdd65128161e0b5d	46e65d78a3accd46c724da911e314c38b61523db	a3252760be5fe1761722c881e27e951d1a8030a892e326d11fb30eb2c7908b99	194570e4337a24b0cfb8e59ea8cb2daafc84aa4680fa47ee4346323252fa41bb	historical-touchscreen-client	exact-reviewed-endpoint-blob-reuse	corroborates	functional/who-8-video-door-entry-telephony/README.md	Every changed endpoint blob is identical to a core-ledger source/test endpoint already semantically reviewed; merge/removal adds no unreviewed file implementation; integration combinations not executed
libqtdevices	cadb81faff9732168e870a469bb78c7084f25d1d	9614edd1ba7501978ca887de1e09d10b94474fed	devices/videodoorentry_device.h	41be43835ba177b8af4159f4004e9c0acb1102fd	f902bbcab4c68f9535716a0ee46342d50bdc5f23	e6bd6ebbf7547eafc7d5327e7855cdfb98e269b0a167c4a896ba69c0341d1aba	b0a2dfc2b42b79f5c4c7e9b6855472ae366dfdef58cbdf6a5f2713fb1d8d5578	historical-touchscreen-client	exact-reviewed-endpoint-blob-reuse	corroborates	functional/who-8-video-door-entry-telephony/README.md	Every changed endpoint blob is identical to a core-ledger source/test endpoint already semantically reviewed; merge/removal adds no unreviewed file implementation; integration combinations not executed
libqtdevices	f1bcd22bf456aa04910f3ff81a2a38de293339f1	f5448247b5df6474d630a940fe4b4321587ce47a	devices/test/test_videodoorentry_device.cpp	e0bedb4fa1227f8ca5ebe34a8b7a8ce72cc70856	28f79064699db90bf9dfd8b0812b5999e9130479	c03ec3b9a8441ba42b3b40cf4673a4d9adea289f10ad4ecce6d7bf9bcf1d50a8	f1f8448906c7573fbb8965adc2c49ca8b5d03cac5ef8e1b9e76277eebcac339a	historical-touchscreen-client	exact-reviewed-endpoint-blob-reuse	corroborates	functional/who-8-video-door-entry-telephony/README.md	Every changed endpoint blob is identical to a core-ledger source/test endpoint already semantically reviewed; merge/removal adds no unreviewed file implementation; integration combinations not executed
libqtdevices	f1bcd22bf456aa04910f3ff81a2a38de293339f1	f5448247b5df6474d630a940fe4b4321587ce47a	devices/videodoorentry_device.cpp	93b30a06ed5edec9d25f5266cdd65128161e0b5d	46e65d78a3accd46c724da911e314c38b61523db	a3252760be5fe1761722c881e27e951d1a8030a892e326d11fb30eb2c7908b99	194570e4337a24b0cfb8e59ea8cb2daafc84aa4680fa47ee4346323252fa41bb	historical-touchscreen-client	exact-reviewed-endpoint-blob-reuse	corroborates	functional/who-8-video-door-entry-telephony/README.md	Every changed endpoint blob is identical to a core-ledger source/test endpoint already semantically reviewed; merge/removal adds no unreviewed file implementation; integration combinations not executed
libqtdevices	f1bcd22bf456aa04910f3ff81a2a38de293339f1	f5448247b5df6474d630a940fe4b4321587ce47a	devices/videodoorentry_device.h	41be43835ba177b8af4159f4004e9c0acb1102fd	f902bbcab4c68f9535716a0ee46342d50bdc5f23	e6bd6ebbf7547eafc7d5327e7855cdfb98e269b0a167c4a896ba69c0341d1aba	b0a2dfc2b42b79f5c4c7e9b6855472ae366dfdef58cbdf6a5f2713fb1d8d5578	historical-touchscreen-client	exact-reviewed-endpoint-blob-reuse	corroborates	functional/who-8-video-door-entry-telephony/README.md	Every changed endpoint blob is identical to a core-ledger source/test endpoint already semantically reviewed; merge/removal adds no unreviewed file implementation; integration combinations not executed
libqtdevices	4c3b98d3a1e140bd16744d7af6a39f605cb38e60	4a5b2f05dec49779ecdf11d515f4a425c3c681cd	devices/test/test_videodoorentry_device.cpp	72b47d792eded00611c6499f7c238ea212fae436	e0bedb4fa1227f8ca5ebe34a8b7a8ce72cc70856	3be505d68d64d5a9912fd7daed64bf995fb19183c5c4c10fd89f40021f604c4c	c03ec3b9a8441ba42b3b40cf4673a4d9adea289f10ad4ecce6d7bf9bcf1d50a8	historical-touchscreen-client	exact-reviewed-endpoint-blob-reuse	corroborates	functional/who-8-video-door-entry-telephony/README.md	Every changed endpoint blob is identical to a core-ledger source/test endpoint already semantically reviewed; merge/removal adds no unreviewed file implementation; integration combinations not executed
libqtdevices	4c3b98d3a1e140bd16744d7af6a39f605cb38e60	4a5b2f05dec49779ecdf11d515f4a425c3c681cd	devices/test/test_videodoorentry_device.h	27ebd0253d9939ab561ce1b89a853b33b123c169	70801a1ae72cc4a0f8a6e664eb47997814434a3b	aa21f3759e6bddc9d245486942306528396d4a2877f79cf1d089466dc1ba02ba	67afe46c646c4c7bf9104ebf1871d3307a24ec43e4f45bfd14b8e1ca205b2acb	historical-touchscreen-client	exact-reviewed-endpoint-blob-reuse	corroborates	functional/who-8-video-door-entry-telephony/README.md	Every changed endpoint blob is identical to a core-ledger source/test endpoint already semantically reviewed; merge/removal adds no unreviewed file implementation; integration combinations not executed
libqtdevices	4c3b98d3a1e140bd16744d7af6a39f605cb38e60	4a5b2f05dec49779ecdf11d515f4a425c3c681cd	devices/videodoorentry_device.cpp	c1b18628ad2e97ec39961a6aadc8a17383827a19	93b30a06ed5edec9d25f5266cdd65128161e0b5d	277f794f73a8a8dac843b6ea6df3bf1095e26f340f1dfcd757202f4a0f66077c	a3252760be5fe1761722c881e27e951d1a8030a892e326d11fb30eb2c7908b99	historical-touchscreen-client	exact-reviewed-endpoint-blob-reuse	corroborates	functional/who-8-video-door-entry-telephony/README.md	Every changed endpoint blob is identical to a core-ledger source/test endpoint already semantically reviewed; merge/removal adds no unreviewed file implementation; integration combinations not executed
libqtdevices	4c3b98d3a1e140bd16744d7af6a39f605cb38e60	4a5b2f05dec49779ecdf11d515f4a425c3c681cd	devices/videodoorentry_device.h	be45d7c240f7e57c4a9f93fe29c679ca8de541bb	41be43835ba177b8af4159f4004e9c0acb1102fd	9feeb79a1a5159fe0be090548923309e30de8d413614e877d3e04e176aa116b6	e6bd6ebbf7547eafc7d5327e7855cdfb98e269b0a167c4a896ba69c0341d1aba	historical-touchscreen-client	exact-reviewed-endpoint-blob-reuse	corroborates	functional/who-8-video-door-entry-telephony/README.md	Every changed endpoint blob is identical to a core-ledger source/test endpoint already semantically reviewed; merge/removal adds no unreviewed file implementation; integration combinations not executed
libqtdevices	81ca714da6840cd233d34be17332ec7a2199cd6e	38180dc09c152f7417ddeb7e2839e059e65ee2f3	devices/test/test_videodoorentry_device.cpp	72b47d792eded00611c6499f7c238ea212fae436	e0bedb4fa1227f8ca5ebe34a8b7a8ce72cc70856	3be505d68d64d5a9912fd7daed64bf995fb19183c5c4c10fd89f40021f604c4c	c03ec3b9a8441ba42b3b40cf4673a4d9adea289f10ad4ecce6d7bf9bcf1d50a8	historical-touchscreen-client	exact-reviewed-endpoint-blob-reuse	corroborates	functional/who-8-video-door-entry-telephony/README.md	Every changed endpoint blob is identical to a core-ledger source/test endpoint already semantically reviewed; merge/removal adds no unreviewed file implementation; integration combinations not executed
libqtdevices	81ca714da6840cd233d34be17332ec7a2199cd6e	38180dc09c152f7417ddeb7e2839e059e65ee2f3	devices/test/test_videodoorentry_device.h	27ebd0253d9939ab561ce1b89a853b33b123c169	70801a1ae72cc4a0f8a6e664eb47997814434a3b	aa21f3759e6bddc9d245486942306528396d4a2877f79cf1d089466dc1ba02ba	67afe46c646c4c7bf9104ebf1871d3307a24ec43e4f45bfd14b8e1ca205b2acb	historical-touchscreen-client	exact-reviewed-endpoint-blob-reuse	corroborates	functional/who-8-video-door-entry-telephony/README.md	Every changed endpoint blob is identical to a core-ledger source/test endpoint already semantically reviewed; merge/removal adds no unreviewed file implementation; integration combinations not executed
libqtdevices	81ca714da6840cd233d34be17332ec7a2199cd6e	38180dc09c152f7417ddeb7e2839e059e65ee2f3	devices/videodoorentry_device.cpp	c1b18628ad2e97ec39961a6aadc8a17383827a19	cc91492051edae18e5bda5c213e2458bff8e1892	277f794f73a8a8dac843b6ea6df3bf1095e26f340f1dfcd757202f4a0f66077c	a2f091482930f6030de2a62a41db5d189a11d2714de8b5ebc6f9dde0528c8485	historical-touchscreen-client	exact-reviewed-endpoint-blob-reuse	corroborates	functional/who-8-video-door-entry-telephony/README.md	Every changed endpoint blob is identical to a core-ledger source/test endpoint already semantically reviewed; merge/removal adds no unreviewed file implementation; integration combinations not executed
libqtdevices	81ca714da6840cd233d34be17332ec7a2199cd6e	38180dc09c152f7417ddeb7e2839e059e65ee2f3	devices/videodoorentry_device.h	be45d7c240f7e57c4a9f93fe29c679ca8de541bb	bad3c6cdec885f0cae962579bbb54c26ff1b4d87	9feeb79a1a5159fe0be090548923309e30de8d413614e877d3e04e176aa116b6	3fcd948d5603eeec6c64efc6daa7a43b0c92ed26f2447d960315541a02f7bd8a	historical-touchscreen-client	exact-reviewed-endpoint-blob-reuse	corroborates	functional/who-8-video-door-entry-telephony/README.md	Every changed endpoint blob is identical to a core-ledger source/test endpoint already semantically reviewed; merge/removal adds no unreviewed file implementation; integration combinations not executed
libqtdevices	01993e946f7dac479736cccdf008a7c1bab1c0a2	41b04941780790d70936d8efb791573c1b725403	devices/videodoorentry_device.cpp	c1b18628ad2e97ec39961a6aadc8a17383827a19	d9cbaee6fac8a0bf0ea5a7d4a05841550329abdb	277f794f73a8a8dac843b6ea6df3bf1095e26f340f1dfcd757202f4a0f66077c	82a8d1ee0e8a6e28aa73d590e54541bd81ecf6b87a5d4994aab0386a25190e25	historical-touchscreen-client	exact-reviewed-endpoint-blob-reuse	corroborates	functional/who-8-video-door-entry-telephony/README.md	Every changed endpoint blob is identical to a core-ledger source/test endpoint already semantically reviewed; merge/removal adds no unreviewed file implementation; integration combinations not executed
libqtdevices	01993e946f7dac479736cccdf008a7c1bab1c0a2	41b04941780790d70936d8efb791573c1b725403	devices/videodoorentry_device.h	be45d7c240f7e57c4a9f93fe29c679ca8de541bb	cb1f4365b76d185f5ed48f401db13467200b4025	9feeb79a1a5159fe0be090548923309e30de8d413614e877d3e04e176aa116b6	1c453535e62b31ab78845ce42daa224eba888a055dc5db0a37217368c8d4757b	historical-touchscreen-client	exact-reviewed-endpoint-blob-reuse	corroborates	functional/who-8-video-door-entry-telephony/README.md	Every changed endpoint blob is identical to a core-ledger source/test endpoint already semantically reviewed; merge/removal adds no unreviewed file implementation; integration combinations not executed
libqtdevices	38c06e74684b845eacfa224839c4dc8d4076edf9	41c9d09adac25a99050afc06baaa7a428102e3d3	devices/videodoorentry_device.cpp	c1b18628ad2e97ec39961a6aadc8a17383827a19	d9cbaee6fac8a0bf0ea5a7d4a05841550329abdb	277f794f73a8a8dac843b6ea6df3bf1095e26f340f1dfcd757202f4a0f66077c	82a8d1ee0e8a6e28aa73d590e54541bd81ecf6b87a5d4994aab0386a25190e25	historical-touchscreen-client	exact-reviewed-endpoint-blob-reuse	corroborates	functional/who-8-video-door-entry-telephony/README.md	Every changed endpoint blob is identical to a core-ledger source/test endpoint already semantically reviewed; merge/removal adds no unreviewed file implementation; integration combinations not executed
libqtdevices	38c06e74684b845eacfa224839c4dc8d4076edf9	41c9d09adac25a99050afc06baaa7a428102e3d3	devices/videodoorentry_device.h	be45d7c240f7e57c4a9f93fe29c679ca8de541bb	cb1f4365b76d185f5ed48f401db13467200b4025	9feeb79a1a5159fe0be090548923309e30de8d413614e877d3e04e176aa116b6	1c453535e62b31ab78845ce42daa224eba888a055dc5db0a37217368c8d4757b	historical-touchscreen-client	exact-reviewed-endpoint-blob-reuse	corroborates	functional/who-8-video-door-entry-telephony/README.md	Every changed endpoint blob is identical to a core-ledger source/test endpoint already semantically reviewed; merge/removal adds no unreviewed file implementation; integration combinations not executed
libqtdevices	c5ddd067fc7a7f0644210362b8a943691c5e11a5	0750b9e4486bf53834cc2c12e6c40805941e64cf	devices/videodoorentry_device.cpp	c1b18628ad2e97ec39961a6aadc8a17383827a19	d9cbaee6fac8a0bf0ea5a7d4a05841550329abdb	277f794f73a8a8dac843b6ea6df3bf1095e26f340f1dfcd757202f4a0f66077c	82a8d1ee0e8a6e28aa73d590e54541bd81ecf6b87a5d4994aab0386a25190e25	historical-touchscreen-client	exact-reviewed-endpoint-blob-reuse	corroborates	functional/who-8-video-door-entry-telephony/README.md	Every changed endpoint blob is identical to a core-ledger source/test endpoint already semantically reviewed; merge/removal adds no unreviewed file implementation; integration combinations not executed
libqtdevices	c5ddd067fc7a7f0644210362b8a943691c5e11a5	0750b9e4486bf53834cc2c12e6c40805941e64cf	devices/videodoorentry_device.h	be45d7c240f7e57c4a9f93fe29c679ca8de541bb	cb1f4365b76d185f5ed48f401db13467200b4025	9feeb79a1a5159fe0be090548923309e30de8d413614e877d3e04e176aa116b6	1c453535e62b31ab78845ce42daa224eba888a055dc5db0a37217368c8d4757b	historical-touchscreen-client	exact-reviewed-endpoint-blob-reuse	corroborates	functional/who-8-video-door-entry-telephony/README.md	Every changed endpoint blob is identical to a core-ledger source/test endpoint already semantically reviewed; merge/removal adds no unreviewed file implementation; integration combinations not executed
libqtdevices	ad4c55b24bb1091c4fe377e45f7c4ea12ce67b8b	4bf20e5d58a8c592400d62572d39348f0ac2e972	devices/videodoorentry_device.cpp	c1b18628ad2e97ec39961a6aadc8a17383827a19	d9cbaee6fac8a0bf0ea5a7d4a05841550329abdb	277f794f73a8a8dac843b6ea6df3bf1095e26f340f1dfcd757202f4a0f66077c	82a8d1ee0e8a6e28aa73d590e54541bd81ecf6b87a5d4994aab0386a25190e25	historical-touchscreen-client	exact-reviewed-endpoint-blob-reuse	corroborates	functional/who-8-video-door-entry-telephony/README.md	Every changed endpoint blob is identical to a core-ledger source/test endpoint already semantically reviewed; merge/removal adds no unreviewed file implementation; integration combinations not executed
libqtdevices	ad4c55b24bb1091c4fe377e45f7c4ea12ce67b8b	4bf20e5d58a8c592400d62572d39348f0ac2e972	devices/videodoorentry_device.h	be45d7c240f7e57c4a9f93fe29c679ca8de541bb	cb1f4365b76d185f5ed48f401db13467200b4025	9feeb79a1a5159fe0be090548923309e30de8d413614e877d3e04e176aa116b6	1c453535e62b31ab78845ce42daa224eba888a055dc5db0a37217368c8d4757b	historical-touchscreen-client	exact-reviewed-endpoint-blob-reuse	corroborates	functional/who-8-video-door-entry-telephony/README.md	Every changed endpoint blob is identical to a core-ledger source/test endpoint already semantically reviewed; merge/removal adds no unreviewed file implementation; integration combinations not executed
libqtdevices	114f07c068300bed651f9367e3d57d259e6c365e	804ed455d0fc120ed18fff0f1950454329f6ea55	devices/videodoorentry_device.cpp	c1b18628ad2e97ec39961a6aadc8a17383827a19	d9cbaee6fac8a0bf0ea5a7d4a05841550329abdb	277f794f73a8a8dac843b6ea6df3bf1095e26f340f1dfcd757202f4a0f66077c	82a8d1ee0e8a6e28aa73d590e54541bd81ecf6b87a5d4994aab0386a25190e25	historical-touchscreen-client	exact-reviewed-endpoint-blob-reuse	corroborates	functional/who-8-video-door-entry-telephony/README.md	Every changed endpoint blob is identical to a core-ledger source/test endpoint already semantically reviewed; merge/removal adds no unreviewed file implementation; integration combinations not executed
libqtdevices	114f07c068300bed651f9367e3d57d259e6c365e	804ed455d0fc120ed18fff0f1950454329f6ea55	devices/videodoorentry_device.h	be45d7c240f7e57c4a9f93fe29c679ca8de541bb	cb1f4365b76d185f5ed48f401db13467200b4025	9feeb79a1a5159fe0be090548923309e30de8d413614e877d3e04e176aa116b6	1c453535e62b31ab78845ce42daa224eba888a055dc5db0a37217368c8d4757b	historical-touchscreen-client	exact-reviewed-endpoint-blob-reuse	corroborates	functional/who-8-video-door-entry-telephony/README.md	Every changed endpoint blob is identical to a core-ledger source/test endpoint already semantically reviewed; merge/removal adds no unreviewed file implementation; integration combinations not executed
libqtdevices	32807ba32de012ed9af2a6dd6e20665705404441	6cdacd1e0c5ce4000c4642e565abce58e640a76e	devices/videodoorentry_device.cpp	c1b18628ad2e97ec39961a6aadc8a17383827a19	d9cbaee6fac8a0bf0ea5a7d4a05841550329abdb	277f794f73a8a8dac843b6ea6df3bf1095e26f340f1dfcd757202f4a0f66077c	82a8d1ee0e8a6e28aa73d590e54541bd81ecf6b87a5d4994aab0386a25190e25	historical-touchscreen-client	exact-reviewed-endpoint-blob-reuse	corroborates	functional/who-8-video-door-entry-telephony/README.md	Every changed endpoint blob is identical to a core-ledger source/test endpoint already semantically reviewed; merge/removal adds no unreviewed file implementation; integration combinations not executed
libqtdevices	32807ba32de012ed9af2a6dd6e20665705404441	6cdacd1e0c5ce4000c4642e565abce58e640a76e	devices/videodoorentry_device.h	be45d7c240f7e57c4a9f93fe29c679ca8de541bb	cb1f4365b76d185f5ed48f401db13467200b4025	9feeb79a1a5159fe0be090548923309e30de8d413614e877d3e04e176aa116b6	1c453535e62b31ab78845ce42daa224eba888a055dc5db0a37217368c8d4757b	historical-touchscreen-client	exact-reviewed-endpoint-blob-reuse	corroborates	functional/who-8-video-door-entry-telephony/README.md	Every changed endpoint blob is identical to a core-ledger source/test endpoint already semantically reviewed; merge/removal adds no unreviewed file implementation; integration combinations not executed
libqtdevices	2ecd60efd9fd03e90f13a8e717a30fcd6c640fd1	7c9f09dc64ce4e4a367b36e4b9746ec6ea873617	devices/test/test_videodoorentry_device.cpp	d1aab9f7b89ce671edf910ff79c0c332a670824f	72b47d792eded00611c6499f7c238ea212fae436	e277fa82032806d72c029bb2dd92be2956dee4be20a07006a3443e69d5f1762c	3be505d68d64d5a9912fd7daed64bf995fb19183c5c4c10fd89f40021f604c4c	historical-touchscreen-client	exact-reviewed-endpoint-blob-reuse	corroborates	functional/who-8-video-door-entry-telephony/README.md	Every changed endpoint blob is identical to a core-ledger source/test endpoint already semantically reviewed; merge/removal adds no unreviewed file implementation; integration combinations not executed
libqtdevices	2ecd60efd9fd03e90f13a8e717a30fcd6c640fd1	7c9f09dc64ce4e4a367b36e4b9746ec6ea873617	devices/test/test_videodoorentry_device.h	9b3b5e33cd92a8a9c8e02b3d68246ac05c8e1738	27ebd0253d9939ab561ce1b89a853b33b123c169	9f23bff0137f053016d2871992efad8b7898efe15aa72e79e20cff1e9b534dd8	aa21f3759e6bddc9d245486942306528396d4a2877f79cf1d089466dc1ba02ba	historical-touchscreen-client	exact-reviewed-endpoint-blob-reuse	corroborates	functional/who-8-video-door-entry-telephony/README.md	Every changed endpoint blob is identical to a core-ledger source/test endpoint already semantically reviewed; merge/removal adds no unreviewed file implementation; integration combinations not executed
libqtdevices	2ecd60efd9fd03e90f13a8e717a30fcd6c640fd1	7c9f09dc64ce4e4a367b36e4b9746ec6ea873617	devices/videodoorentry_device.cpp	0cd490b00096639ca638b5985fad72aac1e0771c	c1b18628ad2e97ec39961a6aadc8a17383827a19	4e85eb96650501cf5080aebdd782ef4e7a2f85209a4a573604daf205990baa68	277f794f73a8a8dac843b6ea6df3bf1095e26f340f1dfcd757202f4a0f66077c	historical-touchscreen-client	exact-reviewed-endpoint-blob-reuse	corroborates	functional/who-8-video-door-entry-telephony/README.md	Every changed endpoint blob is identical to a core-ledger source/test endpoint already semantically reviewed; merge/removal adds no unreviewed file implementation; integration combinations not executed
libqtdevices	db25dcae5fa25bde7ee8359c0c48019afd8dc23d	ba917d7c5e83fc059fa9d5572f372ef85976db89	devices/test/test_videodoorentry_device.cpp	d1aab9f7b89ce671edf910ff79c0c332a670824f	72b47d792eded00611c6499f7c238ea212fae436	e277fa82032806d72c029bb2dd92be2956dee4be20a07006a3443e69d5f1762c	3be505d68d64d5a9912fd7daed64bf995fb19183c5c4c10fd89f40021f604c4c	historical-touchscreen-client	exact-reviewed-endpoint-blob-reuse	corroborates	functional/who-8-video-door-entry-telephony/README.md	Every changed endpoint blob is identical to a core-ledger source/test endpoint already semantically reviewed; merge/removal adds no unreviewed file implementation; integration combinations not executed
libqtdevices	db25dcae5fa25bde7ee8359c0c48019afd8dc23d	ba917d7c5e83fc059fa9d5572f372ef85976db89	devices/test/test_videodoorentry_device.h	9b3b5e33cd92a8a9c8e02b3d68246ac05c8e1738	27ebd0253d9939ab561ce1b89a853b33b123c169	9f23bff0137f053016d2871992efad8b7898efe15aa72e79e20cff1e9b534dd8	aa21f3759e6bddc9d245486942306528396d4a2877f79cf1d089466dc1ba02ba	historical-touchscreen-client	exact-reviewed-endpoint-blob-reuse	corroborates	functional/who-8-video-door-entry-telephony/README.md	Every changed endpoint blob is identical to a core-ledger source/test endpoint already semantically reviewed; merge/removal adds no unreviewed file implementation; integration combinations not executed
libqtdevices	db25dcae5fa25bde7ee8359c0c48019afd8dc23d	ba917d7c5e83fc059fa9d5572f372ef85976db89	devices/videodoorentry_device.cpp	0cd490b00096639ca638b5985fad72aac1e0771c	c1b18628ad2e97ec39961a6aadc8a17383827a19	4e85eb96650501cf5080aebdd782ef4e7a2f85209a4a573604daf205990baa68	277f794f73a8a8dac843b6ea6df3bf1095e26f340f1dfcd757202f4a0f66077c	historical-touchscreen-client	exact-reviewed-endpoint-blob-reuse	corroborates	functional/who-8-video-door-entry-telephony/README.md	Every changed endpoint blob is identical to a core-ledger source/test endpoint already semantically reviewed; merge/removal adds no unreviewed file implementation; integration combinations not executed
libqtdevices	ba917d7c5e83fc059fa9d5572f372ef85976db89	0c4a0c1557143bef54cae88095ebc17d2e24001f	devices/message_device.cpp	42d46d6f0a47cf48142f4c27b9594cb7bbb15464	4cebd4dde4b331ad555f3426cdd22a887746c7bd	12041dea32d16053dbefbeb9a7a2a8292d3f91416a52d0dc128298167abcce62	371db16604f820b39dd4048f0c55c8dc01973d5a7b99ebc51d280c09d5975051	historical-touchscreen-client	exact-reviewed-endpoint-blob-reuse	corroborates	functional/who-8-video-door-entry-telephony/README.md	Every changed endpoint blob is identical to a core-ledger source/test endpoint already semantically reviewed; merge/removal adds no unreviewed file implementation; integration combinations not executed
libqtdevices	ba917d7c5e83fc059fa9d5572f372ef85976db89	0c4a0c1557143bef54cae88095ebc17d2e24001f	devices/test/test_message_device.cpp	615a18b5bd1627f58ac74c86ca92559be10a1a55	1be8986c36fbf0815e94f71d7ea48d8ab2284636	0c741bb953e1fd97df46499de2439076ca538fe885e86cf8093c849191ef450c	3f61b407dee3cfa4a6efcf6a914036f70afabce04f05f7c1c40176f79ab55115	historical-touchscreen-client	exact-reviewed-endpoint-blob-reuse	corroborates	functional/who-8-video-door-entry-telephony/README.md	Every changed endpoint blob is identical to a core-ledger source/test endpoint already semantically reviewed; merge/removal adds no unreviewed file implementation; integration combinations not executed
libqtdevices	c5b70daa72e5a44f9f53019b576ac79e00994ad9	12fd4e143a50e9ac9fc4bdd4dfaff67c9202cbe7	devices/message_device.cpp	42d46d6f0a47cf48142f4c27b9594cb7bbb15464	4cebd4dde4b331ad555f3426cdd22a887746c7bd	12041dea32d16053dbefbeb9a7a2a8292d3f91416a52d0dc128298167abcce62	371db16604f820b39dd4048f0c55c8dc01973d5a7b99ebc51d280c09d5975051	historical-touchscreen-client	exact-reviewed-endpoint-blob-reuse	corroborates	functional/who-8-video-door-entry-telephony/README.md	Every changed endpoint blob is identical to a core-ledger source/test endpoint already semantically reviewed; merge/removal adds no unreviewed file implementation; integration combinations not executed
libqtdevices	c5b70daa72e5a44f9f53019b576ac79e00994ad9	12fd4e143a50e9ac9fc4bdd4dfaff67c9202cbe7	devices/test/test_message_device.cpp	615a18b5bd1627f58ac74c86ca92559be10a1a55	1be8986c36fbf0815e94f71d7ea48d8ab2284636	0c741bb953e1fd97df46499de2439076ca538fe885e86cf8093c849191ef450c	3f61b407dee3cfa4a6efcf6a914036f70afabce04f05f7c1c40176f79ab55115	historical-touchscreen-client	exact-reviewed-endpoint-blob-reuse	corroborates	functional/who-8-video-door-entry-telephony/README.md	Every changed endpoint blob is identical to a core-ledger source/test endpoint already semantically reviewed; merge/removal adds no unreviewed file implementation; integration combinations not executed
libqtdevices	c5b70daa72e5a44f9f53019b576ac79e00994ad9	12fd4e143a50e9ac9fc4bdd4dfaff67c9202cbe7	devices/test/test_videodoorentry_device.cpp	290c5bdea58f85474ffbc0c4441e129f4c571ce9	d1aab9f7b89ce671edf910ff79c0c332a670824f	29885e07982631a2ef4def992c15061089bc063aee635282561aab92545c2341	e277fa82032806d72c029bb2dd92be2956dee4be20a07006a3443e69d5f1762c	historical-touchscreen-client	exact-reviewed-endpoint-blob-reuse	corroborates	functional/who-8-video-door-entry-telephony/README.md	Every changed endpoint blob is identical to a core-ledger source/test endpoint already semantically reviewed; merge/removal adds no unreviewed file implementation; integration combinations not executed
libqtdevices	c5b70daa72e5a44f9f53019b576ac79e00994ad9	12fd4e143a50e9ac9fc4bdd4dfaff67c9202cbe7	devices/test/test_videodoorentry_device.h	9b62eaec3a5dba099616a271f44149ab3ba2000d	9b3b5e33cd92a8a9c8e02b3d68246ac05c8e1738	905b4be5eb38a3aa2835530c945f58fa10686fb600780a523d6cd47e3d7bb386	9f23bff0137f053016d2871992efad8b7898efe15aa72e79e20cff1e9b534dd8	historical-touchscreen-client	exact-reviewed-endpoint-blob-reuse	corroborates	functional/who-8-video-door-entry-telephony/README.md	Every changed endpoint blob is identical to a core-ledger source/test endpoint already semantically reviewed; merge/removal adds no unreviewed file implementation; integration combinations not executed
libqtdevices	c5b70daa72e5a44f9f53019b576ac79e00994ad9	12fd4e143a50e9ac9fc4bdd4dfaff67c9202cbe7	devices/videodoorentry_device.cpp	90da58c8514a08eb04ffd747f0efcb7f6233cd56	0cd490b00096639ca638b5985fad72aac1e0771c	5856237e2d233b44359ab384986c41fa8e974c1c60781f9c25a7c40babdd6d9b	4e85eb96650501cf5080aebdd782ef4e7a2f85209a4a573604daf205990baa68	historical-touchscreen-client	exact-reviewed-endpoint-blob-reuse	corroborates	functional/who-8-video-door-entry-telephony/README.md	Every changed endpoint blob is identical to a core-ledger source/test endpoint already semantically reviewed; merge/removal adds no unreviewed file implementation; integration combinations not executed
libqtdevices	0c4a0c1557143bef54cae88095ebc17d2e24001f	edc0ae012301e6d724f3ee44bd16a725a3579968	devices/message_device.cpp	ccbcd3975053a604b660a30565f473dba3927d40	42d46d6f0a47cf48142f4c27b9594cb7bbb15464	8c52980f827802479a569dea137a1d2c87e47aaa90b3e6044f9035bc664f4fb7	12041dea32d16053dbefbeb9a7a2a8292d3f91416a52d0dc128298167abcce62	historical-touchscreen-client	exact-reviewed-endpoint-blob-reuse	corroborates	functional/who-8-video-door-entry-telephony/README.md	Every changed endpoint blob is identical to a core-ledger source/test endpoint already semantically reviewed; merge/removal adds no unreviewed file implementation; integration combinations not executed
libqtdevices	0c4a0c1557143bef54cae88095ebc17d2e24001f	edc0ae012301e6d724f3ee44bd16a725a3579968	devices/message_device.h	084bd3f3ca3f710834ec1cf7d2a052a1f315e0dc	9eda132f8db308d45b3151c120db9c0b2c02e291	92ead5eace1c82e052adfc73ab5ab78ab15a7750b8de587929aee9a08cbd9c14	07a3fde3112fc933c38a84def900c914b9c6388e449279dc3444f81fdfc54401	historical-touchscreen-client	exact-reviewed-endpoint-blob-reuse	corroborates	functional/who-8-video-door-entry-telephony/README.md	Every changed endpoint blob is identical to a core-ledger source/test endpoint already semantically reviewed; merge/removal adds no unreviewed file implementation; integration combinations not executed
libqtdevices	0c4a0c1557143bef54cae88095ebc17d2e24001f	edc0ae012301e6d724f3ee44bd16a725a3579968	devices/test/test_message_device.cpp	85d2d0c0133c831b6abfa8be9c243cbc94133414	615a18b5bd1627f58ac74c86ca92559be10a1a55	976943a8b28a510795f7915679ba5cc4a7c6ae17b15e260e7c199111d90cdf23	0c741bb953e1fd97df46499de2439076ca538fe885e86cf8093c849191ef450c	historical-touchscreen-client	exact-reviewed-endpoint-blob-reuse	corroborates	functional/who-8-video-door-entry-telephony/README.md	Every changed endpoint blob is identical to a core-ledger source/test endpoint already semantically reviewed; merge/removal adds no unreviewed file implementation; integration combinations not executed
libqtdevices	0c4a0c1557143bef54cae88095ebc17d2e24001f	edc0ae012301e6d724f3ee44bd16a725a3579968	devices/test/test_videodoorentry_device.cpp	290c5bdea58f85474ffbc0c4441e129f4c571ce9	d1aab9f7b89ce671edf910ff79c0c332a670824f	29885e07982631a2ef4def992c15061089bc063aee635282561aab92545c2341	e277fa82032806d72c029bb2dd92be2956dee4be20a07006a3443e69d5f1762c	historical-touchscreen-client	exact-reviewed-endpoint-blob-reuse	corroborates	functional/who-8-video-door-entry-telephony/README.md	Every changed endpoint blob is identical to a core-ledger source/test endpoint already semantically reviewed; merge/removal adds no unreviewed file implementation; integration combinations not executed
libqtdevices	0c4a0c1557143bef54cae88095ebc17d2e24001f	edc0ae012301e6d724f3ee44bd16a725a3579968	devices/test/test_videodoorentry_device.h	9b62eaec3a5dba099616a271f44149ab3ba2000d	9b3b5e33cd92a8a9c8e02b3d68246ac05c8e1738	905b4be5eb38a3aa2835530c945f58fa10686fb600780a523d6cd47e3d7bb386	9f23bff0137f053016d2871992efad8b7898efe15aa72e79e20cff1e9b534dd8	historical-touchscreen-client	exact-reviewed-endpoint-blob-reuse	corroborates	functional/who-8-video-door-entry-telephony/README.md	Every changed endpoint blob is identical to a core-ledger source/test endpoint already semantically reviewed; merge/removal adds no unreviewed file implementation; integration combinations not executed
libqtdevices	0c4a0c1557143bef54cae88095ebc17d2e24001f	edc0ae012301e6d724f3ee44bd16a725a3579968	devices/videodoorentry_device.cpp	90da58c8514a08eb04ffd747f0efcb7f6233cd56	0cd490b00096639ca638b5985fad72aac1e0771c	5856237e2d233b44359ab384986c41fa8e974c1c60781f9c25a7c40babdd6d9b	4e85eb96650501cf5080aebdd782ef4e7a2f85209a4a573604daf205990baa68	historical-touchscreen-client	exact-reviewed-endpoint-blob-reuse	corroborates	functional/who-8-video-door-entry-telephony/README.md	Every changed endpoint blob is identical to a core-ledger source/test endpoint already semantically reviewed; merge/removal adds no unreviewed file implementation; integration combinations not executed
libqtdevices	b58ef55727d573639a41f5f4524d095206ee7a69	95ec36da0f0ae9c02055dda024c99270fe5c7413	devices/message_device.cpp	ccbcd3975053a604b660a30565f473dba3927d40	42d46d6f0a47cf48142f4c27b9594cb7bbb15464	8c52980f827802479a569dea137a1d2c87e47aaa90b3e6044f9035bc664f4fb7	12041dea32d16053dbefbeb9a7a2a8292d3f91416a52d0dc128298167abcce62	historical-touchscreen-client	exact-reviewed-endpoint-blob-reuse	corroborates	functional/who-8-video-door-entry-telephony/README.md	Every changed endpoint blob is identical to a core-ledger source/test endpoint already semantically reviewed; merge/removal adds no unreviewed file implementation; integration combinations not executed
libqtdevices	b58ef55727d573639a41f5f4524d095206ee7a69	95ec36da0f0ae9c02055dda024c99270fe5c7413	devices/message_device.h	084bd3f3ca3f710834ec1cf7d2a052a1f315e0dc	9eda132f8db308d45b3151c120db9c0b2c02e291	92ead5eace1c82e052adfc73ab5ab78ab15a7750b8de587929aee9a08cbd9c14	07a3fde3112fc933c38a84def900c914b9c6388e449279dc3444f81fdfc54401	historical-touchscreen-client	exact-reviewed-endpoint-blob-reuse	corroborates	functional/who-8-video-door-entry-telephony/README.md	Every changed endpoint blob is identical to a core-ledger source/test endpoint already semantically reviewed; merge/removal adds no unreviewed file implementation; integration combinations not executed
libqtdevices	b58ef55727d573639a41f5f4524d095206ee7a69	95ec36da0f0ae9c02055dda024c99270fe5c7413	devices/test/test_message_device.cpp	85d2d0c0133c831b6abfa8be9c243cbc94133414	615a18b5bd1627f58ac74c86ca92559be10a1a55	976943a8b28a510795f7915679ba5cc4a7c6ae17b15e260e7c199111d90cdf23	0c741bb953e1fd97df46499de2439076ca538fe885e86cf8093c849191ef450c	historical-touchscreen-client	exact-reviewed-endpoint-blob-reuse	corroborates	functional/who-8-video-door-entry-telephony/README.md	Every changed endpoint blob is identical to a core-ledger source/test endpoint already semantically reviewed; merge/removal adds no unreviewed file implementation; integration combinations not executed
libqtdevices	b58ef55727d573639a41f5f4524d095206ee7a69	95ec36da0f0ae9c02055dda024c99270fe5c7413	devices/videodoorentry_device.cpp	3f80b0dacb2a3ffcd4869d4a5cdd621a4e02a165	90da58c8514a08eb04ffd747f0efcb7f6233cd56	0357e4f2a3306b43aa2b1464c9f53b8e70bf3f6f8800041c6bdb33ad1340b30b	5856237e2d233b44359ab384986c41fa8e974c1c60781f9c25a7c40babdd6d9b	historical-touchscreen-client	exact-reviewed-endpoint-blob-reuse	corroborates	functional/who-8-video-door-entry-telephony/README.md	Every changed endpoint blob is identical to a core-ledger source/test endpoint already semantically reviewed; merge/removal adds no unreviewed file implementation; integration combinations not executed
libqtdevices	b58ef55727d573639a41f5f4524d095206ee7a69	95ec36da0f0ae9c02055dda024c99270fe5c7413	devices/videodoorentry_device.h	57d496651d91ecdc5c371fae8d63ffe0820efeeb	be45d7c240f7e57c4a9f93fe29c679ca8de541bb	9ce077f5e2c17b132ebf9192db72468afc431dfb9de35f2162bf99035a4a0c37	9feeb79a1a5159fe0be090548923309e30de8d413614e877d3e04e176aa116b6	historical-touchscreen-client	exact-reviewed-endpoint-blob-reuse	corroborates	functional/who-8-video-door-entry-telephony/README.md	Every changed endpoint blob is identical to a core-ledger source/test endpoint already semantically reviewed; merge/removal adds no unreviewed file implementation; integration combinations not executed
libqtdevices	4b5c2537517df6c2cf22c21dd2a6c7da692221f9	34d97b78d621692848c1dd96f386ba2357e79add	devices/videodoorentry_device.cpp	90da58c8514a08eb04ffd747f0efcb7f6233cd56	f91d34a8d67227f798533d751016519a50e0e095	5856237e2d233b44359ab384986c41fa8e974c1c60781f9c25a7c40babdd6d9b	bd32c71c8bd93191da1251ff28ea73d77698049fd1381a200956400c709926e0	historical-touchscreen-client	exact-reviewed-endpoint-blob-reuse	corroborates	functional/who-8-video-door-entry-telephony/README.md	Every changed endpoint blob is identical to a core-ledger source/test endpoint already semantically reviewed; merge/removal adds no unreviewed file implementation; integration combinations not executed
libqtdevices	4b5c2537517df6c2cf22c21dd2a6c7da692221f9	34d97b78d621692848c1dd96f386ba2357e79add	devices/videodoorentry_device.h	be45d7c240f7e57c4a9f93fe29c679ca8de541bb	cb1f4365b76d185f5ed48f401db13467200b4025	9feeb79a1a5159fe0be090548923309e30de8d413614e877d3e04e176aa116b6	1c453535e62b31ab78845ce42daa224eba888a055dc5db0a37217368c8d4757b	historical-touchscreen-client	exact-reviewed-endpoint-blob-reuse	corroborates	functional/who-8-video-door-entry-telephony/README.md	Every changed endpoint blob is identical to a core-ledger source/test endpoint already semantically reviewed; merge/removal adds no unreviewed file implementation; integration combinations not executed
libqtdevices	a84de0e6007b319f0d2686fd6a58b98f1ccb56ac	a01f9f2d8632980287689343c95514166111a5d4	devices/videodoorentry_device.cpp	90da58c8514a08eb04ffd747f0efcb7f6233cd56	f91d34a8d67227f798533d751016519a50e0e095	5856237e2d233b44359ab384986c41fa8e974c1c60781f9c25a7c40babdd6d9b	bd32c71c8bd93191da1251ff28ea73d77698049fd1381a200956400c709926e0	historical-touchscreen-client	exact-reviewed-endpoint-blob-reuse	corroborates	functional/who-8-video-door-entry-telephony/README.md	Every changed endpoint blob is identical to a core-ledger source/test endpoint already semantically reviewed; merge/removal adds no unreviewed file implementation; integration combinations not executed
libqtdevices	a84de0e6007b319f0d2686fd6a58b98f1ccb56ac	a01f9f2d8632980287689343c95514166111a5d4	devices/videodoorentry_device.h	be45d7c240f7e57c4a9f93fe29c679ca8de541bb	cb1f4365b76d185f5ed48f401db13467200b4025	9feeb79a1a5159fe0be090548923309e30de8d413614e877d3e04e176aa116b6	1c453535e62b31ab78845ce42daa224eba888a055dc5db0a37217368c8d4757b	historical-touchscreen-client	exact-reviewed-endpoint-blob-reuse	corroborates	functional/who-8-video-door-entry-telephony/README.md	Every changed endpoint blob is identical to a core-ledger source/test endpoint already semantically reviewed; merge/removal adds no unreviewed file implementation; integration combinations not executed
libqtdevices	d41157f70c5589c4db276646fe07c65e8d33b862	e4a461f0fbe7a57e5bbff0af0ddee7d79056edac	devices/videodoorentry_device.cpp	90da58c8514a08eb04ffd747f0efcb7f6233cd56	f91d34a8d67227f798533d751016519a50e0e095	5856237e2d233b44359ab384986c41fa8e974c1c60781f9c25a7c40babdd6d9b	bd32c71c8bd93191da1251ff28ea73d77698049fd1381a200956400c709926e0	historical-touchscreen-client	exact-reviewed-endpoint-blob-reuse	corroborates	functional/who-8-video-door-entry-telephony/README.md	Every changed endpoint blob is identical to a core-ledger source/test endpoint already semantically reviewed; merge/removal adds no unreviewed file implementation; integration combinations not executed
libqtdevices	d41157f70c5589c4db276646fe07c65e8d33b862	e4a461f0fbe7a57e5bbff0af0ddee7d79056edac	devices/videodoorentry_device.h	be45d7c240f7e57c4a9f93fe29c679ca8de541bb	cb1f4365b76d185f5ed48f401db13467200b4025	9feeb79a1a5159fe0be090548923309e30de8d413614e877d3e04e176aa116b6	1c453535e62b31ab78845ce42daa224eba888a055dc5db0a37217368c8d4757b	historical-touchscreen-client	exact-reviewed-endpoint-blob-reuse	corroborates	functional/who-8-video-door-entry-telephony/README.md	Every changed endpoint blob is identical to a core-ledger source/test endpoint already semantically reviewed; merge/removal adds no unreviewed file implementation; integration combinations not executed
libqtdevices	4d60aa920b4ca5882f6f7fdea042949499ea0488	dce4fc0387a6b060b0bb98914f58a066d5f055c3	devices/videodoorentry_device.cpp	3f80b0dacb2a3ffcd4869d4a5cdd621a4e02a165	f91d34a8d67227f798533d751016519a50e0e095	0357e4f2a3306b43aa2b1464c9f53b8e70bf3f6f8800041c6bdb33ad1340b30b	bd32c71c8bd93191da1251ff28ea73d77698049fd1381a200956400c709926e0	historical-touchscreen-client	exact-reviewed-endpoint-blob-reuse	corroborates	functional/who-8-video-door-entry-telephony/README.md	Every changed endpoint blob is identical to a core-ledger source/test endpoint already semantically reviewed; merge/removal adds no unreviewed file implementation; integration combinations not executed
libqtdevices	4d60aa920b4ca5882f6f7fdea042949499ea0488	dce4fc0387a6b060b0bb98914f58a066d5f055c3	devices/videodoorentry_device.h	57d496651d91ecdc5c371fae8d63ffe0820efeeb	cb1f4365b76d185f5ed48f401db13467200b4025	9ce077f5e2c17b132ebf9192db72468afc431dfb9de35f2162bf99035a4a0c37	1c453535e62b31ab78845ce42daa224eba888a055dc5db0a37217368c8d4757b	historical-touchscreen-client	exact-reviewed-endpoint-blob-reuse	corroborates	functional/who-8-video-door-entry-telephony/README.md	Every changed endpoint blob is identical to a core-ledger source/test endpoint already semantically reviewed; merge/removal adds no unreviewed file implementation; integration combinations not executed
libqtdevices	578e940f085dc086f6c80022c8b539ed732b9061	db802822548530d37321ccec532380f6afb53f0a	devices/videodoorentry_device.cpp	3f80b0dacb2a3ffcd4869d4a5cdd621a4e02a165	90da58c8514a08eb04ffd747f0efcb7f6233cd56	0357e4f2a3306b43aa2b1464c9f53b8e70bf3f6f8800041c6bdb33ad1340b30b	5856237e2d233b44359ab384986c41fa8e974c1c60781f9c25a7c40babdd6d9b	historical-touchscreen-client	exact-reviewed-endpoint-blob-reuse	corroborates	functional/who-8-video-door-entry-telephony/README.md	Every changed endpoint blob is identical to a core-ledger source/test endpoint already semantically reviewed; merge/removal adds no unreviewed file implementation; integration combinations not executed
libqtdevices	578e940f085dc086f6c80022c8b539ed732b9061	db802822548530d37321ccec532380f6afb53f0a	devices/videodoorentry_device.h	57d496651d91ecdc5c371fae8d63ffe0820efeeb	be45d7c240f7e57c4a9f93fe29c679ca8de541bb	9ce077f5e2c17b132ebf9192db72468afc431dfb9de35f2162bf99035a4a0c37	9feeb79a1a5159fe0be090548923309e30de8d413614e877d3e04e176aa116b6	historical-touchscreen-client	exact-reviewed-endpoint-blob-reuse	corroborates	functional/who-8-video-door-entry-telephony/README.md	Every changed endpoint blob is identical to a core-ledger source/test endpoint already semantically reviewed; merge/removal adds no unreviewed file implementation; integration combinations not executed
libqtdevices	2bef4359f44bc10d8932dfcdc15f2aeb2d8ec95d	dfefad3271bc2dd959e0b18bf1511a9d1afe37d3	devices/videodoorentry_device.cpp	3f80b0dacb2a3ffcd4869d4a5cdd621a4e02a165	90da58c8514a08eb04ffd747f0efcb7f6233cd56	0357e4f2a3306b43aa2b1464c9f53b8e70bf3f6f8800041c6bdb33ad1340b30b	5856237e2d233b44359ab384986c41fa8e974c1c60781f9c25a7c40babdd6d9b	historical-touchscreen-client	exact-reviewed-endpoint-blob-reuse	corroborates	functional/who-8-video-door-entry-telephony/README.md	Every changed endpoint blob is identical to a core-ledger source/test endpoint already semantically reviewed; merge/removal adds no unreviewed file implementation; integration combinations not executed
libqtdevices	2bef4359f44bc10d8932dfcdc15f2aeb2d8ec95d	dfefad3271bc2dd959e0b18bf1511a9d1afe37d3	devices/videodoorentry_device.h	57d496651d91ecdc5c371fae8d63ffe0820efeeb	be45d7c240f7e57c4a9f93fe29c679ca8de541bb	9ce077f5e2c17b132ebf9192db72468afc431dfb9de35f2162bf99035a4a0c37	9feeb79a1a5159fe0be090548923309e30de8d413614e877d3e04e176aa116b6	historical-touchscreen-client	exact-reviewed-endpoint-blob-reuse	corroborates	functional/who-8-video-door-entry-telephony/README.md	Every changed endpoint blob is identical to a core-ledger source/test endpoint already semantically reviewed; merge/removal adds no unreviewed file implementation; integration combinations not executed
libqtdevices	e4ebfbadf00f44f4e0972a321f77da804e28646a	51bb8acb6f99815dfb0e8b444642e64fda1f858d	devices/videodoorentry_device.cpp	3f80b0dacb2a3ffcd4869d4a5cdd621a4e02a165	90da58c8514a08eb04ffd747f0efcb7f6233cd56	0357e4f2a3306b43aa2b1464c9f53b8e70bf3f6f8800041c6bdb33ad1340b30b	5856237e2d233b44359ab384986c41fa8e974c1c60781f9c25a7c40babdd6d9b	historical-touchscreen-client	exact-reviewed-endpoint-blob-reuse	corroborates	functional/who-8-video-door-entry-telephony/README.md	Every changed endpoint blob is identical to a core-ledger source/test endpoint already semantically reviewed; merge/removal adds no unreviewed file implementation; integration combinations not executed
libqtdevices	e4ebfbadf00f44f4e0972a321f77da804e28646a	51bb8acb6f99815dfb0e8b444642e64fda1f858d	devices/videodoorentry_device.h	57d496651d91ecdc5c371fae8d63ffe0820efeeb	be45d7c240f7e57c4a9f93fe29c679ca8de541bb	9ce077f5e2c17b132ebf9192db72468afc431dfb9de35f2162bf99035a4a0c37	9feeb79a1a5159fe0be090548923309e30de8d413614e877d3e04e176aa116b6	historical-touchscreen-client	exact-reviewed-endpoint-blob-reuse	corroborates	functional/who-8-video-door-entry-telephony/README.md	Every changed endpoint blob is identical to a core-ledger source/test endpoint already semantically reviewed; merge/removal adds no unreviewed file implementation; integration combinations not executed
libqtdevices	9f31c439d1659de413b14ad11ff626e738d1d94d	4138882460b7173f94c0d216410baa5b96cc1ba4	devices/message_device.h	bc8bf5b6a2ceb061b1fdd9dc189ecc6e6583c8ac	084bd3f3ca3f710834ec1cf7d2a052a1f315e0dc	37d964f49e31bf9814ddf833b7da429affd296ecbd8493de01452b83981fcf9f	92ead5eace1c82e052adfc73ab5ab78ab15a7750b8de587929aee9a08cbd9c14	historical-touchscreen-client	exact-reviewed-endpoint-blob-reuse	corroborates	functional/who-8-video-door-entry-telephony/README.md	Every changed endpoint blob is identical to a core-ledger source/test endpoint already semantically reviewed; merge/removal adds no unreviewed file implementation; integration combinations not executed
libqtdevices	a0db776ddbe080fff0c5d255c907e23092c64957	75b7a01ec98f92d13d25107db6b2d45e6ff14d20	devices/message_device.h	bc8bf5b6a2ceb061b1fdd9dc189ecc6e6583c8ac	084bd3f3ca3f710834ec1cf7d2a052a1f315e0dc	37d964f49e31bf9814ddf833b7da429affd296ecbd8493de01452b83981fcf9f	92ead5eace1c82e052adfc73ab5ab78ab15a7750b8de587929aee9a08cbd9c14	historical-touchscreen-client	exact-reviewed-endpoint-blob-reuse	corroborates	functional/who-8-video-door-entry-telephony/README.md	Every changed endpoint blob is identical to a core-ledger source/test endpoint already semantically reviewed; merge/removal adds no unreviewed file implementation; integration combinations not executed
libqtdevices	1b710bd09964ebce193edbf08a486a36de4fa032	4fcf70aaa9cb61b2f997ce2384e8b7fecd4695b2	devices/message_device.h	bc8bf5b6a2ceb061b1fdd9dc189ecc6e6583c8ac	084bd3f3ca3f710834ec1cf7d2a052a1f315e0dc	37d964f49e31bf9814ddf833b7da429affd296ecbd8493de01452b83981fcf9f	92ead5eace1c82e052adfc73ab5ab78ab15a7750b8de587929aee9a08cbd9c14	historical-touchscreen-client	exact-reviewed-endpoint-blob-reuse	corroborates	functional/who-8-video-door-entry-telephony/README.md	Every changed endpoint blob is identical to a core-ledger source/test endpoint already semantically reviewed; merge/removal adds no unreviewed file implementation; integration combinations not executed
libqtdevices	2911d53cc35f4934d060d135b1c2c9c85f1f0ba7	09e954dd12605ed600104292417af9bb1c7ce8bc	devices/message_device.h	1fcdd236674ddefcaed5d031c85d5e47bb6ae633	bc8bf5b6a2ceb061b1fdd9dc189ecc6e6583c8ac	f04ac8745a8fedaa407c7e16e77b8b16f4709470ed727a51d370d5cb3697ce3e	37d964f49e31bf9814ddf833b7da429affd296ecbd8493de01452b83981fcf9f	historical-touchscreen-client	exact-reviewed-endpoint-blob-reuse	corroborates	functional/who-8-video-door-entry-telephony/README.md	Every changed endpoint blob is identical to a core-ledger source/test endpoint already semantically reviewed; merge/removal adds no unreviewed file implementation; integration combinations not executed
libqtdevices	2b55c8510dba692aad0516b15ff6684e12fdd449	a19b5bcc7d3e0e5359143cf1eb05286213c415c7	devices/message_device.h	1fcdd236674ddefcaed5d031c85d5e47bb6ae633	bc8bf5b6a2ceb061b1fdd9dc189ecc6e6583c8ac	f04ac8745a8fedaa407c7e16e77b8b16f4709470ed727a51d370d5cb3697ce3e	37d964f49e31bf9814ddf833b7da429affd296ecbd8493de01452b83981fcf9f	historical-touchscreen-client	exact-reviewed-endpoint-blob-reuse	corroborates	functional/who-8-video-door-entry-telephony/README.md	Every changed endpoint blob is identical to a core-ledger source/test endpoint already semantically reviewed; merge/removal adds no unreviewed file implementation; integration combinations not executed
libqtdevices	a19b5bcc7d3e0e5359143cf1eb05286213c415c7	cfc611985240359d8d34e06bf590dd127dba9ef8	devices/entryphone_device.cpp	63e3bc8bd87256468c5859d0525ee7bbadede60b	0000000000000000000000000000000000000000	5a00e3ec0b3c87bcd27042bec49b98d1b26b07c16e7d139b5106b7913e96efb4	-	historical-touchscreen-client	exact-reviewed-endpoint-blob-reuse	corroborates	functional/who-8-video-door-entry-telephony/README.md	Every changed endpoint blob is identical to a core-ledger source/test endpoint already semantically reviewed; merge/removal adds no unreviewed file implementation; integration combinations not executed
libqtdevices	a19b5bcc7d3e0e5359143cf1eb05286213c415c7	cfc611985240359d8d34e06bf590dd127dba9ef8	devices/entryphone_device.h	530b113ff08564fc7d30a5404d00e5d69ef893d0	0000000000000000000000000000000000000000	88d60f444fa9bc0018cd657aa16fb8b35fad73c7b48a477da76aa747085812dd	-	historical-touchscreen-client	exact-reviewed-endpoint-blob-reuse	corroborates	functional/who-8-video-door-entry-telephony/README.md	Every changed endpoint blob is identical to a core-ledger source/test endpoint already semantically reviewed; merge/removal adds no unreviewed file implementation; integration combinations not executed
libqtdevices	a19b5bcc7d3e0e5359143cf1eb05286213c415c7	cfc611985240359d8d34e06bf590dd127dba9ef8	devices/message_device.cpp	ec11518953637ec93bfdd49440bfc0928f11324f	ccbcd3975053a604b660a30565f473dba3927d40	6756ec805c1c7f8804b6ae4261f639ef3ea7e0d72140e679841637d49fac6ceb	8c52980f827802479a569dea137a1d2c87e47aaa90b3e6044f9035bc664f4fb7	historical-touchscreen-client	exact-reviewed-endpoint-blob-reuse	corroborates	functional/who-8-video-door-entry-telephony/README.md	Every changed endpoint blob is identical to a core-ledger source/test endpoint already semantically reviewed; merge/removal adds no unreviewed file implementation; integration combinations not executed
libqtdevices	a19b5bcc7d3e0e5359143cf1eb05286213c415c7	cfc611985240359d8d34e06bf590dd127dba9ef8	devices/message_device.h	cfb8db67421ecf9cffe786020a14ae40767139c0	1fcdd236674ddefcaed5d031c85d5e47bb6ae633	f3ff7ce528988e06afb888400a0bbec7b458249fa3aab16577e0eda8052ccdbd	f04ac8745a8fedaa407c7e16e77b8b16f4709470ed727a51d370d5cb3697ce3e	historical-touchscreen-client	exact-reviewed-endpoint-blob-reuse	corroborates	functional/who-8-video-door-entry-telephony/README.md	Every changed endpoint blob is identical to a core-ledger source/test endpoint already semantically reviewed; merge/removal adds no unreviewed file implementation; integration combinations not executed
libqtdevices	a19b5bcc7d3e0e5359143cf1eb05286213c415c7	cfc611985240359d8d34e06bf590dd127dba9ef8	devices/test/test_entryphone_device.cpp	94d11c2ab902ad138b99d44a1506e7098fbd8fdd	0000000000000000000000000000000000000000	3581a58560ebc64663787966bc28776686018d3fc6c484654aeeb87132b781be	-	historical-touchscreen-client	exact-reviewed-endpoint-blob-reuse	corroborates	functional/who-8-video-door-entry-telephony/README.md	Every changed endpoint blob is identical to a core-ledger source/test endpoint already semantically reviewed; merge/removal adds no unreviewed file implementation; integration combinations not executed
libqtdevices	a19b5bcc7d3e0e5359143cf1eb05286213c415c7	cfc611985240359d8d34e06bf590dd127dba9ef8	devices/test/test_entryphone_device.h	28c77667f4e7d8ecb2a849775ad58a71530dcf61	0000000000000000000000000000000000000000	c5cd7fa5e3a17126ac710d0ed0e7d12c86d60b647d6a1d120c5d5889a844f96b	-	historical-touchscreen-client	exact-reviewed-endpoint-blob-reuse	corroborates	functional/who-8-video-door-entry-telephony/README.md	Every changed endpoint blob is identical to a core-ledger source/test endpoint already semantically reviewed; merge/removal adds no unreviewed file implementation; integration combinations not executed
libqtdevices	a19b5bcc7d3e0e5359143cf1eb05286213c415c7	cfc611985240359d8d34e06bf590dd127dba9ef8	devices/test/test_videodoorentry_device.cpp	0000000000000000000000000000000000000000	290c5bdea58f85474ffbc0c4441e129f4c571ce9	-	29885e07982631a2ef4def992c15061089bc063aee635282561aab92545c2341	historical-touchscreen-client	exact-reviewed-endpoint-blob-reuse	corroborates	functional/who-8-video-door-entry-telephony/README.md	Every changed endpoint blob is identical to a core-ledger source/test endpoint already semantically reviewed; merge/removal adds no unreviewed file implementation; integration combinations not executed
libqtdevices	a19b5bcc7d3e0e5359143cf1eb05286213c415c7	cfc611985240359d8d34e06bf590dd127dba9ef8	devices/test/test_videodoorentry_device.h	0000000000000000000000000000000000000000	9b62eaec3a5dba099616a271f44149ab3ba2000d	-	905b4be5eb38a3aa2835530c945f58fa10686fb600780a523d6cd47e3d7bb386	historical-touchscreen-client	exact-reviewed-endpoint-blob-reuse	corroborates	functional/who-8-video-door-entry-telephony/README.md	Every changed endpoint blob is identical to a core-ledger source/test endpoint already semantically reviewed; merge/removal adds no unreviewed file implementation; integration combinations not executed
libqtdevices	a19b5bcc7d3e0e5359143cf1eb05286213c415c7	cfc611985240359d8d34e06bf590dd127dba9ef8	devices/videodoorentry_device.cpp	0000000000000000000000000000000000000000	3f80b0dacb2a3ffcd4869d4a5cdd621a4e02a165	-	0357e4f2a3306b43aa2b1464c9f53b8e70bf3f6f8800041c6bdb33ad1340b30b	historical-touchscreen-client	exact-reviewed-endpoint-blob-reuse	corroborates	functional/who-8-video-door-entry-telephony/README.md	Every changed endpoint blob is identical to a core-ledger source/test endpoint already semantically reviewed; merge/removal adds no unreviewed file implementation; integration combinations not executed
libqtdevices	a19b5bcc7d3e0e5359143cf1eb05286213c415c7	cfc611985240359d8d34e06bf590dd127dba9ef8	devices/videodoorentry_device.h	0000000000000000000000000000000000000000	57d496651d91ecdc5c371fae8d63ffe0820efeeb	-	9ce077f5e2c17b132ebf9192db72468afc431dfb9de35f2162bf99035a4a0c37	historical-touchscreen-client	exact-reviewed-endpoint-blob-reuse	corroborates	functional/who-8-video-door-entry-telephony/README.md	Every changed endpoint blob is identical to a core-ledger source/test endpoint already semantically reviewed; merge/removal adds no unreviewed file implementation; integration combinations not executed
libqtdevices	d96e965acf685b2259738ea2fd34e065c19c1ba6	5091ad5c3d7bed15c31ff60cf8fca951ac9d8778	devices/entryphone_device.cpp	63e3bc8bd87256468c5859d0525ee7bbadede60b	0000000000000000000000000000000000000000	5a00e3ec0b3c87bcd27042bec49b98d1b26b07c16e7d139b5106b7913e96efb4	-	historical-touchscreen-client	exact-reviewed-endpoint-blob-reuse	corroborates	functional/who-8-video-door-entry-telephony/README.md	Every changed endpoint blob is identical to a core-ledger source/test endpoint already semantically reviewed; merge/removal adds no unreviewed file implementation; integration combinations not executed
libqtdevices	d96e965acf685b2259738ea2fd34e065c19c1ba6	5091ad5c3d7bed15c31ff60cf8fca951ac9d8778	devices/entryphone_device.h	530b113ff08564fc7d30a5404d00e5d69ef893d0	0000000000000000000000000000000000000000	88d60f444fa9bc0018cd657aa16fb8b35fad73c7b48a477da76aa747085812dd	-	historical-touchscreen-client	exact-reviewed-endpoint-blob-reuse	corroborates	functional/who-8-video-door-entry-telephony/README.md	Every changed endpoint blob is identical to a core-ledger source/test endpoint already semantically reviewed; merge/removal adds no unreviewed file implementation; integration combinations not executed
libqtdevices	d96e965acf685b2259738ea2fd34e065c19c1ba6	5091ad5c3d7bed15c31ff60cf8fca951ac9d8778	devices/message_device.cpp	ec11518953637ec93bfdd49440bfc0928f11324f	ccbcd3975053a604b660a30565f473dba3927d40	6756ec805c1c7f8804b6ae4261f639ef3ea7e0d72140e679841637d49fac6ceb	8c52980f827802479a569dea137a1d2c87e47aaa90b3e6044f9035bc664f4fb7	historical-touchscreen-client	exact-reviewed-endpoint-blob-reuse	corroborates	functional/who-8-video-door-entry-telephony/README.md	Every changed endpoint blob is identical to a core-ledger source/test endpoint already semantically reviewed; merge/removal adds no unreviewed file implementation; integration combinations not executed
libqtdevices	d96e965acf685b2259738ea2fd34e065c19c1ba6	5091ad5c3d7bed15c31ff60cf8fca951ac9d8778	devices/message_device.h	cfb8db67421ecf9cffe786020a14ae40767139c0	1fcdd236674ddefcaed5d031c85d5e47bb6ae633	f3ff7ce528988e06afb888400a0bbec7b458249fa3aab16577e0eda8052ccdbd	f04ac8745a8fedaa407c7e16e77b8b16f4709470ed727a51d370d5cb3697ce3e	historical-touchscreen-client	exact-reviewed-endpoint-blob-reuse	corroborates	functional/who-8-video-door-entry-telephony/README.md	Every changed endpoint blob is identical to a core-ledger source/test endpoint already semantically reviewed; merge/removal adds no unreviewed file implementation; integration combinations not executed
libqtdevices	d96e965acf685b2259738ea2fd34e065c19c1ba6	5091ad5c3d7bed15c31ff60cf8fca951ac9d8778	devices/test/test_entryphone_device.cpp	94d11c2ab902ad138b99d44a1506e7098fbd8fdd	0000000000000000000000000000000000000000	3581a58560ebc64663787966bc28776686018d3fc6c484654aeeb87132b781be	-	historical-touchscreen-client	exact-reviewed-endpoint-blob-reuse	corroborates	functional/who-8-video-door-entry-telephony/README.md	Every changed endpoint blob is identical to a core-ledger source/test endpoint already semantically reviewed; merge/removal adds no unreviewed file implementation; integration combinations not executed
libqtdevices	d96e965acf685b2259738ea2fd34e065c19c1ba6	5091ad5c3d7bed15c31ff60cf8fca951ac9d8778	devices/test/test_entryphone_device.h	28c77667f4e7d8ecb2a849775ad58a71530dcf61	0000000000000000000000000000000000000000	c5cd7fa5e3a17126ac710d0ed0e7d12c86d60b647d6a1d120c5d5889a844f96b	-	historical-touchscreen-client	exact-reviewed-endpoint-blob-reuse	corroborates	functional/who-8-video-door-entry-telephony/README.md	Every changed endpoint blob is identical to a core-ledger source/test endpoint already semantically reviewed; merge/removal adds no unreviewed file implementation; integration combinations not executed
libqtdevices	d96e965acf685b2259738ea2fd34e065c19c1ba6	5091ad5c3d7bed15c31ff60cf8fca951ac9d8778	devices/test/test_videodoorentry_device.cpp	0000000000000000000000000000000000000000	290c5bdea58f85474ffbc0c4441e129f4c571ce9	-	29885e07982631a2ef4def992c15061089bc063aee635282561aab92545c2341	historical-touchscreen-client	exact-reviewed-endpoint-blob-reuse	corroborates	functional/who-8-video-door-entry-telephony/README.md	Every changed endpoint blob is identical to a core-ledger source/test endpoint already semantically reviewed; merge/removal adds no unreviewed file implementation; integration combinations not executed
libqtdevices	d96e965acf685b2259738ea2fd34e065c19c1ba6	5091ad5c3d7bed15c31ff60cf8fca951ac9d8778	devices/test/test_videodoorentry_device.h	0000000000000000000000000000000000000000	9b62eaec3a5dba099616a271f44149ab3ba2000d	-	905b4be5eb38a3aa2835530c945f58fa10686fb600780a523d6cd47e3d7bb386	historical-touchscreen-client	exact-reviewed-endpoint-blob-reuse	corroborates	functional/who-8-video-door-entry-telephony/README.md	Every changed endpoint blob is identical to a core-ledger source/test endpoint already semantically reviewed; merge/removal adds no unreviewed file implementation; integration combinations not executed
libqtdevices	d96e965acf685b2259738ea2fd34e065c19c1ba6	5091ad5c3d7bed15c31ff60cf8fca951ac9d8778	devices/videodoorentry_device.cpp	0000000000000000000000000000000000000000	3f80b0dacb2a3ffcd4869d4a5cdd621a4e02a165	-	0357e4f2a3306b43aa2b1464c9f53b8e70bf3f6f8800041c6bdb33ad1340b30b	historical-touchscreen-client	exact-reviewed-endpoint-blob-reuse	corroborates	functional/who-8-video-door-entry-telephony/README.md	Every changed endpoint blob is identical to a core-ledger source/test endpoint already semantically reviewed; merge/removal adds no unreviewed file implementation; integration combinations not executed
libqtdevices	d96e965acf685b2259738ea2fd34e065c19c1ba6	5091ad5c3d7bed15c31ff60cf8fca951ac9d8778	devices/videodoorentry_device.h	0000000000000000000000000000000000000000	57d496651d91ecdc5c371fae8d63ffe0820efeeb	-	9ce077f5e2c17b132ebf9192db72468afc431dfb9de35f2162bf99035a4a0c37	historical-touchscreen-client	exact-reviewed-endpoint-blob-reuse	corroborates	functional/who-8-video-door-entry-telephony/README.md	Every changed endpoint blob is identical to a core-ledger source/test endpoint already semantically reviewed; merge/removal adds no unreviewed file implementation; integration combinations not executed
libqtdevices	dff68bc272637b0471c3b6a30bdf0e61710c97ef	a13998e64e3b7b170dfdf2d06a2cb770688ce36f	devices/videodoorentry_device.h	fef29437863404f49db281483321e32c26a58116	57d496651d91ecdc5c371fae8d63ffe0820efeeb	0042f7beaba0e7b0fc501e735cbb28b9eadeca147f7647d08f48f35591f93119	9ce077f5e2c17b132ebf9192db72468afc431dfb9de35f2162bf99035a4a0c37	historical-touchscreen-client	exact-reviewed-endpoint-blob-reuse	corroborates	functional/who-8-video-door-entry-telephony/README.md	Every changed endpoint blob is identical to a core-ledger source/test endpoint already semantically reviewed; merge/removal adds no unreviewed file implementation; integration combinations not executed
libqtdevices	a13998e64e3b7b170dfdf2d06a2cb770688ce36f	e37967f497195a3c3e33c546de603665b64938c7	devices/message_device.h	3dd7b6f3c136e527251b643a4ad03af048b9cf2d	1fcdd236674ddefcaed5d031c85d5e47bb6ae633	b4918ca59185b97019aa642e5c282d825acf5d2fd5dc9f2415483189b35c89f6	f04ac8745a8fedaa407c7e16e77b8b16f4709470ed727a51d370d5cb3697ce3e	historical-touchscreen-client	exact-reviewed-endpoint-blob-reuse	corroborates	functional/who-8-video-door-entry-telephony/README.md	Every changed endpoint blob is identical to a core-ledger source/test endpoint already semantically reviewed; merge/removal adds no unreviewed file implementation; integration combinations not executed
libqtdevices	e069559b6a796ad9fb0279feee92e1e3f7ea1100	40de42b21d58a888fa41757b407b436f40e69ee9	devices/message_device.h	3dd7b6f3c136e527251b643a4ad03af048b9cf2d	1fcdd236674ddefcaed5d031c85d5e47bb6ae633	b4918ca59185b97019aa642e5c282d825acf5d2fd5dc9f2415483189b35c89f6	f04ac8745a8fedaa407c7e16e77b8b16f4709470ed727a51d370d5cb3697ce3e	historical-touchscreen-client	exact-reviewed-endpoint-blob-reuse	corroborates	functional/who-8-video-door-entry-telephony/README.md	Every changed endpoint blob is identical to a core-ledger source/test endpoint already semantically reviewed; merge/removal adds no unreviewed file implementation; integration combinations not executed
libqtdevices	40de42b21d58a888fa41757b407b436f40e69ee9	ff217793e1f0c8dd96b7bbc37123b34ee9ca1326	devices/entryphone_device.cpp	63e3bc8bd87256468c5859d0525ee7bbadede60b	0000000000000000000000000000000000000000	5a00e3ec0b3c87bcd27042bec49b98d1b26b07c16e7d139b5106b7913e96efb4	-	historical-touchscreen-client	exact-reviewed-endpoint-blob-reuse	corroborates	functional/who-8-video-door-entry-telephony/README.md	Every changed endpoint blob is identical to a core-ledger source/test endpoint already semantically reviewed; merge/removal adds no unreviewed file implementation; integration combinations not executed
libqtdevices	40de42b21d58a888fa41757b407b436f40e69ee9	ff217793e1f0c8dd96b7bbc37123b34ee9ca1326	devices/entryphone_device.h	530b113ff08564fc7d30a5404d00e5d69ef893d0	0000000000000000000000000000000000000000	88d60f444fa9bc0018cd657aa16fb8b35fad73c7b48a477da76aa747085812dd	-	historical-touchscreen-client	exact-reviewed-endpoint-blob-reuse	corroborates	functional/who-8-video-door-entry-telephony/README.md	Every changed endpoint blob is identical to a core-ledger source/test endpoint already semantically reviewed; merge/removal adds no unreviewed file implementation; integration combinations not executed
libqtdevices	40de42b21d58a888fa41757b407b436f40e69ee9	ff217793e1f0c8dd96b7bbc37123b34ee9ca1326	devices/test/test_entryphone_device.cpp	94d11c2ab902ad138b99d44a1506e7098fbd8fdd	0000000000000000000000000000000000000000	3581a58560ebc64663787966bc28776686018d3fc6c484654aeeb87132b781be	-	historical-touchscreen-client	exact-reviewed-endpoint-blob-reuse	corroborates	functional/who-8-video-door-entry-telephony/README.md	Every changed endpoint blob is identical to a core-ledger source/test endpoint already semantically reviewed; merge/removal adds no unreviewed file implementation; integration combinations not executed
libqtdevices	40de42b21d58a888fa41757b407b436f40e69ee9	ff217793e1f0c8dd96b7bbc37123b34ee9ca1326	devices/test/test_entryphone_device.h	28c77667f4e7d8ecb2a849775ad58a71530dcf61	0000000000000000000000000000000000000000	c5cd7fa5e3a17126ac710d0ed0e7d12c86d60b647d6a1d120c5d5889a844f96b	-	historical-touchscreen-client	exact-reviewed-endpoint-blob-reuse	corroborates	functional/who-8-video-door-entry-telephony/README.md	Every changed endpoint blob is identical to a core-ledger source/test endpoint already semantically reviewed; merge/removal adds no unreviewed file implementation; integration combinations not executed
libqtdevices	40de42b21d58a888fa41757b407b436f40e69ee9	ff217793e1f0c8dd96b7bbc37123b34ee9ca1326	devices/test/test_videodoorentry_device.cpp	0000000000000000000000000000000000000000	290c5bdea58f85474ffbc0c4441e129f4c571ce9	-	29885e07982631a2ef4def992c15061089bc063aee635282561aab92545c2341	historical-touchscreen-client	exact-reviewed-endpoint-blob-reuse	corroborates	functional/who-8-video-door-entry-telephony/README.md	Every changed endpoint blob is identical to a core-ledger source/test endpoint already semantically reviewed; merge/removal adds no unreviewed file implementation; integration combinations not executed
libqtdevices	40de42b21d58a888fa41757b407b436f40e69ee9	ff217793e1f0c8dd96b7bbc37123b34ee9ca1326	devices/test/test_videodoorentry_device.h	0000000000000000000000000000000000000000	9b62eaec3a5dba099616a271f44149ab3ba2000d	-	905b4be5eb38a3aa2835530c945f58fa10686fb600780a523d6cd47e3d7bb386	historical-touchscreen-client	exact-reviewed-endpoint-blob-reuse	corroborates	functional/who-8-video-door-entry-telephony/README.md	Every changed endpoint blob is identical to a core-ledger source/test endpoint already semantically reviewed; merge/removal adds no unreviewed file implementation; integration combinations not executed
libqtdevices	40de42b21d58a888fa41757b407b436f40e69ee9	ff217793e1f0c8dd96b7bbc37123b34ee9ca1326	devices/videodoorentry_device.cpp	0000000000000000000000000000000000000000	3f80b0dacb2a3ffcd4869d4a5cdd621a4e02a165	-	0357e4f2a3306b43aa2b1464c9f53b8e70bf3f6f8800041c6bdb33ad1340b30b	historical-touchscreen-client	exact-reviewed-endpoint-blob-reuse	corroborates	functional/who-8-video-door-entry-telephony/README.md	Every changed endpoint blob is identical to a core-ledger source/test endpoint already semantically reviewed; merge/removal adds no unreviewed file implementation; integration combinations not executed
libqtdevices	40de42b21d58a888fa41757b407b436f40e69ee9	ff217793e1f0c8dd96b7bbc37123b34ee9ca1326	devices/videodoorentry_device.h	0000000000000000000000000000000000000000	fef29437863404f49db281483321e32c26a58116	-	0042f7beaba0e7b0fc501e735cbb28b9eadeca147f7647d08f48f35591f93119	historical-touchscreen-client	exact-reviewed-endpoint-blob-reuse	corroborates	functional/who-8-video-door-entry-telephony/README.md	Every changed endpoint blob is identical to a core-ledger source/test endpoint already semantically reviewed; merge/removal adds no unreviewed file implementation; integration combinations not executed
libqtdevices	37fb792e93d12c547d47152c794c080c9506e35d	832ff927caeb72e5f5d07811cea2d8dd88f04511	devices/entryphone_device.cpp	63e3bc8bd87256468c5859d0525ee7bbadede60b	0000000000000000000000000000000000000000	5a00e3ec0b3c87bcd27042bec49b98d1b26b07c16e7d139b5106b7913e96efb4	-	historical-touchscreen-client	exact-reviewed-endpoint-blob-reuse	corroborates	functional/who-8-video-door-entry-telephony/README.md	Every changed endpoint blob is identical to a core-ledger source/test endpoint already semantically reviewed; merge/removal adds no unreviewed file implementation; integration combinations not executed
libqtdevices	37fb792e93d12c547d47152c794c080c9506e35d	832ff927caeb72e5f5d07811cea2d8dd88f04511	devices/entryphone_device.h	530b113ff08564fc7d30a5404d00e5d69ef893d0	0000000000000000000000000000000000000000	88d60f444fa9bc0018cd657aa16fb8b35fad73c7b48a477da76aa747085812dd	-	historical-touchscreen-client	exact-reviewed-endpoint-blob-reuse	corroborates	functional/who-8-video-door-entry-telephony/README.md	Every changed endpoint blob is identical to a core-ledger source/test endpoint already semantically reviewed; merge/removal adds no unreviewed file implementation; integration combinations not executed
libqtdevices	37fb792e93d12c547d47152c794c080c9506e35d	832ff927caeb72e5f5d07811cea2d8dd88f04511	devices/test/test_entryphone_device.cpp	94d11c2ab902ad138b99d44a1506e7098fbd8fdd	0000000000000000000000000000000000000000	3581a58560ebc64663787966bc28776686018d3fc6c484654aeeb87132b781be	-	historical-touchscreen-client	exact-reviewed-endpoint-blob-reuse	corroborates	functional/who-8-video-door-entry-telephony/README.md	Every changed endpoint blob is identical to a core-ledger source/test endpoint already semantically reviewed; merge/removal adds no unreviewed file implementation; integration combinations not executed
libqtdevices	37fb792e93d12c547d47152c794c080c9506e35d	832ff927caeb72e5f5d07811cea2d8dd88f04511	devices/test/test_entryphone_device.h	28c77667f4e7d8ecb2a849775ad58a71530dcf61	0000000000000000000000000000000000000000	c5cd7fa5e3a17126ac710d0ed0e7d12c86d60b647d6a1d120c5d5889a844f96b	-	historical-touchscreen-client	exact-reviewed-endpoint-blob-reuse	corroborates	functional/who-8-video-door-entry-telephony/README.md	Every changed endpoint blob is identical to a core-ledger source/test endpoint already semantically reviewed; merge/removal adds no unreviewed file implementation; integration combinations not executed
libqtdevices	37fb792e93d12c547d47152c794c080c9506e35d	832ff927caeb72e5f5d07811cea2d8dd88f04511	devices/test/test_videodoorentry_device.cpp	0000000000000000000000000000000000000000	290c5bdea58f85474ffbc0c4441e129f4c571ce9	-	29885e07982631a2ef4def992c15061089bc063aee635282561aab92545c2341	historical-touchscreen-client	exact-reviewed-endpoint-blob-reuse	corroborates	functional/who-8-video-door-entry-telephony/README.md	Every changed endpoint blob is identical to a core-ledger source/test endpoint already semantically reviewed; merge/removal adds no unreviewed file implementation; integration combinations not executed
libqtdevices	37fb792e93d12c547d47152c794c080c9506e35d	832ff927caeb72e5f5d07811cea2d8dd88f04511	devices/test/test_videodoorentry_device.h	0000000000000000000000000000000000000000	9b62eaec3a5dba099616a271f44149ab3ba2000d	-	905b4be5eb38a3aa2835530c945f58fa10686fb600780a523d6cd47e3d7bb386	historical-touchscreen-client	exact-reviewed-endpoint-blob-reuse	corroborates	functional/who-8-video-door-entry-telephony/README.md	Every changed endpoint blob is identical to a core-ledger source/test endpoint already semantically reviewed; merge/removal adds no unreviewed file implementation; integration combinations not executed
libqtdevices	37fb792e93d12c547d47152c794c080c9506e35d	832ff927caeb72e5f5d07811cea2d8dd88f04511	devices/videodoorentry_device.cpp	0000000000000000000000000000000000000000	3f80b0dacb2a3ffcd4869d4a5cdd621a4e02a165	-	0357e4f2a3306b43aa2b1464c9f53b8e70bf3f6f8800041c6bdb33ad1340b30b	historical-touchscreen-client	exact-reviewed-endpoint-blob-reuse	corroborates	functional/who-8-video-door-entry-telephony/README.md	Every changed endpoint blob is identical to a core-ledger source/test endpoint already semantically reviewed; merge/removal adds no unreviewed file implementation; integration combinations not executed
libqtdevices	37fb792e93d12c547d47152c794c080c9506e35d	832ff927caeb72e5f5d07811cea2d8dd88f04511	devices/videodoorentry_device.h	0000000000000000000000000000000000000000	fef29437863404f49db281483321e32c26a58116	-	0042f7beaba0e7b0fc501e735cbb28b9eadeca147f7647d08f48f35591f93119	historical-touchscreen-client	exact-reviewed-endpoint-blob-reuse	corroborates	functional/who-8-video-door-entry-telephony/README.md	Every changed endpoint blob is identical to a core-ledger source/test endpoint already semantically reviewed; merge/removal adds no unreviewed file implementation; integration combinations not executed
libqtdevices	aef8b31bfbe9f804b04943f1fbfcb1cae4832b19	e382220c54c6e3d3706d8727118d93645f3635b3	devices/message_device.cpp	158b852a039449ee1f6d810f92cb23819b4a138e	625b2ca00feaad0b0df53fc7b93107dfb9fb8a82	63bfa5fe9b09e01de565ce75f2d0f28939e2d62445f816896651f5b988dfa21a	d5d27ba125d99ddedfcb9696beec6fd46ae89e8dabafcb5b34a5d0470d84eeec	historical-touchscreen-client	exact-reviewed-endpoint-blob-reuse	corroborates	functional/who-8-video-door-entry-telephony/README.md	Every changed endpoint blob is identical to a core-ledger source/test endpoint already semantically reviewed; merge/removal adds no unreviewed file implementation; integration combinations not executed
libqtdevices	23398c1c18b84ee63c781cd760b1320dd9974782	f3c63426d07992f9c3af813cb17fb82102100a73	devices/message_device.cpp	158b852a039449ee1f6d810f92cb23819b4a138e	625b2ca00feaad0b0df53fc7b93107dfb9fb8a82	63bfa5fe9b09e01de565ce75f2d0f28939e2d62445f816896651f5b988dfa21a	d5d27ba125d99ddedfcb9696beec6fd46ae89e8dabafcb5b34a5d0470d84eeec	historical-touchscreen-client	exact-reviewed-endpoint-blob-reuse	corroborates	functional/who-8-video-door-entry-telephony/README.md	Every changed endpoint blob is identical to a core-ledger source/test endpoint already semantically reviewed; merge/removal adds no unreviewed file implementation; integration combinations not executed
libqtdevices	27ab791e592b6b94bf89db8aac472b5e55e39145	542cda6fa16198c6543050be5bf866977b8d7f95	devices/message_device.cpp	ec11518953637ec93bfdd49440bfc0928f11324f	61f3873c28e57b580104d25caf53954cdb5fed0c	6756ec805c1c7f8804b6ae4261f639ef3ea7e0d72140e679841637d49fac6ceb	9cb3318d20cff062788d03bd55a8fba8248e093a764b4dbf4d021ab0f41a50bd	historical-touchscreen-client	exact-reviewed-endpoint-blob-reuse	corroborates	functional/who-8-video-door-entry-telephony/README.md	Every changed endpoint blob is identical to a core-ledger source/test endpoint already semantically reviewed; merge/removal adds no unreviewed file implementation; integration combinations not executed
libqtdevices	8e15bdbccdc639e49c8c93843c3f25f3b7e27227	e37787e93a54b0164f03e95f8aafbece613c5f49	devices/message_device.cpp	5bc479d8327cd2000fd97ba88e54eb058846bf20	ec11518953637ec93bfdd49440bfc0928f11324f	725e28c5dbc5b20dc18884fd76f4a4eb24f4172118c25ffd6805df68517b0da1	6756ec805c1c7f8804b6ae4261f639ef3ea7e0d72140e679841637d49fac6ceb	historical-touchscreen-client	exact-reviewed-endpoint-blob-reuse	corroborates	functional/who-8-video-door-entry-telephony/README.md	Every changed endpoint blob is identical to a core-ledger source/test endpoint already semantically reviewed; merge/removal adds no unreviewed file implementation; integration combinations not executed
libqtdevices	8e15bdbccdc639e49c8c93843c3f25f3b7e27227	e37787e93a54b0164f03e95f8aafbece613c5f49	devices/message_device.h	dbd37b1d817a4f240476379e969336c920f08a29	cfb8db67421ecf9cffe786020a14ae40767139c0	72125bd57b96e496141ceb7b703c7c68b431f0f07252f2bd9df7e5d09d2118ed	f3ff7ce528988e06afb888400a0bbec7b458249fa3aab16577e0eda8052ccdbd	historical-touchscreen-client	exact-reviewed-endpoint-blob-reuse	corroborates	functional/who-8-video-door-entry-telephony/README.md	Every changed endpoint blob is identical to a core-ledger source/test endpoint already semantically reviewed; merge/removal adds no unreviewed file implementation; integration combinations not executed
libqtdevices	4185fa5c9580a552d3c2a28132fb85bd39350944	4a878d0ababcf246539631386a122e6bba92cc52	devices/entryphone_device.cpp	00c4374c9a85c82b9e90a9ce3fe815e69f2fc5bd	9a4406c8afaff53f54092f7b383366d97f688093	f42c7181c14224bf4d49fbbee69fe83fc43d5226b72829ec56195869f8361f1d	a741b12db4add02b6e9519ff8a53bfecb3a8b164f77437c0e868c6faa64add4b	historical-touchscreen-client	exact-reviewed-endpoint-blob-reuse	corroborates	functional/who-8-video-door-entry-telephony/README.md	Every changed endpoint blob is identical to a core-ledger source/test endpoint already semantically reviewed; merge/removal adds no unreviewed file implementation; integration combinations not executed
libqtdevices	d06b2d6da0670c84fe0ea5eb8c15dac600f0c891	d6f982c6c9657374abb8772fc7c64e20a3d4988a	devices/message_device.cpp	b72805fca46490266edcdcbcc96f56128188897c	891d04290398ad3b9186137232597928f45c1db7	166c0b16444bc30f01f57945af276dfa4909b73fa19914d8599e1d4c9e5e79fe	3163ed8ea56bc1258142d932eb9189cd109862a45d6dc366eb03cbcef97e664f	historical-touchscreen-client	exact-reviewed-endpoint-blob-reuse	corroborates	functional/who-8-video-door-entry-telephony/README.md	Every changed endpoint blob is identical to a core-ledger source/test endpoint already semantically reviewed; merge/removal adds no unreviewed file implementation; integration combinations not executed
libqtdevices	d06b2d6da0670c84fe0ea5eb8c15dac600f0c891	d6f982c6c9657374abb8772fc7c64e20a3d4988a	devices/message_device.h	97889dd67b929b44184944a37b8b3f9357e3943e	dbd37b1d817a4f240476379e969336c920f08a29	a4dca748b1c4c0ff0ea6897a8c2af6d58082d3c53160736ded4d730c6f341048	72125bd57b96e496141ceb7b703c7c68b431f0f07252f2bd9df7e5d09d2118ed	historical-touchscreen-client	exact-reviewed-endpoint-blob-reuse	corroborates	functional/who-8-video-door-entry-telephony/README.md	Every changed endpoint blob is identical to a core-ledger source/test endpoint already semantically reviewed; merge/removal adds no unreviewed file implementation; integration combinations not executed
libqtdevices	bcbf0e9b7a9dacfe7c45643c7f75df3337ed6ef5	2ff4011354a1d7f5002f97d5c69ecfc068b8f02a	devices/message_device.cpp	7e01b825097d2523e9344889128e33171cd45c20	b72805fca46490266edcdcbcc96f56128188897c	a0a67992c2f81da5b0d8dffeb9e21c0b009aec12e83909314fec2d4fe22d7e8e	166c0b16444bc30f01f57945af276dfa4909b73fa19914d8599e1d4c9e5e79fe	historical-touchscreen-client	exact-reviewed-endpoint-blob-reuse	corroborates	functional/who-8-video-door-entry-telephony/README.md	Every changed endpoint blob is identical to a core-ledger source/test endpoint already semantically reviewed; merge/removal adds no unreviewed file implementation; integration combinations not executed
libqtdevices	dc63d762b5c25a5942d8d4a1af90ee8bc6de7fd7	175e38f3b9fd751ec2c00ab09cc0aecae067f5b0	devices/entryphone_device.cpp	0000000000000000000000000000000000000000	2d41367e3832085b61a7d6c057e501ec04c35770	-	c03d87fb4c37c965c6cc5ff7d18aa93fa8cee7b42ec832af552ea1b6a8153811	historical-touchscreen-client	exact-reviewed-endpoint-blob-reuse	corroborates	functional/who-8-video-door-entry-telephony/README.md	Every changed endpoint blob is identical to a core-ledger source/test endpoint already semantically reviewed; merge/removal adds no unreviewed file implementation; integration combinations not executed
libqtdevices	dc63d762b5c25a5942d8d4a1af90ee8bc6de7fd7	175e38f3b9fd751ec2c00ab09cc0aecae067f5b0	devices/entryphone_device.h	0000000000000000000000000000000000000000	1d674ba2878ca75a85b31224d531b5f88ad1b503	-	746330be2c9df8a03876ea879366440e28f2cff332222ee3a6fc16e09ef55b77	historical-touchscreen-client	exact-reviewed-endpoint-blob-reuse	corroborates	functional/who-8-video-door-entry-telephony/README.md	Every changed endpoint blob is identical to a core-ledger source/test endpoint already semantically reviewed; merge/removal adds no unreviewed file implementation; integration combinations not executed
libqtdevices	dc63d762b5c25a5942d8d4a1af90ee8bc6de7fd7	175e38f3b9fd751ec2c00ab09cc0aecae067f5b0	devices/message_device.cpp	0000000000000000000000000000000000000000	468a7dae8d9b9f43f3477bc8784d014201e79af1	-	d728495db0f421e44cc5dd74d5bcc93232b692ff9c553b518ca528867523acee	historical-touchscreen-client	exact-reviewed-endpoint-blob-reuse	corroborates	functional/who-8-video-door-entry-telephony/README.md	Every changed endpoint blob is identical to a core-ledger source/test endpoint already semantically reviewed; merge/removal adds no unreviewed file implementation; integration combinations not executed
libqtdevices	dc63d762b5c25a5942d8d4a1af90ee8bc6de7fd7	175e38f3b9fd751ec2c00ab09cc0aecae067f5b0	devices/message_device.h	0000000000000000000000000000000000000000	97889dd67b929b44184944a37b8b3f9357e3943e	-	a4dca748b1c4c0ff0ea6897a8c2af6d58082d3c53160736ded4d730c6f341048	historical-touchscreen-client	exact-reviewed-endpoint-blob-reuse	corroborates	functional/who-8-video-door-entry-telephony/README.md	Every changed endpoint blob is identical to a core-ledger source/test endpoint already semantically reviewed; merge/removal adds no unreviewed file implementation; integration combinations not executed
libqtdevices	dc63d762b5c25a5942d8d4a1af90ee8bc6de7fd7	175e38f3b9fd751ec2c00ab09cc0aecae067f5b0	devices/test/test_entryphone_device.cpp	0000000000000000000000000000000000000000	3909211304e4306add76c02f274fdd81fc923b65	-	1b8a4b31f4e436bdd158c64558b1af133b75a7de4af48fc4a93fd8d898496aa1	historical-touchscreen-client	exact-reviewed-endpoint-blob-reuse	corroborates	functional/who-8-video-door-entry-telephony/README.md	Every changed endpoint blob is identical to a core-ledger source/test endpoint already semantically reviewed; merge/removal adds no unreviewed file implementation; integration combinations not executed
libqtdevices	dc63d762b5c25a5942d8d4a1af90ee8bc6de7fd7	175e38f3b9fd751ec2c00ab09cc0aecae067f5b0	devices/test/test_entryphone_device.h	0000000000000000000000000000000000000000	810e6f441d96618b03be18adcb6909716e31a8e6	-	c11991d343b5ab50bbfaefc2526a488c7b94f5689ef685139409db0e7e8264f2	historical-touchscreen-client	exact-reviewed-endpoint-blob-reuse	corroborates	functional/who-8-video-door-entry-telephony/README.md	Every changed endpoint blob is identical to a core-ledger source/test endpoint already semantically reviewed; merge/removal adds no unreviewed file implementation; integration combinations not executed
libqtdevices	dc63d762b5c25a5942d8d4a1af90ee8bc6de7fd7	175e38f3b9fd751ec2c00ab09cc0aecae067f5b0	devices/test/test_message_device.cpp	0000000000000000000000000000000000000000	b2d358bc2b085b380fc80176911acbe8437d7ea9	-	0faa551c53f230f1cf92c6b0342e4502b6d27b6703a85711d740fbc31d83613b	historical-touchscreen-client	exact-reviewed-endpoint-blob-reuse	corroborates	functional/who-8-video-door-entry-telephony/README.md	Every changed endpoint blob is identical to a core-ledger source/test endpoint already semantically reviewed; merge/removal adds no unreviewed file implementation; integration combinations not executed
libqtdevices	dc63d762b5c25a5942d8d4a1af90ee8bc6de7fd7	175e38f3b9fd751ec2c00ab09cc0aecae067f5b0	devices/test/test_message_device.h	0000000000000000000000000000000000000000	0966855ab4924d9401e093b2ceca82fcbd2d96ba	-	afbfd1b4a58d9ec1624807f93235f208fded8c39234d02bfde51922dcbc23abe	historical-touchscreen-client	exact-reviewed-endpoint-blob-reuse	corroborates	functional/who-8-video-door-entry-telephony/README.md	Every changed endpoint blob is identical to a core-ledger source/test endpoint already semantically reviewed; merge/removal adds no unreviewed file implementation; integration combinations not executed
libqtdevices	68a45863de998167aebd42e8e04857c77bb5cf66	8b3fba54cbed7aa996fb367e6c72eb360e88ae95	devices/entryphone_device.cpp	9f0bc35bf5736b648c9b780f773048dfcf71cba6	2d41367e3832085b61a7d6c057e501ec04c35770	cc93b463c9f402607e3eb08ef583e64c3e571906976200ff22c0bd81da2353c3	c03d87fb4c37c965c6cc5ff7d18aa93fa8cee7b42ec832af552ea1b6a8153811	historical-touchscreen-client	exact-reviewed-endpoint-blob-reuse	corroborates	functional/who-8-video-door-entry-telephony/README.md	Every changed endpoint blob is identical to a core-ledger source/test endpoint already semantically reviewed; merge/removal adds no unreviewed file implementation; integration combinations not executed
libqtdevices	68a45863de998167aebd42e8e04857c77bb5cf66	8b3fba54cbed7aa996fb367e6c72eb360e88ae95	devices/test/test_entryphone_device.cpp	3cdfddc8000403e90d42216f2c237c40ff029564	3909211304e4306add76c02f274fdd81fc923b65	701eea247e6c8f4e3fe2f5d3bdc7be41a42d9636e30d5749f1c2677f44498307	1b8a4b31f4e436bdd158c64558b1af133b75a7de4af48fc4a93fd8d898496aa1	historical-touchscreen-client	exact-reviewed-endpoint-blob-reuse	corroborates	functional/who-8-video-door-entry-telephony/README.md	Every changed endpoint blob is identical to a core-ledger source/test endpoint already semantically reviewed; merge/removal adds no unreviewed file implementation; integration combinations not executed
libqtdevices	68a45863de998167aebd42e8e04857c77bb5cf66	8b3fba54cbed7aa996fb367e6c72eb360e88ae95	devices/test/test_entryphone_device.h	aad26a3b19b70bca1be96addfdc6d6535cc2884c	810e6f441d96618b03be18adcb6909716e31a8e6	c741a8f0764b8a4655c247170d69fc3bd8b31389ab65173432ff99a3f4b9038b	c11991d343b5ab50bbfaefc2526a488c7b94f5689ef685139409db0e7e8264f2	historical-touchscreen-client	exact-reviewed-endpoint-blob-reuse	corroborates	functional/who-8-video-door-entry-telephony/README.md	Every changed endpoint blob is identical to a core-ledger source/test endpoint already semantically reviewed; merge/removal adds no unreviewed file implementation; integration combinations not executed
libqtdevices	c6bd905d87646b5e05d3bfcda7d6ff21f7959f79	d1f25f0efb1de8c33652ac8f9154fd77cb017a47	devices/entryphone_device.cpp	0000000000000000000000000000000000000000	9f0bc35bf5736b648c9b780f773048dfcf71cba6	-	cc93b463c9f402607e3eb08ef583e64c3e571906976200ff22c0bd81da2353c3	historical-touchscreen-client	exact-reviewed-endpoint-blob-reuse	corroborates	functional/who-8-video-door-entry-telephony/README.md	Every changed endpoint blob is identical to a core-ledger source/test endpoint already semantically reviewed; merge/removal adds no unreviewed file implementation; integration combinations not executed
libqtdevices	c6bd905d87646b5e05d3bfcda7d6ff21f7959f79	d1f25f0efb1de8c33652ac8f9154fd77cb017a47	devices/entryphone_device.h	0000000000000000000000000000000000000000	1d674ba2878ca75a85b31224d531b5f88ad1b503	-	746330be2c9df8a03876ea879366440e28f2cff332222ee3a6fc16e09ef55b77	historical-touchscreen-client	exact-reviewed-endpoint-blob-reuse	corroborates	functional/who-8-video-door-entry-telephony/README.md	Every changed endpoint blob is identical to a core-ledger source/test endpoint already semantically reviewed; merge/removal adds no unreviewed file implementation; integration combinations not executed
libqtdevices	c6bd905d87646b5e05d3bfcda7d6ff21f7959f79	d1f25f0efb1de8c33652ac8f9154fd77cb017a47	devices/message_device.cpp	0000000000000000000000000000000000000000	468a7dae8d9b9f43f3477bc8784d014201e79af1	-	d728495db0f421e44cc5dd74d5bcc93232b692ff9c553b518ca528867523acee	historical-touchscreen-client	exact-reviewed-endpoint-blob-reuse	corroborates	functional/who-8-video-door-entry-telephony/README.md	Every changed endpoint blob is identical to a core-ledger source/test endpoint already semantically reviewed; merge/removal adds no unreviewed file implementation; integration combinations not executed
libqtdevices	c6bd905d87646b5e05d3bfcda7d6ff21f7959f79	d1f25f0efb1de8c33652ac8f9154fd77cb017a47	devices/message_device.h	0000000000000000000000000000000000000000	97889dd67b929b44184944a37b8b3f9357e3943e	-	a4dca748b1c4c0ff0ea6897a8c2af6d58082d3c53160736ded4d730c6f341048	historical-touchscreen-client	exact-reviewed-endpoint-blob-reuse	corroborates	functional/who-8-video-door-entry-telephony/README.md	Every changed endpoint blob is identical to a core-ledger source/test endpoint already semantically reviewed; merge/removal adds no unreviewed file implementation; integration combinations not executed
libqtdevices	c6bd905d87646b5e05d3bfcda7d6ff21f7959f79	d1f25f0efb1de8c33652ac8f9154fd77cb017a47	devices/test/test_entryphone_device.cpp	0000000000000000000000000000000000000000	3cdfddc8000403e90d42216f2c237c40ff029564	-	701eea247e6c8f4e3fe2f5d3bdc7be41a42d9636e30d5749f1c2677f44498307	historical-touchscreen-client	exact-reviewed-endpoint-blob-reuse	corroborates	functional/who-8-video-door-entry-telephony/README.md	Every changed endpoint blob is identical to a core-ledger source/test endpoint already semantically reviewed; merge/removal adds no unreviewed file implementation; integration combinations not executed
libqtdevices	c6bd905d87646b5e05d3bfcda7d6ff21f7959f79	d1f25f0efb1de8c33652ac8f9154fd77cb017a47	devices/test/test_entryphone_device.h	0000000000000000000000000000000000000000	aad26a3b19b70bca1be96addfdc6d6535cc2884c	-	c741a8f0764b8a4655c247170d69fc3bd8b31389ab65173432ff99a3f4b9038b	historical-touchscreen-client	exact-reviewed-endpoint-blob-reuse	corroborates	functional/who-8-video-door-entry-telephony/README.md	Every changed endpoint blob is identical to a core-ledger source/test endpoint already semantically reviewed; merge/removal adds no unreviewed file implementation; integration combinations not executed
libqtdevices	c6bd905d87646b5e05d3bfcda7d6ff21f7959f79	d1f25f0efb1de8c33652ac8f9154fd77cb017a47	devices/test/test_message_device.cpp	0000000000000000000000000000000000000000	b2d358bc2b085b380fc80176911acbe8437d7ea9	-	0faa551c53f230f1cf92c6b0342e4502b6d27b6703a85711d740fbc31d83613b	historical-touchscreen-client	exact-reviewed-endpoint-blob-reuse	corroborates	functional/who-8-video-door-entry-telephony/README.md	Every changed endpoint blob is identical to a core-ledger source/test endpoint already semantically reviewed; merge/removal adds no unreviewed file implementation; integration combinations not executed
libqtdevices	c6bd905d87646b5e05d3bfcda7d6ff21f7959f79	d1f25f0efb1de8c33652ac8f9154fd77cb017a47	devices/test/test_message_device.h	0000000000000000000000000000000000000000	0966855ab4924d9401e093b2ceca82fcbd2d96ba	-	afbfd1b4a58d9ec1624807f93235f208fded8c39234d02bfde51922dcbc23abe	historical-touchscreen-client	exact-reviewed-endpoint-blob-reuse	corroborates	functional/who-8-video-door-entry-telephony/README.md	Every changed endpoint blob is identical to a core-ledger source/test endpoint already semantically reviewed; merge/removal adds no unreviewed file implementation; integration combinations not executed
libqtdevices	26d1c90364de021e280466ee95f86079c5234a8a	88627385f4443fb3a974977b80d14ac9eedeef8c	devices/entryphone_device.cpp	0000000000000000000000000000000000000000	9f0bc35bf5736b648c9b780f773048dfcf71cba6	-	cc93b463c9f402607e3eb08ef583e64c3e571906976200ff22c0bd81da2353c3	historical-touchscreen-client	exact-reviewed-endpoint-blob-reuse	corroborates	functional/who-8-video-door-entry-telephony/README.md	Every changed endpoint blob is identical to a core-ledger source/test endpoint already semantically reviewed; merge/removal adds no unreviewed file implementation; integration combinations not executed
libqtdevices	26d1c90364de021e280466ee95f86079c5234a8a	88627385f4443fb3a974977b80d14ac9eedeef8c	devices/entryphone_device.h	0000000000000000000000000000000000000000	1d674ba2878ca75a85b31224d531b5f88ad1b503	-	746330be2c9df8a03876ea879366440e28f2cff332222ee3a6fc16e09ef55b77	historical-touchscreen-client	exact-reviewed-endpoint-blob-reuse	corroborates	functional/who-8-video-door-entry-telephony/README.md	Every changed endpoint blob is identical to a core-ledger source/test endpoint already semantically reviewed; merge/removal adds no unreviewed file implementation; integration combinations not executed
libqtdevices	26d1c90364de021e280466ee95f86079c5234a8a	88627385f4443fb3a974977b80d14ac9eedeef8c	devices/message_device.cpp	0000000000000000000000000000000000000000	468a7dae8d9b9f43f3477bc8784d014201e79af1	-	d728495db0f421e44cc5dd74d5bcc93232b692ff9c553b518ca528867523acee	historical-touchscreen-client	exact-reviewed-endpoint-blob-reuse	corroborates	functional/who-8-video-door-entry-telephony/README.md	Every changed endpoint blob is identical to a core-ledger source/test endpoint already semantically reviewed; merge/removal adds no unreviewed file implementation; integration combinations not executed
libqtdevices	26d1c90364de021e280466ee95f86079c5234a8a	88627385f4443fb3a974977b80d14ac9eedeef8c	devices/message_device.h	0000000000000000000000000000000000000000	97889dd67b929b44184944a37b8b3f9357e3943e	-	a4dca748b1c4c0ff0ea6897a8c2af6d58082d3c53160736ded4d730c6f341048	historical-touchscreen-client	exact-reviewed-endpoint-blob-reuse	corroborates	functional/who-8-video-door-entry-telephony/README.md	Every changed endpoint blob is identical to a core-ledger source/test endpoint already semantically reviewed; merge/removal adds no unreviewed file implementation; integration combinations not executed
libqtdevices	26d1c90364de021e280466ee95f86079c5234a8a	88627385f4443fb3a974977b80d14ac9eedeef8c	devices/test/test_entryphone_device.cpp	0000000000000000000000000000000000000000	3cdfddc8000403e90d42216f2c237c40ff029564	-	701eea247e6c8f4e3fe2f5d3bdc7be41a42d9636e30d5749f1c2677f44498307	historical-touchscreen-client	exact-reviewed-endpoint-blob-reuse	corroborates	functional/who-8-video-door-entry-telephony/README.md	Every changed endpoint blob is identical to a core-ledger source/test endpoint already semantically reviewed; merge/removal adds no unreviewed file implementation; integration combinations not executed
libqtdevices	26d1c90364de021e280466ee95f86079c5234a8a	88627385f4443fb3a974977b80d14ac9eedeef8c	devices/test/test_entryphone_device.h	0000000000000000000000000000000000000000	aad26a3b19b70bca1be96addfdc6d6535cc2884c	-	c741a8f0764b8a4655c247170d69fc3bd8b31389ab65173432ff99a3f4b9038b	historical-touchscreen-client	exact-reviewed-endpoint-blob-reuse	corroborates	functional/who-8-video-door-entry-telephony/README.md	Every changed endpoint blob is identical to a core-ledger source/test endpoint already semantically reviewed; merge/removal adds no unreviewed file implementation; integration combinations not executed
libqtdevices	26d1c90364de021e280466ee95f86079c5234a8a	88627385f4443fb3a974977b80d14ac9eedeef8c	devices/test/test_message_device.cpp	0000000000000000000000000000000000000000	b2d358bc2b085b380fc80176911acbe8437d7ea9	-	0faa551c53f230f1cf92c6b0342e4502b6d27b6703a85711d740fbc31d83613b	historical-touchscreen-client	exact-reviewed-endpoint-blob-reuse	corroborates	functional/who-8-video-door-entry-telephony/README.md	Every changed endpoint blob is identical to a core-ledger source/test endpoint already semantically reviewed; merge/removal adds no unreviewed file implementation; integration combinations not executed
libqtdevices	26d1c90364de021e280466ee95f86079c5234a8a	88627385f4443fb3a974977b80d14ac9eedeef8c	devices/test/test_message_device.h	0000000000000000000000000000000000000000	0966855ab4924d9401e093b2ceca82fcbd2d96ba	-	afbfd1b4a58d9ec1624807f93235f208fded8c39234d02bfde51922dcbc23abe	historical-touchscreen-client	exact-reviewed-endpoint-blob-reuse	corroborates	functional/who-8-video-door-entry-telephony/README.md	Every changed endpoint blob is identical to a core-ledger source/test endpoint already semantically reviewed; merge/removal adds no unreviewed file implementation; integration combinations not executed
libqtdevices	4e5396bd37dfc40d7d772f55521a0d95bd761f46	03db2fd76fdb3a23aded6c633694ad5d47927480	devices/test/test_entryphone_device.cpp	6cbecbc04d7cf78ce7879d82d524073537f9bcc8	3cdfddc8000403e90d42216f2c237c40ff029564	8b9216782caf4ff479dfc8f1fbff0e71c64b94c89f213decaebbecf6550a73c5	701eea247e6c8f4e3fe2f5d3bdc7be41a42d9636e30d5749f1c2677f44498307	historical-touchscreen-client	exact-reviewed-endpoint-blob-reuse	corroborates	functional/who-8-video-door-entry-telephony/README.md	Every changed endpoint blob is identical to a core-ledger source/test endpoint already semantically reviewed; merge/removal adds no unreviewed file implementation; integration combinations not executed
libqtdevices	4e5396bd37dfc40d7d772f55521a0d95bd761f46	03db2fd76fdb3a23aded6c633694ad5d47927480	devices/test/test_entryphone_device.h	0d231d0fbcf073aa4bf436d8cffe10c25f1b6b8d	aad26a3b19b70bca1be96addfdc6d6535cc2884c	b142626bba8bafa59f9547a18a33731d00cc83b3eefa04f16a62f152cab0517a	c741a8f0764b8a4655c247170d69fc3bd8b31389ab65173432ff99a3f4b9038b	historical-touchscreen-client	exact-reviewed-endpoint-blob-reuse	corroborates	functional/who-8-video-door-entry-telephony/README.md	Every changed endpoint blob is identical to a core-ledger source/test endpoint already semantically reviewed; merge/removal adds no unreviewed file implementation; integration combinations not executed
libqtdevices	e7b0bff26cc02ba3c80688fcae8ed68b895720e4	a7485a0525493077f47a3ea8a29dd1becdfd4989	devices/test/test_entryphone_device.cpp	6cbecbc04d7cf78ce7879d82d524073537f9bcc8	3cdfddc8000403e90d42216f2c237c40ff029564	8b9216782caf4ff479dfc8f1fbff0e71c64b94c89f213decaebbecf6550a73c5	701eea247e6c8f4e3fe2f5d3bdc7be41a42d9636e30d5749f1c2677f44498307	historical-touchscreen-client	exact-reviewed-endpoint-blob-reuse	corroborates	functional/who-8-video-door-entry-telephony/README.md	Every changed endpoint blob is identical to a core-ledger source/test endpoint already semantically reviewed; merge/removal adds no unreviewed file implementation; integration combinations not executed
libqtdevices	e7b0bff26cc02ba3c80688fcae8ed68b895720e4	a7485a0525493077f47a3ea8a29dd1becdfd4989	devices/test/test_entryphone_device.h	0d231d0fbcf073aa4bf436d8cffe10c25f1b6b8d	aad26a3b19b70bca1be96addfdc6d6535cc2884c	b142626bba8bafa59f9547a18a33731d00cc83b3eefa04f16a62f152cab0517a	c741a8f0764b8a4655c247170d69fc3bd8b31389ab65173432ff99a3f4b9038b	historical-touchscreen-client	exact-reviewed-endpoint-blob-reuse	corroborates	functional/who-8-video-door-entry-telephony/README.md	Every changed endpoint blob is identical to a core-ledger source/test endpoint already semantically reviewed; merge/removal adds no unreviewed file implementation; integration combinations not executed
libqtdevices	691fbaad1174d0aa036beee1d97619ad36ae0624	4f11276e788f1b4c4157e2dfe55901744fee90b3	devices/entryphone_device.cpp	677002b92ac4b4e4c77bb111fde3828a09161af3	9f0bc35bf5736b648c9b780f773048dfcf71cba6	6c2c0afd9d5a2e1cf0d6fcf1fa8979a96c94b92af6cd396a03918e20b9f58581	cc93b463c9f402607e3eb08ef583e64c3e571906976200ff22c0bd81da2353c3	historical-touchscreen-client	exact-reviewed-endpoint-blob-reuse	corroborates	functional/who-8-video-door-entry-telephony/README.md	Every changed endpoint blob is identical to a core-ledger source/test endpoint already semantically reviewed; merge/removal adds no unreviewed file implementation; integration combinations not executed
libqtdevices	42f5b27f1778daa2de7fce8ef83fcf8507c64ad9	233fa0d6a7958ee9eba3e1c636bf6fbc9ab32bdf	devices/entryphone_device.cpp	677002b92ac4b4e4c77bb111fde3828a09161af3	9f0bc35bf5736b648c9b780f773048dfcf71cba6	6c2c0afd9d5a2e1cf0d6fcf1fa8979a96c94b92af6cd396a03918e20b9f58581	cc93b463c9f402607e3eb08ef583e64c3e571906976200ff22c0bd81da2353c3	historical-touchscreen-client	exact-reviewed-endpoint-blob-reuse	corroborates	functional/who-8-video-door-entry-telephony/README.md	Every changed endpoint blob is identical to a core-ledger source/test endpoint already semantically reviewed; merge/removal adds no unreviewed file implementation; integration combinations not executed
libqtdevices	e5c980c4f55ee133a507bde40599402b2655599b	77ba87529c2a214d8eeb967128d033f6d66f252f	devices/entryphone_device.cpp	677002b92ac4b4e4c77bb111fde3828a09161af3	9f0bc35bf5736b648c9b780f773048dfcf71cba6	6c2c0afd9d5a2e1cf0d6fcf1fa8979a96c94b92af6cd396a03918e20b9f58581	cc93b463c9f402607e3eb08ef583e64c3e571906976200ff22c0bd81da2353c3	historical-touchscreen-client	exact-reviewed-endpoint-blob-reuse	corroborates	functional/who-8-video-door-entry-telephony/README.md	Every changed endpoint blob is identical to a core-ledger source/test endpoint already semantically reviewed; merge/removal adds no unreviewed file implementation; integration combinations not executed
libqtdevices	710368d01e7d9fae081d24bfeecbe06cb3048366	9cd61b71ddf44ce54891b9dfea99732ffc1249b3	devices/entryphone_device.cpp	568a5b05fafc398fec4848a0ebf3801d1a628b59	677002b92ac4b4e4c77bb111fde3828a09161af3	6a1935660859be4ed8d3af462e49a9c48deeefe9ac8ca2c36eeba0c68d23b105	6c2c0afd9d5a2e1cf0d6fcf1fa8979a96c94b92af6cd396a03918e20b9f58581	historical-touchscreen-client	exact-reviewed-endpoint-blob-reuse	corroborates	functional/who-8-video-door-entry-telephony/README.md	Every changed endpoint blob is identical to a core-ledger source/test endpoint already semantically reviewed; merge/removal adds no unreviewed file implementation; integration combinations not executed
libqtdevices	710368d01e7d9fae081d24bfeecbe06cb3048366	9cd61b71ddf44ce54891b9dfea99732ffc1249b3	devices/entryphone_device.h	92b2179018576284251d030d7879636188352256	1d674ba2878ca75a85b31224d531b5f88ad1b503	a460ad4b562a6b4d3fcca338acccad08dc4ec6cea81c02dcafcee87433c9bd2b	746330be2c9df8a03876ea879366440e28f2cff332222ee3a6fc16e09ef55b77	historical-touchscreen-client	exact-reviewed-endpoint-blob-reuse	corroborates	functional/who-8-video-door-entry-telephony/README.md	Every changed endpoint blob is identical to a core-ledger source/test endpoint already semantically reviewed; merge/removal adds no unreviewed file implementation; integration combinations not executed
libqtdevices	0fe69a149dccd0dbfbdba7d02979e57640d61cef	3e197a9cc4358c50b00e4e760cf59a4827ab0835	devices/entryphone_device.cpp	568a5b05fafc398fec4848a0ebf3801d1a628b59	677002b92ac4b4e4c77bb111fde3828a09161af3	6a1935660859be4ed8d3af462e49a9c48deeefe9ac8ca2c36eeba0c68d23b105	6c2c0afd9d5a2e1cf0d6fcf1fa8979a96c94b92af6cd396a03918e20b9f58581	historical-touchscreen-client	exact-reviewed-endpoint-blob-reuse	corroborates	functional/who-8-video-door-entry-telephony/README.md	Every changed endpoint blob is identical to a core-ledger source/test endpoint already semantically reviewed; merge/removal adds no unreviewed file implementation; integration combinations not executed
libqtdevices	0fe69a149dccd0dbfbdba7d02979e57640d61cef	3e197a9cc4358c50b00e4e760cf59a4827ab0835	devices/entryphone_device.h	92b2179018576284251d030d7879636188352256	1d674ba2878ca75a85b31224d531b5f88ad1b503	a460ad4b562a6b4d3fcca338acccad08dc4ec6cea81c02dcafcee87433c9bd2b	746330be2c9df8a03876ea879366440e28f2cff332222ee3a6fc16e09ef55b77	historical-touchscreen-client	exact-reviewed-endpoint-blob-reuse	corroborates	functional/who-8-video-door-entry-telephony/README.md	Every changed endpoint blob is identical to a core-ledger source/test endpoint already semantically reviewed; merge/removal adds no unreviewed file implementation; integration combinations not executed
libqtdevices	1c17547e73f71beec3888e3092cee2ee88261217	05e4cb76424e1dfaaac8c8a4fcbef858af513051	devices/entryphone_device.cpp	0000000000000000000000000000000000000000	568a5b05fafc398fec4848a0ebf3801d1a628b59	-	6a1935660859be4ed8d3af462e49a9c48deeefe9ac8ca2c36eeba0c68d23b105	historical-touchscreen-client	exact-reviewed-endpoint-blob-reuse	corroborates	functional/who-8-video-door-entry-telephony/README.md	Every changed endpoint blob is identical to a core-ledger source/test endpoint already semantically reviewed; merge/removal adds no unreviewed file implementation; integration combinations not executed
libqtdevices	1c17547e73f71beec3888e3092cee2ee88261217	05e4cb76424e1dfaaac8c8a4fcbef858af513051	devices/entryphone_device.h	0000000000000000000000000000000000000000	92b2179018576284251d030d7879636188352256	-	a460ad4b562a6b4d3fcca338acccad08dc4ec6cea81c02dcafcee87433c9bd2b	historical-touchscreen-client	exact-reviewed-endpoint-blob-reuse	corroborates	functional/who-8-video-door-entry-telephony/README.md	Every changed endpoint blob is identical to a core-ledger source/test endpoint already semantically reviewed; merge/removal adds no unreviewed file implementation; integration combinations not executed
libqtdevices	1c17547e73f71beec3888e3092cee2ee88261217	05e4cb76424e1dfaaac8c8a4fcbef858af513051	devices/message_device.cpp	0000000000000000000000000000000000000000	468a7dae8d9b9f43f3477bc8784d014201e79af1	-	d728495db0f421e44cc5dd74d5bcc93232b692ff9c553b518ca528867523acee	historical-touchscreen-client	exact-reviewed-endpoint-blob-reuse	corroborates	functional/who-8-video-door-entry-telephony/README.md	Every changed endpoint blob is identical to a core-ledger source/test endpoint already semantically reviewed; merge/removal adds no unreviewed file implementation; integration combinations not executed
libqtdevices	1c17547e73f71beec3888e3092cee2ee88261217	05e4cb76424e1dfaaac8c8a4fcbef858af513051	devices/message_device.h	0000000000000000000000000000000000000000	97889dd67b929b44184944a37b8b3f9357e3943e	-	a4dca748b1c4c0ff0ea6897a8c2af6d58082d3c53160736ded4d730c6f341048	historical-touchscreen-client	exact-reviewed-endpoint-blob-reuse	corroborates	functional/who-8-video-door-entry-telephony/README.md	Every changed endpoint blob is identical to a core-ledger source/test endpoint already semantically reviewed; merge/removal adds no unreviewed file implementation; integration combinations not executed
libqtdevices	1c17547e73f71beec3888e3092cee2ee88261217	05e4cb76424e1dfaaac8c8a4fcbef858af513051	devices/test/test_entryphone_device.cpp	0000000000000000000000000000000000000000	6cbecbc04d7cf78ce7879d82d524073537f9bcc8	-	8b9216782caf4ff479dfc8f1fbff0e71c64b94c89f213decaebbecf6550a73c5	historical-touchscreen-client	exact-reviewed-endpoint-blob-reuse	corroborates	functional/who-8-video-door-entry-telephony/README.md	Every changed endpoint blob is identical to a core-ledger source/test endpoint already semantically reviewed; merge/removal adds no unreviewed file implementation; integration combinations not executed
libqtdevices	1c17547e73f71beec3888e3092cee2ee88261217	05e4cb76424e1dfaaac8c8a4fcbef858af513051	devices/test/test_entryphone_device.h	0000000000000000000000000000000000000000	0d231d0fbcf073aa4bf436d8cffe10c25f1b6b8d	-	b142626bba8bafa59f9547a18a33731d00cc83b3eefa04f16a62f152cab0517a	historical-touchscreen-client	exact-reviewed-endpoint-blob-reuse	corroborates	functional/who-8-video-door-entry-telephony/README.md	Every changed endpoint blob is identical to a core-ledger source/test endpoint already semantically reviewed; merge/removal adds no unreviewed file implementation; integration combinations not executed
libqtdevices	1c17547e73f71beec3888e3092cee2ee88261217	05e4cb76424e1dfaaac8c8a4fcbef858af513051	devices/test/test_message_device.cpp	0000000000000000000000000000000000000000	b2d358bc2b085b380fc80176911acbe8437d7ea9	-	0faa551c53f230f1cf92c6b0342e4502b6d27b6703a85711d740fbc31d83613b	historical-touchscreen-client	exact-reviewed-endpoint-blob-reuse	corroborates	functional/who-8-video-door-entry-telephony/README.md	Every changed endpoint blob is identical to a core-ledger source/test endpoint already semantically reviewed; merge/removal adds no unreviewed file implementation; integration combinations not executed
libqtdevices	1c17547e73f71beec3888e3092cee2ee88261217	05e4cb76424e1dfaaac8c8a4fcbef858af513051	devices/test/test_message_device.h	0000000000000000000000000000000000000000	0966855ab4924d9401e093b2ceca82fcbd2d96ba	-	afbfd1b4a58d9ec1624807f93235f208fded8c39234d02bfde51922dcbc23abe	historical-touchscreen-client	exact-reviewed-endpoint-blob-reuse	corroborates	functional/who-8-video-door-entry-telephony/README.md	Every changed endpoint blob is identical to a core-ledger source/test endpoint already semantically reviewed; merge/removal adds no unreviewed file implementation; integration combinations not executed
libqtdevices	b2b3feadbe06cf5c9a642e89da58e718763d7eb7	f8f044063864c4b4eb2cd5278a043cb802fdc9b2	devices/entryphone_device.cpp	0000000000000000000000000000000000000000	568a5b05fafc398fec4848a0ebf3801d1a628b59	-	6a1935660859be4ed8d3af462e49a9c48deeefe9ac8ca2c36eeba0c68d23b105	historical-touchscreen-client	exact-reviewed-endpoint-blob-reuse	corroborates	functional/who-8-video-door-entry-telephony/README.md	Every changed endpoint blob is identical to a core-ledger source/test endpoint already semantically reviewed; merge/removal adds no unreviewed file implementation; integration combinations not executed
libqtdevices	b2b3feadbe06cf5c9a642e89da58e718763d7eb7	f8f044063864c4b4eb2cd5278a043cb802fdc9b2	devices/entryphone_device.h	0000000000000000000000000000000000000000	92b2179018576284251d030d7879636188352256	-	a460ad4b562a6b4d3fcca338acccad08dc4ec6cea81c02dcafcee87433c9bd2b	historical-touchscreen-client	exact-reviewed-endpoint-blob-reuse	corroborates	functional/who-8-video-door-entry-telephony/README.md	Every changed endpoint blob is identical to a core-ledger source/test endpoint already semantically reviewed; merge/removal adds no unreviewed file implementation; integration combinations not executed
libqtdevices	b2b3feadbe06cf5c9a642e89da58e718763d7eb7	f8f044063864c4b4eb2cd5278a043cb802fdc9b2	devices/message_device.cpp	0000000000000000000000000000000000000000	468a7dae8d9b9f43f3477bc8784d014201e79af1	-	d728495db0f421e44cc5dd74d5bcc93232b692ff9c553b518ca528867523acee	historical-touchscreen-client	exact-reviewed-endpoint-blob-reuse	corroborates	functional/who-8-video-door-entry-telephony/README.md	Every changed endpoint blob is identical to a core-ledger source/test endpoint already semantically reviewed; merge/removal adds no unreviewed file implementation; integration combinations not executed
libqtdevices	b2b3feadbe06cf5c9a642e89da58e718763d7eb7	f8f044063864c4b4eb2cd5278a043cb802fdc9b2	devices/message_device.h	0000000000000000000000000000000000000000	97889dd67b929b44184944a37b8b3f9357e3943e	-	a4dca748b1c4c0ff0ea6897a8c2af6d58082d3c53160736ded4d730c6f341048	historical-touchscreen-client	exact-reviewed-endpoint-blob-reuse	corroborates	functional/who-8-video-door-entry-telephony/README.md	Every changed endpoint blob is identical to a core-ledger source/test endpoint already semantically reviewed; merge/removal adds no unreviewed file implementation; integration combinations not executed
libqtdevices	b2b3feadbe06cf5c9a642e89da58e718763d7eb7	f8f044063864c4b4eb2cd5278a043cb802fdc9b2	devices/test/test_entryphone_device.cpp	0000000000000000000000000000000000000000	6cbecbc04d7cf78ce7879d82d524073537f9bcc8	-	8b9216782caf4ff479dfc8f1fbff0e71c64b94c89f213decaebbecf6550a73c5	historical-touchscreen-client	exact-reviewed-endpoint-blob-reuse	corroborates	functional/who-8-video-door-entry-telephony/README.md	Every changed endpoint blob is identical to a core-ledger source/test endpoint already semantically reviewed; merge/removal adds no unreviewed file implementation; integration combinations not executed
libqtdevices	b2b3feadbe06cf5c9a642e89da58e718763d7eb7	f8f044063864c4b4eb2cd5278a043cb802fdc9b2	devices/test/test_entryphone_device.h	0000000000000000000000000000000000000000	0d231d0fbcf073aa4bf436d8cffe10c25f1b6b8d	-	b142626bba8bafa59f9547a18a33731d00cc83b3eefa04f16a62f152cab0517a	historical-touchscreen-client	exact-reviewed-endpoint-blob-reuse	corroborates	functional/who-8-video-door-entry-telephony/README.md	Every changed endpoint blob is identical to a core-ledger source/test endpoint already semantically reviewed; merge/removal adds no unreviewed file implementation; integration combinations not executed
libqtdevices	b2b3feadbe06cf5c9a642e89da58e718763d7eb7	f8f044063864c4b4eb2cd5278a043cb802fdc9b2	devices/test/test_message_device.cpp	0000000000000000000000000000000000000000	b2d358bc2b085b380fc80176911acbe8437d7ea9	-	0faa551c53f230f1cf92c6b0342e4502b6d27b6703a85711d740fbc31d83613b	historical-touchscreen-client	exact-reviewed-endpoint-blob-reuse	corroborates	functional/who-8-video-door-entry-telephony/README.md	Every changed endpoint blob is identical to a core-ledger source/test endpoint already semantically reviewed; merge/removal adds no unreviewed file implementation; integration combinations not executed
libqtdevices	b2b3feadbe06cf5c9a642e89da58e718763d7eb7	f8f044063864c4b4eb2cd5278a043cb802fdc9b2	devices/test/test_message_device.h	0000000000000000000000000000000000000000	0966855ab4924d9401e093b2ceca82fcbd2d96ba	-	afbfd1b4a58d9ec1624807f93235f208fded8c39234d02bfde51922dcbc23abe	historical-touchscreen-client	exact-reviewed-endpoint-blob-reuse	corroborates	functional/who-8-video-door-entry-telephony/README.md	Every changed endpoint blob is identical to a core-ledger source/test endpoint already semantically reviewed; merge/removal adds no unreviewed file implementation; integration combinations not executed
libqtdevices	b297d402591ebbffe854f376869ddd4f447fbfb8	e9553aef3988499fd8dcc18cd1cdea9d8e77a96f	devices/entryphone_device.cpp	0000000000000000000000000000000000000000	568a5b05fafc398fec4848a0ebf3801d1a628b59	-	6a1935660859be4ed8d3af462e49a9c48deeefe9ac8ca2c36eeba0c68d23b105	historical-touchscreen-client	exact-reviewed-endpoint-blob-reuse	corroborates	functional/who-8-video-door-entry-telephony/README.md	Every changed endpoint blob is identical to a core-ledger source/test endpoint already semantically reviewed; merge/removal adds no unreviewed file implementation; integration combinations not executed
libqtdevices	b297d402591ebbffe854f376869ddd4f447fbfb8	e9553aef3988499fd8dcc18cd1cdea9d8e77a96f	devices/entryphone_device.h	0000000000000000000000000000000000000000	92b2179018576284251d030d7879636188352256	-	a460ad4b562a6b4d3fcca338acccad08dc4ec6cea81c02dcafcee87433c9bd2b	historical-touchscreen-client	exact-reviewed-endpoint-blob-reuse	corroborates	functional/who-8-video-door-entry-telephony/README.md	Every changed endpoint blob is identical to a core-ledger source/test endpoint already semantically reviewed; merge/removal adds no unreviewed file implementation; integration combinations not executed
libqtdevices	b297d402591ebbffe854f376869ddd4f447fbfb8	e9553aef3988499fd8dcc18cd1cdea9d8e77a96f	devices/message_device.cpp	0000000000000000000000000000000000000000	468a7dae8d9b9f43f3477bc8784d014201e79af1	-	d728495db0f421e44cc5dd74d5bcc93232b692ff9c553b518ca528867523acee	historical-touchscreen-client	exact-reviewed-endpoint-blob-reuse	corroborates	functional/who-8-video-door-entry-telephony/README.md	Every changed endpoint blob is identical to a core-ledger source/test endpoint already semantically reviewed; merge/removal adds no unreviewed file implementation; integration combinations not executed
libqtdevices	b297d402591ebbffe854f376869ddd4f447fbfb8	e9553aef3988499fd8dcc18cd1cdea9d8e77a96f	devices/message_device.h	0000000000000000000000000000000000000000	97889dd67b929b44184944a37b8b3f9357e3943e	-	a4dca748b1c4c0ff0ea6897a8c2af6d58082d3c53160736ded4d730c6f341048	historical-touchscreen-client	exact-reviewed-endpoint-blob-reuse	corroborates	functional/who-8-video-door-entry-telephony/README.md	Every changed endpoint blob is identical to a core-ledger source/test endpoint already semantically reviewed; merge/removal adds no unreviewed file implementation; integration combinations not executed
libqtdevices	b297d402591ebbffe854f376869ddd4f447fbfb8	e9553aef3988499fd8dcc18cd1cdea9d8e77a96f	devices/test/test_entryphone_device.cpp	0000000000000000000000000000000000000000	6cbecbc04d7cf78ce7879d82d524073537f9bcc8	-	8b9216782caf4ff479dfc8f1fbff0e71c64b94c89f213decaebbecf6550a73c5	historical-touchscreen-client	exact-reviewed-endpoint-blob-reuse	corroborates	functional/who-8-video-door-entry-telephony/README.md	Every changed endpoint blob is identical to a core-ledger source/test endpoint already semantically reviewed; merge/removal adds no unreviewed file implementation; integration combinations not executed
libqtdevices	b297d402591ebbffe854f376869ddd4f447fbfb8	e9553aef3988499fd8dcc18cd1cdea9d8e77a96f	devices/test/test_entryphone_device.h	0000000000000000000000000000000000000000	0d231d0fbcf073aa4bf436d8cffe10c25f1b6b8d	-	b142626bba8bafa59f9547a18a33731d00cc83b3eefa04f16a62f152cab0517a	historical-touchscreen-client	exact-reviewed-endpoint-blob-reuse	corroborates	functional/who-8-video-door-entry-telephony/README.md	Every changed endpoint blob is identical to a core-ledger source/test endpoint already semantically reviewed; merge/removal adds no unreviewed file implementation; integration combinations not executed
libqtdevices	b297d402591ebbffe854f376869ddd4f447fbfb8	e9553aef3988499fd8dcc18cd1cdea9d8e77a96f	devices/test/test_message_device.cpp	0000000000000000000000000000000000000000	b2d358bc2b085b380fc80176911acbe8437d7ea9	-	0faa551c53f230f1cf92c6b0342e4502b6d27b6703a85711d740fbc31d83613b	historical-touchscreen-client	exact-reviewed-endpoint-blob-reuse	corroborates	functional/who-8-video-door-entry-telephony/README.md	Every changed endpoint blob is identical to a core-ledger source/test endpoint already semantically reviewed; merge/removal adds no unreviewed file implementation; integration combinations not executed
libqtdevices	b297d402591ebbffe854f376869ddd4f447fbfb8	e9553aef3988499fd8dcc18cd1cdea9d8e77a96f	devices/test/test_message_device.h	0000000000000000000000000000000000000000	0966855ab4924d9401e093b2ceca82fcbd2d96ba	-	afbfd1b4a58d9ec1624807f93235f208fded8c39234d02bfde51922dcbc23abe	historical-touchscreen-client	exact-reviewed-endpoint-blob-reuse	corroborates	functional/who-8-video-door-entry-telephony/README.md	Every changed endpoint blob is identical to a core-ledger source/test endpoint already semantically reviewed; merge/removal adds no unreviewed file implementation; integration combinations not executed
libqtdevices	18f7be9c7ec1c23d03f7dfa16d17031ae9dde585	c1729e2d9801a98704dc9c80bafc3f6932898a74	devices/entryphone_device.cpp	0000000000000000000000000000000000000000	568a5b05fafc398fec4848a0ebf3801d1a628b59	-	6a1935660859be4ed8d3af462e49a9c48deeefe9ac8ca2c36eeba0c68d23b105	historical-touchscreen-client	exact-reviewed-endpoint-blob-reuse	corroborates	functional/who-8-video-door-entry-telephony/README.md	Every changed endpoint blob is identical to a core-ledger source/test endpoint already semantically reviewed; merge/removal adds no unreviewed file implementation; integration combinations not executed
libqtdevices	18f7be9c7ec1c23d03f7dfa16d17031ae9dde585	c1729e2d9801a98704dc9c80bafc3f6932898a74	devices/entryphone_device.h	0000000000000000000000000000000000000000	92b2179018576284251d030d7879636188352256	-	a460ad4b562a6b4d3fcca338acccad08dc4ec6cea81c02dcafcee87433c9bd2b	historical-touchscreen-client	exact-reviewed-endpoint-blob-reuse	corroborates	functional/who-8-video-door-entry-telephony/README.md	Every changed endpoint blob is identical to a core-ledger source/test endpoint already semantically reviewed; merge/removal adds no unreviewed file implementation; integration combinations not executed
libqtdevices	18f7be9c7ec1c23d03f7dfa16d17031ae9dde585	c1729e2d9801a98704dc9c80bafc3f6932898a74	devices/message_device.cpp	0000000000000000000000000000000000000000	468a7dae8d9b9f43f3477bc8784d014201e79af1	-	d728495db0f421e44cc5dd74d5bcc93232b692ff9c553b518ca528867523acee	historical-touchscreen-client	exact-reviewed-endpoint-blob-reuse	corroborates	functional/who-8-video-door-entry-telephony/README.md	Every changed endpoint blob is identical to a core-ledger source/test endpoint already semantically reviewed; merge/removal adds no unreviewed file implementation; integration combinations not executed
libqtdevices	18f7be9c7ec1c23d03f7dfa16d17031ae9dde585	c1729e2d9801a98704dc9c80bafc3f6932898a74	devices/message_device.h	0000000000000000000000000000000000000000	97889dd67b929b44184944a37b8b3f9357e3943e	-	a4dca748b1c4c0ff0ea6897a8c2af6d58082d3c53160736ded4d730c6f341048	historical-touchscreen-client	exact-reviewed-endpoint-blob-reuse	corroborates	functional/who-8-video-door-entry-telephony/README.md	Every changed endpoint blob is identical to a core-ledger source/test endpoint already semantically reviewed; merge/removal adds no unreviewed file implementation; integration combinations not executed
libqtdevices	18f7be9c7ec1c23d03f7dfa16d17031ae9dde585	c1729e2d9801a98704dc9c80bafc3f6932898a74	devices/test/test_entryphone_device.cpp	0000000000000000000000000000000000000000	6cbecbc04d7cf78ce7879d82d524073537f9bcc8	-	8b9216782caf4ff479dfc8f1fbff0e71c64b94c89f213decaebbecf6550a73c5	historical-touchscreen-client	exact-reviewed-endpoint-blob-reuse	corroborates	functional/who-8-video-door-entry-telephony/README.md	Every changed endpoint blob is identical to a core-ledger source/test endpoint already semantically reviewed; merge/removal adds no unreviewed file implementation; integration combinations not executed
libqtdevices	18f7be9c7ec1c23d03f7dfa16d17031ae9dde585	c1729e2d9801a98704dc9c80bafc3f6932898a74	devices/test/test_entryphone_device.h	0000000000000000000000000000000000000000	0d231d0fbcf073aa4bf436d8cffe10c25f1b6b8d	-	b142626bba8bafa59f9547a18a33731d00cc83b3eefa04f16a62f152cab0517a	historical-touchscreen-client	exact-reviewed-endpoint-blob-reuse	corroborates	functional/who-8-video-door-entry-telephony/README.md	Every changed endpoint blob is identical to a core-ledger source/test endpoint already semantically reviewed; merge/removal adds no unreviewed file implementation; integration combinations not executed
libqtdevices	18f7be9c7ec1c23d03f7dfa16d17031ae9dde585	c1729e2d9801a98704dc9c80bafc3f6932898a74	devices/test/test_message_device.cpp	0000000000000000000000000000000000000000	b2d358bc2b085b380fc80176911acbe8437d7ea9	-	0faa551c53f230f1cf92c6b0342e4502b6d27b6703a85711d740fbc31d83613b	historical-touchscreen-client	exact-reviewed-endpoint-blob-reuse	corroborates	functional/who-8-video-door-entry-telephony/README.md	Every changed endpoint blob is identical to a core-ledger source/test endpoint already semantically reviewed; merge/removal adds no unreviewed file implementation; integration combinations not executed
libqtdevices	18f7be9c7ec1c23d03f7dfa16d17031ae9dde585	c1729e2d9801a98704dc9c80bafc3f6932898a74	devices/test/test_message_device.h	0000000000000000000000000000000000000000	0966855ab4924d9401e093b2ceca82fcbd2d96ba	-	afbfd1b4a58d9ec1624807f93235f208fded8c39234d02bfde51922dcbc23abe	historical-touchscreen-client	exact-reviewed-endpoint-blob-reuse	corroborates	functional/who-8-video-door-entry-telephony/README.md	Every changed endpoint blob is identical to a core-ledger source/test endpoint already semantically reviewed; merge/removal adds no unreviewed file implementation; integration combinations not executed
libqtdevices	1c1ad002a2efd450fcf39d0b4ed57aff8fd8fe6d	b156070c0d5e7285bff9f21245e8e991b94c4a30	devices/entryphone_device.cpp	1eb07b50eed5a1a998972733e8de39dae8aa8e4e	aeabf2ec1699e8c20a3d5502919f632d37ab46d4	5568d992573a72b51219ec3f649beea845f41e37ac370ceffb30be0d4703f399	20c2ad6233f36809a46396a1c95f2d5bece2247f75e0d7bd92ffbc5eed7d6512	historical-touchscreen-client	exact-reviewed-endpoint-blob-reuse	corroborates	functional/who-8-video-door-entry-telephony/README.md	Every changed endpoint blob is identical to a core-ledger source/test endpoint already semantically reviewed; merge/removal adds no unreviewed file implementation; integration combinations not executed
libqtdevices	1c1ad002a2efd450fcf39d0b4ed57aff8fd8fe6d	b156070c0d5e7285bff9f21245e8e991b94c4a30	devices/entryphone_device.h	894af04e1de1dbe1bba0e8d2604b83a998d51e7d	92b2179018576284251d030d7879636188352256	244194013b4543f4a026f20fb640324ab5916267a9c0d98d66626d73ee6c6592	a460ad4b562a6b4d3fcca338acccad08dc4ec6cea81c02dcafcee87433c9bd2b	historical-touchscreen-client	exact-reviewed-endpoint-blob-reuse	corroborates	functional/who-8-video-door-entry-telephony/README.md	Every changed endpoint blob is identical to a core-ledger source/test endpoint already semantically reviewed; merge/removal adds no unreviewed file implementation; integration combinations not executed
libqtdevices	1c1ad002a2efd450fcf39d0b4ed57aff8fd8fe6d	b156070c0d5e7285bff9f21245e8e991b94c4a30	devices/test/test_entryphone_device.cpp	3e145e6408751a53753c1dee5592c404f032a919	6cbecbc04d7cf78ce7879d82d524073537f9bcc8	402833ece4238c6a276b87a55e43469ba69107856d9c11b4cb18d25ffd7cacea	8b9216782caf4ff479dfc8f1fbff0e71c64b94c89f213decaebbecf6550a73c5	historical-touchscreen-client	exact-reviewed-endpoint-blob-reuse	corroborates	functional/who-8-video-door-entry-telephony/README.md	Every changed endpoint blob is identical to a core-ledger source/test endpoint already semantically reviewed; merge/removal adds no unreviewed file implementation; integration combinations not executed
libqtdevices	1c1ad002a2efd450fcf39d0b4ed57aff8fd8fe6d	b156070c0d5e7285bff9f21245e8e991b94c4a30	devices/test/test_entryphone_device.h	5c412db5d32231918abf0026e21bdd2d80407202	0d231d0fbcf073aa4bf436d8cffe10c25f1b6b8d	0e2f4727e4801d97effbeda0e8ae79b4252bf195640e1ab12d70dad51ea238b4	b142626bba8bafa59f9547a18a33731d00cc83b3eefa04f16a62f152cab0517a	historical-touchscreen-client	exact-reviewed-endpoint-blob-reuse	corroborates	functional/who-8-video-door-entry-telephony/README.md	Every changed endpoint blob is identical to a core-ledger source/test endpoint already semantically reviewed; merge/removal adds no unreviewed file implementation; integration combinations not executed
libqtdevices	d4bf7ac25cca1775ad59617eb70e9b21a9fc6d55	55cac6d85c970e74fe0f70d73aaced1d873a76d0	devices/entryphone_device.cpp	0000000000000000000000000000000000000000	1eb07b50eed5a1a998972733e8de39dae8aa8e4e	-	5568d992573a72b51219ec3f649beea845f41e37ac370ceffb30be0d4703f399	historical-touchscreen-client	exact-reviewed-endpoint-blob-reuse	corroborates	functional/who-8-video-door-entry-telephony/README.md	Every changed endpoint blob is identical to a core-ledger source/test endpoint already semantically reviewed; merge/removal adds no unreviewed file implementation; integration combinations not executed
libqtdevices	d4bf7ac25cca1775ad59617eb70e9b21a9fc6d55	55cac6d85c970e74fe0f70d73aaced1d873a76d0	devices/entryphone_device.h	0000000000000000000000000000000000000000	894af04e1de1dbe1bba0e8d2604b83a998d51e7d	-	244194013b4543f4a026f20fb640324ab5916267a9c0d98d66626d73ee6c6592	historical-touchscreen-client	exact-reviewed-endpoint-blob-reuse	corroborates	functional/who-8-video-door-entry-telephony/README.md	Every changed endpoint blob is identical to a core-ledger source/test endpoint already semantically reviewed; merge/removal adds no unreviewed file implementation; integration combinations not executed
libqtdevices	d4bf7ac25cca1775ad59617eb70e9b21a9fc6d55	55cac6d85c970e74fe0f70d73aaced1d873a76d0	devices/message_device.cpp	0000000000000000000000000000000000000000	0f4e033bd579f8ac38cd794f5e6831ad9f72e5fb	-	667a55f146ede2db40a6a53d00ce206395bb8cd7f5e0a854569ff9bd1bfc5d13	historical-touchscreen-client	exact-reviewed-endpoint-blob-reuse	corroborates	functional/who-8-video-door-entry-telephony/README.md	Every changed endpoint blob is identical to a core-ledger source/test endpoint already semantically reviewed; merge/removal adds no unreviewed file implementation; integration combinations not executed
libqtdevices	d4bf7ac25cca1775ad59617eb70e9b21a9fc6d55	55cac6d85c970e74fe0f70d73aaced1d873a76d0	devices/message_device.h	0000000000000000000000000000000000000000	97889dd67b929b44184944a37b8b3f9357e3943e	-	a4dca748b1c4c0ff0ea6897a8c2af6d58082d3c53160736ded4d730c6f341048	historical-touchscreen-client	exact-reviewed-endpoint-blob-reuse	corroborates	functional/who-8-video-door-entry-telephony/README.md	Every changed endpoint blob is identical to a core-ledger source/test endpoint already semantically reviewed; merge/removal adds no unreviewed file implementation; integration combinations not executed
libqtdevices	d4bf7ac25cca1775ad59617eb70e9b21a9fc6d55	55cac6d85c970e74fe0f70d73aaced1d873a76d0	devices/test/test_entryphone_device.cpp	0000000000000000000000000000000000000000	3e145e6408751a53753c1dee5592c404f032a919	-	402833ece4238c6a276b87a55e43469ba69107856d9c11b4cb18d25ffd7cacea	historical-touchscreen-client	exact-reviewed-endpoint-blob-reuse	corroborates	functional/who-8-video-door-entry-telephony/README.md	Every changed endpoint blob is identical to a core-ledger source/test endpoint already semantically reviewed; merge/removal adds no unreviewed file implementation; integration combinations not executed
libqtdevices	d4bf7ac25cca1775ad59617eb70e9b21a9fc6d55	55cac6d85c970e74fe0f70d73aaced1d873a76d0	devices/test/test_entryphone_device.h	0000000000000000000000000000000000000000	5c412db5d32231918abf0026e21bdd2d80407202	-	0e2f4727e4801d97effbeda0e8ae79b4252bf195640e1ab12d70dad51ea238b4	historical-touchscreen-client	exact-reviewed-endpoint-blob-reuse	corroborates	functional/who-8-video-door-entry-telephony/README.md	Every changed endpoint blob is identical to a core-ledger source/test endpoint already semantically reviewed; merge/removal adds no unreviewed file implementation; integration combinations not executed
libqtdevices	d4bf7ac25cca1775ad59617eb70e9b21a9fc6d55	55cac6d85c970e74fe0f70d73aaced1d873a76d0	devices/test/test_message_device.cpp	0000000000000000000000000000000000000000	b2d358bc2b085b380fc80176911acbe8437d7ea9	-	0faa551c53f230f1cf92c6b0342e4502b6d27b6703a85711d740fbc31d83613b	historical-touchscreen-client	exact-reviewed-endpoint-blob-reuse	corroborates	functional/who-8-video-door-entry-telephony/README.md	Every changed endpoint blob is identical to a core-ledger source/test endpoint already semantically reviewed; merge/removal adds no unreviewed file implementation; integration combinations not executed
libqtdevices	d4bf7ac25cca1775ad59617eb70e9b21a9fc6d55	55cac6d85c970e74fe0f70d73aaced1d873a76d0	devices/test/test_message_device.h	0000000000000000000000000000000000000000	0966855ab4924d9401e093b2ceca82fcbd2d96ba	-	afbfd1b4a58d9ec1624807f93235f208fded8c39234d02bfde51922dcbc23abe	historical-touchscreen-client	exact-reviewed-endpoint-blob-reuse	corroborates	functional/who-8-video-door-entry-telephony/README.md	Every changed endpoint blob is identical to a core-ledger source/test endpoint already semantically reviewed; merge/removal adds no unreviewed file implementation; integration combinations not executed
libqtdevices	53841b56a3bc2a6e8543eb80d8abb800d3925d4f	67340c1bd53064f25ac0873b5984e5e2532badae	devices/entryphone_device.cpp	d343b649e244c90ea138b9a73341cd99701f5886	1eb07b50eed5a1a998972733e8de39dae8aa8e4e	ee0f3bca17a298968b74d66d3d9a3c518bc4c92adf43bb525bfb23be219b1b39	5568d992573a72b51219ec3f649beea845f41e37ac370ceffb30be0d4703f399	historical-touchscreen-client	exact-reviewed-endpoint-blob-reuse	corroborates	functional/who-8-video-door-entry-telephony/README.md	Every changed endpoint blob is identical to a core-ledger source/test endpoint already semantically reviewed; merge/removal adds no unreviewed file implementation; integration combinations not executed
libqtdevices	53841b56a3bc2a6e8543eb80d8abb800d3925d4f	67340c1bd53064f25ac0873b5984e5e2532badae	devices/entryphone_device.h	6a0220ead119903ece859963e5d59228bacc810e	894af04e1de1dbe1bba0e8d2604b83a998d51e7d	5e9d2990f9e5c8aaf9c2b5b9eaad62c246e63c0652c224ece21d814d2b5221dc	244194013b4543f4a026f20fb640324ab5916267a9c0d98d66626d73ee6c6592	historical-touchscreen-client	exact-reviewed-endpoint-blob-reuse	corroborates	functional/who-8-video-door-entry-telephony/README.md	Every changed endpoint blob is identical to a core-ledger source/test endpoint already semantically reviewed; merge/removal adds no unreviewed file implementation; integration combinations not executed
libqtdevices	53841b56a3bc2a6e8543eb80d8abb800d3925d4f	67340c1bd53064f25ac0873b5984e5e2532badae	devices/test/test_entryphone_device.cpp	2ce113a958b1094d2a5f81b14806f3f5cf989907	3e145e6408751a53753c1dee5592c404f032a919	452dc8198ecd6d04f568fb598cae4a5eaed70dec2f892af2b4ff8ef326d5b4f8	402833ece4238c6a276b87a55e43469ba69107856d9c11b4cb18d25ffd7cacea	historical-touchscreen-client	exact-reviewed-endpoint-blob-reuse	corroborates	functional/who-8-video-door-entry-telephony/README.md	Every changed endpoint blob is identical to a core-ledger source/test endpoint already semantically reviewed; merge/removal adds no unreviewed file implementation; integration combinations not executed
libqtdevices	67340c1bd53064f25ac0873b5984e5e2532badae	f49475d39f2a9408720a9f279b20ca393ac8c359	devices/entryphone_device.cpp	45aa47b8810372a3e32ee91f511da9f5f4cf36e7	d343b649e244c90ea138b9a73341cd99701f5886	4ec2cd4a2810962c57b68abbc357f0f91f5bb4bff548b2ff6cecdb9664a87735	ee0f3bca17a298968b74d66d3d9a3c518bc4c92adf43bb525bfb23be219b1b39	historical-touchscreen-client	exact-reviewed-endpoint-blob-reuse	corroborates	functional/who-8-video-door-entry-telephony/README.md	Every changed endpoint blob is identical to a core-ledger source/test endpoint already semantically reviewed; merge/removal adds no unreviewed file implementation; integration combinations not executed
libqtdevices	67340c1bd53064f25ac0873b5984e5e2532badae	f49475d39f2a9408720a9f279b20ca393ac8c359	devices/entryphone_device.h	3dd071c2471bbf73f5c6c7b2e964adad911ebb01	6a0220ead119903ece859963e5d59228bacc810e	f77c1558b1a84db960d8874825a93f4d80bd6bbd2724488b5f4d845895d03438	5e9d2990f9e5c8aaf9c2b5b9eaad62c246e63c0652c224ece21d814d2b5221dc	historical-touchscreen-client	exact-reviewed-endpoint-blob-reuse	corroborates	functional/who-8-video-door-entry-telephony/README.md	Every changed endpoint blob is identical to a core-ledger source/test endpoint already semantically reviewed; merge/removal adds no unreviewed file implementation; integration combinations not executed
libqtdevices	e158c8e05192d1458358e2892f05bc8c67c13010	7c263d03beeb14b34e8d9bb17ab56ddee73b645d	devices/entryphone_device.cpp	45aa47b8810372a3e32ee91f511da9f5f4cf36e7	d343b649e244c90ea138b9a73341cd99701f5886	4ec2cd4a2810962c57b68abbc357f0f91f5bb4bff548b2ff6cecdb9664a87735	ee0f3bca17a298968b74d66d3d9a3c518bc4c92adf43bb525bfb23be219b1b39	historical-touchscreen-client	exact-reviewed-endpoint-blob-reuse	corroborates	functional/who-8-video-door-entry-telephony/README.md	Every changed endpoint blob is identical to a core-ledger source/test endpoint already semantically reviewed; merge/removal adds no unreviewed file implementation; integration combinations not executed
libqtdevices	e158c8e05192d1458358e2892f05bc8c67c13010	7c263d03beeb14b34e8d9bb17ab56ddee73b645d	devices/entryphone_device.h	3dd071c2471bbf73f5c6c7b2e964adad911ebb01	6a0220ead119903ece859963e5d59228bacc810e	f77c1558b1a84db960d8874825a93f4d80bd6bbd2724488b5f4d845895d03438	5e9d2990f9e5c8aaf9c2b5b9eaad62c246e63c0652c224ece21d814d2b5221dc	historical-touchscreen-client	exact-reviewed-endpoint-blob-reuse	corroborates	functional/who-8-video-door-entry-telephony/README.md	Every changed endpoint blob is identical to a core-ledger source/test endpoint already semantically reviewed; merge/removal adds no unreviewed file implementation; integration combinations not executed
libqtdevices	2a2590d02246b40f1f1394444f0e0c5ae20bcb76	a289558cda9ab300856018d28e32bb58a3d13702	devices/entryphone_device.cpp	0000000000000000000000000000000000000000	45aa47b8810372a3e32ee91f511da9f5f4cf36e7	-	4ec2cd4a2810962c57b68abbc357f0f91f5bb4bff548b2ff6cecdb9664a87735	historical-touchscreen-client	exact-reviewed-endpoint-blob-reuse	corroborates	functional/who-8-video-door-entry-telephony/README.md	Every changed endpoint blob is identical to a core-ledger source/test endpoint already semantically reviewed; merge/removal adds no unreviewed file implementation; integration combinations not executed
libqtdevices	2a2590d02246b40f1f1394444f0e0c5ae20bcb76	a289558cda9ab300856018d28e32bb58a3d13702	devices/entryphone_device.h	0000000000000000000000000000000000000000	3dd071c2471bbf73f5c6c7b2e964adad911ebb01	-	f77c1558b1a84db960d8874825a93f4d80bd6bbd2724488b5f4d845895d03438	historical-touchscreen-client	exact-reviewed-endpoint-blob-reuse	corroborates	functional/who-8-video-door-entry-telephony/README.md	Every changed endpoint blob is identical to a core-ledger source/test endpoint already semantically reviewed; merge/removal adds no unreviewed file implementation; integration combinations not executed
libqtdevices	2a2590d02246b40f1f1394444f0e0c5ae20bcb76	a289558cda9ab300856018d28e32bb58a3d13702	devices/message_device.cpp	0000000000000000000000000000000000000000	0f4e033bd579f8ac38cd794f5e6831ad9f72e5fb	-	667a55f146ede2db40a6a53d00ce206395bb8cd7f5e0a854569ff9bd1bfc5d13	historical-touchscreen-client	exact-reviewed-endpoint-blob-reuse	corroborates	functional/who-8-video-door-entry-telephony/README.md	Every changed endpoint blob is identical to a core-ledger source/test endpoint already semantically reviewed; merge/removal adds no unreviewed file implementation; integration combinations not executed
libqtdevices	2a2590d02246b40f1f1394444f0e0c5ae20bcb76	a289558cda9ab300856018d28e32bb58a3d13702	devices/message_device.h	0000000000000000000000000000000000000000	97889dd67b929b44184944a37b8b3f9357e3943e	-	a4dca748b1c4c0ff0ea6897a8c2af6d58082d3c53160736ded4d730c6f341048	historical-touchscreen-client	exact-reviewed-endpoint-blob-reuse	corroborates	functional/who-8-video-door-entry-telephony/README.md	Every changed endpoint blob is identical to a core-ledger source/test endpoint already semantically reviewed; merge/removal adds no unreviewed file implementation; integration combinations not executed
libqtdevices	2a2590d02246b40f1f1394444f0e0c5ae20bcb76	a289558cda9ab300856018d28e32bb58a3d13702	devices/test/test_entryphone_device.cpp	0000000000000000000000000000000000000000	2ce113a958b1094d2a5f81b14806f3f5cf989907	-	452dc8198ecd6d04f568fb598cae4a5eaed70dec2f892af2b4ff8ef326d5b4f8	historical-touchscreen-client	exact-reviewed-endpoint-blob-reuse	corroborates	functional/who-8-video-door-entry-telephony/README.md	Every changed endpoint blob is identical to a core-ledger source/test endpoint already semantically reviewed; merge/removal adds no unreviewed file implementation; integration combinations not executed
libqtdevices	2a2590d02246b40f1f1394444f0e0c5ae20bcb76	a289558cda9ab300856018d28e32bb58a3d13702	devices/test/test_entryphone_device.h	0000000000000000000000000000000000000000	5c412db5d32231918abf0026e21bdd2d80407202	-	0e2f4727e4801d97effbeda0e8ae79b4252bf195640e1ab12d70dad51ea238b4	historical-touchscreen-client	exact-reviewed-endpoint-blob-reuse	corroborates	functional/who-8-video-door-entry-telephony/README.md	Every changed endpoint blob is identical to a core-ledger source/test endpoint already semantically reviewed; merge/removal adds no unreviewed file implementation; integration combinations not executed
libqtdevices	2a2590d02246b40f1f1394444f0e0c5ae20bcb76	a289558cda9ab300856018d28e32bb58a3d13702	devices/test/test_message_device.cpp	0000000000000000000000000000000000000000	b2d358bc2b085b380fc80176911acbe8437d7ea9	-	0faa551c53f230f1cf92c6b0342e4502b6d27b6703a85711d740fbc31d83613b	historical-touchscreen-client	exact-reviewed-endpoint-blob-reuse	corroborates	functional/who-8-video-door-entry-telephony/README.md	Every changed endpoint blob is identical to a core-ledger source/test endpoint already semantically reviewed; merge/removal adds no unreviewed file implementation; integration combinations not executed
libqtdevices	2a2590d02246b40f1f1394444f0e0c5ae20bcb76	a289558cda9ab300856018d28e32bb58a3d13702	devices/test/test_message_device.h	0000000000000000000000000000000000000000	0966855ab4924d9401e093b2ceca82fcbd2d96ba	-	afbfd1b4a58d9ec1624807f93235f208fded8c39234d02bfde51922dcbc23abe	historical-touchscreen-client	exact-reviewed-endpoint-blob-reuse	corroborates	functional/who-8-video-door-entry-telephony/README.md	Every changed endpoint blob is identical to a core-ledger source/test endpoint already semantically reviewed; merge/removal adds no unreviewed file implementation; integration combinations not executed
libqtdevices	1bdf1a07c0c6aa16ca59a4766d82c5ab33d6cc42	3da25c2fdb8236412e3a6c6b4e11f9eb3a9e3fbc	devices/entryphone_device.cpp	0000000000000000000000000000000000000000	45aa47b8810372a3e32ee91f511da9f5f4cf36e7	-	4ec2cd4a2810962c57b68abbc357f0f91f5bb4bff548b2ff6cecdb9664a87735	historical-touchscreen-client	exact-reviewed-endpoint-blob-reuse	corroborates	functional/who-8-video-door-entry-telephony/README.md	Every changed endpoint blob is identical to a core-ledger source/test endpoint already semantically reviewed; merge/removal adds no unreviewed file implementation; integration combinations not executed
libqtdevices	1bdf1a07c0c6aa16ca59a4766d82c5ab33d6cc42	3da25c2fdb8236412e3a6c6b4e11f9eb3a9e3fbc	devices/entryphone_device.h	0000000000000000000000000000000000000000	3dd071c2471bbf73f5c6c7b2e964adad911ebb01	-	f77c1558b1a84db960d8874825a93f4d80bd6bbd2724488b5f4d845895d03438	historical-touchscreen-client	exact-reviewed-endpoint-blob-reuse	corroborates	functional/who-8-video-door-entry-telephony/README.md	Every changed endpoint blob is identical to a core-ledger source/test endpoint already semantically reviewed; merge/removal adds no unreviewed file implementation; integration combinations not executed
libqtdevices	1bdf1a07c0c6aa16ca59a4766d82c5ab33d6cc42	3da25c2fdb8236412e3a6c6b4e11f9eb3a9e3fbc	devices/message_device.cpp	0000000000000000000000000000000000000000	0f4e033bd579f8ac38cd794f5e6831ad9f72e5fb	-	667a55f146ede2db40a6a53d00ce206395bb8cd7f5e0a854569ff9bd1bfc5d13	historical-touchscreen-client	exact-reviewed-endpoint-blob-reuse	corroborates	functional/who-8-video-door-entry-telephony/README.md	Every changed endpoint blob is identical to a core-ledger source/test endpoint already semantically reviewed; merge/removal adds no unreviewed file implementation; integration combinations not executed
libqtdevices	1bdf1a07c0c6aa16ca59a4766d82c5ab33d6cc42	3da25c2fdb8236412e3a6c6b4e11f9eb3a9e3fbc	devices/message_device.h	0000000000000000000000000000000000000000	97889dd67b929b44184944a37b8b3f9357e3943e	-	a4dca748b1c4c0ff0ea6897a8c2af6d58082d3c53160736ded4d730c6f341048	historical-touchscreen-client	exact-reviewed-endpoint-blob-reuse	corroborates	functional/who-8-video-door-entry-telephony/README.md	Every changed endpoint blob is identical to a core-ledger source/test endpoint already semantically reviewed; merge/removal adds no unreviewed file implementation; integration combinations not executed
libqtdevices	1bdf1a07c0c6aa16ca59a4766d82c5ab33d6cc42	3da25c2fdb8236412e3a6c6b4e11f9eb3a9e3fbc	devices/test/test_entryphone_device.cpp	0000000000000000000000000000000000000000	2ce113a958b1094d2a5f81b14806f3f5cf989907	-	452dc8198ecd6d04f568fb598cae4a5eaed70dec2f892af2b4ff8ef326d5b4f8	historical-touchscreen-client	exact-reviewed-endpoint-blob-reuse	corroborates	functional/who-8-video-door-entry-telephony/README.md	Every changed endpoint blob is identical to a core-ledger source/test endpoint already semantically reviewed; merge/removal adds no unreviewed file implementation; integration combinations not executed
libqtdevices	1bdf1a07c0c6aa16ca59a4766d82c5ab33d6cc42	3da25c2fdb8236412e3a6c6b4e11f9eb3a9e3fbc	devices/test/test_entryphone_device.h	0000000000000000000000000000000000000000	5c412db5d32231918abf0026e21bdd2d80407202	-	0e2f4727e4801d97effbeda0e8ae79b4252bf195640e1ab12d70dad51ea238b4	historical-touchscreen-client	exact-reviewed-endpoint-blob-reuse	corroborates	functional/who-8-video-door-entry-telephony/README.md	Every changed endpoint blob is identical to a core-ledger source/test endpoint already semantically reviewed; merge/removal adds no unreviewed file implementation; integration combinations not executed
libqtdevices	1bdf1a07c0c6aa16ca59a4766d82c5ab33d6cc42	3da25c2fdb8236412e3a6c6b4e11f9eb3a9e3fbc	devices/test/test_message_device.cpp	0000000000000000000000000000000000000000	b2d358bc2b085b380fc80176911acbe8437d7ea9	-	0faa551c53f230f1cf92c6b0342e4502b6d27b6703a85711d740fbc31d83613b	historical-touchscreen-client	exact-reviewed-endpoint-blob-reuse	corroborates	functional/who-8-video-door-entry-telephony/README.md	Every changed endpoint blob is identical to a core-ledger source/test endpoint already semantically reviewed; merge/removal adds no unreviewed file implementation; integration combinations not executed
libqtdevices	1bdf1a07c0c6aa16ca59a4766d82c5ab33d6cc42	3da25c2fdb8236412e3a6c6b4e11f9eb3a9e3fbc	devices/test/test_message_device.h	0000000000000000000000000000000000000000	0966855ab4924d9401e093b2ceca82fcbd2d96ba	-	afbfd1b4a58d9ec1624807f93235f208fded8c39234d02bfde51922dcbc23abe	historical-touchscreen-client	exact-reviewed-endpoint-blob-reuse	corroborates	functional/who-8-video-door-entry-telephony/README.md	Every changed endpoint blob is identical to a core-ledger source/test endpoint already semantically reviewed; merge/removal adds no unreviewed file implementation; integration combinations not executed
libqtdevices	c2db66db9ddd83d27fa7e0dc523bcf158a33a208	c715239ef63b8befeba0513e6b9129232fb5cab0	devices/entryphone_device.cpp	ad9d1906fb24f9eb195547372e5947d319da82bd	45aa47b8810372a3e32ee91f511da9f5f4cf36e7	85890aed1b52d8afdef06dab6348e38d70f0f3dd3f8f8af27b4198509d4a56ee	4ec2cd4a2810962c57b68abbc357f0f91f5bb4bff548b2ff6cecdb9664a87735	historical-touchscreen-client	exact-reviewed-endpoint-blob-reuse	corroborates	functional/who-8-video-door-entry-telephony/README.md	Every changed endpoint blob is identical to a core-ledger source/test endpoint already semantically reviewed; merge/removal adds no unreviewed file implementation; integration combinations not executed
libqtdevices	24c3fa5294927eac4c04010327de223ad4a1e972	d61ac2f6913ad71277053974b8c38b28b3841681	devices/entryphone_device.cpp	ad9d1906fb24f9eb195547372e5947d319da82bd	45aa47b8810372a3e32ee91f511da9f5f4cf36e7	85890aed1b52d8afdef06dab6348e38d70f0f3dd3f8f8af27b4198509d4a56ee	4ec2cd4a2810962c57b68abbc357f0f91f5bb4bff548b2ff6cecdb9664a87735	historical-touchscreen-client	exact-reviewed-endpoint-blob-reuse	corroborates	functional/who-8-video-door-entry-telephony/README.md	Every changed endpoint blob is identical to a core-ledger source/test endpoint already semantically reviewed; merge/removal adds no unreviewed file implementation; integration combinations not executed
libqtdevices	75ae3584b7f5c87941ad183f31d6dd2ee12eb045	bbfcca9872bd6a17edb47a5925d90c4b4cf1817b	devices/entryphone_device.cpp	ad9d1906fb24f9eb195547372e5947d319da82bd	45aa47b8810372a3e32ee91f511da9f5f4cf36e7	85890aed1b52d8afdef06dab6348e38d70f0f3dd3f8f8af27b4198509d4a56ee	4ec2cd4a2810962c57b68abbc357f0f91f5bb4bff548b2ff6cecdb9664a87735	historical-touchscreen-client	exact-reviewed-endpoint-blob-reuse	corroborates	functional/who-8-video-door-entry-telephony/README.md	Every changed endpoint blob is identical to a core-ledger source/test endpoint already semantically reviewed; merge/removal adds no unreviewed file implementation; integration combinations not executed
libqtdevices	41faf4aa5c73ab6f44ff5ea74118454b17e36c51	3df2691f2c81c7aa50a13b7b7a49da6722a6c6d6	devices/entryphone_device.cpp	0000000000000000000000000000000000000000	ad9d1906fb24f9eb195547372e5947d319da82bd	-	85890aed1b52d8afdef06dab6348e38d70f0f3dd3f8f8af27b4198509d4a56ee	historical-touchscreen-client	exact-reviewed-endpoint-blob-reuse	corroborates	functional/who-8-video-door-entry-telephony/README.md	Every changed endpoint blob is identical to a core-ledger source/test endpoint already semantically reviewed; merge/removal adds no unreviewed file implementation; integration combinations not executed
libqtdevices	41faf4aa5c73ab6f44ff5ea74118454b17e36c51	3df2691f2c81c7aa50a13b7b7a49da6722a6c6d6	devices/entryphone_device.h	0000000000000000000000000000000000000000	3dd071c2471bbf73f5c6c7b2e964adad911ebb01	-	f77c1558b1a84db960d8874825a93f4d80bd6bbd2724488b5f4d845895d03438	historical-touchscreen-client	exact-reviewed-endpoint-blob-reuse	corroborates	functional/who-8-video-door-entry-telephony/README.md	Every changed endpoint blob is identical to a core-ledger source/test endpoint already semantically reviewed; merge/removal adds no unreviewed file implementation; integration combinations not executed
libqtdevices	41faf4aa5c73ab6f44ff5ea74118454b17e36c51	3df2691f2c81c7aa50a13b7b7a49da6722a6c6d6	devices/message_device.cpp	0000000000000000000000000000000000000000	0f4e033bd579f8ac38cd794f5e6831ad9f72e5fb	-	667a55f146ede2db40a6a53d00ce206395bb8cd7f5e0a854569ff9bd1bfc5d13	historical-touchscreen-client	exact-reviewed-endpoint-blob-reuse	corroborates	functional/who-8-video-door-entry-telephony/README.md	Every changed endpoint blob is identical to a core-ledger source/test endpoint already semantically reviewed; merge/removal adds no unreviewed file implementation; integration combinations not executed
libqtdevices	41faf4aa5c73ab6f44ff5ea74118454b17e36c51	3df2691f2c81c7aa50a13b7b7a49da6722a6c6d6	devices/message_device.h	0000000000000000000000000000000000000000	97889dd67b929b44184944a37b8b3f9357e3943e	-	a4dca748b1c4c0ff0ea6897a8c2af6d58082d3c53160736ded4d730c6f341048	historical-touchscreen-client	exact-reviewed-endpoint-blob-reuse	corroborates	functional/who-8-video-door-entry-telephony/README.md	Every changed endpoint blob is identical to a core-ledger source/test endpoint already semantically reviewed; merge/removal adds no unreviewed file implementation; integration combinations not executed
libqtdevices	41faf4aa5c73ab6f44ff5ea74118454b17e36c51	3df2691f2c81c7aa50a13b7b7a49da6722a6c6d6	devices/test/test_entryphone_device.cpp	0000000000000000000000000000000000000000	2ce113a958b1094d2a5f81b14806f3f5cf989907	-	452dc8198ecd6d04f568fb598cae4a5eaed70dec2f892af2b4ff8ef326d5b4f8	historical-touchscreen-client	exact-reviewed-endpoint-blob-reuse	corroborates	functional/who-8-video-door-entry-telephony/README.md	Every changed endpoint blob is identical to a core-ledger source/test endpoint already semantically reviewed; merge/removal adds no unreviewed file implementation; integration combinations not executed
libqtdevices	41faf4aa5c73ab6f44ff5ea74118454b17e36c51	3df2691f2c81c7aa50a13b7b7a49da6722a6c6d6	devices/test/test_entryphone_device.h	0000000000000000000000000000000000000000	5c412db5d32231918abf0026e21bdd2d80407202	-	0e2f4727e4801d97effbeda0e8ae79b4252bf195640e1ab12d70dad51ea238b4	historical-touchscreen-client	exact-reviewed-endpoint-blob-reuse	corroborates	functional/who-8-video-door-entry-telephony/README.md	Every changed endpoint blob is identical to a core-ledger source/test endpoint already semantically reviewed; merge/removal adds no unreviewed file implementation; integration combinations not executed
libqtdevices	41faf4aa5c73ab6f44ff5ea74118454b17e36c51	3df2691f2c81c7aa50a13b7b7a49da6722a6c6d6	devices/test/test_message_device.cpp	0000000000000000000000000000000000000000	b2d358bc2b085b380fc80176911acbe8437d7ea9	-	0faa551c53f230f1cf92c6b0342e4502b6d27b6703a85711d740fbc31d83613b	historical-touchscreen-client	exact-reviewed-endpoint-blob-reuse	corroborates	functional/who-8-video-door-entry-telephony/README.md	Every changed endpoint blob is identical to a core-ledger source/test endpoint already semantically reviewed; merge/removal adds no unreviewed file implementation; integration combinations not executed
libqtdevices	41faf4aa5c73ab6f44ff5ea74118454b17e36c51	3df2691f2c81c7aa50a13b7b7a49da6722a6c6d6	devices/test/test_message_device.h	0000000000000000000000000000000000000000	0966855ab4924d9401e093b2ceca82fcbd2d96ba	-	afbfd1b4a58d9ec1624807f93235f208fded8c39234d02bfde51922dcbc23abe	historical-touchscreen-client	exact-reviewed-endpoint-blob-reuse	corroborates	functional/who-8-video-door-entry-telephony/README.md	Every changed endpoint blob is identical to a core-ledger source/test endpoint already semantically reviewed; merge/removal adds no unreviewed file implementation; integration combinations not executed
libqtdevices	ec21e7cc553881a5b2421f2b4edbb4f9261775be	3c53a2a86d835f7c8dc097288bc87705575be4fd	devices/entryphone_device.cpp	0000000000000000000000000000000000000000	ad9d1906fb24f9eb195547372e5947d319da82bd	-	85890aed1b52d8afdef06dab6348e38d70f0f3dd3f8f8af27b4198509d4a56ee	historical-touchscreen-client	exact-reviewed-endpoint-blob-reuse	corroborates	functional/who-8-video-door-entry-telephony/README.md	Every changed endpoint blob is identical to a core-ledger source/test endpoint already semantically reviewed; merge/removal adds no unreviewed file implementation; integration combinations not executed
libqtdevices	ec21e7cc553881a5b2421f2b4edbb4f9261775be	3c53a2a86d835f7c8dc097288bc87705575be4fd	devices/entryphone_device.h	0000000000000000000000000000000000000000	3dd071c2471bbf73f5c6c7b2e964adad911ebb01	-	f77c1558b1a84db960d8874825a93f4d80bd6bbd2724488b5f4d845895d03438	historical-touchscreen-client	exact-reviewed-endpoint-blob-reuse	corroborates	functional/who-8-video-door-entry-telephony/README.md	Every changed endpoint blob is identical to a core-ledger source/test endpoint already semantically reviewed; merge/removal adds no unreviewed file implementation; integration combinations not executed
libqtdevices	ec21e7cc553881a5b2421f2b4edbb4f9261775be	3c53a2a86d835f7c8dc097288bc87705575be4fd	devices/message_device.cpp	0000000000000000000000000000000000000000	0f4e033bd579f8ac38cd794f5e6831ad9f72e5fb	-	667a55f146ede2db40a6a53d00ce206395bb8cd7f5e0a854569ff9bd1bfc5d13	historical-touchscreen-client	exact-reviewed-endpoint-blob-reuse	corroborates	functional/who-8-video-door-entry-telephony/README.md	Every changed endpoint blob is identical to a core-ledger source/test endpoint already semantically reviewed; merge/removal adds no unreviewed file implementation; integration combinations not executed
libqtdevices	ec21e7cc553881a5b2421f2b4edbb4f9261775be	3c53a2a86d835f7c8dc097288bc87705575be4fd	devices/message_device.h	0000000000000000000000000000000000000000	97889dd67b929b44184944a37b8b3f9357e3943e	-	a4dca748b1c4c0ff0ea6897a8c2af6d58082d3c53160736ded4d730c6f341048	historical-touchscreen-client	exact-reviewed-endpoint-blob-reuse	corroborates	functional/who-8-video-door-entry-telephony/README.md	Every changed endpoint blob is identical to a core-ledger source/test endpoint already semantically reviewed; merge/removal adds no unreviewed file implementation; integration combinations not executed
libqtdevices	ec21e7cc553881a5b2421f2b4edbb4f9261775be	3c53a2a86d835f7c8dc097288bc87705575be4fd	devices/test/test_entryphone_device.cpp	0000000000000000000000000000000000000000	2ce113a958b1094d2a5f81b14806f3f5cf989907	-	452dc8198ecd6d04f568fb598cae4a5eaed70dec2f892af2b4ff8ef326d5b4f8	historical-touchscreen-client	exact-reviewed-endpoint-blob-reuse	corroborates	functional/who-8-video-door-entry-telephony/README.md	Every changed endpoint blob is identical to a core-ledger source/test endpoint already semantically reviewed; merge/removal adds no unreviewed file implementation; integration combinations not executed
libqtdevices	ec21e7cc553881a5b2421f2b4edbb4f9261775be	3c53a2a86d835f7c8dc097288bc87705575be4fd	devices/test/test_entryphone_device.h	0000000000000000000000000000000000000000	5c412db5d32231918abf0026e21bdd2d80407202	-	0e2f4727e4801d97effbeda0e8ae79b4252bf195640e1ab12d70dad51ea238b4	historical-touchscreen-client	exact-reviewed-endpoint-blob-reuse	corroborates	functional/who-8-video-door-entry-telephony/README.md	Every changed endpoint blob is identical to a core-ledger source/test endpoint already semantically reviewed; merge/removal adds no unreviewed file implementation; integration combinations not executed
libqtdevices	ec21e7cc553881a5b2421f2b4edbb4f9261775be	3c53a2a86d835f7c8dc097288bc87705575be4fd	devices/test/test_message_device.cpp	0000000000000000000000000000000000000000	b2d358bc2b085b380fc80176911acbe8437d7ea9	-	0faa551c53f230f1cf92c6b0342e4502b6d27b6703a85711d740fbc31d83613b	historical-touchscreen-client	exact-reviewed-endpoint-blob-reuse	corroborates	functional/who-8-video-door-entry-telephony/README.md	Every changed endpoint blob is identical to a core-ledger source/test endpoint already semantically reviewed; merge/removal adds no unreviewed file implementation; integration combinations not executed
libqtdevices	ec21e7cc553881a5b2421f2b4edbb4f9261775be	3c53a2a86d835f7c8dc097288bc87705575be4fd	devices/test/test_message_device.h	0000000000000000000000000000000000000000	0966855ab4924d9401e093b2ceca82fcbd2d96ba	-	afbfd1b4a58d9ec1624807f93235f208fded8c39234d02bfde51922dcbc23abe	historical-touchscreen-client	exact-reviewed-endpoint-blob-reuse	corroborates	functional/who-8-video-door-entry-telephony/README.md	Every changed endpoint blob is identical to a core-ledger source/test endpoint already semantically reviewed; merge/removal adds no unreviewed file implementation; integration combinations not executed
libqtdevices	1faf40793d7b9f885fc04c017511f5fd1a807dfc	bba37daa4918f3726a035f8b2949608c704dcfab	devices/entryphone_device.cpp	0000000000000000000000000000000000000000	ad9d1906fb24f9eb195547372e5947d319da82bd	-	85890aed1b52d8afdef06dab6348e38d70f0f3dd3f8f8af27b4198509d4a56ee	historical-touchscreen-client	exact-reviewed-endpoint-blob-reuse	corroborates	functional/who-8-video-door-entry-telephony/README.md	Every changed endpoint blob is identical to a core-ledger source/test endpoint already semantically reviewed; merge/removal adds no unreviewed file implementation; integration combinations not executed
libqtdevices	1faf40793d7b9f885fc04c017511f5fd1a807dfc	bba37daa4918f3726a035f8b2949608c704dcfab	devices/entryphone_device.h	0000000000000000000000000000000000000000	3dd071c2471bbf73f5c6c7b2e964adad911ebb01	-	f77c1558b1a84db960d8874825a93f4d80bd6bbd2724488b5f4d845895d03438	historical-touchscreen-client	exact-reviewed-endpoint-blob-reuse	corroborates	functional/who-8-video-door-entry-telephony/README.md	Every changed endpoint blob is identical to a core-ledger source/test endpoint already semantically reviewed; merge/removal adds no unreviewed file implementation; integration combinations not executed
libqtdevices	1faf40793d7b9f885fc04c017511f5fd1a807dfc	bba37daa4918f3726a035f8b2949608c704dcfab	devices/message_device.cpp	0000000000000000000000000000000000000000	0f4e033bd579f8ac38cd794f5e6831ad9f72e5fb	-	667a55f146ede2db40a6a53d00ce206395bb8cd7f5e0a854569ff9bd1bfc5d13	historical-touchscreen-client	exact-reviewed-endpoint-blob-reuse	corroborates	functional/who-8-video-door-entry-telephony/README.md	Every changed endpoint blob is identical to a core-ledger source/test endpoint already semantically reviewed; merge/removal adds no unreviewed file implementation; integration combinations not executed
libqtdevices	1faf40793d7b9f885fc04c017511f5fd1a807dfc	bba37daa4918f3726a035f8b2949608c704dcfab	devices/message_device.h	0000000000000000000000000000000000000000	97889dd67b929b44184944a37b8b3f9357e3943e	-	a4dca748b1c4c0ff0ea6897a8c2af6d58082d3c53160736ded4d730c6f341048	historical-touchscreen-client	exact-reviewed-endpoint-blob-reuse	corroborates	functional/who-8-video-door-entry-telephony/README.md	Every changed endpoint blob is identical to a core-ledger source/test endpoint already semantically reviewed; merge/removal adds no unreviewed file implementation; integration combinations not executed
libqtdevices	1faf40793d7b9f885fc04c017511f5fd1a807dfc	bba37daa4918f3726a035f8b2949608c704dcfab	devices/test/test_entryphone_device.cpp	0000000000000000000000000000000000000000	2ce113a958b1094d2a5f81b14806f3f5cf989907	-	452dc8198ecd6d04f568fb598cae4a5eaed70dec2f892af2b4ff8ef326d5b4f8	historical-touchscreen-client	exact-reviewed-endpoint-blob-reuse	corroborates	functional/who-8-video-door-entry-telephony/README.md	Every changed endpoint blob is identical to a core-ledger source/test endpoint already semantically reviewed; merge/removal adds no unreviewed file implementation; integration combinations not executed
libqtdevices	1faf40793d7b9f885fc04c017511f5fd1a807dfc	bba37daa4918f3726a035f8b2949608c704dcfab	devices/test/test_entryphone_device.h	0000000000000000000000000000000000000000	5c412db5d32231918abf0026e21bdd2d80407202	-	0e2f4727e4801d97effbeda0e8ae79b4252bf195640e1ab12d70dad51ea238b4	historical-touchscreen-client	exact-reviewed-endpoint-blob-reuse	corroborates	functional/who-8-video-door-entry-telephony/README.md	Every changed endpoint blob is identical to a core-ledger source/test endpoint already semantically reviewed; merge/removal adds no unreviewed file implementation; integration combinations not executed
libqtdevices	1faf40793d7b9f885fc04c017511f5fd1a807dfc	bba37daa4918f3726a035f8b2949608c704dcfab	devices/test/test_message_device.cpp	0000000000000000000000000000000000000000	b2d358bc2b085b380fc80176911acbe8437d7ea9	-	0faa551c53f230f1cf92c6b0342e4502b6d27b6703a85711d740fbc31d83613b	historical-touchscreen-client	exact-reviewed-endpoint-blob-reuse	corroborates	functional/who-8-video-door-entry-telephony/README.md	Every changed endpoint blob is identical to a core-ledger source/test endpoint already semantically reviewed; merge/removal adds no unreviewed file implementation; integration combinations not executed
libqtdevices	1faf40793d7b9f885fc04c017511f5fd1a807dfc	bba37daa4918f3726a035f8b2949608c704dcfab	devices/test/test_message_device.h	0000000000000000000000000000000000000000	0966855ab4924d9401e093b2ceca82fcbd2d96ba	-	afbfd1b4a58d9ec1624807f93235f208fded8c39234d02bfde51922dcbc23abe	historical-touchscreen-client	exact-reviewed-endpoint-blob-reuse	corroborates	functional/who-8-video-door-entry-telephony/README.md	Every changed endpoint blob is identical to a core-ledger source/test endpoint already semantically reviewed; merge/removal adds no unreviewed file implementation; integration combinations not executed
libqtdevices	a7a3fd3c13cfe276280638d231ea0c55da3d7372	0765afb6dbd318e9ec57ace403cc86d5fc724be4	devices/entryphone_device.cpp	0000000000000000000000000000000000000000	ad9d1906fb24f9eb195547372e5947d319da82bd	-	85890aed1b52d8afdef06dab6348e38d70f0f3dd3f8f8af27b4198509d4a56ee	historical-touchscreen-client	exact-reviewed-endpoint-blob-reuse	corroborates	functional/who-8-video-door-entry-telephony/README.md	Every changed endpoint blob is identical to a core-ledger source/test endpoint already semantically reviewed; merge/removal adds no unreviewed file implementation; integration combinations not executed
libqtdevices	a7a3fd3c13cfe276280638d231ea0c55da3d7372	0765afb6dbd318e9ec57ace403cc86d5fc724be4	devices/entryphone_device.h	0000000000000000000000000000000000000000	3dd071c2471bbf73f5c6c7b2e964adad911ebb01	-	f77c1558b1a84db960d8874825a93f4d80bd6bbd2724488b5f4d845895d03438	historical-touchscreen-client	exact-reviewed-endpoint-blob-reuse	corroborates	functional/who-8-video-door-entry-telephony/README.md	Every changed endpoint blob is identical to a core-ledger source/test endpoint already semantically reviewed; merge/removal adds no unreviewed file implementation; integration combinations not executed
libqtdevices	a7a3fd3c13cfe276280638d231ea0c55da3d7372	0765afb6dbd318e9ec57ace403cc86d5fc724be4	devices/message_device.cpp	0000000000000000000000000000000000000000	0f4e033bd579f8ac38cd794f5e6831ad9f72e5fb	-	667a55f146ede2db40a6a53d00ce206395bb8cd7f5e0a854569ff9bd1bfc5d13	historical-touchscreen-client	exact-reviewed-endpoint-blob-reuse	corroborates	functional/who-8-video-door-entry-telephony/README.md	Every changed endpoint blob is identical to a core-ledger source/test endpoint already semantically reviewed; merge/removal adds no unreviewed file implementation; integration combinations not executed
libqtdevices	a7a3fd3c13cfe276280638d231ea0c55da3d7372	0765afb6dbd318e9ec57ace403cc86d5fc724be4	devices/message_device.h	0000000000000000000000000000000000000000	97889dd67b929b44184944a37b8b3f9357e3943e	-	a4dca748b1c4c0ff0ea6897a8c2af6d58082d3c53160736ded4d730c6f341048	historical-touchscreen-client	exact-reviewed-endpoint-blob-reuse	corroborates	functional/who-8-video-door-entry-telephony/README.md	Every changed endpoint blob is identical to a core-ledger source/test endpoint already semantically reviewed; merge/removal adds no unreviewed file implementation; integration combinations not executed
libqtdevices	a7a3fd3c13cfe276280638d231ea0c55da3d7372	0765afb6dbd318e9ec57ace403cc86d5fc724be4	devices/test/test_entryphone_device.cpp	0000000000000000000000000000000000000000	2ce113a958b1094d2a5f81b14806f3f5cf989907	-	452dc8198ecd6d04f568fb598cae4a5eaed70dec2f892af2b4ff8ef326d5b4f8	historical-touchscreen-client	exact-reviewed-endpoint-blob-reuse	corroborates	functional/who-8-video-door-entry-telephony/README.md	Every changed endpoint blob is identical to a core-ledger source/test endpoint already semantically reviewed; merge/removal adds no unreviewed file implementation; integration combinations not executed
libqtdevices	a7a3fd3c13cfe276280638d231ea0c55da3d7372	0765afb6dbd318e9ec57ace403cc86d5fc724be4	devices/test/test_entryphone_device.h	0000000000000000000000000000000000000000	5c412db5d32231918abf0026e21bdd2d80407202	-	0e2f4727e4801d97effbeda0e8ae79b4252bf195640e1ab12d70dad51ea238b4	historical-touchscreen-client	exact-reviewed-endpoint-blob-reuse	corroborates	functional/who-8-video-door-entry-telephony/README.md	Every changed endpoint blob is identical to a core-ledger source/test endpoint already semantically reviewed; merge/removal adds no unreviewed file implementation; integration combinations not executed
libqtdevices	a7a3fd3c13cfe276280638d231ea0c55da3d7372	0765afb6dbd318e9ec57ace403cc86d5fc724be4	devices/test/test_message_device.cpp	0000000000000000000000000000000000000000	b2d358bc2b085b380fc80176911acbe8437d7ea9	-	0faa551c53f230f1cf92c6b0342e4502b6d27b6703a85711d740fbc31d83613b	historical-touchscreen-client	exact-reviewed-endpoint-blob-reuse	corroborates	functional/who-8-video-door-entry-telephony/README.md	Every changed endpoint blob is identical to a core-ledger source/test endpoint already semantically reviewed; merge/removal adds no unreviewed file implementation; integration combinations not executed
libqtdevices	a7a3fd3c13cfe276280638d231ea0c55da3d7372	0765afb6dbd318e9ec57ace403cc86d5fc724be4	devices/test/test_message_device.h	0000000000000000000000000000000000000000	0966855ab4924d9401e093b2ceca82fcbd2d96ba	-	afbfd1b4a58d9ec1624807f93235f208fded8c39234d02bfde51922dcbc23abe	historical-touchscreen-client	exact-reviewed-endpoint-blob-reuse	corroborates	functional/who-8-video-door-entry-telephony/README.md	Every changed endpoint blob is identical to a core-ledger source/test endpoint already semantically reviewed; merge/removal adds no unreviewed file implementation; integration combinations not executed
libqtdevices	5f0144610dfe54bdcc4ec4d49a5704b9b36e25ee	4ef68d0389449cb2e35eca1186eb9611015ad3d6	devices/entryphone_device.cpp	0067260d3c94daf52f2569260e026de60f270b10	ad9d1906fb24f9eb195547372e5947d319da82bd	3338426551c7b0500b2f3eb56f6e686ae355e51c24558969abce6ef4d0233bd0	85890aed1b52d8afdef06dab6348e38d70f0f3dd3f8f8af27b4198509d4a56ee	historical-touchscreen-client	exact-reviewed-endpoint-blob-reuse	corroborates	functional/who-8-video-door-entry-telephony/README.md	Every changed endpoint blob is identical to a core-ledger source/test endpoint already semantically reviewed; merge/removal adds no unreviewed file implementation; integration combinations not executed
libqtdevices	5f0144610dfe54bdcc4ec4d49a5704b9b36e25ee	4ef68d0389449cb2e35eca1186eb9611015ad3d6	devices/entryphone_device.h	67e213547442d4dc7c6a07c323e465254f06a91c	3dd071c2471bbf73f5c6c7b2e964adad911ebb01	3d085e136889d4c5d1a78b0592e241189a3eb31a0ce833dbcb4a8735c2abc44a	f77c1558b1a84db960d8874825a93f4d80bd6bbd2724488b5f4d845895d03438	historical-touchscreen-client	exact-reviewed-endpoint-blob-reuse	corroborates	functional/who-8-video-door-entry-telephony/README.md	Every changed endpoint blob is identical to a core-ledger source/test endpoint already semantically reviewed; merge/removal adds no unreviewed file implementation; integration combinations not executed
libqtdevices	5f0144610dfe54bdcc4ec4d49a5704b9b36e25ee	4ef68d0389449cb2e35eca1186eb9611015ad3d6	devices/message_device.cpp	0000000000000000000000000000000000000000	0f4e033bd579f8ac38cd794f5e6831ad9f72e5fb	-	667a55f146ede2db40a6a53d00ce206395bb8cd7f5e0a854569ff9bd1bfc5d13	historical-touchscreen-client	exact-reviewed-endpoint-blob-reuse	corroborates	functional/who-8-video-door-entry-telephony/README.md	Every changed endpoint blob is identical to a core-ledger source/test endpoint already semantically reviewed; merge/removal adds no unreviewed file implementation; integration combinations not executed
libqtdevices	5f0144610dfe54bdcc4ec4d49a5704b9b36e25ee	4ef68d0389449cb2e35eca1186eb9611015ad3d6	devices/message_device.h	0000000000000000000000000000000000000000	97889dd67b929b44184944a37b8b3f9357e3943e	-	a4dca748b1c4c0ff0ea6897a8c2af6d58082d3c53160736ded4d730c6f341048	historical-touchscreen-client	exact-reviewed-endpoint-blob-reuse	corroborates	functional/who-8-video-door-entry-telephony/README.md	Every changed endpoint blob is identical to a core-ledger source/test endpoint already semantically reviewed; merge/removal adds no unreviewed file implementation; integration combinations not executed
libqtdevices	5f0144610dfe54bdcc4ec4d49a5704b9b36e25ee	4ef68d0389449cb2e35eca1186eb9611015ad3d6	devices/test/test_entryphone_device.cpp	4b70dc629ef288e9cf208b738236a5ba1b89f599	2ce113a958b1094d2a5f81b14806f3f5cf989907	53a6bada2903bd99d6323b153eae32099c264b1c309bfd69e358a99835cbbec6	452dc8198ecd6d04f568fb598cae4a5eaed70dec2f892af2b4ff8ef326d5b4f8	historical-touchscreen-client	exact-reviewed-endpoint-blob-reuse	corroborates	functional/who-8-video-door-entry-telephony/README.md	Every changed endpoint blob is identical to a core-ledger source/test endpoint already semantically reviewed; merge/removal adds no unreviewed file implementation; integration combinations not executed
libqtdevices	5f0144610dfe54bdcc4ec4d49a5704b9b36e25ee	4ef68d0389449cb2e35eca1186eb9611015ad3d6	devices/test/test_entryphone_device.h	d189823e5b372a2f128429e960ab3cbf7a64651a	5c412db5d32231918abf0026e21bdd2d80407202	92bb28c9175dfe37cb2f9543ed33a00f0135793ade3ddbdfec41509adcc5f35c	0e2f4727e4801d97effbeda0e8ae79b4252bf195640e1ab12d70dad51ea238b4	historical-touchscreen-client	exact-reviewed-endpoint-blob-reuse	corroborates	functional/who-8-video-door-entry-telephony/README.md	Every changed endpoint blob is identical to a core-ledger source/test endpoint already semantically reviewed; merge/removal adds no unreviewed file implementation; integration combinations not executed
libqtdevices	5f0144610dfe54bdcc4ec4d49a5704b9b36e25ee	4ef68d0389449cb2e35eca1186eb9611015ad3d6	devices/test/test_message_device.cpp	0000000000000000000000000000000000000000	b2d358bc2b085b380fc80176911acbe8437d7ea9	-	0faa551c53f230f1cf92c6b0342e4502b6d27b6703a85711d740fbc31d83613b	historical-touchscreen-client	exact-reviewed-endpoint-blob-reuse	corroborates	functional/who-8-video-door-entry-telephony/README.md	Every changed endpoint blob is identical to a core-ledger source/test endpoint already semantically reviewed; merge/removal adds no unreviewed file implementation; integration combinations not executed
libqtdevices	5f0144610dfe54bdcc4ec4d49a5704b9b36e25ee	4ef68d0389449cb2e35eca1186eb9611015ad3d6	devices/test/test_message_device.h	0000000000000000000000000000000000000000	0966855ab4924d9401e093b2ceca82fcbd2d96ba	-	afbfd1b4a58d9ec1624807f93235f208fded8c39234d02bfde51922dcbc23abe	historical-touchscreen-client	exact-reviewed-endpoint-blob-reuse	corroborates	functional/who-8-video-door-entry-telephony/README.md	Every changed endpoint blob is identical to a core-ledger source/test endpoint already semantically reviewed; merge/removal adds no unreviewed file implementation; integration combinations not executed
libqtdevices	2218c23a1a81df89511ae6432eb2698fd79aced3	ca7dbc33d29829dfe52db8666c8262c75ff5e4ee	devices/entryphone_device.cpp	0000000000000000000000000000000000000000	ad9d1906fb24f9eb195547372e5947d319da82bd	-	85890aed1b52d8afdef06dab6348e38d70f0f3dd3f8f8af27b4198509d4a56ee	historical-touchscreen-client	exact-reviewed-endpoint-blob-reuse	corroborates	functional/who-8-video-door-entry-telephony/README.md	Every changed endpoint blob is identical to a core-ledger source/test endpoint already semantically reviewed; merge/removal adds no unreviewed file implementation; integration combinations not executed
libqtdevices	2218c23a1a81df89511ae6432eb2698fd79aced3	ca7dbc33d29829dfe52db8666c8262c75ff5e4ee	devices/entryphone_device.h	0000000000000000000000000000000000000000	3dd071c2471bbf73f5c6c7b2e964adad911ebb01	-	f77c1558b1a84db960d8874825a93f4d80bd6bbd2724488b5f4d845895d03438	historical-touchscreen-client	exact-reviewed-endpoint-blob-reuse	corroborates	functional/who-8-video-door-entry-telephony/README.md	Every changed endpoint blob is identical to a core-ledger source/test endpoint already semantically reviewed; merge/removal adds no unreviewed file implementation; integration combinations not executed
libqtdevices	2218c23a1a81df89511ae6432eb2698fd79aced3	ca7dbc33d29829dfe52db8666c8262c75ff5e4ee	devices/message_device.cpp	0000000000000000000000000000000000000000	0f4e033bd579f8ac38cd794f5e6831ad9f72e5fb	-	667a55f146ede2db40a6a53d00ce206395bb8cd7f5e0a854569ff9bd1bfc5d13	historical-touchscreen-client	exact-reviewed-endpoint-blob-reuse	corroborates	functional/who-8-video-door-entry-telephony/README.md	Every changed endpoint blob is identical to a core-ledger source/test endpoint already semantically reviewed; merge/removal adds no unreviewed file implementation; integration combinations not executed
libqtdevices	2218c23a1a81df89511ae6432eb2698fd79aced3	ca7dbc33d29829dfe52db8666c8262c75ff5e4ee	devices/message_device.h	0000000000000000000000000000000000000000	97889dd67b929b44184944a37b8b3f9357e3943e	-	a4dca748b1c4c0ff0ea6897a8c2af6d58082d3c53160736ded4d730c6f341048	historical-touchscreen-client	exact-reviewed-endpoint-blob-reuse	corroborates	functional/who-8-video-door-entry-telephony/README.md	Every changed endpoint blob is identical to a core-ledger source/test endpoint already semantically reviewed; merge/removal adds no unreviewed file implementation; integration combinations not executed
libqtdevices	2218c23a1a81df89511ae6432eb2698fd79aced3	ca7dbc33d29829dfe52db8666c8262c75ff5e4ee	devices/test/test_entryphone_device.cpp	0000000000000000000000000000000000000000	2ce113a958b1094d2a5f81b14806f3f5cf989907	-	452dc8198ecd6d04f568fb598cae4a5eaed70dec2f892af2b4ff8ef326d5b4f8	historical-touchscreen-client	exact-reviewed-endpoint-blob-reuse	corroborates	functional/who-8-video-door-entry-telephony/README.md	Every changed endpoint blob is identical to a core-ledger source/test endpoint already semantically reviewed; merge/removal adds no unreviewed file implementation; integration combinations not executed
libqtdevices	2218c23a1a81df89511ae6432eb2698fd79aced3	ca7dbc33d29829dfe52db8666c8262c75ff5e4ee	devices/test/test_entryphone_device.h	0000000000000000000000000000000000000000	5c412db5d32231918abf0026e21bdd2d80407202	-	0e2f4727e4801d97effbeda0e8ae79b4252bf195640e1ab12d70dad51ea238b4	historical-touchscreen-client	exact-reviewed-endpoint-blob-reuse	corroborates	functional/who-8-video-door-entry-telephony/README.md	Every changed endpoint blob is identical to a core-ledger source/test endpoint already semantically reviewed; merge/removal adds no unreviewed file implementation; integration combinations not executed
libqtdevices	2218c23a1a81df89511ae6432eb2698fd79aced3	ca7dbc33d29829dfe52db8666c8262c75ff5e4ee	devices/test/test_message_device.cpp	0000000000000000000000000000000000000000	b2d358bc2b085b380fc80176911acbe8437d7ea9	-	0faa551c53f230f1cf92c6b0342e4502b6d27b6703a85711d740fbc31d83613b	historical-touchscreen-client	exact-reviewed-endpoint-blob-reuse	corroborates	functional/who-8-video-door-entry-telephony/README.md	Every changed endpoint blob is identical to a core-ledger source/test endpoint already semantically reviewed; merge/removal adds no unreviewed file implementation; integration combinations not executed
libqtdevices	2218c23a1a81df89511ae6432eb2698fd79aced3	ca7dbc33d29829dfe52db8666c8262c75ff5e4ee	devices/test/test_message_device.h	0000000000000000000000000000000000000000	0966855ab4924d9401e093b2ceca82fcbd2d96ba	-	afbfd1b4a58d9ec1624807f93235f208fded8c39234d02bfde51922dcbc23abe	historical-touchscreen-client	exact-reviewed-endpoint-blob-reuse	corroborates	functional/who-8-video-door-entry-telephony/README.md	Every changed endpoint blob is identical to a core-ledger source/test endpoint already semantically reviewed; merge/removal adds no unreviewed file implementation; integration combinations not executed
libqtdevices	f7c0924323996a1b0f29dcc5b909db049d2a9af5	56d841f6deb7b7636f360e2f76379a4e28333e2e	devices/entryphone_device.cpp	0000000000000000000000000000000000000000	ad9d1906fb24f9eb195547372e5947d319da82bd	-	85890aed1b52d8afdef06dab6348e38d70f0f3dd3f8f8af27b4198509d4a56ee	historical-touchscreen-client	exact-reviewed-endpoint-blob-reuse	corroborates	functional/who-8-video-door-entry-telephony/README.md	Every changed endpoint blob is identical to a core-ledger source/test endpoint already semantically reviewed; merge/removal adds no unreviewed file implementation; integration combinations not executed
libqtdevices	f7c0924323996a1b0f29dcc5b909db049d2a9af5	56d841f6deb7b7636f360e2f76379a4e28333e2e	devices/entryphone_device.h	0000000000000000000000000000000000000000	3dd071c2471bbf73f5c6c7b2e964adad911ebb01	-	f77c1558b1a84db960d8874825a93f4d80bd6bbd2724488b5f4d845895d03438	historical-touchscreen-client	exact-reviewed-endpoint-blob-reuse	corroborates	functional/who-8-video-door-entry-telephony/README.md	Every changed endpoint blob is identical to a core-ledger source/test endpoint already semantically reviewed; merge/removal adds no unreviewed file implementation; integration combinations not executed
libqtdevices	f7c0924323996a1b0f29dcc5b909db049d2a9af5	56d841f6deb7b7636f360e2f76379a4e28333e2e	devices/message_device.cpp	0000000000000000000000000000000000000000	0f4e033bd579f8ac38cd794f5e6831ad9f72e5fb	-	667a55f146ede2db40a6a53d00ce206395bb8cd7f5e0a854569ff9bd1bfc5d13	historical-touchscreen-client	exact-reviewed-endpoint-blob-reuse	corroborates	functional/who-8-video-door-entry-telephony/README.md	Every changed endpoint blob is identical to a core-ledger source/test endpoint already semantically reviewed; merge/removal adds no unreviewed file implementation; integration combinations not executed
libqtdevices	f7c0924323996a1b0f29dcc5b909db049d2a9af5	56d841f6deb7b7636f360e2f76379a4e28333e2e	devices/message_device.h	0000000000000000000000000000000000000000	97889dd67b929b44184944a37b8b3f9357e3943e	-	a4dca748b1c4c0ff0ea6897a8c2af6d58082d3c53160736ded4d730c6f341048	historical-touchscreen-client	exact-reviewed-endpoint-blob-reuse	corroborates	functional/who-8-video-door-entry-telephony/README.md	Every changed endpoint blob is identical to a core-ledger source/test endpoint already semantically reviewed; merge/removal adds no unreviewed file implementation; integration combinations not executed
libqtdevices	f7c0924323996a1b0f29dcc5b909db049d2a9af5	56d841f6deb7b7636f360e2f76379a4e28333e2e	devices/test/test_entryphone_device.cpp	0000000000000000000000000000000000000000	2ce113a958b1094d2a5f81b14806f3f5cf989907	-	452dc8198ecd6d04f568fb598cae4a5eaed70dec2f892af2b4ff8ef326d5b4f8	historical-touchscreen-client	exact-reviewed-endpoint-blob-reuse	corroborates	functional/who-8-video-door-entry-telephony/README.md	Every changed endpoint blob is identical to a core-ledger source/test endpoint already semantically reviewed; merge/removal adds no unreviewed file implementation; integration combinations not executed
libqtdevices	f7c0924323996a1b0f29dcc5b909db049d2a9af5	56d841f6deb7b7636f360e2f76379a4e28333e2e	devices/test/test_entryphone_device.h	0000000000000000000000000000000000000000	5c412db5d32231918abf0026e21bdd2d80407202	-	0e2f4727e4801d97effbeda0e8ae79b4252bf195640e1ab12d70dad51ea238b4	historical-touchscreen-client	exact-reviewed-endpoint-blob-reuse	corroborates	functional/who-8-video-door-entry-telephony/README.md	Every changed endpoint blob is identical to a core-ledger source/test endpoint already semantically reviewed; merge/removal adds no unreviewed file implementation; integration combinations not executed
libqtdevices	f7c0924323996a1b0f29dcc5b909db049d2a9af5	56d841f6deb7b7636f360e2f76379a4e28333e2e	devices/test/test_message_device.cpp	0000000000000000000000000000000000000000	b2d358bc2b085b380fc80176911acbe8437d7ea9	-	0faa551c53f230f1cf92c6b0342e4502b6d27b6703a85711d740fbc31d83613b	historical-touchscreen-client	exact-reviewed-endpoint-blob-reuse	corroborates	functional/who-8-video-door-entry-telephony/README.md	Every changed endpoint blob is identical to a core-ledger source/test endpoint already semantically reviewed; merge/removal adds no unreviewed file implementation; integration combinations not executed
libqtdevices	f7c0924323996a1b0f29dcc5b909db049d2a9af5	56d841f6deb7b7636f360e2f76379a4e28333e2e	devices/test/test_message_device.h	0000000000000000000000000000000000000000	0966855ab4924d9401e093b2ceca82fcbd2d96ba	-	afbfd1b4a58d9ec1624807f93235f208fded8c39234d02bfde51922dcbc23abe	historical-touchscreen-client	exact-reviewed-endpoint-blob-reuse	corroborates	functional/who-8-video-door-entry-telephony/README.md	Every changed endpoint blob is identical to a core-ledger source/test endpoint already semantically reviewed; merge/removal adds no unreviewed file implementation; integration combinations not executed
libqtdevices	b08db6991fdbc57a36a52cc114347bc310773023	a4537cb0c7ccc05273582f983389748072ce7249	devices/entryphone_device.cpp	2efe1b60f8f40dcac4bdaa8a653ac6001a962d92	ad9d1906fb24f9eb195547372e5947d319da82bd	f464c81cea5e9a0845a95c7905a0dc83fcfb5137ea51cd095e86b76a042940bf	85890aed1b52d8afdef06dab6348e38d70f0f3dd3f8f8af27b4198509d4a56ee	historical-touchscreen-client	exact-reviewed-endpoint-blob-reuse	corroborates	functional/who-8-video-door-entry-telephony/README.md	Every changed endpoint blob is identical to a core-ledger source/test endpoint already semantically reviewed; merge/removal adds no unreviewed file implementation; integration combinations not executed
libqtdevices	b08db6991fdbc57a36a52cc114347bc310773023	a4537cb0c7ccc05273582f983389748072ce7249	devices/entryphone_device.h	4f13a3d240b94ade2ac4394c0ee0e79b5472b22b	3dd071c2471bbf73f5c6c7b2e964adad911ebb01	3e5db06ddeb7d31de992edfecccb5db8a1b4f5d0bf6437e10b6883e6d0fe4050	f77c1558b1a84db960d8874825a93f4d80bd6bbd2724488b5f4d845895d03438	historical-touchscreen-client	exact-reviewed-endpoint-blob-reuse	corroborates	functional/who-8-video-door-entry-telephony/README.md	Every changed endpoint blob is identical to a core-ledger source/test endpoint already semantically reviewed; merge/removal adds no unreviewed file implementation; integration combinations not executed
libqtdevices	b08db6991fdbc57a36a52cc114347bc310773023	a4537cb0c7ccc05273582f983389748072ce7249	devices/message_device.cpp	bddb40234e49a4e06b5f43e7670164aebf00566d	0f4e033bd579f8ac38cd794f5e6831ad9f72e5fb	16a4339e03de82bfeeed6194ff2bdbb1839644d8d01b52e0205967207662daf9	667a55f146ede2db40a6a53d00ce206395bb8cd7f5e0a854569ff9bd1bfc5d13	historical-touchscreen-client	exact-reviewed-endpoint-blob-reuse	corroborates	functional/who-8-video-door-entry-telephony/README.md	Every changed endpoint blob is identical to a core-ledger source/test endpoint already semantically reviewed; merge/removal adds no unreviewed file implementation; integration combinations not executed
libqtdevices	b08db6991fdbc57a36a52cc114347bc310773023	a4537cb0c7ccc05273582f983389748072ce7249	devices/message_device.h	df426827860eceea50de63dd5fd6edb206a43687	97889dd67b929b44184944a37b8b3f9357e3943e	7e74c8e8e40aa7b11bcc0d9917bf68806addfc20bcb2bcd7a44d1c2da29f9190	a4dca748b1c4c0ff0ea6897a8c2af6d58082d3c53160736ded4d730c6f341048	historical-touchscreen-client	exact-reviewed-endpoint-blob-reuse	corroborates	functional/who-8-video-door-entry-telephony/README.md	Every changed endpoint blob is identical to a core-ledger source/test endpoint already semantically reviewed; merge/removal adds no unreviewed file implementation; integration combinations not executed
libqtdevices	b08db6991fdbc57a36a52cc114347bc310773023	a4537cb0c7ccc05273582f983389748072ce7249	devices/test/test_entryphone_device.cpp	4b70dc629ef288e9cf208b738236a5ba1b89f599	2ce113a958b1094d2a5f81b14806f3f5cf989907	53a6bada2903bd99d6323b153eae32099c264b1c309bfd69e358a99835cbbec6	452dc8198ecd6d04f568fb598cae4a5eaed70dec2f892af2b4ff8ef326d5b4f8	historical-touchscreen-client	exact-reviewed-endpoint-blob-reuse	corroborates	functional/who-8-video-door-entry-telephony/README.md	Every changed endpoint blob is identical to a core-ledger source/test endpoint already semantically reviewed; merge/removal adds no unreviewed file implementation; integration combinations not executed
libqtdevices	b08db6991fdbc57a36a52cc114347bc310773023	a4537cb0c7ccc05273582f983389748072ce7249	devices/test/test_entryphone_device.h	d189823e5b372a2f128429e960ab3cbf7a64651a	5c412db5d32231918abf0026e21bdd2d80407202	92bb28c9175dfe37cb2f9543ed33a00f0135793ade3ddbdfec41509adcc5f35c	0e2f4727e4801d97effbeda0e8ae79b4252bf195640e1ab12d70dad51ea238b4	historical-touchscreen-client	exact-reviewed-endpoint-blob-reuse	corroborates	functional/who-8-video-door-entry-telephony/README.md	Every changed endpoint blob is identical to a core-ledger source/test endpoint already semantically reviewed; merge/removal adds no unreviewed file implementation; integration combinations not executed
libqtdevices	b08db6991fdbc57a36a52cc114347bc310773023	a4537cb0c7ccc05273582f983389748072ce7249	devices/test/test_message_device.cpp	595424b46fa1489496e911903ca61d5082d67080	b2d358bc2b085b380fc80176911acbe8437d7ea9	bfa5315b7a12e7920d9946b7d099299933702c3c797678f7c6fc7fcda5c92f2a	0faa551c53f230f1cf92c6b0342e4502b6d27b6703a85711d740fbc31d83613b	historical-touchscreen-client	exact-reviewed-endpoint-blob-reuse	corroborates	functional/who-8-video-door-entry-telephony/README.md	Every changed endpoint blob is identical to a core-ledger source/test endpoint already semantically reviewed; merge/removal adds no unreviewed file implementation; integration combinations not executed
libqtdevices	b08db6991fdbc57a36a52cc114347bc310773023	a4537cb0c7ccc05273582f983389748072ce7249	devices/test/test_message_device.h	66048fd7d56df53bc46748f08c45f1239fd19562	0966855ab4924d9401e093b2ceca82fcbd2d96ba	57cd0eed716e87eb3a93834238890563a436a8b4a4e3d226fe24e365b220f1c0	afbfd1b4a58d9ec1624807f93235f208fded8c39234d02bfde51922dcbc23abe	historical-touchscreen-client	exact-reviewed-endpoint-blob-reuse	corroborates	functional/who-8-video-door-entry-telephony/README.md	Every changed endpoint blob is identical to a core-ledger source/test endpoint already semantically reviewed; merge/removal adds no unreviewed file implementation; integration combinations not executed
libqtdevices	bf23925ea4d14e5834641161908c66cba205a700	43dcbbbfede380e296b510237c8bc77af0d7651f	devices/entryphone_device.cpp	5d650ac5f8ce326ff675efb870f42055723c260c	ad9d1906fb24f9eb195547372e5947d319da82bd	05812090041e4a751085f73f2aa0104ad79725723c0bbde92d4f9ab2b868ecb2	85890aed1b52d8afdef06dab6348e38d70f0f3dd3f8f8af27b4198509d4a56ee	historical-touchscreen-client	exact-reviewed-endpoint-blob-reuse	corroborates	functional/who-8-video-door-entry-telephony/README.md	Every changed endpoint blob is identical to a core-ledger source/test endpoint already semantically reviewed; merge/removal adds no unreviewed file implementation; integration combinations not executed
libqtdevices	5f419cc31a0b5e045e032b5d8244f690dfeac319	686af1195838048959bc0da82c73e78e7ab64f73	devices/entryphone_device.cpp	5d650ac5f8ce326ff675efb870f42055723c260c	ad9d1906fb24f9eb195547372e5947d319da82bd	05812090041e4a751085f73f2aa0104ad79725723c0bbde92d4f9ab2b868ecb2	85890aed1b52d8afdef06dab6348e38d70f0f3dd3f8f8af27b4198509d4a56ee	historical-touchscreen-client	exact-reviewed-endpoint-blob-reuse	corroborates	functional/who-8-video-door-entry-telephony/README.md	Every changed endpoint blob is identical to a core-ledger source/test endpoint already semantically reviewed; merge/removal adds no unreviewed file implementation; integration combinations not executed
libqtdevices	4628b83048df3e494deea27a00d6ca0d7b5bbc7c	261b6fdc6d7ff07d1720b41a3214c8dc7210f830	devices/entryphone_device.cpp	ff9322a09d5d9acc9233e3a7f5f3146fdda912a0	5d650ac5f8ce326ff675efb870f42055723c260c	830f17e097dbf7ed50397514ab4025912b76b85f80df5258a37f9841e5cd9c22	05812090041e4a751085f73f2aa0104ad79725723c0bbde92d4f9ab2b868ecb2	historical-touchscreen-client	exact-reviewed-endpoint-blob-reuse	corroborates	functional/who-8-video-door-entry-telephony/README.md	Every changed endpoint blob is identical to a core-ledger source/test endpoint already semantically reviewed; merge/removal adds no unreviewed file implementation; integration combinations not executed
libqtdevices	4628b83048df3e494deea27a00d6ca0d7b5bbc7c	261b6fdc6d7ff07d1720b41a3214c8dc7210f830	devices/test/test_entryphone_device.cpp	e0bcccfcfb986faa8423c1bdc18697df2a353804	2ce113a958b1094d2a5f81b14806f3f5cf989907	f96ff04446d9cbb9cb282b0df62b5a8a07dd8e3678b9944e324e0a127034786e	452dc8198ecd6d04f568fb598cae4a5eaed70dec2f892af2b4ff8ef326d5b4f8	historical-touchscreen-client	exact-reviewed-endpoint-blob-reuse	corroborates	functional/who-8-video-door-entry-telephony/README.md	Every changed endpoint blob is identical to a core-ledger source/test endpoint already semantically reviewed; merge/removal adds no unreviewed file implementation; integration combinations not executed
libqtdevices	4628b83048df3e494deea27a00d6ca0d7b5bbc7c	261b6fdc6d7ff07d1720b41a3214c8dc7210f830	devices/test/test_entryphone_device.h	cbb03fd8673d8ec4cf40f2d6dbd033141a886166	5c412db5d32231918abf0026e21bdd2d80407202	4be99ff9438d463dac3951ac276ed0b4d5a1160205692e9724397f89e6b9d4c9	0e2f4727e4801d97effbeda0e8ae79b4252bf195640e1ab12d70dad51ea238b4	historical-touchscreen-client	exact-reviewed-endpoint-blob-reuse	corroborates	functional/who-8-video-door-entry-telephony/README.md	Every changed endpoint blob is identical to a core-ledger source/test endpoint already semantically reviewed; merge/removal adds no unreviewed file implementation; integration combinations not executed
libqtdevices	a71b6176bb6702a4f933ab5572e0688a892f992b	b12a3463be87ae62fa2266c4005b0735ed1209a7	devices/entryphone_device.cpp	ff9322a09d5d9acc9233e3a7f5f3146fdda912a0	5d650ac5f8ce326ff675efb870f42055723c260c	830f17e097dbf7ed50397514ab4025912b76b85f80df5258a37f9841e5cd9c22	05812090041e4a751085f73f2aa0104ad79725723c0bbde92d4f9ab2b868ecb2	historical-touchscreen-client	exact-reviewed-endpoint-blob-reuse	corroborates	functional/who-8-video-door-entry-telephony/README.md	Every changed endpoint blob is identical to a core-ledger source/test endpoint already semantically reviewed; merge/removal adds no unreviewed file implementation; integration combinations not executed
libqtdevices	a71b6176bb6702a4f933ab5572e0688a892f992b	b12a3463be87ae62fa2266c4005b0735ed1209a7	devices/test/test_entryphone_device.cpp	e0bcccfcfb986faa8423c1bdc18697df2a353804	2ce113a958b1094d2a5f81b14806f3f5cf989907	f96ff04446d9cbb9cb282b0df62b5a8a07dd8e3678b9944e324e0a127034786e	452dc8198ecd6d04f568fb598cae4a5eaed70dec2f892af2b4ff8ef326d5b4f8	historical-touchscreen-client	exact-reviewed-endpoint-blob-reuse	corroborates	functional/who-8-video-door-entry-telephony/README.md	Every changed endpoint blob is identical to a core-ledger source/test endpoint already semantically reviewed; merge/removal adds no unreviewed file implementation; integration combinations not executed
libqtdevices	a71b6176bb6702a4f933ab5572e0688a892f992b	b12a3463be87ae62fa2266c4005b0735ed1209a7	devices/test/test_entryphone_device.h	cbb03fd8673d8ec4cf40f2d6dbd033141a886166	5c412db5d32231918abf0026e21bdd2d80407202	4be99ff9438d463dac3951ac276ed0b4d5a1160205692e9724397f89e6b9d4c9	0e2f4727e4801d97effbeda0e8ae79b4252bf195640e1ab12d70dad51ea238b4	historical-touchscreen-client	exact-reviewed-endpoint-blob-reuse	corroborates	functional/who-8-video-door-entry-telephony/README.md	Every changed endpoint blob is identical to a core-ledger source/test endpoint already semantically reviewed; merge/removal adds no unreviewed file implementation; integration combinations not executed
libqtdevices	c9ce5131d7fd6478993443cffd6b605e58a23190	f7ed0cecede7a0184bfa48c215714cbbfd1c1a3a	devices/entryphone_device.cpp	be6de94f9999cf9653435c0dd6535cf4943a1158	ff9322a09d5d9acc9233e3a7f5f3146fdda912a0	f85abe96d66e490a0e6e00edf2ad8246b8922a12a1b9bf36dfb60f7371364c6b	830f17e097dbf7ed50397514ab4025912b76b85f80df5258a37f9841e5cd9c22	historical-touchscreen-client	exact-reviewed-endpoint-blob-reuse	corroborates	functional/who-8-video-door-entry-telephony/README.md	Every changed endpoint blob is identical to a core-ledger source/test endpoint already semantically reviewed; merge/removal adds no unreviewed file implementation; integration combinations not executed
libqtdevices	c9ce5131d7fd6478993443cffd6b605e58a23190	f7ed0cecede7a0184bfa48c215714cbbfd1c1a3a	devices/entryphone_device.h	4f13a3d240b94ade2ac4394c0ee0e79b5472b22b	3dd071c2471bbf73f5c6c7b2e964adad911ebb01	3e5db06ddeb7d31de992edfecccb5db8a1b4f5d0bf6437e10b6883e6d0fe4050	f77c1558b1a84db960d8874825a93f4d80bd6bbd2724488b5f4d845895d03438	historical-touchscreen-client	exact-reviewed-endpoint-blob-reuse	corroborates	functional/who-8-video-door-entry-telephony/README.md	Every changed endpoint blob is identical to a core-ledger source/test endpoint already semantically reviewed; merge/removal adds no unreviewed file implementation; integration combinations not executed
libqtdevices	c9ce5131d7fd6478993443cffd6b605e58a23190	f7ed0cecede7a0184bfa48c215714cbbfd1c1a3a	devices/test/test_entryphone_device.cpp	4b70dc629ef288e9cf208b738236a5ba1b89f599	e0bcccfcfb986faa8423c1bdc18697df2a353804	53a6bada2903bd99d6323b153eae32099c264b1c309bfd69e358a99835cbbec6	f96ff04446d9cbb9cb282b0df62b5a8a07dd8e3678b9944e324e0a127034786e	historical-touchscreen-client	exact-reviewed-endpoint-blob-reuse	corroborates	functional/who-8-video-door-entry-telephony/README.md	Every changed endpoint blob is identical to a core-ledger source/test endpoint already semantically reviewed; merge/removal adds no unreviewed file implementation; integration combinations not executed
libqtdevices	c9ce5131d7fd6478993443cffd6b605e58a23190	f7ed0cecede7a0184bfa48c215714cbbfd1c1a3a	devices/test/test_entryphone_device.h	d189823e5b372a2f128429e960ab3cbf7a64651a	cbb03fd8673d8ec4cf40f2d6dbd033141a886166	92bb28c9175dfe37cb2f9543ed33a00f0135793ade3ddbdfec41509adcc5f35c	4be99ff9438d463dac3951ac276ed0b4d5a1160205692e9724397f89e6b9d4c9	historical-touchscreen-client	exact-reviewed-endpoint-blob-reuse	corroborates	functional/who-8-video-door-entry-telephony/README.md	Every changed endpoint blob is identical to a core-ledger source/test endpoint already semantically reviewed; merge/removal adds no unreviewed file implementation; integration combinations not executed
libqtdevices	f7ed0cecede7a0184bfa48c215714cbbfd1c1a3a	b3a047ac958d8434ac0a4c97e8d82ac0acfa0d2b	devices/entryphone_device.cpp	0000000000000000000000000000000000000000	be6de94f9999cf9653435c0dd6535cf4943a1158	-	f85abe96d66e490a0e6e00edf2ad8246b8922a12a1b9bf36dfb60f7371364c6b	historical-touchscreen-client	exact-reviewed-endpoint-blob-reuse	corroborates	functional/who-8-video-door-entry-telephony/README.md	Every changed endpoint blob is identical to a core-ledger source/test endpoint already semantically reviewed; merge/removal adds no unreviewed file implementation; integration combinations not executed
libqtdevices	f7ed0cecede7a0184bfa48c215714cbbfd1c1a3a	b3a047ac958d8434ac0a4c97e8d82ac0acfa0d2b	devices/entryphone_device.h	0000000000000000000000000000000000000000	4f13a3d240b94ade2ac4394c0ee0e79b5472b22b	-	3e5db06ddeb7d31de992edfecccb5db8a1b4f5d0bf6437e10b6883e6d0fe4050	historical-touchscreen-client	exact-reviewed-endpoint-blob-reuse	corroborates	functional/who-8-video-door-entry-telephony/README.md	Every changed endpoint blob is identical to a core-ledger source/test endpoint already semantically reviewed; merge/removal adds no unreviewed file implementation; integration combinations not executed
libqtdevices	f7ed0cecede7a0184bfa48c215714cbbfd1c1a3a	b3a047ac958d8434ac0a4c97e8d82ac0acfa0d2b	devices/message_device.cpp	0000000000000000000000000000000000000000	0f4e033bd579f8ac38cd794f5e6831ad9f72e5fb	-	667a55f146ede2db40a6a53d00ce206395bb8cd7f5e0a854569ff9bd1bfc5d13	historical-touchscreen-client	exact-reviewed-endpoint-blob-reuse	corroborates	functional/who-8-video-door-entry-telephony/README.md	Every changed endpoint blob is identical to a core-ledger source/test endpoint already semantically reviewed; merge/removal adds no unreviewed file implementation; integration combinations not executed
libqtdevices	f7ed0cecede7a0184bfa48c215714cbbfd1c1a3a	b3a047ac958d8434ac0a4c97e8d82ac0acfa0d2b	devices/message_device.h	0000000000000000000000000000000000000000	97889dd67b929b44184944a37b8b3f9357e3943e	-	a4dca748b1c4c0ff0ea6897a8c2af6d58082d3c53160736ded4d730c6f341048	historical-touchscreen-client	exact-reviewed-endpoint-blob-reuse	corroborates	functional/who-8-video-door-entry-telephony/README.md	Every changed endpoint blob is identical to a core-ledger source/test endpoint already semantically reviewed; merge/removal adds no unreviewed file implementation; integration combinations not executed
libqtdevices	f7ed0cecede7a0184bfa48c215714cbbfd1c1a3a	b3a047ac958d8434ac0a4c97e8d82ac0acfa0d2b	devices/test/test_entryphone_device.cpp	0000000000000000000000000000000000000000	4b70dc629ef288e9cf208b738236a5ba1b89f599	-	53a6bada2903bd99d6323b153eae32099c264b1c309bfd69e358a99835cbbec6	historical-touchscreen-client	exact-reviewed-endpoint-blob-reuse	corroborates	functional/who-8-video-door-entry-telephony/README.md	Every changed endpoint blob is identical to a core-ledger source/test endpoint already semantically reviewed; merge/removal adds no unreviewed file implementation; integration combinations not executed
libqtdevices	f7ed0cecede7a0184bfa48c215714cbbfd1c1a3a	b3a047ac958d8434ac0a4c97e8d82ac0acfa0d2b	devices/test/test_entryphone_device.h	0000000000000000000000000000000000000000	d189823e5b372a2f128429e960ab3cbf7a64651a	-	92bb28c9175dfe37cb2f9543ed33a00f0135793ade3ddbdfec41509adcc5f35c	historical-touchscreen-client	exact-reviewed-endpoint-blob-reuse	corroborates	functional/who-8-video-door-entry-telephony/README.md	Every changed endpoint blob is identical to a core-ledger source/test endpoint already semantically reviewed; merge/removal adds no unreviewed file implementation; integration combinations not executed
libqtdevices	f7ed0cecede7a0184bfa48c215714cbbfd1c1a3a	b3a047ac958d8434ac0a4c97e8d82ac0acfa0d2b	devices/test/test_message_device.cpp	0000000000000000000000000000000000000000	b2d358bc2b085b380fc80176911acbe8437d7ea9	-	0faa551c53f230f1cf92c6b0342e4502b6d27b6703a85711d740fbc31d83613b	historical-touchscreen-client	exact-reviewed-endpoint-blob-reuse	corroborates	functional/who-8-video-door-entry-telephony/README.md	Every changed endpoint blob is identical to a core-ledger source/test endpoint already semantically reviewed; merge/removal adds no unreviewed file implementation; integration combinations not executed
libqtdevices	f7ed0cecede7a0184bfa48c215714cbbfd1c1a3a	b3a047ac958d8434ac0a4c97e8d82ac0acfa0d2b	devices/test/test_message_device.h	0000000000000000000000000000000000000000	0966855ab4924d9401e093b2ceca82fcbd2d96ba	-	afbfd1b4a58d9ec1624807f93235f208fded8c39234d02bfde51922dcbc23abe	historical-touchscreen-client	exact-reviewed-endpoint-blob-reuse	corroborates	functional/who-8-video-door-entry-telephony/README.md	Every changed endpoint blob is identical to a core-ledger source/test endpoint already semantically reviewed; merge/removal adds no unreviewed file implementation; integration combinations not executed
libqtdevices	a4537cb0c7ccc05273582f983389748072ce7249	f2e1741540471f633bc29f21cc10f6d3430f2a1e	devices/entryphone_device.cpp	0000000000000000000000000000000000000000	2efe1b60f8f40dcac4bdaa8a653ac6001a962d92	-	f464c81cea5e9a0845a95c7905a0dc83fcfb5137ea51cd095e86b76a042940bf	historical-touchscreen-client	exact-reviewed-endpoint-blob-reuse	corroborates	functional/who-8-video-door-entry-telephony/README.md	Every changed endpoint blob is identical to a core-ledger source/test endpoint already semantically reviewed; merge/removal adds no unreviewed file implementation; integration combinations not executed
libqtdevices	a4537cb0c7ccc05273582f983389748072ce7249	f2e1741540471f633bc29f21cc10f6d3430f2a1e	devices/entryphone_device.h	0000000000000000000000000000000000000000	4f13a3d240b94ade2ac4394c0ee0e79b5472b22b	-	3e5db06ddeb7d31de992edfecccb5db8a1b4f5d0bf6437e10b6883e6d0fe4050	historical-touchscreen-client	exact-reviewed-endpoint-blob-reuse	corroborates	functional/who-8-video-door-entry-telephony/README.md	Every changed endpoint blob is identical to a core-ledger source/test endpoint already semantically reviewed; merge/removal adds no unreviewed file implementation; integration combinations not executed
libqtdevices	a4537cb0c7ccc05273582f983389748072ce7249	f2e1741540471f633bc29f21cc10f6d3430f2a1e	devices/message_device.cpp	0000000000000000000000000000000000000000	bddb40234e49a4e06b5f43e7670164aebf00566d	-	16a4339e03de82bfeeed6194ff2bdbb1839644d8d01b52e0205967207662daf9	historical-touchscreen-client	exact-reviewed-endpoint-blob-reuse	corroborates	functional/who-8-video-door-entry-telephony/README.md	Every changed endpoint blob is identical to a core-ledger source/test endpoint already semantically reviewed; merge/removal adds no unreviewed file implementation; integration combinations not executed
libqtdevices	a4537cb0c7ccc05273582f983389748072ce7249	f2e1741540471f633bc29f21cc10f6d3430f2a1e	devices/message_device.h	0000000000000000000000000000000000000000	df426827860eceea50de63dd5fd6edb206a43687	-	7e74c8e8e40aa7b11bcc0d9917bf68806addfc20bcb2bcd7a44d1c2da29f9190	historical-touchscreen-client	exact-reviewed-endpoint-blob-reuse	corroborates	functional/who-8-video-door-entry-telephony/README.md	Every changed endpoint blob is identical to a core-ledger source/test endpoint already semantically reviewed; merge/removal adds no unreviewed file implementation; integration combinations not executed
libqtdevices	a4537cb0c7ccc05273582f983389748072ce7249	f2e1741540471f633bc29f21cc10f6d3430f2a1e	devices/test/test_entryphone_device.cpp	0000000000000000000000000000000000000000	4b70dc629ef288e9cf208b738236a5ba1b89f599	-	53a6bada2903bd99d6323b153eae32099c264b1c309bfd69e358a99835cbbec6	historical-touchscreen-client	exact-reviewed-endpoint-blob-reuse	corroborates	functional/who-8-video-door-entry-telephony/README.md	Every changed endpoint blob is identical to a core-ledger source/test endpoint already semantically reviewed; merge/removal adds no unreviewed file implementation; integration combinations not executed
libqtdevices	a4537cb0c7ccc05273582f983389748072ce7249	f2e1741540471f633bc29f21cc10f6d3430f2a1e	devices/test/test_entryphone_device.h	0000000000000000000000000000000000000000	d189823e5b372a2f128429e960ab3cbf7a64651a	-	92bb28c9175dfe37cb2f9543ed33a00f0135793ade3ddbdfec41509adcc5f35c	historical-touchscreen-client	exact-reviewed-endpoint-blob-reuse	corroborates	functional/who-8-video-door-entry-telephony/README.md	Every changed endpoint blob is identical to a core-ledger source/test endpoint already semantically reviewed; merge/removal adds no unreviewed file implementation; integration combinations not executed
libqtdevices	a4537cb0c7ccc05273582f983389748072ce7249	f2e1741540471f633bc29f21cc10f6d3430f2a1e	devices/test/test_message_device.cpp	0000000000000000000000000000000000000000	595424b46fa1489496e911903ca61d5082d67080	-	bfa5315b7a12e7920d9946b7d099299933702c3c797678f7c6fc7fcda5c92f2a	historical-touchscreen-client	exact-reviewed-endpoint-blob-reuse	corroborates	functional/who-8-video-door-entry-telephony/README.md	Every changed endpoint blob is identical to a core-ledger source/test endpoint already semantically reviewed; merge/removal adds no unreviewed file implementation; integration combinations not executed
libqtdevices	a4537cb0c7ccc05273582f983389748072ce7249	f2e1741540471f633bc29f21cc10f6d3430f2a1e	devices/test/test_message_device.h	0000000000000000000000000000000000000000	66048fd7d56df53bc46748f08c45f1239fd19562	-	57cd0eed716e87eb3a93834238890563a436a8b4a4e3d226fe24e365b220f1c0	historical-touchscreen-client	exact-reviewed-endpoint-blob-reuse	corroborates	functional/who-8-video-door-entry-telephony/README.md	Every changed endpoint blob is identical to a core-ledger source/test endpoint already semantically reviewed; merge/removal adds no unreviewed file implementation; integration combinations not executed
libqtdevices	a6587ecfcb7b994effcbe2415eb2fed1dcd11165	9d4516786ff9401c2bc6e4c27225b6f67bdfde3f	devices/entryphone_device.cpp	0000000000000000000000000000000000000000	be6de94f9999cf9653435c0dd6535cf4943a1158	-	f85abe96d66e490a0e6e00edf2ad8246b8922a12a1b9bf36dfb60f7371364c6b	historical-touchscreen-client	exact-reviewed-endpoint-blob-reuse	corroborates	functional/who-8-video-door-entry-telephony/README.md	Every changed endpoint blob is identical to a core-ledger source/test endpoint already semantically reviewed; merge/removal adds no unreviewed file implementation; integration combinations not executed
libqtdevices	a6587ecfcb7b994effcbe2415eb2fed1dcd11165	9d4516786ff9401c2bc6e4c27225b6f67bdfde3f	devices/entryphone_device.h	0000000000000000000000000000000000000000	4f13a3d240b94ade2ac4394c0ee0e79b5472b22b	-	3e5db06ddeb7d31de992edfecccb5db8a1b4f5d0bf6437e10b6883e6d0fe4050	historical-touchscreen-client	exact-reviewed-endpoint-blob-reuse	corroborates	functional/who-8-video-door-entry-telephony/README.md	Every changed endpoint blob is identical to a core-ledger source/test endpoint already semantically reviewed; merge/removal adds no unreviewed file implementation; integration combinations not executed
libqtdevices	a6587ecfcb7b994effcbe2415eb2fed1dcd11165	9d4516786ff9401c2bc6e4c27225b6f67bdfde3f	devices/message_device.cpp	0000000000000000000000000000000000000000	0f4e033bd579f8ac38cd794f5e6831ad9f72e5fb	-	667a55f146ede2db40a6a53d00ce206395bb8cd7f5e0a854569ff9bd1bfc5d13	historical-touchscreen-client	exact-reviewed-endpoint-blob-reuse	corroborates	functional/who-8-video-door-entry-telephony/README.md	Every changed endpoint blob is identical to a core-ledger source/test endpoint already semantically reviewed; merge/removal adds no unreviewed file implementation; integration combinations not executed
libqtdevices	a6587ecfcb7b994effcbe2415eb2fed1dcd11165	9d4516786ff9401c2bc6e4c27225b6f67bdfde3f	devices/message_device.h	0000000000000000000000000000000000000000	97889dd67b929b44184944a37b8b3f9357e3943e	-	a4dca748b1c4c0ff0ea6897a8c2af6d58082d3c53160736ded4d730c6f341048	historical-touchscreen-client	exact-reviewed-endpoint-blob-reuse	corroborates	functional/who-8-video-door-entry-telephony/README.md	Every changed endpoint blob is identical to a core-ledger source/test endpoint already semantically reviewed; merge/removal adds no unreviewed file implementation; integration combinations not executed
libqtdevices	a6587ecfcb7b994effcbe2415eb2fed1dcd11165	9d4516786ff9401c2bc6e4c27225b6f67bdfde3f	devices/test/test_entryphone_device.cpp	0000000000000000000000000000000000000000	4b70dc629ef288e9cf208b738236a5ba1b89f599	-	53a6bada2903bd99d6323b153eae32099c264b1c309bfd69e358a99835cbbec6	historical-touchscreen-client	exact-reviewed-endpoint-blob-reuse	corroborates	functional/who-8-video-door-entry-telephony/README.md	Every changed endpoint blob is identical to a core-ledger source/test endpoint already semantically reviewed; merge/removal adds no unreviewed file implementation; integration combinations not executed
libqtdevices	a6587ecfcb7b994effcbe2415eb2fed1dcd11165	9d4516786ff9401c2bc6e4c27225b6f67bdfde3f	devices/test/test_entryphone_device.h	0000000000000000000000000000000000000000	d189823e5b372a2f128429e960ab3cbf7a64651a	-	92bb28c9175dfe37cb2f9543ed33a00f0135793ade3ddbdfec41509adcc5f35c	historical-touchscreen-client	exact-reviewed-endpoint-blob-reuse	corroborates	functional/who-8-video-door-entry-telephony/README.md	Every changed endpoint blob is identical to a core-ledger source/test endpoint already semantically reviewed; merge/removal adds no unreviewed file implementation; integration combinations not executed
libqtdevices	a6587ecfcb7b994effcbe2415eb2fed1dcd11165	9d4516786ff9401c2bc6e4c27225b6f67bdfde3f	devices/test/test_message_device.cpp	0000000000000000000000000000000000000000	b2d358bc2b085b380fc80176911acbe8437d7ea9	-	0faa551c53f230f1cf92c6b0342e4502b6d27b6703a85711d740fbc31d83613b	historical-touchscreen-client	exact-reviewed-endpoint-blob-reuse	corroborates	functional/who-8-video-door-entry-telephony/README.md	Every changed endpoint blob is identical to a core-ledger source/test endpoint already semantically reviewed; merge/removal adds no unreviewed file implementation; integration combinations not executed
libqtdevices	a6587ecfcb7b994effcbe2415eb2fed1dcd11165	9d4516786ff9401c2bc6e4c27225b6f67bdfde3f	devices/test/test_message_device.h	0000000000000000000000000000000000000000	0966855ab4924d9401e093b2ceca82fcbd2d96ba	-	afbfd1b4a58d9ec1624807f93235f208fded8c39234d02bfde51922dcbc23abe	historical-touchscreen-client	exact-reviewed-endpoint-blob-reuse	corroborates	functional/who-8-video-door-entry-telephony/README.md	Every changed endpoint blob is identical to a core-ledger source/test endpoint already semantically reviewed; merge/removal adds no unreviewed file implementation; integration combinations not executed
libqtdevices	51274c713f5b9553a2716a573108ce0406ffe554	690f2c0a6b3e2345b65011acfd8d1cdaca2996ac	devices/message_device.cpp	e661adf38537c044dd36a8481e4f4be77e3f07df	0f4e033bd579f8ac38cd794f5e6831ad9f72e5fb	d316bdf998a97762072c715a7c5b10821397416c8d4cbf4420c2c3abb3bd1bdc	667a55f146ede2db40a6a53d00ce206395bb8cd7f5e0a854569ff9bd1bfc5d13	historical-touchscreen-client	exact-reviewed-endpoint-blob-reuse	corroborates	functional/who-8-video-door-entry-telephony/README.md	Every changed endpoint blob is identical to a core-ledger source/test endpoint already semantically reviewed; merge/removal adds no unreviewed file implementation; integration combinations not executed
libqtdevices	51274c713f5b9553a2716a573108ce0406ffe554	690f2c0a6b3e2345b65011acfd8d1cdaca2996ac	devices/test/test_message_device.cpp	595424b46fa1489496e911903ca61d5082d67080	b2d358bc2b085b380fc80176911acbe8437d7ea9	bfa5315b7a12e7920d9946b7d099299933702c3c797678f7c6fc7fcda5c92f2a	0faa551c53f230f1cf92c6b0342e4502b6d27b6703a85711d740fbc31d83613b	historical-touchscreen-client	exact-reviewed-endpoint-blob-reuse	corroborates	functional/who-8-video-door-entry-telephony/README.md	Every changed endpoint blob is identical to a core-ledger source/test endpoint already semantically reviewed; merge/removal adds no unreviewed file implementation; integration combinations not executed
libqtdevices	51274c713f5b9553a2716a573108ce0406ffe554	690f2c0a6b3e2345b65011acfd8d1cdaca2996ac	devices/test/test_message_device.h	66048fd7d56df53bc46748f08c45f1239fd19562	0966855ab4924d9401e093b2ceca82fcbd2d96ba	57cd0eed716e87eb3a93834238890563a436a8b4a4e3d226fe24e365b220f1c0	afbfd1b4a58d9ec1624807f93235f208fded8c39234d02bfde51922dcbc23abe	historical-touchscreen-client	exact-reviewed-endpoint-blob-reuse	corroborates	functional/who-8-video-door-entry-telephony/README.md	Every changed endpoint blob is identical to a core-ledger source/test endpoint already semantically reviewed; merge/removal adds no unreviewed file implementation; integration combinations not executed
libqtdevices	c5e811361ef67d5ed4adb5d223490b81d165d6a9	ded5f9dd4d58b2d169d0d80c4099c72abae0f9c3	devices/message_device.cpp	d0c7b3af7fd96e51dbf31c1ac3baa622ac216fa5	bddb40234e49a4e06b5f43e7670164aebf00566d	c5513b6fde7ed0d6750ec113941a8e5f7d3fd073a65e2b398a609536578d4b53	16a4339e03de82bfeeed6194ff2bdbb1839644d8d01b52e0205967207662daf9	historical-touchscreen-client	exact-reviewed-endpoint-blob-reuse	corroborates	functional/who-8-video-door-entry-telephony/README.md	Every changed endpoint blob is identical to a core-ledger source/test endpoint already semantically reviewed; merge/removal adds no unreviewed file implementation; integration combinations not executed
libqtdevices	6c5261b2ed9112545d51cc35e47c2c6be06de2db	0377110161a81096ac22af9873c9f35a30f6bda1	devices/entryphone_device.cpp	4b6028681f3c6947c788f59d43c6c002cc0bfddc	2efe1b60f8f40dcac4bdaa8a653ac6001a962d92	5d488c2d20593417fb4758bc092e940c2f2e366b522df9f4a4edce6ae2ca2fcb	f464c81cea5e9a0845a95c7905a0dc83fcfb5137ea51cd095e86b76a042940bf	historical-touchscreen-client	exact-reviewed-endpoint-blob-reuse	corroborates	functional/who-8-video-door-entry-telephony/README.md	Every changed endpoint blob is identical to a core-ledger source/test endpoint already semantically reviewed; merge/removal adds no unreviewed file implementation; integration combinations not executed
libqtdevices	6c5261b2ed9112545d51cc35e47c2c6be06de2db	0377110161a81096ac22af9873c9f35a30f6bda1	devices/message_device.cpp	203859e984feba8128c3bacc202e9007bb0fbf3f	d0c7b3af7fd96e51dbf31c1ac3baa622ac216fa5	c865cfce93884bfcca3e21fdac25e12e31529c29eb1168d9f486964d556bc32f	c5513b6fde7ed0d6750ec113941a8e5f7d3fd073a65e2b398a609536578d4b53	historical-touchscreen-client	exact-reviewed-endpoint-blob-reuse	corroborates	functional/who-8-video-door-entry-telephony/README.md	Every changed endpoint blob is identical to a core-ledger source/test endpoint already semantically reviewed; merge/removal adds no unreviewed file implementation; integration combinations not executed
libqtdevices	6c5261b2ed9112545d51cc35e47c2c6be06de2db	0377110161a81096ac22af9873c9f35a30f6bda1	devices/message_device.h	24c14aa5556b86c565a97041b5f377fecccb4b15	df426827860eceea50de63dd5fd6edb206a43687	d242d1efd367e639906391aa52b17e218dc30b817415a589d45ab2f40499dbcc	7e74c8e8e40aa7b11bcc0d9917bf68806addfc20bcb2bcd7a44d1c2da29f9190	historical-touchscreen-client	exact-reviewed-endpoint-blob-reuse	corroborates	functional/who-8-video-door-entry-telephony/README.md	Every changed endpoint blob is identical to a core-ledger source/test endpoint already semantically reviewed; merge/removal adds no unreviewed file implementation; integration combinations not executed
libqtdevices	892589789da5b71fa568d30abd9ab1cf0a8b989a	7d23634b04d736f242d07d1e74f298e1ed14639f	devices/message_device.cpp	6017c869827dff44f5868eb61de7c96117cb2ac5	203859e984feba8128c3bacc202e9007bb0fbf3f	5e8534749ff6bf0cfd1835762efe860663cd3702ce2191ad55d70b4a5cd4b983	c865cfce93884bfcca3e21fdac25e12e31529c29eb1168d9f486964d556bc32f	historical-touchscreen-client	exact-reviewed-endpoint-blob-reuse	corroborates	functional/who-8-video-door-entry-telephony/README.md	Every changed endpoint blob is identical to a core-ledger source/test endpoint already semantically reviewed; merge/removal adds no unreviewed file implementation; integration combinations not executed
libqtdevices	892589789da5b71fa568d30abd9ab1cf0a8b989a	7d23634b04d736f242d07d1e74f298e1ed14639f	devices/message_device.h	9640661edaf150deb77393ef7093df3c4ddf3743	24c14aa5556b86c565a97041b5f377fecccb4b15	d65ac3607a22921c7dbb7ae80f69ec1e7d9468f1168e45460fa78547c91e69c7	d242d1efd367e639906391aa52b17e218dc30b817415a589d45ab2f40499dbcc	historical-touchscreen-client	exact-reviewed-endpoint-blob-reuse	corroborates	functional/who-8-video-door-entry-telephony/README.md	Every changed endpoint blob is identical to a core-ledger source/test endpoint already semantically reviewed; merge/removal adds no unreviewed file implementation; integration combinations not executed
libqtdevices	64066339121df795ce597732ddacbce3530fbc81	881f4fa20cbe630847d898ebd0eec211c1767316	devices/message_device.cpp	e82c183f6ef2d59a7747658005b000d25b98efbf	6017c869827dff44f5868eb61de7c96117cb2ac5	97697a5d62f6de9d9a215a835a23a8df11f793718eb5e5d006fb0f1581821d9b	5e8534749ff6bf0cfd1835762efe860663cd3702ce2191ad55d70b4a5cd4b983	historical-touchscreen-client	exact-reviewed-endpoint-blob-reuse	corroborates	functional/who-8-video-door-entry-telephony/README.md	Every changed endpoint blob is identical to a core-ledger source/test endpoint already semantically reviewed; merge/removal adds no unreviewed file implementation; integration combinations not executed
libqtdevices	64066339121df795ce597732ddacbce3530fbc81	881f4fa20cbe630847d898ebd0eec211c1767316	devices/message_device.h	9af0511beab3049f57fa08ba6f395b18a8144b01	9640661edaf150deb77393ef7093df3c4ddf3743	a7499bdb80b08e63b15756f039e89e3e549e0ccadc2865e83c8b330e0dd4a426	d65ac3607a22921c7dbb7ae80f69ec1e7d9468f1168e45460fa78547c91e69c7	historical-touchscreen-client	exact-reviewed-endpoint-blob-reuse	corroborates	functional/who-8-video-door-entry-telephony/README.md	Every changed endpoint blob is identical to a core-ledger source/test endpoint already semantically reviewed; merge/removal adds no unreviewed file implementation; integration combinations not executed
libqtdevices	64066339121df795ce597732ddacbce3530fbc81	881f4fa20cbe630847d898ebd0eec211c1767316	devices/test/test_message_device.cpp	06b9f56e735bc55b0c806d1480cf234cef79119a	595424b46fa1489496e911903ca61d5082d67080	0975549a47e8226c6ccf79916e7e6068c8f41dabccc88136ea1161e94d020250	bfa5315b7a12e7920d9946b7d099299933702c3c797678f7c6fc7fcda5c92f2a	historical-touchscreen-client	exact-reviewed-endpoint-blob-reuse	corroborates	functional/who-8-video-door-entry-telephony/README.md	Every changed endpoint blob is identical to a core-ledger source/test endpoint already semantically reviewed; merge/removal adds no unreviewed file implementation; integration combinations not executed
libqtdevices	64066339121df795ce597732ddacbce3530fbc81	881f4fa20cbe630847d898ebd0eec211c1767316	devices/test/test_message_device.h	5a6d7f2ae7c273926ae127ecaa35248313e8fb5e	66048fd7d56df53bc46748f08c45f1239fd19562	369792f7cdc3d33523fc170299a83ae1291fad049f7b67a9e3c4cd12820892da	57cd0eed716e87eb3a93834238890563a436a8b4a4e3d226fe24e365b220f1c0	historical-touchscreen-client	exact-reviewed-endpoint-blob-reuse	corroborates	functional/who-8-video-door-entry-telephony/README.md	Every changed endpoint blob is identical to a core-ledger source/test endpoint already semantically reviewed; merge/removal adds no unreviewed file implementation; integration combinations not executed
libqtdevices	c93bb18d687af5c32853547b4eb219532be78c1f	03641bbb081223aae812af097af915c86380b16a	devices/message_device.cpp	36c3adb168222ea9ede5ca05126276fff0dad932	6017c869827dff44f5868eb61de7c96117cb2ac5	2e4d9d12ab9aa16b56044730255ac0f8b6a1c07cc407a2976b5c52c7faf72791	5e8534749ff6bf0cfd1835762efe860663cd3702ce2191ad55d70b4a5cd4b983	historical-touchscreen-client	exact-reviewed-endpoint-blob-reuse	corroborates	functional/who-8-video-door-entry-telephony/README.md	Every changed endpoint blob is identical to a core-ledger source/test endpoint already semantically reviewed; merge/removal adds no unreviewed file implementation; integration combinations not executed
libqtdevices	c93bb18d687af5c32853547b4eb219532be78c1f	03641bbb081223aae812af097af915c86380b16a	devices/message_device.h	c49f5af9e1c393e14a35a3525d2975608c0ca710	9640661edaf150deb77393ef7093df3c4ddf3743	720bdf8f90147a59ce8a88afe1a4236436ca8f2e702e8345fe83c502e999da31	d65ac3607a22921c7dbb7ae80f69ec1e7d9468f1168e45460fa78547c91e69c7	historical-touchscreen-client	exact-reviewed-endpoint-blob-reuse	corroborates	functional/who-8-video-door-entry-telephony/README.md	Every changed endpoint blob is identical to a core-ledger source/test endpoint already semantically reviewed; merge/removal adds no unreviewed file implementation; integration combinations not executed
libqtdevices	c93bb18d687af5c32853547b4eb219532be78c1f	03641bbb081223aae812af097af915c86380b16a	devices/test/test_message_device.cpp	5bc5f4ff7ad3ce0e4bc186e95a5090dc2871c42a	595424b46fa1489496e911903ca61d5082d67080	9ce6c8363d1d7ad91f81b3f64275b181a63b6546e295bd6cf0b70dfe44118287	bfa5315b7a12e7920d9946b7d099299933702c3c797678f7c6fc7fcda5c92f2a	historical-touchscreen-client	exact-reviewed-endpoint-blob-reuse	corroborates	functional/who-8-video-door-entry-telephony/README.md	Every changed endpoint blob is identical to a core-ledger source/test endpoint already semantically reviewed; merge/removal adds no unreviewed file implementation; integration combinations not executed
libqtdevices	49a1ea0b01d3d2364d7c8e3733d0581d99f8ece6	7790ef77e577f4882ce34fe2d745d4e7614b40f7	devices/message_device.cpp	b99afc0607e9e9637e0940c06773f32dd76583d3	3051c29a4b2dc34583b8cc0891713eb4cf79e728	98c09262bbfe3eed3291bc32a18187991c679f895f989b4d9f184f5dc39f4b3f	ff6a8dfcaac46f2ab077d3c9c889d805a77508f4326f50be895ec1834d4d48a1	historical-touchscreen-client	exact-reviewed-endpoint-blob-reuse	corroborates	functional/who-8-video-door-entry-telephony/README.md	Every changed endpoint blob is identical to a core-ledger source/test endpoint already semantically reviewed; merge/removal adds no unreviewed file implementation; integration combinations not executed
libqtdevices	347b14f81a87ba3299794fff33411a6adbb1c23a	6cc5efc59517aa216809939a33d68a44cc92d587	devices/entryphone_device.cpp	0000000000000000000000000000000000000000	4b6028681f3c6947c788f59d43c6c002cc0bfddc	-	5d488c2d20593417fb4758bc092e940c2f2e366b522df9f4a4edce6ae2ca2fcb	historical-touchscreen-client	exact-reviewed-endpoint-blob-reuse	corroborates	functional/who-8-video-door-entry-telephony/README.md	Every changed endpoint blob is identical to a core-ledger source/test endpoint already semantically reviewed; merge/removal adds no unreviewed file implementation; integration combinations not executed
libqtdevices	347b14f81a87ba3299794fff33411a6adbb1c23a	6cc5efc59517aa216809939a33d68a44cc92d587	devices/entryphone_device.h	0000000000000000000000000000000000000000	4f13a3d240b94ade2ac4394c0ee0e79b5472b22b	-	3e5db06ddeb7d31de992edfecccb5db8a1b4f5d0bf6437e10b6883e6d0fe4050	historical-touchscreen-client	exact-reviewed-endpoint-blob-reuse	corroborates	functional/who-8-video-door-entry-telephony/README.md	Every changed endpoint blob is identical to a core-ledger source/test endpoint already semantically reviewed; merge/removal adds no unreviewed file implementation; integration combinations not executed
libqtdevices	347b14f81a87ba3299794fff33411a6adbb1c23a	6cc5efc59517aa216809939a33d68a44cc92d587	devices/message_device.cpp	0000000000000000000000000000000000000000	b99afc0607e9e9637e0940c06773f32dd76583d3	-	98c09262bbfe3eed3291bc32a18187991c679f895f989b4d9f184f5dc39f4b3f	historical-touchscreen-client	exact-reviewed-endpoint-blob-reuse	corroborates	functional/who-8-video-door-entry-telephony/README.md	Every changed endpoint blob is identical to a core-ledger source/test endpoint already semantically reviewed; merge/removal adds no unreviewed file implementation; integration combinations not executed
libqtdevices	347b14f81a87ba3299794fff33411a6adbb1c23a	6cc5efc59517aa216809939a33d68a44cc92d587	devices/message_device.h	0000000000000000000000000000000000000000	bacb1538d907363dee673c41add46c53f94281e4	-	5e3b32cfd94f7573353dcffdf1dbcc08589caa815c08543d1b98e4e95c649ec9	historical-touchscreen-client	exact-reviewed-endpoint-blob-reuse	corroborates	functional/who-8-video-door-entry-telephony/README.md	Every changed endpoint blob is identical to a core-ledger source/test endpoint already semantically reviewed; merge/removal adds no unreviewed file implementation; integration combinations not executed
libqtdevices	347b14f81a87ba3299794fff33411a6adbb1c23a	6cc5efc59517aa216809939a33d68a44cc92d587	devices/test/test_entryphone_device.cpp	0000000000000000000000000000000000000000	4b70dc629ef288e9cf208b738236a5ba1b89f599	-	53a6bada2903bd99d6323b153eae32099c264b1c309bfd69e358a99835cbbec6	historical-touchscreen-client	exact-reviewed-endpoint-blob-reuse	corroborates	functional/who-8-video-door-entry-telephony/README.md	Every changed endpoint blob is identical to a core-ledger source/test endpoint already semantically reviewed; merge/removal adds no unreviewed file implementation; integration combinations not executed
libqtdevices	347b14f81a87ba3299794fff33411a6adbb1c23a	6cc5efc59517aa216809939a33d68a44cc92d587	devices/test/test_entryphone_device.h	0000000000000000000000000000000000000000	d189823e5b372a2f128429e960ab3cbf7a64651a	-	92bb28c9175dfe37cb2f9543ed33a00f0135793ade3ddbdfec41509adcc5f35c	historical-touchscreen-client	exact-reviewed-endpoint-blob-reuse	corroborates	functional/who-8-video-door-entry-telephony/README.md	Every changed endpoint blob is identical to a core-ledger source/test endpoint already semantically reviewed; merge/removal adds no unreviewed file implementation; integration combinations not executed
libqtdevices	347b14f81a87ba3299794fff33411a6adbb1c23a	6cc5efc59517aa216809939a33d68a44cc92d587	devices/test/test_message_device.cpp	0000000000000000000000000000000000000000	06b9f56e735bc55b0c806d1480cf234cef79119a	-	0975549a47e8226c6ccf79916e7e6068c8f41dabccc88136ea1161e94d020250	historical-touchscreen-client	exact-reviewed-endpoint-blob-reuse	corroborates	functional/who-8-video-door-entry-telephony/README.md	Every changed endpoint blob is identical to a core-ledger source/test endpoint already semantically reviewed; merge/removal adds no unreviewed file implementation; integration combinations not executed
libqtdevices	347b14f81a87ba3299794fff33411a6adbb1c23a	6cc5efc59517aa216809939a33d68a44cc92d587	devices/test/test_message_device.h	0000000000000000000000000000000000000000	5a6d7f2ae7c273926ae127ecaa35248313e8fb5e	-	369792f7cdc3d33523fc170299a83ae1291fad049f7b67a9e3c4cd12820892da	historical-touchscreen-client	exact-reviewed-endpoint-blob-reuse	corroborates	functional/who-8-video-door-entry-telephony/README.md	Every changed endpoint blob is identical to a core-ledger source/test endpoint already semantically reviewed; merge/removal adds no unreviewed file implementation; integration combinations not executed
libqtdevices	34736f3182e4388a267f4f22004833a7b7f73d0b	af13e1739c422d57622e44eeaa0dbfc8338a8a0f	devices/entryphone_device.cpp	e31c715fa425c1437beaa1522a803f58fa8827a0	4b6028681f3c6947c788f59d43c6c002cc0bfddc	334732ebe80a1d235dedecf5b92a3155fb499612bfd1d9a20b359252ab6a8c88	5d488c2d20593417fb4758bc092e940c2f2e366b522df9f4a4edce6ae2ca2fcb	historical-touchscreen-client	exact-reviewed-endpoint-blob-reuse	corroborates	functional/who-8-video-door-entry-telephony/README.md	Every changed endpoint blob is identical to a core-ledger source/test endpoint already semantically reviewed; merge/removal adds no unreviewed file implementation; integration combinations not executed
libqtdevices	a83ad6ff25399ab6169af2e93ec6df7fe6a17a39	c19b55cc6501cb924987c5231bbb671a8723b4f9	devices/entryphone_device.cpp	0000000000000000000000000000000000000000	e31c715fa425c1437beaa1522a803f58fa8827a0	-	334732ebe80a1d235dedecf5b92a3155fb499612bfd1d9a20b359252ab6a8c88	historical-touchscreen-client	exact-reviewed-endpoint-blob-reuse	corroborates	functional/who-8-video-door-entry-telephony/README.md	Every changed endpoint blob is identical to a core-ledger source/test endpoint already semantically reviewed; merge/removal adds no unreviewed file implementation; integration combinations not executed
libqtdevices	a83ad6ff25399ab6169af2e93ec6df7fe6a17a39	c19b55cc6501cb924987c5231bbb671a8723b4f9	devices/entryphone_device.h	0000000000000000000000000000000000000000	4f13a3d240b94ade2ac4394c0ee0e79b5472b22b	-	3e5db06ddeb7d31de992edfecccb5db8a1b4f5d0bf6437e10b6883e6d0fe4050	historical-touchscreen-client	exact-reviewed-endpoint-blob-reuse	corroborates	functional/who-8-video-door-entry-telephony/README.md	Every changed endpoint blob is identical to a core-ledger source/test endpoint already semantically reviewed; merge/removal adds no unreviewed file implementation; integration combinations not executed
libqtdevices	a83ad6ff25399ab6169af2e93ec6df7fe6a17a39	c19b55cc6501cb924987c5231bbb671a8723b4f9	devices/message_device.cpp	0000000000000000000000000000000000000000	b99afc0607e9e9637e0940c06773f32dd76583d3	-	98c09262bbfe3eed3291bc32a18187991c679f895f989b4d9f184f5dc39f4b3f	historical-touchscreen-client	exact-reviewed-endpoint-blob-reuse	corroborates	functional/who-8-video-door-entry-telephony/README.md	Every changed endpoint blob is identical to a core-ledger source/test endpoint already semantically reviewed; merge/removal adds no unreviewed file implementation; integration combinations not executed
libqtdevices	a83ad6ff25399ab6169af2e93ec6df7fe6a17a39	c19b55cc6501cb924987c5231bbb671a8723b4f9	devices/message_device.h	0000000000000000000000000000000000000000	bacb1538d907363dee673c41add46c53f94281e4	-	5e3b32cfd94f7573353dcffdf1dbcc08589caa815c08543d1b98e4e95c649ec9	historical-touchscreen-client	exact-reviewed-endpoint-blob-reuse	corroborates	functional/who-8-video-door-entry-telephony/README.md	Every changed endpoint blob is identical to a core-ledger source/test endpoint already semantically reviewed; merge/removal adds no unreviewed file implementation; integration combinations not executed
libqtdevices	a83ad6ff25399ab6169af2e93ec6df7fe6a17a39	c19b55cc6501cb924987c5231bbb671a8723b4f9	devices/test/test_entryphone_device.cpp	0000000000000000000000000000000000000000	4b70dc629ef288e9cf208b738236a5ba1b89f599	-	53a6bada2903bd99d6323b153eae32099c264b1c309bfd69e358a99835cbbec6	historical-touchscreen-client	exact-reviewed-endpoint-blob-reuse	corroborates	functional/who-8-video-door-entry-telephony/README.md	Every changed endpoint blob is identical to a core-ledger source/test endpoint already semantically reviewed; merge/removal adds no unreviewed file implementation; integration combinations not executed
libqtdevices	a83ad6ff25399ab6169af2e93ec6df7fe6a17a39	c19b55cc6501cb924987c5231bbb671a8723b4f9	devices/test/test_entryphone_device.h	0000000000000000000000000000000000000000	d189823e5b372a2f128429e960ab3cbf7a64651a	-	92bb28c9175dfe37cb2f9543ed33a00f0135793ade3ddbdfec41509adcc5f35c	historical-touchscreen-client	exact-reviewed-endpoint-blob-reuse	corroborates	functional/who-8-video-door-entry-telephony/README.md	Every changed endpoint blob is identical to a core-ledger source/test endpoint already semantically reviewed; merge/removal adds no unreviewed file implementation; integration combinations not executed
libqtdevices	a83ad6ff25399ab6169af2e93ec6df7fe6a17a39	c19b55cc6501cb924987c5231bbb671a8723b4f9	devices/test/test_message_device.cpp	0000000000000000000000000000000000000000	06b9f56e735bc55b0c806d1480cf234cef79119a	-	0975549a47e8226c6ccf79916e7e6068c8f41dabccc88136ea1161e94d020250	historical-touchscreen-client	exact-reviewed-endpoint-blob-reuse	corroborates	functional/who-8-video-door-entry-telephony/README.md	Every changed endpoint blob is identical to a core-ledger source/test endpoint already semantically reviewed; merge/removal adds no unreviewed file implementation; integration combinations not executed
libqtdevices	a83ad6ff25399ab6169af2e93ec6df7fe6a17a39	c19b55cc6501cb924987c5231bbb671a8723b4f9	devices/test/test_message_device.h	0000000000000000000000000000000000000000	5a6d7f2ae7c273926ae127ecaa35248313e8fb5e	-	369792f7cdc3d33523fc170299a83ae1291fad049f7b67a9e3c4cd12820892da	historical-touchscreen-client	exact-reviewed-endpoint-blob-reuse	corroborates	functional/who-8-video-door-entry-telephony/README.md	Every changed endpoint blob is identical to a core-ledger source/test endpoint already semantically reviewed; merge/removal adds no unreviewed file implementation; integration combinations not executed
libqtdevices	53742c62c5a2b23072328b6bc8ec26af7adbf7f0	877f7e47e1d49360becaf360176d661f9e1e7762	devices/entryphone_device.cpp	adf7cf23271abdbbf1deea47c424a8a3fd358d6e	e31c715fa425c1437beaa1522a803f58fa8827a0	a5c0f7dc607285897260c05191332081f08fb85ec06a2df68c002ea9e1ea04a0	334732ebe80a1d235dedecf5b92a3155fb499612bfd1d9a20b359252ab6a8c88	historical-touchscreen-client	exact-reviewed-endpoint-blob-reuse	corroborates	functional/who-8-video-door-entry-telephony/README.md	Every changed endpoint blob is identical to a core-ledger source/test endpoint already semantically reviewed; merge/removal adds no unreviewed file implementation; integration combinations not executed
libqtdevices	53742c62c5a2b23072328b6bc8ec26af7adbf7f0	877f7e47e1d49360becaf360176d661f9e1e7762	devices/message_device.cpp	0d0b7c6088e20d19db3251868b54deb27380d3ec	b99afc0607e9e9637e0940c06773f32dd76583d3	6eaf6f9b28372713fda81bd4ff0c15419eaebf8fb345b241f178e58f3a82c572	98c09262bbfe3eed3291bc32a18187991c679f895f989b4d9f184f5dc39f4b3f	historical-touchscreen-client	exact-reviewed-endpoint-blob-reuse	corroborates	functional/who-8-video-door-entry-telephony/README.md	Every changed endpoint blob is identical to a core-ledger source/test endpoint already semantically reviewed; merge/removal adds no unreviewed file implementation; integration combinations not executed
libqtdevices	53742c62c5a2b23072328b6bc8ec26af7adbf7f0	877f7e47e1d49360becaf360176d661f9e1e7762	devices/message_device.h	281ed05e7193a2088c791044f4c7fe8d50d5fbee	bacb1538d907363dee673c41add46c53f94281e4	8435594ef70a50428165bb0992235c7af5decb93fce158aeadda65b19a4c9b0f	5e3b32cfd94f7573353dcffdf1dbcc08589caa815c08543d1b98e4e95c649ec9	historical-touchscreen-client	exact-reviewed-endpoint-blob-reuse	corroborates	functional/who-8-video-door-entry-telephony/README.md	Every changed endpoint blob is identical to a core-ledger source/test endpoint already semantically reviewed; merge/removal adds no unreviewed file implementation; integration combinations not executed
libqtdevices	53742c62c5a2b23072328b6bc8ec26af7adbf7f0	877f7e47e1d49360becaf360176d661f9e1e7762	devices/test/test_message_device.cpp	c83b442a17acc4a2c93bc75a1130fcf104192c7b	06b9f56e735bc55b0c806d1480cf234cef79119a	7b6bd04ca410f879e39c35d98eabe1535e702b3b320aa85fa1d0529978443cc1	0975549a47e8226c6ccf79916e7e6068c8f41dabccc88136ea1161e94d020250	historical-touchscreen-client	exact-reviewed-endpoint-blob-reuse	corroborates	functional/who-8-video-door-entry-telephony/README.md	Every changed endpoint blob is identical to a core-ledger source/test endpoint already semantically reviewed; merge/removal adds no unreviewed file implementation; integration combinations not executed
libqtdevices	53742c62c5a2b23072328b6bc8ec26af7adbf7f0	877f7e47e1d49360becaf360176d661f9e1e7762	devices/test/test_message_device.h	9696cfb62e2d0fa3ea9a6e91cd48cfa38d1f8a72	5a6d7f2ae7c273926ae127ecaa35248313e8fb5e	873178cf59824479624cdd5c3f653bc39f3412afa968539420b73ab4473c3d34	369792f7cdc3d33523fc170299a83ae1291fad049f7b67a9e3c4cd12820892da	historical-touchscreen-client	exact-reviewed-endpoint-blob-reuse	corroborates	functional/who-8-video-door-entry-telephony/README.md	Every changed endpoint blob is identical to a core-ledger source/test endpoint already semantically reviewed; merge/removal adds no unreviewed file implementation; integration combinations not executed
libqtdevices	877f7e47e1d49360becaf360176d661f9e1e7762	239bb0727454e55172b0a2d2a6da1eda2486cfc9	devices/entryphone_device.cpp	0000000000000000000000000000000000000000	adf7cf23271abdbbf1deea47c424a8a3fd358d6e	-	a5c0f7dc607285897260c05191332081f08fb85ec06a2df68c002ea9e1ea04a0	historical-touchscreen-client	exact-reviewed-endpoint-blob-reuse	corroborates	functional/who-8-video-door-entry-telephony/README.md	Every changed endpoint blob is identical to a core-ledger source/test endpoint already semantically reviewed; merge/removal adds no unreviewed file implementation; integration combinations not executed
libqtdevices	877f7e47e1d49360becaf360176d661f9e1e7762	239bb0727454e55172b0a2d2a6da1eda2486cfc9	devices/entryphone_device.h	0000000000000000000000000000000000000000	4f13a3d240b94ade2ac4394c0ee0e79b5472b22b	-	3e5db06ddeb7d31de992edfecccb5db8a1b4f5d0bf6437e10b6883e6d0fe4050	historical-touchscreen-client	exact-reviewed-endpoint-blob-reuse	corroborates	functional/who-8-video-door-entry-telephony/README.md	Every changed endpoint blob is identical to a core-ledger source/test endpoint already semantically reviewed; merge/removal adds no unreviewed file implementation; integration combinations not executed
libqtdevices	877f7e47e1d49360becaf360176d661f9e1e7762	239bb0727454e55172b0a2d2a6da1eda2486cfc9	devices/message_device.cpp	0000000000000000000000000000000000000000	0d0b7c6088e20d19db3251868b54deb27380d3ec	-	6eaf6f9b28372713fda81bd4ff0c15419eaebf8fb345b241f178e58f3a82c572	historical-touchscreen-client	exact-reviewed-endpoint-blob-reuse	corroborates	functional/who-8-video-door-entry-telephony/README.md	Every changed endpoint blob is identical to a core-ledger source/test endpoint already semantically reviewed; merge/removal adds no unreviewed file implementation; integration combinations not executed
libqtdevices	877f7e47e1d49360becaf360176d661f9e1e7762	239bb0727454e55172b0a2d2a6da1eda2486cfc9	devices/message_device.h	0000000000000000000000000000000000000000	281ed05e7193a2088c791044f4c7fe8d50d5fbee	-	8435594ef70a50428165bb0992235c7af5decb93fce158aeadda65b19a4c9b0f	historical-touchscreen-client	exact-reviewed-endpoint-blob-reuse	corroborates	functional/who-8-video-door-entry-telephony/README.md	Every changed endpoint blob is identical to a core-ledger source/test endpoint already semantically reviewed; merge/removal adds no unreviewed file implementation; integration combinations not executed
libqtdevices	877f7e47e1d49360becaf360176d661f9e1e7762	239bb0727454e55172b0a2d2a6da1eda2486cfc9	devices/test/test_entryphone_device.cpp	0000000000000000000000000000000000000000	4b70dc629ef288e9cf208b738236a5ba1b89f599	-	53a6bada2903bd99d6323b153eae32099c264b1c309bfd69e358a99835cbbec6	historical-touchscreen-client	exact-reviewed-endpoint-blob-reuse	corroborates	functional/who-8-video-door-entry-telephony/README.md	Every changed endpoint blob is identical to a core-ledger source/test endpoint already semantically reviewed; merge/removal adds no unreviewed file implementation; integration combinations not executed
libqtdevices	877f7e47e1d49360becaf360176d661f9e1e7762	239bb0727454e55172b0a2d2a6da1eda2486cfc9	devices/test/test_entryphone_device.h	0000000000000000000000000000000000000000	d189823e5b372a2f128429e960ab3cbf7a64651a	-	92bb28c9175dfe37cb2f9543ed33a00f0135793ade3ddbdfec41509adcc5f35c	historical-touchscreen-client	exact-reviewed-endpoint-blob-reuse	corroborates	functional/who-8-video-door-entry-telephony/README.md	Every changed endpoint blob is identical to a core-ledger source/test endpoint already semantically reviewed; merge/removal adds no unreviewed file implementation; integration combinations not executed
libqtdevices	877f7e47e1d49360becaf360176d661f9e1e7762	239bb0727454e55172b0a2d2a6da1eda2486cfc9	devices/test/test_message_device.cpp	0000000000000000000000000000000000000000	c83b442a17acc4a2c93bc75a1130fcf104192c7b	-	7b6bd04ca410f879e39c35d98eabe1535e702b3b320aa85fa1d0529978443cc1	historical-touchscreen-client	exact-reviewed-endpoint-blob-reuse	corroborates	functional/who-8-video-door-entry-telephony/README.md	Every changed endpoint blob is identical to a core-ledger source/test endpoint already semantically reviewed; merge/removal adds no unreviewed file implementation; integration combinations not executed
libqtdevices	877f7e47e1d49360becaf360176d661f9e1e7762	239bb0727454e55172b0a2d2a6da1eda2486cfc9	devices/test/test_message_device.h	0000000000000000000000000000000000000000	9696cfb62e2d0fa3ea9a6e91cd48cfa38d1f8a72	-	873178cf59824479624cdd5c3f653bc39f3412afa968539420b73ab4473c3d34	historical-touchscreen-client	exact-reviewed-endpoint-blob-reuse	corroborates	functional/who-8-video-door-entry-telephony/README.md	Every changed endpoint blob is identical to a core-ledger source/test endpoint already semantically reviewed; merge/removal adds no unreviewed file implementation; integration combinations not executed
libqtdevices	df0ff0319b06972831c618183d4be7cb6c8f46b1	213b0011eca3b32cb95d6d224db9c12e50e066ca	devices/message_device.cpp	133c72a5096ac4cf8483674d876cfb3813fcdf03	0d0b7c6088e20d19db3251868b54deb27380d3ec	9c0ec0039abca8c0628ad0130bcaf3f3968bbeaf8548ae53440396632fc3972d	6eaf6f9b28372713fda81bd4ff0c15419eaebf8fb345b241f178e58f3a82c572	historical-touchscreen-client	exact-reviewed-endpoint-blob-reuse	corroborates	functional/who-8-video-door-entry-telephony/README.md	Every changed endpoint blob is identical to a core-ledger source/test endpoint already semantically reviewed; merge/removal adds no unreviewed file implementation; integration combinations not executed
libqtdevices	df0ff0319b06972831c618183d4be7cb6c8f46b1	213b0011eca3b32cb95d6d224db9c12e50e066ca	devices/message_device.h	1922257cc2b4d714cbc413ab01306e93aed7bbcf	281ed05e7193a2088c791044f4c7fe8d50d5fbee	9baa2d6ef8d3cbb741dab286179cfad434c5a060f0ce3c40545b5080a6643bf3	8435594ef70a50428165bb0992235c7af5decb93fce158aeadda65b19a4c9b0f	historical-touchscreen-client	exact-reviewed-endpoint-blob-reuse	corroborates	functional/who-8-video-door-entry-telephony/README.md	Every changed endpoint blob is identical to a core-ledger source/test endpoint already semantically reviewed; merge/removal adds no unreviewed file implementation; integration combinations not executed
libqtdevices	df0ff0319b06972831c618183d4be7cb6c8f46b1	213b0011eca3b32cb95d6d224db9c12e50e066ca	devices/test/test_message_device.cpp	454146cbfc44982b29fcddcfab5bfebdfa7a2519	c83b442a17acc4a2c93bc75a1130fcf104192c7b	16cab5f65608d49c8a9ed13a276b9f79859e610c5b5cad8c61cbc2583f93e77e	7b6bd04ca410f879e39c35d98eabe1535e702b3b320aa85fa1d0529978443cc1	historical-touchscreen-client	exact-reviewed-endpoint-blob-reuse	corroborates	functional/who-8-video-door-entry-telephony/README.md	Every changed endpoint blob is identical to a core-ledger source/test endpoint already semantically reviewed; merge/removal adds no unreviewed file implementation; integration combinations not executed
libqtdevices	df0ff0319b06972831c618183d4be7cb6c8f46b1	213b0011eca3b32cb95d6d224db9c12e50e066ca	devices/test/test_message_device.h	4680035260c9ae197bd0d6a22049a790b6a08f89	9696cfb62e2d0fa3ea9a6e91cd48cfa38d1f8a72	84673b8776dc5a391c0077e2a83b461e0766ce62e5ac512e1b8d71f33c82786c	873178cf59824479624cdd5c3f653bc39f3412afa968539420b73ab4473c3d34	historical-touchscreen-client	exact-reviewed-endpoint-blob-reuse	corroborates	functional/who-8-video-door-entry-telephony/README.md	Every changed endpoint blob is identical to a core-ledger source/test endpoint already semantically reviewed; merge/removal adds no unreviewed file implementation; integration combinations not executed
libqtdevices	ca00aac58b53e87c82660533c0951d38652932a6	f826d7cc18142785eb5a17b9f883e9b4b11887bf	devices/message_device.cpp	0000000000000000000000000000000000000000	133c72a5096ac4cf8483674d876cfb3813fcdf03	-	9c0ec0039abca8c0628ad0130bcaf3f3968bbeaf8548ae53440396632fc3972d	historical-touchscreen-client	exact-reviewed-endpoint-blob-reuse	corroborates	functional/who-8-video-door-entry-telephony/README.md	Every changed endpoint blob is identical to a core-ledger source/test endpoint already semantically reviewed; merge/removal adds no unreviewed file implementation; integration combinations not executed
libqtdevices	ca00aac58b53e87c82660533c0951d38652932a6	f826d7cc18142785eb5a17b9f883e9b4b11887bf	devices/message_device.h	0000000000000000000000000000000000000000	1922257cc2b4d714cbc413ab01306e93aed7bbcf	-	9baa2d6ef8d3cbb741dab286179cfad434c5a060f0ce3c40545b5080a6643bf3	historical-touchscreen-client	exact-reviewed-endpoint-blob-reuse	corroborates	functional/who-8-video-door-entry-telephony/README.md	Every changed endpoint blob is identical to a core-ledger source/test endpoint already semantically reviewed; merge/removal adds no unreviewed file implementation; integration combinations not executed
libqtdevices	ca00aac58b53e87c82660533c0951d38652932a6	f826d7cc18142785eb5a17b9f883e9b4b11887bf	devices/test/test_message_device.cpp	0000000000000000000000000000000000000000	454146cbfc44982b29fcddcfab5bfebdfa7a2519	-	16cab5f65608d49c8a9ed13a276b9f79859e610c5b5cad8c61cbc2583f93e77e	historical-touchscreen-client	exact-reviewed-endpoint-blob-reuse	corroborates	functional/who-8-video-door-entry-telephony/README.md	Every changed endpoint blob is identical to a core-ledger source/test endpoint already semantically reviewed; merge/removal adds no unreviewed file implementation; integration combinations not executed
libqtdevices	ca00aac58b53e87c82660533c0951d38652932a6	f826d7cc18142785eb5a17b9f883e9b4b11887bf	devices/test/test_message_device.h	0000000000000000000000000000000000000000	4680035260c9ae197bd0d6a22049a790b6a08f89	-	84673b8776dc5a391c0077e2a83b461e0766ce62e5ac512e1b8d71f33c82786c	historical-touchscreen-client	exact-reviewed-endpoint-blob-reuse	corroborates	functional/who-8-video-door-entry-telephony/README.md	Every changed endpoint blob is identical to a core-ledger source/test endpoint already semantically reviewed; merge/removal adds no unreviewed file implementation; integration combinations not executed
libqtdevices	fcd92782964c744cc1439ace691cf0fc18fcfc6c	27fb44b7ad774cc2ed9bf937ea9f4fe9b3f81b7c	devices/message_device.cpp	0000000000000000000000000000000000000000	133c72a5096ac4cf8483674d876cfb3813fcdf03	-	9c0ec0039abca8c0628ad0130bcaf3f3968bbeaf8548ae53440396632fc3972d	historical-touchscreen-client	exact-reviewed-endpoint-blob-reuse	corroborates	functional/who-8-video-door-entry-telephony/README.md	Every changed endpoint blob is identical to a core-ledger source/test endpoint already semantically reviewed; merge/removal adds no unreviewed file implementation; integration combinations not executed
libqtdevices	fcd92782964c744cc1439ace691cf0fc18fcfc6c	27fb44b7ad774cc2ed9bf937ea9f4fe9b3f81b7c	devices/message_device.h	0000000000000000000000000000000000000000	1922257cc2b4d714cbc413ab01306e93aed7bbcf	-	9baa2d6ef8d3cbb741dab286179cfad434c5a060f0ce3c40545b5080a6643bf3	historical-touchscreen-client	exact-reviewed-endpoint-blob-reuse	corroborates	functional/who-8-video-door-entry-telephony/README.md	Every changed endpoint blob is identical to a core-ledger source/test endpoint already semantically reviewed; merge/removal adds no unreviewed file implementation; integration combinations not executed
libqtdevices	fcd92782964c744cc1439ace691cf0fc18fcfc6c	27fb44b7ad774cc2ed9bf937ea9f4fe9b3f81b7c	devices/test/test_message_device.cpp	0000000000000000000000000000000000000000	454146cbfc44982b29fcddcfab5bfebdfa7a2519	-	16cab5f65608d49c8a9ed13a276b9f79859e610c5b5cad8c61cbc2583f93e77e	historical-touchscreen-client	exact-reviewed-endpoint-blob-reuse	corroborates	functional/who-8-video-door-entry-telephony/README.md	Every changed endpoint blob is identical to a core-ledger source/test endpoint already semantically reviewed; merge/removal adds no unreviewed file implementation; integration combinations not executed
libqtdevices	fcd92782964c744cc1439ace691cf0fc18fcfc6c	27fb44b7ad774cc2ed9bf937ea9f4fe9b3f81b7c	devices/test/test_message_device.h	0000000000000000000000000000000000000000	4680035260c9ae197bd0d6a22049a790b6a08f89	-	84673b8776dc5a391c0077e2a83b461e0766ce62e5ac512e1b8d71f33c82786c	historical-touchscreen-client	exact-reviewed-endpoint-blob-reuse	corroborates	functional/who-8-video-door-entry-telephony/README.md	Every changed endpoint blob is identical to a core-ledger source/test endpoint already semantically reviewed; merge/removal adds no unreviewed file implementation; integration combinations not executed
libqtdevices	ba6b24e3523da1431da8bf677dcf29bf8161cc5e	2595c9bcebea7f2f335e01c3ecd4ae450fae1e00	devices/entryphone_device.cpp	0067260d3c94daf52f2569260e026de60f270b10	bfeedc00fc2f72b54ebf728afbe997b740da4144	3338426551c7b0500b2f3eb56f6e686ae355e51c24558969abce6ef4d0233bd0	2ae34f9de4c7f5f55f032515c4d67712b99a5ffa3b08a0d02008e931d99ff34c	historical-touchscreen-client	exact-reviewed-endpoint-blob-reuse	corroborates	functional/who-8-video-door-entry-telephony/README.md	Every changed endpoint blob is identical to a core-ledger source/test endpoint already semantically reviewed; merge/removal adds no unreviewed file implementation; integration combinations not executed
libqtdevices	ba6b24e3523da1431da8bf677dcf29bf8161cc5e	2595c9bcebea7f2f335e01c3ecd4ae450fae1e00	devices/entryphone_device.h	67e213547442d4dc7c6a07c323e465254f06a91c	b38225b29d9c12be437d34d299046b2489c2ded5	3d085e136889d4c5d1a78b0592e241189a3eb31a0ce833dbcb4a8735c2abc44a	811bef4bfa6a898eb51a107fd774feb8fb5468d8456c9115effa5edac0ab46a4	historical-touchscreen-client	exact-reviewed-endpoint-blob-reuse	corroborates	functional/who-8-video-door-entry-telephony/README.md	Every changed endpoint blob is identical to a core-ledger source/test endpoint already semantically reviewed; merge/removal adds no unreviewed file implementation; integration combinations not executed
libqtdevices	a9956be88ea016c6d8a25c0334868a31d5cadc4e	d359624c4c3647395d2cc864b276e6ac25a28008	devices/entryphone_device.cpp	0000000000000000000000000000000000000000	0067260d3c94daf52f2569260e026de60f270b10	-	3338426551c7b0500b2f3eb56f6e686ae355e51c24558969abce6ef4d0233bd0	historical-touchscreen-client	exact-reviewed-endpoint-blob-reuse	corroborates	functional/who-8-video-door-entry-telephony/README.md	Every changed endpoint blob is identical to a core-ledger source/test endpoint already semantically reviewed; merge/removal adds no unreviewed file implementation; integration combinations not executed
libqtdevices	a9956be88ea016c6d8a25c0334868a31d5cadc4e	d359624c4c3647395d2cc864b276e6ac25a28008	devices/entryphone_device.h	0000000000000000000000000000000000000000	67e213547442d4dc7c6a07c323e465254f06a91c	-	3d085e136889d4c5d1a78b0592e241189a3eb31a0ce833dbcb4a8735c2abc44a	historical-touchscreen-client	exact-reviewed-endpoint-blob-reuse	corroborates	functional/who-8-video-door-entry-telephony/README.md	Every changed endpoint blob is identical to a core-ledger source/test endpoint already semantically reviewed; merge/removal adds no unreviewed file implementation; integration combinations not executed
libqtdevices	a9956be88ea016c6d8a25c0334868a31d5cadc4e	d359624c4c3647395d2cc864b276e6ac25a28008	devices/test/test_entryphone_device.cpp	0000000000000000000000000000000000000000	4b70dc629ef288e9cf208b738236a5ba1b89f599	-	53a6bada2903bd99d6323b153eae32099c264b1c309bfd69e358a99835cbbec6	historical-touchscreen-client	exact-reviewed-endpoint-blob-reuse	corroborates	functional/who-8-video-door-entry-telephony/README.md	Every changed endpoint blob is identical to a core-ledger source/test endpoint already semantically reviewed; merge/removal adds no unreviewed file implementation; integration combinations not executed
libqtdevices	a9956be88ea016c6d8a25c0334868a31d5cadc4e	d359624c4c3647395d2cc864b276e6ac25a28008	devices/test/test_entryphone_device.h	0000000000000000000000000000000000000000	d189823e5b372a2f128429e960ab3cbf7a64651a	-	92bb28c9175dfe37cb2f9543ed33a00f0135793ade3ddbdfec41509adcc5f35c	historical-touchscreen-client	exact-reviewed-endpoint-blob-reuse	corroborates	functional/who-8-video-door-entry-telephony/README.md	Every changed endpoint blob is identical to a core-ledger source/test endpoint already semantically reviewed; merge/removal adds no unreviewed file implementation; integration combinations not executed
libqtdevices	7c8e429196d2fbd03296e995a2725fb5292dc677	f9046c22eee49b4699064e3511156fbb219ee6d7	devices/entryphone_device.cpp	0000000000000000000000000000000000000000	0067260d3c94daf52f2569260e026de60f270b10	-	3338426551c7b0500b2f3eb56f6e686ae355e51c24558969abce6ef4d0233bd0	historical-touchscreen-client	exact-reviewed-endpoint-blob-reuse	corroborates	functional/who-8-video-door-entry-telephony/README.md	Every changed endpoint blob is identical to a core-ledger source/test endpoint already semantically reviewed; merge/removal adds no unreviewed file implementation; integration combinations not executed
libqtdevices	7c8e429196d2fbd03296e995a2725fb5292dc677	f9046c22eee49b4699064e3511156fbb219ee6d7	devices/entryphone_device.h	0000000000000000000000000000000000000000	67e213547442d4dc7c6a07c323e465254f06a91c	-	3d085e136889d4c5d1a78b0592e241189a3eb31a0ce833dbcb4a8735c2abc44a	historical-touchscreen-client	exact-reviewed-endpoint-blob-reuse	corroborates	functional/who-8-video-door-entry-telephony/README.md	Every changed endpoint blob is identical to a core-ledger source/test endpoint already semantically reviewed; merge/removal adds no unreviewed file implementation; integration combinations not executed
libqtdevices	7c8e429196d2fbd03296e995a2725fb5292dc677	f9046c22eee49b4699064e3511156fbb219ee6d7	devices/test/test_entryphone_device.cpp	0000000000000000000000000000000000000000	4b70dc629ef288e9cf208b738236a5ba1b89f599	-	53a6bada2903bd99d6323b153eae32099c264b1c309bfd69e358a99835cbbec6	historical-touchscreen-client	exact-reviewed-endpoint-blob-reuse	corroborates	functional/who-8-video-door-entry-telephony/README.md	Every changed endpoint blob is identical to a core-ledger source/test endpoint already semantically reviewed; merge/removal adds no unreviewed file implementation; integration combinations not executed
libqtdevices	7c8e429196d2fbd03296e995a2725fb5292dc677	f9046c22eee49b4699064e3511156fbb219ee6d7	devices/test/test_entryphone_device.h	0000000000000000000000000000000000000000	d189823e5b372a2f128429e960ab3cbf7a64651a	-	92bb28c9175dfe37cb2f9543ed33a00f0135793ade3ddbdfec41509adcc5f35c	historical-touchscreen-client	exact-reviewed-endpoint-blob-reuse	corroborates	functional/who-8-video-door-entry-telephony/README.md	Every changed endpoint blob is identical to a core-ledger source/test endpoint already semantically reviewed; merge/removal adds no unreviewed file implementation; integration combinations not executed
libqtdevices	9355a5e3136f601ef3745d6dea59d9b098b09aca	2cbfe5b293936132cb76e0fb21bbf6e307206c56	devices/entryphone_device.cpp	0000000000000000000000000000000000000000	0067260d3c94daf52f2569260e026de60f270b10	-	3338426551c7b0500b2f3eb56f6e686ae355e51c24558969abce6ef4d0233bd0	historical-touchscreen-client	exact-reviewed-endpoint-blob-reuse	corroborates	functional/who-8-video-door-entry-telephony/README.md	Every changed endpoint blob is identical to a core-ledger source/test endpoint already semantically reviewed; merge/removal adds no unreviewed file implementation; integration combinations not executed
libqtdevices	9355a5e3136f601ef3745d6dea59d9b098b09aca	2cbfe5b293936132cb76e0fb21bbf6e307206c56	devices/entryphone_device.h	0000000000000000000000000000000000000000	67e213547442d4dc7c6a07c323e465254f06a91c	-	3d085e136889d4c5d1a78b0592e241189a3eb31a0ce833dbcb4a8735c2abc44a	historical-touchscreen-client	exact-reviewed-endpoint-blob-reuse	corroborates	functional/who-8-video-door-entry-telephony/README.md	Every changed endpoint blob is identical to a core-ledger source/test endpoint already semantically reviewed; merge/removal adds no unreviewed file implementation; integration combinations not executed
libqtdevices	9355a5e3136f601ef3745d6dea59d9b098b09aca	2cbfe5b293936132cb76e0fb21bbf6e307206c56	devices/test/test_entryphone_device.cpp	0000000000000000000000000000000000000000	4b70dc629ef288e9cf208b738236a5ba1b89f599	-	53a6bada2903bd99d6323b153eae32099c264b1c309bfd69e358a99835cbbec6	historical-touchscreen-client	exact-reviewed-endpoint-blob-reuse	corroborates	functional/who-8-video-door-entry-telephony/README.md	Every changed endpoint blob is identical to a core-ledger source/test endpoint already semantically reviewed; merge/removal adds no unreviewed file implementation; integration combinations not executed
libqtdevices	9355a5e3136f601ef3745d6dea59d9b098b09aca	2cbfe5b293936132cb76e0fb21bbf6e307206c56	devices/test/test_entryphone_device.h	0000000000000000000000000000000000000000	d189823e5b372a2f128429e960ab3cbf7a64651a	-	92bb28c9175dfe37cb2f9543ed33a00f0135793ade3ddbdfec41509adcc5f35c	historical-touchscreen-client	exact-reviewed-endpoint-blob-reuse	corroborates	functional/who-8-video-door-entry-telephony/README.md	Every changed endpoint blob is identical to a core-ledger source/test endpoint already semantically reviewed; merge/removal adds no unreviewed file implementation; integration combinations not executed
libqtdevices	d70ed02872d883fd4ee58e91313466372a5badca	debf758ba5ce682c49c6a1fc2c343ea9ea45c74c	devices/entryphone_device.cpp	0000000000000000000000000000000000000000	0067260d3c94daf52f2569260e026de60f270b10	-	3338426551c7b0500b2f3eb56f6e686ae355e51c24558969abce6ef4d0233bd0	historical-touchscreen-client	exact-reviewed-endpoint-blob-reuse	corroborates	functional/who-8-video-door-entry-telephony/README.md	Every changed endpoint blob is identical to a core-ledger source/test endpoint already semantically reviewed; merge/removal adds no unreviewed file implementation; integration combinations not executed
libqtdevices	d70ed02872d883fd4ee58e91313466372a5badca	debf758ba5ce682c49c6a1fc2c343ea9ea45c74c	devices/entryphone_device.h	0000000000000000000000000000000000000000	67e213547442d4dc7c6a07c323e465254f06a91c	-	3d085e136889d4c5d1a78b0592e241189a3eb31a0ce833dbcb4a8735c2abc44a	historical-touchscreen-client	exact-reviewed-endpoint-blob-reuse	corroborates	functional/who-8-video-door-entry-telephony/README.md	Every changed endpoint blob is identical to a core-ledger source/test endpoint already semantically reviewed; merge/removal adds no unreviewed file implementation; integration combinations not executed
libqtdevices	d70ed02872d883fd4ee58e91313466372a5badca	debf758ba5ce682c49c6a1fc2c343ea9ea45c74c	devices/test/test_entryphone_device.cpp	0000000000000000000000000000000000000000	4b70dc629ef288e9cf208b738236a5ba1b89f599	-	53a6bada2903bd99d6323b153eae32099c264b1c309bfd69e358a99835cbbec6	historical-touchscreen-client	exact-reviewed-endpoint-blob-reuse	corroborates	functional/who-8-video-door-entry-telephony/README.md	Every changed endpoint blob is identical to a core-ledger source/test endpoint already semantically reviewed; merge/removal adds no unreviewed file implementation; integration combinations not executed
libqtdevices	d70ed02872d883fd4ee58e91313466372a5badca	debf758ba5ce682c49c6a1fc2c343ea9ea45c74c	devices/test/test_entryphone_device.h	0000000000000000000000000000000000000000	d189823e5b372a2f128429e960ab3cbf7a64651a	-	92bb28c9175dfe37cb2f9543ed33a00f0135793ade3ddbdfec41509adcc5f35c	historical-touchscreen-client	exact-reviewed-endpoint-blob-reuse	corroborates	functional/who-8-video-door-entry-telephony/README.md	Every changed endpoint blob is identical to a core-ledger source/test endpoint already semantically reviewed; merge/removal adds no unreviewed file implementation; integration combinations not executed
libqtdevices	d5d3ad2c6bc54ad2442a9dcb1a62590b42cc0554	219e69072d84173783786c0629c3e7913b70175d	devices/entryphone_device.cpp	0000000000000000000000000000000000000000	0067260d3c94daf52f2569260e026de60f270b10	-	3338426551c7b0500b2f3eb56f6e686ae355e51c24558969abce6ef4d0233bd0	historical-touchscreen-client	exact-reviewed-endpoint-blob-reuse	corroborates	functional/who-8-video-door-entry-telephony/README.md	Every changed endpoint blob is identical to a core-ledger source/test endpoint already semantically reviewed; merge/removal adds no unreviewed file implementation; integration combinations not executed
libqtdevices	d5d3ad2c6bc54ad2442a9dcb1a62590b42cc0554	219e69072d84173783786c0629c3e7913b70175d	devices/entryphone_device.h	0000000000000000000000000000000000000000	67e213547442d4dc7c6a07c323e465254f06a91c	-	3d085e136889d4c5d1a78b0592e241189a3eb31a0ce833dbcb4a8735c2abc44a	historical-touchscreen-client	exact-reviewed-endpoint-blob-reuse	corroborates	functional/who-8-video-door-entry-telephony/README.md	Every changed endpoint blob is identical to a core-ledger source/test endpoint already semantically reviewed; merge/removal adds no unreviewed file implementation; integration combinations not executed
libqtdevices	d5d3ad2c6bc54ad2442a9dcb1a62590b42cc0554	219e69072d84173783786c0629c3e7913b70175d	devices/test/test_entryphone_device.cpp	0000000000000000000000000000000000000000	4b70dc629ef288e9cf208b738236a5ba1b89f599	-	53a6bada2903bd99d6323b153eae32099c264b1c309bfd69e358a99835cbbec6	historical-touchscreen-client	exact-reviewed-endpoint-blob-reuse	corroborates	functional/who-8-video-door-entry-telephony/README.md	Every changed endpoint blob is identical to a core-ledger source/test endpoint already semantically reviewed; merge/removal adds no unreviewed file implementation; integration combinations not executed
libqtdevices	d5d3ad2c6bc54ad2442a9dcb1a62590b42cc0554	219e69072d84173783786c0629c3e7913b70175d	devices/test/test_entryphone_device.h	0000000000000000000000000000000000000000	d189823e5b372a2f128429e960ab3cbf7a64651a	-	92bb28c9175dfe37cb2f9543ed33a00f0135793ade3ddbdfec41509adcc5f35c	historical-touchscreen-client	exact-reviewed-endpoint-blob-reuse	corroborates	functional/who-8-video-door-entry-telephony/README.md	Every changed endpoint blob is identical to a core-ledger source/test endpoint already semantically reviewed; merge/removal adds no unreviewed file implementation; integration combinations not executed
libqtdevices	907ca825ef0d85f467609276da27006227d1db5e	997a92e7d360104e7ca98134346b4bb80bbf84ae	devices/entryphone_device.cpp	326f28af2441784c068bd8d2278f1165799da12d	0067260d3c94daf52f2569260e026de60f270b10	a6b73d9e103eebc83a7ca2c6746484446b2b392bfe3ace783b2a35d181b42657	3338426551c7b0500b2f3eb56f6e686ae355e51c24558969abce6ef4d0233bd0	historical-touchscreen-client	exact-reviewed-endpoint-blob-reuse	corroborates	functional/who-8-video-door-entry-telephony/README.md	Every changed endpoint blob is identical to a core-ledger source/test endpoint already semantically reviewed; merge/removal adds no unreviewed file implementation; integration combinations not executed
libqtdevices	907ca825ef0d85f467609276da27006227d1db5e	997a92e7d360104e7ca98134346b4bb80bbf84ae	devices/entryphone_device.h	fc34edbfe5ceeb796831cc40fbbbdf8badfcacb5	67e213547442d4dc7c6a07c323e465254f06a91c	c4131f98ba8be84048d7f81016ec5c7c540063d418809f86e0269193baa084aa	3d085e136889d4c5d1a78b0592e241189a3eb31a0ce833dbcb4a8735c2abc44a	historical-touchscreen-client	exact-reviewed-endpoint-blob-reuse	corroborates	functional/who-8-video-door-entry-telephony/README.md	Every changed endpoint blob is identical to a core-ledger source/test endpoint already semantically reviewed; merge/removal adds no unreviewed file implementation; integration combinations not executed
libqtdevices	907ca825ef0d85f467609276da27006227d1db5e	997a92e7d360104e7ca98134346b4bb80bbf84ae	devices/test/test_entryphone_device.cpp	5da461fcb0a48298abfe1824c6a92923285bb630	4b70dc629ef288e9cf208b738236a5ba1b89f599	3d273a31d2f7ba777561a933355d4b7f31841ef69d9d229bdc370da9d530e3cd	53a6bada2903bd99d6323b153eae32099c264b1c309bfd69e358a99835cbbec6	historical-touchscreen-client	exact-reviewed-endpoint-blob-reuse	corroborates	functional/who-8-video-door-entry-telephony/README.md	Every changed endpoint blob is identical to a core-ledger source/test endpoint already semantically reviewed; merge/removal adds no unreviewed file implementation; integration combinations not executed
libqtdevices	907ca825ef0d85f467609276da27006227d1db5e	997a92e7d360104e7ca98134346b4bb80bbf84ae	devices/test/test_entryphone_device.h	7648abb3331af7f757e536cbfa11b55e5f4973bb	d189823e5b372a2f128429e960ab3cbf7a64651a	b7a4676ff9933d0935e11c4074033b41edcfc9898b05fc08e555cc2d93c370ef	92bb28c9175dfe37cb2f9543ed33a00f0135793ade3ddbdfec41509adcc5f35c	historical-touchscreen-client	exact-reviewed-endpoint-blob-reuse	corroborates	functional/who-8-video-door-entry-telephony/README.md	Every changed endpoint blob is identical to a core-ledger source/test endpoint already semantically reviewed; merge/removal adds no unreviewed file implementation; integration combinations not executed
libqtdevices	b3265012fe6e38964feb6fe72bc65d1099c0a1bf	997188ebb116e35c201d56fd66e39ebea40d655d	devices/entryphone_device.cpp	0000000000000000000000000000000000000000	326f28af2441784c068bd8d2278f1165799da12d	-	a6b73d9e103eebc83a7ca2c6746484446b2b392bfe3ace783b2a35d181b42657	historical-touchscreen-client	exact-reviewed-endpoint-blob-reuse	corroborates	functional/who-8-video-door-entry-telephony/README.md	Every changed endpoint blob is identical to a core-ledger source/test endpoint already semantically reviewed; merge/removal adds no unreviewed file implementation; integration combinations not executed
libqtdevices	b3265012fe6e38964feb6fe72bc65d1099c0a1bf	997188ebb116e35c201d56fd66e39ebea40d655d	devices/entryphone_device.h	0000000000000000000000000000000000000000	fc34edbfe5ceeb796831cc40fbbbdf8badfcacb5	-	c4131f98ba8be84048d7f81016ec5c7c540063d418809f86e0269193baa084aa	historical-touchscreen-client	exact-reviewed-endpoint-blob-reuse	corroborates	functional/who-8-video-door-entry-telephony/README.md	Every changed endpoint blob is identical to a core-ledger source/test endpoint already semantically reviewed; merge/removal adds no unreviewed file implementation; integration combinations not executed
libqtdevices	b3265012fe6e38964feb6fe72bc65d1099c0a1bf	997188ebb116e35c201d56fd66e39ebea40d655d	devices/test/test_entryphone_device.cpp	0000000000000000000000000000000000000000	5da461fcb0a48298abfe1824c6a92923285bb630	-	3d273a31d2f7ba777561a933355d4b7f31841ef69d9d229bdc370da9d530e3cd	historical-touchscreen-client	exact-reviewed-endpoint-blob-reuse	corroborates	functional/who-8-video-door-entry-telephony/README.md	Every changed endpoint blob is identical to a core-ledger source/test endpoint already semantically reviewed; merge/removal adds no unreviewed file implementation; integration combinations not executed
libqtdevices	b3265012fe6e38964feb6fe72bc65d1099c0a1bf	997188ebb116e35c201d56fd66e39ebea40d655d	devices/test/test_entryphone_device.h	0000000000000000000000000000000000000000	7648abb3331af7f757e536cbfa11b55e5f4973bb	-	b7a4676ff9933d0935e11c4074033b41edcfc9898b05fc08e555cc2d93c370ef	historical-touchscreen-client	exact-reviewed-endpoint-blob-reuse	corroborates	functional/who-8-video-door-entry-telephony/README.md	Every changed endpoint blob is identical to a core-ledger source/test endpoint already semantically reviewed; merge/removal adds no unreviewed file implementation; integration combinations not executed
libqtdevices	ed7ea88659467d23dc06f3642e4fad0f54883d4c	a377d0cdde90b28b153b8dd3a460322254e8fbf3	devices/entryphone_device.cpp	0000000000000000000000000000000000000000	326f28af2441784c068bd8d2278f1165799da12d	-	a6b73d9e103eebc83a7ca2c6746484446b2b392bfe3ace783b2a35d181b42657	historical-touchscreen-client	exact-reviewed-endpoint-blob-reuse	corroborates	functional/who-8-video-door-entry-telephony/README.md	Every changed endpoint blob is identical to a core-ledger source/test endpoint already semantically reviewed; merge/removal adds no unreviewed file implementation; integration combinations not executed
libqtdevices	ed7ea88659467d23dc06f3642e4fad0f54883d4c	a377d0cdde90b28b153b8dd3a460322254e8fbf3	devices/entryphone_device.h	0000000000000000000000000000000000000000	fc34edbfe5ceeb796831cc40fbbbdf8badfcacb5	-	c4131f98ba8be84048d7f81016ec5c7c540063d418809f86e0269193baa084aa	historical-touchscreen-client	exact-reviewed-endpoint-blob-reuse	corroborates	functional/who-8-video-door-entry-telephony/README.md	Every changed endpoint blob is identical to a core-ledger source/test endpoint already semantically reviewed; merge/removal adds no unreviewed file implementation; integration combinations not executed
libqtdevices	ed7ea88659467d23dc06f3642e4fad0f54883d4c	a377d0cdde90b28b153b8dd3a460322254e8fbf3	devices/test/test_entryphone_device.cpp	0000000000000000000000000000000000000000	5da461fcb0a48298abfe1824c6a92923285bb630	-	3d273a31d2f7ba777561a933355d4b7f31841ef69d9d229bdc370da9d530e3cd	historical-touchscreen-client	exact-reviewed-endpoint-blob-reuse	corroborates	functional/who-8-video-door-entry-telephony/README.md	Every changed endpoint blob is identical to a core-ledger source/test endpoint already semantically reviewed; merge/removal adds no unreviewed file implementation; integration combinations not executed
libqtdevices	ed7ea88659467d23dc06f3642e4fad0f54883d4c	a377d0cdde90b28b153b8dd3a460322254e8fbf3	devices/test/test_entryphone_device.h	0000000000000000000000000000000000000000	7648abb3331af7f757e536cbfa11b55e5f4973bb	-	b7a4676ff9933d0935e11c4074033b41edcfc9898b05fc08e555cc2d93c370ef	historical-touchscreen-client	exact-reviewed-endpoint-blob-reuse	corroborates	functional/who-8-video-door-entry-telephony/README.md	Every changed endpoint blob is identical to a core-ledger source/test endpoint already semantically reviewed; merge/removal adds no unreviewed file implementation; integration combinations not executed
libqtdevices	2b102142b7f06a31d20054da9983f26b68675aeb	3e049cb89029f2a8add7d172afc9ada547f42696	devices/entryphone_device.cpp	0000000000000000000000000000000000000000	326f28af2441784c068bd8d2278f1165799da12d	-	a6b73d9e103eebc83a7ca2c6746484446b2b392bfe3ace783b2a35d181b42657	historical-touchscreen-client	exact-reviewed-endpoint-blob-reuse	corroborates	functional/who-8-video-door-entry-telephony/README.md	Every changed endpoint blob is identical to a core-ledger source/test endpoint already semantically reviewed; merge/removal adds no unreviewed file implementation; integration combinations not executed
libqtdevices	2b102142b7f06a31d20054da9983f26b68675aeb	3e049cb89029f2a8add7d172afc9ada547f42696	devices/entryphone_device.h	0000000000000000000000000000000000000000	fc34edbfe5ceeb796831cc40fbbbdf8badfcacb5	-	c4131f98ba8be84048d7f81016ec5c7c540063d418809f86e0269193baa084aa	historical-touchscreen-client	exact-reviewed-endpoint-blob-reuse	corroborates	functional/who-8-video-door-entry-telephony/README.md	Every changed endpoint blob is identical to a core-ledger source/test endpoint already semantically reviewed; merge/removal adds no unreviewed file implementation; integration combinations not executed
libqtdevices	2b102142b7f06a31d20054da9983f26b68675aeb	3e049cb89029f2a8add7d172afc9ada547f42696	devices/test/test_entryphone_device.cpp	0000000000000000000000000000000000000000	5da461fcb0a48298abfe1824c6a92923285bb630	-	3d273a31d2f7ba777561a933355d4b7f31841ef69d9d229bdc370da9d530e3cd	historical-touchscreen-client	exact-reviewed-endpoint-blob-reuse	corroborates	functional/who-8-video-door-entry-telephony/README.md	Every changed endpoint blob is identical to a core-ledger source/test endpoint already semantically reviewed; merge/removal adds no unreviewed file implementation; integration combinations not executed
libqtdevices	2b102142b7f06a31d20054da9983f26b68675aeb	3e049cb89029f2a8add7d172afc9ada547f42696	devices/test/test_entryphone_device.h	0000000000000000000000000000000000000000	7648abb3331af7f757e536cbfa11b55e5f4973bb	-	b7a4676ff9933d0935e11c4074033b41edcfc9898b05fc08e555cc2d93c370ef	historical-touchscreen-client	exact-reviewed-endpoint-blob-reuse	corroborates	functional/who-8-video-door-entry-telephony/README.md	Every changed endpoint blob is identical to a core-ledger source/test endpoint already semantically reviewed; merge/removal adds no unreviewed file implementation; integration combinations not executed
libqtdevices	f0f09b1bc205a4c4f921d24d56bb7210d1b2d26e	91cb5e509c7bbf52a23ea84ac865811168a2d597	devices/entryphone_device.cpp	0000000000000000000000000000000000000000	326f28af2441784c068bd8d2278f1165799da12d	-	a6b73d9e103eebc83a7ca2c6746484446b2b392bfe3ace783b2a35d181b42657	historical-touchscreen-client	exact-reviewed-endpoint-blob-reuse	corroborates	functional/who-8-video-door-entry-telephony/README.md	Every changed endpoint blob is identical to a core-ledger source/test endpoint already semantically reviewed; merge/removal adds no unreviewed file implementation; integration combinations not executed
libqtdevices	f0f09b1bc205a4c4f921d24d56bb7210d1b2d26e	91cb5e509c7bbf52a23ea84ac865811168a2d597	devices/entryphone_device.h	0000000000000000000000000000000000000000	fc34edbfe5ceeb796831cc40fbbbdf8badfcacb5	-	c4131f98ba8be84048d7f81016ec5c7c540063d418809f86e0269193baa084aa	historical-touchscreen-client	exact-reviewed-endpoint-blob-reuse	corroborates	functional/who-8-video-door-entry-telephony/README.md	Every changed endpoint blob is identical to a core-ledger source/test endpoint already semantically reviewed; merge/removal adds no unreviewed file implementation; integration combinations not executed
libqtdevices	f0f09b1bc205a4c4f921d24d56bb7210d1b2d26e	91cb5e509c7bbf52a23ea84ac865811168a2d597	devices/test/test_entryphone_device.cpp	0000000000000000000000000000000000000000	5da461fcb0a48298abfe1824c6a92923285bb630	-	3d273a31d2f7ba777561a933355d4b7f31841ef69d9d229bdc370da9d530e3cd	historical-touchscreen-client	exact-reviewed-endpoint-blob-reuse	corroborates	functional/who-8-video-door-entry-telephony/README.md	Every changed endpoint blob is identical to a core-ledger source/test endpoint already semantically reviewed; merge/removal adds no unreviewed file implementation; integration combinations not executed
libqtdevices	f0f09b1bc205a4c4f921d24d56bb7210d1b2d26e	91cb5e509c7bbf52a23ea84ac865811168a2d597	devices/test/test_entryphone_device.h	0000000000000000000000000000000000000000	7648abb3331af7f757e536cbfa11b55e5f4973bb	-	b7a4676ff9933d0935e11c4074033b41edcfc9898b05fc08e555cc2d93c370ef	historical-touchscreen-client	exact-reviewed-endpoint-blob-reuse	corroborates	functional/who-8-video-door-entry-telephony/README.md	Every changed endpoint blob is identical to a core-ledger source/test endpoint already semantically reviewed; merge/removal adds no unreviewed file implementation; integration combinations not executed
libqtdevices	ddc594d496732942bf6b636cac8aef56c016ee6d	423e380e61e429d859c17176b7f7d33b9e76a274	devices/entryphone_device.cpp	0000000000000000000000000000000000000000	326f28af2441784c068bd8d2278f1165799da12d	-	a6b73d9e103eebc83a7ca2c6746484446b2b392bfe3ace783b2a35d181b42657	historical-touchscreen-client	exact-reviewed-endpoint-blob-reuse	corroborates	functional/who-8-video-door-entry-telephony/README.md	Every changed endpoint blob is identical to a core-ledger source/test endpoint already semantically reviewed; merge/removal adds no unreviewed file implementation; integration combinations not executed
libqtdevices	ddc594d496732942bf6b636cac8aef56c016ee6d	423e380e61e429d859c17176b7f7d33b9e76a274	devices/entryphone_device.h	0000000000000000000000000000000000000000	fc34edbfe5ceeb796831cc40fbbbdf8badfcacb5	-	c4131f98ba8be84048d7f81016ec5c7c540063d418809f86e0269193baa084aa	historical-touchscreen-client	exact-reviewed-endpoint-blob-reuse	corroborates	functional/who-8-video-door-entry-telephony/README.md	Every changed endpoint blob is identical to a core-ledger source/test endpoint already semantically reviewed; merge/removal adds no unreviewed file implementation; integration combinations not executed
libqtdevices	ddc594d496732942bf6b636cac8aef56c016ee6d	423e380e61e429d859c17176b7f7d33b9e76a274	devices/test/test_entryphone_device.cpp	0000000000000000000000000000000000000000	5da461fcb0a48298abfe1824c6a92923285bb630	-	3d273a31d2f7ba777561a933355d4b7f31841ef69d9d229bdc370da9d530e3cd	historical-touchscreen-client	exact-reviewed-endpoint-blob-reuse	corroborates	functional/who-8-video-door-entry-telephony/README.md	Every changed endpoint blob is identical to a core-ledger source/test endpoint already semantically reviewed; merge/removal adds no unreviewed file implementation; integration combinations not executed
libqtdevices	ddc594d496732942bf6b636cac8aef56c016ee6d	423e380e61e429d859c17176b7f7d33b9e76a274	devices/test/test_entryphone_device.h	0000000000000000000000000000000000000000	7648abb3331af7f757e536cbfa11b55e5f4973bb	-	b7a4676ff9933d0935e11c4074033b41edcfc9898b05fc08e555cc2d93c370ef	historical-touchscreen-client	exact-reviewed-endpoint-blob-reuse	corroborates	functional/who-8-video-door-entry-telephony/README.md	Every changed endpoint blob is identical to a core-ledger source/test endpoint already semantically reviewed; merge/removal adds no unreviewed file implementation; integration combinations not executed
libqtdevices	f397a5425866a3e8806557dbcc47be7bd8f842be	b086d756a75967c72907c16b0e723cb914d9f73e	devices/entryphone_device.cpp	0000000000000000000000000000000000000000	326f28af2441784c068bd8d2278f1165799da12d	-	a6b73d9e103eebc83a7ca2c6746484446b2b392bfe3ace783b2a35d181b42657	historical-touchscreen-client	exact-reviewed-endpoint-blob-reuse	corroborates	functional/who-8-video-door-entry-telephony/README.md	Every changed endpoint blob is identical to a core-ledger source/test endpoint already semantically reviewed; merge/removal adds no unreviewed file implementation; integration combinations not executed
libqtdevices	f397a5425866a3e8806557dbcc47be7bd8f842be	b086d756a75967c72907c16b0e723cb914d9f73e	devices/entryphone_device.h	0000000000000000000000000000000000000000	fc34edbfe5ceeb796831cc40fbbbdf8badfcacb5	-	c4131f98ba8be84048d7f81016ec5c7c540063d418809f86e0269193baa084aa	historical-touchscreen-client	exact-reviewed-endpoint-blob-reuse	corroborates	functional/who-8-video-door-entry-telephony/README.md	Every changed endpoint blob is identical to a core-ledger source/test endpoint already semantically reviewed; merge/removal adds no unreviewed file implementation; integration combinations not executed
libqtdevices	f397a5425866a3e8806557dbcc47be7bd8f842be	b086d756a75967c72907c16b0e723cb914d9f73e	devices/test/test_entryphone_device.cpp	0000000000000000000000000000000000000000	5da461fcb0a48298abfe1824c6a92923285bb630	-	3d273a31d2f7ba777561a933355d4b7f31841ef69d9d229bdc370da9d530e3cd	historical-touchscreen-client	exact-reviewed-endpoint-blob-reuse	corroborates	functional/who-8-video-door-entry-telephony/README.md	Every changed endpoint blob is identical to a core-ledger source/test endpoint already semantically reviewed; merge/removal adds no unreviewed file implementation; integration combinations not executed
libqtdevices	f397a5425866a3e8806557dbcc47be7bd8f842be	b086d756a75967c72907c16b0e723cb914d9f73e	devices/test/test_entryphone_device.h	0000000000000000000000000000000000000000	7648abb3331af7f757e536cbfa11b55e5f4973bb	-	b7a4676ff9933d0935e11c4074033b41edcfc9898b05fc08e555cc2d93c370ef	historical-touchscreen-client	exact-reviewed-endpoint-blob-reuse	corroborates	functional/who-8-video-door-entry-telephony/README.md	Every changed endpoint blob is identical to a core-ledger source/test endpoint already semantically reviewed; merge/removal adds no unreviewed file implementation; integration combinations not executed
libqtdevices	74eb85782925fa4fe2b5ed096ec4c26d4f3158a6	d3bd41c386761fb9f9a153b1c17c1f6bf05f8549	devices/entryphone_device.cpp	0000000000000000000000000000000000000000	326f28af2441784c068bd8d2278f1165799da12d	-	a6b73d9e103eebc83a7ca2c6746484446b2b392bfe3ace783b2a35d181b42657	historical-touchscreen-client	exact-reviewed-endpoint-blob-reuse	corroborates	functional/who-8-video-door-entry-telephony/README.md	Every changed endpoint blob is identical to a core-ledger source/test endpoint already semantically reviewed; merge/removal adds no unreviewed file implementation; integration combinations not executed
libqtdevices	74eb85782925fa4fe2b5ed096ec4c26d4f3158a6	d3bd41c386761fb9f9a153b1c17c1f6bf05f8549	devices/entryphone_device.h	0000000000000000000000000000000000000000	fc34edbfe5ceeb796831cc40fbbbdf8badfcacb5	-	c4131f98ba8be84048d7f81016ec5c7c540063d418809f86e0269193baa084aa	historical-touchscreen-client	exact-reviewed-endpoint-blob-reuse	corroborates	functional/who-8-video-door-entry-telephony/README.md	Every changed endpoint blob is identical to a core-ledger source/test endpoint already semantically reviewed; merge/removal adds no unreviewed file implementation; integration combinations not executed
libqtdevices	74eb85782925fa4fe2b5ed096ec4c26d4f3158a6	d3bd41c386761fb9f9a153b1c17c1f6bf05f8549	devices/test/test_entryphone_device.cpp	0000000000000000000000000000000000000000	5da461fcb0a48298abfe1824c6a92923285bb630	-	3d273a31d2f7ba777561a933355d4b7f31841ef69d9d229bdc370da9d530e3cd	historical-touchscreen-client	exact-reviewed-endpoint-blob-reuse	corroborates	functional/who-8-video-door-entry-telephony/README.md	Every changed endpoint blob is identical to a core-ledger source/test endpoint already semantically reviewed; merge/removal adds no unreviewed file implementation; integration combinations not executed
libqtdevices	74eb85782925fa4fe2b5ed096ec4c26d4f3158a6	d3bd41c386761fb9f9a153b1c17c1f6bf05f8549	devices/test/test_entryphone_device.h	0000000000000000000000000000000000000000	7648abb3331af7f757e536cbfa11b55e5f4973bb	-	b7a4676ff9933d0935e11c4074033b41edcfc9898b05fc08e555cc2d93c370ef	historical-touchscreen-client	exact-reviewed-endpoint-blob-reuse	corroborates	functional/who-8-video-door-entry-telephony/README.md	Every changed endpoint blob is identical to a core-ledger source/test endpoint already semantically reviewed; merge/removal adds no unreviewed file implementation; integration combinations not executed
libqtdevices	bd0195dff434f590b3ef766576c2c27eebacee41	fb6f450f098cc325b5dbde40b161aab177a02dd9	devices/entryphone_device.cpp	0000000000000000000000000000000000000000	326f28af2441784c068bd8d2278f1165799da12d	-	a6b73d9e103eebc83a7ca2c6746484446b2b392bfe3ace783b2a35d181b42657	historical-touchscreen-client	exact-reviewed-endpoint-blob-reuse	corroborates	functional/who-8-video-door-entry-telephony/README.md	Every changed endpoint blob is identical to a core-ledger source/test endpoint already semantically reviewed; merge/removal adds no unreviewed file implementation; integration combinations not executed
libqtdevices	bd0195dff434f590b3ef766576c2c27eebacee41	fb6f450f098cc325b5dbde40b161aab177a02dd9	devices/entryphone_device.h	0000000000000000000000000000000000000000	fc34edbfe5ceeb796831cc40fbbbdf8badfcacb5	-	c4131f98ba8be84048d7f81016ec5c7c540063d418809f86e0269193baa084aa	historical-touchscreen-client	exact-reviewed-endpoint-blob-reuse	corroborates	functional/who-8-video-door-entry-telephony/README.md	Every changed endpoint blob is identical to a core-ledger source/test endpoint already semantically reviewed; merge/removal adds no unreviewed file implementation; integration combinations not executed
libqtdevices	bd0195dff434f590b3ef766576c2c27eebacee41	fb6f450f098cc325b5dbde40b161aab177a02dd9	devices/test/test_entryphone_device.cpp	0000000000000000000000000000000000000000	5da461fcb0a48298abfe1824c6a92923285bb630	-	3d273a31d2f7ba777561a933355d4b7f31841ef69d9d229bdc370da9d530e3cd	historical-touchscreen-client	exact-reviewed-endpoint-blob-reuse	corroborates	functional/who-8-video-door-entry-telephony/README.md	Every changed endpoint blob is identical to a core-ledger source/test endpoint already semantically reviewed; merge/removal adds no unreviewed file implementation; integration combinations not executed
libqtdevices	bd0195dff434f590b3ef766576c2c27eebacee41	fb6f450f098cc325b5dbde40b161aab177a02dd9	devices/test/test_entryphone_device.h	0000000000000000000000000000000000000000	7648abb3331af7f757e536cbfa11b55e5f4973bb	-	b7a4676ff9933d0935e11c4074033b41edcfc9898b05fc08e555cc2d93c370ef	historical-touchscreen-client	exact-reviewed-endpoint-blob-reuse	corroborates	functional/who-8-video-door-entry-telephony/README.md	Every changed endpoint blob is identical to a core-ledger source/test endpoint already semantically reviewed; merge/removal adds no unreviewed file implementation; integration combinations not executed
libqtdevices	355f2633b91ec9bb641cd2b1ba593226b1b52d09	195206644a7a0567177bfcabeb2028db0877d2f0	devices/entryphone_device.cpp	0000000000000000000000000000000000000000	326f28af2441784c068bd8d2278f1165799da12d	-	a6b73d9e103eebc83a7ca2c6746484446b2b392bfe3ace783b2a35d181b42657	historical-touchscreen-client	exact-reviewed-endpoint-blob-reuse	corroborates	functional/who-8-video-door-entry-telephony/README.md	Every changed endpoint blob is identical to a core-ledger source/test endpoint already semantically reviewed; merge/removal adds no unreviewed file implementation; integration combinations not executed
libqtdevices	355f2633b91ec9bb641cd2b1ba593226b1b52d09	195206644a7a0567177bfcabeb2028db0877d2f0	devices/entryphone_device.h	0000000000000000000000000000000000000000	fc34edbfe5ceeb796831cc40fbbbdf8badfcacb5	-	c4131f98ba8be84048d7f81016ec5c7c540063d418809f86e0269193baa084aa	historical-touchscreen-client	exact-reviewed-endpoint-blob-reuse	corroborates	functional/who-8-video-door-entry-telephony/README.md	Every changed endpoint blob is identical to a core-ledger source/test endpoint already semantically reviewed; merge/removal adds no unreviewed file implementation; integration combinations not executed
libqtdevices	355f2633b91ec9bb641cd2b1ba593226b1b52d09	195206644a7a0567177bfcabeb2028db0877d2f0	devices/test/test_entryphone_device.cpp	0000000000000000000000000000000000000000	5da461fcb0a48298abfe1824c6a92923285bb630	-	3d273a31d2f7ba777561a933355d4b7f31841ef69d9d229bdc370da9d530e3cd	historical-touchscreen-client	exact-reviewed-endpoint-blob-reuse	corroborates	functional/who-8-video-door-entry-telephony/README.md	Every changed endpoint blob is identical to a core-ledger source/test endpoint already semantically reviewed; merge/removal adds no unreviewed file implementation; integration combinations not executed
libqtdevices	355f2633b91ec9bb641cd2b1ba593226b1b52d09	195206644a7a0567177bfcabeb2028db0877d2f0	devices/test/test_entryphone_device.h	0000000000000000000000000000000000000000	7648abb3331af7f757e536cbfa11b55e5f4973bb	-	b7a4676ff9933d0935e11c4074033b41edcfc9898b05fc08e555cc2d93c370ef	historical-touchscreen-client	exact-reviewed-endpoint-blob-reuse	corroborates	functional/who-8-video-door-entry-telephony/README.md	Every changed endpoint blob is identical to a core-ledger source/test endpoint already semantically reviewed; merge/removal adds no unreviewed file implementation; integration combinations not executed
libqtdevices	5401e69d702eef1732d0f729b2d0fef5fe19d5fd	aa64c888f2df5819b14dc12a97bd9b54a0c23b86	devices/entryphone_device.cpp	0000000000000000000000000000000000000000	326f28af2441784c068bd8d2278f1165799da12d	-	a6b73d9e103eebc83a7ca2c6746484446b2b392bfe3ace783b2a35d181b42657	historical-touchscreen-client	exact-reviewed-endpoint-blob-reuse	corroborates	functional/who-8-video-door-entry-telephony/README.md	Every changed endpoint blob is identical to a core-ledger source/test endpoint already semantically reviewed; merge/removal adds no unreviewed file implementation; integration combinations not executed
libqtdevices	5401e69d702eef1732d0f729b2d0fef5fe19d5fd	aa64c888f2df5819b14dc12a97bd9b54a0c23b86	devices/entryphone_device.h	0000000000000000000000000000000000000000	fc34edbfe5ceeb796831cc40fbbbdf8badfcacb5	-	c4131f98ba8be84048d7f81016ec5c7c540063d418809f86e0269193baa084aa	historical-touchscreen-client	exact-reviewed-endpoint-blob-reuse	corroborates	functional/who-8-video-door-entry-telephony/README.md	Every changed endpoint blob is identical to a core-ledger source/test endpoint already semantically reviewed; merge/removal adds no unreviewed file implementation; integration combinations not executed
libqtdevices	5401e69d702eef1732d0f729b2d0fef5fe19d5fd	aa64c888f2df5819b14dc12a97bd9b54a0c23b86	devices/test/test_entryphone_device.cpp	0000000000000000000000000000000000000000	5da461fcb0a48298abfe1824c6a92923285bb630	-	3d273a31d2f7ba777561a933355d4b7f31841ef69d9d229bdc370da9d530e3cd	historical-touchscreen-client	exact-reviewed-endpoint-blob-reuse	corroborates	functional/who-8-video-door-entry-telephony/README.md	Every changed endpoint blob is identical to a core-ledger source/test endpoint already semantically reviewed; merge/removal adds no unreviewed file implementation; integration combinations not executed
libqtdevices	5401e69d702eef1732d0f729b2d0fef5fe19d5fd	aa64c888f2df5819b14dc12a97bd9b54a0c23b86	devices/test/test_entryphone_device.h	0000000000000000000000000000000000000000	7648abb3331af7f757e536cbfa11b55e5f4973bb	-	b7a4676ff9933d0935e11c4074033b41edcfc9898b05fc08e555cc2d93c370ef	historical-touchscreen-client	exact-reviewed-endpoint-blob-reuse	corroborates	functional/who-8-video-door-entry-telephony/README.md	Every changed endpoint blob is identical to a core-ledger source/test endpoint already semantically reviewed; merge/removal adds no unreviewed file implementation; integration combinations not executed
libqtdevices	d41f9f1e45f0935b4c4d4ff927e879845eb9a308	f7a0768a1acc5ee5af7721a16b195e797bd68f16	devices/entryphone_device.cpp	0000000000000000000000000000000000000000	326f28af2441784c068bd8d2278f1165799da12d	-	a6b73d9e103eebc83a7ca2c6746484446b2b392bfe3ace783b2a35d181b42657	historical-touchscreen-client	exact-reviewed-endpoint-blob-reuse	corroborates	functional/who-8-video-door-entry-telephony/README.md	Every changed endpoint blob is identical to a core-ledger source/test endpoint already semantically reviewed; merge/removal adds no unreviewed file implementation; integration combinations not executed
libqtdevices	d41f9f1e45f0935b4c4d4ff927e879845eb9a308	f7a0768a1acc5ee5af7721a16b195e797bd68f16	devices/entryphone_device.h	0000000000000000000000000000000000000000	fc34edbfe5ceeb796831cc40fbbbdf8badfcacb5	-	c4131f98ba8be84048d7f81016ec5c7c540063d418809f86e0269193baa084aa	historical-touchscreen-client	exact-reviewed-endpoint-blob-reuse	corroborates	functional/who-8-video-door-entry-telephony/README.md	Every changed endpoint blob is identical to a core-ledger source/test endpoint already semantically reviewed; merge/removal adds no unreviewed file implementation; integration combinations not executed
libqtdevices	d41f9f1e45f0935b4c4d4ff927e879845eb9a308	f7a0768a1acc5ee5af7721a16b195e797bd68f16	devices/test/test_entryphone_device.cpp	0000000000000000000000000000000000000000	5da461fcb0a48298abfe1824c6a92923285bb630	-	3d273a31d2f7ba777561a933355d4b7f31841ef69d9d229bdc370da9d530e3cd	historical-touchscreen-client	exact-reviewed-endpoint-blob-reuse	corroborates	functional/who-8-video-door-entry-telephony/README.md	Every changed endpoint blob is identical to a core-ledger source/test endpoint already semantically reviewed; merge/removal adds no unreviewed file implementation; integration combinations not executed
libqtdevices	d41f9f1e45f0935b4c4d4ff927e879845eb9a308	f7a0768a1acc5ee5af7721a16b195e797bd68f16	devices/test/test_entryphone_device.h	0000000000000000000000000000000000000000	7648abb3331af7f757e536cbfa11b55e5f4973bb	-	b7a4676ff9933d0935e11c4074033b41edcfc9898b05fc08e555cc2d93c370ef	historical-touchscreen-client	exact-reviewed-endpoint-blob-reuse	corroborates	functional/who-8-video-door-entry-telephony/README.md	Every changed endpoint blob is identical to a core-ledger source/test endpoint already semantically reviewed; merge/removal adds no unreviewed file implementation; integration combinations not executed
libqtdevices	ddf26ee9ace4ce8578dff818b2ce6c4f8216bd3c	0f8c23f7b620374c4b82834e7ab0bc207aaf2da5	devices/entryphone_device.cpp	0000000000000000000000000000000000000000	326f28af2441784c068bd8d2278f1165799da12d	-	a6b73d9e103eebc83a7ca2c6746484446b2b392bfe3ace783b2a35d181b42657	historical-touchscreen-client	exact-reviewed-endpoint-blob-reuse	corroborates	functional/who-8-video-door-entry-telephony/README.md	Every changed endpoint blob is identical to a core-ledger source/test endpoint already semantically reviewed; merge/removal adds no unreviewed file implementation; integration combinations not executed
libqtdevices	ddf26ee9ace4ce8578dff818b2ce6c4f8216bd3c	0f8c23f7b620374c4b82834e7ab0bc207aaf2da5	devices/entryphone_device.h	0000000000000000000000000000000000000000	fc34edbfe5ceeb796831cc40fbbbdf8badfcacb5	-	c4131f98ba8be84048d7f81016ec5c7c540063d418809f86e0269193baa084aa	historical-touchscreen-client	exact-reviewed-endpoint-blob-reuse	corroborates	functional/who-8-video-door-entry-telephony/README.md	Every changed endpoint blob is identical to a core-ledger source/test endpoint already semantically reviewed; merge/removal adds no unreviewed file implementation; integration combinations not executed
libqtdevices	ddf26ee9ace4ce8578dff818b2ce6c4f8216bd3c	0f8c23f7b620374c4b82834e7ab0bc207aaf2da5	devices/test/test_entryphone_device.cpp	0000000000000000000000000000000000000000	5da461fcb0a48298abfe1824c6a92923285bb630	-	3d273a31d2f7ba777561a933355d4b7f31841ef69d9d229bdc370da9d530e3cd	historical-touchscreen-client	exact-reviewed-endpoint-blob-reuse	corroborates	functional/who-8-video-door-entry-telephony/README.md	Every changed endpoint blob is identical to a core-ledger source/test endpoint already semantically reviewed; merge/removal adds no unreviewed file implementation; integration combinations not executed
libqtdevices	ddf26ee9ace4ce8578dff818b2ce6c4f8216bd3c	0f8c23f7b620374c4b82834e7ab0bc207aaf2da5	devices/test/test_entryphone_device.h	0000000000000000000000000000000000000000	7648abb3331af7f757e536cbfa11b55e5f4973bb	-	b7a4676ff9933d0935e11c4074033b41edcfc9898b05fc08e555cc2d93c370ef	historical-touchscreen-client	exact-reviewed-endpoint-blob-reuse	corroborates	functional/who-8-video-door-entry-telephony/README.md	Every changed endpoint blob is identical to a core-ledger source/test endpoint already semantically reviewed; merge/removal adds no unreviewed file implementation; integration combinations not executed
libqtdevices	646a429cff6dfdb2f722b0d3f522bab2cfeba6ca	ee1974797eaf0da6d6d40b9b115b947cbf83d984	devices/entryphone_device.cpp	0000000000000000000000000000000000000000	326f28af2441784c068bd8d2278f1165799da12d	-	a6b73d9e103eebc83a7ca2c6746484446b2b392bfe3ace783b2a35d181b42657	historical-touchscreen-client	exact-reviewed-endpoint-blob-reuse	corroborates	functional/who-8-video-door-entry-telephony/README.md	Every changed endpoint blob is identical to a core-ledger source/test endpoint already semantically reviewed; merge/removal adds no unreviewed file implementation; integration combinations not executed
libqtdevices	646a429cff6dfdb2f722b0d3f522bab2cfeba6ca	ee1974797eaf0da6d6d40b9b115b947cbf83d984	devices/entryphone_device.h	0000000000000000000000000000000000000000	fc34edbfe5ceeb796831cc40fbbbdf8badfcacb5	-	c4131f98ba8be84048d7f81016ec5c7c540063d418809f86e0269193baa084aa	historical-touchscreen-client	exact-reviewed-endpoint-blob-reuse	corroborates	functional/who-8-video-door-entry-telephony/README.md	Every changed endpoint blob is identical to a core-ledger source/test endpoint already semantically reviewed; merge/removal adds no unreviewed file implementation; integration combinations not executed
libqtdevices	646a429cff6dfdb2f722b0d3f522bab2cfeba6ca	ee1974797eaf0da6d6d40b9b115b947cbf83d984	devices/test/test_entryphone_device.cpp	0000000000000000000000000000000000000000	5da461fcb0a48298abfe1824c6a92923285bb630	-	3d273a31d2f7ba777561a933355d4b7f31841ef69d9d229bdc370da9d530e3cd	historical-touchscreen-client	exact-reviewed-endpoint-blob-reuse	corroborates	functional/who-8-video-door-entry-telephony/README.md	Every changed endpoint blob is identical to a core-ledger source/test endpoint already semantically reviewed; merge/removal adds no unreviewed file implementation; integration combinations not executed
libqtdevices	646a429cff6dfdb2f722b0d3f522bab2cfeba6ca	ee1974797eaf0da6d6d40b9b115b947cbf83d984	devices/test/test_entryphone_device.h	0000000000000000000000000000000000000000	7648abb3331af7f757e536cbfa11b55e5f4973bb	-	b7a4676ff9933d0935e11c4074033b41edcfc9898b05fc08e555cc2d93c370ef	historical-touchscreen-client	exact-reviewed-endpoint-blob-reuse	corroborates	functional/who-8-video-door-entry-telephony/README.md	Every changed endpoint blob is identical to a core-ledger source/test endpoint already semantically reviewed; merge/removal adds no unreviewed file implementation; integration combinations not executed
libqtdevices	13903a747c14d658fc4a69f0a76371797ad8ab7e	1e23b28a01c4daf6723dfc7ec2623b9464a0b862	devices/entryphone_device.cpp	0000000000000000000000000000000000000000	326f28af2441784c068bd8d2278f1165799da12d	-	a6b73d9e103eebc83a7ca2c6746484446b2b392bfe3ace783b2a35d181b42657	historical-touchscreen-client	exact-reviewed-endpoint-blob-reuse	corroborates	functional/who-8-video-door-entry-telephony/README.md	Every changed endpoint blob is identical to a core-ledger source/test endpoint already semantically reviewed; merge/removal adds no unreviewed file implementation; integration combinations not executed
libqtdevices	13903a747c14d658fc4a69f0a76371797ad8ab7e	1e23b28a01c4daf6723dfc7ec2623b9464a0b862	devices/entryphone_device.h	0000000000000000000000000000000000000000	fc34edbfe5ceeb796831cc40fbbbdf8badfcacb5	-	c4131f98ba8be84048d7f81016ec5c7c540063d418809f86e0269193baa084aa	historical-touchscreen-client	exact-reviewed-endpoint-blob-reuse	corroborates	functional/who-8-video-door-entry-telephony/README.md	Every changed endpoint blob is identical to a core-ledger source/test endpoint already semantically reviewed; merge/removal adds no unreviewed file implementation; integration combinations not executed
libqtdevices	13903a747c14d658fc4a69f0a76371797ad8ab7e	1e23b28a01c4daf6723dfc7ec2623b9464a0b862	devices/test/test_entryphone_device.cpp	0000000000000000000000000000000000000000	5da461fcb0a48298abfe1824c6a92923285bb630	-	3d273a31d2f7ba777561a933355d4b7f31841ef69d9d229bdc370da9d530e3cd	historical-touchscreen-client	exact-reviewed-endpoint-blob-reuse	corroborates	functional/who-8-video-door-entry-telephony/README.md	Every changed endpoint blob is identical to a core-ledger source/test endpoint already semantically reviewed; merge/removal adds no unreviewed file implementation; integration combinations not executed
libqtdevices	13903a747c14d658fc4a69f0a76371797ad8ab7e	1e23b28a01c4daf6723dfc7ec2623b9464a0b862	devices/test/test_entryphone_device.h	0000000000000000000000000000000000000000	7648abb3331af7f757e536cbfa11b55e5f4973bb	-	b7a4676ff9933d0935e11c4074033b41edcfc9898b05fc08e555cc2d93c370ef	historical-touchscreen-client	exact-reviewed-endpoint-blob-reuse	corroborates	functional/who-8-video-door-entry-telephony/README.md	Every changed endpoint blob is identical to a core-ledger source/test endpoint already semantically reviewed; merge/removal adds no unreviewed file implementation; integration combinations not executed
libqtdevices	7376213f5e102fef5f376923975d1020849b2dbc	9b22732cb8d15aaeeecba013d60f3071e838ef75	entryphone_device.cpp	0000000000000000000000000000000000000000	326f28af2441784c068bd8d2278f1165799da12d	-	a6b73d9e103eebc83a7ca2c6746484446b2b392bfe3ace783b2a35d181b42657	historical-touchscreen-client	exact-reviewed-endpoint-blob-reuse	corroborates	functional/who-8-video-door-entry-telephony/README.md	Every changed endpoint blob is identical to a core-ledger source/test endpoint already semantically reviewed; merge/removal adds no unreviewed file implementation; integration combinations not executed
libqtdevices	7376213f5e102fef5f376923975d1020849b2dbc	9b22732cb8d15aaeeecba013d60f3071e838ef75	entryphone_device.h	0000000000000000000000000000000000000000	fc34edbfe5ceeb796831cc40fbbbdf8badfcacb5	-	c4131f98ba8be84048d7f81016ec5c7c540063d418809f86e0269193baa084aa	historical-touchscreen-client	exact-reviewed-endpoint-blob-reuse	corroborates	functional/who-8-video-door-entry-telephony/README.md	Every changed endpoint blob is identical to a core-ledger source/test endpoint already semantically reviewed; merge/removal adds no unreviewed file implementation; integration combinations not executed
libqtdevices	7376213f5e102fef5f376923975d1020849b2dbc	9b22732cb8d15aaeeecba013d60f3071e838ef75	test/test_entryphone_device.cpp	0000000000000000000000000000000000000000	5da461fcb0a48298abfe1824c6a92923285bb630	-	3d273a31d2f7ba777561a933355d4b7f31841ef69d9d229bdc370da9d530e3cd	historical-touchscreen-client	exact-reviewed-endpoint-blob-reuse	corroborates	functional/who-8-video-door-entry-telephony/README.md	Every changed endpoint blob is identical to a core-ledger source/test endpoint already semantically reviewed; merge/removal adds no unreviewed file implementation; integration combinations not executed
libqtdevices	7376213f5e102fef5f376923975d1020849b2dbc	9b22732cb8d15aaeeecba013d60f3071e838ef75	test/test_entryphone_device.h	0000000000000000000000000000000000000000	7648abb3331af7f757e536cbfa11b55e5f4973bb	-	b7a4676ff9933d0935e11c4074033b41edcfc9898b05fc08e555cc2d93c370ef	historical-touchscreen-client	exact-reviewed-endpoint-blob-reuse	corroborates	functional/who-8-video-door-entry-telephony/README.md	Every changed endpoint blob is identical to a core-ledger source/test endpoint already semantically reviewed; merge/removal adds no unreviewed file implementation; integration combinations not executed
libqtdevices	e4bc420bd7626da97d5fae44117abfc9b5fd4c73	ade1df11f4cfb85d05bfe728da9d6ce32ba2a73e	entryphone_device.cpp	73f364deca32e734f81683dab776cdbebde5781a	326f28af2441784c068bd8d2278f1165799da12d	2de6a3e3448fd7db12cf569c0015cdf3b3c01a210f7fa79fa5b1befe0e8d8ab7	a6b73d9e103eebc83a7ca2c6746484446b2b392bfe3ace783b2a35d181b42657	historical-touchscreen-client	exact-reviewed-endpoint-blob-reuse	corroborates	functional/who-8-video-door-entry-telephony/README.md	Every changed endpoint blob is identical to a core-ledger source/test endpoint already semantically reviewed; merge/removal adds no unreviewed file implementation; integration combinations not executed
libqtdevices	e4bc420bd7626da97d5fae44117abfc9b5fd4c73	ade1df11f4cfb85d05bfe728da9d6ce32ba2a73e	entryphone_device.h	a5cfc16a1a625bcf540890058f3a0f8d36dd29ee	fc34edbfe5ceeb796831cc40fbbbdf8badfcacb5	e380732429f56e3225deb99889c5a4328769388810ce1eec6692d9b1192ee262	c4131f98ba8be84048d7f81016ec5c7c540063d418809f86e0269193baa084aa	historical-touchscreen-client	exact-reviewed-endpoint-blob-reuse	corroborates	functional/who-8-video-door-entry-telephony/README.md	Every changed endpoint blob is identical to a core-ledger source/test endpoint already semantically reviewed; merge/removal adds no unreviewed file implementation; integration combinations not executed
libqtdevices	e4bc420bd7626da97d5fae44117abfc9b5fd4c73	ade1df11f4cfb85d05bfe728da9d6ce32ba2a73e	test/test_entryphone_device.cpp	808a110d43bcbd9d5842cf60bc959595dcae939b	5da461fcb0a48298abfe1824c6a92923285bb630	4c26f52736da42a5f82a33e49afaf2e2255ebc277e30d1a5ac80fdf2b5bf6110	3d273a31d2f7ba777561a933355d4b7f31841ef69d9d229bdc370da9d530e3cd	historical-touchscreen-client	exact-reviewed-endpoint-blob-reuse	corroborates	functional/who-8-video-door-entry-telephony/README.md	Every changed endpoint blob is identical to a core-ledger source/test endpoint already semantically reviewed; merge/removal adds no unreviewed file implementation; integration combinations not executed
libqtdevices	e4bc420bd7626da97d5fae44117abfc9b5fd4c73	ade1df11f4cfb85d05bfe728da9d6ce32ba2a73e	test/test_entryphone_device.h	e23cb562c76c3935847d8047118b802e2e459efa	7648abb3331af7f757e536cbfa11b55e5f4973bb	fb520976b4a016a510442a9d1881e290972870244f1333dff1ddc7b5359e30f4	b7a4676ff9933d0935e11c4074033b41edcfc9898b05fc08e555cc2d93c370ef	historical-touchscreen-client	exact-reviewed-endpoint-blob-reuse	corroborates	functional/who-8-video-door-entry-telephony/README.md	Every changed endpoint blob is identical to a core-ledger source/test endpoint already semantically reviewed; merge/removal adds no unreviewed file implementation; integration combinations not executed
libqtdevices	a0916ac96387da027bde61cb6ac13b817598006b	62b70b6648db989dfd0a0db2ed48a6aef800dc34	entryphone_device.cpp	82fa69a20e6825807301c735595331c391aa7a0d	73f364deca32e734f81683dab776cdbebde5781a	32ee96b072207492ab369f27d40a8f65ff31b19083dc55183ec2c9d809fd4cc1	2de6a3e3448fd7db12cf569c0015cdf3b3c01a210f7fa79fa5b1befe0e8d8ab7	historical-touchscreen-client	exact-reviewed-endpoint-blob-reuse	corroborates	functional/who-8-video-door-entry-telephony/README.md	Every changed endpoint blob is identical to a core-ledger source/test endpoint already semantically reviewed; merge/removal adds no unreviewed file implementation; integration combinations not executed
libqtdevices	a0916ac96387da027bde61cb6ac13b817598006b	62b70b6648db989dfd0a0db2ed48a6aef800dc34	entryphone_device.h	6bc2ddbc48603b53e12d3bb0d569c7308f5ca225	a5cfc16a1a625bcf540890058f3a0f8d36dd29ee	14968af9a576825f32f1908c947ed0fd0ef71a13216a358f146d1e34a5d54795	e380732429f56e3225deb99889c5a4328769388810ce1eec6692d9b1192ee262	historical-touchscreen-client	exact-reviewed-endpoint-blob-reuse	corroborates	functional/who-8-video-door-entry-telephony/README.md	Every changed endpoint blob is identical to a core-ledger source/test endpoint already semantically reviewed; merge/removal adds no unreviewed file implementation; integration combinations not executed
libqtdevices	a0916ac96387da027bde61cb6ac13b817598006b	62b70b6648db989dfd0a0db2ed48a6aef800dc34	test/test_entryphone_device.cpp	df807a1646eaf5cbe427f1ed0c3165d5df618295	808a110d43bcbd9d5842cf60bc959595dcae939b	7d30685ba20ab3571640bbe519114ad98a61d646311bb57470843990ab6eb63e	4c26f52736da42a5f82a33e49afaf2e2255ebc277e30d1a5ac80fdf2b5bf6110	historical-touchscreen-client	exact-reviewed-endpoint-blob-reuse	corroborates	functional/who-8-video-door-entry-telephony/README.md	Every changed endpoint blob is identical to a core-ledger source/test endpoint already semantically reviewed; merge/removal adds no unreviewed file implementation; integration combinations not executed
libqtdevices	a0916ac96387da027bde61cb6ac13b817598006b	62b70b6648db989dfd0a0db2ed48a6aef800dc34	test/test_entryphone_device.h	4c4c6bbf1a9466acde02435839dd9b0148c560bc	e23cb562c76c3935847d8047118b802e2e459efa	4c547b46ab48d5960dfb0b6032150a3cd12f3dae9f297c617e91defe9dffe036	fb520976b4a016a510442a9d1881e290972870244f1333dff1ddc7b5359e30f4	historical-touchscreen-client	exact-reviewed-endpoint-blob-reuse	corroborates	functional/who-8-video-door-entry-telephony/README.md	Every changed endpoint blob is identical to a core-ledger source/test endpoint already semantically reviewed; merge/removal adds no unreviewed file implementation; integration combinations not executed
libqtdevices	cebb12d753633ab8d1bb40bddcf42b2d3fd1cc5f	dfc0e3317e248d72e41702c7bc23f8a19042f9e8	entryphone_device.cpp	82fa69a20e6825807301c735595331c391aa7a0d	73f364deca32e734f81683dab776cdbebde5781a	32ee96b072207492ab369f27d40a8f65ff31b19083dc55183ec2c9d809fd4cc1	2de6a3e3448fd7db12cf569c0015cdf3b3c01a210f7fa79fa5b1befe0e8d8ab7	historical-touchscreen-client	exact-reviewed-endpoint-blob-reuse	corroborates	functional/who-8-video-door-entry-telephony/README.md	Every changed endpoint blob is identical to a core-ledger source/test endpoint already semantically reviewed; merge/removal adds no unreviewed file implementation; integration combinations not executed
libqtdevices	cebb12d753633ab8d1bb40bddcf42b2d3fd1cc5f	dfc0e3317e248d72e41702c7bc23f8a19042f9e8	entryphone_device.h	6bc2ddbc48603b53e12d3bb0d569c7308f5ca225	a5cfc16a1a625bcf540890058f3a0f8d36dd29ee	14968af9a576825f32f1908c947ed0fd0ef71a13216a358f146d1e34a5d54795	e380732429f56e3225deb99889c5a4328769388810ce1eec6692d9b1192ee262	historical-touchscreen-client	exact-reviewed-endpoint-blob-reuse	corroborates	functional/who-8-video-door-entry-telephony/README.md	Every changed endpoint blob is identical to a core-ledger source/test endpoint already semantically reviewed; merge/removal adds no unreviewed file implementation; integration combinations not executed
libqtdevices	cebb12d753633ab8d1bb40bddcf42b2d3fd1cc5f	dfc0e3317e248d72e41702c7bc23f8a19042f9e8	test/test_entryphone_device.cpp	df807a1646eaf5cbe427f1ed0c3165d5df618295	808a110d43bcbd9d5842cf60bc959595dcae939b	7d30685ba20ab3571640bbe519114ad98a61d646311bb57470843990ab6eb63e	4c26f52736da42a5f82a33e49afaf2e2255ebc277e30d1a5ac80fdf2b5bf6110	historical-touchscreen-client	exact-reviewed-endpoint-blob-reuse	corroborates	functional/who-8-video-door-entry-telephony/README.md	Every changed endpoint blob is identical to a core-ledger source/test endpoint already semantically reviewed; merge/removal adds no unreviewed file implementation; integration combinations not executed
libqtdevices	cebb12d753633ab8d1bb40bddcf42b2d3fd1cc5f	dfc0e3317e248d72e41702c7bc23f8a19042f9e8	test/test_entryphone_device.h	4c4c6bbf1a9466acde02435839dd9b0148c560bc	e23cb562c76c3935847d8047118b802e2e459efa	4c547b46ab48d5960dfb0b6032150a3cd12f3dae9f297c617e91defe9dffe036	fb520976b4a016a510442a9d1881e290972870244f1333dff1ddc7b5359e30f4	historical-touchscreen-client	exact-reviewed-endpoint-blob-reuse	corroborates	functional/who-8-video-door-entry-telephony/README.md	Every changed endpoint blob is identical to a core-ledger source/test endpoint already semantically reviewed; merge/removal adds no unreviewed file implementation; integration combinations not executed
libqtdevices	b37b8087953a013d527724ba480c9eeee486c717	47217a482891acfff46898e39ee6ea7782f02007	entryphone_device.cpp	0000000000000000000000000000000000000000	82fa69a20e6825807301c735595331c391aa7a0d	-	32ee96b072207492ab369f27d40a8f65ff31b19083dc55183ec2c9d809fd4cc1	historical-touchscreen-client	exact-reviewed-endpoint-blob-reuse	corroborates	functional/who-8-video-door-entry-telephony/README.md	Every changed endpoint blob is identical to a core-ledger source/test endpoint already semantically reviewed; merge/removal adds no unreviewed file implementation; integration combinations not executed
libqtdevices	b37b8087953a013d527724ba480c9eeee486c717	47217a482891acfff46898e39ee6ea7782f02007	entryphone_device.h	0000000000000000000000000000000000000000	6bc2ddbc48603b53e12d3bb0d569c7308f5ca225	-	14968af9a576825f32f1908c947ed0fd0ef71a13216a358f146d1e34a5d54795	historical-touchscreen-client	exact-reviewed-endpoint-blob-reuse	corroborates	functional/who-8-video-door-entry-telephony/README.md	Every changed endpoint blob is identical to a core-ledger source/test endpoint already semantically reviewed; merge/removal adds no unreviewed file implementation; integration combinations not executed
libqtdevices	b37b8087953a013d527724ba480c9eeee486c717	47217a482891acfff46898e39ee6ea7782f02007	test/test_entryphone_device.cpp	0000000000000000000000000000000000000000	df807a1646eaf5cbe427f1ed0c3165d5df618295	-	7d30685ba20ab3571640bbe519114ad98a61d646311bb57470843990ab6eb63e	historical-touchscreen-client	exact-reviewed-endpoint-blob-reuse	corroborates	functional/who-8-video-door-entry-telephony/README.md	Every changed endpoint blob is identical to a core-ledger source/test endpoint already semantically reviewed; merge/removal adds no unreviewed file implementation; integration combinations not executed
libqtdevices	b37b8087953a013d527724ba480c9eeee486c717	47217a482891acfff46898e39ee6ea7782f02007	test/test_entryphone_device.h	0000000000000000000000000000000000000000	4c4c6bbf1a9466acde02435839dd9b0148c560bc	-	4c547b46ab48d5960dfb0b6032150a3cd12f3dae9f297c617e91defe9dffe036	historical-touchscreen-client	exact-reviewed-endpoint-blob-reuse	corroborates	functional/who-8-video-door-entry-telephony/README.md	Every changed endpoint blob is identical to a core-ledger source/test endpoint already semantically reviewed; merge/removal adds no unreviewed file implementation; integration combinations not executed
libqtdevices	e186d1bcf21f3dfa49d7b7607d5738ac3e763823	8c03e2a3a0cea135dedca6bfdaf0d4e824d41581	entryphone_device.cpp	0000000000000000000000000000000000000000	82fa69a20e6825807301c735595331c391aa7a0d	-	32ee96b072207492ab369f27d40a8f65ff31b19083dc55183ec2c9d809fd4cc1	historical-touchscreen-client	exact-reviewed-endpoint-blob-reuse	corroborates	functional/who-8-video-door-entry-telephony/README.md	Every changed endpoint blob is identical to a core-ledger source/test endpoint already semantically reviewed; merge/removal adds no unreviewed file implementation; integration combinations not executed
libqtdevices	e186d1bcf21f3dfa49d7b7607d5738ac3e763823	8c03e2a3a0cea135dedca6bfdaf0d4e824d41581	entryphone_device.h	0000000000000000000000000000000000000000	6bc2ddbc48603b53e12d3bb0d569c7308f5ca225	-	14968af9a576825f32f1908c947ed0fd0ef71a13216a358f146d1e34a5d54795	historical-touchscreen-client	exact-reviewed-endpoint-blob-reuse	corroborates	functional/who-8-video-door-entry-telephony/README.md	Every changed endpoint blob is identical to a core-ledger source/test endpoint already semantically reviewed; merge/removal adds no unreviewed file implementation; integration combinations not executed
libqtdevices	e186d1bcf21f3dfa49d7b7607d5738ac3e763823	8c03e2a3a0cea135dedca6bfdaf0d4e824d41581	test/test_entryphone_device.cpp	0000000000000000000000000000000000000000	df807a1646eaf5cbe427f1ed0c3165d5df618295	-	7d30685ba20ab3571640bbe519114ad98a61d646311bb57470843990ab6eb63e	historical-touchscreen-client	exact-reviewed-endpoint-blob-reuse	corroborates	functional/who-8-video-door-entry-telephony/README.md	Every changed endpoint blob is identical to a core-ledger source/test endpoint already semantically reviewed; merge/removal adds no unreviewed file implementation; integration combinations not executed
libqtdevices	e186d1bcf21f3dfa49d7b7607d5738ac3e763823	8c03e2a3a0cea135dedca6bfdaf0d4e824d41581	test/test_entryphone_device.h	0000000000000000000000000000000000000000	4c4c6bbf1a9466acde02435839dd9b0148c560bc	-	4c547b46ab48d5960dfb0b6032150a3cd12f3dae9f297c617e91defe9dffe036	historical-touchscreen-client	exact-reviewed-endpoint-blob-reuse	corroborates	functional/who-8-video-door-entry-telephony/README.md	Every changed endpoint blob is identical to a core-ledger source/test endpoint already semantically reviewed; merge/removal adds no unreviewed file implementation; integration combinations not executed
libqtdevices	4e10b9b4ecc198c0d91aeae079222cdccf4fc535	05598b64edd443b60d9196cf1a2286a611a0bfea	entryphone_device.cpp	55c83babc08a225b48b5fbb704392c1013f3b8fb	82fa69a20e6825807301c735595331c391aa7a0d	6c9c6f2fe4e8e0b57c0bd024bcc83780e1cd0c0edf594b761df6c01d9092273a	32ee96b072207492ab369f27d40a8f65ff31b19083dc55183ec2c9d809fd4cc1	historical-touchscreen-client	exact-reviewed-endpoint-blob-reuse	corroborates	functional/who-8-video-door-entry-telephony/README.md	Every changed endpoint blob is identical to a core-ledger source/test endpoint already semantically reviewed; merge/removal adds no unreviewed file implementation; integration combinations not executed
libqtdevices	1d2614fb797f239cdf44ae20ae35a7881aa4b5af	f412fcd4ec9ab012ce1db3b1db5e34055b35abbf	entryphone_device.cpp	f7d5d36ae04713c82b26d4a7ae50362af1c2c2c7	55c83babc08a225b48b5fbb704392c1013f3b8fb	651e953086535565ebc9956bb91270cb107a050f4d93fa6753fa1e04ff281a7e	6c9c6f2fe4e8e0b57c0bd024bcc83780e1cd0c0edf594b761df6c01d9092273a	historical-touchscreen-client	exact-reviewed-endpoint-blob-reuse	corroborates	functional/who-8-video-door-entry-telephony/README.md	Every changed endpoint blob is identical to a core-ledger source/test endpoint already semantically reviewed; merge/removal adds no unreviewed file implementation; integration combinations not executed
libqtdevices	1d2614fb797f239cdf44ae20ae35a7881aa4b5af	f412fcd4ec9ab012ce1db3b1db5e34055b35abbf	entryphone_device.h	250def13d167a4ee284bdf36c03403da7a3d708b	f6c217594727ca9480c6620053fe7d8c8c93fcd6	79815439e8a1a29f81c3a2a5c0d337964a53b05324a3968081fbe4ad1ce2b55c	edce38de29a561067d63d2d4ebcbdfd3ad67efc57425d0dfb5db9c553b10a6ea	historical-touchscreen-client	exact-reviewed-endpoint-blob-reuse	corroborates	functional/who-8-video-door-entry-telephony/README.md	Every changed endpoint blob is identical to a core-ledger source/test endpoint already semantically reviewed; merge/removal adds no unreviewed file implementation; integration combinations not executed
libqtdevices	7841717187cd2e70cb3ae25b2fd483ca38a2a122	bfede3a9e34e0eaa4a01e798be8012b40b2ab84e	entryphone_device.cpp	8e6e84742297cf62027a0884d38591c99d56a8bc	f7d5d36ae04713c82b26d4a7ae50362af1c2c2c7	dfbeb0bd8c9af59c8e115f13f815f9c0ddfc07988837e01b20190c068c3d75b5	651e953086535565ebc9956bb91270cb107a050f4d93fa6753fa1e04ff281a7e	historical-touchscreen-client	exact-reviewed-endpoint-blob-reuse	corroborates	functional/who-8-video-door-entry-telephony/README.md	Every changed endpoint blob is identical to a core-ledger source/test endpoint already semantically reviewed; merge/removal adds no unreviewed file implementation; integration combinations not executed
libqtdevices	acb925a3305cc3b80e719ee6bfcf918d9ebc963d	d99978789c5d887050e7c2f0708365aea1fc3e91	entryphone_device.cpp	0000000000000000000000000000000000000000	8e6e84742297cf62027a0884d38591c99d56a8bc	-	dfbeb0bd8c9af59c8e115f13f815f9c0ddfc07988837e01b20190c068c3d75b5	historical-touchscreen-client	exact-reviewed-endpoint-blob-reuse	corroborates	functional/who-8-video-door-entry-telephony/README.md	Every changed endpoint blob is identical to a core-ledger source/test endpoint already semantically reviewed; merge/removal adds no unreviewed file implementation; integration combinations not executed
libqtdevices	acb925a3305cc3b80e719ee6bfcf918d9ebc963d	d99978789c5d887050e7c2f0708365aea1fc3e91	entryphone_device.h	0000000000000000000000000000000000000000	250def13d167a4ee284bdf36c03403da7a3d708b	-	79815439e8a1a29f81c3a2a5c0d337964a53b05324a3968081fbe4ad1ce2b55c	historical-touchscreen-client	exact-reviewed-endpoint-blob-reuse	corroborates	functional/who-8-video-door-entry-telephony/README.md	Every changed endpoint blob is identical to a core-ledger source/test endpoint already semantically reviewed; merge/removal adds no unreviewed file implementation; integration combinations not executed
libqtdevices	acb925a3305cc3b80e719ee6bfcf918d9ebc963d	d99978789c5d887050e7c2f0708365aea1fc3e91	test/test_entryphone_device.cpp	0000000000000000000000000000000000000000	df807a1646eaf5cbe427f1ed0c3165d5df618295	-	7d30685ba20ab3571640bbe519114ad98a61d646311bb57470843990ab6eb63e	historical-touchscreen-client	exact-reviewed-endpoint-blob-reuse	corroborates	functional/who-8-video-door-entry-telephony/README.md	Every changed endpoint blob is identical to a core-ledger source/test endpoint already semantically reviewed; merge/removal adds no unreviewed file implementation; integration combinations not executed
libqtdevices	acb925a3305cc3b80e719ee6bfcf918d9ebc963d	d99978789c5d887050e7c2f0708365aea1fc3e91	test/test_entryphone_device.h	0000000000000000000000000000000000000000	4c4c6bbf1a9466acde02435839dd9b0148c560bc	-	4c547b46ab48d5960dfb0b6032150a3cd12f3dae9f297c617e91defe9dffe036	historical-touchscreen-client	exact-reviewed-endpoint-blob-reuse	corroborates	functional/who-8-video-door-entry-telephony/README.md	Every changed endpoint blob is identical to a core-ledger source/test endpoint already semantically reviewed; merge/removal adds no unreviewed file implementation; integration combinations not executed
libqtdevices	062b0a77fb563a017d1efbf7bfb22cd8c0b69aa0	1c8b655fb28f8ad715e35d59b4e1d7f53e6eed67	entryphone_device.cpp	0000000000000000000000000000000000000000	8e6e84742297cf62027a0884d38591c99d56a8bc	-	dfbeb0bd8c9af59c8e115f13f815f9c0ddfc07988837e01b20190c068c3d75b5	historical-touchscreen-client	exact-reviewed-endpoint-blob-reuse	corroborates	functional/who-8-video-door-entry-telephony/README.md	Every changed endpoint blob is identical to a core-ledger source/test endpoint already semantically reviewed; merge/removal adds no unreviewed file implementation; integration combinations not executed
libqtdevices	062b0a77fb563a017d1efbf7bfb22cd8c0b69aa0	1c8b655fb28f8ad715e35d59b4e1d7f53e6eed67	entryphone_device.h	0000000000000000000000000000000000000000	250def13d167a4ee284bdf36c03403da7a3d708b	-	79815439e8a1a29f81c3a2a5c0d337964a53b05324a3968081fbe4ad1ce2b55c	historical-touchscreen-client	exact-reviewed-endpoint-blob-reuse	corroborates	functional/who-8-video-door-entry-telephony/README.md	Every changed endpoint blob is identical to a core-ledger source/test endpoint already semantically reviewed; merge/removal adds no unreviewed file implementation; integration combinations not executed
libqtdevices	062b0a77fb563a017d1efbf7bfb22cd8c0b69aa0	1c8b655fb28f8ad715e35d59b4e1d7f53e6eed67	test/test_entryphone_device.cpp	0000000000000000000000000000000000000000	df807a1646eaf5cbe427f1ed0c3165d5df618295	-	7d30685ba20ab3571640bbe519114ad98a61d646311bb57470843990ab6eb63e	historical-touchscreen-client	exact-reviewed-endpoint-blob-reuse	corroborates	functional/who-8-video-door-entry-telephony/README.md	Every changed endpoint blob is identical to a core-ledger source/test endpoint already semantically reviewed; merge/removal adds no unreviewed file implementation; integration combinations not executed
libqtdevices	062b0a77fb563a017d1efbf7bfb22cd8c0b69aa0	1c8b655fb28f8ad715e35d59b4e1d7f53e6eed67	test/test_entryphone_device.h	0000000000000000000000000000000000000000	4c4c6bbf1a9466acde02435839dd9b0148c560bc	-	4c547b46ab48d5960dfb0b6032150a3cd12f3dae9f297c617e91defe9dffe036	historical-touchscreen-client	exact-reviewed-endpoint-blob-reuse	corroborates	functional/who-8-video-door-entry-telephony/README.md	Every changed endpoint blob is identical to a core-ledger source/test endpoint already semantically reviewed; merge/removal adds no unreviewed file implementation; integration combinations not executed
libqtdevices	79e06972a3ce4e194d2b7fa90a959806e60dc42f	84f5ad88490bf174a5c819eecc386c1a469bcd8d	entryphone_device.cpp	4f68a6a6ff7051c731e6bad0e74d9a60e5cbeb2b	7ce23cf79c4c281a88f27494ddf641c9c34a23a3	8ac4ef822fa72bf3050c201160647648df358fc124466ba415612d3451fcd367	4209d532b8cd9657515e9cf570d5265ba772feacec92bee07b1b14e19acda17e	historical-touchscreen-client	exact-reviewed-endpoint-blob-reuse	corroborates	functional/who-8-video-door-entry-telephony/README.md	Every changed endpoint blob is identical to a core-ledger source/test endpoint already semantically reviewed; merge/removal adds no unreviewed file implementation; integration combinations not executed
libqtdevices	79e06972a3ce4e194d2b7fa90a959806e60dc42f	84f5ad88490bf174a5c819eecc386c1a469bcd8d	entryphone_device.h	d1b760cfbbdc3e334055a997f1b94259c469fe1e	c1c2f519f9ca3dc369d6fc1dacda758653a2c7bb	ad7cc252d178fe4d967b066f98e3039e21cdd66891ae6642b14f440c8f4903d8	475f7d6e55176e0dca9112f98b1fd45f96b0c9adeb8740a4917aae1a7080de0c	historical-touchscreen-client	exact-reviewed-endpoint-blob-reuse	corroborates	functional/who-8-video-door-entry-telephony/README.md	Every changed endpoint blob is identical to a core-ledger source/test endpoint already semantically reviewed; merge/removal adds no unreviewed file implementation; integration combinations not executed
libqtdevices	79e06972a3ce4e194d2b7fa90a959806e60dc42f	84f5ad88490bf174a5c819eecc386c1a469bcd8d	test/test_entryphone_device.cpp	0e6c6dc1fa420e1fdb4579dcabc042ca6bbbbbf8	df807a1646eaf5cbe427f1ed0c3165d5df618295	eb61f1045de156bfe57887cf3b4a03910734e1cb2a2ee31dca76a45b6282a4a0	7d30685ba20ab3571640bbe519114ad98a61d646311bb57470843990ab6eb63e	historical-touchscreen-client	exact-reviewed-endpoint-blob-reuse	corroborates	functional/who-8-video-door-entry-telephony/README.md	Every changed endpoint blob is identical to a core-ledger source/test endpoint already semantically reviewed; merge/removal adds no unreviewed file implementation; integration combinations not executed
libqtdevices	79e06972a3ce4e194d2b7fa90a959806e60dc42f	84f5ad88490bf174a5c819eecc386c1a469bcd8d	test/test_entryphone_device.h	896523e4fd081199a9bbb879af56f75b6b8b78a7	4c4c6bbf1a9466acde02435839dd9b0148c560bc	ef867a21f70ed31782855e386f5b72c0da161a931c51a60ddd4662ca4023610c	4c547b46ab48d5960dfb0b6032150a3cd12f3dae9f297c617e91defe9dffe036	historical-touchscreen-client	exact-reviewed-endpoint-blob-reuse	corroborates	functional/who-8-video-door-entry-telephony/README.md	Every changed endpoint blob is identical to a core-ledger source/test endpoint already semantically reviewed; merge/removal adds no unreviewed file implementation; integration combinations not executed
libqtdevices	434ed00b185fe8f9e396a9657636c2540202fa80	4dcd420db9c07ae37c0350fea89456f23e9b695b	entryphone_device.cpp	4f68a6a6ff7051c731e6bad0e74d9a60e5cbeb2b	82c8fa176657c52bb4aac99e095235e4881806dd	8ac4ef822fa72bf3050c201160647648df358fc124466ba415612d3451fcd367	4aa44888c6a8b6df6da978f352d5cfe83763c0910b1ce7f7252dd7e987bd9d94	historical-touchscreen-client	exact-reviewed-endpoint-blob-reuse	corroborates	functional/who-8-video-door-entry-telephony/README.md	Every changed endpoint blob is identical to a core-ledger source/test endpoint already semantically reviewed; merge/removal adds no unreviewed file implementation; integration combinations not executed
libqtdevices	434ed00b185fe8f9e396a9657636c2540202fa80	4dcd420db9c07ae37c0350fea89456f23e9b695b	entryphone_device.h	d1b760cfbbdc3e334055a997f1b94259c469fe1e	5995a1ffa17dc9b6fda8f799356ed43220bd3598	ad7cc252d178fe4d967b066f98e3039e21cdd66891ae6642b14f440c8f4903d8	f22235a023d0582d01793749c9ef11854663c9020def0a8e1e827fb3be023958	historical-touchscreen-client	exact-reviewed-endpoint-blob-reuse	corroborates	functional/who-8-video-door-entry-telephony/README.md	Every changed endpoint blob is identical to a core-ledger source/test endpoint already semantically reviewed; merge/removal adds no unreviewed file implementation; integration combinations not executed
libqtdevices	434ed00b185fe8f9e396a9657636c2540202fa80	4dcd420db9c07ae37c0350fea89456f23e9b695b	test/test_entryphone_device.cpp	0e6c6dc1fa420e1fdb4579dcabc042ca6bbbbbf8	c58708246ee6c37c48480f42d6384d6ce3c86379	eb61f1045de156bfe57887cf3b4a03910734e1cb2a2ee31dca76a45b6282a4a0	b066fdc685fbad81f864799b16fcbb0e32e55800e4e91b95d9fe9b3828a13f08	historical-touchscreen-client	exact-reviewed-endpoint-blob-reuse	corroborates	functional/who-8-video-door-entry-telephony/README.md	Every changed endpoint blob is identical to a core-ledger source/test endpoint already semantically reviewed; merge/removal adds no unreviewed file implementation; integration combinations not executed
libqtdevices	434ed00b185fe8f9e396a9657636c2540202fa80	4dcd420db9c07ae37c0350fea89456f23e9b695b	test/test_entryphone_device.h	896523e4fd081199a9bbb879af56f75b6b8b78a7	4c4c6bbf1a9466acde02435839dd9b0148c560bc	ef867a21f70ed31782855e386f5b72c0da161a931c51a60ddd4662ca4023610c	4c547b46ab48d5960dfb0b6032150a3cd12f3dae9f297c617e91defe9dffe036	historical-touchscreen-client	exact-reviewed-endpoint-blob-reuse	corroborates	functional/who-8-video-door-entry-telephony/README.md	Every changed endpoint blob is identical to a core-ledger source/test endpoint already semantically reviewed; merge/removal adds no unreviewed file implementation; integration combinations not executed
libqtdevices	9e9071ad304a9cc6a917cffd9bdf7dd836724cca	afeb4c79b275c62e3b43d11a21ca46d929c96e45	entryphone_device.cpp	0000000000000000000000000000000000000000	4f68a6a6ff7051c731e6bad0e74d9a60e5cbeb2b	-	8ac4ef822fa72bf3050c201160647648df358fc124466ba415612d3451fcd367	historical-touchscreen-client	exact-reviewed-endpoint-blob-reuse	corroborates	functional/who-8-video-door-entry-telephony/README.md	Every changed endpoint blob is identical to a core-ledger source/test endpoint already semantically reviewed; merge/removal adds no unreviewed file implementation; integration combinations not executed
libqtdevices	9e9071ad304a9cc6a917cffd9bdf7dd836724cca	afeb4c79b275c62e3b43d11a21ca46d929c96e45	entryphone_device.h	0000000000000000000000000000000000000000	d1b760cfbbdc3e334055a997f1b94259c469fe1e	-	ad7cc252d178fe4d967b066f98e3039e21cdd66891ae6642b14f440c8f4903d8	historical-touchscreen-client	exact-reviewed-endpoint-blob-reuse	corroborates	functional/who-8-video-door-entry-telephony/README.md	Every changed endpoint blob is identical to a core-ledger source/test endpoint already semantically reviewed; merge/removal adds no unreviewed file implementation; integration combinations not executed
libqtdevices	9e9071ad304a9cc6a917cffd9bdf7dd836724cca	afeb4c79b275c62e3b43d11a21ca46d929c96e45	test/test_entryphone_device.cpp	0000000000000000000000000000000000000000	0e6c6dc1fa420e1fdb4579dcabc042ca6bbbbbf8	-	eb61f1045de156bfe57887cf3b4a03910734e1cb2a2ee31dca76a45b6282a4a0	historical-touchscreen-client	exact-reviewed-endpoint-blob-reuse	corroborates	functional/who-8-video-door-entry-telephony/README.md	Every changed endpoint blob is identical to a core-ledger source/test endpoint already semantically reviewed; merge/removal adds no unreviewed file implementation; integration combinations not executed
libqtdevices	9e9071ad304a9cc6a917cffd9bdf7dd836724cca	afeb4c79b275c62e3b43d11a21ca46d929c96e45	test/test_entryphone_device.h	0000000000000000000000000000000000000000	896523e4fd081199a9bbb879af56f75b6b8b78a7	-	ef867a21f70ed31782855e386f5b72c0da161a931c51a60ddd4662ca4023610c	historical-touchscreen-client	exact-reviewed-endpoint-blob-reuse	corroborates	functional/who-8-video-door-entry-telephony/README.md	Every changed endpoint blob is identical to a core-ledger source/test endpoint already semantically reviewed; merge/removal adds no unreviewed file implementation; integration combinations not executed
libqtdevices	08a208901f3b12a42334753247b19643982dc9c6	a374115272936a277d31e3b6d15a415e6d00b720	entryphone_device.cpp	0000000000000000000000000000000000000000	4f68a6a6ff7051c731e6bad0e74d9a60e5cbeb2b	-	8ac4ef822fa72bf3050c201160647648df358fc124466ba415612d3451fcd367	historical-touchscreen-client	exact-reviewed-endpoint-blob-reuse	corroborates	functional/who-8-video-door-entry-telephony/README.md	Every changed endpoint blob is identical to a core-ledger source/test endpoint already semantically reviewed; merge/removal adds no unreviewed file implementation; integration combinations not executed
libqtdevices	08a208901f3b12a42334753247b19643982dc9c6	a374115272936a277d31e3b6d15a415e6d00b720	entryphone_device.h	0000000000000000000000000000000000000000	d1b760cfbbdc3e334055a997f1b94259c469fe1e	-	ad7cc252d178fe4d967b066f98e3039e21cdd66891ae6642b14f440c8f4903d8	historical-touchscreen-client	exact-reviewed-endpoint-blob-reuse	corroborates	functional/who-8-video-door-entry-telephony/README.md	Every changed endpoint blob is identical to a core-ledger source/test endpoint already semantically reviewed; merge/removal adds no unreviewed file implementation; integration combinations not executed
libqtdevices	08a208901f3b12a42334753247b19643982dc9c6	a374115272936a277d31e3b6d15a415e6d00b720	test/test_entryphone_device.cpp	0000000000000000000000000000000000000000	0e6c6dc1fa420e1fdb4579dcabc042ca6bbbbbf8	-	eb61f1045de156bfe57887cf3b4a03910734e1cb2a2ee31dca76a45b6282a4a0	historical-touchscreen-client	exact-reviewed-endpoint-blob-reuse	corroborates	functional/who-8-video-door-entry-telephony/README.md	Every changed endpoint blob is identical to a core-ledger source/test endpoint already semantically reviewed; merge/removal adds no unreviewed file implementation; integration combinations not executed
libqtdevices	08a208901f3b12a42334753247b19643982dc9c6	a374115272936a277d31e3b6d15a415e6d00b720	test/test_entryphone_device.h	0000000000000000000000000000000000000000	896523e4fd081199a9bbb879af56f75b6b8b78a7	-	ef867a21f70ed31782855e386f5b72c0da161a931c51a60ddd4662ca4023610c	historical-touchscreen-client	exact-reviewed-endpoint-blob-reuse	corroborates	functional/who-8-video-door-entry-telephony/README.md	Every changed endpoint blob is identical to a core-ledger source/test endpoint already semantically reviewed; merge/removal adds no unreviewed file implementation; integration combinations not executed
libqtdevices	9eab23f88cf1ce28a010cc6e8678e6cfa23258aa	f27658eac06b9b5a4c0ee57293e233f1f7b2301e	entryphone_device.cpp	44ca653d776d214d1654c9dcb4ec017d4a6bf84e	4f68a6a6ff7051c731e6bad0e74d9a60e5cbeb2b	bb2b475cb373600bf53b860475519a56b259f1847d0fe37bcfe0f9ceed3b5ce9	8ac4ef822fa72bf3050c201160647648df358fc124466ba415612d3451fcd367	historical-touchscreen-client	exact-reviewed-endpoint-blob-reuse	corroborates	functional/who-8-video-door-entry-telephony/README.md	Every changed endpoint blob is identical to a core-ledger source/test endpoint already semantically reviewed; merge/removal adds no unreviewed file implementation; integration combinations not executed
libqtdevices	9eab23f88cf1ce28a010cc6e8678e6cfa23258aa	f27658eac06b9b5a4c0ee57293e233f1f7b2301e	entryphone_device.h	738dd5e179fdc9855bf0aa27019646628ee6064a	d1b760cfbbdc3e334055a997f1b94259c469fe1e	da484bd3622b10606e7d7dcb495bcff8b1438863aab5bbcda34a2b4878e5b777	ad7cc252d178fe4d967b066f98e3039e21cdd66891ae6642b14f440c8f4903d8	historical-touchscreen-client	exact-reviewed-endpoint-blob-reuse	corroborates	functional/who-8-video-door-entry-telephony/README.md	Every changed endpoint blob is identical to a core-ledger source/test endpoint already semantically reviewed; merge/removal adds no unreviewed file implementation; integration combinations not executed
libqtdevices	9eab23f88cf1ce28a010cc6e8678e6cfa23258aa	f27658eac06b9b5a4c0ee57293e233f1f7b2301e	test/test_entryphone_device.cpp	db2645292c77180d65bc596be19dbff3b9f6242b	0e6c6dc1fa420e1fdb4579dcabc042ca6bbbbbf8	c9940d9c0e8b51636176fe54073bef752e43dd25a0097880a06e9c6378504311	eb61f1045de156bfe57887cf3b4a03910734e1cb2a2ee31dca76a45b6282a4a0	historical-touchscreen-client	exact-reviewed-endpoint-blob-reuse	corroborates	functional/who-8-video-door-entry-telephony/README.md	Every changed endpoint blob is identical to a core-ledger source/test endpoint already semantically reviewed; merge/removal adds no unreviewed file implementation; integration combinations not executed
libqtdevices	9eab23f88cf1ce28a010cc6e8678e6cfa23258aa	f27658eac06b9b5a4c0ee57293e233f1f7b2301e	test/test_entryphone_device.h	37e623484ea7ac032986f4c280309b73a00fe75b	896523e4fd081199a9bbb879af56f75b6b8b78a7	f080857ee89cf701edf607d5885b73ed2c60638df421bb603c05db6169839c10	ef867a21f70ed31782855e386f5b72c0da161a931c51a60ddd4662ca4023610c	historical-touchscreen-client	exact-reviewed-endpoint-blob-reuse	corroborates	functional/who-8-video-door-entry-telephony/README.md	Every changed endpoint blob is identical to a core-ledger source/test endpoint already semantically reviewed; merge/removal adds no unreviewed file implementation; integration combinations not executed
libqtdevices	f27658eac06b9b5a4c0ee57293e233f1f7b2301e	797d89ab83650e28b0c61a79cfef4c587817d276	entryphone_device.cpp	0000000000000000000000000000000000000000	44ca653d776d214d1654c9dcb4ec017d4a6bf84e	-	bb2b475cb373600bf53b860475519a56b259f1847d0fe37bcfe0f9ceed3b5ce9	historical-touchscreen-client	exact-reviewed-endpoint-blob-reuse	corroborates	functional/who-8-video-door-entry-telephony/README.md	Every changed endpoint blob is identical to a core-ledger source/test endpoint already semantically reviewed; merge/removal adds no unreviewed file implementation; integration combinations not executed
libqtdevices	f27658eac06b9b5a4c0ee57293e233f1f7b2301e	797d89ab83650e28b0c61a79cfef4c587817d276	entryphone_device.h	0000000000000000000000000000000000000000	738dd5e179fdc9855bf0aa27019646628ee6064a	-	da484bd3622b10606e7d7dcb495bcff8b1438863aab5bbcda34a2b4878e5b777	historical-touchscreen-client	exact-reviewed-endpoint-blob-reuse	corroborates	functional/who-8-video-door-entry-telephony/README.md	Every changed endpoint blob is identical to a core-ledger source/test endpoint already semantically reviewed; merge/removal adds no unreviewed file implementation; integration combinations not executed
libqtdevices	f27658eac06b9b5a4c0ee57293e233f1f7b2301e	797d89ab83650e28b0c61a79cfef4c587817d276	test/test_entryphone_device.cpp	0000000000000000000000000000000000000000	db2645292c77180d65bc596be19dbff3b9f6242b	-	c9940d9c0e8b51636176fe54073bef752e43dd25a0097880a06e9c6378504311	historical-touchscreen-client	exact-reviewed-endpoint-blob-reuse	corroborates	functional/who-8-video-door-entry-telephony/README.md	Every changed endpoint blob is identical to a core-ledger source/test endpoint already semantically reviewed; merge/removal adds no unreviewed file implementation; integration combinations not executed
libqtdevices	f27658eac06b9b5a4c0ee57293e233f1f7b2301e	797d89ab83650e28b0c61a79cfef4c587817d276	test/test_entryphone_device.h	0000000000000000000000000000000000000000	37e623484ea7ac032986f4c280309b73a00fe75b	-	f080857ee89cf701edf607d5885b73ed2c60638df421bb603c05db6169839c10	historical-touchscreen-client	exact-reviewed-endpoint-blob-reuse	corroborates	functional/who-8-video-door-entry-telephony/README.md	Every changed endpoint blob is identical to a core-ledger source/test endpoint already semantically reviewed; merge/removal adds no unreviewed file implementation; integration combinations not executed
libqtdevices	a6fb43be3f0f4a9462cafda025fa4fec2c5ebcd8	bdfdeb067fdd87188614de7fcaf73db307661cca	entryphone_device.cpp	300623ecb6608f7f8c7b7ee2e9af1a7c25a5847c	44ca653d776d214d1654c9dcb4ec017d4a6bf84e	11540280b216fba3f5cff0fec0dc7d5cd86d89984c1fb9787935f4d28ee39d7f	bb2b475cb373600bf53b860475519a56b259f1847d0fe37bcfe0f9ceed3b5ce9	historical-touchscreen-client	exact-reviewed-endpoint-blob-reuse	corroborates	functional/who-8-video-door-entry-telephony/README.md	Every changed endpoint blob is identical to a core-ledger source/test endpoint already semantically reviewed; merge/removal adds no unreviewed file implementation; integration combinations not executed
libqtdevices	a6fb43be3f0f4a9462cafda025fa4fec2c5ebcd8	bdfdeb067fdd87188614de7fcaf73db307661cca	entryphone_device.h	a909a3fcd21af371f9dc05a04c97cd88745d0b44	738dd5e179fdc9855bf0aa27019646628ee6064a	42f1ee7fc9ccee6d2c5fb7db5a9b9c6f273cde1cf5224ca6b721561ebf33ab15	da484bd3622b10606e7d7dcb495bcff8b1438863aab5bbcda34a2b4878e5b777	historical-touchscreen-client	exact-reviewed-endpoint-blob-reuse	corroborates	functional/who-8-video-door-entry-telephony/README.md	Every changed endpoint blob is identical to a core-ledger source/test endpoint already semantically reviewed; merge/removal adds no unreviewed file implementation; integration combinations not executed
libqtdevices	a6fb43be3f0f4a9462cafda025fa4fec2c5ebcd8	bdfdeb067fdd87188614de7fcaf73db307661cca	test/test_entryphone_device.cpp	a9a70bcefa6809496ed9c34989ac9c76e674d895	db2645292c77180d65bc596be19dbff3b9f6242b	80b7e743ff22395a94d212a6b23fbdb2ec9ad76403d6b44a60a8a5aaf40be953	c9940d9c0e8b51636176fe54073bef752e43dd25a0097880a06e9c6378504311	historical-touchscreen-client	exact-reviewed-endpoint-blob-reuse	corroborates	functional/who-8-video-door-entry-telephony/README.md	Every changed endpoint blob is identical to a core-ledger source/test endpoint already semantically reviewed; merge/removal adds no unreviewed file implementation; integration combinations not executed
libqtdevices	a6fb43be3f0f4a9462cafda025fa4fec2c5ebcd8	bdfdeb067fdd87188614de7fcaf73db307661cca	test/test_entryphone_device.h	29bb75d2a250fe397859df261369d645b998d6a2	37e623484ea7ac032986f4c280309b73a00fe75b	a7693a972f7067a64bab06dc020bc89d2707197c9190ac9fb956a449219717c9	f080857ee89cf701edf607d5885b73ed2c60638df421bb603c05db6169839c10	historical-touchscreen-client	exact-reviewed-endpoint-blob-reuse	corroborates	functional/who-8-video-door-entry-telephony/README.md	Every changed endpoint blob is identical to a core-ledger source/test endpoint already semantically reviewed; merge/removal adds no unreviewed file implementation; integration combinations not executed
libqtdevices	bdfdeb067fdd87188614de7fcaf73db307661cca	4a1d2187c1981f351db551c2471339222d875887	entryphone_device.cpp	0000000000000000000000000000000000000000	300623ecb6608f7f8c7b7ee2e9af1a7c25a5847c	-	11540280b216fba3f5cff0fec0dc7d5cd86d89984c1fb9787935f4d28ee39d7f	historical-touchscreen-client	exact-reviewed-endpoint-blob-reuse	corroborates	functional/who-8-video-door-entry-telephony/README.md	Every changed endpoint blob is identical to a core-ledger source/test endpoint already semantically reviewed; merge/removal adds no unreviewed file implementation; integration combinations not executed
libqtdevices	bdfdeb067fdd87188614de7fcaf73db307661cca	4a1d2187c1981f351db551c2471339222d875887	entryphone_device.h	0000000000000000000000000000000000000000	a909a3fcd21af371f9dc05a04c97cd88745d0b44	-	42f1ee7fc9ccee6d2c5fb7db5a9b9c6f273cde1cf5224ca6b721561ebf33ab15	historical-touchscreen-client	exact-reviewed-endpoint-blob-reuse	corroborates	functional/who-8-video-door-entry-telephony/README.md	Every changed endpoint blob is identical to a core-ledger source/test endpoint already semantically reviewed; merge/removal adds no unreviewed file implementation; integration combinations not executed
libqtdevices	bdfdeb067fdd87188614de7fcaf73db307661cca	4a1d2187c1981f351db551c2471339222d875887	test/test_entryphone_device.cpp	0000000000000000000000000000000000000000	a9a70bcefa6809496ed9c34989ac9c76e674d895	-	80b7e743ff22395a94d212a6b23fbdb2ec9ad76403d6b44a60a8a5aaf40be953	historical-touchscreen-client	exact-reviewed-endpoint-blob-reuse	corroborates	functional/who-8-video-door-entry-telephony/README.md	Every changed endpoint blob is identical to a core-ledger source/test endpoint already semantically reviewed; merge/removal adds no unreviewed file implementation; integration combinations not executed
libqtdevices	bdfdeb067fdd87188614de7fcaf73db307661cca	4a1d2187c1981f351db551c2471339222d875887	test/test_entryphone_device.h	0000000000000000000000000000000000000000	29bb75d2a250fe397859df261369d645b998d6a2	-	a7693a972f7067a64bab06dc020bc89d2707197c9190ac9fb956a449219717c9	historical-touchscreen-client	exact-reviewed-endpoint-blob-reuse	corroborates	functional/who-8-video-door-entry-telephony/README.md	Every changed endpoint blob is identical to a core-ledger source/test endpoint already semantically reviewed; merge/removal adds no unreviewed file implementation; integration combinations not executed
libqtdevices	eef2fc2ccc70fa96b175d5aa6a3c2845978048a2	ea7c8025282677b587638a9f36a92a6db73a9e8b	entryphone_device.cpp	0000000000000000000000000000000000000000	300623ecb6608f7f8c7b7ee2e9af1a7c25a5847c	-	11540280b216fba3f5cff0fec0dc7d5cd86d89984c1fb9787935f4d28ee39d7f	historical-touchscreen-client	exact-reviewed-endpoint-blob-reuse	corroborates	functional/who-8-video-door-entry-telephony/README.md	Every changed endpoint blob is identical to a core-ledger source/test endpoint already semantically reviewed; merge/removal adds no unreviewed file implementation; integration combinations not executed
libqtdevices	eef2fc2ccc70fa96b175d5aa6a3c2845978048a2	ea7c8025282677b587638a9f36a92a6db73a9e8b	entryphone_device.h	0000000000000000000000000000000000000000	a909a3fcd21af371f9dc05a04c97cd88745d0b44	-	42f1ee7fc9ccee6d2c5fb7db5a9b9c6f273cde1cf5224ca6b721561ebf33ab15	historical-touchscreen-client	exact-reviewed-endpoint-blob-reuse	corroborates	functional/who-8-video-door-entry-telephony/README.md	Every changed endpoint blob is identical to a core-ledger source/test endpoint already semantically reviewed; merge/removal adds no unreviewed file implementation; integration combinations not executed
libqtdevices	eef2fc2ccc70fa96b175d5aa6a3c2845978048a2	ea7c8025282677b587638a9f36a92a6db73a9e8b	test/test_entryphone_device.cpp	0000000000000000000000000000000000000000	a9a70bcefa6809496ed9c34989ac9c76e674d895	-	80b7e743ff22395a94d212a6b23fbdb2ec9ad76403d6b44a60a8a5aaf40be953	historical-touchscreen-client	exact-reviewed-endpoint-blob-reuse	corroborates	functional/who-8-video-door-entry-telephony/README.md	Every changed endpoint blob is identical to a core-ledger source/test endpoint already semantically reviewed; merge/removal adds no unreviewed file implementation; integration combinations not executed
libqtdevices	eef2fc2ccc70fa96b175d5aa6a3c2845978048a2	ea7c8025282677b587638a9f36a92a6db73a9e8b	test/test_entryphone_device.h	0000000000000000000000000000000000000000	29bb75d2a250fe397859df261369d645b998d6a2	-	a7693a972f7067a64bab06dc020bc89d2707197c9190ac9fb956a449219717c9	historical-touchscreen-client	exact-reviewed-endpoint-blob-reuse	corroborates	functional/who-8-video-door-entry-telephony/README.md	Every changed endpoint blob is identical to a core-ledger source/test endpoint already semantically reviewed; merge/removal adds no unreviewed file implementation; integration combinations not executed
libqtdevices	a2ab20d0e95ae4bf0754b9d5994dc07825fb13a3	4daaffde1a45d92e8dffcb3ddb4ce652a1d60529	entryphone_device.cpp	0000000000000000000000000000000000000000	798b34d97acb6aef5df8613e4b69c9be940a1d08	-	df476cc88e0fbdb10905eec69804157089877dc809d2c86a9d9060fb357de569	historical-touchscreen-client	exact-reviewed-endpoint-blob-reuse	corroborates	functional/who-8-video-door-entry-telephony/README.md	Every changed endpoint blob is identical to a core-ledger source/test endpoint already semantically reviewed; merge/removal adds no unreviewed file implementation; integration combinations not executed
libqtdevices	a2ab20d0e95ae4bf0754b9d5994dc07825fb13a3	4daaffde1a45d92e8dffcb3ddb4ce652a1d60529	entryphone_device.h	0000000000000000000000000000000000000000	2d407fc26978abcd9edf8d562072cb15057a9066	-	b7b8e5cfbfe2c64a4ae28df0296768c4216545d48971717b3953c32e5bf6dd70	historical-touchscreen-client	exact-reviewed-endpoint-blob-reuse	corroborates	functional/who-8-video-door-entry-telephony/README.md	Every changed endpoint blob is identical to a core-ledger source/test endpoint already semantically reviewed; merge/removal adds no unreviewed file implementation; integration combinations not executed
libqtdevices	a2ab20d0e95ae4bf0754b9d5994dc07825fb13a3	4daaffde1a45d92e8dffcb3ddb4ce652a1d60529	test/test_entryphone_device.cpp	0000000000000000000000000000000000000000	a9a70bcefa6809496ed9c34989ac9c76e674d895	-	80b7e743ff22395a94d212a6b23fbdb2ec9ad76403d6b44a60a8a5aaf40be953	historical-touchscreen-client	exact-reviewed-endpoint-blob-reuse	corroborates	functional/who-8-video-door-entry-telephony/README.md	Every changed endpoint blob is identical to a core-ledger source/test endpoint already semantically reviewed; merge/removal adds no unreviewed file implementation; integration combinations not executed
libqtdevices	a2ab20d0e95ae4bf0754b9d5994dc07825fb13a3	4daaffde1a45d92e8dffcb3ddb4ce652a1d60529	test/test_entryphone_device.h	0000000000000000000000000000000000000000	29bb75d2a250fe397859df261369d645b998d6a2	-	a7693a972f7067a64bab06dc020bc89d2707197c9190ac9fb956a449219717c9	historical-touchscreen-client	exact-reviewed-endpoint-blob-reuse	corroborates	functional/who-8-video-door-entry-telephony/README.md	Every changed endpoint blob is identical to a core-ledger source/test endpoint already semantically reviewed; merge/removal adds no unreviewed file implementation; integration combinations not executed
libqtdevices	a302b45b8878a55504ee16ad36a1c904aa1a8501	98afd91ac7164c6b2acb3b8aeb7c9775d4963ca5	entryphone_device.cpp	0000000000000000000000000000000000000000	798b34d97acb6aef5df8613e4b69c9be940a1d08	-	df476cc88e0fbdb10905eec69804157089877dc809d2c86a9d9060fb357de569	historical-touchscreen-client	exact-reviewed-endpoint-blob-reuse	corroborates	functional/who-8-video-door-entry-telephony/README.md	Every changed endpoint blob is identical to a core-ledger source/test endpoint already semantically reviewed; merge/removal adds no unreviewed file implementation; integration combinations not executed
libqtdevices	a302b45b8878a55504ee16ad36a1c904aa1a8501	98afd91ac7164c6b2acb3b8aeb7c9775d4963ca5	entryphone_device.h	0000000000000000000000000000000000000000	2d407fc26978abcd9edf8d562072cb15057a9066	-	b7b8e5cfbfe2c64a4ae28df0296768c4216545d48971717b3953c32e5bf6dd70	historical-touchscreen-client	exact-reviewed-endpoint-blob-reuse	corroborates	functional/who-8-video-door-entry-telephony/README.md	Every changed endpoint blob is identical to a core-ledger source/test endpoint already semantically reviewed; merge/removal adds no unreviewed file implementation; integration combinations not executed
libqtdevices	a302b45b8878a55504ee16ad36a1c904aa1a8501	98afd91ac7164c6b2acb3b8aeb7c9775d4963ca5	test/test_entryphone_device.cpp	0000000000000000000000000000000000000000	a9a70bcefa6809496ed9c34989ac9c76e674d895	-	80b7e743ff22395a94d212a6b23fbdb2ec9ad76403d6b44a60a8a5aaf40be953	historical-touchscreen-client	exact-reviewed-endpoint-blob-reuse	corroborates	functional/who-8-video-door-entry-telephony/README.md	Every changed endpoint blob is identical to a core-ledger source/test endpoint already semantically reviewed; merge/removal adds no unreviewed file implementation; integration combinations not executed
libqtdevices	a302b45b8878a55504ee16ad36a1c904aa1a8501	98afd91ac7164c6b2acb3b8aeb7c9775d4963ca5	test/test_entryphone_device.h	0000000000000000000000000000000000000000	29bb75d2a250fe397859df261369d645b998d6a2	-	a7693a972f7067a64bab06dc020bc89d2707197c9190ac9fb956a449219717c9	historical-touchscreen-client	exact-reviewed-endpoint-blob-reuse	corroborates	functional/who-8-video-door-entry-telephony/README.md	Every changed endpoint blob is identical to a core-ledger source/test endpoint already semantically reviewed; merge/removal adds no unreviewed file implementation; integration combinations not executed
libqtdevices	fe8b28183f00d59219388cd2f351fa748fe50e19	c2e3e38bd25bf40791b50eac73f9bd504b83e122	entryphone_device.cpp	0000000000000000000000000000000000000000	798b34d97acb6aef5df8613e4b69c9be940a1d08	-	df476cc88e0fbdb10905eec69804157089877dc809d2c86a9d9060fb357de569	historical-touchscreen-client	exact-reviewed-endpoint-blob-reuse	corroborates	functional/who-8-video-door-entry-telephony/README.md	Every changed endpoint blob is identical to a core-ledger source/test endpoint already semantically reviewed; merge/removal adds no unreviewed file implementation; integration combinations not executed
libqtdevices	fe8b28183f00d59219388cd2f351fa748fe50e19	c2e3e38bd25bf40791b50eac73f9bd504b83e122	entryphone_device.h	0000000000000000000000000000000000000000	2d407fc26978abcd9edf8d562072cb15057a9066	-	b7b8e5cfbfe2c64a4ae28df0296768c4216545d48971717b3953c32e5bf6dd70	historical-touchscreen-client	exact-reviewed-endpoint-blob-reuse	corroborates	functional/who-8-video-door-entry-telephony/README.md	Every changed endpoint blob is identical to a core-ledger source/test endpoint already semantically reviewed; merge/removal adds no unreviewed file implementation; integration combinations not executed
libqtdevices	fe8b28183f00d59219388cd2f351fa748fe50e19	c2e3e38bd25bf40791b50eac73f9bd504b83e122	test/test_entryphone_device.cpp	0000000000000000000000000000000000000000	a9a70bcefa6809496ed9c34989ac9c76e674d895	-	80b7e743ff22395a94d212a6b23fbdb2ec9ad76403d6b44a60a8a5aaf40be953	historical-touchscreen-client	exact-reviewed-endpoint-blob-reuse	corroborates	functional/who-8-video-door-entry-telephony/README.md	Every changed endpoint blob is identical to a core-ledger source/test endpoint already semantically reviewed; merge/removal adds no unreviewed file implementation; integration combinations not executed
libqtdevices	fe8b28183f00d59219388cd2f351fa748fe50e19	c2e3e38bd25bf40791b50eac73f9bd504b83e122	test/test_entryphone_device.h	0000000000000000000000000000000000000000	29bb75d2a250fe397859df261369d645b998d6a2	-	a7693a972f7067a64bab06dc020bc89d2707197c9190ac9fb956a449219717c9	historical-touchscreen-client	exact-reviewed-endpoint-blob-reuse	corroborates	functional/who-8-video-door-entry-telephony/README.md	Every changed endpoint blob is identical to a core-ledger source/test endpoint already semantically reviewed; merge/removal adds no unreviewed file implementation; integration combinations not executed
libqtdevices	1c999ba9693ce55ee477607b38c6091f61b94800	58aca1f3b16c52fd410938ce36dfed5d839a3ad2	entryphone_device.cpp	0000000000000000000000000000000000000000	798b34d97acb6aef5df8613e4b69c9be940a1d08	-	df476cc88e0fbdb10905eec69804157089877dc809d2c86a9d9060fb357de569	historical-touchscreen-client	exact-reviewed-endpoint-blob-reuse	corroborates	functional/who-8-video-door-entry-telephony/README.md	Every changed endpoint blob is identical to a core-ledger source/test endpoint already semantically reviewed; merge/removal adds no unreviewed file implementation; integration combinations not executed
libqtdevices	1c999ba9693ce55ee477607b38c6091f61b94800	58aca1f3b16c52fd410938ce36dfed5d839a3ad2	entryphone_device.h	0000000000000000000000000000000000000000	2d407fc26978abcd9edf8d562072cb15057a9066	-	b7b8e5cfbfe2c64a4ae28df0296768c4216545d48971717b3953c32e5bf6dd70	historical-touchscreen-client	exact-reviewed-endpoint-blob-reuse	corroborates	functional/who-8-video-door-entry-telephony/README.md	Every changed endpoint blob is identical to a core-ledger source/test endpoint already semantically reviewed; merge/removal adds no unreviewed file implementation; integration combinations not executed
libqtdevices	1c999ba9693ce55ee477607b38c6091f61b94800	58aca1f3b16c52fd410938ce36dfed5d839a3ad2	test/test_entryphone_device.cpp	0000000000000000000000000000000000000000	a9a70bcefa6809496ed9c34989ac9c76e674d895	-	80b7e743ff22395a94d212a6b23fbdb2ec9ad76403d6b44a60a8a5aaf40be953	historical-touchscreen-client	exact-reviewed-endpoint-blob-reuse	corroborates	functional/who-8-video-door-entry-telephony/README.md	Every changed endpoint blob is identical to a core-ledger source/test endpoint already semantically reviewed; merge/removal adds no unreviewed file implementation; integration combinations not executed
libqtdevices	1c999ba9693ce55ee477607b38c6091f61b94800	58aca1f3b16c52fd410938ce36dfed5d839a3ad2	test/test_entryphone_device.h	0000000000000000000000000000000000000000	29bb75d2a250fe397859df261369d645b998d6a2	-	a7693a972f7067a64bab06dc020bc89d2707197c9190ac9fb956a449219717c9	historical-touchscreen-client	exact-reviewed-endpoint-blob-reuse	corroborates	functional/who-8-video-door-entry-telephony/README.md	Every changed endpoint blob is identical to a core-ledger source/test endpoint already semantically reviewed; merge/removal adds no unreviewed file implementation; integration combinations not executed
libqtdevices	3bfa848d0a9ed2e0f2905e29af13e4e511f8cb5f	2353ad016121a15105e5cd0e7660df3eb5d7f0ff	entryphone_device.cpp	0000000000000000000000000000000000000000	798b34d97acb6aef5df8613e4b69c9be940a1d08	-	df476cc88e0fbdb10905eec69804157089877dc809d2c86a9d9060fb357de569	historical-touchscreen-client	exact-reviewed-endpoint-blob-reuse	corroborates	functional/who-8-video-door-entry-telephony/README.md	Every changed endpoint blob is identical to a core-ledger source/test endpoint already semantically reviewed; merge/removal adds no unreviewed file implementation; integration combinations not executed
libqtdevices	3bfa848d0a9ed2e0f2905e29af13e4e511f8cb5f	2353ad016121a15105e5cd0e7660df3eb5d7f0ff	entryphone_device.h	0000000000000000000000000000000000000000	2d407fc26978abcd9edf8d562072cb15057a9066	-	b7b8e5cfbfe2c64a4ae28df0296768c4216545d48971717b3953c32e5bf6dd70	historical-touchscreen-client	exact-reviewed-endpoint-blob-reuse	corroborates	functional/who-8-video-door-entry-telephony/README.md	Every changed endpoint blob is identical to a core-ledger source/test endpoint already semantically reviewed; merge/removal adds no unreviewed file implementation; integration combinations not executed
libqtdevices	3bfa848d0a9ed2e0f2905e29af13e4e511f8cb5f	2353ad016121a15105e5cd0e7660df3eb5d7f0ff	test/test_entryphone_device.cpp	0000000000000000000000000000000000000000	a9a70bcefa6809496ed9c34989ac9c76e674d895	-	80b7e743ff22395a94d212a6b23fbdb2ec9ad76403d6b44a60a8a5aaf40be953	historical-touchscreen-client	exact-reviewed-endpoint-blob-reuse	corroborates	functional/who-8-video-door-entry-telephony/README.md	Every changed endpoint blob is identical to a core-ledger source/test endpoint already semantically reviewed; merge/removal adds no unreviewed file implementation; integration combinations not executed
libqtdevices	3bfa848d0a9ed2e0f2905e29af13e4e511f8cb5f	2353ad016121a15105e5cd0e7660df3eb5d7f0ff	test/test_entryphone_device.h	0000000000000000000000000000000000000000	29bb75d2a250fe397859df261369d645b998d6a2	-	a7693a972f7067a64bab06dc020bc89d2707197c9190ac9fb956a449219717c9	historical-touchscreen-client	exact-reviewed-endpoint-blob-reuse	corroborates	functional/who-8-video-door-entry-telephony/README.md	Every changed endpoint blob is identical to a core-ledger source/test endpoint already semantically reviewed; merge/removal adds no unreviewed file implementation; integration combinations not executed
libqtdevices	c7840d1f0f1c1801423763078ddf4bf8139ae481	a1a30fc2a668b9a4257b3f94cdf58fd6a0c52860	entryphone_device.cpp	0000000000000000000000000000000000000000	798b34d97acb6aef5df8613e4b69c9be940a1d08	-	df476cc88e0fbdb10905eec69804157089877dc809d2c86a9d9060fb357de569	historical-touchscreen-client	exact-reviewed-endpoint-blob-reuse	corroborates	functional/who-8-video-door-entry-telephony/README.md	Every changed endpoint blob is identical to a core-ledger source/test endpoint already semantically reviewed; merge/removal adds no unreviewed file implementation; integration combinations not executed
libqtdevices	c7840d1f0f1c1801423763078ddf4bf8139ae481	a1a30fc2a668b9a4257b3f94cdf58fd6a0c52860	entryphone_device.h	0000000000000000000000000000000000000000	2d407fc26978abcd9edf8d562072cb15057a9066	-	b7b8e5cfbfe2c64a4ae28df0296768c4216545d48971717b3953c32e5bf6dd70	historical-touchscreen-client	exact-reviewed-endpoint-blob-reuse	corroborates	functional/who-8-video-door-entry-telephony/README.md	Every changed endpoint blob is identical to a core-ledger source/test endpoint already semantically reviewed; merge/removal adds no unreviewed file implementation; integration combinations not executed
libqtdevices	c7840d1f0f1c1801423763078ddf4bf8139ae481	a1a30fc2a668b9a4257b3f94cdf58fd6a0c52860	test/test_entryphone_device.cpp	0000000000000000000000000000000000000000	a9a70bcefa6809496ed9c34989ac9c76e674d895	-	80b7e743ff22395a94d212a6b23fbdb2ec9ad76403d6b44a60a8a5aaf40be953	historical-touchscreen-client	exact-reviewed-endpoint-blob-reuse	corroborates	functional/who-8-video-door-entry-telephony/README.md	Every changed endpoint blob is identical to a core-ledger source/test endpoint already semantically reviewed; merge/removal adds no unreviewed file implementation; integration combinations not executed
libqtdevices	c7840d1f0f1c1801423763078ddf4bf8139ae481	a1a30fc2a668b9a4257b3f94cdf58fd6a0c52860	test/test_entryphone_device.h	0000000000000000000000000000000000000000	29bb75d2a250fe397859df261369d645b998d6a2	-	a7693a972f7067a64bab06dc020bc89d2707197c9190ac9fb956a449219717c9	historical-touchscreen-client	exact-reviewed-endpoint-blob-reuse	corroborates	functional/who-8-video-door-entry-telephony/README.md	Every changed endpoint blob is identical to a core-ledger source/test endpoint already semantically reviewed; merge/removal adds no unreviewed file implementation; integration combinations not executed
libqtdevices	a5d45062b6af4729ec9ee7d1c89ecf15719ed76c	a30496a6b9d1296d1bbf3b92c652e8e3452299ac	entryphone_device.cpp	0000000000000000000000000000000000000000	798b34d97acb6aef5df8613e4b69c9be940a1d08	-	df476cc88e0fbdb10905eec69804157089877dc809d2c86a9d9060fb357de569	historical-touchscreen-client	exact-reviewed-endpoint-blob-reuse	corroborates	functional/who-8-video-door-entry-telephony/README.md	Every changed endpoint blob is identical to a core-ledger source/test endpoint already semantically reviewed; merge/removal adds no unreviewed file implementation; integration combinations not executed
libqtdevices	a5d45062b6af4729ec9ee7d1c89ecf15719ed76c	a30496a6b9d1296d1bbf3b92c652e8e3452299ac	entryphone_device.h	0000000000000000000000000000000000000000	2d407fc26978abcd9edf8d562072cb15057a9066	-	b7b8e5cfbfe2c64a4ae28df0296768c4216545d48971717b3953c32e5bf6dd70	historical-touchscreen-client	exact-reviewed-endpoint-blob-reuse	corroborates	functional/who-8-video-door-entry-telephony/README.md	Every changed endpoint blob is identical to a core-ledger source/test endpoint already semantically reviewed; merge/removal adds no unreviewed file implementation; integration combinations not executed
libqtdevices	a5d45062b6af4729ec9ee7d1c89ecf15719ed76c	a30496a6b9d1296d1bbf3b92c652e8e3452299ac	test/test_entryphone_device.cpp	0000000000000000000000000000000000000000	a9a70bcefa6809496ed9c34989ac9c76e674d895	-	80b7e743ff22395a94d212a6b23fbdb2ec9ad76403d6b44a60a8a5aaf40be953	historical-touchscreen-client	exact-reviewed-endpoint-blob-reuse	corroborates	functional/who-8-video-door-entry-telephony/README.md	Every changed endpoint blob is identical to a core-ledger source/test endpoint already semantically reviewed; merge/removal adds no unreviewed file implementation; integration combinations not executed
libqtdevices	a5d45062b6af4729ec9ee7d1c89ecf15719ed76c	a30496a6b9d1296d1bbf3b92c652e8e3452299ac	test/test_entryphone_device.h	0000000000000000000000000000000000000000	29bb75d2a250fe397859df261369d645b998d6a2	-	a7693a972f7067a64bab06dc020bc89d2707197c9190ac9fb956a449219717c9	historical-touchscreen-client	exact-reviewed-endpoint-blob-reuse	corroborates	functional/who-8-video-door-entry-telephony/README.md	Every changed endpoint blob is identical to a core-ledger source/test endpoint already semantically reviewed; merge/removal adds no unreviewed file implementation; integration combinations not executed
libqtdevices	d9a07f1197a814c013197c5c67af0e81f4c57ed3	8f32aecace099ca14758b72599fd477c1e0c9467	entryphone_device.cpp	0000000000000000000000000000000000000000	798b34d97acb6aef5df8613e4b69c9be940a1d08	-	df476cc88e0fbdb10905eec69804157089877dc809d2c86a9d9060fb357de569	historical-touchscreen-client	exact-reviewed-endpoint-blob-reuse	corroborates	functional/who-8-video-door-entry-telephony/README.md	Every changed endpoint blob is identical to a core-ledger source/test endpoint already semantically reviewed; merge/removal adds no unreviewed file implementation; integration combinations not executed
libqtdevices	d9a07f1197a814c013197c5c67af0e81f4c57ed3	8f32aecace099ca14758b72599fd477c1e0c9467	entryphone_device.h	0000000000000000000000000000000000000000	2d407fc26978abcd9edf8d562072cb15057a9066	-	b7b8e5cfbfe2c64a4ae28df0296768c4216545d48971717b3953c32e5bf6dd70	historical-touchscreen-client	exact-reviewed-endpoint-blob-reuse	corroborates	functional/who-8-video-door-entry-telephony/README.md	Every changed endpoint blob is identical to a core-ledger source/test endpoint already semantically reviewed; merge/removal adds no unreviewed file implementation; integration combinations not executed
libqtdevices	d9a07f1197a814c013197c5c67af0e81f4c57ed3	8f32aecace099ca14758b72599fd477c1e0c9467	test/test_entryphone_device.cpp	0000000000000000000000000000000000000000	a9a70bcefa6809496ed9c34989ac9c76e674d895	-	80b7e743ff22395a94d212a6b23fbdb2ec9ad76403d6b44a60a8a5aaf40be953	historical-touchscreen-client	exact-reviewed-endpoint-blob-reuse	corroborates	functional/who-8-video-door-entry-telephony/README.md	Every changed endpoint blob is identical to a core-ledger source/test endpoint already semantically reviewed; merge/removal adds no unreviewed file implementation; integration combinations not executed
libqtdevices	d9a07f1197a814c013197c5c67af0e81f4c57ed3	8f32aecace099ca14758b72599fd477c1e0c9467	test/test_entryphone_device.h	0000000000000000000000000000000000000000	29bb75d2a250fe397859df261369d645b998d6a2	-	a7693a972f7067a64bab06dc020bc89d2707197c9190ac9fb956a449219717c9	historical-touchscreen-client	exact-reviewed-endpoint-blob-reuse	corroborates	functional/who-8-video-door-entry-telephony/README.md	Every changed endpoint blob is identical to a core-ledger source/test endpoint already semantically reviewed; merge/removal adds no unreviewed file implementation; integration combinations not executed
libqtdevices	ab1573bd789a9ac54806f739235111e405a1e3de	1e5a3c48162ee67a46a5b51316651dda440d8ffa	entryphone_device.cpp	0000000000000000000000000000000000000000	798b34d97acb6aef5df8613e4b69c9be940a1d08	-	df476cc88e0fbdb10905eec69804157089877dc809d2c86a9d9060fb357de569	historical-touchscreen-client	exact-reviewed-endpoint-blob-reuse	corroborates	functional/who-8-video-door-entry-telephony/README.md	Every changed endpoint blob is identical to a core-ledger source/test endpoint already semantically reviewed; merge/removal adds no unreviewed file implementation; integration combinations not executed
libqtdevices	ab1573bd789a9ac54806f739235111e405a1e3de	1e5a3c48162ee67a46a5b51316651dda440d8ffa	entryphone_device.h	0000000000000000000000000000000000000000	2d407fc26978abcd9edf8d562072cb15057a9066	-	b7b8e5cfbfe2c64a4ae28df0296768c4216545d48971717b3953c32e5bf6dd70	historical-touchscreen-client	exact-reviewed-endpoint-blob-reuse	corroborates	functional/who-8-video-door-entry-telephony/README.md	Every changed endpoint blob is identical to a core-ledger source/test endpoint already semantically reviewed; merge/removal adds no unreviewed file implementation; integration combinations not executed
libqtdevices	ab1573bd789a9ac54806f739235111e405a1e3de	1e5a3c48162ee67a46a5b51316651dda440d8ffa	test/test_entryphone_device.cpp	0000000000000000000000000000000000000000	a9a70bcefa6809496ed9c34989ac9c76e674d895	-	80b7e743ff22395a94d212a6b23fbdb2ec9ad76403d6b44a60a8a5aaf40be953	historical-touchscreen-client	exact-reviewed-endpoint-blob-reuse	corroborates	functional/who-8-video-door-entry-telephony/README.md	Every changed endpoint blob is identical to a core-ledger source/test endpoint already semantically reviewed; merge/removal adds no unreviewed file implementation; integration combinations not executed
libqtdevices	ab1573bd789a9ac54806f739235111e405a1e3de	1e5a3c48162ee67a46a5b51316651dda440d8ffa	test/test_entryphone_device.h	0000000000000000000000000000000000000000	29bb75d2a250fe397859df261369d645b998d6a2	-	a7693a972f7067a64bab06dc020bc89d2707197c9190ac9fb956a449219717c9	historical-touchscreen-client	exact-reviewed-endpoint-blob-reuse	corroborates	functional/who-8-video-door-entry-telephony/README.md	Every changed endpoint blob is identical to a core-ledger source/test endpoint already semantically reviewed; merge/removal adds no unreviewed file implementation; integration combinations not executed
libqtdevices	ab1573bd789a9ac54806f739235111e405a1e3de	605c99d419139bc71fa2ccccbc1fb9a5c02c2f2f	entryphone_device.cpp	0000000000000000000000000000000000000000	798b34d97acb6aef5df8613e4b69c9be940a1d08	-	df476cc88e0fbdb10905eec69804157089877dc809d2c86a9d9060fb357de569	historical-touchscreen-client	exact-reviewed-endpoint-blob-reuse	corroborates	functional/who-8-video-door-entry-telephony/README.md	Every changed endpoint blob is identical to a core-ledger source/test endpoint already semantically reviewed; merge/removal adds no unreviewed file implementation; integration combinations not executed
libqtdevices	ab1573bd789a9ac54806f739235111e405a1e3de	605c99d419139bc71fa2ccccbc1fb9a5c02c2f2f	entryphone_device.h	0000000000000000000000000000000000000000	2d407fc26978abcd9edf8d562072cb15057a9066	-	b7b8e5cfbfe2c64a4ae28df0296768c4216545d48971717b3953c32e5bf6dd70	historical-touchscreen-client	exact-reviewed-endpoint-blob-reuse	corroborates	functional/who-8-video-door-entry-telephony/README.md	Every changed endpoint blob is identical to a core-ledger source/test endpoint already semantically reviewed; merge/removal adds no unreviewed file implementation; integration combinations not executed
libqtdevices	ab1573bd789a9ac54806f739235111e405a1e3de	605c99d419139bc71fa2ccccbc1fb9a5c02c2f2f	test/test_entryphone_device.cpp	0000000000000000000000000000000000000000	a9a70bcefa6809496ed9c34989ac9c76e674d895	-	80b7e743ff22395a94d212a6b23fbdb2ec9ad76403d6b44a60a8a5aaf40be953	historical-touchscreen-client	exact-reviewed-endpoint-blob-reuse	corroborates	functional/who-8-video-door-entry-telephony/README.md	Every changed endpoint blob is identical to a core-ledger source/test endpoint already semantically reviewed; merge/removal adds no unreviewed file implementation; integration combinations not executed
libqtdevices	ab1573bd789a9ac54806f739235111e405a1e3de	605c99d419139bc71fa2ccccbc1fb9a5c02c2f2f	test/test_entryphone_device.h	0000000000000000000000000000000000000000	29bb75d2a250fe397859df261369d645b998d6a2	-	a7693a972f7067a64bab06dc020bc89d2707197c9190ac9fb956a449219717c9	historical-touchscreen-client	exact-reviewed-endpoint-blob-reuse	corroborates	functional/who-8-video-door-entry-telephony/README.md	Every changed endpoint blob is identical to a core-ledger source/test endpoint already semantically reviewed; merge/removal adds no unreviewed file implementation; integration combinations not executed
libqtdevices	204c31565ed20627e229f87efbd1cae707e2b865	1e5a3c48162ee67a46a5b51316651dda440d8ffa	entryphone_device.cpp	0000000000000000000000000000000000000000	798b34d97acb6aef5df8613e4b69c9be940a1d08	-	df476cc88e0fbdb10905eec69804157089877dc809d2c86a9d9060fb357de569	historical-touchscreen-client	exact-reviewed-endpoint-blob-reuse	corroborates	functional/who-8-video-door-entry-telephony/README.md	Every changed endpoint blob is identical to a core-ledger source/test endpoint already semantically reviewed; merge/removal adds no unreviewed file implementation; integration combinations not executed
libqtdevices	204c31565ed20627e229f87efbd1cae707e2b865	1e5a3c48162ee67a46a5b51316651dda440d8ffa	entryphone_device.h	0000000000000000000000000000000000000000	2d407fc26978abcd9edf8d562072cb15057a9066	-	b7b8e5cfbfe2c64a4ae28df0296768c4216545d48971717b3953c32e5bf6dd70	historical-touchscreen-client	exact-reviewed-endpoint-blob-reuse	corroborates	functional/who-8-video-door-entry-telephony/README.md	Every changed endpoint blob is identical to a core-ledger source/test endpoint already semantically reviewed; merge/removal adds no unreviewed file implementation; integration combinations not executed
libqtdevices	204c31565ed20627e229f87efbd1cae707e2b865	1e5a3c48162ee67a46a5b51316651dda440d8ffa	test/test_entryphone_device.cpp	0000000000000000000000000000000000000000	a9a70bcefa6809496ed9c34989ac9c76e674d895	-	80b7e743ff22395a94d212a6b23fbdb2ec9ad76403d6b44a60a8a5aaf40be953	historical-touchscreen-client	exact-reviewed-endpoint-blob-reuse	corroborates	functional/who-8-video-door-entry-telephony/README.md	Every changed endpoint blob is identical to a core-ledger source/test endpoint already semantically reviewed; merge/removal adds no unreviewed file implementation; integration combinations not executed
libqtdevices	204c31565ed20627e229f87efbd1cae707e2b865	1e5a3c48162ee67a46a5b51316651dda440d8ffa	test/test_entryphone_device.h	0000000000000000000000000000000000000000	29bb75d2a250fe397859df261369d645b998d6a2	-	a7693a972f7067a64bab06dc020bc89d2707197c9190ac9fb956a449219717c9	historical-touchscreen-client	exact-reviewed-endpoint-blob-reuse	corroborates	functional/who-8-video-door-entry-telephony/README.md	Every changed endpoint blob is identical to a core-ledger source/test endpoint already semantically reviewed; merge/removal adds no unreviewed file implementation; integration combinations not executed
libqtdevices	c8ed6beb733e9b6adb4d71256d0876d3f6707267	fc332695aee437833213a6f926760730b6454fe1	entryphone_device.cpp	0000000000000000000000000000000000000000	798b34d97acb6aef5df8613e4b69c9be940a1d08	-	df476cc88e0fbdb10905eec69804157089877dc809d2c86a9d9060fb357de569	historical-touchscreen-client	exact-reviewed-endpoint-blob-reuse	corroborates	functional/who-8-video-door-entry-telephony/README.md	Every changed endpoint blob is identical to a core-ledger source/test endpoint already semantically reviewed; merge/removal adds no unreviewed file implementation; integration combinations not executed
libqtdevices	c8ed6beb733e9b6adb4d71256d0876d3f6707267	fc332695aee437833213a6f926760730b6454fe1	entryphone_device.h	0000000000000000000000000000000000000000	2d407fc26978abcd9edf8d562072cb15057a9066	-	b7b8e5cfbfe2c64a4ae28df0296768c4216545d48971717b3953c32e5bf6dd70	historical-touchscreen-client	exact-reviewed-endpoint-blob-reuse	corroborates	functional/who-8-video-door-entry-telephony/README.md	Every changed endpoint blob is identical to a core-ledger source/test endpoint already semantically reviewed; merge/removal adds no unreviewed file implementation; integration combinations not executed
libqtdevices	c8ed6beb733e9b6adb4d71256d0876d3f6707267	fc332695aee437833213a6f926760730b6454fe1	test/test_entryphone_device.cpp	0000000000000000000000000000000000000000	a9a70bcefa6809496ed9c34989ac9c76e674d895	-	80b7e743ff22395a94d212a6b23fbdb2ec9ad76403d6b44a60a8a5aaf40be953	historical-touchscreen-client	exact-reviewed-endpoint-blob-reuse	corroborates	functional/who-8-video-door-entry-telephony/README.md	Every changed endpoint blob is identical to a core-ledger source/test endpoint already semantically reviewed; merge/removal adds no unreviewed file implementation; integration combinations not executed
libqtdevices	c8ed6beb733e9b6adb4d71256d0876d3f6707267	fc332695aee437833213a6f926760730b6454fe1	test/test_entryphone_device.h	0000000000000000000000000000000000000000	29bb75d2a250fe397859df261369d645b998d6a2	-	a7693a972f7067a64bab06dc020bc89d2707197c9190ac9fb956a449219717c9	historical-touchscreen-client	exact-reviewed-endpoint-blob-reuse	corroborates	functional/who-8-video-door-entry-telephony/README.md	Every changed endpoint blob is identical to a core-ledger source/test endpoint already semantically reviewed; merge/removal adds no unreviewed file implementation; integration combinations not executed
libqtdevices	2a3a17a92df05c18c41b598b6f6480050d286d0e	6eec57a0d0186082a90e2ccd9b1bbaebe500f6d7	entryphone_device.cpp	0000000000000000000000000000000000000000	2731cd3b96229f971c4e49d3d43cdd945b5ac8d9	-	fe3c4ca1208677916dca2251e06cae07158564daf1a3625ac4e10f11826fa62e	historical-touchscreen-client	exact-reviewed-endpoint-blob-reuse	corroborates	functional/who-8-video-door-entry-telephony/README.md	Every changed endpoint blob is identical to a core-ledger source/test endpoint already semantically reviewed; merge/removal adds no unreviewed file implementation; integration combinations not executed
libqtdevices	2a3a17a92df05c18c41b598b6f6480050d286d0e	6eec57a0d0186082a90e2ccd9b1bbaebe500f6d7	entryphone_device.h	0000000000000000000000000000000000000000	d799d1079b05ace0c54425284f908d9912541716	-	6211fab08942021ac7f5a9c30a906c5f11b33d0fe8a35800d128c8c1b5a81cdc	historical-touchscreen-client	exact-reviewed-endpoint-blob-reuse	corroborates	functional/who-8-video-door-entry-telephony/README.md	Every changed endpoint blob is identical to a core-ledger source/test endpoint already semantically reviewed; merge/removal adds no unreviewed file implementation; integration combinations not executed
libqtdevices	2a3a17a92df05c18c41b598b6f6480050d286d0e	6eec57a0d0186082a90e2ccd9b1bbaebe500f6d7	test/test_entryphone_device.cpp	0000000000000000000000000000000000000000	bf9746779107aecac965236ee71451f573eef5fa	-	b3b64511090291bb4504054072eca7d51705c45d4e2c0b13181be0dba6084dc0	historical-touchscreen-client	exact-reviewed-endpoint-blob-reuse	corroborates	functional/who-8-video-door-entry-telephony/README.md	Every changed endpoint blob is identical to a core-ledger source/test endpoint already semantically reviewed; merge/removal adds no unreviewed file implementation; integration combinations not executed
libqtdevices	2a3a17a92df05c18c41b598b6f6480050d286d0e	6eec57a0d0186082a90e2ccd9b1bbaebe500f6d7	test/test_entryphone_device.h	0000000000000000000000000000000000000000	0d298ee485f76e87b0b6938fbd42959eafbcdaa4	-	69737ed348f4cc8c6da8223d324915e4ba108fe2f5b77419d8844bd88ed8cd4a	historical-touchscreen-client	exact-reviewed-endpoint-blob-reuse	corroborates	functional/who-8-video-door-entry-telephony/README.md	Every changed endpoint blob is identical to a core-ledger source/test endpoint already semantically reviewed; merge/removal adds no unreviewed file implementation; integration combinations not executed
libqtdevices	4be7b570c6d5ee714b331b7922b93d9378beb1ed	ee51329d18e803e06edc736399100a682d1a7b35	entryphone_device.cpp	0000000000000000000000000000000000000000	574b628bfda1bf48cba53e827212a73fbdbd9482	-	af43fc16d489313fefba43261f88754c9e7c28140907b108580f2255b3fdef4a	historical-touchscreen-client	exact-reviewed-endpoint-blob-reuse	corroborates	functional/who-8-video-door-entry-telephony/README.md	Every changed endpoint blob is identical to a core-ledger source/test endpoint already semantically reviewed; merge/removal adds no unreviewed file implementation; integration combinations not executed
libqtdevices	4be7b570c6d5ee714b331b7922b93d9378beb1ed	ee51329d18e803e06edc736399100a682d1a7b35	entryphone_device.h	0000000000000000000000000000000000000000	7626d3b9ba913f5658899be99b5b67e99e725d4b	-	9caf7dd73b1ee232afcd0bf437fa3882dc948e7528c4d554631501e693d88314	historical-touchscreen-client	exact-reviewed-endpoint-blob-reuse	corroborates	functional/who-8-video-door-entry-telephony/README.md	Every changed endpoint blob is identical to a core-ledger source/test endpoint already semantically reviewed; merge/removal adds no unreviewed file implementation; integration combinations not executed
libqtdevices	4be7b570c6d5ee714b331b7922b93d9378beb1ed	ee51329d18e803e06edc736399100a682d1a7b35	test/test_entryphone_device.cpp	0000000000000000000000000000000000000000	bf9746779107aecac965236ee71451f573eef5fa	-	b3b64511090291bb4504054072eca7d51705c45d4e2c0b13181be0dba6084dc0	historical-touchscreen-client	exact-reviewed-endpoint-blob-reuse	corroborates	functional/who-8-video-door-entry-telephony/README.md	Every changed endpoint blob is identical to a core-ledger source/test endpoint already semantically reviewed; merge/removal adds no unreviewed file implementation; integration combinations not executed
libqtdevices	4be7b570c6d5ee714b331b7922b93d9378beb1ed	ee51329d18e803e06edc736399100a682d1a7b35	test/test_entryphone_device.h	0000000000000000000000000000000000000000	0d298ee485f76e87b0b6938fbd42959eafbcdaa4	-	69737ed348f4cc8c6da8223d324915e4ba108fe2f5b77419d8844bd88ed8cd4a	historical-touchscreen-client	exact-reviewed-endpoint-blob-reuse	corroborates	functional/who-8-video-door-entry-telephony/README.md	Every changed endpoint blob is identical to a core-ledger source/test endpoint already semantically reviewed; merge/removal adds no unreviewed file implementation; integration combinations not executed
libqtdevices	5564b9503db951619e41af5ef8bb405492ffaca4	44b0716d1ea104adf37a9063c23c6f4a3da325a4	entryphone_device.cpp	0000000000000000000000000000000000000000	574b628bfda1bf48cba53e827212a73fbdbd9482	-	af43fc16d489313fefba43261f88754c9e7c28140907b108580f2255b3fdef4a	historical-touchscreen-client	exact-reviewed-endpoint-blob-reuse	corroborates	functional/who-8-video-door-entry-telephony/README.md	Every changed endpoint blob is identical to a core-ledger source/test endpoint already semantically reviewed; merge/removal adds no unreviewed file implementation; integration combinations not executed
libqtdevices	5564b9503db951619e41af5ef8bb405492ffaca4	44b0716d1ea104adf37a9063c23c6f4a3da325a4	entryphone_device.h	0000000000000000000000000000000000000000	7626d3b9ba913f5658899be99b5b67e99e725d4b	-	9caf7dd73b1ee232afcd0bf437fa3882dc948e7528c4d554631501e693d88314	historical-touchscreen-client	exact-reviewed-endpoint-blob-reuse	corroborates	functional/who-8-video-door-entry-telephony/README.md	Every changed endpoint blob is identical to a core-ledger source/test endpoint already semantically reviewed; merge/removal adds no unreviewed file implementation; integration combinations not executed
libqtdevices	5564b9503db951619e41af5ef8bb405492ffaca4	44b0716d1ea104adf37a9063c23c6f4a3da325a4	test/test_entryphone_device.cpp	0000000000000000000000000000000000000000	bf9746779107aecac965236ee71451f573eef5fa	-	b3b64511090291bb4504054072eca7d51705c45d4e2c0b13181be0dba6084dc0	historical-touchscreen-client	exact-reviewed-endpoint-blob-reuse	corroborates	functional/who-8-video-door-entry-telephony/README.md	Every changed endpoint blob is identical to a core-ledger source/test endpoint already semantically reviewed; merge/removal adds no unreviewed file implementation; integration combinations not executed
libqtdevices	5564b9503db951619e41af5ef8bb405492ffaca4	44b0716d1ea104adf37a9063c23c6f4a3da325a4	test/test_entryphone_device.h	0000000000000000000000000000000000000000	0d298ee485f76e87b0b6938fbd42959eafbcdaa4	-	69737ed348f4cc8c6da8223d324915e4ba108fe2f5b77419d8844bd88ed8cd4a	historical-touchscreen-client	exact-reviewed-endpoint-blob-reuse	corroborates	functional/who-8-video-door-entry-telephony/README.md	Every changed endpoint blob is identical to a core-ledger source/test endpoint already semantically reviewed; merge/removal adds no unreviewed file implementation; integration combinations not executed
libqtdevices	88ba22e52ebe0786bcb03ef8210c5c899fd0d2ef	44b0716d1ea104adf37a9063c23c6f4a3da325a4	entryphone_device.cpp	0000000000000000000000000000000000000000	574b628bfda1bf48cba53e827212a73fbdbd9482	-	af43fc16d489313fefba43261f88754c9e7c28140907b108580f2255b3fdef4a	historical-touchscreen-client	exact-reviewed-endpoint-blob-reuse	corroborates	functional/who-8-video-door-entry-telephony/README.md	Every changed endpoint blob is identical to a core-ledger source/test endpoint already semantically reviewed; merge/removal adds no unreviewed file implementation; integration combinations not executed
libqtdevices	88ba22e52ebe0786bcb03ef8210c5c899fd0d2ef	44b0716d1ea104adf37a9063c23c6f4a3da325a4	entryphone_device.h	0000000000000000000000000000000000000000	7626d3b9ba913f5658899be99b5b67e99e725d4b	-	9caf7dd73b1ee232afcd0bf437fa3882dc948e7528c4d554631501e693d88314	historical-touchscreen-client	exact-reviewed-endpoint-blob-reuse	corroborates	functional/who-8-video-door-entry-telephony/README.md	Every changed endpoint blob is identical to a core-ledger source/test endpoint already semantically reviewed; merge/removal adds no unreviewed file implementation; integration combinations not executed
libqtdevices	88ba22e52ebe0786bcb03ef8210c5c899fd0d2ef	44b0716d1ea104adf37a9063c23c6f4a3da325a4	test/test_entryphone_device.cpp	0000000000000000000000000000000000000000	bf9746779107aecac965236ee71451f573eef5fa	-	b3b64511090291bb4504054072eca7d51705c45d4e2c0b13181be0dba6084dc0	historical-touchscreen-client	exact-reviewed-endpoint-blob-reuse	corroborates	functional/who-8-video-door-entry-telephony/README.md	Every changed endpoint blob is identical to a core-ledger source/test endpoint already semantically reviewed; merge/removal adds no unreviewed file implementation; integration combinations not executed
libqtdevices	88ba22e52ebe0786bcb03ef8210c5c899fd0d2ef	44b0716d1ea104adf37a9063c23c6f4a3da325a4	test/test_entryphone_device.h	0000000000000000000000000000000000000000	0d298ee485f76e87b0b6938fbd42959eafbcdaa4	-	69737ed348f4cc8c6da8223d324915e4ba108fe2f5b77419d8844bd88ed8cd4a	historical-touchscreen-client	exact-reviewed-endpoint-blob-reuse	corroborates	functional/who-8-video-door-entry-telephony/README.md	Every changed endpoint blob is identical to a core-ledger source/test endpoint already semantically reviewed; merge/removal adds no unreviewed file implementation; integration combinations not executed
libqtdevices	4bc0c443d2671dceb357bfe8f1a5c76e1a49cf40	b120ebe31ebe8fffd40b4ba381a61a6241f31251	entryphone_device.cpp	0000000000000000000000000000000000000000	574b628bfda1bf48cba53e827212a73fbdbd9482	-	af43fc16d489313fefba43261f88754c9e7c28140907b108580f2255b3fdef4a	historical-touchscreen-client	exact-reviewed-endpoint-blob-reuse	corroborates	functional/who-8-video-door-entry-telephony/README.md	Every changed endpoint blob is identical to a core-ledger source/test endpoint already semantically reviewed; merge/removal adds no unreviewed file implementation; integration combinations not executed
libqtdevices	4bc0c443d2671dceb357bfe8f1a5c76e1a49cf40	b120ebe31ebe8fffd40b4ba381a61a6241f31251	entryphone_device.h	0000000000000000000000000000000000000000	7626d3b9ba913f5658899be99b5b67e99e725d4b	-	9caf7dd73b1ee232afcd0bf437fa3882dc948e7528c4d554631501e693d88314	historical-touchscreen-client	exact-reviewed-endpoint-blob-reuse	corroborates	functional/who-8-video-door-entry-telephony/README.md	Every changed endpoint blob is identical to a core-ledger source/test endpoint already semantically reviewed; merge/removal adds no unreviewed file implementation; integration combinations not executed
libqtdevices	4bc0c443d2671dceb357bfe8f1a5c76e1a49cf40	b120ebe31ebe8fffd40b4ba381a61a6241f31251	test/test_entryphone_device.cpp	0000000000000000000000000000000000000000	bf9746779107aecac965236ee71451f573eef5fa	-	b3b64511090291bb4504054072eca7d51705c45d4e2c0b13181be0dba6084dc0	historical-touchscreen-client	exact-reviewed-endpoint-blob-reuse	corroborates	functional/who-8-video-door-entry-telephony/README.md	Every changed endpoint blob is identical to a core-ledger source/test endpoint already semantically reviewed; merge/removal adds no unreviewed file implementation; integration combinations not executed
libqtdevices	4bc0c443d2671dceb357bfe8f1a5c76e1a49cf40	b120ebe31ebe8fffd40b4ba381a61a6241f31251	test/test_entryphone_device.h	0000000000000000000000000000000000000000	0d298ee485f76e87b0b6938fbd42959eafbcdaa4	-	69737ed348f4cc8c6da8223d324915e4ba108fe2f5b77419d8844bd88ed8cd4a	historical-touchscreen-client	exact-reviewed-endpoint-blob-reuse	corroborates	functional/who-8-video-door-entry-telephony/README.md	Every changed endpoint blob is identical to a core-ledger source/test endpoint already semantically reviewed; merge/removal adds no unreviewed file implementation; integration combinations not executed
libqtdevices	4bc0c443d2671dceb357bfe8f1a5c76e1a49cf40	cb8cca6cac83bb82df3dcd96aa2bb53269d4bf75	entryphone_device.cpp	0000000000000000000000000000000000000000	574b628bfda1bf48cba53e827212a73fbdbd9482	-	af43fc16d489313fefba43261f88754c9e7c28140907b108580f2255b3fdef4a	historical-touchscreen-client	exact-reviewed-endpoint-blob-reuse	corroborates	functional/who-8-video-door-entry-telephony/README.md	Every changed endpoint blob is identical to a core-ledger source/test endpoint already semantically reviewed; merge/removal adds no unreviewed file implementation; integration combinations not executed
libqtdevices	4bc0c443d2671dceb357bfe8f1a5c76e1a49cf40	cb8cca6cac83bb82df3dcd96aa2bb53269d4bf75	entryphone_device.h	0000000000000000000000000000000000000000	7626d3b9ba913f5658899be99b5b67e99e725d4b	-	9caf7dd73b1ee232afcd0bf437fa3882dc948e7528c4d554631501e693d88314	historical-touchscreen-client	exact-reviewed-endpoint-blob-reuse	corroborates	functional/who-8-video-door-entry-telephony/README.md	Every changed endpoint blob is identical to a core-ledger source/test endpoint already semantically reviewed; merge/removal adds no unreviewed file implementation; integration combinations not executed
libqtdevices	4bc0c443d2671dceb357bfe8f1a5c76e1a49cf40	cb8cca6cac83bb82df3dcd96aa2bb53269d4bf75	test/test_entryphone_device.cpp	0000000000000000000000000000000000000000	bf9746779107aecac965236ee71451f573eef5fa	-	b3b64511090291bb4504054072eca7d51705c45d4e2c0b13181be0dba6084dc0	historical-touchscreen-client	exact-reviewed-endpoint-blob-reuse	corroborates	functional/who-8-video-door-entry-telephony/README.md	Every changed endpoint blob is identical to a core-ledger source/test endpoint already semantically reviewed; merge/removal adds no unreviewed file implementation; integration combinations not executed
libqtdevices	4bc0c443d2671dceb357bfe8f1a5c76e1a49cf40	cb8cca6cac83bb82df3dcd96aa2bb53269d4bf75	test/test_entryphone_device.h	0000000000000000000000000000000000000000	0d298ee485f76e87b0b6938fbd42959eafbcdaa4	-	69737ed348f4cc8c6da8223d324915e4ba108fe2f5b77419d8844bd88ed8cd4a	historical-touchscreen-client	exact-reviewed-endpoint-blob-reuse	corroborates	functional/who-8-video-door-entry-telephony/README.md	Every changed endpoint blob is identical to a core-ledger source/test endpoint already semantically reviewed; merge/removal adds no unreviewed file implementation; integration combinations not executed
libqtdevices	1c0c6f2fcdeee781418af80684a841257a7e78d2	b120ebe31ebe8fffd40b4ba381a61a6241f31251	entryphone_device.cpp	0000000000000000000000000000000000000000	574b628bfda1bf48cba53e827212a73fbdbd9482	-	af43fc16d489313fefba43261f88754c9e7c28140907b108580f2255b3fdef4a	historical-touchscreen-client	exact-reviewed-endpoint-blob-reuse	corroborates	functional/who-8-video-door-entry-telephony/README.md	Every changed endpoint blob is identical to a core-ledger source/test endpoint already semantically reviewed; merge/removal adds no unreviewed file implementation; integration combinations not executed
libqtdevices	1c0c6f2fcdeee781418af80684a841257a7e78d2	b120ebe31ebe8fffd40b4ba381a61a6241f31251	entryphone_device.h	0000000000000000000000000000000000000000	7626d3b9ba913f5658899be99b5b67e99e725d4b	-	9caf7dd73b1ee232afcd0bf437fa3882dc948e7528c4d554631501e693d88314	historical-touchscreen-client	exact-reviewed-endpoint-blob-reuse	corroborates	functional/who-8-video-door-entry-telephony/README.md	Every changed endpoint blob is identical to a core-ledger source/test endpoint already semantically reviewed; merge/removal adds no unreviewed file implementation; integration combinations not executed
libqtdevices	1c0c6f2fcdeee781418af80684a841257a7e78d2	b120ebe31ebe8fffd40b4ba381a61a6241f31251	test/test_entryphone_device.cpp	0000000000000000000000000000000000000000	bf9746779107aecac965236ee71451f573eef5fa	-	b3b64511090291bb4504054072eca7d51705c45d4e2c0b13181be0dba6084dc0	historical-touchscreen-client	exact-reviewed-endpoint-blob-reuse	corroborates	functional/who-8-video-door-entry-telephony/README.md	Every changed endpoint blob is identical to a core-ledger source/test endpoint already semantically reviewed; merge/removal adds no unreviewed file implementation; integration combinations not executed
libqtdevices	1c0c6f2fcdeee781418af80684a841257a7e78d2	b120ebe31ebe8fffd40b4ba381a61a6241f31251	test/test_entryphone_device.h	0000000000000000000000000000000000000000	0d298ee485f76e87b0b6938fbd42959eafbcdaa4	-	69737ed348f4cc8c6da8223d324915e4ba108fe2f5b77419d8844bd88ed8cd4a	historical-touchscreen-client	exact-reviewed-endpoint-blob-reuse	corroborates	functional/who-8-video-door-entry-telephony/README.md	Every changed endpoint blob is identical to a core-ledger source/test endpoint already semantically reviewed; merge/removal adds no unreviewed file implementation; integration combinations not executed
BtExperience	eec461db534810cca738217968efeb0ae3b6084b	3ec9276101fdc52470649600f1748a68c179e559	BtObjects/vct.h	182d2362e1ead8285ad323e78c4c9eb1e9fd34f1	430ef0a7d5aed3956c4a1dc71e993a85eddcd6a1	b32151694b72921be94cd987cf5ddc58ecf106a7d2e520d42a2bf96bbb5a3db7	cfdeb07e65ef4a737fa5dfb952329a476b43b4039761777e8386deb719149107	BtExperience-teleloop-application	selected-correction-diff-and-final-caller/tests	excluded	-	ID range 1..9 added only to property comment; integer setters/parser have no range enforcement, so exclude universal wire-ID bound
BtExperience	abca5d13d99d5c4ccfba3efa35640885ac61c129	aaf3d0a599e8231eac019072de5e26ac89115873	BtObjects/vct.cpp	cae11797093c2d86f641ad7d76a79c75e929fcae	b578a74ade3f710effaf3e3669d5bcea09b1dda2	4672678e12555e9c5dd978916de3bfad7fb1e524b5a80d59816e0c70f9b1b433	f7156f032e325278744101cb8e68c087939870d8e21254e4bb1206c0745b2e17	BtExperience-teleloop-application	selected-correction-diff-and-final-caller/tests	corroborates	functional/who-8-video-door-entry-telephony/README.md	Base is_teleloop initialized false; repairs product state initialization
BtExperience	5bdeae366871c7c12cf24b503c41cdbf28973a63	3043c293f4c8e6e5568fb347b5091ce9c83550c1	BtObjects/vct.cpp	17db98805a2c433f36f95f9b9fe7e0ee4bff761d	cae11797093c2d86f641ad7d76a79c75e929fcae	6ac231e10d2904d9d154ff326fa7b05a49385233cc34555a54d5d34aebf6b6c6	4672678e12555e9c5dd978916de3bfad7fb1e524b5a80d59816e0c70f9b1b433	BtExperience-teleloop-application	selected-correction-diff-and-final-caller/tests	corroborates	functional/who-8-video-door-entry-telephony/README.md	Common property setters preserve signals and reset Intercom teleloop on deactivation
BtExperience	5bdeae366871c7c12cf24b503c41cdbf28973a63	3043c293f4c8e6e5568fb347b5091ce9c83550c1	BtObjects/vct.h	cf3cf8d74fbeea0cb6fbf7cf4955bbee86b0b96c	52941d04cd25045997f3eb9993c4237660a7d297	090dae055bf6e07367d77510210ba15d019add4797eaeba6033bfd9926e2e969	6f0773f7fc13fa5f1a62b6e9032863684eca943e178cb24332cf666907657bc4	BtExperience-teleloop-application	selected-correction-diff-and-final-caller/tests	corroborates	functional/who-8-video-door-entry-telephony/README.md	Common property setters preserve signals and reset Intercom teleloop on deactivation
BtExperience	1ffa606ad939ae408a24ddf370f291ccca17ef13	00f748f69b02e5bf163f2052f13f3f9ddd52a52a	BtObjects/vct.cpp	34c1e9425456fc8e221506741cbf8891177abf0f	ec8b01f2560baa8a29a39b69b7605e8871ad7475	93a4db44519713172228b7587e8e02714e9e00ece3cc8852accb9c437f49e008	debda2beb792ab1749fe8153e739b9e5d0b1a73fdff8d9e70ed86c6c3fffdb9f	BtExperience-teleloop-application	selected-correction-diff-and-final-caller/tests	incorporated	functional/who-8-video-door-entry-telephony/README.md	Intercom also handles boolean TELE_SESSION as answer only during pending unanswered call; implementation evidence rather than independent wire test
BtExperience	1ffa606ad939ae408a24ddf370f291ccca17ef13	00f748f69b02e5bf163f2052f13f3f9ddd52a52a	BtObjects/vct.h	7fe38f2f9351f72072d80f1aa5877fa477a92b27	8da9edfc04ef6c2d5f834b5ed378168bc618c3b6	e4967f1d46509e3444f8a778d672bd77a1c8fc5d71ae542e0bfa96e58dd8c7ec	f4688f4910cb6eed0bb213b48bdf06abb54ac5e047a22c5a03c6aeea55948378	BtExperience-teleloop-application	selected-correction-diff-and-final-caller/tests	incorporated	functional/who-8-video-door-entry-telephony/README.md	Intercom also handles boolean TELE_SESSION as answer only during pending unanswered call; implementation evidence rather than independent wire test
BtExperience	f9e35aaca6a93f223dbc096cba9a28d525fdd87c	b2dae4f29893c6b2c4b890be720e7d60e223f192	BtObjects/test/test_videodoorentry_objects.cpp	ade664240c116e4edab36381b7a6f9cdc271c300	3a3039aeab102070809fd1a215ba2720744d6601	cc8de67b42dbffe98311da577956a6d72c4f42ebb08a1ac3a9d45bc7efc35ce9	b5522e564cd3bb95b1fcf436abcb1c0c54e9f12b930a3e615de13b023d8e6f90	BtExperience-teleloop-application	selected-correction-diff-and-final-caller/tests	incorporated	functional/who-8-video-door-entry-telephony/README.md	Timer expiry is handled even when single-shot timer is no longer active; wire timeout remains guarded while associating; test stops timer before simulated expiry
BtExperience	f9e35aaca6a93f223dbc096cba9a28d525fdd87c	b2dae4f29893c6b2c4b890be720e7d60e223f192	BtObjects/vct.cpp	b2625f0cc623bbf8a945de5c0583d94e8fc541c6	b55a5ad06cc4d62b65ad6441b87c320df11d11f2	44e08906c27e70743719c78da4081245941f7dbc0f8305d435a4d9601628d6c7	da0564a163c9f8b462cd60d50d922fe2363934c1d142327b7f7f1433c354fd27	BtExperience-teleloop-application	selected-correction-diff-and-final-caller/tests	incorporated	functional/who-8-video-door-entry-telephony/README.md	Timer expiry is handled even when single-shot timer is no longer active; wire timeout remains guarded while associating; test stops timer before simulated expiry
BtExperience	039ef8d6d7b2b9f6390d71f6ad6d8a002c880f6d	909ca5fa5d75701b531c9ae1bc498a76ee883d77	BtObjects/vct.cpp	23eaa79c0a7b58a1a37b9ef895aa5bfe5b21b992	b2625f0cc623bbf8a945de5c0583d94e8fc541c6	80355aaa8c9b8e36d75977a205e39d57a99d778336d94efbfda588e1611d0e09	44e08906c27e70743719c78da4081245941f7dbc0f8305d435a4d9601628d6c7	BtExperience-teleloop-application	selected-correction-diff-and-final-caller/tests	corroborates	functional/who-8-video-door-entry-telephony/README.md	Associating property exposes timer activity and lifecycle signals; no wire addition
BtExperience	039ef8d6d7b2b9f6390d71f6ad6d8a002c880f6d	909ca5fa5d75701b531c9ae1bc498a76ee883d77	BtObjects/vct.h	57805459047116d28f99c6e6c6fe999531b01895	2b1ff73d837bb5fb1f6d61cf8a739b3058456a2a	6af1f2ecf03f3163f4e6da1b2bdf4bfaa282453efd6798af766a90ddb7f245ea	d0917c4a83d207ba5aa3a3b31c5ba41d6353dbb4300d9f7f738a442f87e9e5d7	BtExperience-teleloop-application	selected-correction-diff-and-final-caller/tests	corroborates	functional/who-8-video-door-entry-telephony/README.md	Associating property exposes timer activity and lifecycle signals; no wire addition
BtExperience	909ca5fa5d75701b531c9ae1bc498a76ee883d77	66de0ed31947c8af56848a0f35e6fec3a98ee52d	BtObjects/vct.cpp	efdbea59972c9fb7af595b0d67bdaa26987db544	23eaa79c0a7b58a1a37b9ef895aa5bfe5b21b992	02c3cc569318dbaa92e5bab29080be01e073a1d51a0da36df3bc8e896043c03c	80355aaa8c9b8e36d75977a205e39d57a99d778336d94efbfda588e1611d0e09	BtExperience-teleloop-application	selected-correction-diff-and-final-caller/tests	corroborates	functional/who-8-video-door-entry-telephony/README.md	11 constant multiplied by1000 for QTimer milliseconds; earlier 11-ms bug excluded from protocol timeouts
BtExperience	d52cdc818b946f6bb2250f06a0aaec55d8f2f393	a87ac91814209cfc62b3f252687d5a9f0cca4b7f	BtObjects/test/test_videodoorentry_objects.cpp	b37f9fcc015fbafca357aaea448c316fde1e1f1d	ade664240c116e4edab36381b7a6f9cdc271c300	9d4e85ec25572bfaf3bce851d8ee4fe08c9118ccbe432bac0cb08ce1a69d2412	cc8de67b42dbffe98311da577956a6d72c4f42ebb08a1ac3a9d45bc7efc35ce9	BtExperience-teleloop-application	selected-correction-diff-and-final-caller/tests	incorporated	functional/who-8-video-door-entry-telephony/README.md	CCTV exact state assertions show TELE_SESSION answering pending call and resetting on termination; remaining event parameters already discarded by device
BtExperience	d52cdc818b946f6bb2250f06a0aaec55d8f2f393	a87ac91814209cfc62b3f252687d5a9f0cca4b7f	BtObjects/test/test_videodoorentry_objects.h	d37cc79883f83214008354623a22801734578906	0e05c9fede665d8cb40138c43640c4f2ed6e825b	cd26bb9e005fb5bfa2938ac5a8bf64e6f2600e51b30780339f24bd276c23b836	9d88fcb2324f346f7e67c9b198d1d03f16ac6eec9df4f57a31d1dbbe87435a3d	BtExperience-teleloop-application	selected-correction-diff-and-final-caller/tests	incorporated	functional/who-8-video-door-entry-telephony/README.md	CCTV exact state assertions show TELE_SESSION answering pending call and resetting on termination; remaining event parameters already discarded by device
BtExperience	d52cdc818b946f6bb2250f06a0aaec55d8f2f393	a87ac91814209cfc62b3f252687d5a9f0cca4b7f	BtObjects/vct.cpp	49c5eb172239fdaae4e3b40d5e7ead1e93fc5629	efdbea59972c9fb7af595b0d67bdaa26987db544	4b62da121e1c779c2631a4408410b2d9f035213629058a4e13ac65f09d21d25f	02c3cc569318dbaa92e5bab29080be01e073a1d51a0da36df3bc8e896043c03c	BtExperience-teleloop-application	selected-correction-diff-and-final-caller/tests	incorporated	functional/who-8-video-door-entry-telephony/README.md	CCTV exact state assertions show TELE_SESSION answering pending call and resetting on termination; remaining event parameters already discarded by device
BtExperience	d52cdc818b946f6bb2250f06a0aaec55d8f2f393	a87ac91814209cfc62b3f252687d5a9f0cca4b7f	BtObjects/vct.h	e0336270c190e52a6dd04fbacc5ff9ce2f7d9c60	57805459047116d28f99c6e6c6fe999531b01895	315b357397f046b288442b5e6da820f2a8e8ddd76f3665e109d8ab4028d89781	6af1f2ecf03f3163f4e6da1b2bdf4bfaa282453efd6798af766a90ddb7f245ea	BtExperience-teleloop-application	selected-correction-diff-and-final-caller/tests	incorporated	functional/who-8-video-door-entry-telephony/README.md	CCTV exact state assertions show TELE_SESSION answering pending call and resetting on termination; remaining event parameters already discarded by device
BtExperience	a87ac91814209cfc62b3f252687d5a9f0cca4b7f	04c8a528a08229e71149ef9f864e70066b0c60f5	BtObjects/vct.cpp	75de38bdb15987aaa4604d845e5048d3828876ac	49c5eb172239fdaae4e3b40d5e7ead1e93fc5629	7fdf0322d6c129283ba47037f5131eaab76f9cc17d50a0b84bb685d3ac014508	4b62da121e1c779c2631a4408410b2d9f035213629058a4e13ac65f09d21d25f	BtExperience-teleloop-application	selected-correction-diff-and-final-caller/tests	corroborates	functional/who-8-video-door-entry-telephony/README.md	Association-ID changes request local persistence; configuration mode/enable mapping checked in plugin
BtExperience	04c8a528a08229e71149ef9f864e70066b0c60f5	c0e9498b9cf92f329088afe0479031317c736410	BtObjects/test/test_videodoorentry_objects.cpp	b985f0e98cf12e030599fb2ef8927d9700c197b4	b37f9fcc015fbafca357aaea448c316fde1e1f1d	aa6803d31ba09d2890e6c8aaf604530ba4bd14217d367a61f08b15568ece5def	9d4e85ec25572bfaf3bce851d8ee4fe08c9118ccbe432bac0cb08ce1a69d2412	BtExperience-teleloop-application	selected-correction-diff-and-final-caller/tests	incorporated	functional/who-8-video-door-entry-telephony/README.md	Association start/result/timeout assertions and active-timer guard; zero initial-ID timeout assertions do not prove resetting a previous association
BtExperience	04c8a528a08229e71149ef9f864e70066b0c60f5	c0e9498b9cf92f329088afe0479031317c736410	BtObjects/test/test_videodoorentry_objects.h	83bc96248a5f4071c41c83dc4159666542724201	d37cc79883f83214008354623a22801734578906	d6dc8c77d05e914387ac295eb5ccfad76391f482b58659af24d5d8915120e825	cd26bb9e005fb5bfa2938ac5a8bf64e6f2600e51b30780339f24bd276c23b836	BtExperience-teleloop-application	selected-correction-diff-and-final-caller/tests	incorporated	functional/who-8-video-door-entry-telephony/README.md	Association start/result/timeout assertions and active-timer guard; zero initial-ID timeout assertions do not prove resetting a previous association
BtExperience	04c8a528a08229e71149ef9f864e70066b0c60f5	c0e9498b9cf92f329088afe0479031317c736410	BtObjects/vct.cpp	2aac6d2ae2a28e68e1cd7f948992f783b026d6a5	75de38bdb15987aaa4604d845e5048d3828876ac	c205257dc7dc45d95fbf2ec23ba7bbbfe1f1214f602f02ae4e8880f622c733cd	7fdf0322d6c129283ba47037f5131eaab76f9cc17d50a0b84bb685d3ac014508	BtExperience-teleloop-application	selected-correction-diff-and-final-caller/tests	incorporated	functional/who-8-video-door-entry-telephony/README.md	Association start/result/timeout assertions and active-timer guard; zero initial-ID timeout assertions do not prove resetting a previous association
BtExperience	04c8a528a08229e71149ef9f864e70066b0c60f5	c0e9498b9cf92f329088afe0479031317c736410	BtObjects/vct.h	36ffd179a3df4e05a2b35075cda5c2bd13a42a92	e0336270c190e52a6dd04fbacc5ff9ce2f7d9c60	6343851d1c177dc7801687a4f48ea2ad52d14b8c36e1eee2756e8e978940f909	315b357397f046b288442b5e6da820f2a8e8ddd76f3665e109d8ab4028d89781	BtExperience-teleloop-application	selected-correction-diff-and-final-caller/tests	incorporated	functional/who-8-video-door-entry-telephony/README.md	Association start/result/timeout assertions and active-timer guard; zero initial-ID timeout assertions do not prove resetting a previous association
