repository	deletion_commit	parent_ref	path	git_blob	bytes	boundary_hit	equivalent_pinned_path	profile	canonical_page	disposition	reason
libqtdevices	07938c30fb5318ee28a26770155040687c134014	07938c30fb5318ee28a26770155040687c134014^	actuators.cpp	bb6fac628134ec3f573a25c8378007625a78260e	3534	0		ui		reviewed-indirect-terminal-variant	delegated-api-and-state-review
libqtdevices	07938c30fb5318ee28a26770155040687c134014	07938c30fb5318ee28a26770155040687c134014^	actuators.h	c710bb52b9a17bd7b091cd77b0c1fee9bf3522fd	2052	0		ui		reviewed-indirect-terminal-variant	delegated-api-and-state-review
libqtdevices	07938c30fb5318ee28a26770155040687c134014	07938c30fb5318ee28a26770155040687c134014^	airconditioning.cpp	bb3c6c167893836550ae1ab5fe821cf7375eac04	19760	0		hvac	functional/who-4-temperature-control/dimensions.md	reviewed-indirect-terminal-variant	delegated-api-and-state-review
libqtdevices	07938c30fb5318ee28a26770155040687c134014	07938c30fb5318ee28a26770155040687c134014^	airconditioning.h	84cf7731155e4411b8287e10665b18ebb2897f11	6375	0		hvac	functional/who-4-temperature-control/dimensions.md	reviewed-indirect-terminal-variant	delegated-api-and-state-review
libqtdevices	07938c30fb5318ee28a26770155040687c134014	07938c30fb5318ee28a26770155040687c134014^	alarmclock.cpp	75b5b6991d69e7e2939b30bf18b733f2a0ce8f38	20546	0		audio	functional/who-22-sound-diffusion/README.md	reviewed-indirect-terminal-variant	delegated-api-and-state-review
libqtdevices	07938c30fb5318ee28a26770155040687c134014	07938c30fb5318ee28a26770155040687c134014^	alarmclock.h	013c2d4e3de4aed302b51a5aa84cafb1c3d6e61b	5880	0		audio	functional/who-22-sound-diffusion/README.md	reviewed-indirect-terminal-variant	delegated-api-and-state-review
libqtdevices	07938c30fb5318ee28a26770155040687c134014	07938c30fb5318ee28a26770155040687c134014^	alarmpage.cpp	43ab123b36c30d7de934e25bb7512c2eeac6c702	5770	0		ui		unresolved-boundary	no-direct-marker-not-semantic-exhaustion
libqtdevices	07938c30fb5318ee28a26770155040687c134014	07938c30fb5318ee28a26770155040687c134014^	alarmpage.h	fa31c4b9ac813c99129998e18b7fbc3d33cc3871	1535	0		ui		unresolved-boundary	no-direct-marker-not-semantic-exhaustion
libqtdevices	07938c30fb5318ee28a26770155040687c134014	07938c30fb5318ee28a26770155040687c134014^	antintrusion.cpp	53e773bdc1be3e2537ffe2bb49dacb04e3386bc4	18777	0		alarm	functional/who-5-alarm/protocol.md	reviewed-indirect-terminal-variant	delegated-api-and-state-review
libqtdevices	07938c30fb5318ee28a26770155040687c134014	07938c30fb5318ee28a26770155040687c134014^	antintrusion.h	5249cfc6a15f582372b93821d04bd535d7d629da	4486	0		alarm	functional/who-5-alarm/protocol.md	reviewed-indirect-terminal-variant	delegated-api-and-state-review
libqtdevices	07938c30fb5318ee28a26770155040687c134014	07938c30fb5318ee28a26770155040687c134014^	automation.cpp	0df0ef4ec45c098f3def555d72b7d08a0b467634	4501	0		automation	functional/who-2-automation/README.md	reviewed-configuration-terminal-variant	configuration-state-and-conversion-review
libqtdevices	07938c30fb5318ee28a26770155040687c134014	07938c30fb5318ee28a26770155040687c134014^	automation.h	58dd4d06bd582b8b26cd9b3e7d360ad39e97bc11	1592	0		automation	functional/who-2-automation/README.md	unresolved-boundary	no-direct-marker-not-semantic-exhaustion
libqtdevices	07938c30fb5318ee28a26770155040687c134014	07938c30fb5318ee28a26770155040687c134014^	bann1_button.cpp	3c8c6dbf3553486cdb1257b28c207a088f9f4cd4	7414	0		ui		unresolved-boundary	no-direct-marker-not-semantic-exhaustion
libqtdevices	07938c30fb5318ee28a26770155040687c134014	07938c30fb5318ee28a26770155040687c134014^	bann1_button.h	23f6cc21adb1892c296e6e0985eddcda834e5ec8	3312	0		ui		unresolved-boundary	no-direct-marker-not-semantic-exhaustion
libqtdevices	07938c30fb5318ee28a26770155040687c134014	07938c30fb5318ee28a26770155040687c134014^	bann2_buttons.cpp	a275c01faf9b38f38aaff8ad1b06ba6aad46f5bd	13309	0		ui		unresolved-boundary	no-direct-marker-not-semantic-exhaustion
libqtdevices	07938c30fb5318ee28a26770155040687c134014	07938c30fb5318ee28a26770155040687c134014^	bann2_buttons.h	a1607024d19ea9fa839fc4d37ff3c420edfd9420	12366	0		ui		unresolved-boundary	no-direct-marker-not-semantic-exhaustion
libqtdevices	07938c30fb5318ee28a26770155040687c134014	07938c30fb5318ee28a26770155040687c134014^	bann3_buttons.cpp	00808fcba078a009ca9db5a40bae69a810431014	4363	0		ui		unresolved-boundary	no-direct-marker-not-semantic-exhaustion
libqtdevices	07938c30fb5318ee28a26770155040687c134014	07938c30fb5318ee28a26770155040687c134014^	bann3_buttons.h	d3a1ed2d520dce41eb904813fd4d8443bbad540b	2264	0		ui		unresolved-boundary	no-direct-marker-not-semantic-exhaustion
libqtdevices	07938c30fb5318ee28a26770155040687c134014	07938c30fb5318ee28a26770155040687c134014^	bann4_buttons.cpp	960d01d233c0274347fcd5fbfbe567c3621ce22a	8169	0		ui		unresolved-boundary	no-direct-marker-not-semantic-exhaustion
libqtdevices	07938c30fb5318ee28a26770155040687c134014	07938c30fb5318ee28a26770155040687c134014^	bann4_buttons.h	48a7e70927331362d193945a63c6c1a80c59a644	4070	0		ui		unresolved-boundary	no-direct-marker-not-semantic-exhaustion
libqtdevices	07938c30fb5318ee28a26770155040687c134014	07938c30fb5318ee28a26770155040687c134014^	bann_airconditioning.cpp	70f8d25c07e115176a9925e1917e4cdb575091b0	11076	0		hvac	functional/who-4-temperature-control/dimensions.md	reviewed-indirect-terminal-variant	delegated-api-and-state-review
libqtdevices	07938c30fb5318ee28a26770155040687c134014	07938c30fb5318ee28a26770155040687c134014^	bann_airconditioning.h	0eb6bda762806eb0e706e22423c243f989227b9d	6255	0		hvac	functional/who-4-temperature-control/dimensions.md	reviewed-indirect-terminal-variant	delegated-api-and-state-review
libqtdevices	07938c30fb5318ee28a26770155040687c134014	07938c30fb5318ee28a26770155040687c134014^	bann_amplifiers.cpp	3dbeff9ce398d0c83f32983d4b291c6dc69fa461	4663	0		ui		reviewed-indirect-terminal-variant	delegated-api-and-state-review
libqtdevices	07938c30fb5318ee28a26770155040687c134014	07938c30fb5318ee28a26770155040687c134014^	bann_amplifiers.h	f64056772f6f6583e0c9da17096ef05a6aaece13	2024	0		ui		reviewed-indirect-terminal-variant	delegated-api-and-state-review
libqtdevices	07938c30fb5318ee28a26770155040687c134014	07938c30fb5318ee28a26770155040687c134014^	bann_antintrusion.cpp	bc3845dad74d4bd25b1bf81107d54bbbb8702ad4	3225	0		alarm	functional/who-5-alarm/protocol.md	unresolved-boundary	no-direct-marker-not-semantic-exhaustion
libqtdevices	07938c30fb5318ee28a26770155040687c134014	07938c30fb5318ee28a26770155040687c134014^	bann_antintrusion.h	ff2c81b0513f7563ec61defd3f3fa559c31714cd	2160	0		alarm	functional/who-5-alarm/protocol.md	unresolved-boundary	no-direct-marker-not-semantic-exhaustion
libqtdevices	07938c30fb5318ee28a26770155040687c134014	07938c30fb5318ee28a26770155040687c134014^	bann_automation.cpp	920d08d4b7166ee95f3e2f1aa957c0e1d2647dab	8304	0		automation	functional/who-2-automation/README.md	reviewed-indirect-terminal-variant	delegated-api-and-state-review
libqtdevices	07938c30fb5318ee28a26770155040687c134014	07938c30fb5318ee28a26770155040687c134014^	bann_automation.h	335e14f56624413d17b8b2677c954d8b4acd27a1	4147	0		automation	functional/who-2-automation/README.md	reviewed-indirect-terminal-variant	delegated-api-and-state-review
libqtdevices	07938c30fb5318ee28a26770155040687c134014	07938c30fb5318ee28a26770155040687c134014^	bann_energy.cpp	513a13d1bb1c7902e350404caf8fb0a471029840	10499	0		energy	functional/who-18-energy-management/dimensions.md	reviewed-indirect-terminal-variant	delegated-api-and-state-review
libqtdevices	07938c30fb5318ee28a26770155040687c134014	07938c30fb5318ee28a26770155040687c134014^	bann_energy.h	a0a2d9a0e4e1cd5f0f75e0b26c904685ef7878ca	4701	0		energy	functional/who-18-energy-management/dimensions.md	reviewed-indirect-terminal-variant	delegated-api-and-state-review
libqtdevices	07938c30fb5318ee28a26770155040687c134014	07938c30fb5318ee28a26770155040687c134014^	bann_lighting.cpp	f262d64fdbc62815f133c08bc1e0033058851ee4	15057	0		lighting	functional/who-1-lighting/what.md	reviewed-indirect-terminal-variant	delegated-api-and-state-review
libqtdevices	07938c30fb5318ee28a26770155040687c134014	07938c30fb5318ee28a26770155040687c134014^	bann_lighting.h	80108a73c7d9d80ab8c2a36ee507f3e4410a8b13	5723	0		lighting	functional/who-1-lighting/what.md	reviewed-indirect-terminal-variant	delegated-api-and-state-review
libqtdevices	07938c30fb5318ee28a26770155040687c134014	07938c30fb5318ee28a26770155040687c134014^	bann_scenario.cpp	8bd9b360f08f0daa3fdcdad4a597dca075b8c945	9757	1		scenario	functional/who-0-scenarios/README.md	reviewed-terminal-variant	historical-findings-table
libqtdevices	07938c30fb5318ee28a26770155040687c134014	07938c30fb5318ee28a26770155040687c134014^	bann_scenario.h	e543a60b2416becb6a5f708cbf66415d7cb5c20c	4908	0		scenario	functional/who-0-scenarios/README.md	reviewed-indirect-terminal-variant	delegated-api-and-state-review
libqtdevices	07938c30fb5318ee28a26770155040687c134014	07938c30fb5318ee28a26770155040687c134014^	bann_settings.cpp	cffd59c2314baf964759ad9c543870052c2de191	13014	0		ui		unresolved-boundary	no-direct-marker-not-semantic-exhaustion
libqtdevices	07938c30fb5318ee28a26770155040687c134014	07938c30fb5318ee28a26770155040687c134014^	bann_settings.h	456ebbc8e40b1d10063f2703bc8a4f85c7bcf933	5873	0		ui		unresolved-boundary	no-direct-marker-not-semantic-exhaustion
libqtdevices	07938c30fb5318ee28a26770155040687c134014	07938c30fb5318ee28a26770155040687c134014^	bann_thermal_regulation.cpp	1f990688be5c7fe5df732a204a0355db8aa05a50	5951	0		hvac	functional/who-4-temperature-control/dimensions.md	reviewed-indirect-terminal-variant	delegated-api-and-state-review
libqtdevices	07938c30fb5318ee28a26770155040687c134014	07938c30fb5318ee28a26770155040687c134014^	bann_thermal_regulation.h	9a5b891288949321ac0a5b2c064893464ae7cae7	4075	0		hvac	functional/who-4-temperature-control/dimensions.md	reviewed-indirect-terminal-variant	delegated-api-and-state-review
libqtdevices	07938c30fb5318ee28a26770155040687c134014	07938c30fb5318ee28a26770155040687c134014^	bann_videodoorentry.cpp	b55f8f53b78f8d3224e41aef93ac3504b6d1fec3	1791	0		vde	functional/who-8-video-door-entry-telephony/README.md	unresolved-boundary	no-direct-marker-not-semantic-exhaustion
libqtdevices	07938c30fb5318ee28a26770155040687c134014	07938c30fb5318ee28a26770155040687c134014^	bann_videodoorentry.h	284dd414edf89732304b515041c14603a31c32d7	1566	0		vde	functional/who-8-video-door-entry-telephony/README.md	unresolved-boundary	no-direct-marker-not-semantic-exhaustion
libqtdevices	07938c30fb5318ee28a26770155040687c134014	07938c30fb5318ee28a26770155040687c134014^	banner.cpp	48ff95b02e37eb5f8b259f9be03d745e9eb19d8b	4482	1		ui		reviewed-terminal-variant	historical-findings-table
libqtdevices	07938c30fb5318ee28a26770155040687c134014	07938c30fb5318ee28a26770155040687c134014^	banner.h	2da1c5e71f37545ed08215c5a97a86a93ffdd881	3908	1		ui		reviewed-terminal-variant	historical-findings-table
libqtdevices	07938c30fb5318ee28a26770155040687c134014	07938c30fb5318ee28a26770155040687c134014^	bannerfactory.cpp	7be72886c9c79a520d9afe510b97a9ce17a9b75f	1543	0		ui		unresolved-boundary	no-direct-marker-not-semantic-exhaustion
libqtdevices	07938c30fb5318ee28a26770155040687c134014	07938c30fb5318ee28a26770155040687c134014^	bannerfactory.h	234ec6174ba053c8067dae5b6e754d3e2db19ecc	1163	0		ui		unresolved-boundary	no-direct-marker-not-semantic-exhaustion
libqtdevices	07938c30fb5318ee28a26770155040687c134014	07938c30fb5318ee28a26770155040687c134014^	bannerpage.cpp	684a5baa1dac0e22b1e70b4f0f2c6a56b0ec8244	7543	0		ui		unresolved-boundary	no-direct-marker-not-semantic-exhaustion
libqtdevices	07938c30fb5318ee28a26770155040687c134014	07938c30fb5318ee28a26770155040687c134014^	bannerpage.h	28a62354bff6d5444d22fe62f0b1a1a2229583f1	5396	0		ui		unresolved-boundary	no-direct-marker-not-semantic-exhaustion
libqtdevices	07938c30fb5318ee28a26770155040687c134014	07938c30fb5318ee28a26770155040687c134014^	bannonoffcombo.cpp	5324c752bf981a20ae55ae76bcc2c97abd8426bf	3523	0		ui		unresolved-boundary	no-direct-marker-not-semantic-exhaustion
libqtdevices	07938c30fb5318ee28a26770155040687c134014	07938c30fb5318ee28a26770155040687c134014^	bannonoffcombo.h	f68ef7764b94294be024bcde8e9ed78c4d7d9614	1618	0		ui		unresolved-boundary	no-direct-marker-not-semantic-exhaustion
libqtdevices	07938c30fb5318ee28a26770155040687c134014	07938c30fb5318ee28a26770155040687c134014^	btbutton.cpp	42bc2c73d96df745493b68d911efdc7b7a8fa018	4550	0		ui		unresolved-boundary	no-direct-marker-not-semantic-exhaustion
libqtdevices	07938c30fb5318ee28a26770155040687c134014	07938c30fb5318ee28a26770155040687c134014^	btbutton.h	d503f4a65622bc753734346f066b5f8a8049a4d4	3987	0		ui		unresolved-boundary	no-direct-marker-not-semantic-exhaustion
libqtdevices	07938c30fb5318ee28a26770155040687c134014	07938c30fb5318ee28a26770155040687c134014^	btmain.cpp	294cd080c24c16f6045e261b2d51010f07989509	25620	0		ui		reviewed-indirect-terminal-variant	delegated-api-and-state-review
libqtdevices	07938c30fb5318ee28a26770155040687c134014	07938c30fb5318ee28a26770155040687c134014^	btmain.h	3dc643b5f8d36e2676dcab68798f9c547942bff6	3534	0		ui		unresolved-boundary	no-direct-marker-not-semantic-exhaustion
libqtdevices	07938c30fb5318ee28a26770155040687c134014	07938c30fb5318ee28a26770155040687c134014^	calibration.cpp	16c1711fc91858f607923589295c3165f608833b	3024	0		ui		unresolved-boundary	no-direct-marker-not-semantic-exhaustion
libqtdevices	07938c30fb5318ee28a26770155040687c134014	07938c30fb5318ee28a26770155040687c134014^	calibration.h	822022a0c9a49687e97ee088feb01cda6297a0b5	2165	0		ui		unresolved-boundary	no-direct-marker-not-semantic-exhaustion
libqtdevices	07938c30fb5318ee28a26770155040687c134014	07938c30fb5318ee28a26770155040687c134014^	calibration_widget.cpp	79459e76e293223d1c526b82c9fd46348c8cb68c	12435	0		ui		unresolved-boundary	no-direct-marker-not-semantic-exhaustion
libqtdevices	07938c30fb5318ee28a26770155040687c134014	07938c30fb5318ee28a26770155040687c134014^	calibration_widget.h	f29c382a1c84d5309adf44d6a90b44f71973db21	3288	0		ui		unresolved-boundary	no-direct-marker-not-semantic-exhaustion
libqtdevices	07938c30fb5318ee28a26770155040687c134014	07938c30fb5318ee28a26770155040687c134014^	changedatetime.cpp	2824b120f05e3db0a20a5a9b7a591360470d2e7a	3147	0		ui		reviewed-indirect-terminal-variant	delegated-api-and-state-review
libqtdevices	07938c30fb5318ee28a26770155040687c134014	07938c30fb5318ee28a26770155040687c134014^	changedatetime.h	e9aff3c1f2dd48bed6fe30bd3c6ecd1f6d2f4d24	1668	0		ui		unresolved-boundary	no-direct-marker-not-semantic-exhaustion
libqtdevices	07938c30fb5318ee28a26770155040687c134014	07938c30fb5318ee28a26770155040687c134014^	cleanscreen.cpp	a189d39d911d99468cf1b3ce8ccc986310a4722a	2686	0		ui		unresolved-boundary	no-direct-marker-not-semantic-exhaustion
libqtdevices	07938c30fb5318ee28a26770155040687c134014	07938c30fb5318ee28a26770155040687c134014^	cleanscreen.h	e07869391f36092f703a05440fbb915bee30b0d6	1857	0		ui		unresolved-boundary	no-direct-marker-not-semantic-exhaustion
libqtdevices	07938c30fb5318ee28a26770155040687c134014	07938c30fb5318ee28a26770155040687c134014^	connectiontester.cpp	a1a816a23fe0d449fa5dae0300be18bddde7b5c0	2636	0	libqtcommon:connectiontester.cpp	ui		corroborates	exact-pinned-blob
libqtdevices	07938c30fb5318ee28a26770155040687c134014	07938c30fb5318ee28a26770155040687c134014^	connectiontester.h	b9386e1e1d2c99be2c00dbfc14445686448ecdd0	1746	0	libqtcommon:connectiontester.h	ui		corroborates	exact-pinned-blob
libqtdevices	07938c30fb5318ee28a26770155040687c134014	07938c30fb5318ee28a26770155040687c134014^	contrast.cpp	1cdcebd2bba872272862e4686e1993c1f994d170	2573	0		ui		unresolved-boundary	no-direct-marker-not-semantic-exhaustion
libqtdevices	07938c30fb5318ee28a26770155040687c134014	07938c30fb5318ee28a26770155040687c134014^	contrast.h	2366a0297012d8cfef3cc59df497e7f486e8fcf1	1103	0		ui		unresolved-boundary	no-direct-marker-not-semantic-exhaustion
libqtdevices	07938c30fb5318ee28a26770155040687c134014	07938c30fb5318ee28a26770155040687c134014^	datetime.cpp	f9c125f44dcafe15c4546221458d5f08eaa6bd15	11542	0		ui		unresolved-boundary	no-direct-marker-not-semantic-exhaustion
libqtdevices	07938c30fb5318ee28a26770155040687c134014	07938c30fb5318ee28a26770155040687c134014^	datetime.h	f1b5bf80200753a93aa3889b0855cfbf32e25644	3456	0		ui		unresolved-boundary	no-direct-marker-not-semantic-exhaustion
libqtdevices	07938c30fb5318ee28a26770155040687c134014	07938c30fb5318ee28a26770155040687c134014^	devices/test/test_main.cpp	c6d8c3e75b633de4cbd63d594b9158ead8cc1359	5837	0		ui		reviewed-indirect-terminal-variant	delegated-api-and-state-review
libqtdevices	07938c30fb5318ee28a26770155040687c134014	07938c30fb5318ee28a26770155040687c134014^	displaycontrol.cpp	cc195cc1b63be545fc4fc36c3249d4c1c64e8aa0	12637	0		ui		unresolved-boundary	no-direct-marker-not-semantic-exhaustion
libqtdevices	07938c30fb5318ee28a26770155040687c134014	07938c30fb5318ee28a26770155040687c134014^	displaycontrol.h	e2b8d2ad23b0a8c9795d0329a48b800b2f0e51b0	8059	0		ui		unresolved-boundary	no-direct-marker-not-semantic-exhaustion
libqtdevices	07938c30fb5318ee28a26770155040687c134014	07938c30fb5318ee28a26770155040687c134014^	energy_data.cpp	9c76a048fe8a6523ad0c9a983b3abf00b3d74416	14220	0		energy	functional/who-18-energy-management/dimensions.md	reviewed-indirect-terminal-variant	delegated-api-and-state-review
libqtdevices	07938c30fb5318ee28a26770155040687c134014	07938c30fb5318ee28a26770155040687c134014^	energy_data.h	d1e097244c22e8d6737cb1209812577e72badd83	4030	0		energy	functional/who-18-energy-management/dimensions.md	unresolved-boundary	no-direct-marker-not-semantic-exhaustion
libqtdevices	07938c30fb5318ee28a26770155040687c134014	07938c30fb5318ee28a26770155040687c134014^	energy_graph.cpp	c170de108d3d45d6107256b95e712798aa65fbad	12665	0		energy	functional/who-18-energy-management/dimensions.md	unresolved-boundary	no-direct-marker-not-semantic-exhaustion
libqtdevices	07938c30fb5318ee28a26770155040687c134014	07938c30fb5318ee28a26770155040687c134014^	energy_graph.h	4a2da46c7379ff667580f76930a3a236f5796de9	4362	0		energy	functional/who-18-energy-management/dimensions.md	unresolved-boundary	no-direct-marker-not-semantic-exhaustion
libqtdevices	07938c30fb5318ee28a26770155040687c134014	07938c30fb5318ee28a26770155040687c134014^	energy_management.cpp	6812629844a284d9d27de0d5d242416527dcd3c0	3709	0		energy	functional/who-18-energy-management/dimensions.md	reviewed-configuration-terminal-variant	configuration-state-and-conversion-review
libqtdevices	07938c30fb5318ee28a26770155040687c134014	07938c30fb5318ee28a26770155040687c134014^	energy_management.h	c7d22e84c3db7c9a1ecea6e1eec50b46a1e2bdd5	1828	0		energy	functional/who-18-energy-management/dimensions.md	unresolved-boundary	no-direct-marker-not-semantic-exhaustion
libqtdevices	07938c30fb5318ee28a26770155040687c134014	07938c30fb5318ee28a26770155040687c134014^	energy_rates.cpp	5f810817ce0bfd98ec04683184cc21362e72e3f5	3571	0		energy	functional/who-18-energy-management/dimensions.md	unresolved-boundary	no-direct-marker-not-semantic-exhaustion
libqtdevices	07938c30fb5318ee28a26770155040687c134014	07938c30fb5318ee28a26770155040687c134014^	energy_rates.h	9d5c5107a1b8217b3b16e117246c7e902ea316fd	2394	0		energy	functional/who-18-energy-management/dimensions.md	unresolved-boundary	no-direct-marker-not-semantic-exhaustion
libqtdevices	07938c30fb5318ee28a26770155040687c134014	07938c30fb5318ee28a26770155040687c134014^	energy_view.cpp	46e6f96c43fdcf5cd946dd71dea45fe511ea80ce	31161	0		energy	functional/who-18-energy-management/dimensions.md	reviewed-indirect-terminal-variant	delegated-api-and-state-review
libqtdevices	07938c30fb5318ee28a26770155040687c134014	07938c30fb5318ee28a26770155040687c134014^	energy_view.h	cd5cbd68b4a0aa51aba432aadab733f56abb2b6b	6343	0		energy	functional/who-18-energy-management/dimensions.md	reviewed-indirect-terminal-variant	delegated-api-and-state-review
libqtdevices	07938c30fb5318ee28a26770155040687c134014	07938c30fb5318ee28a26770155040687c134014^	examples/logoscreensaver/logoscreensaver.cpp	4197431eafe7922dfe5700b7bf1015950ad0653f	2083	0		ui		unresolved-boundary	no-direct-marker-not-semantic-exhaustion
libqtdevices	07938c30fb5318ee28a26770155040687c134014	07938c30fb5318ee28a26770155040687c134014^	examples/logoscreensaver/logoscreensaver.h	951ea3562e09ea11b157d3757360eb894cf91ac8	1443	0		ui		unresolved-boundary	no-direct-marker-not-semantic-exhaustion
libqtdevices	07938c30fb5318ee28a26770155040687c134014	07938c30fb5318ee28a26770155040687c134014^	examples/pdf/pages/pdfpage.cpp	9f60d2f45df7c5a88d395a4a083b7321341ad837	2883	0		ui		unresolved-boundary	no-direct-marker-not-semantic-exhaustion
libqtdevices	07938c30fb5318ee28a26770155040687c134014	07938c30fb5318ee28a26770155040687c134014^	examples/pdf/pages/pdfpage.h	aafc5e32402be32f34400ef80368be422cb45028	1503	0		ui		unresolved-boundary	no-direct-marker-not-semantic-exhaustion
libqtdevices	07938c30fb5318ee28a26770155040687c134014	07938c30fb5318ee28a26770155040687c134014^	examples/tcpbanner/banner/tcpbannerpage.cpp	341b9555dbf48c3c83d0614682114ff07a905125	2022	0		ui		unresolved-boundary	no-direct-marker-not-semantic-exhaustion
libqtdevices	07938c30fb5318ee28a26770155040687c134014	07938c30fb5318ee28a26770155040687c134014^	examples/tcpbanner/banner/tcpbannerpage.h	fe2f14cf20149202c5f74760a3905f64686a3069	1068	0		ui		unresolved-boundary	no-direct-marker-not-semantic-exhaustion
libqtdevices	07938c30fb5318ee28a26770155040687c134014	07938c30fb5318ee28a26770155040687c134014^	examples/tcpbanner/banner/tcpdimmer.cpp	c0c8a7b34d568582e87cbb5c9a14c1800d6a45af	2556	0		ui		unresolved-boundary	no-direct-marker-not-semantic-exhaustion
libqtdevices	07938c30fb5318ee28a26770155040687c134014	07938c30fb5318ee28a26770155040687c134014^	examples/tcpbanner/banner/tcpdimmer.h	e2f5c629e783d2243040dda13a6588d1beb78638	1317	0		ui		unresolved-boundary	no-direct-marker-not-semantic-exhaustion
libqtdevices	07938c30fb5318ee28a26770155040687c134014	07938c30fb5318ee28a26770155040687c134014^	examples/tcpbanner/banner/tcpstatebanner.cpp	50c3597bb482c95dd6e41c6bc60914e9a0c03c46	1900	0		ui		unresolved-boundary	no-direct-marker-not-semantic-exhaustion
libqtdevices	07938c30fb5318ee28a26770155040687c134014	07938c30fb5318ee28a26770155040687c134014^	examples/tcpbanner/banner/tcpstatebanner.h	1e2a113759accce604eb402d90d4715885e5c4fb	1330	0		ui		unresolved-boundary	no-direct-marker-not-semantic-exhaustion
libqtdevices	07938c30fb5318ee28a26770155040687c134014	07938c30fb5318ee28a26770155040687c134014^	examples/tcpbanner/server/main.cpp	42294f4a23f407257d457a2ec00bb8b650ecd933	1031	0		ui		unresolved-boundary	no-direct-marker-not-semantic-exhaustion
libqtdevices	07938c30fb5318ee28a26770155040687c134014	07938c30fb5318ee28a26770155040687c134014^	examples/tcpbanner/server/mainwindow.cpp	4d043aae66485c4f6f16955c5ac1efdb82c36c1a	1826	0		ui		unresolved-boundary	no-direct-marker-not-semantic-exhaustion
libqtdevices	07938c30fb5318ee28a26770155040687c134014	07938c30fb5318ee28a26770155040687c134014^	examples/tcpbanner/server/mainwindow.h	36263e06842ff8133e945ca83de411436a4f165c	1165	0		ui		unresolved-boundary	no-direct-marker-not-semantic-exhaustion
libqtdevices	07938c30fb5318ee28a26770155040687c134014	07938c30fb5318ee28a26770155040687c134014^	examples/tcpbanner/server/messagereceiver.cpp	e57b040bf22c4dad81ab2c1af0ff8ae2b0989a1a	1687	0		messages	functional/who-25-transversal/README.md	unresolved-boundary	no-direct-marker-not-semantic-exhaustion
libqtdevices	07938c30fb5318ee28a26770155040687c134014	07938c30fb5318ee28a26770155040687c134014^	examples/tcpbanner/server/messagereceiver.h	c0d28d270576c291005739389b53871793469dd9	1239	0		messages	functional/who-25-transversal/README.md	unresolved-boundary	no-direct-marker-not-semantic-exhaustion
libqtdevices	07938c30fb5318ee28a26770155040687c134014	07938c30fb5318ee28a26770155040687c134014^	feeditemwidget.cpp	7e24f41481e47f734fcfc7e843c3e1d145302d67	3526	0		ui		unresolved-boundary	no-direct-marker-not-semantic-exhaustion
libqtdevices	07938c30fb5318ee28a26770155040687c134014	07938c30fb5318ee28a26770155040687c134014^	feeditemwidget.h	0c28692eca69c99118302de4cf1f95c714886037	1715	0		ui		unresolved-boundary	no-direct-marker-not-semantic-exhaustion
libqtdevices	07938c30fb5318ee28a26770155040687c134014	07938c30fb5318ee28a26770155040687c134014^	feedmanager.cpp	8d680403e6dfa73cc39f0b27b52d7ef26a22b859	5830	0		ui		unresolved-boundary	no-direct-marker-not-semantic-exhaustion
libqtdevices	07938c30fb5318ee28a26770155040687c134014	07938c30fb5318ee28a26770155040687c134014^	feedmanager.h	6c30a190f5beb6a2da9450b5761f0cf195cfdca1	2670	0		ui		unresolved-boundary	no-direct-marker-not-semantic-exhaustion
libqtdevices	07938c30fb5318ee28a26770155040687c134014	07938c30fb5318ee28a26770155040687c134014^	feedparser.cpp	f519b9f4c7dcefa915a7853ec9a6d8b4dd728259	6377	0		ui		unresolved-boundary	no-direct-marker-not-semantic-exhaustion
libqtdevices	07938c30fb5318ee28a26770155040687c134014	07938c30fb5318ee28a26770155040687c134014^	feedparser.h	98a4d6f4e88f6af9d2ebca7d1fd7846eab75926b	3463	0		ui		unresolved-boundary	no-direct-marker-not-semantic-exhaustion
libqtdevices	07938c30fb5318ee28a26770155040687c134014	07938c30fb5318ee28a26770155040687c134014^	fileselector.cpp	eee64a026f721559a0cb80dfc17e24867dc0e070	5481	0		ui		unresolved-boundary	no-direct-marker-not-semantic-exhaustion
libqtdevices	07938c30fb5318ee28a26770155040687c134014	07938c30fb5318ee28a26770155040687c134014^	fileselector.h	5c3f7558c31e6cb42eadaf1349714ebd720ffca9	3105	0		ui		unresolved-boundary	no-direct-marker-not-semantic-exhaustion
libqtdevices	07938c30fb5318ee28a26770155040687c134014	07938c30fb5318ee28a26770155040687c134014^	fontmanager.cpp	31eafd65b9ab07c4f3837e3f32bda3d66925d20c	3072	0		ui		unresolved-boundary	no-direct-marker-not-semantic-exhaustion
libqtdevices	07938c30fb5318ee28a26770155040687c134014	07938c30fb5318ee28a26770155040687c134014^	fontmanager.h	a4d64db95a140475a75a19fee4807bf07adc64f0	5701	0		ui		unresolved-boundary	no-direct-marker-not-semantic-exhaustion
libqtdevices	07938c30fb5318ee28a26770155040687c134014	07938c30fb5318ee28a26770155040687c134014^	generic_functions.cpp	3c8383000c2b8103395fc91ddd3247712725829c	18887	0		ui		unresolved-boundary	no-direct-marker-not-semantic-exhaustion
libqtdevices	07938c30fb5318ee28a26770155040687c134014	07938c30fb5318ee28a26770155040687c134014^	generic_functions.h	a22d94c8029ef70dbb8ecba3d37e06b053006bf2	9017	0		ui		unresolved-boundary	no-direct-marker-not-semantic-exhaustion
libqtdevices	07938c30fb5318ee28a26770155040687c134014	07938c30fb5318ee28a26770155040687c134014^	hardware_functions.cpp	7089435eb260a18f433883572a9bcb0c8b5c8f68	14697	0		ui		unresolved-boundary	no-direct-marker-not-semantic-exhaustion
libqtdevices	07938c30fb5318ee28a26770155040687c134014	07938c30fb5318ee28a26770155040687c134014^	hardware_functions.h	a492e866c5b0c6269e345340d5a4c4ef9d58d283	4000	0		ui		unresolved-boundary	no-direct-marker-not-semantic-exhaustion
libqtdevices	07938c30fb5318ee28a26770155040687c134014	07938c30fb5318ee28a26770155040687c134014^	hardware_functions_x11.cpp	c7ce032a5e124e4a7278c23abf218cc2966b7816	4100	0		ui		unresolved-boundary	no-direct-marker-not-semantic-exhaustion
libqtdevices	07938c30fb5318ee28a26770155040687c134014	07938c30fb5318ee28a26770155040687c134014^	homepage.cpp	7b967c15c9921f30fda8c9cebb7ea0223ea869e0	2854	0		ui		unresolved-boundary	no-direct-marker-not-semantic-exhaustion
libqtdevices	07938c30fb5318ee28a26770155040687c134014	07938c30fb5318ee28a26770155040687c134014^	homepage.h	f1ac1f6ecc86d869e78c0a79f6437e2a99598e98	1518	0		ui		unresolved-boundary	no-direct-marker-not-semantic-exhaustion
libqtdevices	07938c30fb5318ee28a26770155040687c134014	07938c30fb5318ee28a26770155040687c134014^	homewindow.cpp	7ff39d14485a1a31959fd3272439578c8eed54dc	5119	0		ui		unresolved-boundary	no-direct-marker-not-semantic-exhaustion
libqtdevices	07938c30fb5318ee28a26770155040687c134014	07938c30fb5318ee28a26770155040687c134014^	homewindow.h	172814db4bc171ab17d8aec6648d268737dc3b57	2794	0		ui		unresolved-boundary	no-direct-marker-not-semantic-exhaustion
libqtdevices	07938c30fb5318ee28a26770155040687c134014	07938c30fb5318ee28a26770155040687c134014^	icondispatcher.cpp	a4b64b9c584c1cd0b21420aa4ed84336f54716c0	2278	0		ui		unresolved-boundary	no-direct-marker-not-semantic-exhaustion
libqtdevices	07938c30fb5318ee28a26770155040687c134014	07938c30fb5318ee28a26770155040687c134014^	icondispatcher.h	8cfc60bd4e2a8bc6bf33bb1cc4051216da25274e	1805	0		ui		unresolved-boundary	no-direct-marker-not-semantic-exhaustion
libqtdevices	07938c30fb5318ee28a26770155040687c134014	07938c30fb5318ee28a26770155040687c134014^	iconpage.cpp	b190c7b11267b4060ece210fc79585fa45fd5a7f	4095	0		ui		unresolved-boundary	no-direct-marker-not-semantic-exhaustion
libqtdevices	07938c30fb5318ee28a26770155040687c134014	07938c30fb5318ee28a26770155040687c134014^	iconpage.h	632760c81b57860c154ae1a23e6f97b8cab5500f	3878	0		ui		unresolved-boundary	no-direct-marker-not-semantic-exhaustion
libqtdevices	07938c30fb5318ee28a26770155040687c134014	07938c30fb5318ee28a26770155040687c134014^	iconwindow.cpp	2b71a9992ce03f6bb7878b887bc078a212051217	1231	0		ui		unresolved-boundary	no-direct-marker-not-semantic-exhaustion
libqtdevices	07938c30fb5318ee28a26770155040687c134014	07938c30fb5318ee28a26770155040687c134014^	iconwindow.h	29494a891b8d3151310f130a51311925af05a873	1144	0		ui		unresolved-boundary	no-direct-marker-not-semantic-exhaustion
libqtdevices	07938c30fb5318ee28a26770155040687c134014	07938c30fb5318ee28a26770155040687c134014^	imageselectionhandler.cpp	b7d6cec8d8a280515eaa84e218673a19b61e364d	8258	0		ui		unresolved-boundary	no-direct-marker-not-semantic-exhaustion
libqtdevices	07938c30fb5318ee28a26770155040687c134014	07938c30fb5318ee28a26770155040687c134014^	imageselectionhandler.h	71034a999090b586a6dd0a44d2b557728a140856	4877	0		ui		unresolved-boundary	no-direct-marker-not-semantic-exhaustion
libqtdevices	07938c30fb5318ee28a26770155040687c134014	07938c30fb5318ee28a26770155040687c134014^	ipradio.cpp	398fed810a5480c6ab5084da65faea1507c939bd	3499	0		ui		unresolved-boundary	no-direct-marker-not-semantic-exhaustion
libqtdevices	07938c30fb5318ee28a26770155040687c134014	07938c30fb5318ee28a26770155040687c134014^	ipradio.h	6593c6306a5ecabd3acf89a541929d03f7dbf8a3	1517	0		ui		unresolved-boundary	no-direct-marker-not-semantic-exhaustion
libqtdevices	07938c30fb5318ee28a26770155040687c134014	07938c30fb5318ee28a26770155040687c134014^	itemlist.cpp	75bd47070ac66255de31f91ad1948a363b9a8dde	5508	0		ui		unresolved-boundary	no-direct-marker-not-semantic-exhaustion
libqtdevices	07938c30fb5318ee28a26770155040687c134014	07938c30fb5318ee28a26770155040687c134014^	itemlist.h	43179f82090b603e277c0148c4614c4525699411	4996	0		ui		unresolved-boundary	no-direct-marker-not-semantic-exhaustion
libqtdevices	07938c30fb5318ee28a26770155040687c134014	07938c30fb5318ee28a26770155040687c134014^	items.cpp	e54a9ce3f797d171de01177053c872ab5bc2a6a6	3455	0		ui		unresolved-boundary	no-direct-marker-not-semantic-exhaustion
libqtdevices	07938c30fb5318ee28a26770155040687c134014	07938c30fb5318ee28a26770155040687c134014^	items.h	e90c1455762f5743e3416493611f6e93604afc7c	2075	0		ui		unresolved-boundary	no-direct-marker-not-semantic-exhaustion
libqtdevices	07938c30fb5318ee28a26770155040687c134014	07938c30fb5318ee28a26770155040687c134014^	keypad.cpp	3d426f14b83be354ca94fb382488768a399e2eff	7415	0		ui		unresolved-boundary	no-direct-marker-not-semantic-exhaustion
libqtdevices	07938c30fb5318ee28a26770155040687c134014	07938c30fb5318ee28a26770155040687c134014^	keypad.h	497e347dc632c373642064e83df05a50fa5ae6e0	2796	0		ui		unresolved-boundary	no-direct-marker-not-semantic-exhaustion
libqtdevices	07938c30fb5318ee28a26770155040687c134014	07938c30fb5318ee28a26770155040687c134014^	labels.cpp	836c0f7f81aebbffecae2dc28ea3092d625dbcd8	5967	0		ui		unresolved-boundary	no-direct-marker-not-semantic-exhaustion
libqtdevices	07938c30fb5318ee28a26770155040687c134014	07938c30fb5318ee28a26770155040687c134014^	labels.h	333d4468c18b1e3c403b43b1c04e3c309fa9f771	3145	0		ui		unresolved-boundary	no-direct-marker-not-semantic-exhaustion
libqtdevices	07938c30fb5318ee28a26770155040687c134014	07938c30fb5318ee28a26770155040687c134014^	lansettings.cpp	1dd6540f658390c9320e4a41a92a176cb51dd5cf	7114	0		ui		reviewed-indirect-terminal-variant	delegated-api-and-state-review
libqtdevices	07938c30fb5318ee28a26770155040687c134014	07938c30fb5318ee28a26770155040687c134014^	lansettings.h	8b7414d8d5b36203ad446883023cd8c473ac730c	2296	0		ui		reviewed-indirect-terminal-variant	delegated-api-and-state-review
libqtdevices	07938c30fb5318ee28a26770155040687c134014	07938c30fb5318ee28a26770155040687c134014^	lighting.cpp	15dd1338c2d08644eab55ba9b13d8e3e3dda1bf3	6225	0		lighting	functional/who-1-lighting/what.md	reviewed-configuration-terminal-variant	configuration-state-and-conversion-review
libqtdevices	07938c30fb5318ee28a26770155040687c134014	07938c30fb5318ee28a26770155040687c134014^	lighting.h	c1d8240743955c5c064aafbe6783c2e2815aaa50	1948	0		lighting	functional/who-1-lighting/what.md	unresolved-boundary	no-direct-marker-not-semantic-exhaustion
libqtdevices	07938c30fb5318ee28a26770155040687c134014	07938c30fb5318ee28a26770155040687c134014^	list_manager.cpp	b38a1f09e9b8ed9e15425fdc279185275ea55fd0	4368	0	libqtcommon:list_manager.cpp	ui		corroborates	exact-pinned-blob
libqtdevices	07938c30fb5318ee28a26770155040687c134014	07938c30fb5318ee28a26770155040687c134014^	list_manager.h	20121a98c18dd2ba3ca03989ecbf6f49cfc91438	2951	0		ui		unresolved-boundary	no-direct-marker-not-semantic-exhaustion
libqtdevices	07938c30fb5318ee28a26770155040687c134014	07938c30fb5318ee28a26770155040687c134014^	load_management.cpp	4167bceb81d5988e929b0550b5d85bbd590b8b2a	17204	0		energy	functional/who-18-energy-management/dimensions.md	reviewed-indirect-terminal-variant	delegated-api-and-state-review
libqtdevices	07938c30fb5318ee28a26770155040687c134014	07938c30fb5318ee28a26770155040687c134014^	load_management.h	86361152f06f85fcc7f67e198f4d99cb8696fda3	4245	0		energy	functional/who-18-energy-management/dimensions.md	reviewed-indirect-terminal-variant	delegated-api-and-state-review
libqtdevices	07938c30fb5318ee28a26770155040687c134014	07938c30fb5318ee28a26770155040687c134014^	loads.cpp	64735a5eb09b0db3e7b552487102eb2d38ec4d7e	2016	1		energy	functional/who-18-energy-management/dimensions.md	reviewed-terminal-variant	historical-findings-table
libqtdevices	07938c30fb5318ee28a26770155040687c134014	07938c30fb5318ee28a26770155040687c134014^	loads.h	d3ef7c6b819cd9531e4a8fea8df3fbc84921df1b	1346	0		energy	functional/who-18-energy-management/dimensions.md	unresolved-boundary	no-direct-marker-not-semantic-exhaustion
libqtdevices	07938c30fb5318ee28a26770155040687c134014	07938c30fb5318ee28a26770155040687c134014^	main.cpp	5b4f65aa002b1d90c0308d9d9429b43d34ac987b	6818	0		ui		unresolved-boundary	no-direct-marker-not-semantic-exhaustion
libqtdevices	07938c30fb5318ee28a26770155040687c134014	07938c30fb5318ee28a26770155040687c134014^	main.h	4f11174b50b9fbba6b6db427792406f45784a58e	6126	0		ui		unresolved-boundary	no-direct-marker-not-semantic-exhaustion
libqtdevices	07938c30fb5318ee28a26770155040687c134014	07938c30fb5318ee28a26770155040687c134014^	mediaplayer.cpp	c0b262b1c449646439a6528400cfc2e314f33d58	20090	0		ui		unresolved-boundary	no-direct-marker-not-semantic-exhaustion
libqtdevices	07938c30fb5318ee28a26770155040687c134014	07938c30fb5318ee28a26770155040687c134014^	mediaplayer.h	47d1938caf5a74cbcbd9534ff610c2feac5272b8	12461	0	libqtcommon:mediaplayer.h	ui		corroborates	exact-pinned-blob
libqtdevices	07938c30fb5318ee28a26770155040687c134014	07938c30fb5318ee28a26770155040687c134014^	multimedia_filelist.cpp	11506a544dc2f24f621e75bd32d591e3ab2261fc	14170	0		ui		unresolved-boundary	no-direct-marker-not-semantic-exhaustion
libqtdevices	07938c30fb5318ee28a26770155040687c134014	07938c30fb5318ee28a26770155040687c134014^	multimedia_filelist.h	0587667ad62f64b0bbd2a770394eee1a45778204	3474	0		ui		unresolved-boundary	no-direct-marker-not-semantic-exhaustion
libqtdevices	07938c30fb5318ee28a26770155040687c134014	07938c30fb5318ee28a26770155040687c134014^	navigation_bar.cpp	c4f3725c88bf9bf5bb3379f1d2ce1a1dbbe75042	3028	0		ui		unresolved-boundary	no-direct-marker-not-semantic-exhaustion
libqtdevices	07938c30fb5318ee28a26770155040687c134014	07938c30fb5318ee28a26770155040687c134014^	navigation_bar.h	5c57a1291c6831264d0507b9a3d18e26ba31fa3d	3241	0		ui		unresolved-boundary	no-direct-marker-not-semantic-exhaustion
libqtdevices	07938c30fb5318ee28a26770155040687c134014	07938c30fb5318ee28a26770155040687c134014^	page.cpp	fa7c1d4291e0a6a3e4b30fe9c38b1418f460914c	6625	1		ui		reviewed-terminal-variant	historical-findings-table
libqtdevices	07938c30fb5318ee28a26770155040687c134014	07938c30fb5318ee28a26770155040687c134014^	page.h	faa10ce00e0a6bf510b123a8dd8827aedd6ae14f	8316	1		ui		reviewed-terminal-variant	historical-findings-table
libqtdevices	07938c30fb5318ee28a26770155040687c134014	07938c30fb5318ee28a26770155040687c134014^	pagecontainer.cpp	775342393eb0a7e398b7bcaaaa6c45680e6078ee	6757	0		ui		unresolved-boundary	no-direct-marker-not-semantic-exhaustion
libqtdevices	07938c30fb5318ee28a26770155040687c134014	07938c30fb5318ee28a26770155040687c134014^	pagecontainer.h	5fb72c77e4e67b5a059c18bc4bd43d53ee30e349	4433	0		ui		unresolved-boundary	no-direct-marker-not-semantic-exhaustion
libqtdevices	07938c30fb5318ee28a26770155040687c134014	07938c30fb5318ee28a26770155040687c134014^	pagefactory.cpp	83bb2ab1bc2a7ae935b54ab124222341cc7603ab	4695	0		ui		unresolved-boundary	no-direct-marker-not-semantic-exhaustion
libqtdevices	07938c30fb5318ee28a26770155040687c134014	07938c30fb5318ee28a26770155040687c134014^	pagefactory.h	f95d30c94ccef66a44bfffccec850e59c613d64e	1318	0		ui		unresolved-boundary	no-direct-marker-not-semantic-exhaustion
libqtdevices	07938c30fb5318ee28a26770155040687c134014	07938c30fb5318ee28a26770155040687c134014^	pagestack.cpp	99588cd259314be4f9ffde2d7c32d5b0e53ee51b	5327	0		ui		unresolved-boundary	no-direct-marker-not-semantic-exhaustion
libqtdevices	07938c30fb5318ee28a26770155040687c134014	07938c30fb5318ee28a26770155040687c134014^	pagestack.h	993f5d33b422e81768460e194e60900f382a1c04	3193	0		ui		unresolved-boundary	no-direct-marker-not-semantic-exhaustion
libqtdevices	07938c30fb5318ee28a26770155040687c134014	07938c30fb5318ee28a26770155040687c134014^	plantmenu.cpp	8b9f97332ac542e81f98cc1241b172d9adfcb47d	20785	0		ui		reviewed-indirect-terminal-variant	delegated-api-and-state-review
libqtdevices	07938c30fb5318ee28a26770155040687c134014	07938c30fb5318ee28a26770155040687c134014^	plantmenu.h	20cc7886e65ee88e62b1d9476e1f1fd841a58232	6780	0		ui		reviewed-indirect-terminal-variant	delegated-api-and-state-review
libqtdevices	07938c30fb5318ee28a26770155040687c134014	07938c30fb5318ee28a26770155040687c134014^	poweramplifier.cpp	010e9eedd19a76501e2855e77176e5e7d5f1cdd2	11574	0		audio	functional/who-22-sound-diffusion/README.md	reviewed-indirect-terminal-variant	delegated-api-and-state-review
libqtdevices	07938c30fb5318ee28a26770155040687c134014	07938c30fb5318ee28a26770155040687c134014^	poweramplifier.h	be5c7ada01e0aca9f81167593c5948b2831f9a39	4819	0		audio	functional/who-22-sound-diffusion/README.md	reviewed-indirect-terminal-variant	delegated-api-and-state-review
libqtdevices	07938c30fb5318ee28a26770155040687c134014	07938c30fb5318ee28a26770155040687c134014^	radio.cpp	b1b87ab45610af21d65153baaffcc6fcc337581e	17747	0		ui		reviewed-indirect-terminal-variant	delegated-api-and-state-review
libqtdevices	07938c30fb5318ee28a26770155040687c134014	07938c30fb5318ee28a26770155040687c134014^	radio.h	e11a15ed5fca7e35f71812dea3c7bfa269069fdf	4005	0		ui		reviewed-indirect-terminal-variant	delegated-api-and-state-review
libqtdevices	07938c30fb5318ee28a26770155040687c134014	07938c30fb5318ee28a26770155040687c134014^	ringtonesmanager.cpp	a281d148dabdd6c165cc1146066395e048f8b72c	3013	0		ui		unresolved-boundary	no-direct-marker-not-semantic-exhaustion
libqtdevices	07938c30fb5318ee28a26770155040687c134014	07938c30fb5318ee28a26770155040687c134014^	ringtonesmanager.h	bfe1ceaf9648cc6fd1e05444478ac7abf63e8061	2307	0		ui		unresolved-boundary	no-direct-marker-not-semantic-exhaustion
libqtdevices	07938c30fb5318ee28a26770155040687c134014	07938c30fb5318ee28a26770155040687c134014^	scaleconversion.cpp	0096a38f5c3d7dfbdc5f473655ec5aa7a49b24a5	2474	0		ui		reviewed-configuration-terminal-variant	configuration-state-and-conversion-review
libqtdevices	07938c30fb5318ee28a26770155040687c134014	07938c30fb5318ee28a26770155040687c134014^	scaleconversion.h	4a873bd5d2dae1be472c0576108fdd330b6e7323	3069	0	libqtcommon:scaleconversion.h	ui		corroborates	exact-pinned-blob
libqtdevices	07938c30fb5318ee28a26770155040687c134014	07938c30fb5318ee28a26770155040687c134014^	scenario.cpp	ab3db25aa0a9f3ef964a75aaa9ae0a60c0492d1c	4579	0		scenario	functional/who-0-scenarios/README.md	reviewed-indirect-terminal-variant	delegated-api-and-state-review
libqtdevices	07938c30fb5318ee28a26770155040687c134014	07938c30fb5318ee28a26770155040687c134014^	scenario.h	3f7f357830b675f978933993a9d90ebdce2b13f9	1775	0		scenario	functional/who-0-scenarios/README.md	unresolved-boundary	no-direct-marker-not-semantic-exhaustion
libqtdevices	07938c30fb5318ee28a26770155040687c134014	07938c30fb5318ee28a26770155040687c134014^	scenevocond.cpp	e91afa7ed618d4b8399c2c2a3038d5220cc299c4	6794	0		predicates	scenario-engine/execution-model.md	reviewed-indirect-terminal-variant	delegated-api-and-state-review
libqtdevices	07938c30fb5318ee28a26770155040687c134014	07938c30fb5318ee28a26770155040687c134014^	scenevocond.h	30bfee38635625f41728cf0439ad015c26ef5eeb	2911	0		predicates	scenario-engine/execution-model.md	unresolved-boundary	no-direct-marker-not-semantic-exhaustion
libqtdevices	07938c30fb5318ee28a26770155040687c134014	07938c30fb5318ee28a26770155040687c134014^	scenevodevicescond.cpp	6c7a2ad50f9890d00fed870669766f2bfc51bf13	26335	0		predicates	scenario-engine/execution-model.md	reviewed-indirect-terminal-variant	delegated-api-and-state-review
libqtdevices	07938c30fb5318ee28a26770155040687c134014	07938c30fb5318ee28a26770155040687c134014^	scenevodevicescond.h	865bb95cc8db2e8ad9e58e19c07c9aa39e810629	12106	0		predicates	scenario-engine/execution-model.md	reviewed-indirect-terminal-variant	delegated-api-and-state-review
libqtdevices	07938c30fb5318ee28a26770155040687c134014	07938c30fb5318ee28a26770155040687c134014^	scenevodevicesconddisplay.cpp	2b1aa4b2865ddc4b98bf83c283e2815a99f12ce6	4184	0		predicates	scenario-engine/execution-model.md	unresolved-boundary	no-direct-marker-not-semantic-exhaustion
libqtdevices	07938c30fb5318ee28a26770155040687c134014	07938c30fb5318ee28a26770155040687c134014^	scenevodevicesconddisplay.h	47e442070b24711156bd334b4ef43d41f9d1b0c4	3451	0		predicates	scenario-engine/execution-model.md	unresolved-boundary	no-direct-marker-not-semantic-exhaustion
libqtdevices	07938c30fb5318ee28a26770155040687c134014	07938c30fb5318ee28a26770155040687c134014^	screensaver.cpp	a0633ba49ddba5490edd084aa80a99e6e10e3209	15217	0		ui		unresolved-boundary	no-direct-marker-not-semantic-exhaustion
libqtdevices	07938c30fb5318ee28a26770155040687c134014	07938c30fb5318ee28a26770155040687c134014^	screensaver.h	9d7fcc1358dbf0b477e50ac29ce522587f71b4c3	8007	0		ui		unresolved-boundary	no-direct-marker-not-semantic-exhaustion
libqtdevices	07938c30fb5318ee28a26770155040687c134014	07938c30fb5318ee28a26770155040687c134014^	screensaverpage.cpp	864b12e74f032b985c252331ea5f648177f83cbc	9621	0		ui		unresolved-boundary	no-direct-marker-not-semantic-exhaustion
libqtdevices	07938c30fb5318ee28a26770155040687c134014	07938c30fb5318ee28a26770155040687c134014^	screensaverpage.h	c67e5781fa8968a42e5039607576aef8eb5dde44	2676	0		ui		unresolved-boundary	no-direct-marker-not-semantic-exhaustion
libqtdevices	07938c30fb5318ee28a26770155040687c134014	07938c30fb5318ee28a26770155040687c134014^	scrollablepage.cpp	e376a7c62edfda031b326eeaeec9e1f640644879	4787	0		ui		unresolved-boundary	no-direct-marker-not-semantic-exhaustion
libqtdevices	07938c30fb5318ee28a26770155040687c134014	07938c30fb5318ee28a26770155040687c134014^	scrollablepage.h	21f0a276dc2211eefacf7c69b1c69c19083b762a	5613	0		ui		unresolved-boundary	no-direct-marker-not-semantic-exhaustion
libqtdevices	07938c30fb5318ee28a26770155040687c134014	07938c30fb5318ee28a26770155040687c134014^	sectionpage.cpp	50f3b086aba57ae3f09bb60ef6a23fcc24d1dea6	3749	0		ui		unresolved-boundary	no-direct-marker-not-semantic-exhaustion
libqtdevices	07938c30fb5318ee28a26770155040687c134014	07938c30fb5318ee28a26770155040687c134014^	sectionpage.h	b7a2a530f47f47e1c934f10e4e3163ae1c903bb7	1637	0		ui		unresolved-boundary	no-direct-marker-not-semantic-exhaustion
libqtdevices	07938c30fb5318ee28a26770155040687c134014	07938c30fb5318ee28a26770155040687c134014^	signalshandler.cpp	756c46e2c91ef38af0008acbbc9562ab46660aec	2008	0	libqtcommon:signalshandler.cpp	ui		corroborates	exact-pinned-blob
libqtdevices	07938c30fb5318ee28a26770155040687c134014	07938c30fb5318ee28a26770155040687c134014^	signalshandler.h	e38c8b868f29269d2e406cd8da6dd2975db9a76e	653	0	libqtcommon:signalshandler.h	ui		corroborates	exact-pinned-blob
libqtdevices	07938c30fb5318ee28a26770155040687c134014	07938c30fb5318ee28a26770155040687c134014^	singlechoicepage.cpp	0edd7998d8f4b021388ba0e51e1e19871d2e1787	3117	0		ui		unresolved-boundary	no-direct-marker-not-semantic-exhaustion
libqtdevices	07938c30fb5318ee28a26770155040687c134014	07938c30fb5318ee28a26770155040687c134014^	singlechoicepage.h	3635d701835932757b3c9f4025003e0b383c05a2	2901	0		ui		unresolved-boundary	no-direct-marker-not-semantic-exhaustion
libqtdevices	07938c30fb5318ee28a26770155040687c134014	07938c30fb5318ee28a26770155040687c134014^	skinmanager.cpp	18a0be9cf137a7c8f734d8f9920e4a8d3439097e	6677	0		ui		unresolved-boundary	no-direct-marker-not-semantic-exhaustion
libqtdevices	07938c30fb5318ee28a26770155040687c134014	07938c30fb5318ee28a26770155040687c134014^	skinmanager.h	f8179390c5be38efb71940976c212c0346559702	5574	0		ui		unresolved-boundary	no-direct-marker-not-semantic-exhaustion
libqtdevices	07938c30fb5318ee28a26770155040687c134014	07938c30fb5318ee28a26770155040687c134014^	sounddiffusionpage.cpp	3513e79cc06c123d9256014abfa40c037da377e4	27766	0		audio	functional/who-22-sound-diffusion/README.md	reviewed-indirect-terminal-variant	delegated-api-and-state-review
libqtdevices	07938c30fb5318ee28a26770155040687c134014	07938c30fb5318ee28a26770155040687c134014^	sounddiffusionpage.h	fcaad6f2eb0e72b1ab767fd0c6a4a540084b34a8	6728	0		audio	functional/who-22-sound-diffusion/README.md	reviewed-indirect-terminal-variant	delegated-api-and-state-review
libqtdevices	07938c30fb5318ee28a26770155040687c134014	07938c30fb5318ee28a26770155040687c134014^	soundsources.cpp	3d44c2e70212a923c1433ce1558a9fa3d6bf55eb	11218	0		ui		reviewed-indirect-terminal-variant	delegated-api-and-state-review
libqtdevices	07938c30fb5318ee28a26770155040687c134014	07938c30fb5318ee28a26770155040687c134014^	soundsources.h	0ae9f59ccefb68aca7b3a7bce091d7d2133935b5	4873	0		ui		reviewed-indirect-terminal-variant	delegated-api-and-state-review
libqtdevices	07938c30fb5318ee28a26770155040687c134014	07938c30fb5318ee28a26770155040687c134014^	specialpage.cpp	0591b30725ed8a68bed974988ad3b2817fb75ad9	4666	1		ui		reviewed-terminal-variant	historical-findings-table
libqtdevices	07938c30fb5318ee28a26770155040687c134014	07938c30fb5318ee28a26770155040687c134014^	specialpage.h	31cebefb9f29d0c9b7c593259fc7858f040c611e	1935	1		ui		reviewed-terminal-variant	historical-findings-table
libqtdevices	07938c30fb5318ee28a26770155040687c134014	07938c30fb5318ee28a26770155040687c134014^	state_button.cpp	4747ea0e3f87b0559f3a76f851625eabacdd4e74	2269	0		ui		unresolved-boundary	no-direct-marker-not-semantic-exhaustion
libqtdevices	07938c30fb5318ee28a26770155040687c134014	07938c30fb5318ee28a26770155040687c134014^	state_button.h	068f8fad77492da58240a10dffd953da8b5f694c	3148	0		ui		unresolved-boundary	no-direct-marker-not-semantic-exhaustion
libqtdevices	07938c30fb5318ee28a26770155040687c134014	07938c30fb5318ee28a26770155040687c134014^	statemachine.cpp	5f03ae9dc107e279cfef705f97a4c258dab60e4e	5269	0		ui		unresolved-boundary	no-direct-marker-not-semantic-exhaustion
libqtdevices	07938c30fb5318ee28a26770155040687c134014	07938c30fb5318ee28a26770155040687c134014^	statemachine.h	a08c31f81681798e444cf7d52474e5ccec0a7a7a	5527	0		ui		unresolved-boundary	no-direct-marker-not-semantic-exhaustion
libqtdevices	07938c30fb5318ee28a26770155040687c134014	07938c30fb5318ee28a26770155040687c134014^	stopngo.cpp	ed482ed88b6c3e273750cfffe37dab627af9f4ae	15062	0		energy	functional/who-18-energy-management/dimensions.md	reviewed-indirect-terminal-variant	delegated-api-and-state-review
libqtdevices	07938c30fb5318ee28a26770155040687c134014	07938c30fb5318ee28a26770155040687c134014^	stopngo.h	0138540b6deeb937ffa51273a04ccd45d425630d	5494	0		energy	functional/who-18-energy-management/dimensions.md	reviewed-indirect-terminal-variant	delegated-api-and-state-review
libqtdevices	07938c30fb5318ee28a26770155040687c134014	07938c30fb5318ee28a26770155040687c134014^	styledwidget.cpp	0b57f6960edb8bd7593a71ebee2820b73b765265	1213	0		ui		unresolved-boundary	no-direct-marker-not-semantic-exhaustion
libqtdevices	07938c30fb5318ee28a26770155040687c134014	07938c30fb5318ee28a26770155040687c134014^	styledwidget.h	a7816ef6297d98573d4bd7d2b91f322c19464b9b	1306	0		ui		unresolved-boundary	no-direct-marker-not-semantic-exhaustion
libqtdevices	07938c30fb5318ee28a26770155040687c134014	07938c30fb5318ee28a26770155040687c134014^	supervisionmenu.cpp	9b818be663bc1d7286877f5539e05423bd07f7c0	3801	0		ui		reviewed-indirect-terminal-variant	delegated-api-and-state-review
libqtdevices	07938c30fb5318ee28a26770155040687c134014	07938c30fb5318ee28a26770155040687c134014^	supervisionmenu.h	3acada689d5e7cc4994f4cccff7ea0627b7ba686	2156	0		ui		unresolved-boundary	no-direct-marker-not-semantic-exhaustion
libqtdevices	07938c30fb5318ee28a26770155040687c134014	07938c30fb5318ee28a26770155040687c134014^	temperatureviewer.cpp	86554ad530dfabe15812c77e20c068d8631c6eda	3619	0		ui		reviewed-indirect-terminal-variant	delegated-api-and-state-review
libqtdevices	07938c30fb5318ee28a26770155040687c134014	07938c30fb5318ee28a26770155040687c134014^	temperatureviewer.h	25ca9c1615072c3a53ba42e6de03643e84bf310f	1837	0		ui		reviewed-indirect-terminal-variant	delegated-api-and-state-review
libqtdevices	07938c30fb5318ee28a26770155040687c134014	07938c30fb5318ee28a26770155040687c134014^	test/test_bttime.cpp	6fdb3088d7c8e66a5ce1097b9c68311ce85b3a79	5995	0	libqtcommon:test/test_bttime.cpp	ui		corroborates	exact-pinned-blob
libqtdevices	07938c30fb5318ee28a26770155040687c134014	07938c30fb5318ee28a26770155040687c134014^	test/test_bttime.h	7f9578fc72ed344df7a40924748ac868faf9e610	2407	0	libqtcommon:test/test_bttime.h	ui		corroborates	exact-pinned-blob
libqtdevices	07938c30fb5318ee28a26770155040687c134014	07938c30fb5318ee28a26770155040687c134014^	test/test_clientwriter.cpp	17aa3807091ff4f8ec70067c9ecbe8a39d2ca1e9	10202	1	libqtcommon:test/test_clientwriter.cpp	queues	protocol/acknowledgements.md	corroborates	exact-pinned-blob
libqtdevices	07938c30fb5318ee28a26770155040687c134014	07938c30fb5318ee28a26770155040687c134014^	test/test_clientwriter.h	c1e74fef7f40a683a059ec01392bc0c632c9d77c	1979	1	libqtcommon:test/test_clientwriter.h	queues	protocol/acknowledgements.md	corroborates	exact-pinned-blob
libqtdevices	07938c30fb5318ee28a26770155040687c134014	07938c30fb5318ee28a26770155040687c134014^	test/test_delayedslotcaller.cpp	ce49454255e0e7c5173ecbe57fdb22df184085ce	6459	0	libqtcommon:test/test_delayedslotcaller.cpp	ui		corroborates	exact-pinned-blob
libqtdevices	07938c30fb5318ee28a26770155040687c134014	07938c30fb5318ee28a26770155040687c134014^	test/test_delayedslotcaller.h	2178aed7f5c8e77985400740700708e3dcf64b4b	2100	0	libqtcommon:test/test_delayedslotcaller.h	ui		corroborates	exact-pinned-blob
libqtdevices	07938c30fb5318ee28a26770155040687c134014	07938c30fb5318ee28a26770155040687c134014^	test/test_displaycontrol.cpp	06f755d74a0fb753fa22da392de324162034f229	19156	0	libqtcommon:test/test_displaycontrol.cpp	ui		corroborates	exact-pinned-blob
libqtdevices	07938c30fb5318ee28a26770155040687c134014	07938c30fb5318ee28a26770155040687c134014^	test/test_displaycontrol.h	14bf672773afe08e50f398ce516e0260399ab05f	2122	0	libqtcommon:test/test_displaycontrol.h	ui		corroborates	exact-pinned-blob
libqtdevices	07938c30fb5318ee28a26770155040687c134014	07938c30fb5318ee28a26770155040687c134014^	test/test_functions.cpp	89ce74e0462e98c820ca39f70cf533b28c0d57fd	1181	0	libqtcommon:test/test_functions.cpp	frames	protocol/stream-parsing.md	corroborates	exact-pinned-blob
libqtdevices	07938c30fb5318ee28a26770155040687c134014	07938c30fb5318ee28a26770155040687c134014^	test/test_functions.h	816aae3123e79628bec7f24beeedc1ff0fb7e897	971	0	libqtcommon:test/test_functions.h	frames	protocol/stream-parsing.md	corroborates	exact-pinned-blob
libqtdevices	07938c30fb5318ee28a26770155040687c134014	07938c30fb5318ee28a26770155040687c134014^	test/test_imageselection.cpp	39ea1c8c625498a809296df59364299bb739a872	4744	0	libqtcommon:test/test_imageselection.cpp	ui		corroborates	exact-pinned-blob
libqtdevices	07938c30fb5318ee28a26770155040687c134014	07938c30fb5318ee28a26770155040687c134014^	test/test_imageselection.h	11e0da7b4447c366c109b4bc3ce53a9da657d282	1642	0	libqtcommon:test/test_imageselection.h	ui		corroborates	exact-pinned-blob
libqtdevices	07938c30fb5318ee28a26770155040687c134014	07938c30fb5318ee28a26770155040687c134014^	test/test_scenevodevicescond.cpp	75b408b9a8f78728a36039234ea9475454b6cc4d	33113	1	libqtcommon:test/test_scenevodevicescond.cpp	predicates	scenario-engine/execution-model.md	corroborates	exact-pinned-blob
libqtdevices	07938c30fb5318ee28a26770155040687c134014	07938c30fb5318ee28a26770155040687c134014^	test/test_scenevodevicescond.h	e7dc39e8caa98d29a6c71787ddbba175d08b28ef	3249	0	libqtcommon:test/test_scenevodevicescond.h	predicates	scenario-engine/execution-model.md	corroborates	exact-pinned-blob
libqtdevices	07938c30fb5318ee28a26770155040687c134014	07938c30fb5318ee28a26770155040687c134014^	test/test_xmlclient.cpp	146fee1d3bc8b3d43f01a8b0964888855961edc8	3347	0	libqtcommon:test/test_xmlclient.cpp	queues	protocol/acknowledgements.md	corroborates	exact-pinned-blob
libqtdevices	07938c30fb5318ee28a26770155040687c134014	07938c30fb5318ee28a26770155040687c134014^	test/test_xmlclient.h	4c78e4059745e39bfacbde9ff4b1e96dd589e5fb	1166	0	libqtcommon:test/test_xmlclient.h	queues	protocol/acknowledgements.md	corroborates	exact-pinned-blob
libqtdevices	07938c30fb5318ee28a26770155040687c134014	07938c30fb5318ee28a26770155040687c134014^	test/test_xmldevice.cpp	ab777a5e16523a3a03a0303d52488dde7f321597	30185	0	libqtcommon:test/test_xmldevice.cpp	xml	functional/who-26-upnp-multimedia/README.md	corroborates	exact-pinned-blob
libqtdevices	07938c30fb5318ee28a26770155040687c134014	07938c30fb5318ee28a26770155040687c134014^	test/test_xmldevice.h	ee8daad7091035c66276b62c6a6819d79b4764c5	2017	0	libqtcommon:test/test_xmldevice.h	xml	functional/who-26-upnp-multimedia/README.md	corroborates	exact-pinned-blob
libqtdevices	07938c30fb5318ee28a26770155040687c134014	07938c30fb5318ee28a26770155040687c134014^	test/xmldevice_tester.cpp	c243df508dd8069932804a5ef9fcb52d13cdf096	2599	0	libqtcommon:test/xmldevice_tester.cpp	frames	protocol/stream-parsing.md	corroborates	exact-pinned-blob
libqtdevices	07938c30fb5318ee28a26770155040687c134014	07938c30fb5318ee28a26770155040687c134014^	test/xmldevice_tester.h	1a6d13d72a0ca0c80aee5ab53dcff07f18ae0cb4	1640	0	libqtcommon:test/xmldevice_tester.h	frames	protocol/stream-parsing.md	corroborates	exact-pinned-blob
libqtdevices	07938c30fb5318ee28a26770155040687c134014	07938c30fb5318ee28a26770155040687c134014^	thermalmenu.cpp	01da2cf4857d61acb3b3e3b8c79701fdbde07191	5253	0		hvac	functional/who-4-temperature-control/dimensions.md	reviewed-indirect-terminal-variant	delegated-api-and-state-review
libqtdevices	07938c30fb5318ee28a26770155040687c134014	07938c30fb5318ee28a26770155040687c134014^	thermalmenu.h	60dff2a4274ea6d2d4f2b43cfa21858e8118d61b	2882	0		hvac	functional/who-4-temperature-control/dimensions.md	unresolved-boundary	no-direct-marker-not-semantic-exhaustion
libqtdevices	07938c30fb5318ee28a26770155040687c134014	07938c30fb5318ee28a26770155040687c134014^	thermalregulator.cpp	2666f5e7f9b66c7b815a1a8c8c0ae28e8dc39ceb	29834	0		hvac	functional/who-4-temperature-control/dimensions.md	reviewed-indirect-terminal-variant	delegated-api-and-state-review
libqtdevices	07938c30fb5318ee28a26770155040687c134014	07938c30fb5318ee28a26770155040687c134014^	thermalregulator.h	da01bf47fe2375583bfa1ecac5344e1bea586a7f	11619	0		hvac	functional/who-4-temperature-control/dimensions.md	reviewed-indirect-terminal-variant	delegated-api-and-state-review
libqtdevices	07938c30fb5318ee28a26770155040687c134014	07938c30fb5318ee28a26770155040687c134014^	timescript.cpp	732251b4cdd336b439bde3cab2abb0ca94d63249	4113	0		ui		reviewed-configuration-terminal-variant	configuration-state-and-conversion-review
libqtdevices	07938c30fb5318ee28a26770155040687c134014	07938c30fb5318ee28a26770155040687c134014^	timescript.h	c054308a613d6fdfef986c53e619c583dd17b0bd	2261	0		ui		unresolved-boundary	no-direct-marker-not-semantic-exhaustion
libqtdevices	07938c30fb5318ee28a26770155040687c134014	07938c30fb5318ee28a26770155040687c134014^	transitionwidget.cpp	ce62c0ddedbe677e21b456e6a7cbe24191cfd233	5031	0		ui		unresolved-boundary	no-direct-marker-not-semantic-exhaustion
libqtdevices	07938c30fb5318ee28a26770155040687c134014	07938c30fb5318ee28a26770155040687c134014^	transitionwidget.h	ec2febabeadcc538134adab82bfa7060550faf4c	3254	0		ui		unresolved-boundary	no-direct-marker-not-semantic-exhaustion
libqtdevices	07938c30fb5318ee28a26770155040687c134014	07938c30fb5318ee28a26770155040687c134014^	treebrowser.cpp	fbcd0584ab9f7c89491714452e5e92722ae4535a	10352	0		ui		unresolved-boundary	no-direct-marker-not-semantic-exhaustion
libqtdevices	07938c30fb5318ee28a26770155040687c134014	07938c30fb5318ee28a26770155040687c134014^	treebrowser.h	6cbaa3cacd5fde5c4a51fb1bc18d53a9a3c636e2	7613	0		ui		unresolved-boundary	no-direct-marker-not-semantic-exhaustion
libqtdevices	07938c30fb5318ee28a26770155040687c134014	07938c30fb5318ee28a26770155040687c134014^	ts_10/QWSMOUSE/qmouse_qws.cpp	f6630183172c3f085ddfab001ffef2134ab60023	26305	0		ui		unresolved-boundary	no-direct-marker-not-semantic-exhaustion
libqtdevices	07938c30fb5318ee28a26770155040687c134014	07938c30fb5318ee28a26770155040687c134014^	ts_10/QWSMOUSE/qmouse_qws.h	c1530986765be7c5dc670f22e0bde4f091f3ba5f	3881	0		ui		unresolved-boundary	no-direct-marker-not-semantic-exhaustion
libqtdevices	07938c30fb5318ee28a26770155040687c134014	07938c30fb5318ee28a26770155040687c134014^	ts_10/QWSMOUSE/qmouselinuxtp_qws.cpp	8ff4a291a3587e62c4c44f2389cec64e71c84836	7192	0		ui		unresolved-boundary	no-direct-marker-not-semantic-exhaustion
libqtdevices	07938c30fb5318ee28a26770155040687c134014	07938c30fb5318ee28a26770155040687c134014^	ts_10/QWSMOUSE/qmouselinuxtp_qws.h	dfbaccc02830a85723bf3b2feef2560d6a64d122	2637	0		ui		unresolved-boundary	no-direct-marker-not-semantic-exhaustion
libqtdevices	07938c30fb5318ee28a26770155040687c134014	07938c30fb5318ee28a26770155040687c134014^	ts_10/audioplayer_ts10.cpp	ca34f815df4abc3b9dad9ff673af20cbf7c8c5c6	14651	0		ui		unresolved-boundary	no-direct-marker-not-semantic-exhaustion
libqtdevices	07938c30fb5318ee28a26770155040687c134014	07938c30fb5318ee28a26770155040687c134014^	ts_10/audioplayer_ts10.h	46f81b44459ed7abcf5351268f403e5a2d9eb06e	3063	0		ui		unresolved-boundary	no-direct-marker-not-semantic-exhaustion
libqtdevices	07938c30fb5318ee28a26770155040687c134014	07938c30fb5318ee28a26770155040687c134014^	ts_10/audiostatemachine.cpp	54672aff21479eb493dc51f761ae6ad24776ebbd	19638	0		ui		unresolved-boundary	no-direct-marker-not-semantic-exhaustion
libqtdevices	07938c30fb5318ee28a26770155040687c134014	07938c30fb5318ee28a26770155040687c134014^	ts_10/audiostatemachine.h	9b3273bc2c8a63c0049310b377306e4ded4c8b58	10109	0		ui		unresolved-boundary	no-direct-marker-not-semantic-exhaustion
libqtdevices	07938c30fb5318ee28a26770155040687c134014	07938c30fb5318ee28a26770155040687c134014^	ts_10/audiostatemachine_x11.cpp	a54be15661ff8122be9f18cdb8d9aa69c2ca6fdb	2635	0		ui		unresolved-boundary	no-direct-marker-not-semantic-exhaustion
libqtdevices	07938c30fb5318ee28a26770155040687c134014	07938c30fb5318ee28a26770155040687c134014^	ts_10/favoriteswidget.cpp	13398d98352370e636897f53046c2edd6b4541ff	1968	0		ui		unresolved-boundary	no-direct-marker-not-semantic-exhaustion
libqtdevices	07938c30fb5318ee28a26770155040687c134014	07938c30fb5318ee28a26770155040687c134014^	ts_10/favoriteswidget.h	868774fab05d1b316af7cd3e519c3420a127a164	1294	0		ui		unresolved-boundary	no-direct-marker-not-semantic-exhaustion
libqtdevices	07938c30fb5318ee28a26770155040687c134014	07938c30fb5318ee28a26770155040687c134014^	ts_10/headerwidget.cpp	003ee025e3df62df27d8d3faae5f725435369617	21475	0		ui		reviewed-indirect-terminal-variant	delegated-api-and-state-review
libqtdevices	07938c30fb5318ee28a26770155040687c134014	07938c30fb5318ee28a26770155040687c134014^	ts_10/headerwidget.h	983f4f39cd034535a9aa4e00572764d950b5d488	10068	0		ui		reviewed-indirect-terminal-variant	delegated-api-and-state-review
libqtdevices	07938c30fb5318ee28a26770155040687c134014	07938c30fb5318ee28a26770155040687c134014^	ts_10/mediaplayerpage.cpp	ba360823a2bc28b84ced127dc32ccba73ff34b78	4995	0		ui		unresolved-boundary	no-direct-marker-not-semantic-exhaustion
libqtdevices	07938c30fb5318ee28a26770155040687c134014	07938c30fb5318ee28a26770155040687c134014^	ts_10/mediaplayerpage.h	e6ae5c5b43286066627556d61fe4120368ee2b55	2778	0		ui		unresolved-boundary	no-direct-marker-not-semantic-exhaustion
libqtdevices	07938c30fb5318ee28a26770155040687c134014	07938c30fb5318ee28a26770155040687c134014^	ts_10/messages.cpp	7d714f760ff09858e7c7387a97cd3d75584469fc	19066	0		messages	functional/who-25-transversal/README.md	reviewed-indirect-terminal-variant	delegated-api-and-state-review
libqtdevices	07938c30fb5318ee28a26770155040687c134014	07938c30fb5318ee28a26770155040687c134014^	ts_10/messages.h	58402502bedd5373deccab14936b278bbeeed875	7583	0		messages	functional/who-25-transversal/README.md	unresolved-boundary	no-direct-marker-not-semantic-exhaustion
libqtdevices	07938c30fb5318ee28a26770155040687c134014	07938c30fb5318ee28a26770155040687c134014^	ts_10/mount_watcher.cpp	ee02213359939fc24a41822391aa94f9b1aeecfb	8971	0		ui		unresolved-boundary	no-direct-marker-not-semantic-exhaustion
libqtdevices	07938c30fb5318ee28a26770155040687c134014	07938c30fb5318ee28a26770155040687c134014^	ts_10/mount_watcher.h	2fe5fcf1a332114ce0cbe1d5b5e67fe1cc2be3e3	2994	0		ui		unresolved-boundary	no-direct-marker-not-semantic-exhaustion
libqtdevices	07938c30fb5318ee28a26770155040687c134014	07938c30fb5318ee28a26770155040687c134014^	ts_10/multimedia_buttons.cpp	e16d753120650509db029d21a732e6d9e41c5c4b	4182	0		ui		unresolved-boundary	no-direct-marker-not-semantic-exhaustion
libqtdevices	07938c30fb5318ee28a26770155040687c134014	07938c30fb5318ee28a26770155040687c134014^	ts_10/multimedia_buttons.h	e553592732a09b25d340c46a3588c1544868c11c	2158	0		ui		unresolved-boundary	no-direct-marker-not-semantic-exhaustion
libqtdevices	07938c30fb5318ee28a26770155040687c134014	07938c30fb5318ee28a26770155040687c134014^	ts_10/multimedia_ts10.cpp	57347d93f42cd80de717a5e428a692338838222e	12097	0		ui		reviewed-indirect-terminal-variant	delegated-api-and-state-review
libqtdevices	07938c30fb5318ee28a26770155040687c134014	07938c30fb5318ee28a26770155040687c134014^	ts_10/multimedia_ts10.h	6a3eec1a7575505154fe2aa0778ddb8862dc4793	5475	0		ui		unresolved-boundary	no-direct-marker-not-semantic-exhaustion
libqtdevices	07938c30fb5318ee28a26770155040687c134014	07938c30fb5318ee28a26770155040687c134014^	ts_10/scenevomanager.cpp	a993df74eb98c4d724a66fb4bb9855c2068948e4	3359	0		ui		reviewed-configuration-terminal-variant	configuration-state-and-conversion-review
libqtdevices	07938c30fb5318ee28a26770155040687c134014	07938c30fb5318ee28a26770155040687c134014^	ts_10/scenevomanager.h	0be4f7b69e04afa52de354ddf03ff69c28a39072	1277	0		ui		unresolved-boundary	no-direct-marker-not-semantic-exhaustion
libqtdevices	07938c30fb5318ee28a26770155040687c134014	07938c30fb5318ee28a26770155040687c134014^	ts_10/settings_ts10.cpp	ded47a7ff54fcbdad99ec94ca7c8be669ace9c06	15946	0		ui		reviewed-indirect-terminal-variant	delegated-api-and-state-review
libqtdevices	07938c30fb5318ee28a26770155040687c134014	07938c30fb5318ee28a26770155040687c134014^	ts_10/settings_ts10.h	174b81c61a7fc730089db25577d46626dbb9eefd	3681	0		ui		reviewed-indirect-terminal-variant	delegated-api-and-state-review
libqtdevices	07938c30fb5318ee28a26770155040687c134014	07938c30fb5318ee28a26770155040687c134014^	ts_10/skin.xml	1eaf623bdd1c99ab9f616670d514e2c300b3c3ef	84556	0		ui		unresolved-boundary	no-direct-marker-not-semantic-exhaustion
libqtdevices	07938c30fb5318ee28a26770155040687c134014	07938c30fb5318ee28a26770155040687c134014^	ts_10/slideshow.cpp	cf9345223d444cb04df29d4452297ba1d38e060d	16082	0		ui		unresolved-boundary	no-direct-marker-not-semantic-exhaustion
libqtdevices	07938c30fb5318ee28a26770155040687c134014	07938c30fb5318ee28a26770155040687c134014^	ts_10/slideshow.h	1c8e2345d6990833f6b19b9939ca7ddc05b76e2c	4821	0		ui		unresolved-boundary	no-direct-marker-not-semantic-exhaustion
libqtdevices	07938c30fb5318ee28a26770155040687c134014	07938c30fb5318ee28a26770155040687c134014^	ts_10/vctcall.cpp	67ea2b5ce949148e1bb4c0ccaecbce956cfddf57	29407	0		vde	functional/who-8-video-door-entry-telephony/README.md	reviewed-indirect-terminal-variant	delegated-api-and-state-review
libqtdevices	07938c30fb5318ee28a26770155040687c134014	07938c30fb5318ee28a26770155040687c134014^	ts_10/vctcall.h	97fb0b86a629d8868f65d94a3d5f79a5b1e4f631	5598	0		vde	functional/who-8-video-door-entry-telephony/README.md	reviewed-indirect-terminal-variant	delegated-api-and-state-review
libqtdevices	07938c30fb5318ee28a26770155040687c134014	07938c30fb5318ee28a26770155040687c134014^	ts_10/videoplayer.cpp	93d56274fbd8631a68912592f84830d089561355	10813	0		ui		unresolved-boundary	no-direct-marker-not-semantic-exhaustion
libqtdevices	07938c30fb5318ee28a26770155040687c134014	07938c30fb5318ee28a26770155040687c134014^	ts_10/videoplayer.h	c3bea56292ce4ece9bb35768b3675f23a3aa8158	2902	0		ui		unresolved-boundary	no-direct-marker-not-semantic-exhaustion
libqtdevices	07938c30fb5318ee28a26770155040687c134014	07938c30fb5318ee28a26770155040687c134014^	ts_10/webcam.cpp	a8aca24f67f639b7eda9f5e2adea4852dabd6f6a	4928	0		ui		unresolved-boundary	no-direct-marker-not-semantic-exhaustion
libqtdevices	07938c30fb5318ee28a26770155040687c134014	07938c30fb5318ee28a26770155040687c134014^	ts_10/webcam.h	18dca85995a6efbbedd11d28625b144954294969	2082	0		ui		unresolved-boundary	no-direct-marker-not-semantic-exhaustion
libqtdevices	07938c30fb5318ee28a26770155040687c134014	07938c30fb5318ee28a26770155040687c134014^	ts_3_5/QWSMOUSE/qmouse_qws.cpp	9d3c63345ee7d53b20ccf960ecf13f9a3e0c56d8	22397	0		ui		unresolved-boundary	no-direct-marker-not-semantic-exhaustion
libqtdevices	07938c30fb5318ee28a26770155040687c134014	07938c30fb5318ee28a26770155040687c134014^	ts_3_5/QWSMOUSE/qmouse_qws.h	023c5e32872329300b2200ee56d00f4ff0ac6673	3886	0		ui		unresolved-boundary	no-direct-marker-not-semantic-exhaustion
libqtdevices	07938c30fb5318ee28a26770155040687c134014	07938c30fb5318ee28a26770155040687c134014^	ts_3_5/QWSMOUSE/qmouselinuxevent-2-6_qws.cpp	06186abc11440ed1406c5d65cc09a7252ec023b3	6272	0		ui		unresolved-boundary	no-direct-marker-not-semantic-exhaustion
libqtdevices	07938c30fb5318ee28a26770155040687c134014	07938c30fb5318ee28a26770155040687c134014^	ts_3_5/QWSMOUSE/qmouselinuxevent-2-6_qws.h	c95025cfa104ab0d35221277081868a4c75f10ad	1810	0		ui		unresolved-boundary	no-direct-marker-not-semantic-exhaustion
libqtdevices	07938c30fb5318ee28a26770155040687c134014	07938c30fb5318ee28a26770155040687c134014^	ts_3_5/QWSMOUSE/qmouselinuxtp_qws.cpp	3747af43fb8eaa0c9633f12104c3b3b43c6cef05	9726	0		ui		unresolved-boundary	no-direct-marker-not-semantic-exhaustion
libqtdevices	07938c30fb5318ee28a26770155040687c134014	07938c30fb5318ee28a26770155040687c134014^	ts_3_5/QWSMOUSE/qmouselinuxtp_qws.h	dfbaccc02830a85723bf3b2feef2560d6a64d122	2637	0		ui		unresolved-boundary	no-direct-marker-not-semantic-exhaustion
libqtdevices	07938c30fb5318ee28a26770155040687c134014	07938c30fb5318ee28a26770155040687c134014^	ts_3_5/audioplayer_ts3.cpp	cf5428914dd0b11f4a91c334c20c15addc7984e5	13018	0		ui		unresolved-boundary	no-direct-marker-not-semantic-exhaustion
libqtdevices	07938c30fb5318ee28a26770155040687c134014	07938c30fb5318ee28a26770155040687c134014^	ts_3_5/audioplayer_ts3.h	241ec79655742879d13d52bba3a6d87748c4d850	3300	0		ui		unresolved-boundary	no-direct-marker-not-semantic-exhaustion
libqtdevices	07938c30fb5318ee28a26770155040687c134014	07938c30fb5318ee28a26770155040687c134014^	ts_3_5/aux.cpp	61ce2b4875bac3dbd15139c2a1f6ff86ccc97bde	2731	0		ui		reviewed-configuration-terminal-variant	configuration-state-and-conversion-review
libqtdevices	07938c30fb5318ee28a26770155040687c134014	07938c30fb5318ee28a26770155040687c134014^	ts_3_5/aux.h	7769c28e46cdfa7ba6917840a9d020a86f09fc60	1152	0		ui		unresolved-boundary	no-direct-marker-not-semantic-exhaustion
libqtdevices	07938c30fb5318ee28a26770155040687c134014	07938c30fb5318ee28a26770155040687c134014^	ts_3_5/brightnesspage.cpp	3e027120dc5aeca696698ac04e39c8bea1252e1d	3600	0		ui		unresolved-boundary	no-direct-marker-not-semantic-exhaustion
libqtdevices	07938c30fb5318ee28a26770155040687c134014	07938c30fb5318ee28a26770155040687c134014^	ts_3_5/brightnesspage.h	2b8484be272ede90ecc009edac6c1f8cad6f214c	1658	0		ui		unresolved-boundary	no-direct-marker-not-semantic-exhaustion
libqtdevices	07938c30fb5318ee28a26770155040687c134014	07938c30fb5318ee28a26770155040687c134014^	ts_3_5/displaypage.cpp	961d82c9357aab31fc679b0f4565b7f64cf2e0bc	4636	0		ui		unresolved-boundary	no-direct-marker-not-semantic-exhaustion
libqtdevices	07938c30fb5318ee28a26770155040687c134014	07938c30fb5318ee28a26770155040687c134014^	ts_3_5/displaypage.h	e6396a50796c1f585b0111150565b8f362188f6d	1717	0		ui		unresolved-boundary	no-direct-marker-not-semantic-exhaustion
libqtdevices	07938c30fb5318ee28a26770155040687c134014	07938c30fb5318ee28a26770155040687c134014^	ts_3_5/multimedia_ts3.cpp	e34fde952099c35abe20e29888d722d5c2158e82	5400	0		ui		reviewed-indirect-terminal-variant	delegated-api-and-state-review
libqtdevices	07938c30fb5318ee28a26770155040687c134014	07938c30fb5318ee28a26770155040687c134014^	ts_3_5/multimedia_ts3.h	1d8c5b35f2cd79477883202114e8277b5951747d	1538	0		ui		unresolved-boundary	no-direct-marker-not-semantic-exhaustion
libqtdevices	07938c30fb5318ee28a26770155040687c134014	07938c30fb5318ee28a26770155040687c134014^	ts_3_5/scenevomanager.cpp	78108549822dbe57aee9d30d01b84e3eb64a7d83	2944	0		ui		reviewed-configuration-terminal-variant	configuration-state-and-conversion-review
libqtdevices	07938c30fb5318ee28a26770155040687c134014	07938c30fb5318ee28a26770155040687c134014^	ts_3_5/scenevomanager.h	10a362d5b7ef14076f323e65b0a4b518254852cd	1465	0		ui		unresolved-boundary	no-direct-marker-not-semantic-exhaustion
libqtdevices	07938c30fb5318ee28a26770155040687c134014	07938c30fb5318ee28a26770155040687c134014^	ts_3_5/settings_ts3.cpp	3ec6a187ebd0ea9df7a0a1236d2f182a5b5cee67	5313	0		ui		unresolved-boundary	no-direct-marker-not-semantic-exhaustion
libqtdevices	07938c30fb5318ee28a26770155040687c134014	07938c30fb5318ee28a26770155040687c134014^	ts_3_5/settings_ts3.h	3a3963670e87b45031e352da83e29bebc8f2fb19	1213	0		ui		unresolved-boundary	no-direct-marker-not-semantic-exhaustion
libqtdevices	07938c30fb5318ee28a26770155040687c134014	07938c30fb5318ee28a26770155040687c134014^	ts_3_5/skin.xml	bcf893f54e2c3ffe5e5bfa65649edd8f72ea46c0	47543	0		ui		unresolved-boundary	no-direct-marker-not-semantic-exhaustion
libqtdevices	07938c30fb5318ee28a26770155040687c134014	07938c30fb5318ee28a26770155040687c134014^	ts_3_5/skin_v2.xml	2b00c6099e8c6b5d2fbb9559d6b5fece55b3543b	41144	0		ui		unresolved-boundary	no-direct-marker-not-semantic-exhaustion
libqtdevices	07938c30fb5318ee28a26770155040687c134014	07938c30fb5318ee28a26770155040687c134014^	ts_3_5/transitioneffects.cpp	2a940d6fbbb95a9be1e7ee051c015cb80c06891b	2587	0		ui		unresolved-boundary	no-direct-marker-not-semantic-exhaustion
libqtdevices	07938c30fb5318ee28a26770155040687c134014	07938c30fb5318ee28a26770155040687c134014^	ts_3_5/transitioneffects.h	e31018864520b9dce134bfce302e079ade5f4760	1373	0		ui		unresolved-boundary	no-direct-marker-not-semantic-exhaustion
libqtdevices	07938c30fb5318ee28a26770155040687c134014	07938c30fb5318ee28a26770155040687c134014^	version.cpp	8b94f0ac565c01b5310812badc1f20c18f27033d	3811	1		platform	functional/who-13-integration-gateway/dimensions.md	reviewed-terminal-variant	historical-findings-table
libqtdevices	07938c30fb5318ee28a26770155040687c134014	07938c30fb5318ee28a26770155040687c134014^	version.h	2072cacf798e36b040d8bb03d232e0d1c2909bb0	1849	1		platform	functional/who-13-integration-gateway/dimensions.md	reviewed-terminal-variant	historical-findings-table
libqtdevices	07938c30fb5318ee28a26770155040687c134014	07938c30fb5318ee28a26770155040687c134014^	videodoorentry.cpp	6c69422496f397c3726ed5a57f390abf392f6c39	28736	0		vde	functional/who-8-video-door-entry-telephony/README.md	reviewed-indirect-terminal-variant	delegated-api-and-state-review
libqtdevices	07938c30fb5318ee28a26770155040687c134014	07938c30fb5318ee28a26770155040687c134014^	videodoorentry.h	94f55860e34bd17d1f1cf4c72d762495495de059	7758	0		vde	functional/who-8-video-door-entry-telephony/README.md	reviewed-indirect-terminal-variant	delegated-api-and-state-review
libqtdevices	07938c30fb5318ee28a26770155040687c134014	07938c30fb5318ee28a26770155040687c134014^	window.cpp	bbf54a3af3b083e54753c067e6d66d7ccf9d9de1	1160	0		ui		unresolved-boundary	no-direct-marker-not-semantic-exhaustion
libqtdevices	07938c30fb5318ee28a26770155040687c134014	07938c30fb5318ee28a26770155040687c134014^	window.h	fb88ff8188319e9a2dad63422b5e9c00a47cdc73	1836	0		ui		unresolved-boundary	no-direct-marker-not-semantic-exhaustion
libqtdevices	07938c30fb5318ee28a26770155040687c134014	07938c30fb5318ee28a26770155040687c134014^	windowcontainer.cpp	3a4f47f31b237665d9ebd3f1de1a85fb30042453	2276	0		ui		unresolved-boundary	no-direct-marker-not-semantic-exhaustion
libqtdevices	07938c30fb5318ee28a26770155040687c134014	07938c30fb5318ee28a26770155040687c134014^	windowcontainer.h	1889152a88ad1fe7a7b0bb2710d076793631066c	1708	0		ui		unresolved-boundary	no-direct-marker-not-semantic-exhaustion
libqtdevices	07938c30fb5318ee28a26770155040687c134014	07938c30fb5318ee28a26770155040687c134014^	xmlclient.cpp	d2bbc7f48e74ad48d5067a6d8f4c7775e05afec5	2698	1	libqtcommon:xmlclient.cpp	queues	protocol/acknowledgements.md	corroborates	exact-pinned-blob
libqtdevices	07938c30fb5318ee28a26770155040687c134014	07938c30fb5318ee28a26770155040687c134014^	xmlclient.h	1588b4162167d5fac9eed583483832f3b220e210	3307	1	libqtcommon:xmlclient.h	queues	protocol/acknowledgements.md	corroborates	exact-pinned-blob
libqtdevices	07938c30fb5318ee28a26770155040687c134014	07938c30fb5318ee28a26770155040687c134014^	xmldevice.cpp	ec7d821ee0e27364927a1a4d4f40db703452ab7b	18570	1		xml	functional/who-26-upnp-multimedia/README.md	reviewed-terminal-variant	historical-findings-table
libqtdevices	07938c30fb5318ee28a26770155040687c134014	07938c30fb5318ee28a26770155040687c134014^	xmldevice.h	3411ad1314fcfe01b32d047e255bff2443e0805c	7707	1		xml	functional/who-26-upnp-multimedia/README.md	reviewed-terminal-variant	historical-findings-table
libqtdevices	ba3faab02649237b17c1d540f4d43132e81a0c30	ba3faab02649237b17c1d540f4d43132e81a0c30^	itemlistpage.cpp	9a102dc43764c800dfcf91142314c028fbb37dc6	1779	0		ui		unresolved-boundary	no-direct-marker-not-semantic-exhaustion
libqtdevices	10f3d86c201db272b1c35c83e215a9036796c38a	10f3d86c201db272b1c35c83e215a9036796c38a^	devices/frame_receiver.cpp	385e3362c63c396c35e49f7307509e83cddccbb1	2593	1		frames	protocol/stream-parsing.md	reviewed-terminal-variant	historical-findings-table
libqtdevices	10f3d86c201db272b1c35c83e215a9036796c38a	10f3d86c201db272b1c35c83e215a9036796c38a^	devices/frame_receiver.h	1f78860644debe73af982014e90821d90abb85ad	1377	1		frames	protocol/stream-parsing.md	reviewed-terminal-variant	historical-findings-table
libqtdevices	3aea2c8a6cbdd7fae3914edb676aaba076d59ff3	3aea2c8a6cbdd7fae3914edb676aaba076d59ff3^	devices/device_status.cpp	235f9a59b1720dbe9c1e80369a91a31ff198aec9	4431	0		ui		reviewed-configuration-terminal-variant	configuration-state-and-conversion-review
libqtdevices	3aea2c8a6cbdd7fae3914edb676aaba076d59ff3	3aea2c8a6cbdd7fae3914edb676aaba076d59ff3^	devices/device_status.h	e6bcd7fdae87332b65da6a68e6e3473e69769806	4008	0		ui		unresolved-boundary	no-direct-marker-not-semantic-exhaustion
libqtdevices	3aea2c8a6cbdd7fae3914edb676aaba076d59ff3	3aea2c8a6cbdd7fae3914edb676aaba076d59ff3^	devices/deviceold.cpp	ff3f7c6d59495eee96b90eaf742dbae2f37c9bd3	3806	1		queues	protocol/acknowledgements.md	reviewed-terminal-variant	historical-findings-table
libqtdevices	3aea2c8a6cbdd7fae3914edb676aaba076d59ff3	3aea2c8a6cbdd7fae3914edb676aaba076d59ff3^	devices/deviceold.h	e9398fde9ebc48c79d694cd5ba528e6c4b9a49ae	2253	1		queues	protocol/acknowledgements.md	reviewed-terminal-variant	historical-findings-table
libqtdevices	3aea2c8a6cbdd7fae3914edb676aaba076d59ff3	3aea2c8a6cbdd7fae3914edb676aaba076d59ff3^	devices/frame_interpreter.cpp	3260035cfa28ab46ba08f1eaf190926d53da8e09	17029	1		frames	protocol/stream-parsing.md	reviewed-terminal-variant	historical-findings-table
libqtdevices	3aea2c8a6cbdd7fae3914edb676aaba076d59ff3	3aea2c8a6cbdd7fae3914edb676aaba076d59ff3^	devices/frame_interpreter.h	5dd54fc51fb02d993de6473eb6d14deb27b0e9cf	6805	0		frames	protocol/stream-parsing.md	reviewed-indirect-terminal-variant	delegated-api-and-state-review
libqtdevices	e5b889163cb785b3fb7738347d88c7262d8da531	e5b889163cb785b3fb7738347d88c7262d8da531^	antintrusion.old.cpp	a8af8bf606d6df7cd84711b695f14b5f33267826	17042	1		alarm	functional/who-5-alarm/protocol.md	reviewed-terminal-variant	historical-findings-table
libqtdevices	e5b889163cb785b3fb7738347d88c7262d8da531	e5b889163cb785b3fb7738347d88c7262d8da531^	antintrusion.old.h	ed35e60f16e1882a8124baa25d1ec8424e118ca9	4665	1		alarm	functional/who-5-alarm/protocol.md	reviewed-terminal-variant	historical-findings-table
libqtdevices	656705021d9581c2fe575f4ea634695c063c84d8	656705021d9581c2fe575f4ea634695c063c84d8^	upnpclientbrowser.h	e78727f890abc9925bbaeac40d6656ae1e20ee4e	1497	0		ui		unresolved-boundary	no-direct-marker-not-semantic-exhaustion
libqtdevices	0c1ce39759e01e05f5dbe26754f0fc689582911e	0c1ce39759e01e05f5dbe26754f0fc689582911e^	itemlistpage.cpp	eefd644cf83a7a71bbcff629268a446e636998fb	1772	0		ui		unresolved-boundary	no-direct-marker-not-semantic-exhaustion
libqtdevices	0c1ce39759e01e05f5dbe26754f0fc689582911e	0c1ce39759e01e05f5dbe26754f0fc689582911e^	itemlistpage.h	11b4407ecb87a1af3218527c5e43274e2a0a1f3f	1191	0		ui		unresolved-boundary	no-direct-marker-not-semantic-exhaustion
libqtdevices	bb784c95c417adf963ee916528534c6af3cc9605	bb784c95c417adf963ee916528534c6af3cc9605^	aux.cpp	98dc3da25e212cd32f3be8c138a552356bfa0dd0	2194	0		ui		reviewed-configuration-terminal-variant	configuration-state-and-conversion-review
libqtdevices	bb784c95c417adf963ee916528534c6af3cc9605	bb784c95c417adf963ee916528534c6af3cc9605^	aux.h	6895233c201da2560f9581eda0f32e55927d23e9	1267	0		ui		unresolved-boundary	no-direct-marker-not-semantic-exhaustion
libqtdevices	d04467d593e9ca08f13d410c72bff40813137155	d04467d593e9ca08f13d410c72bff40813137155^	devices/entryphone_device.sarchi.cpp	01d86e9c626717eb5791b2c1c13a7baacf261b32	7664	1		vde	functional/who-8-video-door-entry-telephony/README.md	reviewed-terminal-variant	historical-findings-table
libqtdevices	49f9fda70b84ce519dc7d9d9288f5791f26b78d6	49f9fda70b84ce519dc7d9d9288f5791f26b78d6^	banntemperature.cpp	7b8b9da385e222904a36db2351893b7d5055e05e	2734	0		ui		reviewed-indirect-terminal-variant	delegated-api-and-state-review
libqtdevices	49f9fda70b84ce519dc7d9d9288f5791f26b78d6	49f9fda70b84ce519dc7d9d9288f5791f26b78d6^	banntemperature.h	2397f33b39cb2ad4894331722f08573f73497c3e	1501	0		ui		reviewed-indirect-terminal-variant	delegated-api-and-state-review
libqtdevices	37fd1d053cab8de6e0fe0b73acc933f99e7e1a94	37fd1d053cab8de6e0fe0b73acc933f99e7e1a94^	imagelabel.cpp	ed306855bc618b979af67acef0f3e54edcf27d5c	1589	0		ui		unresolved-boundary	no-direct-marker-not-semantic-exhaustion
libqtdevices	37fd1d053cab8de6e0fe0b73acc933f99e7e1a94	37fd1d053cab8de6e0fe0b73acc933f99e7e1a94^	imagelabel.h	03bb819bbd61967d3d3c0b95cc2d1d50c146da2c	1331	0		ui		unresolved-boundary	no-direct-marker-not-semantic-exhaustion
libqtdevices	f7cf54855aaea5ab7b30773a8925ab3e2e985f98	f7cf54855aaea5ab7b30773a8925ab3e2e985f98^	buttons_bar.cpp	e44d1003ef59f05b82ea447ab479dcb1588b688b	2868	0		ui		unresolved-boundary	no-direct-marker-not-semantic-exhaustion
libqtdevices	f7cf54855aaea5ab7b30773a8925ab3e2e985f98	f7cf54855aaea5ab7b30773a8925ab3e2e985f98^	buttons_bar.h	98d869206dd7e03155ee57425e70a982ead7e193	1631	0		ui		unresolved-boundary	no-direct-marker-not-semantic-exhaustion
libqtdevices	eb993c903ee576a3c6e3e02f909a79a20d869f85	eb993c903ee576a3c6e3e02f909a79a20d869f85^	bannregolaz.cpp	396b441e07306c8c467b44424e5e217de6d92ff7	3428	0		ui		unresolved-boundary	no-direct-marker-not-semantic-exhaustion
libqtdevices	eb993c903ee576a3c6e3e02f909a79a20d869f85	eb993c903ee576a3c6e3e02f909a79a20d869f85^	bannregolaz.h	dda92df16cf37f4d09efa6e62431a23cee43fc6b	1945	0		ui		unresolved-boundary	no-direct-marker-not-semantic-exhaustion
libqtdevices	5dae81b63f341395cf940ab0ad0fb0613c8f1f78	5dae81b63f341395cf940ab0ad0fb0613c8f1f78^	sorgentiaux.cpp	6d158223ac16b60d5a38464ad160e4cbe63836d2	1933	0		ui		unresolved-boundary	no-direct-marker-not-semantic-exhaustion
libqtdevices	5dae81b63f341395cf940ab0ad0fb0613c8f1f78	5dae81b63f341395cf940ab0ad0fb0613c8f1f78^	sorgentiaux.h	a1c8ed36a40d57b0cb5f997ef128dbe00ef7ce45	1210	0		ui		unresolved-boundary	no-direct-marker-not-semantic-exhaustion
libqtdevices	5dae81b63f341395cf940ab0ad0fb0613c8f1f78	5dae81b63f341395cf940ab0ad0fb0613c8f1f78^	sorgentimedia.cpp	dd3833e2660e214cf7ee6dd27855a5970abfefe4	2185	0		ui		unresolved-boundary	no-direct-marker-not-semantic-exhaustion
libqtdevices	5dae81b63f341395cf940ab0ad0fb0613c8f1f78	5dae81b63f341395cf940ab0ad0fb0613c8f1f78^	sorgentimedia.h	0f3b650baebedda95da5e9bd29aaa9065f2c49e9	1298	0		ui		unresolved-boundary	no-direct-marker-not-semantic-exhaustion
libqtdevices	5dae81b63f341395cf940ab0ad0fb0613c8f1f78	5dae81b63f341395cf940ab0ad0fb0613c8f1f78^	sorgentiradio.cpp	e778c813f487aeffd4e79e3b31eb8a418ef6a54c	2612	0		ui		reviewed-indirect-terminal-variant	delegated-api-and-state-review
libqtdevices	5dae81b63f341395cf940ab0ad0fb0613c8f1f78	5dae81b63f341395cf940ab0ad0fb0613c8f1f78^	sorgentiradio.h	25dde51f0ee41eec93e43e5f6bf1fb09b79583e6	1325	0		ui		reviewed-indirect-terminal-variant	delegated-api-and-state-review
libqtdevices	db48604000acee0384857ab594fdf63b66f21de3	db48604000acee0384857ab594fdf63b66f21de3^	devices/alarmsounddiff_device.cpp	a734b03f00dcb7b2112f5486fc959b9b9f274cb3	5022	1		audio	functional/who-22-sound-diffusion/README.md	reviewed-terminal-variant	historical-findings-table
libqtdevices	db48604000acee0384857ab594fdf63b66f21de3	db48604000acee0384857ab594fdf63b66f21de3^	devices/alarmsounddiff_device.h	88d09e30587cb810d646919d3db4d369674d037d	1574	1		audio	functional/who-22-sound-diffusion/README.md	reviewed-terminal-variant	historical-findings-table
libqtdevices	db48604000acee0384857ab594fdf63b66f21de3	db48604000acee0384857ab594fdf63b66f21de3^	devices/test/test_alarmsounddiff_device.cpp	0e4927ea24b8623138a2ce89541ef51199959b8b	4355	1		audio	functional/who-22-sound-diffusion/README.md	reviewed-terminal-variant	historical-findings-table
libqtdevices	db48604000acee0384857ab594fdf63b66f21de3	db48604000acee0384857ab594fdf63b66f21de3^	devices/test/test_alarmsounddiff_device.h	1e883f1ac8860c58115b58ac4bb39a8c8934587a	1391	0		audio	functional/who-22-sound-diffusion/README.md	unresolved-boundary	no-direct-marker-not-semantic-exhaustion
libqtdevices	ea0f75a1896dab1bd7598bbac8a7e40d825b37f7	ea0f75a1896dab1bd7598bbac8a7e40d825b37f7^	listbrowser.cpp	ecba3877f68c43b682d3a7aefba36187cd7a9524	4049	0		ui		unresolved-boundary	no-direct-marker-not-semantic-exhaustion
libqtdevices	ea0f75a1896dab1bd7598bbac8a7e40d825b37f7	ea0f75a1896dab1bd7598bbac8a7e40d825b37f7^	listbrowser.h	a827121d8f5bd233d0a390f64f5a35746cdc6d05	1813	0		ui		unresolved-boundary	no-direct-marker-not-semantic-exhaustion
libqtdevices	85e31b6e027110079d40a34400e92a57948239e5	85e31b6e027110079d40a34400e92a57948239e5^	bannciclaz.cpp	c002afc694c4643561fb357e9eda2e07bf95db75	1802	0		ui		unresolved-boundary	no-direct-marker-not-semantic-exhaustion
libqtdevices	85e31b6e027110079d40a34400e92a57948239e5	85e31b6e027110079d40a34400e92a57948239e5^	bannciclaz.h	cefbe90b1eebe2788850cbd54be46a40219359b5	1412	0		ui		unresolved-boundary	no-direct-marker-not-semantic-exhaustion
libqtdevices	ddd6e715137dcc76146c58dc9764209d7783743f	ddd6e715137dcc76146c58dc9764209d7783743f^	bannercontent.h	366df38767492ce8482a062f69fa3ae2c183b771	1524	0		ui		unresolved-boundary	no-direct-marker-not-semantic-exhaustion
libqtdevices	ddd6e715137dcc76146c58dc9764209d7783743f	ddd6e715137dcc76146c58dc9764209d7783743f^	singlechoicecontent.cpp	32e407dbaef1cb032c996c936e7d0755cd8ca6b5	2172	0		ui		unresolved-boundary	no-direct-marker-not-semantic-exhaustion
libqtdevices	ddd6e715137dcc76146c58dc9764209d7783743f	ddd6e715137dcc76146c58dc9764209d7783743f^	singlechoicecontent.h	557f5a06bac8c9b779678d86b4ec689770693dc4	1799	0		ui		unresolved-boundary	no-direct-marker-not-semantic-exhaustion
libqtdevices	5e52e7d351fcf76277eac536ddaffb5d63491da3	5e52e7d351fcf76277eac536ddaffb5d63491da3^	bannfrecce.cpp	8116c8f1d092a6510be7e0dedf0d54b762489168	5017	0		ui		unresolved-boundary	no-direct-marker-not-semantic-exhaustion
libqtdevices	5e52e7d351fcf76277eac536ddaffb5d63491da3	5e52e7d351fcf76277eac536ddaffb5d63491da3^	bannfrecce.h	17901ff8077fa0f1d7ee31109b6f4807f25a11b0	4446	0		ui		unresolved-boundary	no-direct-marker-not-semantic-exhaustion
libqtdevices	5e52e7d351fcf76277eac536ddaffb5d63491da3	5e52e7d351fcf76277eac536ddaffb5d63491da3^	sottomenu.cpp	1d46a12ba87dc0792ac44c7ba3eb4a478f94bccb	7573	0		ui		unresolved-boundary	no-direct-marker-not-semantic-exhaustion
libqtdevices	5e52e7d351fcf76277eac536ddaffb5d63491da3	5e52e7d351fcf76277eac536ddaffb5d63491da3^	sottomenu.h	ab188887524a08d5098be0cd45cf25e6f500644e	3839	0		ui		unresolved-boundary	no-direct-marker-not-semantic-exhaustion
libqtdevices	ef60bb02c0652756df4de84013d81e0ce2304739	ef60bb02c0652756df4de84013d81e0ce2304739^	btouch/radio.cpp	d73832e9387501f3bf8282f5a16146bcae9cbf8e	8030	0		ui		unresolved-boundary	no-direct-marker-not-semantic-exhaustion
libqtdevices	ef60bb02c0652756df4de84013d81e0ce2304739	ef60bb02c0652756df4de84013d81e0ce2304739^	btouch/radio.h	e4da543e6bfc705b31dc26e2e0a38886b10fd8b5	3767	0		ui		unresolved-boundary	no-direct-marker-not-semantic-exhaustion
libqtdevices	933e2f59f1db03c5799b3c9fff10b9041cbfd5ae	933e2f59f1db03c5799b3c9fff10b9041cbfd5ae^	multimedia_source.cpp	c9afded9ef387425d34b4f0ffb235cbe5e435807	11414	1		audio	functional/who-22-sound-diffusion/README.md	reviewed-terminal-variant	historical-findings-table
libqtdevices	933e2f59f1db03c5799b3c9fff10b9041cbfd5ae	933e2f59f1db03c5799b3c9fff10b9041cbfd5ae^	multimedia_source.h	1408c43006ec73226fb9211ed3e93a7e9eb31148	4940	0		audio	functional/who-22-sound-diffusion/README.md	unresolved-boundary	no-direct-marker-not-semantic-exhaustion
libqtdevices	933e2f59f1db03c5799b3c9fff10b9041cbfd5ae	933e2f59f1db03c5799b3c9fff10b9041cbfd5ae^	playwindow.cpp	d27d8493496cd6aab3999757b577b1fc7fac736c	12586	0		ui		unresolved-boundary	no-direct-marker-not-semantic-exhaustion
libqtdevices	933e2f59f1db03c5799b3c9fff10b9041cbfd5ae	933e2f59f1db03c5799b3c9fff10b9041cbfd5ae^	playwindow.h	2d5ce81be384bb9e47819ec436c798d810231ebf	4001	0		ui		unresolved-boundary	no-direct-marker-not-semantic-exhaustion
libqtdevices	fe7ec45d7e1664506167c25296913ff3e63590e0	fe7ec45d7e1664506167c25296913ff3e63590e0^	ambdiffson.cpp	4646771fe4e85b61fd0ba23ed3733013e7689d9d	4499	0		audio	functional/who-22-sound-diffusion/README.md	reviewed-configuration-terminal-variant	configuration-state-and-conversion-review
libqtdevices	fe7ec45d7e1664506167c25296913ff3e63590e0	fe7ec45d7e1664506167c25296913ff3e63590e0^	ambdiffson.h	0be497181baf32f6155211375328708108648318	2702	0		audio	functional/who-22-sound-diffusion/README.md	unresolved-boundary	no-direct-marker-not-semantic-exhaustion
libqtdevices	fe7ec45d7e1664506167c25296913ff3e63590e0	fe7ec45d7e1664506167c25296913ff3e63590e0^	multisounddiff.cpp	dd48cc03026bd61f9109341175236ec6f83ee5a3	6527	0		audio	functional/who-22-sound-diffusion/README.md	reviewed-indirect-terminal-variant	delegated-api-and-state-review
libqtdevices	fe7ec45d7e1664506167c25296913ff3e63590e0	fe7ec45d7e1664506167c25296913ff3e63590e0^	multisounddiff.h	e6c567cd2908efd5cbdfa92f9e1a599ee427125b	2620	0		audio	functional/who-22-sound-diffusion/README.md	reviewed-indirect-terminal-variant	delegated-api-and-state-review
libqtdevices	fe7ec45d7e1664506167c25296913ff3e63590e0	fe7ec45d7e1664506167c25296913ff3e63590e0^	sounddiffusion.cpp	617f1076ef6730aa07acb6a189eda2f1f4f5f655	11619	1		audio	functional/who-22-sound-diffusion/README.md	reviewed-terminal-variant	historical-findings-table
libqtdevices	fe7ec45d7e1664506167c25296913ff3e63590e0	fe7ec45d7e1664506167c25296913ff3e63590e0^	sounddiffusion.h	9296dc8a0cafaa7b8a0703e39f311ec2b87c2373	4327	1		audio	functional/who-22-sound-diffusion/README.md	reviewed-terminal-variant	historical-findings-table
libqtdevices	8a7441e46179b937db506cfebfa38d2e8a04560f	8a7441e46179b937db506cfebfa38d2e8a04560f^	devices/poweramplifier_device.cpp	1f164fd9a80a2c84bc9f05647054958bc643f998	5324	1		audio	functional/who-22-sound-diffusion/README.md	reviewed-terminal-variant	historical-findings-table
libqtdevices	8a7441e46179b937db506cfebfa38d2e8a04560f	8a7441e46179b937db506cfebfa38d2e8a04560f^	devices/poweramplifier_device.h	a59f2f391f93ba657197a69f1b898c0c522a6af9	2432	1		audio	functional/who-22-sound-diffusion/README.md	reviewed-terminal-variant	historical-findings-table
libqtdevices	8a7441e46179b937db506cfebfa38d2e8a04560f	8a7441e46179b937db506cfebfa38d2e8a04560f^	devices/test/test_poweramplifier_device.cpp	1b33e53ac977002ce574bc0444781a3d5228ec3c	7746	1		audio	functional/who-22-sound-diffusion/README.md	reviewed-terminal-variant	historical-findings-table
libqtdevices	8a7441e46179b937db506cfebfa38d2e8a04560f	8a7441e46179b937db506cfebfa38d2e8a04560f^	devices/test/test_poweramplifier_device.h	beb6d720ca51bd60867ca39f51c47012c15f0a92	1757	1		audio	functional/who-22-sound-diffusion/README.md	reviewed-terminal-variant	historical-findings-table
libqtdevices	293152bb4b6d4a5f54acff4933e0ef295211aa00	293152bb4b6d4a5f54acff4933e0ef295211aa00^	genpage.cpp	3eaf92ceafee21951f227d82035bd32183b1390d	1438	0		ui		unresolved-boundary	no-direct-marker-not-semantic-exhaustion
libqtdevices	293152bb4b6d4a5f54acff4933e0ef295211aa00	293152bb4b6d4a5f54acff4933e0ef295211aa00^	genpage.h	79f05ba63f7d47b18ef74089ee577838f8ee3ba3	1501	0		ui		unresolved-boundary	no-direct-marker-not-semantic-exhaustion
libqtdevices	f7c560e75e10cf322a2c60213f856a757e105b74	f7c560e75e10cf322a2c60213f856a757e105b74^	btouch/bannercontent.cpp	8284e0822a352f9c1585ce402c85ff6eb452a926	3929	0		ui		unresolved-boundary	no-direct-marker-not-semantic-exhaustion
libqtdevices	14e10dedcc7e6d689f5814877638d7338cb6b641	14e10dedcc7e6d689f5814877638d7338cb6b641^	webcam_list.cpp	1210fa2cd2e9371809b5c28cc80a8bd9f6dac61d	1445	0		ui		unresolved-boundary	no-direct-marker-not-semantic-exhaustion
libqtdevices	14e10dedcc7e6d689f5814877638d7338cb6b641	14e10dedcc7e6d689f5814877638d7338cb6b641^	webcam_list.h	fbf7eb9ce4395b106f75c21db9fcba49c2de4be2	498	0		ui		unresolved-boundary	no-direct-marker-not-semantic-exhaustion
libqtdevices	16aebb009cad6b6b4125ef8d7510050251ce4058	16aebb009cad6b6b4125ef8d7510050251ce4058^	test/test_dev_automation.cpp	744ef25637736b3f50c40b6b0f3e9bb379926244	882	1		automation	functional/who-2-automation/README.md	reviewed-terminal-variant	historical-findings-table
libqtdevices	16aebb009cad6b6b4125ef8d7510050251ce4058	16aebb009cad6b6b4125ef8d7510050251ce4058^	test/test_dev_automation.h	04285c03919811734a71a8c5d63e69708ad83140	381	1		automation	functional/who-2-automation/README.md	reviewed-terminal-variant	historical-findings-table
libqtdevices	6eec57a0d0186082a90e2ccd9b1bbaebe500f6d7	6eec57a0d0186082a90e2ccd9b1bbaebe500f6d7^	test/test_dev_automation.cpp	222a859535353b42587a06d2c06308bf82d9c2b3	880	1		automation	functional/who-2-automation/README.md	reviewed-terminal-variant	historical-findings-table
libqtdevices	6eec57a0d0186082a90e2ccd9b1bbaebe500f6d7	6eec57a0d0186082a90e2ccd9b1bbaebe500f6d7^	test/test_dev_automation.h	04285c03919811734a71a8c5d63e69708ad83140	381	1		automation	functional/who-2-automation/README.md	reviewed-terminal-variant	historical-findings-table
libqtdevices	11a48d0c0cead3b9670276663acfb001c79463d2	11a48d0c0cead3b9670276663acfb001c79463d2^	dev_automation.cpp	a971245e30d162ee77a703caed0550fa246c94e5	1415	1		automation	functional/who-2-automation/README.md	reviewed-terminal-variant	historical-findings-table
libqtdevices	11a48d0c0cead3b9670276663acfb001c79463d2	11a48d0c0cead3b9670276663acfb001c79463d2^	dev_automation.h	a495d938d29ac0acee63de6eefc3f34b9b42861d	785	0		automation	functional/who-2-automation/README.md	reviewed-indirect-terminal-variant	delegated-api-and-state-review
libqtdevices	dafb56d529aeeea053be8dbd782940b4b67c0a4f	dafb56d529aeeea053be8dbd782940b4b67c0a4f^	main_window.cpp	bcab7defcbbd5e1f27466ef39138bab61d7065f2	2304	0		ui		unresolved-boundary	no-direct-marker-not-semantic-exhaustion
libqtdevices	dafb56d529aeeea053be8dbd782940b4b67c0a4f	dafb56d529aeeea053be8dbd782940b4b67c0a4f^	main_window.h	7a1fb9fff525de2d57c0098095f6c1ff2ff651a0	1433	0		ui		unresolved-boundary	no-direct-marker-not-semantic-exhaustion
libqtdevices	dafb56d529aeeea053be8dbd782940b4b67c0a4f	dafb56d529aeeea053be8dbd782940b4b67c0a4f^	settings_touchx.h	ab803e8312e91a611dbd3bcf6196a0fcf41e5058	343	0		ui		unresolved-boundary	no-direct-marker-not-semantic-exhaustion
libqtdevices	a0fe574ccac50d653ddd388924e97cd3ecf65b36	a0fe574ccac50d653ddd388924e97cd3ecf65b36^	test/test_landevice.cpp	cd1cd27408a8d046593d747226e867673bcc8d4f	1206	1		platform	functional/who-13-integration-gateway/dimensions.md	reviewed-terminal-variant	historical-findings-table
libqtdevices	fca2a2c43899f30879671321553cae4fc1f9c6f5	fca2a2c43899f30879671321553cae4fc1f9c6f5^	cfg/conf.V.5.0.2.xml	8f75ec31820c45e1e17a3c6672848e4b540e7291	94252	1		ui		reviewed-terminal-variant	historical-findings-table
libqtdevices	fca2a2c43899f30879671321553cae4fc1f9c6f5	fca2a2c43899f30879671321553cae4fc1f9c6f5^	cfg/conf.V.5.0.3.xml	09e77a409c6d95cf4d1ef5fb4ceb9225ef951f9c	90595	1		ui		reviewed-terminal-variant	historical-findings-table
libqtdevices	fca2a2c43899f30879671321553cae4fc1f9c6f5	fca2a2c43899f30879671321553cae4fc1f9c6f5^	cfg/conf.antintrusione.xml	61bb383a5c90e6e0aa7f41529192b40593eb49b3	4293	0		alarm	functional/who-5-alarm/protocol.md	unresolved-boundary	no-direct-marker-not-semantic-exhaustion
libqtdevices	fca2a2c43899f30879671321553cae4fc1f9c6f5	fca2a2c43899f30879671321553cae4fc1f9c6f5^	cfg/conf.automatismi.xml	66ca90c6cf759803e12e6d01a6c207909d9a0584	5704	1		automation	functional/who-2-automation/README.md	reviewed-terminal-variant	historical-findings-table
libqtdevices	fca2a2c43899f30879671321553cae4fc1f9c6f5	fca2a2c43899f30879671321553cae4fc1f9c6f5^	cfg/conf.aux.xml	261139ecf74fad4ea9fcc27f4e4aa8c4c65c8a45	3352	0		ui		unresolved-boundary	no-direct-marker-not-semantic-exhaustion
libqtdevices	fca2a2c43899f30879671321553cae4fc1f9c6f5	fca2a2c43899f30879671321553cae4fc1f9c6f5^	cfg/conf.carichi.xml	c0c13df2a9ec2fb1c7e5cb1f1657b95191cd454a	2604	0		ui		unresolved-boundary	no-direct-marker-not-semantic-exhaustion
libqtdevices	fca2a2c43899f30879671321553cae4fc1f9c6f5	fca2a2c43899f30879671321553cae4fc1f9c6f5^	cfg/conf.energy.simple.xml	0518ad787bbc870ecf565e75f32aba3b359311dc	2496	0		energy	functional/who-18-energy-management/dimensions.md	unresolved-boundary	no-direct-marker-not-semantic-exhaustion
libqtdevices	fca2a2c43899f30879671321553cae4fc1f9c6f5	fca2a2c43899f30879671321553cae4fc1f9c6f5^	cfg/conf.illuminazione.arabo.xml	42bdc97d611c9364eee2ddc8f67ed61e7c8b7b25	3263	1		ui		reviewed-terminal-variant	historical-findings-table
libqtdevices	fca2a2c43899f30879671321553cae4fc1f9c6f5	fca2a2c43899f30879671321553cae4fc1f9c6f5^	cfg/conf.illuminazione.cinese.xml	d12f9a600b3e619f2d9146f9f1627a81aa9c06be	3245	1		ui		reviewed-terminal-variant	historical-findings-table
libqtdevices	fca2a2c43899f30879671321553cae4fc1f9c6f5	fca2a2c43899f30879671321553cae4fc1f9c6f5^	cfg/conf.illuminazione.xml	5d0fd6b9ac01d38275d95f2ca73899dea17a1250	4953	1		ui		reviewed-terminal-variant	historical-findings-table
libqtdevices	fca2a2c43899f30879671321553cae4fc1f9c6f5	fca2a2c43899f30879671321553cae4fc1f9c6f5^	cfg/conf.potenza.xml	e907ef499f544620aba0aadf6f15e83013c810c6	4014	0		ui		unresolved-boundary	no-direct-marker-not-semantic-exhaustion
libqtdevices	fca2a2c43899f30879671321553cae4fc1f9c6f5	fca2a2c43899f30879671321553cae4fc1f9c6f5^	cfg/conf.radio.xml	e5e67a92361864c38d3b866af6b79fd9d7cb9a0d	4071	0		ui		unresolved-boundary	no-direct-marker-not-semantic-exhaustion
libqtdevices	fca2a2c43899f30879671321553cae4fc1f9c6f5	fca2a2c43899f30879671321553cae4fc1f9c6f5^	cfg/conf.radio_rds.xml	e5d6947aabada1d2e8d28e9446ebcaa27bf97272	3336	0		ui		unresolved-boundary	no-direct-marker-not-semantic-exhaustion
libqtdevices	fca2a2c43899f30879671321553cae4fc1f9c6f5	fca2a2c43899f30879671321553cae4fc1f9c6f5^	cfg/conf.scenari.xml	42fd474229e30f405861eb03f72bae0e015c96bb	2931	0		ui		unresolved-boundary	no-direct-marker-not-semantic-exhaustion
libqtdevices	fca2a2c43899f30879671321553cae4fc1f9c6f5	fca2a2c43899f30879671321553cae4fc1f9c6f5^	cfg/conf.se.cond.aux.xml	363a521848c374367209fc0755f6b8d6e5107e01	4667	1		ui		reviewed-terminal-variant	historical-findings-table
libqtdevices	fca2a2c43899f30879671321553cae4fc1f9c6f5	fca2a2c43899f30879671321553cae4fc1f9c6f5^	cfg/conf.se.cond.oraria.xml	500a237aade2ca2b8d237f900a9ce1b35dfb732d	3062	1		ui		reviewed-terminal-variant	historical-findings-table
libqtdevices	fca2a2c43899f30879671321553cae4fc1f9c6f5	fca2a2c43899f30879671321553cae4fc1f9c6f5^	cfg/conf.se.no.cond.oraria.xml	23116b8cc63489eb93956dd0d8b0ed2e92854179	3062	1		ui		reviewed-terminal-variant	historical-findings-table
libqtdevices	fca2a2c43899f30879671321553cae4fc1f9c6f5	fca2a2c43899f30879671321553cae4fc1f9c6f5^	cfg/conf.settings.xml	2b6317e7721274a9f874d566a07f1c1fddcc31af	11624	0		ui		unresolved-boundary	no-direct-marker-not-semantic-exhaustion
libqtdevices	fca2a2c43899f30879671321553cae4fc1f9c6f5	fca2a2c43899f30879671321553cae4fc1f9c6f5^	cfg/conf.special.xml	2b679283f5479b3b1dff6aa607eb403cb0828543	3088	0		ui		unresolved-boundary	no-direct-marker-not-semantic-exhaustion
libqtdevices	fca2a2c43899f30879671321553cae4fc1f9c6f5	fca2a2c43899f30879671321553cae4fc1f9c6f5^	cfg/conf.termo2.99z.minimal.xml	cd32c54cb4870a24b41d2d5b51dfdd270ae62f2c	7706	0		ui		unresolved-boundary	no-direct-marker-not-semantic-exhaustion
libqtdevices	fca2a2c43899f30879671321553cae4fc1f9c6f5	fca2a2c43899f30879671321553cae4fc1f9c6f5^	cfg/conf.termo2.minimal.xml	4a4e2507149e09e11dd3bb49d38be12e9067e20e	8894	0		ui		unresolved-boundary	no-direct-marker-not-semantic-exhaustion
libqtdevices	fca2a2c43899f30879671321553cae4fc1f9c6f5	fca2a2c43899f30879671321553cae4fc1f9c6f5^	cfg/conf.videocitofonia.xml	ef551a7185a7c6985ff04d55711d2226fc19fdff	3626	0		ui		unresolved-boundary	no-direct-marker-not-semantic-exhaustion
libqtdevices	fca2a2c43899f30879671321553cae4fc1f9c6f5	fca2a2c43899f30879671321553cae4fc1f9c6f5^	cfg/conf.xml	16a8bb70cc931e7dcac251d269e914bce2ae45d1	12189	1		ui		reviewed-terminal-variant	historical-findings-table
libqtdevices	fca2a2c43899f30879671321553cae4fc1f9c6f5	fca2a2c43899f30879671321553cae4fc1f9c6f5^	cfg/extra/1/extra.xml	86e1a2d994bddcf36be2413a2faa3bb93c935fc9	258	0		ui		unresolved-boundary	no-direct-marker-not-semantic-exhaustion
libqtdevices	fca2a2c43899f30879671321553cae4fc1f9c6f5	fca2a2c43899f30879671321553cae4fc1f9c6f5^	cfg/extra/1/skin.xml	d5348b17b9cb5a7ef49e5308622528f70aeb2884	1918	0		ui		unresolved-boundary	no-direct-marker-not-semantic-exhaustion
libqtdevices	fca2a2c43899f30879671321553cae4fc1f9c6f5	fca2a2c43899f30879671321553cae4fc1f9c6f5^	cfg/extra/3/font_de.xml	fa4d715cd2cc65814209dd0065d288f538f717c7	577	0		ui		unresolved-boundary	no-direct-marker-not-semantic-exhaustion
libqtdevices	fca2a2c43899f30879671321553cae4fc1f9c6f5	fca2a2c43899f30879671321553cae4fc1f9c6f5^	cfg/extra/3/font_en.xml	fa4d715cd2cc65814209dd0065d288f538f717c7	577	0		ui		unresolved-boundary	no-direct-marker-not-semantic-exhaustion
libqtdevices	fca2a2c43899f30879671321553cae4fc1f9c6f5	fca2a2c43899f30879671321553cae4fc1f9c6f5^	cfg/extra/3/font_es.xml	fa4d715cd2cc65814209dd0065d288f538f717c7	577	0		ui		unresolved-boundary	no-direct-marker-not-semantic-exhaustion
libqtdevices	fca2a2c43899f30879671321553cae4fc1f9c6f5	fca2a2c43899f30879671321553cae4fc1f9c6f5^	cfg/extra/3/font_fr.xml	fa4d715cd2cc65814209dd0065d288f538f717c7	577	0		ui		unresolved-boundary	no-direct-marker-not-semantic-exhaustion
libqtdevices	fca2a2c43899f30879671321553cae4fc1f9c6f5	fca2a2c43899f30879671321553cae4fc1f9c6f5^	cfg/extra/3/font_it.xml	fa4d715cd2cc65814209dd0065d288f538f717c7	577	0		ui		unresolved-boundary	no-direct-marker-not-semantic-exhaustion
libqtdevices	fca2a2c43899f30879671321553cae4fc1f9c6f5	fca2a2c43899f30879671321553cae4fc1f9c6f5^	cfg/extra/3/font_nl.xml	fa4d715cd2cc65814209dd0065d288f538f717c7	577	0		ui		unresolved-boundary	no-direct-marker-not-semantic-exhaustion
libqtdevices	fca2a2c43899f30879671321553cae4fc1f9c6f5	fca2a2c43899f30879671321553cae4fc1f9c6f5^	cfg/extra/3/font_pt.xml	fa4d715cd2cc65814209dd0065d288f538f717c7	577	0		ui		unresolved-boundary	no-direct-marker-not-semantic-exhaustion
libqtdevices	7a5e7bb847af6aa9c227d0c0e11233968730f512	7a5e7bb847af6aa9c227d0c0e11233968730f512^	bann4taslab.cpp	cf15256053e189320903dc4a680099c374021b36	900	0		ui		unresolved-boundary	no-direct-marker-not-semantic-exhaustion
libqtdevices	7a5e7bb847af6aa9c227d0c0e11233968730f512	7a5e7bb847af6aa9c227d0c0e11233968730f512^	bann4taslab.h	d27736d485fb4416cbbdd74de145ca708cba84ff	798	0		ui		unresolved-boundary	no-direct-marker-not-semantic-exhaustion
libqtdevices	858e00c43a7a044f3967321ecb6840b6cc5e0a4a	858e00c43a7a044f3967321ecb6840b6cc5e0a4a^	bann2butlab.cpp	de1ba4377d7c48431fac34cde11eefd7ac7c7624	724	0		ui		unresolved-boundary	no-direct-marker-not-semantic-exhaustion
libqtdevices	858e00c43a7a044f3967321ecb6840b6cc5e0a4a	858e00c43a7a044f3967321ecb6840b6cc5e0a4a^	bann2butlab.h	cbf830e1edf2e8a1cef51835603bed388c3d8823	794	0		ui		unresolved-boundary	no-direct-marker-not-semantic-exhaustion
libqtdevices	6a9226f450f02d94ba873597c5233864037b74a6	6a9226f450f02d94ba873597c5233864037b74a6^	bannbut2icon.cpp	c66158d072b1e7ec8e1dfbaa95dcac42ee2045e2	760	0		ui		unresolved-boundary	no-direct-marker-not-semantic-exhaustion
libqtdevices	6a9226f450f02d94ba873597c5233864037b74a6	6a9226f450f02d94ba873597c5233864037b74a6^	bannbut2icon.h	87c6ea32a2870e5a6d7b2feec7d6bed9c3151774	865	0		ui		unresolved-boundary	no-direct-marker-not-semantic-exhaustion
libqtdevices	ff24975b214f6151d61efde4824513af17b3b9e2	ff24975b214f6151d61efde4824513af17b3b9e2^	bannon2scr.cpp	116173fb4512091a609d13637fec7347b809c1b4	860	0		ui		unresolved-boundary	no-direct-marker-not-semantic-exhaustion
libqtdevices	ff24975b214f6151d61efde4824513af17b3b9e2	ff24975b214f6151d61efde4824513af17b3b9e2^	bannon2scr.h	dcaca8b93a460927ac8f5b4ecf03c7d229485424	829	0		ui		unresolved-boundary	no-direct-marker-not-semantic-exhaustion
libqtdevices	32f40cf4ad98ba50a3d48d68681fbcc6d303d851	32f40cf4ad98ba50a3d48d68681fbcc6d303d851^	bann2but.cpp	15b591f721a21e50b8054abb5aeb39f7bf335230	673	0		ui		unresolved-boundary	no-direct-marker-not-semantic-exhaustion
libqtdevices	32f40cf4ad98ba50a3d48d68681fbcc6d303d851	32f40cf4ad98ba50a3d48d68681fbcc6d303d851^	bann2but.h	c2cd329cca2dc3136dd48bd82ed7b29e79b6a68d	610	0		ui		unresolved-boundary	no-direct-marker-not-semantic-exhaustion
libqtdevices	32f40cf4ad98ba50a3d48d68681fbcc6d303d851	32f40cf4ad98ba50a3d48d68681fbcc6d303d851^	bannonoff.cpp	b14f99f10028645d3cec29e4c49128d47e1b2f19	679	0		ui		unresolved-boundary	no-direct-marker-not-semantic-exhaustion
libqtdevices	32f40cf4ad98ba50a3d48d68681fbcc6d303d851	32f40cf4ad98ba50a3d48d68681fbcc6d303d851^	bannonoff.h	b5000227833e7fd02ef1af9076c647b348665c97	730	0		ui		unresolved-boundary	no-direct-marker-not-semantic-exhaustion
libqtdevices	32f40cf4ad98ba50a3d48d68681fbcc6d303d851	32f40cf4ad98ba50a3d48d68681fbcc6d303d851^	bannonoff2scr.cpp	5d68f68a63b2ac3b142ca80decaa157bf7827562	961	0		ui		unresolved-boundary	no-direct-marker-not-semantic-exhaustion
libqtdevices	32f40cf4ad98ba50a3d48d68681fbcc6d303d851	32f40cf4ad98ba50a3d48d68681fbcc6d303d851^	bannonoff2scr.h	31ac2ce64717749e8429d024eab87902bfb7ba72	806	0		ui		unresolved-boundary	no-direct-marker-not-semantic-exhaustion
libqtdevices	36ccd829643bbff66ca3788829437e640cef6364	36ccd829643bbff66ca3788829437e640cef6364^	bannonicons.cpp	cfdad38072df0446a6ff035e46277d8efb071649	701	0		ui		unresolved-boundary	no-direct-marker-not-semantic-exhaustion
libqtdevices	36ccd829643bbff66ca3788829437e640cef6364	36ccd829643bbff66ca3788829437e640cef6364^	bannonicons.h	13442cc945321142529ac21daa316d2e3cd58711	602	0		ui		unresolved-boundary	no-direct-marker-not-semantic-exhaustion
libqtdevices	36ccd829643bbff66ca3788829437e640cef6364	36ccd829643bbff66ca3788829437e640cef6364^	bannpuls.cpp	a4bbbb86a908391c3d980d4bc1e90c3682f6635f	783	0		ui		unresolved-boundary	no-direct-marker-not-semantic-exhaustion
libqtdevices	36ccd829643bbff66ca3788829437e640cef6364	36ccd829643bbff66ca3788829437e640cef6364^	bannpuls.h	2148e10c0384a3d0a116c667e2699394685e3836	777	0		ui		unresolved-boundary	no-direct-marker-not-semantic-exhaustion
libqtdevices	1f609b89f678e80651f12a823eaf47988316ba98	1f609b89f678e80651f12a823eaf47988316ba98^	bannciclaz3but.cpp	0bb20c0a31329c5767ca6f931104aecb4aea85e5	890	0		ui		unresolved-boundary	no-direct-marker-not-semantic-exhaustion
libqtdevices	1f609b89f678e80651f12a823eaf47988316ba98	1f609b89f678e80651f12a823eaf47988316ba98^	bannciclaz3but.h	b200576a6244dd497d17264d8a01fd802284ff88	773	0		ui		unresolved-boundary	no-direct-marker-not-semantic-exhaustion
libqtdevices	f629936ce297dedc638ddb6bf89ba3557db8b040	f629936ce297dedc638ddb6bf89ba3557db8b040^	bannbuticon.cpp	a2b1c5da06009efb62e0694c97993cf9d3a00d65	625	0		ui		unresolved-boundary	no-direct-marker-not-semantic-exhaustion
libqtdevices	f629936ce297dedc638ddb6bf89ba3557db8b040	f629936ce297dedc638ddb6bf89ba3557db8b040^	bannbuticon.h	a8de47c6beeb09b0a407e27471a8fe4e10c7848c	856	0		ui		unresolved-boundary	no-direct-marker-not-semantic-exhaustion
libqtdevices	c842636a63739a0105e18ee2c3de557bae168a67	c842636a63739a0105e18ee2c3de557bae168a67^	global.cpp	ae98e1c96fb750d55337dd81c047d41f1c1602a9	38	0		ui		unresolved-boundary	no-direct-marker-not-semantic-exhaustion
libqtdevices	c842636a63739a0105e18ee2c3de557bae168a67	c842636a63739a0105e18ee2c3de557bae168a67^	global.h	f5ef314f96024d5a7ed9a51714c650218d0c4d28	558	0		ui		unresolved-boundary	no-direct-marker-not-semantic-exhaustion
libqtdevices	04db868dd8e62824aff3cef8f4b2527489856800	04db868dd8e62824aff3cef8f4b2527489856800^	xmlconfhandler.cpp	a58e09a441f287c580a15a785fe2a36b375c81e3	25242	0		ui		reviewed-configuration-terminal-variant	configuration-state-and-conversion-review
libqtdevices	04db868dd8e62824aff3cef8f4b2527489856800	04db868dd8e62824aff3cef8f4b2527489856800^	xmlconfhandler.h	2f99afd67248467b7ff5381e7fc47ddb3eecdc2a	5021	0		ui		unresolved-boundary	no-direct-marker-not-semantic-exhaustion
libqtdevices	82d05b0b7b205ce3264b3045179e884ca46f69f8	82d05b0b7b205ce3264b3045179e884ca46f69f8^	btwidget.cpp	19c63c22fd9f3ac154f61f5a65e2f4b577d55e9c	81	0		ui		unresolved-boundary	no-direct-marker-not-semantic-exhaustion
libqtdevices	d6545891d05062f0f9738992b8fe590e9de18144	d6545891d05062f0f9738992b8fe590e9de18144^	bannsettings.cpp	b52e07fa8e6f27a28db8f382e859604098657cec	2407	0		ui		unresolved-boundary	no-direct-marker-not-semantic-exhaustion
libqtdevices	d6545891d05062f0f9738992b8fe590e9de18144	d6545891d05062f0f9738992b8fe590e9de18144^	bannsettings.h	032ab01aed7d2fa6c7d777b63960246c2b4f44f4	2456	0		ui		unresolved-boundary	no-direct-marker-not-semantic-exhaustion
libqtdevices	acac311a10095b09f1beaab3ccf13eb6a0b0efa2	acac311a10095b09f1beaab3ccf13eb6a0b0efa2^	videocitof.cpp	b5b50b27c0f3798c5504556bcad667932209290d	6960	0		ui		reviewed-indirect-terminal-variant	delegated-api-and-state-review
libqtdevices	acac311a10095b09f1beaab3ccf13eb6a0b0efa2	acac311a10095b09f1beaab3ccf13eb6a0b0efa2^	videocitof.h	a3cebaf08a1640b0ee1762780c18da17632ee398	2764	0		ui		reviewed-indirect-terminal-variant	delegated-api-and-state-review
libqtdevices	f51bed1937c5273b9cc2333611126425aeb9415c	f51bed1937c5273b9cc2333611126425aeb9415c^	dimmers.cpp	84adeb1f196788ac7783ef48699d74eecacabdd7	11356	1		lighting	functional/who-1-lighting/what.md	reviewed-terminal-variant	historical-findings-table
libqtdevices	f51bed1937c5273b9cc2333611126425aeb9415c	f51bed1937c5273b9cc2333611126425aeb9415c^	dimmers.h	844222a245e621a5420bdaa9c0334d0a2ceb5658	3143	1		lighting	functional/who-1-lighting/what.md	reviewed-terminal-variant	historical-findings-table
libqtdevices	fb6a220b6c5ab212a7376872a10de25b9e52446e	fb6a220b6c5ab212a7376872a10de25b9e52446e^	automatismi.cpp	f7badf75070f69815d8f1c374e716c3ed5687bb8	2369	1		automation	functional/who-2-automation/README.md	reviewed-terminal-variant	historical-findings-table
libqtdevices	fb6a220b6c5ab212a7376872a10de25b9e52446e	fb6a220b6c5ab212a7376872a10de25b9e52446e^	automatismi.h	784287f577eb928fe3e0ff5f703724eb137c52d1	1561	0		automation	functional/who-2-automation/README.md	unresolved-boundary	no-direct-marker-not-semantic-exhaustion
libqtdevices	e6429b95fb5722fcabce750514a0c0da3e094596	e6429b95fb5722fcabce750514a0c0da3e094596^	cfg/conf.multi.labeled.xml	b2729ea6dd09931474dd55a794ade27289f29714	4216	0		ui		unresolved-boundary	no-direct-marker-not-semantic-exhaustion
libqtdevices	e6429b95fb5722fcabce750514a0c0da3e094596	e6429b95fb5722fcabce750514a0c0da3e094596^	cfg/conf.multi.xml	55db37ef8ead3f702e238ec9ad88595f3753dd01	3351	0		ui		unresolved-boundary	no-direct-marker-not-semantic-exhaustion
libqtdevices	e6429b95fb5722fcabce750514a0c0da3e094596	e6429b95fb5722fcabce750514a0c0da3e094596^	cfg/conf.pulizia_schermo.xml	766ad37a137bf0c6004cc0e91a16b450a67b951e	4301	0		ui		unresolved-boundary	no-direct-marker-not-semantic-exhaustion
libqtdevices	e6429b95fb5722fcabce750514a0c0da3e094596	e6429b95fb5722fcabce750514a0c0da3e094596^	cfg/conf.termo2.xml	8b9d086ffd473c84db5adf6732be9faa2bf68463	74521	1		ui		reviewed-terminal-variant	historical-findings-table
libqtdevices	e6429b95fb5722fcabce750514a0c0da3e094596	e6429b95fb5722fcabce750514a0c0da3e094596^	cfg/termo/conf-4z-mista.xml	a5dbc1afefdbed3adb3d0695794851c2dcf800e6	4621	0		ui		unresolved-boundary	no-direct-marker-not-semantic-exhaustion
libqtdevices	e6429b95fb5722fcabce750514a0c0da3e094596	e6429b95fb5722fcabce750514a0c0da3e094596^	cfg/termo/conf-4z.xml	8e723c3c90ccc4567b2f77a3512f583df88f3f5e	3694	0		ui		unresolved-boundary	no-direct-marker-not-semantic-exhaustion
libqtdevices	e6429b95fb5722fcabce750514a0c0da3e094596	e6429b95fb5722fcabce750514a0c0da3e094596^	cfg/termo/conf-99z-mista.xml	85f169da6d3426baf01af9f849c92df43641ae7f	4017	0		ui		unresolved-boundary	no-direct-marker-not-semantic-exhaustion
libqtdevices	e6429b95fb5722fcabce750514a0c0da3e094596	e6429b95fb5722fcabce750514a0c0da3e094596^	cfg/termo/conf-99z.xml	e9d09dc2d8c6fba7f7b01f24e19caaaeb13c5f49	3090	0		ui		unresolved-boundary	no-direct-marker-not-semantic-exhaustion
libqtdevices	e6429b95fb5722fcabce750514a0c0da3e094596	e6429b95fb5722fcabce750514a0c0da3e094596^	cfg/termo/conf-sonde-esterne.xml	01ddd1f4816b58f8b2d827df998596e8869acd3c	3707	0		ui		unresolved-boundary	no-direct-marker-not-semantic-exhaustion
libqtdevices	e6429b95fb5722fcabce750514a0c0da3e094596	e6429b95fb5722fcabce750514a0c0da3e094596^	cfg/termo/conf-zone-non-controllate.xml	83090ad159359d6f95923af7cd08894ac2d52fe8	3109	0		ui		unresolved-boundary	no-direct-marker-not-semantic-exhaustion
libqtdevices	f1acfe669ada95b051ad30cc4efee57afbaf016c	f1acfe669ada95b051ad30cc4efee57afbaf016c^	xmlvarihandler.cpp	f6a4890b173333daede136917fbe7b4beb0cb108	1934	0		ui		reviewed-configuration-terminal-variant	configuration-state-and-conversion-review
libqtdevices	f1acfe669ada95b051ad30cc4efee57afbaf016c	f1acfe669ada95b051ad30cc4efee57afbaf016c^	xmlvarihandler.h	acc1c65ea283a5f4038a1fc4dcb3817e5708c088	1243	0		ui		unresolved-boundary	no-direct-marker-not-semantic-exhaustion
libqtdevices	c4ad7e39f77f9a302460b92be603f0293d2d88f9	c4ad7e39f77f9a302460b92be603f0293d2d88f9^	btlabel.cpp	91226a3d698da7bf6350767da0d093101612c997	125	0		ui		unresolved-boundary	no-direct-marker-not-semantic-exhaustion
libqtdevices	c4ad7e39f77f9a302460b92be603f0293d2d88f9	c4ad7e39f77f9a302460b92be603f0293d2d88f9^	btlabel.h	a067b0f287e5cdaa79416a8527f8adf1b3bbd99a	401	0		ui		unresolved-boundary	no-direct-marker-not-semantic-exhaustion
libqtdevices	c4ad7e39f77f9a302460b92be603f0293d2d88f9	c4ad7e39f77f9a302460b92be603f0293d2d88f9^	btstyle.cpp	027eda28b296c4bb233057d119cf571305265b5a	454	0		ui		unresolved-boundary	no-direct-marker-not-semantic-exhaustion
libqtdevices	c4ad7e39f77f9a302460b92be603f0293d2d88f9	c4ad7e39f77f9a302460b92be603f0293d2d88f9^	btstyle.h	6673255aa40425e6a474f4204f677377596abe48	895	0		ui		unresolved-boundary	no-direct-marker-not-semantic-exhaustion
libqtdevices	429007f302a8d55d40cfd1ec2b74b1b559bb6713	429007f302a8d55d40cfd1ec2b74b1b559bb6713^	cfg/diffson-aux+multimedia.xml	7a3fdbacf998c25eb6af99c131a274ad3b27ad50	3556	0		ui		unresolved-boundary	no-direct-marker-not-semantic-exhaustion
libqtdevices	429007f302a8d55d40cfd1ec2b74b1b559bb6713	429007f302a8d55d40cfd1ec2b74b1b559bb6713^	cfg/font.xml	f1859996ac4d5b95903bf959f4d69d2456db503f	4534	0		ui		unresolved-boundary	no-direct-marker-not-semantic-exhaustion
libqtdevices	e7565b900e03a33eab9f4f8f3b5bf97b6205b0ca	e7565b900e03a33eab9f4f8f3b5bf97b6205b0ca^	btlabelevo.h	9a51bafa33b16efc54cb0058b7aaf076bebea36d	345	0		ui		unresolved-boundary	no-direct-marker-not-semantic-exhaustion
libqtdevices	aee648a076ff73e26adeccc90db18baef11a1bf8	aee648a076ff73e26adeccc90db18baef11a1bf8^	bannTermo.cpp	7c1cf335e4aaa7ffb271835e08d04678aa963043	5710	0		hvac	functional/who-4-temperature-control/dimensions.md	reviewed-configuration-terminal-variant	configuration-state-and-conversion-review
libqtdevices	aee648a076ff73e26adeccc90db18baef11a1bf8	aee648a076ff73e26adeccc90db18baef11a1bf8^	banntermo.h	23242be54ad03dabb2e97ee62f830f5e0cf90a07	1699	0		hvac	functional/who-4-temperature-control/dimensions.md	unresolved-boundary	no-direct-marker-not-semantic-exhaustion
libqtdevices	df386463d8ef7bc78826002438c43d79a4b83f17	df386463d8ef7bc78826002438c43d79a4b83f17^	bannTermo.cpp	7c1cf335e4aaa7ffb271835e08d04678aa963043	5710	0		hvac	functional/who-4-temperature-control/dimensions.md	reviewed-configuration-terminal-variant	configuration-state-and-conversion-review
libqtdevices	df386463d8ef7bc78826002438c43d79a4b83f17	df386463d8ef7bc78826002438c43d79a4b83f17^	banntermo.h	23242be54ad03dabb2e97ee62f830f5e0cf90a07	1699	0		hvac	functional/who-4-temperature-control/dimensions.md	unresolved-boundary	no-direct-marker-not-semantic-exhaustion
libqtdevices	c9eb51cd375342609af299a0f91a487eb8b04c29	c9eb51cd375342609af299a0f91a487eb8b04c29^	BtLabel.cpp	50a06fe5d9db8d9e3ae9f67df9e12f426c45a074	17225	0		ui		unresolved-boundary	no-direct-marker-not-semantic-exhaustion
libqtdevices	66e4936918ec44bebe6b24359a49841191009ea4	66e4936918ec44bebe6b24359a49841191009ea4^	items.cpp	35a0412cdf643b9b7826b27c5ff2355a94e6d436	148085	1		ui		reviewed-terminal-variant	historical-findings-table
libqtdevices	66e4936918ec44bebe6b24359a49841191009ea4	66e4936918ec44bebe6b24359a49841191009ea4^	items.h	c676e7f33b1a2ec45a55e7b357e7c0bd2953031e	34593	0		ui		reviewed-indirect-terminal-variant	delegated-api-and-state-review
libqtdevices	66e4936918ec44bebe6b24359a49841191009ea4	66e4936918ec44bebe6b24359a49841191009ea4^	propertymap.h	d6d9ee386c6c7ffd73e3eaea2b8f7ef42f2ee28a	9856	0		ui		unresolved-boundary	no-direct-marker-not-semantic-exhaustion
libqtdevices	66e4936918ec44bebe6b24359a49841191009ea4	66e4936918ec44bebe6b24359a49841191009ea4^	propertymap_xml.cpp	ef19267eea7d812bc048acf1895b11755be19f0a	2817	0		ui		reviewed-configuration-terminal-variant	configuration-state-and-conversion-review
libqtdevices	66e4936918ec44bebe6b24359a49841191009ea4	66e4936918ec44bebe6b24359a49841191009ea4^	propertymap_xml.h	240d3f590200ad9e54893a0526a04fdefde17036	2334	0		ui		unresolved-boundary	no-direct-marker-not-semantic-exhaustion
libqtdevices	66e4936918ec44bebe6b24359a49841191009ea4	66e4936918ec44bebe6b24359a49841191009ea4^	termoregolaz.cpp	625919a3cc1bdf7dd120febd186f06ceed63b610	2180	0		hvac	functional/who-4-temperature-control/dimensions.md	reviewed-configuration-terminal-variant	configuration-state-and-conversion-review
libqtdevices	66e4936918ec44bebe6b24359a49841191009ea4	66e4936918ec44bebe6b24359a49841191009ea4^	termoregolaz.h	6cd0e33e5bd771de107b9ffb2c5bb33d0b4cd791	1499	0		hvac	functional/who-4-temperature-control/dimensions.md	unresolved-boundary	no-direct-marker-not-semantic-exhaustion
libqtdevices	c9cbaee4c04f6258a2f5b6fd2861928eaeb58a54	c9cbaee4c04f6258a2f5b6fd2861928eaeb58a54^	propertymap.h	ad1f6af1adedc5d2dba0e5ce7377261d4d5de9eb	9857	0		ui		unresolved-boundary	no-direct-marker-not-semantic-exhaustion
libqtdevices	c9cbaee4c04f6258a2f5b6fd2861928eaeb58a54	c9cbaee4c04f6258a2f5b6fd2861928eaeb58a54^	propertymap_xml.cpp	98c23287944a2ffb6d96dd24ae8983f6cc7c3a59	2799	0		ui		reviewed-configuration-terminal-variant	configuration-state-and-conversion-review
libqtdevices	c9cbaee4c04f6258a2f5b6fd2861928eaeb58a54	c9cbaee4c04f6258a2f5b6fd2861928eaeb58a54^	propertymap_xml.h	240d3f590200ad9e54893a0526a04fdefde17036	2334	0		ui		unresolved-boundary	no-direct-marker-not-semantic-exhaustion
libqtdevices	49c3189c993e2ba42b94f5f1fd8c0c0d1ae57f16	49c3189c993e2ba42b94f5f1fd8c0c0d1ae57f16^	weeklymenu.cpp	8c0be4bebddf46fe0521ef049a896815e96004e3	5576	0		ui		reviewed-indirect-terminal-variant	delegated-api-and-state-review
libqtdevices	49c3189c993e2ba42b94f5f1fd8c0c0d1ae57f16	49c3189c993e2ba42b94f5f1fd8c0c0d1ae57f16^	weeklymenu.h	72803097064a7fedcc24b03fbfcb6835cde46300	2164	0		ui		reviewed-indirect-terminal-variant	delegated-api-and-state-review
libqtdevices	0c2d82885c9af3f64691f53d060b750dc3ed912b	0c2d82885c9af3f64691f53d060b750dc3ed912b^	termopage.cpp	ec0969c18bf630c1c12370b0d8a6e13d8e3a83d4	14075	1		hvac	functional/who-4-temperature-control/dimensions.md	reviewed-terminal-variant	historical-findings-table
libqtdevices	0c2d82885c9af3f64691f53d060b750dc3ed912b	0c2d82885c9af3f64691f53d060b750dc3ed912b^	termopage.h	e4edca4c503b0a15b60406105e8c79ea0a628b1e	1762	0		hvac	functional/who-4-temperature-control/dimensions.md	reviewed-indirect-terminal-variant	delegated-api-and-state-review
libqtdevices	0c2d82885c9af3f64691f53d060b750dc3ed912b	0c2d82885c9af3f64691f53d060b750dc3ed912b^	termoregolaz.cpp	9f4bf5aea5af4cf241197e5c67ad9f4db5a2ed89	2204	0		hvac	functional/who-4-temperature-control/dimensions.md	reviewed-configuration-terminal-variant	configuration-state-and-conversion-review
libqtdevices	0c2d82885c9af3f64691f53d060b750dc3ed912b	0c2d82885c9af3f64691f53d060b750dc3ed912b^	termoregolaz.h	fed4d0a637aa88c9d2f1a0385726c482fb28067c	1462	0		hvac	functional/who-4-temperature-control/dimensions.md	unresolved-boundary	no-direct-marker-not-semantic-exhaustion
libqtdevices	cea3b6582b847656c2ac9f8f4178f4fbdd896795	cea3b6582b847656c2ac9f8f4178f4fbdd896795^	holidaymenu.cpp	92c0dde9499a891744b9b55287158a2e830f8c9f	573	0		ui		unresolved-boundary	no-direct-marker-not-semantic-exhaustion
libqtdevices	cea3b6582b847656c2ac9f8f4178f4fbdd896795	cea3b6582b847656c2ac9f8f4178f4fbdd896795^	holidaymenu.h	eb3b9f06994f2845839ff3509d6fcfcb58d3fb09	493	0		ui		unresolved-boundary	no-direct-marker-not-semantic-exhaustion
libqtdevices	1ce9d857c8e35b38696f447fd35b8b4261783896	1ce9d857c8e35b38696f447fd35b8b4261783896^	bannextprobe.cpp	216858c5fc6189edf7f247b4c2c40f7cf5ccd2fd	571	0		hvac	functional/who-4-temperature-control/dimensions.md	reviewed-indirect-terminal-variant	delegated-api-and-state-review
libqtdevices	1ce9d857c8e35b38696f447fd35b8b4261783896	1ce9d857c8e35b38696f447fd35b8b4261783896^	bannextprobe.h	1d5aa6c5fa584935b21d3f6a4bcb50d93d045481	455	0		hvac	functional/who-4-temperature-control/dimensions.md	unresolved-boundary	no-direct-marker-not-semantic-exhaustion
libqtdevices	1ce9d857c8e35b38696f447fd35b8b4261783896	1ce9d857c8e35b38696f447fd35b8b4261783896^	bannsingleprobe.cpp	5287f2dcdd838165606c09ee1488be01fcd3ba36	681	0		hvac	functional/who-4-temperature-control/dimensions.md	reviewed-indirect-terminal-variant	delegated-api-and-state-review
libqtdevices	1ce9d857c8e35b38696f447fd35b8b4261783896	1ce9d857c8e35b38696f447fd35b8b4261783896^	bannsingleprobe.h	90ab4b5e5682c67047fddaddefbb399a54073b1a	470	0		hvac	functional/who-4-temperature-control/dimensions.md	unresolved-boundary	no-direct-marker-not-semantic-exhaustion
libqtdevices	b88ef926251e4cb751add1832b7b63084cb23f4f	b88ef926251e4cb751add1832b7b63084cb23f4f^	items.cpp	da34fc6991917ba82a1d90a9f560ab9cff4ffc24	148552	1		ui		reviewed-terminal-variant	historical-findings-table
libqtdevices	b88ef926251e4cb751add1832b7b63084cb23f4f	b88ef926251e4cb751add1832b7b63084cb23f4f^	items.h	25e9215603dd8e68fd2729448805d07aa4ac96e8	34374	0		ui		reviewed-indirect-terminal-variant	delegated-api-and-state-review
libqtcommon	adbbe8b7fa1f4965db9b40dea959d1ca2dc057a9	adbbe8b7fa1f4965db9b40dea959d1ca2dc057a9^	scenevodevicesconddisplay.cpp	2b1aa4b2865ddc4b98bf83c283e2815a99f12ce6	4184	0		predicates	scenario-engine/execution-model.md	unresolved-boundary	no-direct-marker-not-semantic-exhaustion
libqtcommon	adbbe8b7fa1f4965db9b40dea959d1ca2dc057a9	adbbe8b7fa1f4965db9b40dea959d1ca2dc057a9^	scenevodevicesconddisplay.h	47e442070b24711156bd334b4ef43d41f9d1b0c4	3451	0		predicates	scenario-engine/execution-model.md	unresolved-boundary	no-direct-marker-not-semantic-exhaustion
libqtcommon	a8411024afb3be494ca5dffe9bc79caa7341ced3	a8411024afb3be494ca5dffe9bc79caa7341ced3^	test/device_tester.cpp	12d793f811569f2b704c80a0c962d9708aa68b2d	1741	1		frames	protocol/stream-parsing.md	reviewed-terminal-variant	historical-findings-table
libqtcommon	a8411024afb3be494ca5dffe9bc79caa7341ced3	a8411024afb3be494ca5dffe9bc79caa7341ced3^	test/device_tester.h	e6d36068653af18933acab8925f3382c1f7d01cd	1449	1		frames	protocol/stream-parsing.md	reviewed-terminal-variant	historical-findings-table
libqtcommon	a8411024afb3be494ca5dffe9bc79caa7341ced3	a8411024afb3be494ca5dffe9bc79caa7341ced3^	test/openserver_mock.cpp	2d09860811835af31b0ea4707d05aadb1e4035d4	2315	0		ui		reviewed-indirect-terminal-variant	delegated-api-and-state-review
libqtcommon	a8411024afb3be494ca5dffe9bc79caa7341ced3	a8411024afb3be494ca5dffe9bc79caa7341ced3^	test/openserver_mock.h	44876cee7995b9fceb616f70becf4fd18f1ed026	697	0		ui		unresolved-boundary	no-direct-marker-not-semantic-exhaustion
libqtcommon	a8411024afb3be494ca5dffe9bc79caa7341ced3	a8411024afb3be494ca5dffe9bc79caa7341ced3^	test/test_air_conditioning_device.cpp	89ddb84f0c00a93f8b24e4e8dcdb22919ad473ea	2842	1		hvac	functional/who-4-temperature-control/dimensions.md	reviewed-terminal-variant	historical-findings-table
libqtcommon	a8411024afb3be494ca5dffe9bc79caa7341ced3	a8411024afb3be494ca5dffe9bc79caa7341ced3^	test/test_air_conditioning_device.h	d9d2849ac7f5773a5c0236cd5fa1b89f12c72f06	820	1		hvac	functional/who-4-temperature-control/dimensions.md	reviewed-terminal-variant	historical-findings-table
libqtcommon	a8411024afb3be494ca5dffe9bc79caa7341ced3	a8411024afb3be494ca5dffe9bc79caa7341ced3^	test/test_alarmsounddiff_device.cpp	c420b94ff664a917447d81c7deb43e9c8b0c6abe	2868	1		audio	functional/who-22-sound-diffusion/README.md	reviewed-terminal-variant	historical-findings-table
libqtcommon	a8411024afb3be494ca5dffe9bc79caa7341ced3	a8411024afb3be494ca5dffe9bc79caa7341ced3^	test/test_alarmsounddiff_device.h	f1bd2f69b0faf296c4f3dafd110df4981eede895	628	0		audio	functional/who-22-sound-diffusion/README.md	unresolved-boundary	no-direct-marker-not-semantic-exhaustion
libqtcommon	a8411024afb3be494ca5dffe9bc79caa7341ced3	a8411024afb3be494ca5dffe9bc79caa7341ced3^	test/test_automation_device.cpp	d67fa7e1678970604aaad6c57a3dadf9de4ad264	2060	1		automation	functional/who-2-automation/README.md	reviewed-terminal-variant	historical-findings-table
libqtcommon	a8411024afb3be494ca5dffe9bc79caa7341ced3	a8411024afb3be494ca5dffe9bc79caa7341ced3^	test/test_automation_device.h	452e6442177f866260635567985ba76db774b9b9	778	1		automation	functional/who-2-automation/README.md	reviewed-terminal-variant	historical-findings-table
libqtcommon	a8411024afb3be494ca5dffe9bc79caa7341ced3	a8411024afb3be494ca5dffe9bc79caa7341ced3^	test/test_checkaddress.cpp	3f9c1bd27494d81174cc169012e93cedf6431957	2488	0		routing	protocol/addressing.md	reviewed-indirect-terminal-variant	delegated-api-and-state-review
libqtcommon	a8411024afb3be494ca5dffe9bc79caa7341ced3	a8411024afb3be494ca5dffe9bc79caa7341ced3^	test/test_checkaddress.h	97bd7178411e867c8cfa61f01980bc562713ad3f	572	0		routing	protocol/addressing.md	reviewed-indirect-terminal-variant	delegated-api-and-state-review
libqtcommon	a8411024afb3be494ca5dffe9bc79caa7341ced3	a8411024afb3be494ca5dffe9bc79caa7341ced3^	test/test_device.cpp	531df87c3216827dfc04da3b4ab5d29f955d56a4	908	0		queues	protocol/acknowledgements.md	unresolved-boundary	no-direct-marker-not-semantic-exhaustion
libqtcommon	a8411024afb3be494ca5dffe9bc79caa7341ced3	a8411024afb3be494ca5dffe9bc79caa7341ced3^	test/test_device.h	ed0a819377695feb8623e479444887abc6c097b6	763	0		queues	protocol/acknowledgements.md	unresolved-boundary	no-direct-marker-not-semantic-exhaustion
libqtcommon	a8411024afb3be494ca5dffe9bc79caa7341ced3	a8411024afb3be494ca5dffe9bc79caa7341ced3^	test/test_energy_device.cpp	e55358a0612a7e5ad50644bf5a5c39d1268cdea3	13491	1		energy	functional/who-18-energy-management/dimensions.md	reviewed-terminal-variant	historical-findings-table
libqtcommon	a8411024afb3be494ca5dffe9bc79caa7341ced3	a8411024afb3be494ca5dffe9bc79caa7341ced3^	test/test_energy_device.h	8560ac81e86f849735ba3708e051773b58c8935a	1251	1		energy	functional/who-18-energy-management/dimensions.md	reviewed-terminal-variant	historical-findings-table
libqtcommon	a8411024afb3be494ca5dffe9bc79caa7341ced3	a8411024afb3be494ca5dffe9bc79caa7341ced3^	test/test_entryphone_device.cpp	5da461fcb0a48298abfe1824c6a92923285bb630	8384	1		vde	functional/who-8-video-door-entry-telephony/README.md	reviewed-terminal-variant	historical-findings-table
libqtcommon	a8411024afb3be494ca5dffe9bc79caa7341ced3	a8411024afb3be494ca5dffe9bc79caa7341ced3^	test/test_entryphone_device.h	7648abb3331af7f757e536cbfa11b55e5f4973bb	1188	0		vde	functional/who-8-video-door-entry-telephony/README.md	reviewed-indirect-terminal-variant	delegated-api-and-state-review
libqtcommon	a8411024afb3be494ca5dffe9bc79caa7341ced3	a8411024afb3be494ca5dffe9bc79caa7341ced3^	test/test_lighting_device.cpp	12b19bead11cb9039f0c4edfbc6ae21934741479	8134	1		lighting	functional/who-1-lighting/what.md	reviewed-terminal-variant	historical-findings-table
libqtcommon	a8411024afb3be494ca5dffe9bc79caa7341ced3	a8411024afb3be494ca5dffe9bc79caa7341ced3^	test/test_lighting_device.h	20a5336042de14ea9c266659580dafc9503f3d66	2072	1		lighting	functional/who-1-lighting/what.md	reviewed-terminal-variant	historical-findings-table
libqtcommon	a8411024afb3be494ca5dffe9bc79caa7341ced3	a8411024afb3be494ca5dffe9bc79caa7341ced3^	test/test_main.cpp	d2c22c89140e35bad7e7557bffa14f96f59b6408	3372	0		ui		reviewed-indirect-terminal-variant	delegated-api-and-state-review
libqtcommon	a8411024afb3be494ca5dffe9bc79caa7341ced3	a8411024afb3be494ca5dffe9bc79caa7341ced3^	test/test_platform_device.cpp	48c986443e4dd56ef75b9f5b10f48eb554ea6b84	2043	1		platform	functional/who-13-integration-gateway/dimensions.md	reviewed-terminal-variant	historical-findings-table
libqtcommon	a8411024afb3be494ca5dffe9bc79caa7341ced3	a8411024afb3be494ca5dffe9bc79caa7341ced3^	test/test_platform_device.h	55d4b839519cfd11066bafaa9cb6d8823ad632f6	547	0		platform	functional/who-13-integration-gateway/dimensions.md	unresolved-boundary	no-direct-marker-not-semantic-exhaustion
libqtcommon	a8411024afb3be494ca5dffe9bc79caa7341ced3	a8411024afb3be494ca5dffe9bc79caa7341ced3^	test/test_poweramplifier_device.cpp	73dc201247ec1e6859c7de25dbcf0e7af1aa0cd1	6890	1		audio	functional/who-22-sound-diffusion/README.md	reviewed-terminal-variant	historical-findings-table
libqtcommon	a8411024afb3be494ca5dffe9bc79caa7341ced3	a8411024afb3be494ca5dffe9bc79caa7341ced3^	test/test_poweramplifier_device.h	f5a256c201fbce69cee4cfca72ae4abbc64fbe4b	901	1		audio	functional/who-22-sound-diffusion/README.md	reviewed-terminal-variant	historical-findings-table
libqtcommon	a8411024afb3be494ca5dffe9bc79caa7341ced3	a8411024afb3be494ca5dffe9bc79caa7341ced3^	test/test_probe_device.cpp	d64951150c2058217d79fdd6d5c74632c3efecb6	5437	1		hvac	functional/who-4-temperature-control/dimensions.md	reviewed-terminal-variant	historical-findings-table
libqtcommon	a8411024afb3be494ca5dffe9bc79caa7341ced3	a8411024afb3be494ca5dffe9bc79caa7341ced3^	test/test_probe_device.h	be7f7e89fab5d64e3472bb023e50049ab606c12b	1233	1		hvac	functional/who-4-temperature-control/dimensions.md	reviewed-terminal-variant	historical-findings-table
libqtcommon	a8411024afb3be494ca5dffe9bc79caa7341ced3	a8411024afb3be494ca5dffe9bc79caa7341ced3^	test/test_pull_manager.cpp	ebbe1b9bdd087477201d0931e6576daf719f15cf	4112	1		queues	protocol/acknowledgements.md	reviewed-terminal-variant	historical-findings-table
libqtcommon	a8411024afb3be494ca5dffe9bc79caa7341ced3	a8411024afb3be494ca5dffe9bc79caa7341ced3^	test/test_pull_manager.h	1841c86e669104514621c9a9e42ce2360c5cfd40	484	0		queues	protocol/acknowledgements.md	unresolved-boundary	no-direct-marker-not-semantic-exhaustion
libqtcommon	a8411024afb3be494ca5dffe9bc79caa7341ced3	a8411024afb3be494ca5dffe9bc79caa7341ced3^	test/test_scenario_device.cpp	00c04ac961abcee41fb8fd61c9de84b18670041a	3679	1		scenario	functional/who-0-scenarios/README.md	reviewed-terminal-variant	historical-findings-table
libqtcommon	a8411024afb3be494ca5dffe9bc79caa7341ced3	a8411024afb3be494ca5dffe9bc79caa7341ced3^	test/test_scenario_device.h	42de328194f114cad326e8e2461ff2090668a1fc	770	1		scenario	functional/who-0-scenarios/README.md	reviewed-terminal-variant	historical-findings-table
libqtcommon	a8411024afb3be494ca5dffe9bc79caa7341ced3	a8411024afb3be494ca5dffe9bc79caa7341ced3^	test/test_thermal_device.cpp	266c60343183fb0150811c7de04b3cbdc7d20207	8663	1		hvac	functional/who-4-temperature-control/dimensions.md	reviewed-terminal-variant	historical-findings-table
libqtcommon	a8411024afb3be494ca5dffe9bc79caa7341ced3	a8411024afb3be494ca5dffe9bc79caa7341ced3^	test/test_thermal_device.h	7f8caf67db49ee5a9a293966a51af6af7523d734	1837	0		hvac	functional/who-4-temperature-control/dimensions.md	unresolved-boundary	no-direct-marker-not-semantic-exhaustion
libqtcommon	f2ffcec92f45445cce27016022915e8b5cfd779b	f2ffcec92f45445cce27016022915e8b5cfd779b^	test/test_dev_automation.cpp	744ef25637736b3f50c40b6b0f3e9bb379926244	882	1		automation	functional/who-2-automation/README.md	reviewed-terminal-variant	historical-findings-table
libqtcommon	f2ffcec92f45445cce27016022915e8b5cfd779b	f2ffcec92f45445cce27016022915e8b5cfd779b^	test/test_dev_automation.h	04285c03919811734a71a8c5d63e69708ad83140	381	1		automation	functional/who-2-automation/README.md	reviewed-terminal-variant	historical-findings-table
libqtcommon	1f8ff9e4fa02f13525389a312a18380fb9ec3095	1f8ff9e4fa02f13525389a312a18380fb9ec3095^	test/test_dev_automation.cpp	222a859535353b42587a06d2c06308bf82d9c2b3	880	1		automation	functional/who-2-automation/README.md	reviewed-terminal-variant	historical-findings-table
libqtcommon	1f8ff9e4fa02f13525389a312a18380fb9ec3095	1f8ff9e4fa02f13525389a312a18380fb9ec3095^	test/test_dev_automation.h	04285c03919811734a71a8c5d63e69708ad83140	381	1		automation	functional/who-2-automation/README.md	reviewed-terminal-variant	historical-findings-table
libqtcommon	f0c7f600e63135712c77ab3baa47180554407400	f0c7f600e63135712c77ab3baa47180554407400^	test/test_landevice.cpp	cd1cd27408a8d046593d747226e867673bcc8d4f	1206	1		platform	functional/who-13-integration-gateway/dimensions.md	reviewed-terminal-variant	historical-findings-table
BtExperience	d294f03fedf47152b294cd1912d78bb52f6e8ee2	d294f03fedf47152b294cd1912d78bb52f6e8ee2^	gui/skins/default/js/CustomView.js	9bfedb2107b9d1bf74e5a6e17d90df80235ac144	50	0	BtExperience:gui/skins/default/js/CustomView.js	ui		corroborates	exact-pinned-blob
BtExperience	aced4307956ef20065e230da352ad7308f310398	aced4307956ef20065e230da352ad7308f310398^	gui/skins/default/Components/Settings/SettingsHelpIcon.qml	83d95f983f5ffa7625123011fc9242d3d84f5556	320	0		ui		unresolved-boundary	no-direct-marker-not-semantic-exhaustion
BtExperience	887a257fb3c83947a671dc843cddb098f9d55f0a	887a257fb3c83947a671dc843cddb098f9d55f0a^	archive (copy).xml	634ffdefb207276fd07174f05c8863bf74faebc4	15501	1		ui		reviewed-terminal-variant	historical-findings-table
BtExperience	887a257fb3c83947a671dc843cddb098f9d55f0a	887a257fb3c83947a671dc843cddb098f9d55f0a^	conf (copy).xml	ac2f10683cf3275aa1e8b39644f7c7339a2cb914	2032	0	BtExperience:conf/air.conditioning/conf.xml;BtExperience:conf/antintrusione/conf.xml;BtExperience:conf/automazione/conf.xml;BtExperience:conf/energymanagement/conf.xml;BtExperience:conf/illuminazione/conf.xml;BtExperience:conf/messages/conf.xml;BtExperience:conf/scenarios/conf.xml;BtExperience:conf/termo.4z/conf.xml;BtExperience:conf/termo.99z/conf.xml;BtExperience:conf/vde/conf.xml	ui		corroborates	exact-pinned-blob
BtExperience	887a257fb3c83947a671dc843cddb098f9d55f0a	887a257fb3c83947a671dc843cddb098f9d55f0a^	layout (copy).xml	0ee999c279cd49dea07f8ae2fdf53e546a87431a	6652	0		ui		unresolved-boundary	no-direct-marker-not-semantic-exhaustion
BtExperience	887a257fb3c83947a671dc843cddb098f9d55f0a	887a257fb3c83947a671dc843cddb098f9d55f0a^	settings (copy).xml	7981cca4d4e6b445832669d8bd2c26e8b1419675	4424	0		ui		unresolved-boundary	no-direct-marker-not-semantic-exhaustion
BtExperience	d761cd26f48cdffd9f6eb4d95be5d29c414e3c40	d761cd26f48cdffd9f6eb4d95be5d29c414e3c40^	BtObjects/hardware.cpp	7faf7fe851732ddf43d60977d9f18c6e3e0f9906	1163	1		platform	functional/who-13-integration-gateway/dimensions.md	reviewed-terminal-variant	historical-findings-table
BtExperience	d761cd26f48cdffd9f6eb4d95be5d29c414e3c40	d761cd26f48cdffd9f6eb4d95be5d29c414e3c40^	BtObjects/hardware.h	c6719b5d4a5b6c5a4d57727bc01c54f78a1faf53	1610	1		platform	functional/who-13-integration-gateway/dimensions.md	reviewed-terminal-variant	historical-findings-table
BtExperience	9308aa278532582b9d94d45bd9ba27dd056d18f9	9308aa278532582b9d94d45bd9ba27dd056d18f9^	gui/skins/default/Components/Settings/Contrast.qml	a0932b84e210bfb343228e3ad8ed4a85fe6d62c5	413	0		ui		unresolved-boundary	no-direct-marker-not-semantic-exhaustion
BtExperience	f9497aa0a7ea5d9b89517a37472a18c5da32ad6f	f9497aa0a7ea5d9b89517a37472a18c5da32ad6f^	gui/skins/default/Components/RssReader/CategoryDelegate.qml	665428f8c04d7474a9844e03cf7d7ac7e4ba3d75	2874	0		ui		unresolved-boundary	no-direct-marker-not-semantic-exhaustion
BtExperience	07d858f826be9ae612e2d906202cdb4a6fc8fb5f	07d858f826be9ae612e2d906202cdb4a6fc8fb5f^	gui/skins/default/Components/Browser/Button.qml	12f00d22cdf2c35e3cc52ecad776998df2342b1b	562	0		ui		unresolved-boundary	no-direct-marker-not-semantic-exhaustion
BtExperience	4aa519fa3c84245bd0162b250072113685aebe1a	4aa519fa3c84245bd0162b250072113685aebe1a^	gui/skins/default/Components/ButtonBack.qml	11405522ec080ffb4ecaf930fcae50f9d24d63cd	708	0		ui		unresolved-boundary	no-direct-marker-not-semantic-exhaustion
BtExperience	4aa519fa3c84245bd0162b250072113685aebe1a	4aa519fa3c84245bd0162b250072113685aebe1a^	gui/skins/default/Components/ButtonMultimedia.qml	570ad36fe35451d915f5a53399b8a8aab7208680	728	0		ui		unresolved-boundary	no-direct-marker-not-semantic-exhaustion
BtExperience	4aa519fa3c84245bd0162b250072113685aebe1a	4aa519fa3c84245bd0162b250072113685aebe1a^	gui/skins/default/Components/ButtonRooms.qml	be298a92097706caef7857a94dad990bfe9014c5	708	0		ui		unresolved-boundary	no-direct-marker-not-semantic-exhaustion
BtExperience	4aa519fa3c84245bd0162b250072113685aebe1a	4aa519fa3c84245bd0162b250072113685aebe1a^	gui/skins/default/Components/ButtonSettings.qml	e7e0f4db4367931f00f6e8d1c821b4d5ced5567e	716	0		ui		unresolved-boundary	no-direct-marker-not-semantic-exhaustion
BtExperience	4aa519fa3c84245bd0162b250072113685aebe1a	4aa519fa3c84245bd0162b250072113685aebe1a^	gui/skins/default/Components/ButtonSystems.qml	3f3bb64e54ee29da15ad3f07990a0c8f7b8ddc87	714	0		ui		unresolved-boundary	no-direct-marker-not-semantic-exhaustion
BtExperience	6f8b7eb768e3133b00775b7c806fa9efdee6ee4b	6f8b7eb768e3133b00775b7c806fa9efdee6ee4b^	gui/skins/default/Components/ControlOnVDE.qml	c0622e19aa0e4c778500aec55e26df79a6eedcb9	1007	0		ui		unresolved-boundary	no-direct-marker-not-semantic-exhaustion
BtExperience	d73ba6bc8a4efe30fe1600736ed370f1f46c0169	d73ba6bc8a4efe30fe1600736ed370f1f46c0169^	gui/skins/default/MultimediaNames.qml	c092c8cd95e97858d1d59cbc8ca5f8c07ad1bfbf	470	0		ui		unresolved-boundary	no-direct-marker-not-semantic-exhaustion
BtExperience	d73ba6bc8a4efe30fe1600736ed370f1f46c0169	d73ba6bc8a4efe30fe1600736ed370f1f46c0169^	gui/skins/default/VideoDoorEntryNames.qml	d706f6029884a113f8b5aed0e60db4b326ad7a83	469	0		vde	functional/who-8-video-door-entry-telephony/README.md	unresolved-boundary	no-direct-marker-not-semantic-exhaustion
BtExperience	524d2c9dcb45ef32be17e5e98753e88a9c267918	524d2c9dcb45ef32be17e5e98753e88a9c267918^	gui/skins/default/Components/ControlChoices.qml	104b6d147b89537f5a7088cc2bb5681b5ce42ca9	980	0		ui		unresolved-boundary	no-direct-marker-not-semantic-exhaustion
BtExperience	524d2c9dcb45ef32be17e5e98753e88a9c267918	524d2c9dcb45ef32be17e5e98753e88a9c267918^	gui/skins/default/Components/ControlOnOffGroup.qml	d7f665c41924dc29194d6978908c41fef583efab	1571	0		ui		unresolved-boundary	no-direct-marker-not-semantic-exhaustion
BtExperience	3b3fe2b505c06d844283d684ad5224edf8466ea6	3b3fe2b505c06d844283d684ad5224edf8466ea6^	gui/skins/default/Components/Settings/DaylightSavingTime.qml	b0862d1a02fbff33d3e4a90117944c0cfa6e7dcb	872	0		ui		unresolved-boundary	no-direct-marker-not-semantic-exhaustion
BtExperience	3b3fe2b505c06d844283d684ad5224edf8466ea6	3b3fe2b505c06d844283d684ad5224edf8466ea6^	gui/skins/default/Components/Settings/Time.qml	752c0b2a9028a4435ea819ff708ca8986a84582c	2034	0		ui		unresolved-boundary	no-direct-marker-not-semantic-exhaustion
BtExperience	3b3fe2b505c06d844283d684ad5224edf8466ea6	3b3fe2b505c06d844283d684ad5224edf8466ea6^	gui/skins/default/Components/Settings/Timezone.qml	b6b1125dd19a05b29145b8a81411f1fcac17b620	994	0		ui		unresolved-boundary	no-direct-marker-not-semantic-exhaustion
BtExperience	b71673181bc4e8f92b17785d9e60ab5824279709	b71673181bc4e8f92b17785d9e60ab5824279709^	gui/skins/default/Components/Automation/ControlTiming.qml	c422f172565f65fb05f55da4e2ef26eee9d11f5a	3761	0		automation	functional/who-2-automation/README.md	unresolved-boundary	no-direct-marker-not-semantic-exhaustion
BtExperience	74525759fd0bc1e52a32244f0250385ebb93acd2	74525759fd0bc1e52a32244f0250385ebb93acd2^	gui/skins/default/Components/SoundDiffusion/SongBrowserDelegate.qml	f46fe01e8ea4819138809827edcf7e7126de4e9d	2666	0		audio	functional/who-22-sound-diffusion/README.md	unresolved-boundary	no-direct-marker-not-semantic-exhaustion
BtExperience	88dee15e2836ab1a1867332bf70a4ddb593f7ad5	88dee15e2836ab1a1867332bf70a4ddb593f7ad5^	gui/skins/default/Components/SoundDiffusion/DirectoryBrowser.qml	1428ea3cf26ff9d6a0c4e53793c21c296a2ac236	441	0		audio	functional/who-22-sound-diffusion/README.md	unresolved-boundary	no-direct-marker-not-semantic-exhaustion
BtExperience	88dee15e2836ab1a1867332bf70a4ddb593f7ad5	88dee15e2836ab1a1867332bf70a4ddb593f7ad5^	gui/skins/default/Components/SoundDiffusion/SongBrowser.qml	40428fb3b88bf6180bfc09727dbe6b798f5ff6ec	2081	0		audio	functional/who-22-sound-diffusion/README.md	unresolved-boundary	no-direct-marker-not-semantic-exhaustion
BtExperience	88dee15e2836ab1a1867332bf70a4ddb593f7ad5	88dee15e2836ab1a1867332bf70a4ddb593f7ad5^	gui/skins/default/Components/SoundDiffusion/UPnPBrowser.qml	84a10b814c55d3a40a27fb18aa04f1223bfdb7f6	441	0		audio	functional/who-22-sound-diffusion/README.md	unresolved-boundary	no-direct-marker-not-semantic-exhaustion
BtExperience	f95475cc67da958f0943b2230464a62e796a7692	f95475cc67da958f0943b2230464a62e796a7692^	gui/skins/default/Components/Settings/TransitionEffects.qml	39fcd42e5961c48ef46ca1027b3fcaa71a825d8b	735	0		ui		unresolved-boundary	no-direct-marker-not-semantic-exhaustion
BtExperience	f508b66d73a1d0c43d74c3dee51400e8470acf92	f508b66d73a1d0c43d74c3dee51400e8470acf92^	gui/skins/default/js/CardView.js	c8320a3786307a50ee5b5059bb86592210f553d8	1329	0		ui		unresolved-boundary	no-direct-marker-not-semantic-exhaustion
BtExperience	ab64f9a48351aef794d7fea2dfcb3845bfa053d7	ab64f9a48351aef794d7fea2dfcb3845bfa053d7^	gui/skins/default/Components/Control3LinesButton.qml	cb8b45a121353a058f775feaddb93d01a093e972	2122	0		ui		unresolved-boundary	no-direct-marker-not-semantic-exhaustion
BtExperience	5d078c7b551cd591b613bbd7652cee5f5e7f840a	5d078c7b551cd591b613bbd7652cee5f5e7f840a^	gui/skins/default/Components/ControlButton.qml	9e302a4883577f01ad6c8867ecb51ec56acb9ae9	561	0		ui		unresolved-boundary	no-direct-marker-not-semantic-exhaustion
BtExperience	5d078c7b551cd591b613bbd7652cee5f5e7f840a	5d078c7b551cd591b613bbd7652cee5f5e7f840a^	gui/skins/default/Components/ControlMinusPlusOld.qml	47e80da6d22bab5bad94bd1c86d898d8c0d94563	1990	0		ui		unresolved-boundary	no-direct-marker-not-semantic-exhaustion
BtExperience	5d078c7b551cd591b613bbd7652cee5f5e7f840a	5d078c7b551cd591b613bbd7652cee5f5e7f840a^	gui/skins/default/Components/ControlUpDown.qml	8c0760f85bb5126a7ae9ede2ee6338ed3c5d228e	2022	0		ui		unresolved-boundary	no-direct-marker-not-semantic-exhaustion
BtExperience	5d078c7b551cd591b613bbd7652cee5f5e7f840a	5d078c7b551cd591b613bbd7652cee5f5e7f840a^	gui/skins/default/Components/EnergyManagement/ControlUpDownReset.qml	778a20509e0b755b6d479f5ec9535a75c45ad776	2742	0		energy	functional/who-18-energy-management/dimensions.md	unresolved-boundary	no-direct-marker-not-semantic-exhaustion
BtExperience	5d078c7b551cd591b613bbd7652cee5f5e7f840a	5d078c7b551cd591b613bbd7652cee5f5e7f840a^	gui/skins/default/Components/EnergyManagement/DisableLoadPopup.qml	1fecc32b8e7795b09d6a919cd8e47fe6460a8c67	1348	0		energy	functional/who-18-energy-management/dimensions.md	unresolved-boundary	no-direct-marker-not-semantic-exhaustion
BtExperience	5d078c7b551cd591b613bbd7652cee5f5e7f840a	5d078c7b551cd591b613bbd7652cee5f5e7f840a^	gui/skins/default/Components/EnergyManagement/LoadDetail.qml	83de342385aefef6f3edc47614ff2e3d4dad398a	1863	0		energy	functional/who-18-energy-management/dimensions.md	unresolved-boundary	no-direct-marker-not-semantic-exhaustion
BtExperience	5d078c7b551cd591b613bbd7652cee5f5e7f840a	5d078c7b551cd591b613bbd7652cee5f5e7f840a^	gui/skins/default/Components/EnergyManagement/SelfTest.qml	0ae874d1489e7dbfe0307c98a3c39d0dd0ca99ee	437	0		energy	functional/who-18-energy-management/dimensions.md	unresolved-boundary	no-direct-marker-not-semantic-exhaustion
BtExperience	d17103785e0feaf48de85868b2aed160c226706e	d17103785e0feaf48de85868b2aed160c226706e^	gui/skins/default/Components/CardGridDelegate.qml	2f50f2ed9380ef5658cea43b05b7ba160bb45361	2251	0		ui		unresolved-boundary	no-direct-marker-not-semantic-exhaustion
BtExperience	d17103785e0feaf48de85868b2aed160c226706e	d17103785e0feaf48de85868b2aed160c226706e^	gui/skins/default/Components/CardGridView.qml	b4a53d0ded92fe70876d87f94738c5a85aa83bb3	3784	0		ui		unresolved-boundary	no-direct-marker-not-semantic-exhaustion
BtExperience	26b567db63f2265642918a002eaf027a86001fef	26b567db63f2265642918a002eaf027a86001fef^	gui/skins/default/Components/ButtonMediaControl.qml	e342bff969dc7c1cfeb5424a5c08046df2d036be	424	0		ui		unresolved-boundary	no-direct-marker-not-semantic-exhaustion
BtExperience	b447dbd80e796c84c2c576016c934177bd18005e	b447dbd80e796c84c2c576016c934177bd18005e^	gui/skins/default/ExternalBrowser.qml	615d834d791e02f5506a50f85827d9cfdae0916c	1378	0		ui		unresolved-boundary	no-direct-marker-not-semantic-exhaustion
BtExperience	24855dce3ad9b2e9e8f9117759a8cf2445ad00cf	24855dce3ad9b2e9e8f9117759a8cf2445ad00cf^	gui/skins/default/Components/Messages/MessageEdit.qml	d00236c6ccf306a6307887b3e103216346a09fd2	2553	0		messages	functional/who-25-transversal/README.md	unresolved-boundary	no-direct-marker-not-semantic-exhaustion
BtExperience	c4e532913a5afdb3a1afd8f13783f12d197c3841	c4e532913a5afdb3a1afd8f13783f12d197c3841^	gui/skins/default/Components/Browser/PopupBrowser.qml	98f3d54d1811c8c228fc80ce2a133cf717a3f578	1794	0		ui		unresolved-boundary	no-direct-marker-not-semantic-exhaustion
BtExperience	010e27add2910f2ed4c38262792e40e50d0b3227	010e27add2910f2ed4c38262792e40e50d0b3227^	gui/skins/default/Browser.qml	3f3ec43db2b715e9dcd45598833d9bb4d438f171	2870	0		ui		unresolved-boundary	no-direct-marker-not-semantic-exhaustion
BtExperience	9a78cd5818615d3705c59f4e98443fc2bba94c78	9a78cd5818615d3705c59f4e98443fc2bba94c78^	gui/skins/default/ExternalBrowser.qml	ef44587281f2657fb0650518a0825d2abecd427b	605	0		ui		unresolved-boundary	no-direct-marker-not-semantic-exhaustion
BtExperience	b89abd78a23fab4b5efe8d574f51fdc1508605b3	b89abd78a23fab4b5efe8d574f51fdc1508605b3^	gui/skins/default/Components/AlarmPopup.qml	d2ede77421903ba03926954bd7e9e4aa129381d2	1986	0		ui		unresolved-boundary	no-direct-marker-not-semantic-exhaustion
BtExperience	51f3c630b56b4d3217d6615f333ccd6439099688	51f3c630b56b4d3217d6615f333ccd6439099688^	gui/skins/default/Components/TurnOffMonitor.qml	afb9dfd065364787c9d1e1eb3a8cdebe40159689	4404	0		ui		unresolved-boundary	no-direct-marker-not-semantic-exhaustion
BtExperience	51f3c630b56b4d3217d6615f333ccd6439099688	51f3c630b56b4d3217d6615f333ccd6439099688^	gui/skins/default/js/TurnOffMonitor.js	14e1c54835118251f46eb4ab6916cf7850023abf	1785	0		ui		unresolved-boundary	no-direct-marker-not-semantic-exhaustion
BtExperience	53da5852fa859a49280a459bf2b05a4a34940fa6	53da5852fa859a49280a459bf2b05a4a34940fa6^	gstmediaplayer/gstmediaplayerplugin.h	119de2f4bc3fea0f0588d63ac74ab7b3ebbec55b	345	0		ui		unresolved-boundary	no-direct-marker-not-semantic-exhaustion
BtExperience	a7166abbd6ed63eccb4d424ff253b65d92c1a4d3	a7166abbd6ed63eccb4d424ff253b65d92c1a4d3^	gui/skins/default/Components/Weather/BigForecastIcon.qml	47c162ecb1c2fbdbdd23f7667105c19957b62279	1133	0		ui		unresolved-boundary	no-direct-marker-not-semantic-exhaustion
BtExperience	a7166abbd6ed63eccb4d424ff253b65d92c1a4d3	a7166abbd6ed63eccb4d424ff253b65d92c1a4d3^	gui/skins/default/Components/Weather/ForecastIcon.qml	cd6b72f3908fe82ffb0051d98400e3b80a69cc74	1157	0		ui		unresolved-boundary	no-direct-marker-not-semantic-exhaustion
BtExperience	a7166abbd6ed63eccb4d424ff253b65d92c1a4d3	a7166abbd6ed63eccb4d424ff253b65d92c1a4d3^	gui/skins/default/Components/Weather/WeatherIcon.qml	85fb320e6bf6a4a6b4354c27b892d9d0a2315ac3	2005	0		ui		unresolved-boundary	no-direct-marker-not-semantic-exhaustion
BtExperience	a7166abbd6ed63eccb4d424ff253b65d92c1a4d3	a7166abbd6ed63eccb4d424ff253b65d92c1a4d3^	gui/skins/default/WeatherInfoPage.qml	2e0315a90b4edbbf4563eae74ae12ccbe07553d9	3884	0		ui		unresolved-boundary	no-direct-marker-not-semantic-exhaustion
BtExperience	c1ada803872f6bd873c7a12a47a9ed26bd258822	c1ada803872f6bd873c7a12a47a9ed26bd258822^	gui/skins/default/BrowserIpRadioPage.qml	ad024fd6bf5a4ba872cb9a75a36633e844c16c56	2739	0		ui		unresolved-boundary	no-direct-marker-not-semantic-exhaustion
BtExperience	7664dc35aa8bc44d1acba9b097154c79779e0ebb	7664dc35aa8bc44d1acba9b097154c79779e0ebb^	gui/skins/default/Components/RssReader/RssFeeds.qml	c85627ab87bd329afd4930ba33bdd16157a06fc6	2289	0		ui		unresolved-boundary	no-direct-marker-not-semantic-exhaustion
BtExperience	9983d012f39e1b4903cdc78879160f9a6b21ce4f	9983d012f39e1b4903cdc78879160f9a6b21ce4f^	gui/skins/default/Components/Settings/SettingsQuickLinks.qml	76de7b984cef68967e844a405099d9cd305f49df	1182	0		ui		unresolved-boundary	no-direct-marker-not-semantic-exhaustion
BtExperience	57799d053f8cbdc82c79985374376bafb10e4a71	57799d053f8cbdc82c79985374376bafb10e4a71^	gui/skins/default/Components/Settings/SettingsSkin.qml	f4da924a6030fcecd128868946f4029cda4d8210	807	0		ui		unresolved-boundary	no-direct-marker-not-semantic-exhaustion
BtExperience	56cf7a3c69243d0d7240987d409ebbb6401444a0	56cf7a3c69243d0d7240987d409ebbb6401444a0^	gui/skins/default/Components/ScreenSaver.qml	014273dc69502ecc23cfda8cf3dbe3db18920276	5012	0		ui		unresolved-boundary	no-direct-marker-not-semantic-exhaustion
BtExperience	56cf7a3c69243d0d7240987d409ebbb6401444a0	56cf7a3c69243d0d7240987d409ebbb6401444a0^	gui/skins/default/Components/ScreenSaverBouncingImage.qml	bcc6780818def93c61c61b6726fad154828cfc67	1859	0		ui		unresolved-boundary	no-direct-marker-not-semantic-exhaustion
BtExperience	56cf7a3c69243d0d7240987d409ebbb6401444a0	56cf7a3c69243d0d7240987d409ebbb6401444a0^	gui/skins/default/Components/ScreenSaverRectangles.qml	0d4ae8221bb81dca8f69a73f7545954d7a5d40ba	777	0		ui		unresolved-boundary	no-direct-marker-not-semantic-exhaustion
BtExperience	56cf7a3c69243d0d7240987d409ebbb6401444a0	56cf7a3c69243d0d7240987d409ebbb6401444a0^	gui/skins/default/Components/ScreensaverSlideshow.qml	6cd87de3ee4a34649e513357548c477f791618ef	876	0		ui		unresolved-boundary	no-direct-marker-not-semantic-exhaustion
BtExperience	56cf7a3c69243d0d7240987d409ebbb6401444a0	56cf7a3c69243d0d7240987d409ebbb6401444a0^	gui/skins/default/Components/Settings/ScreenSaverList.qml	5972e11b32d7e6c4a67827263abcbc46b0c5513b	13007	0		ui		unresolved-boundary	no-direct-marker-not-semantic-exhaustion
BtExperience	56cf7a3c69243d0d7240987d409ebbb6401444a0	56cf7a3c69243d0d7240987d409ebbb6401444a0^	gui/skins/default/Components/Settings/ScreenSaverTypes.qml	8643d49a129fe3aef3ea947d33022d03267ae3a4	1185	0		ui		unresolved-boundary	no-direct-marker-not-semantic-exhaustion
BtExperience	56cf7a3c69243d0d7240987d409ebbb6401444a0	56cf7a3c69243d0d7240987d409ebbb6401444a0^	gui/skins/default/js/ScreenSaver.js	ebe94919a23ea5688c24c65ecadcc89aa16e4767	1821	0		ui		unresolved-boundary	no-direct-marker-not-semantic-exhaustion
BtExperience	56cf7a3c69243d0d7240987d409ebbb6401444a0	56cf7a3c69243d0d7240987d409ebbb6401444a0^	gui/skins/default/js/ScreenSaverRectangles.js	e20ce2accfaed91c72dd876345cb07efa89a4e5b	935	0		ui		unresolved-boundary	no-direct-marker-not-semantic-exhaustion
BtExperience	7066070aee496c330f7d626f70743a78ae8771f0	7066070aee496c330f7d626f70743a78ae8771f0^	gui/skins/default/Components/EnergyManagement/EnergyConsumptionLogic.qml	be9dec30f780c08a36df3d4d47a4b2cbab431671	2150	0		energy	functional/who-18-energy-management/dimensions.md	unresolved-boundary	no-direct-marker-not-semantic-exhaustion
BtExperience	c59fa194885542052c7e801c53ce0757af2c073b	c59fa194885542052c7e801c53ce0757af2c073b^	device.xml	823e045df1da6b3db4fbb6df7d0b0c77f1e100e2	222	0		ui		unresolved-boundary	no-direct-marker-not-semantic-exhaustion
BtExperience	fec0026edc539d44e871a47f84e1e763b6d1f7f7	fec0026edc539d44e871a47f84e1e763b6d1f7f7^	gui/skins/default/Photo.qml	6d11bde998ba59d3de58d2befb76b8d92a8864f5	279	0		ui		unresolved-boundary	no-direct-marker-not-semantic-exhaustion
BtExperience	b822ee27860ae5246db501471b1bcdfbd47f7b1b	b822ee27860ae5246db501471b1bcdfbd47f7b1b^	gui/skins/default/FileBrowser.qml	ec7c2835da1519a424aa92218025ea709bdbfd1b	579	0		ui		unresolved-boundary	no-direct-marker-not-semantic-exhaustion
BtExperience	f14e34ef8d75b8fbb407b05b2d299fc9d0ce7a43	f14e34ef8d75b8fbb407b05b2d299fc9d0ce7a43^	gui/skins/default/Video.qml	c29e5a65cedc59bfd7ac8e161e116748097c5cbb	459	0		ui		unresolved-boundary	no-direct-marker-not-semantic-exhaustion
BtExperience	0efaa9cce6d2e0ec003f97d0773429c4427b3e5f	0efaa9cce6d2e0ec003f97d0773429c4427b3e5f^	gui/skins/default/Components/EnergyManagement/ApplianceLoadOff.qml	56c3705b7341d998b8a314c93c5a6b0e0acdde80	234	0		energy	functional/who-18-energy-management/dimensions.md	unresolved-boundary	no-direct-marker-not-semantic-exhaustion
BtExperience	f70e585cd6e0f2b45f54efd70e9ed3bb1187b835	f70e585cd6e0f2b45f54efd70e9ed3bb1187b835^	gui/skins/default/Components/EnergyManagement/ApplianceLoad.qml	8109dc30146e3994f69a17ee4ebaa7a383ed5f7a	1109	0		energy	functional/who-18-energy-management/dimensions.md	unresolved-boundary	no-direct-marker-not-semantic-exhaustion
BtExperience	35e6b3cb9fb1043be1a85f07bc1e9f92c639b9c2	35e6b3cb9fb1043be1a85f07bc1e9f92c639b9c2^	gui/skins/default/Components/Browser/HeaderOld.qml	4208820a175bd03a8a8a90b34abf54ff3ed7f517	3538	0		ui		unresolved-boundary	no-direct-marker-not-semantic-exhaustion
BtExperience	9f80304826aae9e9abf0c8e58f67121522910608	9f80304826aae9e9abf0c8e58f67121522910608^	gui/skins/default/EnergyDataOverview.qml	671b6ae3e3df8a9cfb8e324abb813dd245256887	4369	0		energy	functional/who-18-energy-management/dimensions.md	unresolved-boundary	no-direct-marker-not-semantic-exhaustion
BtExperience	bd8b002c38e1f94410e6b740ef3150dc0fc59763	bd8b002c38e1f94410e6b740ef3150dc0fc59763^	gui/skins/default/Components/SoundDiffusion/SoundSourceItem.qml	963338a2ea7556d423ff497244cdf2825c810f75	1987	0		audio	functional/who-22-sound-diffusion/README.md	unresolved-boundary	no-direct-marker-not-semantic-exhaustion
BtExperience	1cce67307243e1b23b4779e7f7d9ffd8e67eeb7c	1cce67307243e1b23b4779e7f7d9ffd8e67eeb7c^	gui/skins/default/Components/ButtonCommand.qml	8133cc116649941cf8c0e4436d47bc8982641961	891	0		ui		unresolved-boundary	no-direct-marker-not-semantic-exhaustion
BtExperience	1cce67307243e1b23b4779e7f7d9ffd8e67eeb7c	1cce67307243e1b23b4779e7f7d9ffd8e67eeb7c^	gui/skins/default/Components/ButtonLeftRight.qml	000cf41ee1374055cced7a0014383c9e7e6915da	212	0		ui		unresolved-boundary	no-direct-marker-not-semantic-exhaustion
BtExperience	1cce67307243e1b23b4779e7f7d9ffd8e67eeb7c	1cce67307243e1b23b4779e7f7d9ffd8e67eeb7c^	gui/skins/default/Components/LargeButton.qml	ca9f46c4081233be866c8a1284cc9dbe3ea86922	791	0		ui		unresolved-boundary	no-direct-marker-not-semantic-exhaustion
BtExperience	1cce67307243e1b23b4779e7f7d9ffd8e67eeb7c	1cce67307243e1b23b4779e7f7d9ffd8e67eeb7c^	gui/skins/default/Components/TwoButtonsSettings.qml	d20825e020948e41b5e2261d2b4b96be05f9abfa	1589	0		ui		unresolved-boundary	no-direct-marker-not-semantic-exhaustion
BtExperience	1cce67307243e1b23b4779e7f7d9ffd8e67eeb7c	1cce67307243e1b23b4779e7f7d9ffd8e67eeb7c^	gui/skins/default/Components/TwoButtonsSettingsLarge.qml	76ef07a046758733cc30e9a4456c43627e4c3c16	1043	0		ui		unresolved-boundary	no-direct-marker-not-semantic-exhaustion
BtExperience	86a3ffa3c6f7a43dea183c165afb06647d38003f	86a3ffa3c6f7a43dea183c165afb06647d38003f^	gui/skins/default/Components/ButtonImageText.qml	9b894dcce18b08199427e38ca936eeab41bea63a	689	0		ui		unresolved-boundary	no-direct-marker-not-semantic-exhaustion
BtExperience	cf9d2b920da1afc6f926fe6b6f0ed300683bacd3	cf9d2b920da1afc6f926fe6b6f0ed300683bacd3^	gui/skins/default/Components/ControlColumnBar.qml	6e61c18a47b783ffb0ddf4c64fb814027cea0841	4996	0		ui		unresolved-boundary	no-direct-marker-not-semantic-exhaustion
BtExperience	cf9d2b920da1afc6f926fe6b6f0ed300683bacd3	cf9d2b920da1afc6f926fe6b6f0ed300683bacd3^	gui/skins/default/Components/ControlColumnValue.qml	e182b3e9bd589364b4619df77b67b22ff9b010a3	3768	0		ui		unresolved-boundary	no-direct-marker-not-semantic-exhaustion
BtExperience	cf9d2b920da1afc6f926fe6b6f0ed300683bacd3	cf9d2b920da1afc6f926fe6b6f0ed300683bacd3^	gui/skins/default/Components/EnergyManagement/ConsumptionBox.qml	74e3ccbd9d8dc5c76c2c12c9abd8732f7bfaa3c8	3945	0		energy	functional/who-18-energy-management/dimensions.md	unresolved-boundary	no-direct-marker-not-semantic-exhaustion
BtExperience	cf9d2b920da1afc6f926fe6b6f0ed300683bacd3	cf9d2b920da1afc6f926fe6b6f0ed300683bacd3^	gui/skins/default/Components/EnergyManagement/ControlBar.qml	5e9c0e33724fdbe730f345ddbaeedbeb8111abb8	1799	0		energy	functional/who-18-energy-management/dimensions.md	unresolved-boundary	no-direct-marker-not-semantic-exhaustion
BtExperience	cf9d2b920da1afc6f926fe6b6f0ed300683bacd3	cf9d2b920da1afc6f926fe6b6f0ed300683bacd3^	gui/skins/default/Components/EnergyManagement/EnergyDataDetailColumn.qml	8b642d762e208fbb82196761adf9ea10b321ce29	1893	0		energy	functional/who-18-energy-management/dimensions.md	unresolved-boundary	no-direct-marker-not-semantic-exhaustion
BtExperience	cf9d2b920da1afc6f926fe6b6f0ed300683bacd3	cf9d2b920da1afc6f926fe6b6f0ed300683bacd3^	gui/skins/default/Components/EnergyManagement/EnergyDataOverviewColumn.qml	17cd2da362120cdb368a43d1741ad1403036c0bf	4595	0		energy	functional/who-18-energy-management/dimensions.md	unresolved-boundary	no-direct-marker-not-semantic-exhaustion
BtExperience	cf9d2b920da1afc6f926fe6b6f0ed300683bacd3	cf9d2b920da1afc6f926fe6b6f0ed300683bacd3^	gui/skins/default/Components/EnergyManagement/EnergyDataTitle.qml	dad346ac0435893c3543bf97440ec7dab77a10ff	201	0		energy	functional/who-18-energy-management/dimensions.md	unresolved-boundary	no-direct-marker-not-semantic-exhaustion
BtExperience	cf9d2b920da1afc6f926fe6b6f0ed300683bacd3	cf9d2b920da1afc6f926fe6b6f0ed300683bacd3^	gui/skins/default/Components/EnergyManagement/OverviewBar.qml	3fd43ebe13d8265b984f6939a8967a394ce63840	64	0		energy	functional/who-18-energy-management/dimensions.md	unresolved-boundary	no-direct-marker-not-semantic-exhaustion
BtExperience	cf9d2b920da1afc6f926fe6b6f0ed300683bacd3	cf9d2b920da1afc6f926fe6b6f0ed300683bacd3^	gui/skins/default/Components/EnergyManagement/PeriodItem.qml	b4d72740d9e111f8c1da81886d37f2bb0c56f69c	3263	0		energy	functional/who-18-energy-management/dimensions.md	unresolved-boundary	no-direct-marker-not-semantic-exhaustion
BtExperience	cf9d2b920da1afc6f926fe6b6f0ed300683bacd3	cf9d2b920da1afc6f926fe6b6f0ed300683bacd3^	gui/skins/default/Components/EnergyManagement/SideBar.qml	c8c9bf931c322b9d0f516f7dfd82723d832015fd	6797	0		energy	functional/who-18-energy-management/dimensions.md	unresolved-boundary	no-direct-marker-not-semantic-exhaustion
BtExperience	cf9d2b920da1afc6f926fe6b6f0ed300683bacd3	cf9d2b920da1afc6f926fe6b6f0ed300683bacd3^	gui/skins/default/Components/EnergyManagement/TimeValueItem.qml	0fd6e2c0b91da6a4245d3074a1c6d986f79fcc76	1087	0		energy	functional/who-18-energy-management/dimensions.md	unresolved-boundary	no-direct-marker-not-semantic-exhaustion
BtExperience	cf9d2b920da1afc6f926fe6b6f0ed300683bacd3	cf9d2b920da1afc6f926fe6b6f0ed300683bacd3^	gui/skins/default/Components/EnergyManagement/TitleBar.qml	135972598ed1326e47a121a6d816756dbaa6b362	1129	0		energy	functional/who-18-energy-management/dimensions.md	unresolved-boundary	no-direct-marker-not-semantic-exhaustion
BtExperience	cf9d2b920da1afc6f926fe6b6f0ed300683bacd3	cf9d2b920da1afc6f926fe6b6f0ed300683bacd3^	gui/skins/default/EnergyDataDetailOld.qml	c01e854200f282d49911791b3b11bf8ef468c5ac	7135	0		energy	functional/who-18-energy-management/dimensions.md	unresolved-boundary	no-direct-marker-not-semantic-exhaustion
BtExperience	cf9d2b920da1afc6f926fe6b6f0ed300683bacd3	cf9d2b920da1afc6f926fe6b6f0ed300683bacd3^	gui/skins/default/EnergyDataGraphOld.qml	07fc297ba9a3978ce7698edd45c189259706d714	7752	0		energy	functional/who-18-energy-management/dimensions.md	unresolved-boundary	no-direct-marker-not-semantic-exhaustion
BtExperience	cf9d2b920da1afc6f926fe6b6f0ed300683bacd3	cf9d2b920da1afc6f926fe6b6f0ed300683bacd3^	gui/skins/default/EnergyDataOverviewOld.qml	e81f230da3f2d9194324d0fc17063ef0178f2394	6192	0		energy	functional/who-18-energy-management/dimensions.md	unresolved-boundary	no-direct-marker-not-semantic-exhaustion
BtExperience	cf9d2b920da1afc6f926fe6b6f0ed300683bacd3	cf9d2b920da1afc6f926fe6b6f0ed300683bacd3^	gui/skins/default/js/RowColumnHelpers.js	75e21c9e52025a361187d1b9f0e8f4f1a628493c	1369	0		ui		unresolved-boundary	no-direct-marker-not-semantic-exhaustion
BtExperience	4a2a83d3015900d21fc31f680684f2ea865aa7b6	4a2a83d3015900d21fc31f680684f2ea865aa7b6^	gui/skins/default/Components/SoundDiffusion/ButtonFMStation.qml	8ef0afa2fbfb29e77bb64204cb0d0536a1a9e59e	1319	0		audio	functional/who-22-sound-diffusion/README.md	unresolved-boundary	no-direct-marker-not-semantic-exhaustion
BtExperience	d3dfb12c070a45f5ca6f4deb2fb3baff104b5a9f	d3dfb12c070a45f5ca6f4deb2fb3baff104b5a9f^	gui/skins/default/Components/ControlBalanceOld.qml	4b4ac0d4e8cde0fd9207de5afe3574c747e06fe9	1175	0		ui		unresolved-boundary	no-direct-marker-not-semantic-exhaustion
BtExperience	59e7d58d5e576afccbb1f1c197cf7d507c64fc29	59e7d58d5e576afccbb1f1c197cf7d507c64fc29^	gui/skins/default/Components/ButtonOnOff.qml	ece5559606a4bdcb1135f71c92ecd0f4d44b1bcd	1958	0		ui		unresolved-boundary	no-direct-marker-not-semantic-exhaustion
BtExperience	ee1a4164c38efe17aec487f7d67ef9a50384372a	ee1a4164c38efe17aec487f7d67ef9a50384372a^	gui/skins/default/Components/ControlDateTime.qml	f3f388e7d8610e843f25265d6f84e8cdeb3d2137	2153	0		ui		unresolved-boundary	no-direct-marker-not-semantic-exhaustion
BtExperience	ee1a4164c38efe17aec487f7d67ef9a50384372a	ee1a4164c38efe17aec487f7d67ef9a50384372a^	gui/skins/default/Components/Lighting/ControlDateTimeLighting.qml	959b0cfe32b3586ae1846877c169d2357953c2d5	7590	0		lighting	functional/who-1-lighting/what.md	unresolved-boundary	no-direct-marker-not-semantic-exhaustion
BtExperience	49f3623503bb3259e00f120d62b550fa315953bc	49f3623503bb3259e00f120d62b550fa315953bc^	gui/skins/default/Components/ThermalRegulation/ControlPlusMinusDateTime.qml	a6f4e4d10b39559bdd2e320f00d8004e0fdcdeed	4891	0		hvac	functional/who-4-temperature-control/dimensions.md	unresolved-boundary	no-direct-marker-not-semantic-exhaustion
BtExperience	49f3623503bb3259e00f120d62b550fa315953bc	49f3623503bb3259e00f120d62b550fa315953bc^	gui/skins/default/Components/ThermalRegulation/DateTimeButton.qml	e5795b282807c4088a460d0f2dae385d520f2ddf	854	0		hvac	functional/who-4-temperature-control/dimensions.md	unresolved-boundary	no-direct-marker-not-semantic-exhaustion
BtExperience	41088651349070d5fced566d2bfbb1cc3d3a5d0e	41088651349070d5fced566d2bfbb1cc3d3a5d0e^	gui/skins/default/EnergyDataOverview2.qml	ce4756916ecda4914a70ed039ae2c43804788bd7	3595	0		energy	functional/who-18-energy-management/dimensions.md	unresolved-boundary	no-direct-marker-not-semantic-exhaustion
BtExperience	341bb024efc26d622b2ed9a72e808265197a1d69	341bb024efc26d622b2ed9a72e808265197a1d69^	gui/skins/default/Components/ThermalRegulation/ThermalControlUnitScenarios.qml	7918dee694a2749daa1e278116f77c22bc1afa2e	567	0		hvac	functional/who-4-temperature-control/dimensions.md	unresolved-boundary	no-direct-marker-not-semantic-exhaustion
BtExperience	9b63d603bf58455aef69ba813d8f49176547f3ef	9b63d603bf58455aef69ba813d8f49176547f3ef^	gui/skins/default/Components/ThermalRegulation/ThermalControlUnitPrograms.qml	18b2a814755dd802cfce28ee5fcd80356800d637	562	0		hvac	functional/who-4-temperature-control/dimensions.md	unresolved-boundary	no-direct-marker-not-semantic-exhaustion
BtExperience	afc19f4d220290e79b1e98c3133cf9c9324143a4	afc19f4d220290e79b1e98c3133cf9c9324143a4^	gui/skins/default/Components/ThermalRegulation/ThermalControlUnitDate.qml	b8949b7224634f17012ebaec8a8f26b559ff24f5	3095	0		hvac	functional/who-4-temperature-control/dimensions.md	unresolved-boundary	no-direct-marker-not-semantic-exhaustion
BtExperience	967cf4fd0ae019f7cd9102f4ca3f548fdd5b791c	967cf4fd0ae019f7cd9102f4ca3f548fdd5b791c^	gui/skins/default/Components/ThermalRegulation/ThermalControlUnitTime.qml	534ee616183238bce7da42b5bc0b66578a3013d1	2598	0		hvac	functional/who-4-temperature-control/dimensions.md	unresolved-boundary	no-direct-marker-not-semantic-exhaustion
BtExperience	012466edfb2b3fa1b04c4ef57bdf012ac45c9322	012466edfb2b3fa1b04c4ef57bdf012ac45c9322^	gui/skins/default/Components/Lighting/ControlPlusMinusDateTime.qml	a6f4e4d10b39559bdd2e320f00d8004e0fdcdeed	4891	0		lighting	functional/who-1-lighting/what.md	unresolved-boundary	no-direct-marker-not-semantic-exhaustion
BtExperience	012466edfb2b3fa1b04c4ef57bdf012ac45c9322	012466edfb2b3fa1b04c4ef57bdf012ac45c9322^	gui/skins/default/Components/Lighting/DateTimeButton.qml	e5795b282807c4088a460d0f2dae385d520f2ddf	854	0		lighting	functional/who-1-lighting/what.md	unresolved-boundary	no-direct-marker-not-semantic-exhaustion
BtExperience	2f5ab1977ee07ec48834fb871e345b2a13eece76	2f5ab1977ee07ec48834fb871e345b2a13eece76^	gui/skins/default/Components/SmallButton.qml	eca931f1cc82800494975cf8f55b837bdb0cbb52	1178	0		ui		unresolved-boundary	no-direct-marker-not-semantic-exhaustion
BtExperience	53f87fb235b1286466a34998ece20ecf92245ffd	53f87fb235b1286466a34998ece20ecf92245ffd^	gui/skins/default/Components/Antintrusion/AntintrusionSwitch.qml	3949da4671470ef1a0c03a31bc79be1dbeb42963	1866	0		alarm	functional/who-5-alarm/protocol.md	unresolved-boundary	no-direct-marker-not-semantic-exhaustion
BtExperience	7e3285b55e1395bd3ea23cbec8e15301a77d2b5f	7e3285b55e1395bd3ea23cbec8e15301a77d2b5f^	gui/skins/default/Components/ProfileView.qml	e7979055221aeeb10e6fbcd779f978d6e29dcb26	3005	0		ui		unresolved-boundary	no-direct-marker-not-semantic-exhaustion
BtExperience	08eecb1761b17206034db57030cd3549d71fdbba	08eecb1761b17206034db57030cd3549d71fdbba^	gui/skins/default/Components/CustomDelegate.qml	e27717eacbcb8279fed34ca52d188a1cdb7b4bd9	3103	0		ui		unresolved-boundary	no-direct-marker-not-semantic-exhaustion
BtExperience	08eecb1761b17206034db57030cd3549d71fdbba	08eecb1761b17206034db57030cd3549d71fdbba^	gui/skins/default/Components/CustomView.qml	331de9eab06b7b2c397651225d4f1afca1862c5b	6040	0		ui		unresolved-boundary	no-direct-marker-not-semantic-exhaustion
BtExperience	4af20a5fb1f816b5059d9035c5a9e5c643b13456	4af20a5fb1f816b5059d9035c5a9e5c643b13456^	gui/skins/default/Components/Lighting/TimeButtons.qml	e63e5ea5780ee19b7da9676810f8578095494488	1768	0		lighting	functional/who-1-lighting/what.md	unresolved-boundary	no-direct-marker-not-semantic-exhaustion
BtExperience	b3a986cb1b074d0f592c598c040bbd299ad6407a	b3a986cb1b074d0f592c598c040bbd299ad6407a^	gui/skins/default/js/ProfileView.js	b6e97f603878486fb3d7a1d1673204349bfc7cbc	19	0		ui		unresolved-boundary	no-direct-marker-not-semantic-exhaustion
BtExperience	3dbcf025833e7b4b905ff2685528e1b32788a71a	3dbcf025833e7b4b905ff2685528e1b32788a71a^	gui/skins/default/Components/ButtonPagination.qml	456b6fffe3928305c70b2de60b13101333ad658a	773	0		ui		unresolved-boundary	no-direct-marker-not-semantic-exhaustion
BtExperience	73ba73d2aeae730b726f26509b1eca9abbed6b43	73ba73d2aeae730b726f26509b1eca9abbed6b43^	gui/skins/default/Components/Text_12pt_bold.qml	23d7924af56590c4c615faa4d1ab81dc5094bafa	104	0		ui		unresolved-boundary	no-direct-marker-not-semantic-exhaustion
BtExperience	7c239c5da0162ec357b971c1a122c31fc7bffd8a	7c239c5da0162ec357b971c1a122c31fc7bffd8a^	gui/notelistmodel.cpp	1db18c83407767906cf37dee1c9ee511b660c01b	1975	0		ui		unresolved-boundary	no-direct-marker-not-semantic-exhaustion
BtExperience	7c239c5da0162ec357b971c1a122c31fc7bffd8a	7c239c5da0162ec357b971c1a122c31fc7bffd8a^	gui/notelistmodel.h	897b3a2d39dee861d44e538c0e784543e0160b16	2777	0		ui		unresolved-boundary	no-direct-marker-not-semantic-exhaustion
BtExperience	823d32484f8d028aea30ec84db5d86a60be53437	823d32484f8d028aea30ec84db5d86a60be53437^	BtObjects/roomelement.cpp	308a74ccc825ca96ef06d08d15c4f337c2145b6d	344	0		ui		unresolved-boundary	no-direct-marker-not-semantic-exhaustion
BtExperience	823d32484f8d028aea30ec84db5d86a60be53437	823d32484f8d028aea30ec84db5d86a60be53437^	BtObjects/roomelement.h	af07be2d3325e0b851102a33815a9283f8029545	884	0		ui		unresolved-boundary	no-direct-marker-not-semantic-exhaustion
BtExperience	40ac35279b08683efa40c380527c4ecf73d2773e	40ac35279b08683efa40c380527c4ecf73d2773e^	BtObjects/objectlistmodel.cpp	6e193be9fb434095a985e27187faaafde510b4a0	8503	0		ui		unresolved-boundary	no-direct-marker-not-semantic-exhaustion
BtExperience	40ac35279b08683efa40c380527c4ecf73d2773e	40ac35279b08683efa40c380527c4ecf73d2773e^	BtObjects/objectlistmodel.h	a00c72b145c07978deb4b97c6ccd3d7d93d141f9	5322	0		ui		unresolved-boundary	no-direct-marker-not-semantic-exhaustion
BtExperience	83db586ed9a4e59572eb58bc54994cc17402075e	83db586ed9a4e59572eb58bc54994cc17402075e^	gui/skins/default/Components/Lighting/ControlPlusMinusDateTime.qml	c4ac44e2cae4e9116623ee476617daa38247295b	3414	0		lighting	functional/who-1-lighting/what.md	unresolved-boundary	no-direct-marker-not-semantic-exhaustion
BtExperience	83db586ed9a4e59572eb58bc54994cc17402075e	83db586ed9a4e59572eb58bc54994cc17402075e^	gui/skins/default/Components/Lighting/DateTimeButton.qml	86151adb119e02996722bc69deeb5be40a63ce8e	787	0		lighting	functional/who-1-lighting/what.md	unresolved-boundary	no-direct-marker-not-semantic-exhaustion
BtExperience	2ffd60cb3c286bb8ec1fb050985f908cc146408b	2ffd60cb3c286bb8ec1fb050985f908cc146408b^	gui/skins/default/Components/LargeButton.qml	93133d3c88d16092c86ded8af49aad0fe1efc58d	804	0		ui		unresolved-boundary	no-direct-marker-not-semantic-exhaustion
BtExperience	2ffd60cb3c286bb8ec1fb050985f908cc146408b	2ffd60cb3c286bb8ec1fb050985f908cc146408b^	gui/skins/default/Components/TwoButtonsSettingsLarge.qml	975b3d01218c994b53443eba09d69b13e489fef6	963	0		ui		unresolved-boundary	no-direct-marker-not-semantic-exhaustion
BtExperience	a9a341e02ce393dbb2674094d41a5aa03f42e8f2	a9a341e02ce393dbb2674094d41a5aa03f42e8f2^	gui/skins/default/Components/ThermalRegulation/DateSelect.qml	25ffb301919b0421bacb750bbe4fc2478cb69955	972	0		hvac	functional/who-4-temperature-control/dimensions.md	unresolved-boundary	no-direct-marker-not-semantic-exhaustion
BtExperience	510a55e509338a41e39ff68b579a63202ea537ed	510a55e509338a41e39ff68b579a63202ea537ed^	gui/skins/default/Components/ObjectModel.qml	019a740f2594ff903a6e9c8be4f12189605a063f	2129	0		ui		unresolved-boundary	no-direct-marker-not-semantic-exhaustion
BtExperience	86d6ceaccfd44a8b8398b9b7f7439d84217b2469	86d6ceaccfd44a8b8398b9b7f7439d84217b2469^	conf/conf.illuminazione.old.xml	a21e8f2c164b61f79154dd79a8d3e2d0fca80a20	1084	0		ui		unresolved-boundary	no-direct-marker-not-semantic-exhaustion
BtExperience	471fd5541cd307055bb81c05bc056f659433fd86	471fd5541cd307055bb81c05bc056f659433fd86^	gui/skins/default/Language.qml	6a8b342acc90b313148aca5aca9193edda191130	795	0		ui		unresolved-boundary	no-direct-marker-not-semantic-exhaustion
BtExperience	92f334e7b3a715d8b0db048e45d1b143c9ad2331	92f334e7b3a715d8b0db048e45d1b143c9ad2331^	BtObjects/settings.cpp	c413e75e94dbef6247293f9c327a483d40aae348	591	1		ui		reviewed-terminal-variant	historical-findings-table
BtExperience	92f334e7b3a715d8b0db048e45d1b143c9ad2331	92f334e7b3a715d8b0db048e45d1b143c9ad2331^	BtObjects/settings.h	0928735d49d98eb8bc29b597d6d6d5acd7e1b732	718	1		ui		reviewed-terminal-variant	historical-findings-table
BtExperience	1897f54a8533277eed774962b3c6f0b3f453dc15	1897f54a8533277eed774962b3c6f0b3f453dc15^	gui/skins/default/constants.js	d3dd8cad5bb5eda4d9a2809cdb3a26f3ecf16d68	146	0		ui		unresolved-boundary	no-direct-marker-not-semantic-exhaustion
BtExperience	bef97bb9879e3fc2cd9438c8ac52dc3aaef4144e	bef97bb9879e3fc2cd9438c8ac52dc3aaef4144e^	BtObjects/objectinterface.cpp	f980fed58f0a8ca87faf3343f6be34c73ebf5b68	411	0		ui		unresolved-boundary	no-direct-marker-not-semantic-exhaustion
BtExperience	bcae56ff73f8d97e564c3e124768382a41277b48	bcae56ff73f8d97e564c3e124768382a41277b48^	qml/bt_experience/ThermalCentralUnitHolidays.qml	f21f0521b5a6af94d788c1216880ec73eca1a65b	3225	0		hvac	functional/who-4-temperature-control/dimensions.md	unresolved-boundary	no-direct-marker-not-semantic-exhaustion
BtExperience	bcae56ff73f8d97e564c3e124768382a41277b48	bcae56ff73f8d97e564c3e124768382a41277b48^	qml/bt_experience/ThermalCentralUnitScenarios.qml	5facbb4808f4e1910c4c4054bd5df2f8caf28d4c	626	0		hvac	functional/who-4-temperature-control/dimensions.md	unresolved-boundary	no-direct-marker-not-semantic-exhaustion
BtExperience	bcae56ff73f8d97e564c3e124768382a41277b48	bcae56ff73f8d97e564c3e124768382a41277b48^	qml/bt_experience/ThermalCentralUnitWeekly.qml	53d23eea9c65f47e26507f9f20e6327ba77982c4	626	0		hvac	functional/who-4-temperature-control/dimensions.md	unresolved-boundary	no-direct-marker-not-semantic-exhaustion
BtExperience	b2e0afed3b542960149cc6a60d304fb92032f4e7	b2e0afed3b542960149cc6a60d304fb92032f4e7^	qml/bt_experience/AnimatedLoader.qml	759e59c70c37bf18a5022b96b762d1235c0ab541	1081	0		ui		unresolved-boundary	no-direct-marker-not-semantic-exhaustion
BtExperience	970275d6a92ef8698d4da0ac7fd85889b513f9ba	970275d6a92ef8698d4da0ac7fd85889b513f9ba^	qml/bt_experience/ThermalCentralUnitPrograms.qml	7751c43d22ced5fad2d58c9a0f0e4eb192e33430	1403	0		hvac	functional/who-4-temperature-control/dimensions.md	unresolved-boundary	no-direct-marker-not-semantic-exhaustion
BtExperience	2d6032985a1ca3d11a207c9585b3b93b8e663981	2d6032985a1ca3d11a207c9585b3b93b8e663981^	qml/bt_experience/Library.js	b3eee10d257721102b7892a4f9cf631ed04ee6e1	721	0		ui		unresolved-boundary	no-direct-marker-not-semantic-exhaustion
BtExperience	4f0b8eb63228eda8649947bd9703d4bcc22a268c	4f0b8eb63228eda8649947bd9703d4bcc22a268c^	qml/bt_experience/ItemContainer.js	ae48dc517eb694150ab482de9d00bc46bce7fcd6	17	0		ui		unresolved-boundary	no-direct-marker-not-semantic-exhaustion
BtExperience	4f0b8eb63228eda8649947bd9703d4bcc22a268c	4f0b8eb63228eda8649947bd9703d4bcc22a268c^	qml/bt_experience/ItemContainer.qml	a04b735a43a62981a79e1133a134065c15ff797a	5113	0		ui		unresolved-boundary	no-direct-marker-not-semantic-exhaustion
