repository	revision	path	git_blob	coverage_group	review_scope
BtExperience	b88cdac9665d28494f19d6a5d759acf8d5f00ad9	.gitignore	7bcbd9f8a3b0e488153dd8d521400db929b6f464	packaging-and-documentation	boundary inventory; not a protocol source by itself
BtExperience	b88cdac9665d28494f19d6a5d759acf8d5f00ad9	BtObjects/BtObjects.dox	f4d13f09efc1d636a395a5df77a98d9aeba5d10f	product-infrastructure	boundary review; identity, configuration, model, storage or UI infrastructure
BtExperience	b88cdac9665d28494f19d6a5d759acf8d5f00ad9	BtObjects/BtObjects.pro	3ed5136ff6cde2d1efd436d57023771151e02d9f	product-infrastructure	boundary review; identity, configuration, model, storage or UI infrastructure
BtExperience	b88cdac9665d28494f19d6a5d759acf8d5f00ad9	BtObjects/alarmclock.cpp	b348d32c09880d14b4566db4f5069ff1dec48f48	product-infrastructure	boundary review; identity, configuration, model, storage or UI infrastructure
BtExperience	b88cdac9665d28494f19d6a5d759acf8d5f00ad9	BtObjects/alarmclock.h	6deef5b49b16b68f48d6ff47ae79622ec40e00f7	product-infrastructure	boundary review; identity, configuration, model, storage or UI infrastructure
BtExperience	b88cdac9665d28494f19d6a5d759acf8d5f00ad9	BtObjects/alarmclocknotifier.cpp	65cb2e7320f5e979283e9d836394d89ec358f641	product-infrastructure	boundary review; identity, configuration, model, storage or UI infrastructure
BtExperience	b88cdac9665d28494f19d6a5d759acf8d5f00ad9	BtObjects/alarmclocknotifier.h	622321c334368ee19722defd37d11d1595c19818	product-infrastructure	boundary review; identity, configuration, model, storage or UI infrastructure
BtExperience	b88cdac9665d28494f19d6a5d759acf8d5f00ad9	BtObjects/antintrusionsystem.cpp	7126c2d890605319d76c6cd4d66f6b5ddd4df9e1	product-functional-models	semantic subsystem review
BtExperience	b88cdac9665d28494f19d6a5d759acf8d5f00ad9	BtObjects/antintrusionsystem.h	f9b533149a05e5404b6c96536280b91e893c2366	product-functional-models	semantic subsystem review
BtExperience	b88cdac9665d28494f19d6a5d759acf8d5f00ad9	BtObjects/automationobjects.cpp	8ca5fd8322ab6f5fb04d6474d28e65fce26f24e4	product-functional-models	semantic subsystem review
BtExperience	b88cdac9665d28494f19d6a5d759acf8d5f00ad9	BtObjects/automationobjects.h	eeac27ace256767dd909f3330550c454c75a5064	product-functional-models	semantic subsystem review
BtExperience	b88cdac9665d28494f19d6a5d759acf8d5f00ad9	BtObjects/bt_global_config.h	3cd4fdf21c4c403ea0ca6ed2e1a4218efd8ee7ef	product-infrastructure	boundary review; identity, configuration, model, storage or UI infrastructure
BtExperience	b88cdac9665d28494f19d6a5d759acf8d5f00ad9	BtObjects/btobjects.pri	ac43fb0d44a5591fa58dd2a353a940059ddaacd0	product-infrastructure	boundary review; identity, configuration, model, storage or UI infrastructure
BtExperience	b88cdac9665d28494f19d6a5d759acf8d5f00ad9	BtObjects/btobjectsplugin.cpp	26088b49424ecd6845fa9f5d19dcb536fdd07de1	product-infrastructure	boundary review; identity, configuration, model, storage or UI infrastructure
BtExperience	b88cdac9665d28494f19d6a5d759acf8d5f00ad9	BtObjects/btobjectsplugin.h	426483bb22f89d819dea47b384634bef28858bb1	product-infrastructure	boundary review; identity, configuration, model, storage or UI infrastructure
BtExperience	b88cdac9665d28494f19d6a5d759acf8d5f00ad9	BtObjects/choicelist.cpp	4a5dfa1d82cb4b6325886d75f97f64503cd3f006	product-infrastructure	boundary review; identity, configuration, model, storage or UI infrastructure
BtExperience	b88cdac9665d28494f19d6a5d759acf8d5f00ad9	BtObjects/choicelist.h	cb81d37a2497d5115a5db749582d9bab66fa2471	product-infrastructure	boundary review; identity, configuration, model, storage or UI infrastructure
BtExperience	b88cdac9665d28494f19d6a5d759acf8d5f00ad9	BtObjects/common_files	3d3928181acf1383b951132f66a0e0aa52c96ed4	product-infrastructure	boundary review; identity, configuration, model, storage or UI infrastructure
BtExperience	b88cdac9665d28494f19d6a5d759acf8d5f00ad9	BtObjects/configfile.cpp	3d3a66e317271a8a698e5d4b45f875087cd6749a	product-infrastructure	boundary review; identity, configuration, model, storage or UI infrastructure
BtExperience	b88cdac9665d28494f19d6a5d759acf8d5f00ad9	BtObjects/configfile.h	796f17ac6f03cbaa72b97933b0d1a7508d883273	product-infrastructure	boundary review; identity, configuration, model, storage or UI infrastructure
BtExperience	b88cdac9665d28494f19d6a5d759acf8d5f00ad9	BtObjects/container.cpp	f3404e0d32d69355317ff78889b6b57d65314f43	product-infrastructure	boundary review; identity, configuration, model, storage or UI infrastructure
BtExperience	b88cdac9665d28494f19d6a5d759acf8d5f00ad9	BtObjects/container.h	64e5525b83baaf01f6050c8bbe8e54773db13932	product-infrastructure	boundary review; identity, configuration, model, storage or UI infrastructure
BtExperience	b88cdac9665d28494f19d6a5d759acf8d5f00ad9	BtObjects/dangers.cpp	8b54f84c0c1a86b4d070e17a7eff06a4f9a124f8	product-infrastructure	boundary review; identity, configuration, model, storage or UI infrastructure
BtExperience	b88cdac9665d28494f19d6a5d759acf8d5f00ad9	BtObjects/dangers.h	b6656edc5427c5ed44392c71c1ff6a9059393af8	product-infrastructure	boundary review; identity, configuration, model, storage or UI infrastructure
BtExperience	b88cdac9665d28494f19d6a5d759acf8d5f00ad9	BtObjects/energies.cpp	8c2a2c1b4fa83082099f282beae8f5697a581482	product-infrastructure	boundary review; identity, configuration, model, storage or UI infrastructure
BtExperience	b88cdac9665d28494f19d6a5d759acf8d5f00ad9	BtObjects/energies.h	ab6f3e4fbff7cf0ea6279ed51ab84ab006221d38	product-infrastructure	boundary review; identity, configuration, model, storage or UI infrastructure
BtExperience	b88cdac9665d28494f19d6a5d759acf8d5f00ad9	BtObjects/energydata.cpp	9bb6fb0352b55b4bc7fe1c9e028ae5aef241914c	product-functional-models	semantic subsystem review
BtExperience	b88cdac9665d28494f19d6a5d759acf8d5f00ad9	BtObjects/energydata.h	35358db5eb218cbb6232b7a6c478424fa4efb1c5	product-functional-models	semantic subsystem review
BtExperience	b88cdac9665d28494f19d6a5d759acf8d5f00ad9	BtObjects/energyload.cpp	0607baa3a002aab5d4f20499e695d0232e2a150c	product-functional-models	semantic subsystem review
BtExperience	b88cdac9665d28494f19d6a5d759acf8d5f00ad9	BtObjects/energyload.h	433d2847fa5181398e954d45adcb87670b81ba33	product-functional-models	semantic subsystem review
BtExperience	b88cdac9665d28494f19d6a5d759acf8d5f00ad9	BtObjects/energyrate.cpp	3ea348b3d6f359a2e79a506aa05da90cdeab451c	product-functional-models	semantic subsystem review
BtExperience	b88cdac9665d28494f19d6a5d759acf8d5f00ad9	BtObjects/energyrate.h	7d8d1f9c26d7165cf30ffdcfe48e86f23aedb3a8	product-functional-models	semantic subsystem review
BtExperience	b88cdac9665d28494f19d6a5d759acf8d5f00ad9	BtObjects/folderlistmodel.cpp	897501e6712cc4bb2aba5b88c930e8e4ab3224f5	product-infrastructure	boundary review; identity, configuration, model, storage or UI infrastructure
BtExperience	b88cdac9665d28494f19d6a5d759acf8d5f00ad9	BtObjects/folderlistmodel.h	ad18d2bcbee764bc401159be5ae62c6fec1512e6	product-infrastructure	boundary review; identity, configuration, model, storage or UI infrastructure
BtExperience	b88cdac9665d28494f19d6a5d759acf8d5f00ad9	BtObjects/generic_functions.cpp	9480b3634b20bb5764dbd571d63189f4769f1499	product-infrastructure	boundary review; identity, configuration, model, storage or UI infrastructure
BtExperience	b88cdac9665d28494f19d6a5d759acf8d5f00ad9	BtObjects/generic_functions.h	9a0b531f1d17fe299c0dbdced081c0344e8ab075	product-infrastructure	boundary review; identity, configuration, model, storage or UI infrastructure
BtExperience	b88cdac9665d28494f19d6a5d759acf8d5f00ad9	BtObjects/globalmodels.cpp	942b69d001e7ed5b3a82eeb6b0639f0d42662e67	product-infrastructure	boundary review; identity, configuration, model, storage or UI infrastructure
BtExperience	b88cdac9665d28494f19d6a5d759acf8d5f00ad9	BtObjects/globalmodels.h	8915e295dd28eee26477b2418ac40081cd84cdf5	product-infrastructure	boundary review; identity, configuration, model, storage or UI infrastructure
BtExperience	b88cdac9665d28494f19d6a5d759acf8d5f00ad9	BtObjects/gstmediaplayer.cpp	82c90525af465f5c3e8aeccd0b7f55a7177745d9	product-infrastructure	boundary review; identity, configuration, model, storage or UI infrastructure
BtExperience	b88cdac9665d28494f19d6a5d759acf8d5f00ad9	BtObjects/gstmediaplayer.h	dc0e088a9c84519755056b5bd0d3e603951ee974	product-infrastructure	boundary review; identity, configuration, model, storage or UI infrastructure
BtExperience	b88cdac9665d28494f19d6a5d759acf8d5f00ad9	BtObjects/homeproperties.cpp	626700dfba2caec9a2ba7610e48ceb2e13aa622d	product-infrastructure	boundary review; identity, configuration, model, storage or UI infrastructure
BtExperience	b88cdac9665d28494f19d6a5d759acf8d5f00ad9	BtObjects/homeproperties.h	d100ba36c3de14bfb173e6d9f626075fd6ca84f0	product-infrastructure	boundary review; identity, configuration, model, storage or UI infrastructure
BtExperience	b88cdac9665d28494f19d6a5d759acf8d5f00ad9	BtObjects/imagesaver.cpp	b90b05b32827edf398f9022fe5e37cfce96d3035	product-infrastructure	boundary review; identity, configuration, model, storage or UI infrastructure
BtExperience	b88cdac9665d28494f19d6a5d759acf8d5f00ad9	BtObjects/imagesaver.h	50c8a137337502d5728c07d7ae46e187adc8cd51	product-infrastructure	boundary review; identity, configuration, model, storage or UI infrastructure
BtExperience	b88cdac9665d28494f19d6a5d759acf8d5f00ad9	BtObjects/iteminterface.cpp	03ad5203b4eccd785704ce8ba7eb7ee09efa9c1a	product-infrastructure	boundary review; identity, configuration, model, storage or UI infrastructure
BtExperience	b88cdac9665d28494f19d6a5d759acf8d5f00ad9	BtObjects/iteminterface.h	ed500512ed83ff74c2ce76e53c7d9b90aca36bdf	product-infrastructure	boundary review; identity, configuration, model, storage or UI infrastructure
BtExperience	b88cdac9665d28494f19d6a5d759acf8d5f00ad9	BtObjects/lightobjects.cpp	2814a6bc3e5f8854b1476de689a0039ca3c714ad	product-functional-models	semantic subsystem review
BtExperience	b88cdac9665d28494f19d6a5d759acf8d5f00ad9	BtObjects/lightobjects.h	0e99f724d534719dcc4704fac31a21a5244dcebd	product-functional-models	semantic subsystem review
BtExperience	b88cdac9665d28494f19d6a5d759acf8d5f00ad9	BtObjects/linkinterface.cpp	50bf55766b29ec216460bd21fc619b8610ffc009	product-infrastructure	boundary review; identity, configuration, model, storage or UI infrastructure
BtExperience	b88cdac9665d28494f19d6a5d759acf8d5f00ad9	BtObjects/linkinterface.h	8b32c6012f73635be38126c5ed10bc85ce9256a1	product-infrastructure	boundary review; identity, configuration, model, storage or UI infrastructure
BtExperience	b88cdac9665d28494f19d6a5d759acf8d5f00ad9	BtObjects/medialink.cpp	88c7cca77cab4d293748e455e769e8dd3a15eee8	product-infrastructure	boundary review; identity, configuration, model, storage or UI infrastructure
BtExperience	b88cdac9665d28494f19d6a5d759acf8d5f00ad9	BtObjects/medialink.h	edbfbd577f2714f9a28560f68bd7bafdbb0f0d3d	product-infrastructure	boundary review; identity, configuration, model, storage or UI infrastructure
BtExperience	b88cdac9665d28494f19d6a5d759acf8d5f00ad9	BtObjects/mediamodel.cpp	83c7706583947181886d19bfea59662cb0945525	product-infrastructure	boundary review; identity, configuration, model, storage or UI infrastructure
BtExperience	b88cdac9665d28494f19d6a5d759acf8d5f00ad9	BtObjects/mediamodel.h	c70443513e965a5c9a3ab325d0e1f9317507f37a	product-infrastructure	boundary review; identity, configuration, model, storage or UI infrastructure
BtExperience	b88cdac9665d28494f19d6a5d759acf8d5f00ad9	BtObjects/mediaobjects.cpp	a12f1189733662bf1d4c9a30dbf9937074041897	product-functional-models	semantic subsystem review
BtExperience	b88cdac9665d28494f19d6a5d759acf8d5f00ad9	BtObjects/mediaobjects.h	dacfb50d0c66e4ba15f704549fd7e6303708b846	product-functional-models	semantic subsystem review
BtExperience	b88cdac9665d28494f19d6a5d759acf8d5f00ad9	BtObjects/messagessystem.cpp	771d35ee0eb4378b6ed0c5623674abfc5d979d7e	product-functional-models	semantic subsystem review
BtExperience	b88cdac9665d28494f19d6a5d759acf8d5f00ad9	BtObjects/messagessystem.h	15438e60a38ad667c641c407343007b66fa1650f	product-functional-models	semantic subsystem review
BtExperience	b88cdac9665d28494f19d6a5d759acf8d5f00ad9	BtObjects/mounts.cpp	7dc9f57573235e735569330cab223114d042d634	product-infrastructure	boundary review; identity, configuration, model, storage or UI infrastructure
BtExperience	b88cdac9665d28494f19d6a5d759acf8d5f00ad9	BtObjects/mounts.h	a514cceda7a6865ed9c33625c7b9cb08f4339a24	product-infrastructure	boundary review; identity, configuration, model, storage or UI infrastructure
BtExperience	b88cdac9665d28494f19d6a5d759acf8d5f00ad9	BtObjects/multimediaplayer.cpp	2020069c57203a374a076a19f8916aa2401f6bff	product-functional-models	semantic subsystem review
BtExperience	b88cdac9665d28494f19d6a5d759acf8d5f00ad9	BtObjects/multimediaplayer.h	b3f0b8a548c9aed5db0edf1e8449e29df55539a0	product-functional-models	semantic subsystem review
BtExperience	b88cdac9665d28494f19d6a5d759acf8d5f00ad9	BtObjects/note.cpp	a8916794da92fdc8eade5b8be1d9544870978fd1	product-infrastructure	boundary review; identity, configuration, model, storage or UI infrastructure
BtExperience	b88cdac9665d28494f19d6a5d759acf8d5f00ad9	BtObjects/note.h	aaef8c50d3a987c40453cd91bdbc35d9595d32e1	product-infrastructure	boundary review; identity, configuration, model, storage or UI infrastructure
BtExperience	b88cdac9665d28494f19d6a5d759acf8d5f00ad9	BtObjects/objectinterface.cpp	019c85b6cb51ef8eaa787e43d35ba9a9895c2122	product-infrastructure	boundary review; identity, configuration, model, storage or UI infrastructure
BtExperience	b88cdac9665d28494f19d6a5d759acf8d5f00ad9	BtObjects/objectinterface.h	8c8aea160192cf0db71cae9d60c642eb929cba03	product-infrastructure	boundary review; identity, configuration, model, storage or UI infrastructure
BtExperience	b88cdac9665d28494f19d6a5d759acf8d5f00ad9	BtObjects/objectlink.cpp	27a029b0fdcb3a7c6b7a92883a53f4a1398c5c12	product-infrastructure	boundary review; identity, configuration, model, storage or UI infrastructure
BtExperience	b88cdac9665d28494f19d6a5d759acf8d5f00ad9	BtObjects/objectlink.h	e84b82ff011689223edfcb2307cf3dc9817624fa	product-infrastructure	boundary review; identity, configuration, model, storage or UI infrastructure
BtExperience	b88cdac9665d28494f19d6a5d759acf8d5f00ad9	BtObjects/objectmodel.cpp	c8ae342e133e633894df378d846eca2e822d2361	product-infrastructure	boundary review; identity, configuration, model, storage or UI infrastructure
BtExperience	b88cdac9665d28494f19d6a5d759acf8d5f00ad9	BtObjects/objectmodel.h	5c6c774ef547c6cc38bcbe4e1e12eef43bb1723c	product-infrastructure	boundary review; identity, configuration, model, storage or UI infrastructure
BtExperience	b88cdac9665d28494f19d6a5d759acf8d5f00ad9	BtObjects/paths.cpp	8d9ad43bd229c928968de6ca3d921d508cda9ef3	product-infrastructure	boundary review; identity, configuration, model, storage or UI infrastructure
BtExperience	b88cdac9665d28494f19d6a5d759acf8d5f00ad9	BtObjects/paths.h	1d4534a7b59781066c0d9f080da60bf32a38e6bb	product-infrastructure	boundary review; identity, configuration, model, storage or UI infrastructure
BtExperience	b88cdac9665d28494f19d6a5d759acf8d5f00ad9	BtObjects/platform.cpp	c3e6485f89bed8e07ea79be7d0a2b8922af090df	product-functional-models	semantic subsystem review
BtExperience	b88cdac9665d28494f19d6a5d759acf8d5f00ad9	BtObjects/platform.h	8c029e515e1fb438ff52837f2c1c99bd0a2213b5	product-functional-models	semantic subsystem review
BtExperience	b88cdac9665d28494f19d6a5d759acf8d5f00ad9	BtObjects/playlistplayer.cpp	e070766c2a9b96ee1c7530117e2ef77d350a4ac3	product-infrastructure	boundary review; identity, configuration, model, storage or UI infrastructure
BtExperience	b88cdac9665d28494f19d6a5d759acf8d5f00ad9	BtObjects/playlistplayer.h	4c92f54d12f9a9c695bde9c085bc443eddc6ac67	product-infrastructure	boundary review; identity, configuration, model, storage or UI infrastructure
BtExperience	b88cdac9665d28494f19d6a5d759acf8d5f00ad9	BtObjects/qmlcache.cpp	8e5693d6fd0a6562afdcdc4edd5253111b38411d	product-infrastructure	boundary review; identity, configuration, model, storage or UI infrastructure
BtExperience	b88cdac9665d28494f19d6a5d759acf8d5f00ad9	BtObjects/qmlcache.h	8bb8957f90970cb1b9ba0874ace1ee68501ecacd	product-infrastructure	boundary review; identity, configuration, model, storage or UI infrastructure
BtExperience	b88cdac9665d28494f19d6a5d759acf8d5f00ad9	BtObjects/qmldir	34d46a973b43bcac5809c7b94a20064cfe136a6a	product-infrastructure	boundary review; identity, configuration, model, storage or UI infrastructure
BtExperience	b88cdac9665d28494f19d6a5d759acf8d5f00ad9	BtObjects/scenariomodulesnotifier.cpp	39f89b4950f436124887a1a51aff442986a8bc54	product-infrastructure	boundary review; identity, configuration, model, storage or UI infrastructure
BtExperience	b88cdac9665d28494f19d6a5d759acf8d5f00ad9	BtObjects/scenariomodulesnotifier.h	d3db6958ab8c8b26201de32482a4c0323dd4f6ab	product-infrastructure	boundary review; identity, configuration, model, storage or UI infrastructure
BtExperience	b88cdac9665d28494f19d6a5d759acf8d5f00ad9	BtObjects/scenarioobjects.cpp	10ac77c6302990c2de9303121788d861a0688a21	product-functional-models	semantic subsystem review
BtExperience	b88cdac9665d28494f19d6a5d759acf8d5f00ad9	BtObjects/scenarioobjects.h	d36316cb03465fe9a3365c7410c82dfa87c7a503	product-functional-models	semantic subsystem review
BtExperience	b88cdac9665d28494f19d6a5d759acf8d5f00ad9	BtObjects/screenstate.cpp	b887640e90e5abf11f3069cfc9843ab5c6eb7e76	product-infrastructure	boundary review; identity, configuration, model, storage or UI infrastructure
BtExperience	b88cdac9665d28494f19d6a5d759acf8d5f00ad9	BtObjects/screenstate.h	95633bc616d1d527f184ca021cd41be7dc1c4073	product-infrastructure	boundary review; identity, configuration, model, storage or UI infrastructure
BtExperience	b88cdac9665d28494f19d6a5d759acf8d5f00ad9	BtObjects/shared_functions.cpp	7c62de18c3341517db602e1c8733c94ecbba9e43	product-infrastructure	boundary review; identity, configuration, model, storage or UI infrastructure
BtExperience	b88cdac9665d28494f19d6a5d759acf8d5f00ad9	BtObjects/shared_functions.h	6a84393c95a268d5a00701b11ab62abac0d25a9e	product-infrastructure	boundary review; identity, configuration, model, storage or UI infrastructure
BtExperience	b88cdac9665d28494f19d6a5d759acf8d5f00ad9	BtObjects/splitadvancedscenario.cpp	28f66b1d6c9116697d8e3506c8f4365dfa9a2c3b	product-functional-models	semantic subsystem review
BtExperience	b88cdac9665d28494f19d6a5d759acf8d5f00ad9	BtObjects/splitadvancedscenario.h	bf7acbff8bd92066cd337ac0d0047aaccea6b257	product-functional-models	semantic subsystem review
BtExperience	b88cdac9665d28494f19d6a5d759acf8d5f00ad9	BtObjects/splitbasicscenario.cpp	1548556d96842d41136764af02abb46944981453	product-functional-models	semantic subsystem review
BtExperience	b88cdac9665d28494f19d6a5d759acf8d5f00ad9	BtObjects/splitbasicscenario.h	99ed6df3cd4db1582f5e3ef87f452258474d5dad	product-functional-models	semantic subsystem review
BtExperience	b88cdac9665d28494f19d6a5d759acf8d5f00ad9	BtObjects/stopandgoobjects.cpp	5021833850a988e1d3749a1f81b45ea1cfc6d087	product-functional-models	semantic subsystem review
BtExperience	b88cdac9665d28494f19d6a5d759acf8d5f00ad9	BtObjects/stopandgoobjects.h	2f5e881052fd98d68597048ded96341a8ac455f2	product-functional-models	semantic subsystem review
BtExperience	b88cdac9665d28494f19d6a5d759acf8d5f00ad9	BtObjects/test/execute_test.sh	25c1d1640916adc9ffabd3b7ce4263b05bed1155	product-infrastructure	boundary review; identity, configuration, model, storage or UI infrastructure
BtExperience	b88cdac9665d28494f19d6a5d759acf8d5f00ad9	BtObjects/test/files/audio/README.txt	75e7ccaf5a18e517971d863899d57fe3986d5e15	product-infrastructure	boundary review; identity, configuration, model, storage or UI infrastructure
BtExperience	b88cdac9665d28494f19d6a5d759acf8d5f00ad9	BtObjects/test/files/audio/a4.mp3	2099e79036ba58818c15a7c938227bac3fec0b8a	presentation-assets	inventory only; no new wire semantics
BtExperience	b88cdac9665d28494f19d6a5d759acf8d5f00ad9	BtObjects/test/files/audio/broken/1.mp3	a725571d7e93174571f136c7312e53b4ac0247da	presentation-assets	inventory only; no new wire semantics
BtExperience	b88cdac9665d28494f19d6a5d759acf8d5f00ad9	BtObjects/test/files/audio/broken/2.mp3	a725571d7e93174571f136c7312e53b4ac0247da	presentation-assets	inventory only; no new wire semantics
BtExperience	b88cdac9665d28494f19d6a5d759acf8d5f00ad9	BtObjects/test/files/audio/broken/3.mp3	a725571d7e93174571f136c7312e53b4ac0247da	presentation-assets	inventory only; no new wire semantics
BtExperience	b88cdac9665d28494f19d6a5d759acf8d5f00ad9	BtObjects/test/files/audio/broken/4.mp3	a725571d7e93174571f136c7312e53b4ac0247da	presentation-assets	inventory only; no new wire semantics
BtExperience	b88cdac9665d28494f19d6a5d759acf8d5f00ad9	BtObjects/test/files/audio/broken/5.mp3	a725571d7e93174571f136c7312e53b4ac0247da	presentation-assets	inventory only; no new wire semantics
BtExperience	b88cdac9665d28494f19d6a5d759acf8d5f00ad9	BtObjects/test/files/audio/broken/6.mp3	a725571d7e93174571f136c7312e53b4ac0247da	presentation-assets	inventory only; no new wire semantics
BtExperience	b88cdac9665d28494f19d6a5d759acf8d5f00ad9	BtObjects/test/files/audio/broken/7.mp3	a725571d7e93174571f136c7312e53b4ac0247da	presentation-assets	inventory only; no new wire semantics
BtExperience	b88cdac9665d28494f19d6a5d759acf8d5f00ad9	BtObjects/test/files/audio/d3.mp3	658c6a3772551e6000474c92bcc064a4da95ad28	presentation-assets	inventory only; no new wire semantics
BtExperience	b88cdac9665d28494f19d6a5d759acf8d5f00ad9	BtObjects/test/files/audio/f5.mp3	ddabefe0d2afe412466b6319ff0f2142055c3ed7	presentation-assets	inventory only; no new wire semantics
BtExperience	b88cdac9665d28494f19d6a5d759acf8d5f00ad9	BtObjects/test/files/media_content/f5.mp3	ddabefe0d2afe412466b6319ff0f2142055c3ed7	presentation-assets	inventory only; no new wire semantics
BtExperience	b88cdac9665d28494f19d6a5d759acf8d5f00ad9	BtObjects/test/files/media_content/f6.mp3	ddabefe0d2afe412466b6319ff0f2142055c3ed7	presentation-assets	inventory only; no new wire semantics
BtExperience	b88cdac9665d28494f19d6a5d759acf8d5f00ad9	BtObjects/test/objecttester.cpp	851683c8d24f15e416a17579e0c2528ea3a64352	product-infrastructure	boundary review; identity, configuration, model, storage or UI infrastructure
BtExperience	b88cdac9665d28494f19d6a5d759acf8d5f00ad9	BtObjects/test/objecttester.h	e501cd2bf2bd4a7284d0a80166a8cd4d80ae6b23	product-infrastructure	boundary review; identity, configuration, model, storage or UI infrastructure
BtExperience	b88cdac9665d28494f19d6a5d759acf8d5f00ad9	BtObjects/test/test_alarm_clock.cpp	bf5996744afe1d097b09c7aaeafc48236e2ce72a	tests-and-manual-cases	test inventory indexed; applicable assertions checked against implementation
BtExperience	b88cdac9665d28494f19d6a5d759acf8d5f00ad9	BtObjects/test/test_alarm_clock.h	45492fc733c2159a913c79eaa821488d0b7fa129	tests-and-manual-cases	test inventory indexed; applicable assertions checked against implementation
BtExperience	b88cdac9665d28494f19d6a5d759acf8d5f00ad9	BtObjects/test/test_antintrusion_object.cpp	ec570e98af5cf2ac6e288541d39335561ffd6a5d	tests-and-manual-cases	test inventory indexed; applicable assertions checked against implementation
BtExperience	b88cdac9665d28494f19d6a5d759acf8d5f00ad9	BtObjects/test/test_antintrusion_object.h	024481d16bd37026421a5e0d85d0667592046243	tests-and-manual-cases	test inventory indexed; applicable assertions checked against implementation
BtExperience	b88cdac9665d28494f19d6a5d759acf8d5f00ad9	BtObjects/test/test_automation_objects.cpp	696460ea788370fb904965ec075fd93b884eefd7	tests-and-manual-cases	test inventory indexed; applicable assertions checked against implementation
BtExperience	b88cdac9665d28494f19d6a5d759acf8d5f00ad9	BtObjects/test/test_automation_objects.h	47d77b92f58a2cf2b405e0c0a925b6752c083c68	tests-and-manual-cases	test inventory indexed; applicable assertions checked against implementation
BtExperience	b88cdac9665d28494f19d6a5d759acf8d5f00ad9	BtObjects/test/test_btobject.cpp	c7445c33426bf49ce0167cf57e8e0a57633ffc69	tests-and-manual-cases	test inventory indexed; applicable assertions checked against implementation
BtExperience	b88cdac9665d28494f19d6a5d759acf8d5f00ad9	BtObjects/test/test_btobject.h	1789123b05af9b09945613d5d3e6dd4d74a8e5e6	tests-and-manual-cases	test inventory indexed; applicable assertions checked against implementation
BtExperience	b88cdac9665d28494f19d6a5d759acf8d5f00ad9	BtObjects/test/test_btobjects.pro	6c498a6ec9c8a0cce21d0251aedfaf9996d60155	tests-and-manual-cases	test inventory indexed; applicable assertions checked against implementation
BtExperience	b88cdac9665d28494f19d6a5d759acf8d5f00ad9	BtObjects/test/test_energy_data.cpp	4b7e1f2c38be68d4c9e3a7fb82ac89de7aca3168	tests-and-manual-cases	test inventory indexed; applicable assertions checked against implementation
BtExperience	b88cdac9665d28494f19d6a5d759acf8d5f00ad9	BtObjects/test/test_energy_data.h	18f060e12877012c421767f0e9d603130929f3df	tests-and-manual-cases	test inventory indexed; applicable assertions checked against implementation
BtExperience	b88cdac9665d28494f19d6a5d759acf8d5f00ad9	BtObjects/test/test_energy_load.cpp	c30444501d52ad5df828498054ef0f7b052d3288	tests-and-manual-cases	test inventory indexed; applicable assertions checked against implementation
BtExperience	b88cdac9665d28494f19d6a5d759acf8d5f00ad9	BtObjects/test/test_energy_load.h	b63404fa39808c7ab3d67b078d0e3432fe2db3de	tests-and-manual-cases	test inventory indexed; applicable assertions checked against implementation
BtExperience	b88cdac9665d28494f19d6a5d759acf8d5f00ad9	BtObjects/test/test_filebrowser.cpp	24c606bea96f14dca6c6221d9b649dce9bab72f7	tests-and-manual-cases	test inventory indexed; applicable assertions checked against implementation
BtExperience	b88cdac9665d28494f19d6a5d759acf8d5f00ad9	BtObjects/test/test_filebrowser.h	f443078eea24d5415010ce9ab7cb9e81ffb77df1	tests-and-manual-cases	test inventory indexed; applicable assertions checked against implementation
BtExperience	b88cdac9665d28494f19d6a5d759acf8d5f00ad9	BtObjects/test/test_light_objects.cpp	88437320988a042ab60bcbec0060b78145447d35	tests-and-manual-cases	test inventory indexed; applicable assertions checked against implementation
BtExperience	b88cdac9665d28494f19d6a5d759acf8d5f00ad9	BtObjects/test/test_light_objects.h	2a3e76c19c6f780b6005ce6a7720098711c531b6	tests-and-manual-cases	test inventory indexed; applicable assertions checked against implementation
BtExperience	b88cdac9665d28494f19d6a5d759acf8d5f00ad9	BtObjects/test/test_main.cpp	d472922a8723eb78782624a61bc75fcb624382ff	tests-and-manual-cases	test inventory indexed; applicable assertions checked against implementation
BtExperience	b88cdac9665d28494f19d6a5d759acf8d5f00ad9	BtObjects/test/test_media_models.cpp	6760202faf94c021dc4bf11bc6d20e7bb575c6f7	tests-and-manual-cases	test inventory indexed; applicable assertions checked against implementation
BtExperience	b88cdac9665d28494f19d6a5d759acf8d5f00ad9	BtObjects/test/test_media_models.h	a3d23f87d8c97920711b399bf49a0a2802cf124e	tests-and-manual-cases	test inventory indexed; applicable assertions checked against implementation
BtExperience	b88cdac9665d28494f19d6a5d759acf8d5f00ad9	BtObjects/test/test_media_objects.cpp	70a87e19a3fc692090008de0be51ac56a86914af	tests-and-manual-cases	test inventory indexed; applicable assertions checked against implementation
BtExperience	b88cdac9665d28494f19d6a5d759acf8d5f00ad9	BtObjects/test/test_media_objects.h	edb77b3c588547f4e18665196c57758537a16d9a	tests-and-manual-cases	test inventory indexed; applicable assertions checked against implementation
BtExperience	b88cdac9665d28494f19d6a5d759acf8d5f00ad9	BtObjects/test/test_messages_system.cpp	85eb26612f1f356d3e7e56b963fe5ac50b616822	tests-and-manual-cases	test inventory indexed; applicable assertions checked against implementation
BtExperience	b88cdac9665d28494f19d6a5d759acf8d5f00ad9	BtObjects/test/test_messages_system.h	1a6fc31fbb74efa0f2770dd91f3d90cb16ed7cc2	tests-and-manual-cases	test inventory indexed; applicable assertions checked against implementation
BtExperience	b88cdac9665d28494f19d6a5d759acf8d5f00ad9	BtObjects/test/test_multimedia_player.cpp	2ad02fd406799ddccd5bad49414894312d03822e	tests-and-manual-cases	test inventory indexed; applicable assertions checked against implementation
BtExperience	b88cdac9665d28494f19d6a5d759acf8d5f00ad9	BtObjects/test/test_multimedia_player.h	cfffdbaf67fc7c4668c34ad4868f2fe2f242830d	tests-and-manual-cases	test inventory indexed; applicable assertions checked against implementation
BtExperience	b88cdac9665d28494f19d6a5d759acf8d5f00ad9	BtObjects/test/test_myhome_models.cpp	b0c2fedccf26dbbe693c462a3d440c2886a9cdf7	tests-and-manual-cases	test inventory indexed; applicable assertions checked against implementation
BtExperience	b88cdac9665d28494f19d6a5d759acf8d5f00ad9	BtObjects/test/test_myhome_models.h	d70dc88362cee88be564cae6ab037d2986af4fdf	tests-and-manual-cases	test inventory indexed; applicable assertions checked against implementation
BtExperience	b88cdac9665d28494f19d6a5d759acf8d5f00ad9	BtObjects/test/test_scenario_objects.cpp	93dc2d178f5dd0637d5f47af4a957d72d5eab612	tests-and-manual-cases	test inventory indexed; applicable assertions checked against implementation
BtExperience	b88cdac9665d28494f19d6a5d759acf8d5f00ad9	BtObjects/test/test_scenario_objects.h	882adbdc825e5b451f11dd6a7091d3db49e48f56	tests-and-manual-cases	test inventory indexed; applicable assertions checked against implementation
BtExperience	b88cdac9665d28494f19d6a5d759acf8d5f00ad9	BtObjects/test/test_screenstate.cpp	51458cba13ce9b58404865ee3b08cc23a1050d1f	tests-and-manual-cases	test inventory indexed; applicable assertions checked against implementation
BtExperience	b88cdac9665d28494f19d6a5d759acf8d5f00ad9	BtObjects/test/test_screenstate.h	95bc902e2da4f102cd302a6bc635a8efe9bf27b2	tests-and-manual-cases	test inventory indexed; applicable assertions checked against implementation
BtExperience	b88cdac9665d28494f19d6a5d759acf8d5f00ad9	BtObjects/test/test_splitscenarios_object.cpp	14ccc8ddbc6a15db72f1d15b8e5b1391ad2c2a1b	tests-and-manual-cases	test inventory indexed; applicable assertions checked against implementation
BtExperience	b88cdac9665d28494f19d6a5d759acf8d5f00ad9	BtObjects/test/test_splitscenarios_object.h	83bd2e98d8071fdaa531ae42d700570dc94dab18	tests-and-manual-cases	test inventory indexed; applicable assertions checked against implementation
BtExperience	b88cdac9665d28494f19d6a5d759acf8d5f00ad9	BtObjects/test/test_stopandgo_objects.cpp	d5286812533b8b9034fc67a100d4fe0db102e95f	tests-and-manual-cases	test inventory indexed; applicable assertions checked against implementation
BtExperience	b88cdac9665d28494f19d6a5d759acf8d5f00ad9	BtObjects/test/test_stopandgo_objects.h	8daf643ff0eed53b9dfdef6a3a2ea61d725466ab	tests-and-manual-cases	test inventory indexed; applicable assertions checked against implementation
BtExperience	b88cdac9665d28494f19d6a5d759acf8d5f00ad9	BtObjects/test/test_thermal_objects.cpp	1840d2ae4bef4a3304815e215b1cf206ef709dca	tests-and-manual-cases	test inventory indexed; applicable assertions checked against implementation
BtExperience	b88cdac9665d28494f19d6a5d759acf8d5f00ad9	BtObjects/test/test_thermal_objects.h	a15cda10263aa0c98b40223bafaab4410f5e5151	tests-and-manual-cases	test inventory indexed; applicable assertions checked against implementation
BtExperience	b88cdac9665d28494f19d6a5d759acf8d5f00ad9	BtObjects/test/test_thermalprobes_object.cpp	fb9106ef5c59160405b2c34dac060849729f4f73	tests-and-manual-cases	test inventory indexed; applicable assertions checked against implementation
BtExperience	b88cdac9665d28494f19d6a5d759acf8d5f00ad9	BtObjects/test/test_thermalprobes_object.h	08ea3b4079cc322222b6571f58c5312f1f8fc6da	tests-and-manual-cases	test inventory indexed; applicable assertions checked against implementation
BtExperience	b88cdac9665d28494f19d6a5d759acf8d5f00ad9	BtObjects/test/test_videodoorentry_objects.cpp	e49d3c200c8ebd70a086c902518a68c178081e2e	tests-and-manual-cases	test inventory indexed; applicable assertions checked against implementation
BtExperience	b88cdac9665d28494f19d6a5d759acf8d5f00ad9	BtObjects/test/test_videodoorentry_objects.h	68e53682661380d63b2195e1a785a2b673c3d252	tests-and-manual-cases	test inventory indexed; applicable assertions checked against implementation
BtExperience	b88cdac9665d28494f19d6a5d759acf8d5f00ad9	BtObjects/thermalobjects.cpp	e182883691968686b8d4b77c331e54617f7dcf03	product-functional-models	semantic subsystem review
BtExperience	b88cdac9665d28494f19d6a5d759acf8d5f00ad9	BtObjects/thermalobjects.h	2e57b18c7142724b4c461a802e856595c7c570b0	product-functional-models	semantic subsystem review
BtExperience	b88cdac9665d28494f19d6a5d759acf8d5f00ad9	BtObjects/thermalprobes.cpp	cc0094bc4a7567d1747d25d4abc2c037af4d3cd9	product-functional-models	semantic subsystem review
BtExperience	b88cdac9665d28494f19d6a5d759acf8d5f00ad9	BtObjects/thermalprobes.h	5174972ff11988e51a7b2caba632f6e8c26f946c	product-functional-models	semantic subsystem review
BtExperience	b88cdac9665d28494f19d6a5d759acf8d5f00ad9	BtObjects/uiimapper.cpp	f288c638326cb000b3a97f9a6ef613f5f8244f8d	product-infrastructure	boundary review; identity, configuration, model, storage or UI infrastructure
BtExperience	b88cdac9665d28494f19d6a5d759acf8d5f00ad9	BtObjects/uiimapper.h	f33f31dfb7731c0f424e4f3d433b04361712d6db	product-infrastructure	boundary review; identity, configuration, model, storage or UI infrastructure
BtExperience	b88cdac9665d28494f19d6a5d759acf8d5f00ad9	BtObjects/vct.cpp	0fd834b4c4b780343dbbe1a00c02b1cb109776db	product-functional-models	semantic subsystem review
BtExperience	b88cdac9665d28494f19d6a5d759acf8d5f00ad9	BtObjects/vct.h	9ea31e1afa675b135e89e3a552dc80f749aca854	product-functional-models	semantic subsystem review
BtExperience	b88cdac9665d28494f19d6a5d759acf8d5f00ad9	BtObjects/xmlobject.h	200eb760c8e72f6dca080073d24bd145bf7dcb01	product-functional-models	semantic subsystem review
BtExperience	b88cdac9665d28494f19d6a5d759acf8d5f00ad9	COPYING.LESSER.txt	65c5ca88a67c30becee01c5a8816d964b03862f9	packaging-and-documentation	boundary inventory; not a protocol source by itself
BtExperience	b88cdac9665d28494f19d6a5d759acf8d5f00ad9	COPYING.txt	94a9ed024d3859793618152ea559a168bbcbb5e2	packaging-and-documentation	boundary inventory; not a protocol source by itself
BtExperience	b88cdac9665d28494f19d6a5d759acf8d5f00ad9	DS-5/annotate.h	eb46e4ae3a51a29163dd99918850e8efa3bcfee7	packaging-and-documentation	boundary inventory; not a protocol source by itself
BtExperience	b88cdac9665d28494f19d6a5d759acf8d5f00ad9	DS-5/globalproperties.cpp_DS-5	bcfa9d87c9d811a95045845496597f8b59acb24c	packaging-and-documentation	boundary inventory; not a protocol source by itself
BtExperience	b88cdac9665d28494f19d6a5d759acf8d5f00ad9	browser/browser.cpp	69cc13b208db8f6e8c247a3f0c90419f98ae25e5	packaging-and-documentation	boundary inventory; not a protocol source by itself
BtExperience	b88cdac9665d28494f19d6a5d759acf8d5f00ad9	browser/browser.pro	b0dbb967109388c959eafcb86307851474d21d3f	packaging-and-documentation	boundary inventory; not a protocol source by itself
BtExperience	b88cdac9665d28494f19d6a5d759acf8d5f00ad9	browser/browser.xml	ece9e65a6dd51a3f7a17099d9c765482650d35e8	packaging-and-documentation	boundary inventory; not a protocol source by itself
BtExperience	b88cdac9665d28494f19d6a5d759acf8d5f00ad9	browser/browserproperties.cpp	2ea56019a2e066892d3b7a0ff93eb0425b446906	packaging-and-documentation	boundary inventory; not a protocol source by itself
BtExperience	b88cdac9665d28494f19d6a5d759acf8d5f00ad9	browser/browserproperties.h	0707dd1076ad615aa478e49aa47c1537ff3a6513	packaging-and-documentation	boundary inventory; not a protocol source by itself
BtExperience	b88cdac9665d28494f19d6a5d759acf8d5f00ad9	browser/common_files	3d3928181acf1383b951132f66a0e0aa52c96ed4	packaging-and-documentation	boundary inventory; not a protocol source by itself
BtExperience	b88cdac9665d28494f19d6a5d759acf8d5f00ad9	browser/networkmanager.cpp	ef64850ec434c1a6888364b5c899892e56a6bef1	packaging-and-documentation	boundary inventory; not a protocol source by itself
BtExperience	b88cdac9665d28494f19d6a5d759acf8d5f00ad9	browser/networkmanager.h	6cb71459481ee840266f05e5b19c2f171f415e79	packaging-and-documentation	boundary inventory; not a protocol source by itself
BtExperience	b88cdac9665d28494f19d6a5d759acf8d5f00ad9	browser/networkreply.cpp	e11c98e2aa36bddc74b14e106479124aefc8d1a5	packaging-and-documentation	boundary inventory; not a protocol source by itself
BtExperience	b88cdac9665d28494f19d6a5d759acf8d5f00ad9	browser/networkreply.h	fabfd9905e2b143f2d068ebb78c1ef4e1695f7ff	packaging-and-documentation	boundary inventory; not a protocol source by itself
BtExperience	b88cdac9665d28494f19d6a5d759acf8d5f00ad9	bt_experience.pro	a5d6756b9276b4772713257f4701338b1221aa9e	packaging-and-documentation	boundary inventory; not a protocol source by itself
BtExperience	b88cdac9665d28494f19d6a5d759acf8d5f00ad9	clean_btweb	15c0773245b39cf294810998447c342d211fdbc6	packaging-and-documentation	boundary inventory; not a protocol source by itself
BtExperience	b88cdac9665d28494f19d6a5d759acf8d5f00ad9	compile_no_install	e23a532e06862258cf1ae5f32f0e8549ecb6e4df	packaging-and-documentation	boundary inventory; not a protocol source by itself
BtExperience	b88cdac9665d28494f19d6a5d759acf8d5f00ad9	conf/air.conditioning/archive.xml	a5cc964460d89727e57f9d73df369acc74cac2b8	configuration-fixtures	fixture families inspected; examples are not hardware assertions
BtExperience	b88cdac9665d28494f19d6a5d759acf8d5f00ad9	conf/air.conditioning/conf.xml	ac2f10683cf3275aa1e8b39644f7c7339a2cb914	configuration-fixtures	fixture families inspected; examples are not hardware assertions
BtExperience	b88cdac9665d28494f19d6a5d759acf8d5f00ad9	conf/air.conditioning/layout.xml	54d729e08f68bee6a052a94babf18d48eab50698	configuration-fixtures	fixture families inspected; examples are not hardware assertions
BtExperience	b88cdac9665d28494f19d6a5d759acf8d5f00ad9	conf/air.conditioning/settings.xml	8bb628ee57a6a7e352345ea72e9914a45558312a	configuration-fixtures	fixture families inspected; examples are not hardware assertions
BtExperience	b88cdac9665d28494f19d6a5d759acf8d5f00ad9	conf/all/archive.xml	c752e2e552764d8a3b70a139fa4eb8b26e593b78	configuration-fixtures	fixture families inspected; examples are not hardware assertions
BtExperience	b88cdac9665d28494f19d6a5d759acf8d5f00ad9	conf/all/conf.xml	70cdcf182f543234f63a31dc31527266771716d1	configuration-fixtures	fixture families inspected; examples are not hardware assertions
BtExperience	b88cdac9665d28494f19d6a5d759acf8d5f00ad9	conf/all/layout.xml	d1d11e710c7047698f9b4d4882808f6bd529a621	configuration-fixtures	fixture families inspected; examples are not hardware assertions
BtExperience	b88cdac9665d28494f19d6a5d759acf8d5f00ad9	conf/all/settings.xml	797cba542f7f4a37223e34dc99ed0a7dbdeb140e	configuration-fixtures	fixture families inspected; examples are not hardware assertions
BtExperience	b88cdac9665d28494f19d6a5d759acf8d5f00ad9	conf/antintrusione/archive.xml	b6ac65ef2ea87b6647a6d624e91f058bdaaf98dc	configuration-fixtures	fixture families inspected; examples are not hardware assertions
BtExperience	b88cdac9665d28494f19d6a5d759acf8d5f00ad9	conf/antintrusione/conf.xml	ac2f10683cf3275aa1e8b39644f7c7339a2cb914	configuration-fixtures	fixture families inspected; examples are not hardware assertions
BtExperience	b88cdac9665d28494f19d6a5d759acf8d5f00ad9	conf/antintrusione/layout.xml	3c6fa7094c31356374c0be6a33da020db12a4307	configuration-fixtures	fixture families inspected; examples are not hardware assertions
BtExperience	b88cdac9665d28494f19d6a5d759acf8d5f00ad9	conf/antintrusione/settings.xml	8bb628ee57a6a7e352345ea72e9914a45558312a	configuration-fixtures	fixture families inspected; examples are not hardware assertions
BtExperience	b88cdac9665d28494f19d6a5d759acf8d5f00ad9	conf/automazione/archive.xml	3c8258dc93936e4e0d423360bcc8dcee62302b55	configuration-fixtures	fixture families inspected; examples are not hardware assertions
BtExperience	b88cdac9665d28494f19d6a5d759acf8d5f00ad9	conf/automazione/conf.xml	ac2f10683cf3275aa1e8b39644f7c7339a2cb914	configuration-fixtures	fixture families inspected; examples are not hardware assertions
BtExperience	b88cdac9665d28494f19d6a5d759acf8d5f00ad9	conf/automazione/layout.xml	1a11bbbd57cfb8213fee48c8171075486e3bb987	configuration-fixtures	fixture families inspected; examples are not hardware assertions
BtExperience	b88cdac9665d28494f19d6a5d759acf8d5f00ad9	conf/automazione/settings.xml	f1a15730d3cad11009cecda75c35355660d0299d	configuration-fixtures	fixture families inspected; examples are not hardware assertions
BtExperience	b88cdac9665d28494f19d6a5d759acf8d5f00ad9	conf/diffson.mono/archive.xml	b32beebfba3bf19bc91a9d20c9244ac5dbebc56d	configuration-fixtures	fixture families inspected; examples are not hardware assertions
BtExperience	b88cdac9665d28494f19d6a5d759acf8d5f00ad9	conf/diffson.mono/conf.xml	365eb5cfcac4f576aa50645405af9c866d2b3568	configuration-fixtures	fixture families inspected; examples are not hardware assertions
BtExperience	b88cdac9665d28494f19d6a5d759acf8d5f00ad9	conf/diffson.mono/layout.xml	1ce6fc87e10855cd4aa699fc0a566146e450af07	configuration-fixtures	fixture families inspected; examples are not hardware assertions
BtExperience	b88cdac9665d28494f19d6a5d759acf8d5f00ad9	conf/diffson.mono/settings.xml	c1f462c9dfdba1ae0dd3995d2ba3ce7cc547f23c	configuration-fixtures	fixture families inspected; examples are not hardware assertions
BtExperience	b88cdac9665d28494f19d6a5d759acf8d5f00ad9	conf/diffson.multi/archive.xml	6db4efb698f6e9d7f0d862ed20b5fbe530317ba7	configuration-fixtures	fixture families inspected; examples are not hardware assertions
BtExperience	b88cdac9665d28494f19d6a5d759acf8d5f00ad9	conf/diffson.multi/conf.xml	365eb5cfcac4f576aa50645405af9c866d2b3568	configuration-fixtures	fixture families inspected; examples are not hardware assertions
BtExperience	b88cdac9665d28494f19d6a5d759acf8d5f00ad9	conf/diffson.multi/layout.xml	e82971ae3f70dcc148c64aa424212382aab82b13	configuration-fixtures	fixture families inspected; examples are not hardware assertions
BtExperience	b88cdac9665d28494f19d6a5d759acf8d5f00ad9	conf/diffson.multi/settings.xml	8dd83535cc859cc38dd2b9ef7dbadef53d114680	configuration-fixtures	fixture families inspected; examples are not hardware assertions
BtExperience	b88cdac9665d28494f19d6a5d759acf8d5f00ad9	conf/energymanagement/archive.xml	6c100ad1653dc6dd7d0a39ccf9a1cc6640b9c260	configuration-fixtures	fixture families inspected; examples are not hardware assertions
BtExperience	b88cdac9665d28494f19d6a5d759acf8d5f00ad9	conf/energymanagement/conf.xml	ac2f10683cf3275aa1e8b39644f7c7339a2cb914	configuration-fixtures	fixture families inspected; examples are not hardware assertions
BtExperience	b88cdac9665d28494f19d6a5d759acf8d5f00ad9	conf/energymanagement/layout.xml	6884f4c217f7a4ee6a6c22f199f63ff563cc8dd8	configuration-fixtures	fixture families inspected; examples are not hardware assertions
BtExperience	b88cdac9665d28494f19d6a5d759acf8d5f00ad9	conf/energymanagement/settings.xml	0f48396d3df709239619ef1c1b47d2556a813285	configuration-fixtures	fixture families inspected; examples are not hardware assertions
BtExperience	b88cdac9665d28494f19d6a5d759acf8d5f00ad9	conf/illuminazione/archive.xml	4913c615be9b655e862db696d67ea23260fd63df	configuration-fixtures	fixture families inspected; examples are not hardware assertions
BtExperience	b88cdac9665d28494f19d6a5d759acf8d5f00ad9	conf/illuminazione/conf.xml	ac2f10683cf3275aa1e8b39644f7c7339a2cb914	configuration-fixtures	fixture families inspected; examples are not hardware assertions
BtExperience	b88cdac9665d28494f19d6a5d759acf8d5f00ad9	conf/illuminazione/layout.xml	12be3aa5ee6c73146c4b290063b52d2ba8a9ac0c	configuration-fixtures	fixture families inspected; examples are not hardware assertions
BtExperience	b88cdac9665d28494f19d6a5d759acf8d5f00ad9	conf/illuminazione/settings.xml	8bb628ee57a6a7e352345ea72e9914a45558312a	configuration-fixtures	fixture families inspected; examples are not hardware assertions
BtExperience	b88cdac9665d28494f19d6a5d759acf8d5f00ad9	conf/messages/archive.xml	88dae722c2c35b2ea818f323d81a2bf699789ae0	configuration-fixtures	fixture families inspected; examples are not hardware assertions
BtExperience	b88cdac9665d28494f19d6a5d759acf8d5f00ad9	conf/messages/conf.xml	ac2f10683cf3275aa1e8b39644f7c7339a2cb914	configuration-fixtures	fixture families inspected; examples are not hardware assertions
BtExperience	b88cdac9665d28494f19d6a5d759acf8d5f00ad9	conf/messages/layout.xml	c43bd88e414a1ca05a18906ad6a87f8b010b553d	configuration-fixtures	fixture families inspected; examples are not hardware assertions
BtExperience	b88cdac9665d28494f19d6a5d759acf8d5f00ad9	conf/messages/settings.xml	8bb628ee57a6a7e352345ea72e9914a45558312a	configuration-fixtures	fixture families inspected; examples are not hardware assertions
BtExperience	b88cdac9665d28494f19d6a5d759acf8d5f00ad9	conf/popup/archive.xml	501471bf62610b0297451de342f43b8256b50f59	configuration-fixtures	fixture families inspected; examples are not hardware assertions
BtExperience	b88cdac9665d28494f19d6a5d759acf8d5f00ad9	conf/popup/conf.xml	5bd8e6b46ba08217741b9effd9c49a262fcbade1	configuration-fixtures	fixture families inspected; examples are not hardware assertions
BtExperience	b88cdac9665d28494f19d6a5d759acf8d5f00ad9	conf/popup/layout.xml	231065bead99a5a80073e8c77f399df634e1e29a	configuration-fixtures	fixture families inspected; examples are not hardware assertions
BtExperience	b88cdac9665d28494f19d6a5d759acf8d5f00ad9	conf/popup/settings.xml	3b5a154b8edf0fa3deea93f03c8b131c1e7b780c	configuration-fixtures	fixture families inspected; examples are not hardware assertions
BtExperience	b88cdac9665d28494f19d6a5d759acf8d5f00ad9	conf/scenarios/archive.xml	4df6a9fab64c915c434611d06c7f7613e3bbbc27	configuration-fixtures	fixture families inspected; examples are not hardware assertions
BtExperience	b88cdac9665d28494f19d6a5d759acf8d5f00ad9	conf/scenarios/conf.xml	ac2f10683cf3275aa1e8b39644f7c7339a2cb914	configuration-fixtures	fixture families inspected; examples are not hardware assertions
BtExperience	b88cdac9665d28494f19d6a5d759acf8d5f00ad9	conf/scenarios/layout.xml	15984ddbbe3f4ec5f3dc6d5f971323cf93250159	configuration-fixtures	fixture families inspected; examples are not hardware assertions
BtExperience	b88cdac9665d28494f19d6a5d759acf8d5f00ad9	conf/scenarios/settings.xml	8bb628ee57a6a7e352345ea72e9914a45558312a	configuration-fixtures	fixture families inspected; examples are not hardware assertions
BtExperience	b88cdac9665d28494f19d6a5d759acf8d5f00ad9	conf/termo.4z/archive.xml	db54a75373606807b303703abd1dd5b8090a11e2	configuration-fixtures	fixture families inspected; examples are not hardware assertions
BtExperience	b88cdac9665d28494f19d6a5d759acf8d5f00ad9	conf/termo.4z/conf.xml	ac2f10683cf3275aa1e8b39644f7c7339a2cb914	configuration-fixtures	fixture families inspected; examples are not hardware assertions
BtExperience	b88cdac9665d28494f19d6a5d759acf8d5f00ad9	conf/termo.4z/layout.xml	ea06b3f1268dfdcb9726bcddceb783173a57e36f	configuration-fixtures	fixture families inspected; examples are not hardware assertions
BtExperience	b88cdac9665d28494f19d6a5d759acf8d5f00ad9	conf/termo.4z/settings.xml	8bb628ee57a6a7e352345ea72e9914a45558312a	configuration-fixtures	fixture families inspected; examples are not hardware assertions
BtExperience	b88cdac9665d28494f19d6a5d759acf8d5f00ad9	conf/termo.99z/archive.xml	f25faedbfaa94aa964f905b929eee09434466223	configuration-fixtures	fixture families inspected; examples are not hardware assertions
BtExperience	b88cdac9665d28494f19d6a5d759acf8d5f00ad9	conf/termo.99z/conf.xml	ac2f10683cf3275aa1e8b39644f7c7339a2cb914	configuration-fixtures	fixture families inspected; examples are not hardware assertions
BtExperience	b88cdac9665d28494f19d6a5d759acf8d5f00ad9	conf/termo.99z/layout.xml	5bca37a1094cb304954d5e68c5292a0c26829e61	configuration-fixtures	fixture families inspected; examples are not hardware assertions
BtExperience	b88cdac9665d28494f19d6a5d759acf8d5f00ad9	conf/termo.99z/settings.xml	8bb628ee57a6a7e352345ea72e9914a45558312a	configuration-fixtures	fixture families inspected; examples are not hardware assertions
BtExperience	b88cdac9665d28494f19d6a5d759acf8d5f00ad9	conf/vde/archive.xml	fdc89d4b01a0bd55503391e7416027558ab93a98	configuration-fixtures	fixture families inspected; examples are not hardware assertions
BtExperience	b88cdac9665d28494f19d6a5d759acf8d5f00ad9	conf/vde/conf.xml	ac2f10683cf3275aa1e8b39644f7c7339a2cb914	configuration-fixtures	fixture families inspected; examples are not hardware assertions
BtExperience	b88cdac9665d28494f19d6a5d759acf8d5f00ad9	conf/vde/layout.xml	e64281a8eb44bebe6cf6cf602c39a883ab70af1f	configuration-fixtures	fixture families inspected; examples are not hardware assertions
BtExperience	b88cdac9665d28494f19d6a5d759acf8d5f00ad9	conf/vde/settings.xml	8bb628ee57a6a7e352345ea72e9914a45558312a	configuration-fixtures	fixture families inspected; examples are not hardware assertions
BtExperience	b88cdac9665d28494f19d6a5d759acf8d5f00ad9	config.pri	a6a343484d7a52a8d83ef890909087dcc852b901	packaging-and-documentation	boundary inventory; not a protocol source by itself
BtExperience	b88cdac9665d28494f19d6a5d759acf8d5f00ad9	doxygen/README	edf8e0f0d24243bdfc7b592506519672a6080659	packaging-and-documentation	boundary inventory; not a protocol source by itself
BtExperience	b88cdac9665d28494f19d6a5d759acf8d5f00ad9	doxygen/btexperience.cfg	04748327245e30fdef23b9519c5b6ad5fd02b218	packaging-and-documentation	boundary inventory; not a protocol source by itself
BtExperience	b88cdac9665d28494f19d6a5d759acf8d5f00ad9	doxygen/customdoxygen.css	9dfda4522f4cef97592b3b9c086e73ce7b08eae4	packaging-and-documentation	boundary inventory; not a protocol source by itself
BtExperience	b88cdac9665d28494f19d6a5d759acf8d5f00ad9	doxygen/footer.html	9943ff0f851844f5daaccd7e1adca02a193936dc	packaging-and-documentation	boundary inventory; not a protocol source by itself
BtExperience	b88cdac9665d28494f19d6a5d759acf8d5f00ad9	doxygen/generate_doc.py	a60e333bb4b551e3df4ee94441735563da28894a	packaging-and-documentation	boundary inventory; not a protocol source by itself
BtExperience	b88cdac9665d28494f19d6a5d759acf8d5f00ad9	doxygen/generate_qml_dir.py	86ff92d6e2426dc2f8e49d006cdc7c20795ef7e1	packaging-and-documentation	boundary inventory; not a protocol source by itself
BtExperience	b88cdac9665d28494f19d6a5d759acf8d5f00ad9	doxygen/header.html	8c95cadcaa484a106010080a05f51e56c841774d	packaging-and-documentation	boundary inventory; not a protocol source by itself
BtExperience	b88cdac9665d28494f19d6a5d759acf8d5f00ad9	doxygen/myhome.jpg	7f3a535757e0d650bd00b9a5e6efac6a919080ad	presentation-assets	inventory only; no new wire semantics
BtExperience	b88cdac9665d28494f19d6a5d759acf8d5f00ad9	gstmediaplayer/gstmain.cpp	466ee5fb84d8362e051434744b0619d624afb55a	packaging-and-documentation	boundary inventory; not a protocol source by itself
BtExperience	b88cdac9665d28494f19d6a5d759acf8d5f00ad9	gstmediaplayer/gstmediaplayer.cpp	afef438d0a9a509482d5358afa3992802d3b3eae	packaging-and-documentation	boundary inventory; not a protocol source by itself
BtExperience	b88cdac9665d28494f19d6a5d759acf8d5f00ad9	gstmediaplayer/gstmediaplayer.h	5cb63270c62dbe2a1dd0800f10c9e6a3e2abc3d9	packaging-and-documentation	boundary inventory; not a protocol source by itself
BtExperience	b88cdac9665d28494f19d6a5d759acf8d5f00ad9	gstmediaplayer/gstmediaplayer.pro	83e15aca23a3dab993ea2c821e00d54917c64df4	packaging-and-documentation	boundary inventory; not a protocol source by itself
BtExperience	b88cdac9665d28494f19d6a5d759acf8d5f00ad9	gui/applicationcommon.cpp	c37b7d63cf08e73666ae5f71262176c4ef17d145	gui-and-local-integration	API and literal-frame boundary scan
BtExperience	b88cdac9665d28494f19d6a5d759acf8d5f00ad9	gui/applicationcommon.h	9c4b4eac0cf51707123764e9df167e619d677e22	gui-and-local-integration	API and literal-frame boundary scan
BtExperience	b88cdac9665d28494f19d6a5d759acf8d5f00ad9	gui/audiostate.cpp	c1cfb76bbe11d257c69161a96292fdd4f5e6187f	gui-and-local-integration	API and literal-frame boundary scan
BtExperience	b88cdac9665d28494f19d6a5d759acf8d5f00ad9	gui/audiostate.h	4f450b3ead7006fc96534488081fc887b420e302	gui-and-local-integration	API and literal-frame boundary scan
BtExperience	b88cdac9665d28494f19d6a5d759acf8d5f00ad9	gui/browserprocess.cpp	afe74f4d82d59bd6507d26bfeb0b77fa5e004470	gui-and-local-integration	API and literal-frame boundary scan
BtExperience	b88cdac9665d28494f19d6a5d759acf8d5f00ad9	gui/browserprocess.h	714af4b6a37e58e9e1648ab71a3fa034e8710c3f	gui-and-local-integration	API and literal-frame boundary scan
BtExperience	b88cdac9665d28494f19d6a5d759acf8d5f00ad9	gui/calibration.cpp	e407ae1f919461501a9cd236b0cb0c7207dd1bf0	gui-and-local-integration	API and literal-frame boundary scan
BtExperience	b88cdac9665d28494f19d6a5d759acf8d5f00ad9	gui/calibration.h	3d259b0ddb7add079e20d7738a8e588c7f6b46a0	gui-and-local-integration	API and literal-frame boundary scan
BtExperience	b88cdac9665d28494f19d6a5d759acf8d5f00ad9	gui/common_files	3d3928181acf1383b951132f66a0e0aa52c96ed4	gui-and-local-integration	API and literal-frame boundary scan
BtExperience	b88cdac9665d28494f19d6a5d759acf8d5f00ad9	gui/eventfilters.cpp	fcd2c6e9a33769f5e8ffbeaaf187f0694b485350	gui-and-local-integration	API and literal-frame boundary scan
BtExperience	b88cdac9665d28494f19d6a5d759acf8d5f00ad9	gui/eventfilters.h	220eef63c14ec7b94fc731e0691ed16428e1fe23	gui-and-local-integration	API and literal-frame boundary scan
BtExperience	b88cdac9665d28494f19d6a5d759acf8d5f00ad9	gui/globalproperties.cpp	b4d9c0a07437163104aff4d31054bffed1a85ead	gui-and-local-integration	API and literal-frame boundary scan
BtExperience	b88cdac9665d28494f19d6a5d759acf8d5f00ad9	gui/globalproperties.h	221b08882c2a6c17e45de7ad0f2c4a884b2eff89	gui-and-local-integration	API and literal-frame boundary scan
BtExperience	b88cdac9665d28494f19d6a5d759acf8d5f00ad9	gui/globalpropertiescommon.cpp	1511cee0016ee11b75dfbb1c7f3cb922e0101459	gui-and-local-integration	API and literal-frame boundary scan
BtExperience	b88cdac9665d28494f19d6a5d759acf8d5f00ad9	gui/globalpropertiescommon.h	32e7a4dd114799c8912d7f061f8a898373e4f16d	gui-and-local-integration	API and literal-frame boundary scan
BtExperience	b88cdac9665d28494f19d6a5d759acf8d5f00ad9	gui/gui.pro	80a680e3e0c539414ab86a8680015e642c661f5a	gui-and-local-integration	API and literal-frame boundary scan
BtExperience	b88cdac9665d28494f19d6a5d759acf8d5f00ad9	gui/guisettings.cpp	8ddf14803a237bf8e9f0f4bd3fdc6e5c917321d1	gui-and-local-integration	API and literal-frame boundary scan
BtExperience	b88cdac9665d28494f19d6a5d759acf8d5f00ad9	gui/guisettings.h	c42971da1aeb258cf128ce549c1ddccb1e6d5af1	gui-and-local-integration	API and literal-frame boundary scan
BtExperience	b88cdac9665d28494f19d6a5d759acf8d5f00ad9	gui/hwkeys.cpp	a1718118838811e823ac9525bff4dba881b31b56	gui-and-local-integration	API and literal-frame boundary scan
BtExperience	b88cdac9665d28494f19d6a5d759acf8d5f00ad9	gui/hwkeys.h	200ec8742894a57eb9584436223f42b3199d2beb	gui-and-local-integration	API and literal-frame boundary scan
BtExperience	b88cdac9665d28494f19d6a5d759acf8d5f00ad9	gui/imagereader.cpp	be59838ea016b772b49ca15c5c967cd2b9c1ab0b	gui-and-local-integration	API and literal-frame boundary scan
BtExperience	b88cdac9665d28494f19d6a5d759acf8d5f00ad9	gui/imagereader.h	6a4e1002010445e61c5da6750694d84bfcf61717	gui-and-local-integration	API and literal-frame boundary scan
BtExperience	b88cdac9665d28494f19d6a5d759acf8d5f00ad9	gui/inputcontextwrapper.cpp	5ee344e909400555ce45fcdd9b23d4a88191f2d0	gui-and-local-integration	API and literal-frame boundary scan
BtExperience	b88cdac9665d28494f19d6a5d759acf8d5f00ad9	gui/inputcontextwrapper.h	929aef83a6281d61518c0a8e4eb01dccd58ca851	gui-and-local-integration	API and literal-frame boundary scan
BtExperience	b88cdac9665d28494f19d6a5d759acf8d5f00ad9	gui/locale/bt_experience_de.ts	dfbc87cd03ae7f7939a9df1412841556920a8eb7	presentation-assets	inventory only; no new wire semantics
BtExperience	b88cdac9665d28494f19d6a5d759acf8d5f00ad9	gui/locale/bt_experience_el.ts	00fc2b65930e8017cddceaf5ced5e3a9fbfbe512	presentation-assets	inventory only; no new wire semantics
BtExperience	b88cdac9665d28494f19d6a5d759acf8d5f00ad9	gui/locale/bt_experience_en.ts	cb680dcc1ac1789c98b9efc8604f206c85757f1a	presentation-assets	inventory only; no new wire semantics
BtExperience	b88cdac9665d28494f19d6a5d759acf8d5f00ad9	gui/locale/bt_experience_es.ts	bc5894cb38a6ffeb612d88dbb97ef76e4f7e2aa6	presentation-assets	inventory only; no new wire semantics
BtExperience	b88cdac9665d28494f19d6a5d759acf8d5f00ad9	gui/locale/bt_experience_fr.ts	8165545444fdb9192efa23d7908e779a6b112b23	presentation-assets	inventory only; no new wire semantics
BtExperience	b88cdac9665d28494f19d6a5d759acf8d5f00ad9	gui/locale/bt_experience_it.ts	01fb3544e60586ea7942a265b76fc7bd6edc850d	presentation-assets	inventory only; no new wire semantics
BtExperience	b88cdac9665d28494f19d6a5d759acf8d5f00ad9	gui/locale/bt_experience_nl.ts	6e32fdc114a8dfc2438749c89930f00b6de416fe	presentation-assets	inventory only; no new wire semantics
BtExperience	b88cdac9665d28494f19d6a5d759acf8d5f00ad9	gui/locale/bt_experience_pl.ts	415622b8d5b5edbe42980fcf565586f54a1862dd	presentation-assets	inventory only; no new wire semantics
BtExperience	b88cdac9665d28494f19d6a5d759acf8d5f00ad9	gui/locale/bt_experience_pt.ts	c29786d16b09fc76fc2a228581adbb58ef914d0f	presentation-assets	inventory only; no new wire semantics
BtExperience	b88cdac9665d28494f19d6a5d759acf8d5f00ad9	gui/locale/bt_experience_ru.ts	d24acfa14e091eda6dd54284861979db1c447297	presentation-assets	inventory only; no new wire semantics
BtExperience	b88cdac9665d28494f19d6a5d759acf8d5f00ad9	gui/locale/bt_experience_tr.ts	1491702c9c25b2d6f7619ad872642343dce6f746	presentation-assets	inventory only; no new wire semantics
BtExperience	b88cdac9665d28494f19d6a5d759acf8d5f00ad9	gui/locale/bt_experience_zh_CN.ts	fb5dca79a32c2a6824462a7181072e86446d26b5	presentation-assets	inventory only; no new wire semantics
BtExperience	b88cdac9665d28494f19d6a5d759acf8d5f00ad9	gui/lrelease.sh	78e9ea03819380c8faddaa7d718e98eeb7ba7649	gui-and-local-integration	API and literal-frame boundary scan
BtExperience	b88cdac9665d28494f19d6a5d759acf8d5f00ad9	gui/lupdate.sh	5e89158491837f5e640fa1ea5998de20d6fa0eac	gui-and-local-integration	API and literal-frame boundary scan
BtExperience	b88cdac9665d28494f19d6a5d759acf8d5f00ad9	gui/main.cpp	fbd852c8f675f87e402d15030f9c152f65cfc0a4	gui-and-local-integration	API and literal-frame boundary scan
BtExperience	b88cdac9665d28494f19d6a5d759acf8d5f00ad9	gui/qmlapplicationviewer/qmlapplicationviewer.cpp	11cfb497936cc4bdafc03ab8e89bf36e83754137	gui-and-local-integration	API and literal-frame boundary scan
BtExperience	b88cdac9665d28494f19d6a5d759acf8d5f00ad9	gui/qmlapplicationviewer/qmlapplicationviewer.h	f4c1d6a098fb60c62e522d2054b8a57bcf957401	gui-and-local-integration	API and literal-frame boundary scan
BtExperience	b88cdac9665d28494f19d6a5d759acf8d5f00ad9	gui/qmlapplicationviewer/qmlapplicationviewer.pri	b6931d04528d7b15204a7e2f775f87516276b2c8	gui-and-local-integration	API and literal-frame boundary scan
BtExperience	b88cdac9665d28494f19d6a5d759acf8d5f00ad9	gui/ringtonemanager.cpp	ff6bf3e8dbc958a89dbedef49532e95c42876332	gui-and-local-integration	API and literal-frame boundary scan
BtExperience	b88cdac9665d28494f19d6a5d759acf8d5f00ad9	gui/ringtonemanager.h	aec3dc2f0968464304d946e78fac30e9b2773a86	gui-and-local-integration	API and literal-frame boundary scan
BtExperience	b88cdac9665d28494f19d6a5d759acf8d5f00ad9	gui/skins/default/AddQuicklink.qml	bd71973da7eb84f8becd3858a7b852a7f4cce116	application-presentation	API and literal-frame boundary scan; no generic wire rules inferred
BtExperience	b88cdac9665d28494f19d6a5d759acf8d5f00ad9	gui/skins/default/AlarmClockDateTimePage.qml	61babdc5d1775de6174fb7b5575398cabfb90eb7	application-presentation	API and literal-frame boundary scan; no generic wire rules inferred
BtExperience	b88cdac9665d28494f19d6a5d759acf8d5f00ad9	gui/skins/default/AlarmClockRingtonePage.qml	634ec8868447441a486d3a72de40a7dd144ac673	application-presentation	API and literal-frame boundary scan; no generic wire rules inferred
BtExperience	b88cdac9665d28494f19d6a5d759acf8d5f00ad9	gui/skins/default/Antintrusion.qml	dd0b944cf7d02fae56b11e51a469563906552ee3	application-presentation	API and literal-frame boundary scan; no generic wire rules inferred
BtExperience	b88cdac9665d28494f19d6a5d759acf8d5f00ad9	gui/skins/default/AntintrusionNames.qml	ce34089f04e0af30061d37535926e485038e9bca	application-presentation	API and literal-frame boundary scan; no generic wire rules inferred
BtExperience	b88cdac9665d28494f19d6a5d759acf8d5f00ad9	gui/skins/default/AudioPlayer.qml	2ea408cc71d6d91148a3f40081ab4c17365c40f2	application-presentation	API and literal-frame boundary scan; no generic wire rules inferred
BtExperience	b88cdac9665d28494f19d6a5d759acf8d5f00ad9	gui/skins/default/Automation.qml	1de19c416b20b63288499fca1c1a8a1f32ad8674	application-presentation	API and literal-frame boundary scan; no generic wire rules inferred
BtExperience	b88cdac9665d28494f19d6a5d759acf8d5f00ad9	gui/skins/default/BasePage.qml	32a77c8505e39de2e48bd7f05ebeda0d747d4285	application-presentation	API and literal-frame boundary scan; no generic wire rules inferred
BtExperience	b88cdac9665d28494f19d6a5d759acf8d5f00ad9	gui/skins/default/BrowserPage.qml	5bbea1330db7cb0cca547ce2f6e0f15464d8cc32	application-presentation	API and literal-frame boundary scan; no generic wire rules inferred
BtExperience	b88cdac9665d28494f19d6a5d759acf8d5f00ad9	gui/skins/default/Calibration.qml	f68fe00163838efa0a40a966c4b48294d3478714	application-presentation	API and literal-frame boundary scan; no generic wire rules inferred
BtExperience	b88cdac9665d28494f19d6a5d759acf8d5f00ad9	gui/skins/default/ChangePassword.qml	6b75bad728b1cb920e4da0f4912a904ab177af20	application-presentation	API and literal-frame boundary scan; no generic wire rules inferred
BtExperience	b88cdac9665d28494f19d6a5d759acf8d5f00ad9	gui/skins/default/Clean.qml	2d871e1466bd42ba82f27c8dbe1124b021e5ae61	application-presentation	API and literal-frame boundary scan; no generic wire rules inferred
BtExperience	b88cdac9665d28494f19d6a5d759acf8d5f00ad9	gui/skins/default/Components/Alert.qml	a2bc683efe33e3ec5716ef46b20a94bc43710ea3	application-presentation	API and literal-frame boundary scan; no generic wire rules inferred
BtExperience	b88cdac9665d28494f19d6a5d759acf8d5f00ad9	gui/skins/default/Components/AnimatedLoader.qml	754c9a9268caf780549acc387c2dff3758a3d616	application-presentation	API and literal-frame boundary scan; no generic wire rules inferred
BtExperience	b88cdac9665d28494f19d6a5d759acf8d5f00ad9	gui/skins/default/Components/AnimationManager.qml	c2a1db1c4aa279710555f5af0d6154cc4382f836	application-presentation	API and literal-frame boundary scan; no generic wire rules inferred
BtExperience	b88cdac9665d28494f19d6a5d759acf8d5f00ad9	gui/skins/default/Components/Antintrusion/AntintrusionAlarms.qml	fe5caff754d4488f4128bdaecd256fb87419dd2b	application-presentation	API and literal-frame boundary scan; no generic wire rules inferred
BtExperience	b88cdac9665d28494f19d6a5d759acf8d5f00ad9	gui/skins/default/Components/Antintrusion/AntintrusionScenarios.qml	826231b90de1b6c7aaa258b8c06af26212b80499	application-presentation	API and literal-frame boundary scan; no generic wire rules inferred
BtExperience	b88cdac9665d28494f19d6a5d759acf8d5f00ad9	gui/skins/default/Components/Antintrusion/AntintrusionSystem.qml	d65fb365fc1fb2f1f36661204be790303406dd87	application-presentation	API and literal-frame boundary scan; no generic wire rules inferred
BtExperience	b88cdac9665d28494f19d6a5d759acf8d5f00ad9	gui/skins/default/Components/Antintrusion/LedZone.qml	c70969bdbca30cdedb59ac51f634acadfb549e78	application-presentation	API and literal-frame boundary scan; no generic wire rules inferred
BtExperience	b88cdac9665d28494f19d6a5d759acf8d5f00ad9	gui/skins/default/Components/Antintrusion/qmldir	2a07b8de706493c5d6e4faaa2c4e4e11b93c3208	gui-and-local-integration	API and literal-frame boundary scan
BtExperience	b88cdac9665d28494f19d6a5d759acf8d5f00ad9	gui/skins/default/Components/Automation/Automation1.qml	838e67da3ca301f90cc21a86d6af263d8782e159	application-presentation	API and literal-frame boundary scan; no generic wire rules inferred
BtExperience	b88cdac9665d28494f19d6a5d759acf8d5f00ad9	gui/skins/default/Components/Automation/Automation2.qml	7d424cb8f1d5eee27aa86d32c5f6ee8164e07bfc	application-presentation	API and literal-frame boundary scan; no generic wire rules inferred
BtExperience	b88cdac9665d28494f19d6a5d759acf8d5f00ad9	gui/skins/default/Components/Automation/Automation2GEN.qml	ba0ca68832ae8d9c46edd30ff858719ab8921afd	application-presentation	API and literal-frame boundary scan; no generic wire rules inferred
BtExperience	b88cdac9665d28494f19d6a5d759acf8d5f00ad9	gui/skins/default/Components/Automation/Automation3OpenClose.qml	c4c1468ac8bcde464317288d1a01b42edcd9db40	application-presentation	API and literal-frame boundary scan; no generic wire rules inferred
BtExperience	b88cdac9665d28494f19d6a5d759acf8d5f00ad9	gui/skins/default/Components/Automation/Automation3OpenCloseSafe.qml	4297f316592523540e37ddb753967da687707bb6	application-presentation	API and literal-frame boundary scan; no generic wire rules inferred
BtExperience	b88cdac9665d28494f19d6a5d759acf8d5f00ad9	gui/skins/default/Components/Automation/Automation3UpDown.qml	e223f2c93b8f5ebf88d430758c4dcb522a8624fc	application-presentation	API and literal-frame boundary scan; no generic wire rules inferred
BtExperience	b88cdac9665d28494f19d6a5d759acf8d5f00ad9	gui/skins/default/Components/Automation/Automation3UpDownSafe.qml	07b123f83b14ae6e63b8d0c1084ef4c2a3f83e35	application-presentation	API and literal-frame boundary scan; no generic wire rules inferred
BtExperience	b88cdac9665d28494f19d6a5d759acf8d5f00ad9	gui/skins/default/Components/Automation/AutomationContact.qml	098dae1410cfeb307c538f35c246e71d5c884892	application-presentation	API and literal-frame boundary scan; no generic wire rules inferred
BtExperience	b88cdac9665d28494f19d6a5d759acf8d5f00ad9	gui/skins/default/Components/Automation/AutomationGEN3OpenClose.qml	76ba065684da7183a15b068aca4d7af6ad14bf2a	application-presentation	API and literal-frame boundary scan; no generic wire rules inferred
BtExperience	b88cdac9665d28494f19d6a5d759acf8d5f00ad9	gui/skins/default/Components/Automation/AutomationGEN3UpDown.qml	6841d649e53ce9e51ff143d3a9b74c99221830aa	application-presentation	API and literal-frame boundary scan; no generic wire rules inferred
BtExperience	b88cdac9665d28494f19d6a5d759acf8d5f00ad9	gui/skins/default/Components/Automation/AutomationGroup2.qml	392285da7b70a510d8cefa27530895b0fedbd428	application-presentation	API and literal-frame boundary scan; no generic wire rules inferred
BtExperience	b88cdac9665d28494f19d6a5d759acf8d5f00ad9	gui/skins/default/Components/Automation/AutomationGroup3OpenClose.qml	ad46d79d133a2ed9b8514dd499d3c67808d8a44f	application-presentation	API and literal-frame boundary scan; no generic wire rules inferred
BtExperience	b88cdac9665d28494f19d6a5d759acf8d5f00ad9	gui/skins/default/Components/Automation/AutomationGroup3UpDown.qml	afb5141bd0f5f09e43dd9dd8c97c67212217e590	application-presentation	API and literal-frame boundary scan; no generic wire rules inferred
BtExperience	b88cdac9665d28494f19d6a5d759acf8d5f00ad9	gui/skins/default/Components/Automation/AutomationItems.qml	dc8476ffab0dfd2b253f32d10b103fb389c9bb9e	application-presentation	API and literal-frame boundary scan; no generic wire rules inferred
BtExperience	b88cdac9665d28494f19d6a5d759acf8d5f00ad9	gui/skins/default/Components/Automation/AutomationVDE.qml	4df75b1c7f568d863e42458c50c4c9e4a892d8a7	application-presentation	API and literal-frame boundary scan; no generic wire rules inferred
BtExperience	b88cdac9665d28494f19d6a5d759acf8d5f00ad9	gui/skins/default/Components/Automation/qmldir	1770e9b093082ec8c0e8917978eee336210b622c	gui-and-local-integration	API and literal-frame boundary scan
BtExperience	b88cdac9665d28494f19d6a5d759acf8d5f00ad9	gui/skins/default/Components/BeepingMouseArea.qml	a79e0a6d61395fdb82d8bb381dc936deb22562e2	application-presentation	API and literal-frame boundary scan; no generic wire rules inferred
BtExperience	b88cdac9665d28494f19d6a5d759acf8d5f00ad9	gui/skins/default/Components/Browser/FavoritesBar.qml	cb5cd8bf56d920328c68f9566e21f89a797f223f	application-presentation	API and literal-frame boundary scan; no generic wire rules inferred
BtExperience	b88cdac9665d28494f19d6a5d759acf8d5f00ad9	gui/skins/default/Components/Browser/FlickableWebView.qml	a15bda9841db4d5cfe2c1700f8091c4af54294ae	application-presentation	API and literal-frame boundary scan; no generic wire rules inferred
BtExperience	b88cdac9665d28494f19d6a5d759acf8d5f00ad9	gui/skins/default/Components/Browser/Header.qml	0fa6f9f9ead154ae29ed78a53f7ecc2c3591e5f7	application-presentation	API and literal-frame boundary scan; no generic wire rules inferred
BtExperience	b88cdac9665d28494f19d6a5d759acf8d5f00ad9	gui/skins/default/Components/Browser/ScrollBar.qml	7afcbb431f02c8c6f7f8dc28d23e62445d2c8ff6	application-presentation	API and literal-frame boundary scan; no generic wire rules inferred
BtExperience	b88cdac9665d28494f19d6a5d759acf8d5f00ad9	gui/skins/default/Components/Browser/UrlInput.qml	55db2d130a85f98f53272963cd82571e09bdbab8	application-presentation	API and literal-frame boundary scan; no generic wire rules inferred
BtExperience	b88cdac9665d28494f19d6a5d759acf8d5f00ad9	gui/skins/default/Components/Browser/ZoomBar.qml	2a5847c3f48da4f4a4f83dd79739966d0296793f	application-presentation	API and literal-frame boundary scan; no generic wire rules inferred
BtExperience	b88cdac9665d28494f19d6a5d759acf8d5f00ad9	gui/skins/default/Components/Browser/fragmentloader.js	57fd10307009777dd328e6bba5cf7a85350093c1	application-presentation	API and literal-frame boundary scan; no generic wire rules inferred
BtExperience	b88cdac9665d28494f19d6a5d759acf8d5f00ad9	gui/skins/default/Components/Browser/qmldir	05238ec45907cecf27be2715323b727e65b3eb45	gui-and-local-integration	API and literal-frame boundary scan
BtExperience	b88cdac9665d28494f19d6a5d759acf8d5f00ad9	gui/skins/default/Components/BtObjectsMapping.qml	3d56338dba69004d4d007d0054927c5fe61bb5c8	application-presentation	API and literal-frame boundary scan; no generic wire rules inferred
BtExperience	b88cdac9665d28494f19d6a5d759acf8d5f00ad9	gui/skins/default/Components/ButtonHomePageLink.qml	9beb037795bf62c43936e769c6a05f50ab545bc2	application-presentation	API and literal-frame boundary scan; no generic wire rules inferred
BtExperience	b88cdac9665d28494f19d6a5d759acf8d5f00ad9	gui/skins/default/Components/ButtonImageThreeStates.qml	01130109c06f25065a5fde7161d2b4a043a6e47d	application-presentation	API and literal-frame boundary scan; no generic wire rules inferred
BtExperience	b88cdac9665d28494f19d6a5d759acf8d5f00ad9	gui/skins/default/Components/ButtonMinusPlus.qml	5dd5d8e82f27a1e0b14e9f577cf4676192d55cd3	application-presentation	API and literal-frame boundary scan; no generic wire rules inferred
BtExperience	b88cdac9665d28494f19d6a5d759acf8d5f00ad9	gui/skins/default/Components/ButtonOkCancel.qml	d132bfd3651e7b76a9f04b83fa702a1a09f95c7b	application-presentation	API and literal-frame boundary scan; no generic wire rules inferred
BtExperience	b88cdac9665d28494f19d6a5d759acf8d5f00ad9	gui/skins/default/Components/ButtonTextImageThreeStates.qml	9638bed9b5289f1d61fa735c212ea5e54598ee0d	application-presentation	API and literal-frame boundary scan; no generic wire rules inferred
BtExperience	b88cdac9665d28494f19d6a5d759acf8d5f00ad9	gui/skins/default/Components/ButtonThreeStates.qml	5353066d76a23b025bf09afe79a817da009754e7	application-presentation	API and literal-frame boundary scan; no generic wire rules inferred
BtExperience	b88cdac9665d28494f19d6a5d759acf8d5f00ad9	gui/skins/default/Components/ButtonThreeStatesAutomation.qml	a7abe625f4286747543e877c7b024cce29c1014e	application-presentation	API and literal-frame boundary scan; no generic wire rules inferred
BtExperience	b88cdac9665d28494f19d6a5d759acf8d5f00ad9	gui/skins/default/Components/ButtonThreeStatesIcon.qml	084f58c2f276d5455e87a71defaa700050c53792	application-presentation	API and literal-frame boundary scan; no generic wire rules inferred
BtExperience	b88cdac9665d28494f19d6a5d759acf8d5f00ad9	gui/skins/default/Components/CameraLink.qml	4d990517f9a35fea97022bb10eec41f5c3ac6bcd	application-presentation	API and literal-frame boundary scan; no generic wire rules inferred
BtExperience	b88cdac9665d28494f19d6a5d759acf8d5f00ad9	gui/skins/default/Components/CardDelegate.qml	bf5711b6dbe11a6fa1589bde445f484ee90a829c	application-presentation	API and literal-frame boundary scan; no generic wire rules inferred
BtExperience	b88cdac9665d28494f19d6a5d759acf8d5f00ad9	gui/skins/default/Components/CardView.qml	4a3840f1a17d67db4065192a6a950780e34d2b9a	application-presentation	API and literal-frame boundary scan; no generic wire rules inferred
BtExperience	b88cdac9665d28494f19d6a5d759acf8d5f00ad9	gui/skins/default/Components/ColumnBrowserCommon.qml	f5f49513c142b80cc8c1b3b3a3e5d3504ddc2b50	application-presentation	API and literal-frame boundary scan; no generic wire rules inferred
BtExperience	b88cdac9665d28494f19d6a5d759acf8d5f00ad9	gui/skins/default/Components/ColumnBrowserDelegate.qml	a2d698e1f1b8edaf92677932bb97007ff1eee733	application-presentation	API and literal-frame boundary scan; no generic wire rules inferred
BtExperience	b88cdac9665d28494f19d6a5d759acf8d5f00ad9	gui/skins/default/Components/ColumnBrowserDirectoryModel.qml	5cecfe3f51ba06c3b32217df499bde63ddd73c53	application-presentation	API and literal-frame boundary scan; no generic wire rules inferred
BtExperience	b88cdac9665d28494f19d6a5d759acf8d5f00ad9	gui/skins/default/Components/ColumnBrowserUpnpModel.qml	9758cf2b350baebbdac7f053c30c6d01099df339	application-presentation	API and literal-frame boundary scan; no generic wire rules inferred
BtExperience	b88cdac9665d28494f19d6a5d759acf8d5f00ad9	gui/skins/default/Components/ConfirmationBar.qml	aa4c843ac8be25738025cb890f59679f02de7fa6	application-presentation	API and literal-frame boundary scan; no generic wire rules inferred
BtExperience	b88cdac9665d28494f19d6a5d759acf8d5f00ad9	gui/skins/default/Components/Constants.qml	62f7c5f72a00ee3487d0849e3ddbbe14269fa453	application-presentation	API and literal-frame boundary scan; no generic wire rules inferred
BtExperience	b88cdac9665d28494f19d6a5d759acf8d5f00ad9	gui/skins/default/Components/ControlAutomation3Group.qml	89f2505c90f5df268f32ab94f99be49c20606ce0	application-presentation	API and literal-frame boundary scan; no generic wire rules inferred
BtExperience	b88cdac9665d28494f19d6a5d759acf8d5f00ad9	gui/skins/default/Components/ControlBalance.qml	6ecce2c90a96ec89b1293b240c00b505e3adad28	application-presentation	API and literal-frame boundary scan; no generic wire rules inferred
BtExperience	b88cdac9665d28494f19d6a5d759acf8d5f00ad9	gui/skins/default/Components/ControlCall.qml	e6f7500022c7f2f10cb0aafd7985e3dc57d60490	application-presentation	API and literal-frame boundary scan; no generic wire rules inferred
BtExperience	b88cdac9665d28494f19d6a5d759acf8d5f00ad9	gui/skins/default/Components/ControlDateTime.qml	1c7a021af1388f7e9a12656e5a1d87eef577c6ce	application-presentation	API and literal-frame boundary scan; no generic wire rules inferred
BtExperience	b88cdac9665d28494f19d6a5d759acf8d5f00ad9	gui/skins/default/Components/ControlDoubleSpin.qml	b243a527864b571b52eb4f3b786d01789b91b459	application-presentation	API and literal-frame boundary scan; no generic wire rules inferred
BtExperience	b88cdac9665d28494f19d6a5d759acf8d5f00ad9	gui/skins/default/Components/ControlLeftRight.qml	f731c4d38955e47702d230057ab749c9d718ae30	application-presentation	API and literal-frame boundary scan; no generic wire rules inferred
BtExperience	b88cdac9665d28494f19d6a5d759acf8d5f00ad9	gui/skins/default/Components/ControlLeftRightWithTitle.qml	12367c0b6c5391bb03577aede56cb1b752679c01	application-presentation	API and literal-frame boundary scan; no generic wire rules inferred
BtExperience	b88cdac9665d28494f19d6a5d759acf8d5f00ad9	gui/skins/default/Components/ControlMinusPlus.qml	3050066e10e62c87791c39ddb5e80b0f80b035c8	application-presentation	API and literal-frame boundary scan; no generic wire rules inferred
BtExperience	b88cdac9665d28494f19d6a5d759acf8d5f00ad9	gui/skins/default/Components/ControlOn.qml	9317feb5a0ba771049afe7590b21736ee6095d56	application-presentation	API and literal-frame boundary scan; no generic wire rules inferred
BtExperience	b88cdac9665d28494f19d6a5d759acf8d5f00ad9	gui/skins/default/Components/ControlOnOff.qml	497b10ae441b9f70ada89e602a0774d8c0e4d95e	application-presentation	API and literal-frame boundary scan; no generic wire rules inferred
BtExperience	b88cdac9665d28494f19d6a5d759acf8d5f00ad9	gui/skins/default/Components/ControlOpenCloseStop.qml	739039a400e2b62ac0465ab1faaa4d85d43c5594	application-presentation	API and literal-frame boundary scan; no generic wire rules inferred
BtExperience	b88cdac9665d28494f19d6a5d759acf8d5f00ad9	gui/skins/default/Components/ControlOpenCloseStopSafe.qml	8b18b3f41ed468fb2a8bcd081ecdf59bd2267246	application-presentation	API and literal-frame boundary scan; no generic wire rules inferred
BtExperience	b88cdac9665d28494f19d6a5d759acf8d5f00ad9	gui/skins/default/Components/ControlPathView.qml	a6a6c9e242185d3757c14eef000c4183427ae59a	application-presentation	API and literal-frame boundary scan; no generic wire rules inferred
BtExperience	b88cdac9665d28494f19d6a5d759acf8d5f00ad9	gui/skins/default/Components/ControlPathViewInternal.qml	4ad5c746ebecb494094707f834f87cdbd5e1bf4e	application-presentation	API and literal-frame boundary scan; no generic wire rules inferred
BtExperience	b88cdac9665d28494f19d6a5d759acf8d5f00ad9	gui/skins/default/Components/ControlPopup.qml	4fc3e91ecef365b8f74da3fbb89d8682007ee0f8	application-presentation	API and literal-frame boundary scan; no generic wire rules inferred
BtExperience	b88cdac9665d28494f19d6a5d759acf8d5f00ad9	gui/skins/default/Components/ControlPullDown.qml	369b25440a7b93dd2959d7738cd783a6a8ccb046	application-presentation	API and literal-frame boundary scan; no generic wire rules inferred
BtExperience	b88cdac9665d28494f19d6a5d759acf8d5f00ad9	gui/skins/default/Components/ControlRadio.qml	709728eb459f99f5523eb75e3b82fda26e0e1faf	application-presentation	API and literal-frame boundary scan; no generic wire rules inferred
BtExperience	b88cdac9665d28494f19d6a5d759acf8d5f00ad9	gui/skins/default/Components/ControlRadioHorizontal.qml	eb47bf772da05917b68c91db323e90281ae6ff34	application-presentation	API and literal-frame boundary scan; no generic wire rules inferred
BtExperience	b88cdac9665d28494f19d6a5d759acf8d5f00ad9	gui/skins/default/Components/ControlSettings.qml	5e9d583c2478ed0fb74ec077c16fe093a8932f16	application-presentation	API and literal-frame boundary scan; no generic wire rules inferred
BtExperience	b88cdac9665d28494f19d6a5d759acf8d5f00ad9	gui/skins/default/Components/ControlSlider.qml	ff94025d741b9e284671d4a259e7d8fda600ca60	application-presentation	API and literal-frame boundary scan; no generic wire rules inferred
BtExperience	b88cdac9665d28494f19d6a5d759acf8d5f00ad9	gui/skins/default/Components/ControlSliderMute.qml	60305ed8ce0ee45e6bfb25b06f1a91028455a59d	application-presentation	API and literal-frame boundary scan; no generic wire rules inferred
BtExperience	b88cdac9665d28494f19d6a5d759acf8d5f00ad9	gui/skins/default/Components/ControlSpin.qml	13597ed917cde35a6fe23337eca72dbf3adb4760	application-presentation	API and literal-frame boundary scan; no generic wire rules inferred
BtExperience	b88cdac9665d28494f19d6a5d759acf8d5f00ad9	gui/skins/default/Components/ControlSwitch.qml	c3e620e50dcd1c7f2eb4c8863497cfcef4de023a	application-presentation	API and literal-frame boundary scan; no generic wire rules inferred
BtExperience	b88cdac9665d28494f19d6a5d759acf8d5f00ad9	gui/skins/default/Components/ControlTitleValue.qml	0fd20648e0d286b9f4f6e1fda7aefc73fe5332f4	application-presentation	API and literal-frame boundary scan; no generic wire rules inferred
BtExperience	b88cdac9665d28494f19d6a5d759acf8d5f00ad9	gui/skins/default/Components/ControlUpDownStop.qml	befa5de12e79285320bc44b6358e589a820834bb	application-presentation	API and literal-frame boundary scan; no generic wire rules inferred
BtExperience	b88cdac9665d28494f19d6a5d759acf8d5f00ad9	gui/skins/default/Components/ControlUpDownStopSafe.qml	144cacfed296149e409a3bb6ad002915d4c23ad0	application-presentation	API and literal-frame boundary scan; no generic wire rules inferred
BtExperience	b88cdac9665d28494f19d6a5d759acf8d5f00ad9	gui/skins/default/Components/EditNote.qml	bd795589b4f8c5d6178a181ec8fd4ae4dcd2e039	application-presentation	API and literal-frame boundary scan; no generic wire rules inferred
BtExperience	b88cdac9665d28494f19d6a5d759acf8d5f00ad9	gui/skins/default/Components/EnergyManagement/Appliance.qml	25368ba990ee12481198ffa1b5cc82ce179be63b	application-presentation	API and literal-frame boundary scan; no generic wire rules inferred
BtExperience	b88cdac9665d28494f19d6a5d759acf8d5f00ad9	gui/skins/default/Components/EnergyManagement/ControlSwitchLoadManagement.qml	4373e4a4d5a79c15fb7691213cc3fa630c3c8104	application-presentation	API and literal-frame boundary scan; no generic wire rules inferred
BtExperience	b88cdac9665d28494f19d6a5d759acf8d5f00ad9	gui/skins/default/Components/EnergyManagement/EnergyCardView.qml	e09fbec2424fa54cc30764a66229ba893f45eb78	application-presentation	API and literal-frame boundary scan; no generic wire rules inferred
BtExperience	b88cdac9665d28494f19d6a5d759acf8d5f00ad9	gui/skins/default/Components/EnergyManagement/EnergyDataDelegate.qml	75ba7dc851f815a0789611e014fdd718f2e429ea	application-presentation	API and literal-frame boundary scan; no generic wire rules inferred
BtExperience	b88cdac9665d28494f19d6a5d759acf8d5f00ad9	gui/skins/default/Components/EnergyManagement/EnergyDateSelector.qml	76a2ef8c7991e309923122638e9d9538da9600f0	application-presentation	API and literal-frame boundary scan; no generic wire rules inferred
BtExperience	b88cdac9665d28494f19d6a5d759acf8d5f00ad9	gui/skins/default/Components/EnergyManagement/EnergyDayGraph.qml	0dacd45045b2097e64f69c238ef3f47bd48df2ce	application-presentation	API and literal-frame boundary scan; no generic wire rules inferred
BtExperience	b88cdac9665d28494f19d6a5d759acf8d5f00ad9	gui/skins/default/Components/EnergyManagement/EnergyDayTable.qml	19de680c3fc796f220ae6ca918605eae24784696	application-presentation	API and literal-frame boundary scan; no generic wire rules inferred
BtExperience	b88cdac9665d28494f19d6a5d759acf8d5f00ad9	gui/skins/default/Components/EnergyManagement/EnergyFunctions.qml	d47802a8d5ae00e017ba97167010e2456f1306f5	application-presentation	API and literal-frame boundary scan; no generic wire rules inferred
BtExperience	b88cdac9665d28494f19d6a5d759acf8d5f00ad9	gui/skins/default/Components/EnergyManagement/EnergyManagementSystem.qml	95fc6d84272d5c82b382fa60427dfed6a758f567	application-presentation	API and literal-frame boundary scan; no generic wire rules inferred
BtExperience	b88cdac9665d28494f19d6a5d759acf8d5f00ad9	gui/skins/default/Components/EnergyManagement/EnergyMonthGraph.qml	0d6cf352a154a7c24fa6317793d77dca1a86c1dd	application-presentation	API and literal-frame boundary scan; no generic wire rules inferred
BtExperience	b88cdac9665d28494f19d6a5d759acf8d5f00ad9	gui/skins/default/Components/EnergyManagement/EnergyMonthTable.qml	309dcc17efc10f8865b3ddb5ca5c2316403955fa	application-presentation	API and literal-frame boundary scan; no generic wire rules inferred
BtExperience	b88cdac9665d28494f19d6a5d759acf8d5f00ad9	gui/skins/default/Components/EnergyManagement/EnergyOverview.qml	3065f82ec785a73f4d4250e732e8561f7404d8f2	application-presentation	API and literal-frame boundary scan; no generic wire rules inferred
BtExperience	b88cdac9665d28494f19d6a5d759acf8d5f00ad9	gui/skins/default/Components/EnergyManagement/EnergyTableHeader.qml	ea4139c1cdce94c26d14daf14fbc3fd3b7910f1f	application-presentation	API and literal-frame boundary scan; no generic wire rules inferred
BtExperience	b88cdac9665d28494f19d6a5d759acf8d5f00ad9	gui/skins/default/Components/EnergyManagement/EnergyTableRow.qml	a5316b7d503c79b76eb36740705553bc12ec7786	application-presentation	API and literal-frame boundary scan; no generic wire rules inferred
BtExperience	b88cdac9665d28494f19d6a5d759acf8d5f00ad9	gui/skins/default/Components/EnergyManagement/EnergyYearGraph.qml	2d8444caa4249f2b333b96006ff1a660246d157b	application-presentation	API and literal-frame boundary scan; no generic wire rules inferred
BtExperience	b88cdac9665d28494f19d6a5d759acf8d5f00ad9	gui/skins/default/Components/EnergyManagement/EnergyYearTable.qml	8afc7271182f2169efbe4f7c8a0f95ce63ce9465	application-presentation	API and literal-frame boundary scan; no generic wire rules inferred
BtExperience	b88cdac9665d28494f19d6a5d759acf8d5f00ad9	gui/skins/default/Components/EnergyManagement/ForceDurationPopup.qml	32999c76d99e6471d9c27abf59aa3a83cb32d479	application-presentation	API and literal-frame boundary scan; no generic wire rules inferred
BtExperience	b88cdac9665d28494f19d6a5d759acf8d5f00ad9	gui/skins/default/Components/EnergyManagement/GlobalViewTable.qml	5e67db55a6ac46695d4b214982646888920a76fe	application-presentation	API and literal-frame boundary scan; no generic wire rules inferred
BtExperience	b88cdac9665d28494f19d6a5d759acf8d5f00ad9	gui/skins/default/Components/EnergyManagement/InstantConsumption.qml	e8d64bb60abda7bd144f493d7cc75f8c753783e5	application-presentation	API and literal-frame boundary scan; no generic wire rules inferred
BtExperience	b88cdac9665d28494f19d6a5d759acf8d5f00ad9	gui/skins/default/Components/EnergyManagement/LoadDiagnostic.qml	3e56bbeef201154cba378b4481d9a5690740c597	application-presentation	API and literal-frame boundary scan; no generic wire rules inferred
BtExperience	b88cdac9665d28494f19d6a5d759acf8d5f00ad9	gui/skins/default/Components/EnergyManagement/LoadManagement.qml	b77610549a3b85da5c182f9f7f1403c4a81bca15	application-presentation	API and literal-frame boundary scan; no generic wire rules inferred
BtExperience	b88cdac9665d28494f19d6a5d759acf8d5f00ad9	gui/skins/default/Components/EnergyManagement/Partial.qml	831de2752722293c1f0798686b98defbccad53ed	application-presentation	API and literal-frame boundary scan; no generic wire rules inferred
BtExperience	b88cdac9665d28494f19d6a5d759acf8d5f00ad9	gui/skins/default/Components/EnergyManagement/StopAndGoBtest.qml	c9807884fc6a7b8b72ad9d75c3d2495ae45087e7	application-presentation	API and literal-frame boundary scan; no generic wire rules inferred
BtExperience	b88cdac9665d28494f19d6a5d759acf8d5f00ad9	gui/skins/default/Components/EnergyManagement/StopAndGoMenu.qml	c24ee0d7b0e841a5c9e2cb7e415c5854265efa43	application-presentation	API and literal-frame boundary scan; no generic wire rules inferred
BtExperience	b88cdac9665d28494f19d6a5d759acf8d5f00ad9	gui/skins/default/Components/EnergyManagement/StopAndGoPlus.qml	45360ed27289339c50994dcae431a8a12154b779	application-presentation	API and literal-frame boundary scan; no generic wire rules inferred
BtExperience	b88cdac9665d28494f19d6a5d759acf8d5f00ad9	gui/skins/default/Components/EnergyManagement/Supervision.qml	ee2ce2cff445c5746ef12fad05264af0c3c72faa	application-presentation	API and literal-frame boundary scan; no generic wire rules inferred
BtExperience	b88cdac9665d28494f19d6a5d759acf8d5f00ad9	gui/skins/default/Components/EnergyManagement/UnitSelector.qml	f79c3f9362aed3e69f298a47d3615922cf933246	application-presentation	API and literal-frame boundary scan; no generic wire rules inferred
BtExperience	b88cdac9665d28494f19d6a5d759acf8d5f00ad9	gui/skins/default/Components/EnergyManagement/qmldir	7f45f346487830482a4fe439440350cb1423660d	gui-and-local-integration	API and literal-frame boundary scan
BtExperience	b88cdac9665d28494f19d6a5d759acf8d5f00ad9	gui/skins/default/Components/EventManager.qml	c1387261e6800d89fa725160f1eca7586f3d1afa	application-presentation	API and literal-frame boundary scan; no generic wire rules inferred
BtExperience	b88cdac9665d28494f19d6a5d759acf8d5f00ad9	gui/skins/default/Components/FadeAnimation.qml	859285983fb3d72aca3303e1c0c6217aa7feacf8	application-presentation	API and literal-frame boundary scan; no generic wire rules inferred
BtExperience	b88cdac9665d28494f19d6a5d759acf8d5f00ad9	gui/skins/default/Components/FavoriteEditPopup.qml	c108b9a9b268eb4716cd4aa608b6ce97c750032c	application-presentation	API and literal-frame boundary scan; no generic wire rules inferred
BtExperience	b88cdac9665d28494f19d6a5d759acf8d5f00ad9	gui/skins/default/Components/FavoriteItem.qml	a7fe6c54137b8875fc2780f7fb3ce10ceef882d8	application-presentation	API and literal-frame boundary scan; no generic wire rules inferred
BtExperience	b88cdac9665d28494f19d6a5d759acf8d5f00ad9	gui/skins/default/Components/HorizontalView.qml	0530977b6d34e709ad2cacc028987703f7334acd	application-presentation	API and literal-frame boundary scan; no generic wire rules inferred
BtExperience	b88cdac9665d28494f19d6a5d759acf8d5f00ad9	gui/skins/default/Components/KeyPad.qml	6cfd678428339f1ce1b21e980ec05df29290681f	application-presentation	API and literal-frame boundary scan; no generic wire rules inferred
BtExperience	b88cdac9665d28494f19d6a5d759acf8d5f00ad9	gui/skins/default/Components/Lighting/ControlTiming.qml	382e53a03e098b74d053f8eb816da0e65d2646b1	application-presentation	API and literal-frame boundary scan; no generic wire rules inferred
BtExperience	b88cdac9665d28494f19d6a5d759acf8d5f00ad9	gui/skins/default/Components/Lighting/Dimmer.qml	060e9e23e964e2c5b1d246bed441b3b422c85f65	application-presentation	API and literal-frame boundary scan; no generic wire rules inferred
BtExperience	b88cdac9665d28494f19d6a5d759acf8d5f00ad9	gui/skins/default/Components/Lighting/Light.qml	e08a43f03a51b1c6e20fc274d4b2ec43b0aace2e	application-presentation	API and literal-frame boundary scan; no generic wire rules inferred
BtExperience	b88cdac9665d28494f19d6a5d759acf8d5f00ad9	gui/skins/default/Components/Lighting/LightGroup.qml	392285da7b70a510d8cefa27530895b0fedbd428	application-presentation	API and literal-frame boundary scan; no generic wire rules inferred
BtExperience	b88cdac9665d28494f19d6a5d759acf8d5f00ad9	gui/skins/default/Components/Lighting/LightingItems.qml	673a5e81bd994a0bd05d87b323e1890266ee95df	application-presentation	API and literal-frame boundary scan; no generic wire rules inferred
BtExperience	b88cdac9665d28494f19d6a5d759acf8d5f00ad9	gui/skins/default/Components/Lighting/Staircase.qml	e58fe193e9bfd6a1b70ac1100e6add9442b81750	application-presentation	API and literal-frame boundary scan; no generic wire rules inferred
BtExperience	b88cdac9665d28494f19d6a5d759acf8d5f00ad9	gui/skins/default/Components/Lighting/qmldir	ed98e80ad29242abfff3e7c8556d4d03c6f9dde2	gui-and-local-integration	API and literal-frame boundary scan
BtExperience	b88cdac9665d28494f19d6a5d759acf8d5f00ad9	gui/skins/default/Components/LoaderWithProps.qml	d2f1dc7afebfe411ebb5f3f1055720a7ff5a9f70	application-presentation	API and literal-frame boundary scan; no generic wire rules inferred
BtExperience	b88cdac9665d28494f19d6a5d759acf8d5f00ad9	gui/skins/default/Components/MenuColumn.qml	451d37dbac773e0854e535840f5c11f1c7757f61	application-presentation	API and literal-frame boundary scan; no generic wire rules inferred
BtExperience	b88cdac9665d28494f19d6a5d759acf8d5f00ad9	gui/skins/default/Components/MenuColumnMouseArea.qml	ad37d5d50a7b7890b68d006184d0dd11de13b0c7	application-presentation	API and literal-frame boundary scan; no generic wire rules inferred
BtExperience	b88cdac9665d28494f19d6a5d759acf8d5f00ad9	gui/skins/default/Components/MenuContainer.qml	4bb434cd094db28700e7e96b8979137cf70f5094	application-presentation	API and literal-frame boundary scan; no generic wire rules inferred
BtExperience	b88cdac9665d28494f19d6a5d759acf8d5f00ad9	gui/skins/default/Components/MenuItem.qml	54e160472c6aae395118ac9954aee9bfa7be1abe	application-presentation	API and literal-frame boundary scan; no generic wire rules inferred
BtExperience	b88cdac9665d28494f19d6a5d759acf8d5f00ad9	gui/skins/default/Components/MenuItemDelegate.qml	6486964a7774cde59811a2033b1d20570cb4d20d	application-presentation	API and literal-frame boundary scan; no generic wire rules inferred
BtExperience	b88cdac9665d28494f19d6a5d759acf8d5f00ad9	gui/skins/default/Components/MenuShadow.qml	0a8459ad06ab7dc877d067ed091acba10d8c47ee	application-presentation	API and literal-frame boundary scan; no generic wire rules inferred
BtExperience	b88cdac9665d28494f19d6a5d759acf8d5f00ad9	gui/skins/default/Components/MenuTitle.qml	40fba438c9909c37a0f30893c6cbdfaf594665ca	application-presentation	API and literal-frame boundary scan; no generic wire rules inferred
BtExperience	b88cdac9665d28494f19d6a5d759acf8d5f00ad9	gui/skins/default/Components/Messages/ColumnMessages.qml	80a7b9dae7b757055f0a8fb3594c3c6bf409f853	application-presentation	API and literal-frame boundary scan; no generic wire rules inferred
BtExperience	b88cdac9665d28494f19d6a5d759acf8d5f00ad9	gui/skins/default/Components/Messages/ColumnMessagesDelegate.qml	f09b3ccc4e8c48898db31c0c922cc4128f17f8f0	application-presentation	API and literal-frame boundary scan; no generic wire rules inferred
BtExperience	b88cdac9665d28494f19d6a5d759acf8d5f00ad9	gui/skins/default/Components/Messages/MessageRead.qml	6ff5abb40e88c608870c7b75a302272558a1fbba	application-presentation	API and literal-frame boundary scan; no generic wire rules inferred
BtExperience	b88cdac9665d28494f19d6a5d759acf8d5f00ad9	gui/skins/default/Components/Messages/MessagesItems.qml	fec604665890b3a0499238bf9947f457f799b19a	application-presentation	API and literal-frame boundary scan; no generic wire rules inferred
BtExperience	b88cdac9665d28494f19d6a5d759acf8d5f00ad9	gui/skins/default/Components/Messages/qmldir	b5b2219e930314bce50fd86bbe988af2389007e1	gui-and-local-integration	API and literal-frame boundary scan
BtExperience	b88cdac9665d28494f19d6a5d759acf8d5f00ad9	gui/skins/default/Components/MeteoItem.qml	f66a8ddb2e2d10d97050fe792d314bc0ed3f600f	application-presentation	API and literal-frame boundary scan; no generic wire rules inferred
BtExperience	b88cdac9665d28494f19d6a5d759acf8d5f00ad9	gui/skins/default/Components/MoveArea.qml	c4acbacc487c3c4008ab02b0414f8b366663db19	application-presentation	API and literal-frame boundary scan; no generic wire rules inferred
BtExperience	b88cdac9665d28494f19d6a5d759acf8d5f00ad9	gui/skins/default/Components/Multimedia/DevicesSystem.qml	cda7d9a6c5fc86bfe79437592dbf5a4d58b0d403	application-presentation	API and literal-frame boundary scan; no generic wire rules inferred
BtExperience	b88cdac9665d28494f19d6a5d759acf8d5f00ad9	gui/skins/default/Components/Multimedia/qmldir	33c009d0242e141b1d8b185010800bd8ae82dde3	gui-and-local-integration	API and literal-frame boundary scan
BtExperience	b88cdac9665d28494f19d6a5d759acf8d5f00ad9	gui/skins/default/Components/NavigationBar.qml	25c766ef9fc35fedfbf44cbda9dfdd5048c549a1	application-presentation	API and literal-frame boundary scan; no generic wire rules inferred
BtExperience	b88cdac9665d28494f19d6a5d759acf8d5f00ad9	gui/skins/default/Components/NoteActions.qml	237eecc4269889caebb1df5d671092767c685d89	application-presentation	API and literal-frame boundary scan; no generic wire rules inferred
BtExperience	b88cdac9665d28494f19d6a5d759acf8d5f00ad9	gui/skins/default/Components/PageAnimation.qml	b2528ac5db8df642dad2143a03fff987735fbf3d	application-presentation	API and literal-frame boundary scan; no generic wire rules inferred
BtExperience	b88cdac9665d28494f19d6a5d759acf8d5f00ad9	gui/skins/default/Components/Paginator.qml	aa1ea0812cbcc0051a5647d66fad9b528d195bec	application-presentation	API and literal-frame boundary scan; no generic wire rules inferred
BtExperience	b88cdac9665d28494f19d6a5d759acf8d5f00ad9	gui/skins/default/Components/PaginatorColumn.qml	d0e7726570c687bbad3ce00e8830a6d136de7509	application-presentation	API and literal-frame boundary scan; no generic wire rules inferred
BtExperience	b88cdac9665d28494f19d6a5d759acf8d5f00ad9	gui/skins/default/Components/PaginatorList.qml	83d31d2fae7b4993258d875ef9bef8d423368f9b	application-presentation	API and literal-frame boundary scan; no generic wire rules inferred
BtExperience	b88cdac9665d28494f19d6a5d759acf8d5f00ad9	gui/skins/default/Components/PaginatorOnBackground.qml	af6af9c103688c85dd18239e6b5d55c6ed084441	application-presentation	API and literal-frame boundary scan; no generic wire rules inferred
BtExperience	b88cdac9665d28494f19d6a5d759acf8d5f00ad9	gui/skins/default/Components/Pannable.qml	0afcc563446e83ba0d5edf360b84c9b792e04e94	application-presentation	API and literal-frame boundary scan; no generic wire rules inferred
BtExperience	b88cdac9665d28494f19d6a5d759acf8d5f00ad9	gui/skins/default/Components/PasswordInput.qml	ab937b1196a3240332f5ddd10f3231666e1e1847	application-presentation	API and literal-frame boundary scan; no generic wire rules inferred
BtExperience	b88cdac9665d28494f19d6a5d759acf8d5f00ad9	gui/skins/default/Components/PathViewDelegate.qml	d2c414999c5d2be15268bca2eeed937bc22b221c	application-presentation	API and literal-frame boundary scan; no generic wire rules inferred
BtExperience	b88cdac9665d28494f19d6a5d759acf8d5f00ad9	gui/skins/default/Components/Popup/FeedbackPopup.qml	3f4f5ed6143057350e0322ed8f77c62af19532a4	application-presentation	API and literal-frame boundary scan; no generic wire rules inferred
BtExperience	b88cdac9665d28494f19d6a5d759acf8d5f00ad9	gui/skins/default/Components/Popup/qmldir	897609d22f4b09f9d0ef3c645cf8b489bd654a95	gui-and-local-integration	API and literal-frame boundary scan
BtExperience	b88cdac9665d28494f19d6a5d759acf8d5f00ad9	gui/skins/default/Components/PressDot.qml	5cacfcbe05556b0b2b3b9b69b804c642f60b8934	application-presentation	API and literal-frame boundary scan; no generic wire rules inferred
BtExperience	b88cdac9665d28494f19d6a5d759acf8d5f00ad9	gui/skins/default/Components/QuickLink.qml	73ffba0cadecea8d63726bc60eb09152e5ec53d4	application-presentation	API and literal-frame boundary scan; no generic wire rules inferred
BtExperience	b88cdac9665d28494f19d6a5d759acf8d5f00ad9	gui/skins/default/Components/RepetitionMouseArea.qml	8588d6ba3f75e57ec0e1a54a44f7640de0a827d0	application-presentation	API and literal-frame boundary scan; no generic wire rules inferred
BtExperience	b88cdac9665d28494f19d6a5d759acf8d5f00ad9	gui/skins/default/Components/RoomItem.qml	c730eabc919a964f48047a67433c485b3276b253	application-presentation	API and literal-frame boundary scan; no generic wire rules inferred
BtExperience	b88cdac9665d28494f19d6a5d759acf8d5f00ad9	gui/skins/default/Components/RoomView.qml	353297776251a34982f7d85920e6a881270eff37	application-presentation	API and literal-frame boundary scan; no generic wire rules inferred
BtExperience	b88cdac9665d28494f19d6a5d759acf8d5f00ad9	gui/skins/default/Components/RssItem.qml	3836cfeb9c33aef548823962ad8d618d85435bdb	application-presentation	API and literal-frame boundary scan; no generic wire rules inferred
BtExperience	b88cdac9665d28494f19d6a5d759acf8d5f00ad9	gui/skins/default/Components/RssReader/BusyIndicator.qml	0ddc24a6ae6903441c844c5ff50bea3556a9984f	application-presentation	API and literal-frame boundary scan; no generic wire rules inferred
BtExperience	b88cdac9665d28494f19d6a5d759acf8d5f00ad9	gui/skins/default/Components/RssReader/NewsDelegate.qml	8e3855820b949621221c343e29570fe151324c9f	application-presentation	API and literal-frame boundary scan; no generic wire rules inferred
BtExperience	b88cdac9665d28494f19d6a5d759acf8d5f00ad9	gui/skins/default/Components/RssReader/ScrollBar.qml	37e55cb4c7b6d89efea0e757ec32a42d1cc5536c	application-presentation	API and literal-frame boundary scan; no generic wire rules inferred
BtExperience	b88cdac9665d28494f19d6a5d759acf8d5f00ad9	gui/skins/default/Components/RssReader/qmldir	608c884a81adfa7acbe096cbee4306d59c64a728	gui-and-local-integration	API and literal-frame boundary scan
BtExperience	b88cdac9665d28494f19d6a5d759acf8d5f00ad9	gui/skins/default/Components/ScenarioLink.qml	2ec1656d8c61caf0e572a3156a51574f5eef3239	application-presentation	API and literal-frame boundary scan; no generic wire rules inferred
BtExperience	b88cdac9665d28494f19d6a5d759acf8d5f00ad9	gui/skins/default/Components/Scenarios/AdvancedScenario.qml	62a66b9125883473d07a255273e68b0fd5cc64ee	application-presentation	API and literal-frame boundary scan; no generic wire rules inferred
BtExperience	b88cdac9665d28494f19d6a5d759acf8d5f00ad9	gui/skins/default/Components/Scenarios/ScenarioSystem.qml	f0d2fcd940e38cfc897f68511a3a46755034a847	application-presentation	API and literal-frame boundary scan; no generic wire rules inferred
BtExperience	b88cdac9665d28494f19d6a5d759acf8d5f00ad9	gui/skins/default/Components/Scenarios/ScheduledScenario.qml	232819bd51d95b022b60f84aea2719c8222d9db7	application-presentation	API and literal-frame boundary scan; no generic wire rules inferred
BtExperience	b88cdac9665d28494f19d6a5d759acf8d5f00ad9	gui/skins/default/Components/Scenarios/SimpleScenario.qml	a4f2ba003b8c1acfb744f067a2efadb776992305	application-presentation	API and literal-frame boundary scan; no generic wire rules inferred
BtExperience	b88cdac9665d28494f19d6a5d759acf8d5f00ad9	gui/skins/default/Components/Scenarios/qmldir	9e4e5b6647b4f6bd05527391f010cae7b193342c	gui-and-local-integration	API and literal-frame boundary scan
BtExperience	b88cdac9665d28494f19d6a5d759acf8d5f00ad9	gui/skins/default/Components/ScreenStateHandler.qml	a73d9f7bcb9f4fcd7bb2a9bc1cb567620b88b7ec	application-presentation	API and literal-frame boundary scan; no generic wire rules inferred
BtExperience	b88cdac9665d28494f19d6a5d759acf8d5f00ad9	gui/skins/default/Components/Settings/AdvancedScenarioAction.qml	5bee189ef53de0bc42fbec201fa8d54c1d72fc34	application-presentation	API and literal-frame boundary scan; no generic wire rules inferred
BtExperience	b88cdac9665d28494f19d6a5d759acf8d5f00ad9	gui/skins/default/Components/Settings/AdvancedScenarioDateTimeCondition.qml	648535721faed5ef4cafa6cdbe1693c46e8d1ffb	application-presentation	API and literal-frame boundary scan; no generic wire rules inferred
BtExperience	b88cdac9665d28494f19d6a5d759acf8d5f00ad9	gui/skins/default/Components/Settings/AdvancedScenarioDeviceCondition.qml	10942e53f3c3f918544294281fcfc6ea774bd734	application-presentation	API and literal-frame boundary scan; no generic wire rules inferred
BtExperience	b88cdac9665d28494f19d6a5d759acf8d5f00ad9	gui/skins/default/Components/Settings/Brightness.qml	5c5d8d8018e792b47ee4a6a449ea818663517cb8	application-presentation	API and literal-frame boundary scan; no generic wire rules inferred
BtExperience	b88cdac9665d28494f19d6a5d759acf8d5f00ad9	gui/skins/default/Components/Settings/ControlAlarmClock.qml	806231dd52293c9b5cc61836da15f17b11bef344	application-presentation	API and literal-frame boundary scan; no generic wire rules inferred
BtExperience	b88cdac9665d28494f19d6a5d759acf8d5f00ad9	gui/skins/default/Components/Settings/Floor.qml	e35981914d90587fc42312049bf42ad2910871ab	application-presentation	API and literal-frame boundary scan; no generic wire rules inferred
BtExperience	b88cdac9665d28494f19d6a5d759acf8d5f00ad9	gui/skins/default/Components/Settings/IPConfigurations.qml	48adc0e84f8ac0885dc66204285a6328221c590b	application-presentation	API and literal-frame boundary scan; no generic wire rules inferred
BtExperience	b88cdac9665d28494f19d6a5d759acf8d5f00ad9	gui/skins/default/Components/Settings/IpFieldInput.qml	f25a664ba0c05aad6ba93e38fcc5fb4e7d8c2ddc	application-presentation	API and literal-frame boundary scan; no generic wire rules inferred
BtExperience	b88cdac9665d28494f19d6a5d759acf8d5f00ad9	gui/skins/default/Components/Settings/KeyboardLanguage.qml	c6e4f19de451bfdce757f95819fe2e00ffafaabf	application-presentation	API and literal-frame boundary scan; no generic wire rules inferred
BtExperience	b88cdac9665d28494f19d6a5d759acf8d5f00ad9	gui/skins/default/Components/Settings/NetworkState.qml	eb02b197d587181a062eab9e28e0c7e0bc560d23	application-presentation	API and literal-frame boundary scan; no generic wire rules inferred
BtExperience	b88cdac9665d28494f19d6a5d759acf8d5f00ad9	gui/skins/default/Components/Settings/ObjectLinkChoice.qml	3e550252df656b5570ab3f353cfbf720f66fd5dd	application-presentation	API and literal-frame boundary scan; no generic wire rules inferred
BtExperience	b88cdac9665d28494f19d6a5d759acf8d5f00ad9	gui/skins/default/Components/Settings/RoomModify.qml	b669bfaa013289a1bc8ba382de4ee4eed49aecaa	application-presentation	API and literal-frame boundary scan; no generic wire rules inferred
BtExperience	b88cdac9665d28494f19d6a5d759acf8d5f00ad9	gui/skins/default/Components/Settings/RoomsItems.qml	6214fb9d80807403d429594e5be9f4f7f02764cc	application-presentation	API and literal-frame boundary scan; no generic wire rules inferred
BtExperience	b88cdac9665d28494f19d6a5d759acf8d5f00ad9	gui/skins/default/Components/Settings/ScenarioModuleSettings.qml	aba4479f4e5ae28ed196730c49cc8b1e310c28b0	application-presentation	API and literal-frame boundary scan; no generic wire rules inferred
BtExperience	b88cdac9665d28494f19d6a5d759acf8d5f00ad9	gui/skins/default/Components/Settings/SettingsAutoOpen.qml	d7c21aa1a1a3ef91107b7c1f0a7e630cb1cdd7b7	application-presentation	API and literal-frame boundary scan; no generic wire rules inferred
BtExperience	b88cdac9665d28494f19d6a5d759acf8d5f00ad9	gui/skins/default/Components/Settings/SettingsBeep.qml	abc11255ed3c9909c41a35ddd252e2a6a41f4294	application-presentation	API and literal-frame boundary scan; no generic wire rules inferred
BtExperience	b88cdac9665d28494f19d6a5d759acf8d5f00ad9	gui/skins/default/Components/Settings/SettingsBrowser.qml	61bcc9dd4e71becf4d22301da73f4212b3be944e	application-presentation	API and literal-frame boundary scan; no generic wire rules inferred
BtExperience	b88cdac9665d28494f19d6a5d759acf8d5f00ad9	gui/skins/default/Components/Settings/SettingsClocks.qml	d1394ef83e4447d83e5198f92df4ee8d9a47d23e	application-presentation	API and literal-frame boundary scan; no generic wire rules inferred
BtExperience	b88cdac9665d28494f19d6a5d759acf8d5f00ad9	gui/skins/default/Components/Settings/SettingsDateTime.qml	1516d5f1746dff0ba04bda5bd141d6581031bb1d	application-presentation	API and literal-frame boundary scan; no generic wire rules inferred
BtExperience	b88cdac9665d28494f19d6a5d759acf8d5f00ad9	gui/skins/default/Components/Settings/SettingsDisplay.qml	bdb3abefd23c376ab2c31f1d641258d92df63f83	application-presentation	API and literal-frame boundary scan; no generic wire rules inferred
BtExperience	b88cdac9665d28494f19d6a5d759acf8d5f00ad9	gui/skins/default/Components/Settings/SettingsEnergy.qml	0ed07b31d68097d694f3d86cc6c97dcc041ad165	application-presentation	API and literal-frame boundary scan; no generic wire rules inferred
BtExperience	b88cdac9665d28494f19d6a5d759acf8d5f00ad9	gui/skins/default/Components/Settings/SettingsEnergyGoalPanel.qml	763c333ea0e0a512c513933e3e8d8d0f205c2fff	application-presentation	API and literal-frame boundary scan; no generic wire rules inferred
BtExperience	b88cdac9665d28494f19d6a5d759acf8d5f00ad9	gui/skins/default/Components/Settings/SettingsEnergyGoals.qml	10c238bc9d3831dfbb3853b8da472984d29e4d7b	application-presentation	API and literal-frame boundary scan; no generic wire rules inferred
BtExperience	b88cdac9665d28494f19d6a5d759acf8d5f00ad9	gui/skins/default/Components/Settings/SettingsEnergyGoalsFamily.qml	97b7dc31ed299762463fee037e2dd0fc32a8e820	application-presentation	API and literal-frame boundary scan; no generic wire rules inferred
BtExperience	b88cdac9665d28494f19d6a5d759acf8d5f00ad9	gui/skins/default/Components/Settings/SettingsEnergyGoalsLine.qml	3efea0c390c8320addce386225a31cc96e8b3be1	application-presentation	API and literal-frame boundary scan; no generic wire rules inferred
BtExperience	b88cdac9665d28494f19d6a5d759acf8d5f00ad9	gui/skins/default/Components/Settings/SettingsEnergySetTariffs.qml	59ca831895746c4a8400720568a9a79175cd54ef	application-presentation	API and literal-frame boundary scan; no generic wire rules inferred
BtExperience	b88cdac9665d28494f19d6a5d759acf8d5f00ad9	gui/skins/default/Components/Settings/SettingsEnergySetThresholds.qml	83135ae695f5af5bc80b74863062d4ec724f4292	application-presentation	API and literal-frame boundary scan; no generic wire rules inferred
BtExperience	b88cdac9665d28494f19d6a5d759acf8d5f00ad9	gui/skins/default/Components/Settings/SettingsEnergySetThresholdsPanel.qml	bf8eaf9837134ecae62d38bdbca6b577759bd097	application-presentation	API and literal-frame boundary scan; no generic wire rules inferred
BtExperience	b88cdac9665d28494f19d6a5d759acf8d5f00ad9	gui/skins/default/Components/Settings/SettingsEnergyTariffs.qml	86926916c6329a6d1e49da37e6ddadcc8c056640	application-presentation	API and literal-frame boundary scan; no generic wire rules inferred
BtExperience	b88cdac9665d28494f19d6a5d759acf8d5f00ad9	gui/skins/default/Components/Settings/SettingsEnergyThresholds.qml	14f6383ff3676271694a391b96a212ed47a164b6	application-presentation	API and literal-frame boundary scan; no generic wire rules inferred
BtExperience	b88cdac9665d28494f19d6a5d759acf8d5f00ad9	gui/skins/default/Components/Settings/SettingsGenerals.qml	dd86b87b847cee2a61e57a0ff76daeb626ea3509	application-presentation	API and literal-frame boundary scan; no generic wire rules inferred
BtExperience	b88cdac9665d28494f19d6a5d759acf8d5f00ad9	gui/skins/default/Components/Settings/SettingsHandsFree.qml	86de751dc8531e67d1a424ef385463bf4b8f506e	application-presentation	API and literal-frame boundary scan; no generic wire rules inferred
BtExperience	b88cdac9665d28494f19d6a5d759acf8d5f00ad9	gui/skins/default/Components/Settings/SettingsHistory.qml	8c4dae60ba5cc90f4cb5c0bc575ed02234cbd77f	application-presentation	API and literal-frame boundary scan; no generic wire rules inferred
BtExperience	b88cdac9665d28494f19d6a5d759acf8d5f00ad9	gui/skins/default/Components/Settings/SettingsHome.qml	f845c79b2e9fb9d6ed7dd0707d90b79317316874	application-presentation	API and literal-frame boundary scan; no generic wire rules inferred
BtExperience	b88cdac9665d28494f19d6a5d759acf8d5f00ad9	gui/skins/default/Components/Settings/SettingsHomeDelete.qml	969b5936911e00ddfce435165d6b8c8e59bae375	application-presentation	API and literal-frame boundary scan; no generic wire rules inferred
BtExperience	b88cdac9665d28494f19d6a5d759acf8d5f00ad9	gui/skins/default/Components/Settings/SettingsHomeQuicklinks.qml	7342f8314bd086313db4f9292cd65ed547e7f67b	application-presentation	API and literal-frame boundary scan; no generic wire rules inferred
BtExperience	b88cdac9665d28494f19d6a5d759acf8d5f00ad9	gui/skins/default/Components/Settings/SettingsImageBrowser.qml	3cf3b3341ce5b8ac85c23745706a20bb434fe5aa	application-presentation	API and literal-frame boundary scan; no generic wire rules inferred
BtExperience	b88cdac9665d28494f19d6a5d759acf8d5f00ad9	gui/skins/default/Components/Settings/SettingsInternational.qml	9a8e821545ea4ddcc115d79a77b4d34f330da3e4	application-presentation	API and literal-frame boundary scan; no generic wire rules inferred
BtExperience	b88cdac9665d28494f19d6a5d759acf8d5f00ad9	gui/skins/default/Components/Settings/SettingsItems.qml	c94e1670a676e4b14a87e13cefc0f8644032b5d1	application-presentation	API and literal-frame boundary scan; no generic wire rules inferred
BtExperience	b88cdac9665d28494f19d6a5d759acf8d5f00ad9	gui/skins/default/Components/Settings/SettingsMultimedia.qml	d6487c55f2befde3fb7035b7f185df70e6c26d20	application-presentation	API and literal-frame boundary scan; no generic wire rules inferred
BtExperience	b88cdac9665d28494f19d6a5d759acf8d5f00ad9	gui/skins/default/Components/Settings/SettingsMultimediaQuicklinks.qml	3425b1dc8bf6740b16fe56c84291f53907117306	application-presentation	API and literal-frame boundary scan; no generic wire rules inferred
BtExperience	b88cdac9665d28494f19d6a5d759acf8d5f00ad9	gui/skins/default/Components/Settings/SettingsNetwork.qml	1f699024b589767b82c2a4c80697fc649ccfe52e	application-presentation	API and literal-frame boundary scan; no generic wire rules inferred
BtExperience	b88cdac9665d28494f19d6a5d759acf8d5f00ad9	gui/skins/default/Components/Settings/SettingsObjectLink.qml	e14c8de79d530f81489d443428be152052b54972	application-presentation	API and literal-frame boundary scan; no generic wire rules inferred
BtExperience	b88cdac9665d28494f19d6a5d759acf8d5f00ad9	gui/skins/default/Components/Settings/SettingsPassword.qml	acc275c9f259cea27f42f19f094d4f59f637fc06	application-presentation	API and literal-frame boundary scan; no generic wire rules inferred
BtExperience	b88cdac9665d28494f19d6a5d759acf8d5f00ad9	gui/skins/default/Components/Settings/SettingsProfile.qml	7971df8c6ea723c21798fa4f0cb3726b03ace847	application-presentation	API and literal-frame boundary scan; no generic wire rules inferred
BtExperience	b88cdac9665d28494f19d6a5d759acf8d5f00ad9	gui/skins/default/Components/Settings/SettingsProfiles.qml	c418594e4c960dfd42cbdfaa46899d5635aafdb6	application-presentation	API and literal-frame boundary scan; no generic wire rules inferred
BtExperience	b88cdac9665d28494f19d6a5d759acf8d5f00ad9	gui/skins/default/Components/Settings/SettingsRingtone.qml	856b7403890d7baa38f59266b4046dcd153352a2	application-presentation	API and literal-frame boundary scan; no generic wire rules inferred
BtExperience	b88cdac9665d28494f19d6a5d759acf8d5f00ad9	gui/skins/default/Components/Settings/SettingsRingtones.qml	f8875a3503a5293e9c3750cc6231170f5f221337	application-presentation	API and literal-frame boundary scan; no generic wire rules inferred
BtExperience	b88cdac9665d28494f19d6a5d759acf8d5f00ad9	gui/skins/default/Components/Settings/SettingsScenarios.qml	34af47dd2c155ac84a685d05f4d025df5ffd386e	application-presentation	API and literal-frame boundary scan; no generic wire rules inferred
BtExperience	b88cdac9665d28494f19d6a5d759acf8d5f00ad9	gui/skins/default/Components/Settings/SettingsSkin.qml	fb81be9932ec79e07e29b1ade35d7194ec35ca6f	application-presentation	API and literal-frame boundary scan; no generic wire rules inferred
BtExperience	b88cdac9665d28494f19d6a5d759acf8d5f00ad9	gui/skins/default/Components/Settings/SettingsSystems.qml	6524542a62f331f8d531206f3045f02cb34d8fa8	application-presentation	API and literal-frame boundary scan; no generic wire rules inferred
BtExperience	b88cdac9665d28494f19d6a5d759acf8d5f00ad9	gui/skins/default/Components/Settings/SettingsTeleloop.qml	780f49a84ef4fd2d8d3b4c1cb56540c96ac5752f	application-presentation	API and literal-frame boundary scan; no generic wire rules inferred
BtExperience	b88cdac9665d28494f19d6a5d759acf8d5f00ad9	gui/skins/default/Components/Settings/SettingsVDE.qml	52c1f449a670d89fc0ad02d66d7a4972223c0e9f	application-presentation	API and literal-frame boundary scan; no generic wire rules inferred
BtExperience	b88cdac9665d28494f19d6a5d759acf8d5f00ad9	gui/skins/default/Components/Settings/SettingsVdeMute.qml	4df45116253f448cab6e3aebdd90fef54e052abd	application-presentation	API and literal-frame boundary scan; no generic wire rules inferred
BtExperience	b88cdac9665d28494f19d6a5d759acf8d5f00ad9	gui/skins/default/Components/Settings/SettingsVersion.qml	93c976d4194ded2bceb369f975f8229f612ddc52	application-presentation	API and literal-frame boundary scan; no generic wire rules inferred
BtExperience	b88cdac9665d28494f19d6a5d759acf8d5f00ad9	gui/skins/default/Components/Settings/TextLanguage.qml	a21e5faa504d48684ebd1d67777f6bf9e8dbce5b	application-presentation	API and literal-frame boundary scan; no generic wire rules inferred
BtExperience	b88cdac9665d28494f19d6a5d759acf8d5f00ad9	gui/skins/default/Components/Settings/qmldir	01f359a39e8e5f359b85cc8c95449641996b80f9	gui-and-local-integration	API and literal-frame boundary scan
BtExperience	b88cdac9665d28494f19d6a5d759acf8d5f00ad9	gui/skins/default/Components/SlideAnimation.qml	5b255e1f87b6320d7c85af28116d462421ba5624	application-presentation	API and literal-frame boundary scan; no generic wire rules inferred
BtExperience	b88cdac9665d28494f19d6a5d759acf8d5f00ad9	gui/skins/default/Components/SoundDiffusion/Amplifier.qml	9e8811f1613a4d213c12d1f5f60ef07037ec7e6a	application-presentation	API and literal-frame boundary scan; no generic wire rules inferred
BtExperience	b88cdac9665d28494f19d6a5d759acf8d5f00ad9	gui/skins/default/Components/SoundDiffusion/AmplifierEqualizer.qml	54d6399db586f7cb7ff76367683cf68a7bfc4cd3	application-presentation	API and literal-frame boundary scan; no generic wire rules inferred
BtExperience	b88cdac9665d28494f19d6a5d759acf8d5f00ad9	gui/skins/default/Components/SoundDiffusion/AmplifierGeneral.qml	ed5d3d1055e88124428d6e1e4a89bdeed33e33ba	application-presentation	API and literal-frame boundary scan; no generic wire rules inferred
BtExperience	b88cdac9665d28494f19d6a5d759acf8d5f00ad9	gui/skins/default/Components/SoundDiffusion/AmplifierSettings.qml	484f2b598f442e9b39732a7a96d67fb350ce9046	application-presentation	API and literal-frame boundary scan; no generic wire rules inferred
BtExperience	b88cdac9665d28494f19d6a5d759acf8d5f00ad9	gui/skins/default/Components/SoundDiffusion/ControlAudio.qml	6bbf992f416c7f3e1c39edcca18e0d9e70f21d3c	application-presentation	API and literal-frame boundary scan; no generic wire rules inferred
BtExperience	b88cdac9665d28494f19d6a5d759acf8d5f00ad9	gui/skins/default/Components/SoundDiffusion/ControlFMRadio.qml	1b33b20b5832267f107e09994d7d420d705e1652	application-presentation	API and literal-frame boundary scan; no generic wire rules inferred
BtExperience	b88cdac9665d28494f19d6a5d759acf8d5f00ad9	gui/skins/default/Components/SoundDiffusion/ControlIPRadio.qml	01ea42d0f1aad021c6701c39338abdd73fa5648b	application-presentation	API and literal-frame boundary scan; no generic wire rules inferred
BtExperience	b88cdac9665d28494f19d6a5d759acf8d5f00ad9	gui/skins/default/Components/SoundDiffusion/ControlMediaPlayer.qml	31ef85ec356131e31df73f2ed5b216148fdac8d7	application-presentation	API and literal-frame boundary scan; no generic wire rules inferred
BtExperience	b88cdac9665d28494f19d6a5d759acf8d5f00ad9	gui/skins/default/Components/SoundDiffusion/GeneralAmbient.qml	0283503cecb809943daa236a5d13e639545e8ba2	application-presentation	API and literal-frame boundary scan; no generic wire rules inferred
BtExperience	b88cdac9665d28494f19d6a5d759acf8d5f00ad9	gui/skins/default/Components/SoundDiffusion/IpRadioList.qml	b51bbf7209cd8d2010e2baf60fe75d34c0c2092e	application-presentation	API and literal-frame boundary scan; no generic wire rules inferred
BtExperience	b88cdac9665d28494f19d6a5d759acf8d5f00ad9	gui/skins/default/Components/SoundDiffusion/Loudness.qml	602b8a8ab231960e26a2ba91aeb9d6c225c7fdde	application-presentation	API and literal-frame boundary scan; no generic wire rules inferred
BtExperience	b88cdac9665d28494f19d6a5d759acf8d5f00ad9	gui/skins/default/Components/SoundDiffusion/PowerAmplifier.qml	8f2c1e4e0665663e913fac5a4a460e45a2460126	application-presentation	API and literal-frame boundary scan; no generic wire rules inferred
BtExperience	b88cdac9665d28494f19d6a5d759acf8d5f00ad9	gui/skins/default/Components/SoundDiffusion/SoundAmbient.qml	c2ea4666f196b0ef3daebe9dbbcc04fb3f53efd2	application-presentation	API and literal-frame boundary scan; no generic wire rules inferred
BtExperience	b88cdac9665d28494f19d6a5d759acf8d5f00ad9	gui/skins/default/Components/SoundDiffusion/SoundDiffusionSystem.qml	6c884d5de5cb4364fad5801ae6d5aa8f5abb614d	application-presentation	API and literal-frame boundary scan; no generic wire rules inferred
BtExperience	b88cdac9665d28494f19d6a5d759acf8d5f00ad9	gui/skins/default/Components/SoundDiffusion/SourceControl.qml	aeec7b4f6615c91501f32da49817554cff5df6b1	application-presentation	API and literal-frame boundary scan; no generic wire rules inferred
BtExperience	b88cdac9665d28494f19d6a5d759acf8d5f00ad9	gui/skins/default/Components/SoundDiffusion/SourceList.qml	379ac944823908060cfec353695c9c8fb3060431	application-presentation	API and literal-frame boundary scan; no generic wire rules inferred
BtExperience	b88cdac9665d28494f19d6a5d759acf8d5f00ad9	gui/skins/default/Components/SoundDiffusion/SourceModel.qml	be8b7e8cd412e5594d0e6b0e918da4a5a3ad78fb	application-presentation	API and literal-frame boundary scan; no generic wire rules inferred
BtExperience	b88cdac9665d28494f19d6a5d759acf8d5f00ad9	gui/skins/default/Components/SoundDiffusion/SpecialAmbient.qml	79eb5dc9b110dc092f40662c534edcfbd9c5a030	application-presentation	API and literal-frame boundary scan; no generic wire rules inferred
BtExperience	b88cdac9665d28494f19d6a5d759acf8d5f00ad9	gui/skins/default/Components/SoundDiffusion/VolumeGeneral.qml	a820e863f33efc5e000f9a00fb91250cb33b9ea9	application-presentation	API and literal-frame boundary scan; no generic wire rules inferred
BtExperience	b88cdac9665d28494f19d6a5d759acf8d5f00ad9	gui/skins/default/Components/SoundDiffusion/VolumePopup.qml	c32b8aa953a48ce999d6a2fe109e3f0a40c1df2b	application-presentation	API and literal-frame boundary scan; no generic wire rules inferred
BtExperience	b88cdac9665d28494f19d6a5d759acf8d5f00ad9	gui/skins/default/Components/SoundDiffusion/qmldir	7123c4b0a08cd6937aab73e53e9fd0783234540d	gui-and-local-integration	API and literal-frame boundary scan
BtExperience	b88cdac9665d28494f19d6a5d759acf8d5f00ad9	gui/skins/default/Components/SvgImage.qml	f876c5f1c072387b0ccb54cd527027b0bcbf05d8	application-presentation	API and literal-frame boundary scan; no generic wire rules inferred
BtExperience	b88cdac9665d28494f19d6a5d759acf8d5f00ad9	gui/skins/default/Components/Switch.qml	39b7b138b903335bfc717d57d4ab50a447486447	application-presentation	API and literal-frame boundary scan; no generic wire rules inferred
BtExperience	b88cdac9665d28494f19d6a5d759acf8d5f00ad9	gui/skins/default/Components/SystemsModel.qml	6de153032e57de55affb5783b4f80bb93653cae5	application-presentation	API and literal-frame boundary scan; no generic wire rules inferred
BtExperience	b88cdac9665d28494f19d6a5d759acf8d5f00ad9	gui/skins/default/Components/Text/BaseTextEdit.qml	f78730dd6239b36732b3d91c39f266fc3597ac28	application-presentation	API and literal-frame boundary scan; no generic wire rules inferred
BtExperience	b88cdac9665d28494f19d6a5d759acf8d5f00ad9	gui/skins/default/Components/Text/BaseTextInput.qml	87ee40bcda4dee0fa86138f5f80e0ee3897b7a74	application-presentation	API and literal-frame boundary scan; no generic wire rules inferred
BtExperience	b88cdac9665d28494f19d6a5d759acf8d5f00ad9	gui/skins/default/Components/Text/Ubuntu-L.ttf	7b7ac7dd51fd51eac1e7773d182de3f8779c3bf1	presentation-assets	inventory only; no new wire semantics
BtExperience	b88cdac9665d28494f19d6a5d759acf8d5f00ad9	gui/skins/default/Components/Text/Ubuntu-M.ttf	443ec8b76d6f65138a3d050892a052e5dda00ae1	presentation-assets	inventory only; no new wire semantics
BtExperience	b88cdac9665d28494f19d6a5d759acf8d5f00ad9	gui/skins/default/Components/Text/UbuntuLightText.qml	a4be9559e09ca01635aaf3e8adf18c2540250780	application-presentation	API and literal-frame boundary scan; no generic wire rules inferred
BtExperience	b88cdac9665d28494f19d6a5d759acf8d5f00ad9	gui/skins/default/Components/Text/UbuntuLightTextEdit.qml	593ec3a1b9fcc79175210dc96fa07185ee74151e	application-presentation	API and literal-frame boundary scan; no generic wire rules inferred
BtExperience	b88cdac9665d28494f19d6a5d759acf8d5f00ad9	gui/skins/default/Components/Text/UbuntuLightTextInput.qml	e3807382ec3ebe8a25d3642fb7472e69a327ca24	application-presentation	API and literal-frame boundary scan; no generic wire rules inferred
BtExperience	b88cdac9665d28494f19d6a5d759acf8d5f00ad9	gui/skins/default/Components/Text/UbuntuMediumText.qml	c6e2de4de24a49c81ec372d187a07ed68b734b49	application-presentation	API and literal-frame boundary scan; no generic wire rules inferred
BtExperience	b88cdac9665d28494f19d6a5d759acf8d5f00ad9	gui/skins/default/Components/Text/UbuntuMediumTextInput.qml	590bdc6d61e904a629a64cd27f9c52f3d5e0b821	application-presentation	API and literal-frame boundary scan; no generic wire rules inferred
BtExperience	b88cdac9665d28494f19d6a5d759acf8d5f00ad9	gui/skins/default/Components/Text/qmldir	cd4c5032fb75b0d61374a6ca489d0a7a7f727e78	gui-and-local-integration	API and literal-frame boundary scan
BtExperience	b88cdac9665d28494f19d6a5d759acf8d5f00ad9	gui/skins/default/Components/TextDialog.qml	db81416ddf3641ec79be9525dc9164515aa9345d	application-presentation	API and literal-frame boundary scan; no generic wire rules inferred
BtExperience	b88cdac9665d28494f19d6a5d759acf8d5f00ad9	gui/skins/default/Components/ThermalRegulation/AdvancedSplit.qml	0b4b963a0a0171bb2fcf8c1b8cd4869f45bfacd3	application-presentation	API and literal-frame boundary scan; no generic wire rules inferred
BtExperience	b88cdac9665d28494f19d6a5d759acf8d5f00ad9	gui/skins/default/Components/ThermalRegulation/AdvancedSplitModalities.qml	fdaec25595164aab29cf4efea5eab3df677c528d	application-presentation	API and literal-frame boundary scan; no generic wire rules inferred
BtExperience	b88cdac9665d28494f19d6a5d759acf8d5f00ad9	gui/skins/default/Components/ThermalRegulation/AirConditioning.qml	991a241ba8cd7eccc5764f1d80601fc48c4c92f1	application-presentation	API and literal-frame boundary scan; no generic wire rules inferred
BtExperience	b88cdac9665d28494f19d6a5d759acf8d5f00ad9	gui/skins/default/Components/ThermalRegulation/BasicSplit.qml	841a04faa855f445742d7296208b8fdf4defb101	application-presentation	API and literal-frame boundary scan; no generic wire rules inferred
BtExperience	b88cdac9665d28494f19d6a5d759acf8d5f00ad9	gui/skins/default/Components/ThermalRegulation/ControlSetDateTime.qml	c51532fc8c62c6fc6a35336502969c0db4130c00	application-presentation	API and literal-frame boundary scan; no generic wire rules inferred
BtExperience	b88cdac9665d28494f19d6a5d759acf8d5f00ad9	gui/skins/default/Components/ThermalRegulation/ControlTemperature.qml	13c97a4059afc5ad57269a7d2ca9ef37ddd20cb0	application-presentation	API and literal-frame boundary scan; no generic wire rules inferred
BtExperience	b88cdac9665d28494f19d6a5d759acf8d5f00ad9	gui/skins/default/Components/ThermalRegulation/DateSelect.qml	27cfae51641ddfe0968f333ec4792de9140666d8	application-presentation	API and literal-frame boundary scan; no generic wire rules inferred
BtExperience	b88cdac9665d28494f19d6a5d759acf8d5f00ad9	gui/skins/default/Components/ThermalRegulation/ExternalProbes.qml	05717e67f3445ad162ddb342d2855dd833c1f945	application-presentation	API and literal-frame boundary scan; no generic wire rules inferred
BtExperience	b88cdac9665d28494f19d6a5d759acf8d5f00ad9	gui/skins/default/Components/ThermalRegulation/NotControlledProbes.qml	43f0b47490f02203cac6f49f3c0fe2cced693915	application-presentation	API and literal-frame boundary scan; no generic wire rules inferred
BtExperience	b88cdac9665d28494f19d6a5d759acf8d5f00ad9	gui/skins/default/Components/ThermalRegulation/ProgramListSplit.qml	d91706d96eda3cdf54ec67718bdac5079e63f3c4	application-presentation	API and literal-frame boundary scan; no generic wire rules inferred
BtExperience	b88cdac9665d28494f19d6a5d759acf8d5f00ad9	gui/skins/default/Components/ThermalRegulation/ThermalControlUnit.qml	94b2d63cf184160162598068ee8c40cd7531fafe	application-presentation	API and literal-frame boundary scan; no generic wire rules inferred
BtExperience	b88cdac9665d28494f19d6a5d759acf8d5f00ad9	gui/skins/default/Components/ThermalRegulation/ThermalControlUnitModalities.qml	7cb5ce2742f256d23c26fc5585241041c72a8fe5	application-presentation	API and literal-frame boundary scan; no generic wire rules inferred
BtExperience	b88cdac9665d28494f19d6a5d759acf8d5f00ad9	gui/skins/default/Components/ThermalRegulation/ThermalControlUnitSeasons.qml	e577db3d5b3aca83588e5a45be9919ffa0dcee99	application-presentation	API and literal-frame boundary scan; no generic wire rules inferred
BtExperience	b88cdac9665d28494f19d6a5d759acf8d5f00ad9	gui/skins/default/Components/ThermalRegulation/ThermalControlledProbe.qml	f7c6440e946e9da46361209246ffd38e10c0cb46	application-presentation	API and literal-frame boundary scan; no generic wire rules inferred
BtExperience	b88cdac9665d28494f19d6a5d759acf8d5f00ad9	gui/skins/default/Components/ThermalRegulation/ThermalControlledProbeModalities.qml	c5b0af62de4acf57eb7ffd9a2e86c6b749f78612	application-presentation	API and literal-frame boundary scan; no generic wire rules inferred
BtExperience	b88cdac9665d28494f19d6a5d759acf8d5f00ad9	gui/skins/default/Components/ThermalRegulation/ThermalNotControlledProbe.qml	51d436ef42dab56e934697b6a1b7bb060d97f77d	application-presentation	API and literal-frame boundary scan; no generic wire rules inferred
BtExperience	b88cdac9665d28494f19d6a5d759acf8d5f00ad9	gui/skins/default/Components/ThermalRegulation/ThermalRegulationItems.qml	47e74278554d1a6615d0d4a5569f177068d5777c	application-presentation	API and literal-frame boundary scan; no generic wire rules inferred
BtExperience	b88cdac9665d28494f19d6a5d759acf8d5f00ad9	gui/skins/default/Components/ThermalRegulation/ThermalRegulator.qml	201b1bdf6032591eb997e93f934edd59395bbef8	application-presentation	API and literal-frame boundary scan; no generic wire rules inferred
BtExperience	b88cdac9665d28494f19d6a5d759acf8d5f00ad9	gui/skins/default/Components/ThermalRegulation/qmldir	7f38b1b9bcf8926ab4dbb25c9cbe84df5a8fe31a	gui-and-local-integration	API and literal-frame boundary scan
BtExperience	b88cdac9665d28494f19d6a5d759acf8d5f00ad9	gui/skins/default/Components/ToolBar.qml	96514834ecfc6445e42d7f211f5d1188fc257d62	application-presentation	API and literal-frame boundary scan; no generic wire rules inferred
BtExperience	b88cdac9665d28494f19d6a5d759acf8d5f00ad9	gui/skins/default/Components/ToolbarButton.qml	fcbc536fbe8ce94a29f17bb5498298e02c67399a	application-presentation	API and literal-frame boundary scan; no generic wire rules inferred
BtExperience	b88cdac9665d28494f19d6a5d759acf8d5f00ad9	gui/skins/default/Components/VideoDoorEntry/CCTV.qml	08eef6746083433c96d89a3f1074f9a27cff5df8	application-presentation	API and literal-frame boundary scan; no generic wire rules inferred
BtExperience	b88cdac9665d28494f19d6a5d759acf8d5f00ad9	gui/skins/default/Components/VideoDoorEntry/ControlCallManager.qml	5549a8b8f85938afe57b02f746d47ce997baf311	application-presentation	API and literal-frame boundary scan; no generic wire rules inferred
BtExperience	b88cdac9665d28494f19d6a5d759acf8d5f00ad9	gui/skins/default/Components/VideoDoorEntry/ControlImageCommand.qml	8ad01eb94241dd1871ac7f52eb5591d42def6265	application-presentation	API and literal-frame boundary scan; no generic wire rules inferred
BtExperience	b88cdac9665d28494f19d6a5d759acf8d5f00ad9	gui/skins/default/Components/VideoDoorEntry/ControlPullDownVideo.qml	e2293e3adb7c1b94d5241e6909c93b19c47f7f82	application-presentation	API and literal-frame boundary scan; no generic wire rules inferred
BtExperience	b88cdac9665d28494f19d6a5d759acf8d5f00ad9	gui/skins/default/Components/VideoDoorEntry/ControlTextCommand.qml	94ee13092248262388a6005c6cd5f7f9ca510494	application-presentation	API and literal-frame boundary scan; no generic wire rules inferred
BtExperience	b88cdac9665d28494f19d6a5d759acf8d5f00ad9	gui/skins/default/Components/VideoDoorEntry/ControlTextImageCallManager.qml	6afd1033c7a7d4339b77db8f2f5ac8627dccdfba	application-presentation	API and literal-frame boundary scan; no generic wire rules inferred
BtExperience	b88cdac9665d28494f19d6a5d759acf8d5f00ad9	gui/skins/default/Components/VideoDoorEntry/ControlVideo.qml	36d7808e485be5cc94c58a8a49c092adfa92577a	application-presentation	API and literal-frame boundary scan; no generic wire rules inferred
BtExperience	b88cdac9665d28494f19d6a5d759acf8d5f00ad9	gui/skins/default/Components/VideoDoorEntry/InterCom.qml	4ca77ed5146ac03acceb61d82cc6802e71e6aa73	application-presentation	API and literal-frame boundary scan; no generic wire rules inferred
BtExperience	b88cdac9665d28494f19d6a5d759acf8d5f00ad9	gui/skins/default/Components/VideoDoorEntry/Pager.qml	b57278fa53c42fc8453496295d7a103852c01345	application-presentation	API and literal-frame boundary scan; no generic wire rules inferred
BtExperience	b88cdac9665d28494f19d6a5d759acf8d5f00ad9	gui/skins/default/Components/VideoDoorEntry/Talk.qml	469aff33fb67125fdf26621ee0c04e6b358609f7	application-presentation	API and literal-frame boundary scan; no generic wire rules inferred
BtExperience	b88cdac9665d28494f19d6a5d759acf8d5f00ad9	gui/skins/default/Components/VideoDoorEntry/VideoDoorEntryItems.qml	b68f877b90058876fcd8aad9629b74c4cbea6ebf	application-presentation	API and literal-frame boundary scan; no generic wire rules inferred
BtExperience	b88cdac9665d28494f19d6a5d759acf8d5f00ad9	gui/skins/default/Components/VideoDoorEntry/qmldir	538c7169ddc8ad67d319108ffc2c98dccc619acd	gui-and-local-integration	API and literal-frame boundary scan
BtExperience	b88cdac9665d28494f19d6a5d759acf8d5f00ad9	gui/skins/default/Components/WebRadioLink.qml	1da6a9927b13a11fd1d8910d8e78ab29bd77d184	application-presentation	API and literal-frame boundary scan; no generic wire rules inferred
BtExperience	b88cdac9665d28494f19d6a5d759acf8d5f00ad9	gui/skins/default/Components/WebcamLink.qml	706dbaf277fef8900992f217b8c726a1e3c64f37	application-presentation	API and literal-frame boundary scan; no generic wire rules inferred
BtExperience	b88cdac9665d28494f19d6a5d759acf8d5f00ad9	gui/skins/default/Components/create_qmldir.py	78f52677771d4a56b4bb075d44ba64b848ba70c7	gui-and-local-integration	API and literal-frame boundary scan
BtExperience	b88cdac9665d28494f19d6a5d759acf8d5f00ad9	gui/skins/default/Components/qmldir	ca9c332488ba9612063bba609d53965348c0d2ee	gui-and-local-integration	API and literal-frame boundary scan
BtExperience	b88cdac9665d28494f19d6a5d759acf8d5f00ad9	gui/skins/default/Devices.qml	eab5b3e34aee626d9e84c85a7854b35e49d91e1b	application-presentation	API and literal-frame boundary scan; no generic wire rules inferred
BtExperience	b88cdac9665d28494f19d6a5d759acf8d5f00ad9	gui/skins/default/EnergyDataDetail.qml	004fae6c1064523f5b67ac8449e4f4b802526ca0	application-presentation	API and literal-frame boundary scan; no generic wire rules inferred
BtExperience	b88cdac9665d28494f19d6a5d759acf8d5f00ad9	gui/skins/default/EnergyDataGraph.qml	2fc92bdd2e9725b2ef321f33ca0f0e7230f43bbd	application-presentation	API and literal-frame boundary scan; no generic wire rules inferred
BtExperience	b88cdac9665d28494f19d6a5d759acf8d5f00ad9	gui/skins/default/EnergyGlobalView.qml	b91a02cd23e55965cf6d28ab0068c2a541390407	application-presentation	API and literal-frame boundary scan; no generic wire rules inferred
BtExperience	b88cdac9665d28494f19d6a5d759acf8d5f00ad9	gui/skins/default/EnergyManagement.qml	5a0c5500378d27b86e4b3b8a7c9bc7cada72be4c	application-presentation	API and literal-frame boundary scan; no generic wire rules inferred
BtExperience	b88cdac9665d28494f19d6a5d759acf8d5f00ad9	gui/skins/default/EnergyManagementNames.qml	3776a0d9658b2b900f03f1e99b7011830e5ca4da	application-presentation	API and literal-frame boundary scan; no generic wire rules inferred
BtExperience	b88cdac9665d28494f19d6a5d759acf8d5f00ad9	gui/skins/default/HomePage.qml	812092b1d5d8ab18b2bc08058a718c3e43372602	application-presentation	API and literal-frame boundary scan; no generic wire rules inferred
BtExperience	b88cdac9665d28494f19d6a5d759acf8d5f00ad9	gui/skins/default/IntercomPage.qml	683c232c1031dcb8af8b006b3706f5e00cb5ad9f	application-presentation	API and literal-frame boundary scan; no generic wire rules inferred
BtExperience	b88cdac9665d28494f19d6a5d759acf8d5f00ad9	gui/skins/default/Lighting.qml	9bc74388c8b7d63d672010c6f0d54bd30f4d6417	application-presentation	API and literal-frame boundary scan; no generic wire rules inferred
BtExperience	b88cdac9665d28494f19d6a5d759acf8d5f00ad9	gui/skins/default/LightingNames.qml	b9d1f1d2d42deaa9e5370f2d9721a1f676765916	application-presentation	API and literal-frame boundary scan; no generic wire rules inferred
BtExperience	b88cdac9665d28494f19d6a5d759acf8d5f00ad9	gui/skins/default/Messages.qml	6c5b16aa9957dfa4c870316db4f385b7af842540	application-presentation	API and literal-frame boundary scan; no generic wire rules inferred
BtExperience	b88cdac9665d28494f19d6a5d759acf8d5f00ad9	gui/skins/default/Multimedia.qml	a73c32dfa14035eb09f81a8d97d73a3f1446eb6a	application-presentation	API and literal-frame boundary scan; no generic wire rules inferred
BtExperience	b88cdac9665d28494f19d6a5d759acf8d5f00ad9	gui/skins/default/Names.qml	7324a6111da2212e61831ecf69f837a43ac1ff00	application-presentation	API and literal-frame boundary scan; no generic wire rules inferred
BtExperience	b88cdac9665d28494f19d6a5d759acf8d5f00ad9	gui/skins/default/NewImageCard.qml	77470adbc2c41758e05b867210e77d32af5b3ce8	application-presentation	API and literal-frame boundary scan; no generic wire rules inferred
BtExperience	b88cdac9665d28494f19d6a5d759acf8d5f00ad9	gui/skins/default/Page.qml	565dceb48d21254b90acbad918d1be3042527787	application-presentation	API and literal-frame boundary scan; no generic wire rules inferred
BtExperience	b88cdac9665d28494f19d6a5d759acf8d5f00ad9	gui/skins/default/PasswordCheck.qml	b60a454510b856317e3b2b7f591548f47bc9f328	application-presentation	API and literal-frame boundary scan; no generic wire rules inferred
BtExperience	b88cdac9665d28494f19d6a5d759acf8d5f00ad9	gui/skins/default/PhotoPlayer.qml	fdacd86403ba916b3b62d2772767c795349fd4e4	application-presentation	API and literal-frame boundary scan; no generic wire rules inferred
BtExperience	b88cdac9665d28494f19d6a5d759acf8d5f00ad9	gui/skins/default/PopupPage.qml	2fb2857cf8e574277a773744d85617e7bf6301f3	application-presentation	API and literal-frame boundary scan; no generic wire rules inferred
BtExperience	b88cdac9665d28494f19d6a5d759acf8d5f00ad9	gui/skins/default/Profile.qml	34b95ae259ca71b3c2ed2d43a59b9109db11c98f	application-presentation	API and literal-frame boundary scan; no generic wire rules inferred
BtExperience	b88cdac9665d28494f19d6a5d759acf8d5f00ad9	gui/skins/default/Room.qml	4eb52cfab5890d9c6f9b82cf04b593417318545e	application-presentation	API and literal-frame boundary scan; no generic wire rules inferred
BtExperience	b88cdac9665d28494f19d6a5d759acf8d5f00ad9	gui/skins/default/Rooms.qml	32cd0773c07c22a4ba3241c2b422ba0233be2320	application-presentation	API and literal-frame boundary scan; no generic wire rules inferred
BtExperience	b88cdac9665d28494f19d6a5d759acf8d5f00ad9	gui/skins/default/RssPage.qml	7d7e7257eb972f0cbad7b257f8a5f483f923d343	application-presentation	API and literal-frame boundary scan; no generic wire rules inferred
BtExperience	b88cdac9665d28494f19d6a5d759acf8d5f00ad9	gui/skins/default/Scenarios.qml	ce0b0e0506a448015609f1bcb708239c0f7b1295	application-presentation	API and literal-frame boundary scan; no generic wire rules inferred
BtExperience	b88cdac9665d28494f19d6a5d759acf8d5f00ad9	gui/skins/default/Settings.qml	6bfc3f5205001a94cad9319bb653d383d7430a6e	application-presentation	API and literal-frame boundary scan; no generic wire rules inferred
BtExperience	b88cdac9665d28494f19d6a5d759acf8d5f00ad9	gui/skins/default/SettingsAdvancedScenario.qml	928d0eeee3d550987df8391cc6bfd34ea15e083e	application-presentation	API and literal-frame boundary scan; no generic wire rules inferred
BtExperience	b88cdac9665d28494f19d6a5d759acf8d5f00ad9	gui/skins/default/SettingsNames.qml	7e5ec5d1db512f388a430ec6c941cab7ec295583	application-presentation	API and literal-frame boundary scan; no generic wire rules inferred
BtExperience	b88cdac9665d28494f19d6a5d759acf8d5f00ad9	gui/skins/default/Skippers/EnergyDataDetailSkipper.qml	9e6f2e3bece5b345002975227b3442d2f0d56c64	application-presentation	API and literal-frame boundary scan; no generic wire rules inferred
BtExperience	b88cdac9665d28494f19d6a5d759acf8d5f00ad9	gui/skins/default/Skippers/RoomsSkipper.qml	1e60f90c8b2680a6ee3ec7e887da4f6daae43255	application-presentation	API and literal-frame boundary scan; no generic wire rules inferred
BtExperience	b88cdac9665d28494f19d6a5d759acf8d5f00ad9	gui/skins/default/Skippers/SystemsSkipper.qml	d9a77e822d74275d97a325ee2b70c3c843a4ded8	application-presentation	API and literal-frame boundary scan; no generic wire rules inferred
BtExperience	b88cdac9665d28494f19d6a5d759acf8d5f00ad9	gui/skins/default/SoundDiffusion.qml	51862a222b2a735e8e0fdd1857b968c85daa28da	application-presentation	API and literal-frame boundary scan; no generic wire rules inferred
BtExperience	b88cdac9665d28494f19d6a5d759acf8d5f00ad9	gui/skins/default/SystemPage.qml	03a9600cdc17f3a8bee94e94c945e9434491d597	application-presentation	API and literal-frame boundary scan; no generic wire rules inferred
BtExperience	b88cdac9665d28494f19d6a5d759acf8d5f00ad9	gui/skins/default/Systems.qml	ec4d7a9aa4f3363f0ecb0513f83192a5538b2ef4	application-presentation	API and literal-frame boundary scan; no generic wire rules inferred
BtExperience	b88cdac9665d28494f19d6a5d759acf8d5f00ad9	gui/skins/default/SystemsNames.qml	31433c6b73f817efedea35950c07160b6778a38e	application-presentation	API and literal-frame boundary scan; no generic wire rules inferred
BtExperience	b88cdac9665d28494f19d6a5d759acf8d5f00ad9	gui/skins/default/ThermalNames.qml	0346881b118ba47d799274a84d7d9a56c6502c7b	application-presentation	API and literal-frame boundary scan; no generic wire rules inferred
BtExperience	b88cdac9665d28494f19d6a5d759acf8d5f00ad9	gui/skins/default/ThermalRegulation.qml	cd5440acea12c4880f2346a9625ea4b400d28c34	application-presentation	API and literal-frame boundary scan; no generic wire rules inferred
BtExperience	b88cdac9665d28494f19d6a5d759acf8d5f00ad9	gui/skins/default/VideoCamera.qml	79a9d5bad2d2d1542e5cbcba52a0a008cc771bc8	application-presentation	API and literal-frame boundary scan; no generic wire rules inferred
BtExperience	b88cdac9665d28494f19d6a5d759acf8d5f00ad9	gui/skins/default/VideoDoorEntry.qml	8236c3db6303dd10e1f53ba25a945e4392da72b9	application-presentation	API and literal-frame boundary scan; no generic wire rules inferred
BtExperience	b88cdac9665d28494f19d6a5d759acf8d5f00ad9	gui/skins/default/VideoPlayer.qml	62173b8231005cc025e1e33f1a95ff6521294171	application-presentation	API and literal-frame boundary scan; no generic wire rules inferred
BtExperience	b88cdac9665d28494f19d6a5d759acf8d5f00ad9	gui/skins/default/browsermain.qml	5803d1c00b45ce4bac43a3575f53b18c5bdf41f0	application-presentation	API and literal-frame boundary scan; no generic wire rules inferred
BtExperience	b88cdac9665d28494f19d6a5d759acf8d5f00ad9	gui/skins/default/images/background/automation.jpg	0584e59bd50c02ba172fdfff8f58d52e46ce7b26	presentation-assets	inventory only; no new wire semantics
BtExperience	b88cdac9665d28494f19d6a5d759acf8d5f00ad9	gui/skins/default/images/background/bathroom.jpg	851aca21edfe4d72bb19f88a64fd064428277d35	presentation-assets	inventory only; no new wire semantics
BtExperience	b88cdac9665d28494f19d6a5d759acf8d5f00ad9	gui/skins/default/images/background/bathroom_2.jpg	cf41928776bc76f2071cf589854564cb4949fce9	presentation-assets	inventory only; no new wire semantics
BtExperience	b88cdac9665d28494f19d6a5d759acf8d5f00ad9	gui/skins/default/images/background/burglar_alarm.jpg	b5647a4e73c5a627cac06ef846f453c4ce4d2d4d	presentation-assets	inventory only; no new wire semantics
BtExperience	b88cdac9665d28494f19d6a5d759acf8d5f00ad9	gui/skins/default/images/background/devices.jpg	affd7e2f8c14987237fb7f0d0ac1c615b7766d15	presentation-assets	inventory only; no new wire semantics
BtExperience	b88cdac9665d28494f19d6a5d759acf8d5f00ad9	gui/skins/default/images/background/energy.jpg	dc4fe2a1185298ce3bbfa11badc8cfdeb7274804	presentation-assets	inventory only; no new wire semantics
BtExperience	b88cdac9665d28494f19d6a5d759acf8d5f00ad9	gui/skins/default/images/background/garage.jpg	a9b389c9bc79caefa8b71cae271ea5003de4020f	presentation-assets	inventory only; no new wire semantics
BtExperience	b88cdac9665d28494f19d6a5d759acf8d5f00ad9	gui/skins/default/images/background/garden.jpg	fe7b9c4bf6e82e1605923e89026094953c1dcc79	presentation-assets	inventory only; no new wire semantics
BtExperience	b88cdac9665d28494f19d6a5d759acf8d5f00ad9	gui/skins/default/images/background/home.jpg	510a4adf2bd3b32dd557e2cf1ff2c8acd3b391ae	presentation-assets	inventory only; no new wire semantics
BtExperience	b88cdac9665d28494f19d6a5d759acf8d5f00ad9	gui/skins/default/images/background/home_dark.jpg	1de0d9cdd4b983769a5e662f4a6c97811342f449	presentation-assets	inventory only; no new wire semantics
BtExperience	b88cdac9665d28494f19d6a5d759acf8d5f00ad9	gui/skins/default/images/background/kids_room.jpg	11fb145b862dda639b5ca1a287785b78c9c8a489	presentation-assets	inventory only; no new wire semantics
BtExperience	b88cdac9665d28494f19d6a5d759acf8d5f00ad9	gui/skins/default/images/background/kitchen.jpg	6a5bf77b8b336daf3710a06b283602fca08c228c	presentation-assets	inventory only; no new wire semantics
BtExperience	b88cdac9665d28494f19d6a5d759acf8d5f00ad9	gui/skins/default/images/background/kitchen_2.jpg	3e18e5c8e9c79e1fdc115b165aa6df2daff234e5	presentation-assets	inventory only; no new wire semantics
BtExperience	b88cdac9665d28494f19d6a5d759acf8d5f00ad9	gui/skins/default/images/background/lighting.jpg	c327cafb0a4913260fc46f8c98b2db808cfbc5f1	presentation-assets	inventory only; no new wire semantics
BtExperience	b88cdac9665d28494f19d6a5d759acf8d5f00ad9	gui/skins/default/images/background/living_room.jpg	4d29b77d3ec0c416443f029a5cf7ba75e967ce85	presentation-assets	inventory only; no new wire semantics
BtExperience	b88cdac9665d28494f19d6a5d759acf8d5f00ad9	gui/skins/default/images/background/living_room_2.jpg	0cfacbf2bac3b5abd7398e9b44ea1621183830eb	presentation-assets	inventory only; no new wire semantics
BtExperience	b88cdac9665d28494f19d6a5d759acf8d5f00ad9	gui/skins/default/images/background/lounge.jpg	711b4dd7f651a32005412c92f576ebbc7ef22566	presentation-assets	inventory only; no new wire semantics
BtExperience	b88cdac9665d28494f19d6a5d759acf8d5f00ad9	gui/skins/default/images/background/lounge_2.jpg	11406989eea8877b77e11e1b4b877d116611ed9d	presentation-assets	inventory only; no new wire semantics
BtExperience	b88cdac9665d28494f19d6a5d759acf8d5f00ad9	gui/skins/default/images/background/messages.jpg	4aa5b07c5c48728060fcb701efcab14b0b5d6e3f	presentation-assets	inventory only; no new wire semantics
BtExperience	b88cdac9665d28494f19d6a5d759acf8d5f00ad9	gui/skins/default/images/background/multimedia.jpg	5b69049a211015c42876daeb9241c8dbee90c5a9	presentation-assets	inventory only; no new wire semantics
BtExperience	b88cdac9665d28494f19d6a5d759acf8d5f00ad9	gui/skins/default/images/background/office.jpg	b3adc7b281567833a6b91d2b7ea3f9630180bd82	presentation-assets	inventory only; no new wire semantics
BtExperience	b88cdac9665d28494f19d6a5d759acf8d5f00ad9	gui/skins/default/images/background/scenario.jpg	6d89be7996f2543d525f5a31ae645db80b2362c2	presentation-assets	inventory only; no new wire semantics
BtExperience	b88cdac9665d28494f19d6a5d759acf8d5f00ad9	gui/skins/default/images/background/sound_diffusion.jpg	f5b3404661e54a73bb203b5a5c41054bf79550d7	presentation-assets	inventory only; no new wire semantics
BtExperience	b88cdac9665d28494f19d6a5d759acf8d5f00ad9	gui/skins/default/images/background/temperature_control_cooling.jpg	4a3a1f3555134eaac09f4ee4a1f11465f2b9e59d	presentation-assets	inventory only; no new wire semantics
BtExperience	b88cdac9665d28494f19d6a5d759acf8d5f00ad9	gui/skins/default/images/background/temperature_control_heating.jpg	f333ee8ce767e5cdde3356c241799846d756f64d	presentation-assets	inventory only; no new wire semantics
BtExperience	b88cdac9665d28494f19d6a5d759acf8d5f00ad9	gui/skins/default/images/background/video_door_entry.jpg	c91e9acb4eca2ace6a355312af541d8268ea3dda	presentation-assets	inventory only; no new wire semantics
BtExperience	b88cdac9665d28494f19d6a5d759acf8d5f00ad9	gui/skins/default/images/card/automation.jpg	2bb161a8a77a0622be563d1214b55c25eaf2e5fe	presentation-assets	inventory only; no new wire semantics
BtExperience	b88cdac9665d28494f19d6a5d759acf8d5f00ad9	gui/skins/default/images/card/bathroom.jpg	0ac3701905a3562620f23f5d4128748143c126d3	presentation-assets	inventory only; no new wire semantics
BtExperience	b88cdac9665d28494f19d6a5d759acf8d5f00ad9	gui/skins/default/images/card/bathroom_2.png	2ddfd7262f10ef25c60e0bf0dec042895ab6b83d	presentation-assets	inventory only; no new wire semantics
BtExperience	b88cdac9665d28494f19d6a5d759acf8d5f00ad9	gui/skins/default/images/card/browser.jpg	cc2bf6a9b795622e1e645ddf0cf56f7493b8a719	presentation-assets	inventory only; no new wire semantics
BtExperience	b88cdac9665d28494f19d6a5d759acf8d5f00ad9	gui/skins/default/images/card/burglar_alarm.jpg	96bc6aed29e8c82832823911de0f497e3b7a453e	presentation-assets	inventory only; no new wire semantics
BtExperience	b88cdac9665d28494f19d6a5d759acf8d5f00ad9	gui/skins/default/images/card/cam.jpg	0d8b5af734cd9d75eecc13dac4807a95a3861102	presentation-assets	inventory only; no new wire semantics
BtExperience	b88cdac9665d28494f19d6a5d759acf8d5f00ad9	gui/skins/default/images/card/devices.jpg	bfbf1e319406af72a4634478c03a294cafb39931	presentation-assets	inventory only; no new wire semantics
BtExperience	b88cdac9665d28494f19d6a5d759acf8d5f00ad9	gui/skins/default/images/card/energy.jpg	1714792140e6dff02f757e61a3098b0ff7742add	presentation-assets	inventory only; no new wire semantics
BtExperience	b88cdac9665d28494f19d6a5d759acf8d5f00ad9	gui/skins/default/images/card/garage.jpg	440a6c3909caadbbda6cc66f7fb5ef98b68ada57	presentation-assets	inventory only; no new wire semantics
BtExperience	b88cdac9665d28494f19d6a5d759acf8d5f00ad9	gui/skins/default/images/card/garden.jpg	5a68c61ba25fdc94bea1a2addfd3ed6acc490481	presentation-assets	inventory only; no new wire semantics
BtExperience	b88cdac9665d28494f19d6a5d759acf8d5f00ad9	gui/skins/default/images/card/home_boy.png	5815ce08d2ac7a9c8bcd177d0b644eb19c982602	presentation-assets	inventory only; no new wire semantics
BtExperience	b88cdac9665d28494f19d6a5d759acf8d5f00ad9	gui/skins/default/images/card/home_family.png	fbec6383094b7cf155354101a94fd8b961bb52fd	presentation-assets	inventory only; no new wire semantics
BtExperience	b88cdac9665d28494f19d6a5d759acf8d5f00ad9	gui/skins/default/images/card/home_girl.png	5dd0c4a1b18d40700a22f0c97171215c481fc2ce	presentation-assets	inventory only; no new wire semantics
BtExperience	b88cdac9665d28494f19d6a5d759acf8d5f00ad9	gui/skins/default/images/card/home_man.png	c220558ee0f1d5b3c2fd929b4e8f688d50ff33e8	presentation-assets	inventory only; no new wire semantics
BtExperience	b88cdac9665d28494f19d6a5d759acf8d5f00ad9	gui/skins/default/images/card/home_woman.png	a80197a6fbae804d38657f3885554dd6b194c253	presentation-assets	inventory only; no new wire semantics
BtExperience	b88cdac9665d28494f19d6a5d759acf8d5f00ad9	gui/skins/default/images/card/kids_room.jpg	d3d8a3d861b11c7ede12b47323b6e709711c5ff9	presentation-assets	inventory only; no new wire semantics
BtExperience	b88cdac9665d28494f19d6a5d759acf8d5f00ad9	gui/skins/default/images/card/kitchen.jpg	079b27b048c1ba8ed1b37000fcd4974eaf1504a1	presentation-assets	inventory only; no new wire semantics
BtExperience	b88cdac9665d28494f19d6a5d759acf8d5f00ad9	gui/skins/default/images/card/kitchen_2.jpg	7c55889dc629d542fa84b0f82ed3435bb2660fbb	presentation-assets	inventory only; no new wire semantics
BtExperience	b88cdac9665d28494f19d6a5d759acf8d5f00ad9	gui/skins/default/images/card/lighting.jpg	f1fe449c66dbaca8c53cf89f0553bdebd51c4fe1	presentation-assets	inventory only; no new wire semantics
BtExperience	b88cdac9665d28494f19d6a5d759acf8d5f00ad9	gui/skins/default/images/card/living_room.jpg	e51d637b45a7322b55a1ed2b5e1b1a0e82625d90	presentation-assets	inventory only; no new wire semantics
BtExperience	b88cdac9665d28494f19d6a5d759acf8d5f00ad9	gui/skins/default/images/card/living_room_2.jpg	72954e4849ff263d0689c595aa14dbd1a16de6bc	presentation-assets	inventory only; no new wire semantics
BtExperience	b88cdac9665d28494f19d6a5d759acf8d5f00ad9	gui/skins/default/images/card/lounge.jpg	7ddb1fae5da66c3811eb50c96943ccf85ff9cd5b	presentation-assets	inventory only; no new wire semantics
BtExperience	b88cdac9665d28494f19d6a5d759acf8d5f00ad9	gui/skins/default/images/card/lounge_2.jpg	d16fed3ab20b1c9f9a5e67a27068c4dc957bf0a0	presentation-assets	inventory only; no new wire semantics
BtExperience	b88cdac9665d28494f19d6a5d759acf8d5f00ad9	gui/skins/default/images/card/messages.jpg	b85160d8a87eaa6eca2ee142755e0d19ebfe9199	presentation-assets	inventory only; no new wire semantics
BtExperience	b88cdac9665d28494f19d6a5d759acf8d5f00ad9	gui/skins/default/images/card/meteo.jpg	ad0d3f35a4e549d9cded40a289d26110d1e5cd52	presentation-assets	inventory only; no new wire semantics
BtExperience	b88cdac9665d28494f19d6a5d759acf8d5f00ad9	gui/skins/default/images/card/office.jpg	22a0bf2e4c5d2bb5794f4b5c92a2f2d589fc2384	presentation-assets	inventory only; no new wire semantics
BtExperience	b88cdac9665d28494f19d6a5d759acf8d5f00ad9	gui/skins/default/images/card/rss.jpg	c74e16778b250a96079ade9d1795b2f779db88b2	presentation-assets	inventory only; no new wire semantics
BtExperience	b88cdac9665d28494f19d6a5d759acf8d5f00ad9	gui/skins/default/images/card/scenario.jpg	dc058c5fb86800b48f9038fd37954dc88abfeee1	presentation-assets	inventory only; no new wire semantics
BtExperience	b88cdac9665d28494f19d6a5d759acf8d5f00ad9	gui/skins/default/images/card/sound_diffusion.jpg	eb22f54f22b8aae85f133d42b9c0736b37c4e1a7	presentation-assets	inventory only; no new wire semantics
BtExperience	b88cdac9665d28494f19d6a5d759acf8d5f00ad9	gui/skins/default/images/card/temperature_control_cooling.jpg	39c1f2748e183b6b852e54faf415feebee98aa5a	presentation-assets	inventory only; no new wire semantics
BtExperience	b88cdac9665d28494f19d6a5d759acf8d5f00ad9	gui/skins/default/images/card/temperature_control_heating.jpg	4a9f451e5037d653da85366a9a42d1fe12c5e26a	presentation-assets	inventory only; no new wire semantics
BtExperience	b88cdac9665d28494f19d6a5d759acf8d5f00ad9	gui/skins/default/images/card/video_door_entry.jpg	5fca00be7e8e8fc1d2733c851c74ee140a5b493f	presentation-assets	inventory only; no new wire semantics
BtExperience	b88cdac9665d28494f19d6a5d759acf8d5f00ad9	gui/skins/default/images/card/weblink.jpg	83688f84d760e9f63a1d8fd84f1248b0e362e384	presentation-assets	inventory only; no new wire semantics
BtExperience	b88cdac9665d28494f19d6a5d759acf8d5f00ad9	gui/skins/default/images/common/alarm-log_panel.svg	6f931fad3760a58404c845633c2398b9511853ca	presentation-assets	inventory only; no new wire semantics
BtExperience	b88cdac9665d28494f19d6a5d759acf8d5f00ad9	gui/skins/default/images/common/alarm_clock/freccia_dx.svg	cdd610a18b82f369e61d1d15babc21a24e1ba000	presentation-assets	inventory only; no new wire semantics
BtExperience	b88cdac9665d28494f19d6a5d759acf8d5f00ad9	gui/skins/default/images/common/alarm_clock/freccia_sx.svg	a144edb383b1752ad821c6704c13b0458a370737	presentation-assets	inventory only; no new wire semantics
BtExperience	b88cdac9665d28494f19d6a5d759acf8d5f00ad9	gui/skins/default/images/common/answer_call.svg	48b981a99fd17c44daeae6efae0f8372adaf1b3d	presentation-assets	inventory only; no new wire semantics
BtExperience	b88cdac9665d28494f19d6a5d759acf8d5f00ad9	gui/skins/default/images/common/bg_automazioni.svg	a6ec66f40a46bfc36d1c0458fbeb178de88b53c7	presentation-assets	inventory only; no new wire semantics
BtExperience	b88cdac9665d28494f19d6a5d759acf8d5f00ad9	gui/skins/default/images/common/bg_barra.svg	1f644cb40c356b1e788687aba2b4477be3cc1f53	presentation-assets	inventory only; no new wire semantics
BtExperience	b88cdac9665d28494f19d6a5d759acf8d5f00ad9	gui/skins/default/images/common/bg_bottom.svg	2ab8c64a9f6724795605e546efed897143839818	presentation-assets	inventory only; no new wire semantics
BtExperience	b88cdac9665d28494f19d6a5d759acf8d5f00ad9	gui/skins/default/images/common/bg_browse.svg	028b27b875a39dc20ee8b2caea5a1603a4bd1524	presentation-assets	inventory only; no new wire semantics
BtExperience	b88cdac9665d28494f19d6a5d759acf8d5f00ad9	gui/skins/default/images/common/bg_btn_rispondi_L.svg	966726cdd7bb1bca8e360a7035cd805065ba74d1	presentation-assets	inventory only; no new wire semantics
BtExperience	b88cdac9665d28494f19d6a5d759acf8d5f00ad9	gui/skins/default/images/common/bg_chiamata_attiva.svg	187daf290c672dbe201a3417b20068e0bb5d3dc0	presentation-assets	inventory only; no new wire semantics
BtExperience	b88cdac9665d28494f19d6a5d759acf8d5f00ad9	gui/skins/default/images/common/bg_chiamata_incorso.svg	661bba56c1542d6280a13ada4d7e49c10b88d500	presentation-assets	inventory only; no new wire semantics
BtExperience	b88cdac9665d28494f19d6a5d759acf8d5f00ad9	gui/skins/default/images/common/bg_comando.svg	7bb31a434471e3d58e4fc9a889e9980f13f43c86	presentation-assets	inventory only; no new wire semantics
BtExperience	b88cdac9665d28494f19d6a5d759acf8d5f00ad9	gui/skins/default/images/common/bg_cursore.svg	79bc8ca7bcd6364d0ae2f4c5d0d30993f70c1092	presentation-assets	inventory only; no new wire semantics
BtExperience	b88cdac9665d28494f19d6a5d759acf8d5f00ad9	gui/skins/default/images/common/bg_datetime.svg	da5b37f59ef6bf354cb26c30502d515653d37149	presentation-assets	inventory only; no new wire semantics
BtExperience	b88cdac9665d28494f19d6a5d759acf8d5f00ad9	gui/skins/default/images/common/bg_freccia.svg	4dad121f7f1fc33a8212e1094e15adb28a71cbe4	presentation-assets	inventory only; no new wire semantics
BtExperience	b88cdac9665d28494f19d6a5d759acf8d5f00ad9	gui/skins/default/images/common/bg_messaggi_ricevuti.svg	f0171f91dbcf08da0a2c663536526e9da0cadcfa	presentation-assets	inventory only; no new wire semantics
BtExperience	b88cdac9665d28494f19d6a5d759acf8d5f00ad9	gui/skins/default/images/common/bg_messaggio.svg	979a29c69c7c7a38c51cabf886ef9c634c73d9cd	presentation-assets	inventory only; no new wire semantics
BtExperience	b88cdac9665d28494f19d6a5d759acf8d5f00ad9	gui/skins/default/images/common/bg_nome_video.svg	107b7562c28b866980e393b49cf2471f2bb2e35d	presentation-assets	inventory only; no new wire semantics
BtExperience	b88cdac9665d28494f19d6a5d759acf8d5f00ad9	gui/skins/default/images/common/bg_nuovo_messaggio.svg	c0d5ce00bab053f1e2a40dea90d0c4ff0652d0ce	presentation-assets	inventory only; no new wire semantics
BtExperience	b88cdac9665d28494f19d6a5d759acf8d5f00ad9	gui/skins/default/images/common/bg_on-off-stop.svg	ebdae85eda8826784d153e9e71eacb2ec41cf7e4	presentation-assets	inventory only; no new wire semantics
BtExperience	b88cdac9665d28494f19d6a5d759acf8d5f00ad9	gui/skins/default/images/common/bg_on-off.svg	48f7d50160c46d441b8936957dd616aca4cae462	presentation-assets	inventory only; no new wire semantics
BtExperience	b88cdac9665d28494f19d6a5d759acf8d5f00ad9	gui/skins/default/images/common/bg_orario.svg	da5b37f59ef6bf354cb26c30502d515653d37149	presentation-assets	inventory only; no new wire semantics
BtExperience	b88cdac9665d28494f19d6a5d759acf8d5f00ad9	gui/skins/default/images/common/bg_paginazione.png	b497efd55c0efa23b6381fc90d545208b6b56f86	presentation-assets	inventory only; no new wire semantics
BtExperience	b88cdac9665d28494f19d6a5d759acf8d5f00ad9	gui/skins/default/images/common/bg_panel_212x100.svg	f5697a73b2d7ad7cb7c16deb12380d7f6aedb6c5	presentation-assets	inventory only; no new wire semantics
BtExperience	b88cdac9665d28494f19d6a5d759acf8d5f00ad9	gui/skins/default/images/common/bg_player.svg	fc172255df1ab7e6b3e44117df4640b7b9a64484	presentation-assets	inventory only; no new wire semantics
BtExperience	b88cdac9665d28494f19d6a5d759acf8d5f00ad9	gui/skins/default/images/common/bg_player_fullscreen.svg	a96ac7b4cec9136077f2031c8062ade64e57dfdd	presentation-assets	inventory only; no new wire semantics
BtExperience	b88cdac9665d28494f19d6a5d759acf8d5f00ad9	gui/skins/default/images/common/bg_regola_dimmer.svg	fb26b7b2cefc52afbeb24b2d4f99d6c331b6abe2	presentation-assets	inventory only; no new wire semantics
BtExperience	b88cdac9665d28494f19d6a5d759acf8d5f00ad9	gui/skins/default/images/common/bg_scenevo.svg	5b9624e94d687e4e910ed5f004c71e0b5eec25b0	presentation-assets	inventory only; no new wire semantics
BtExperience	b88cdac9665d28494f19d6a5d759acf8d5f00ad9	gui/skins/default/images/common/bg_scenevo_ok_annulla.svg	b61fba19806d8c35de6f0f2eaa637556de13a6ec	presentation-assets	inventory only; no new wire semantics
BtExperience	b88cdac9665d28494f19d6a5d759acf8d5f00ad9	gui/skins/default/images/common/bg_scenevo_titolo.svg	7124319918f869bc639020bcab4a49057227896f	presentation-assets	inventory only; no new wire semantics
BtExperience	b88cdac9665d28494f19d6a5d759acf8d5f00ad9	gui/skins/default/images/common/bg_settings_637x437.svg	55c3b3d5ca475e8e78d1d5b6ce5fb16d89205c49	presentation-assets	inventory only; no new wire semantics
BtExperience	b88cdac9665d28494f19d6a5d759acf8d5f00ad9	gui/skins/default/images/common/bg_settings_637x51.svg	68fa4b783a244b4be31d7bc1ccd3a0196446671f	presentation-assets	inventory only; no new wire semantics
BtExperience	b88cdac9665d28494f19d6a5d759acf8d5f00ad9	gui/skins/default/images/common/bg_tempo.svg	dbb940694299fb6cfe488e487e2da9df9aade3db	presentation-assets	inventory only; no new wire semantics
BtExperience	b88cdac9665d28494f19d6a5d759acf8d5f00ad9	gui/skins/default/images/common/bg_tempo_fullscreen.svg	f63670ad78fcd91c5ab6101d9d77131277fd4f2e	presentation-assets	inventory only; no new wire semantics
BtExperience	b88cdac9665d28494f19d6a5d759acf8d5f00ad9	gui/skins/default/images/common/bg_temporizzatore.svg	170e17a4d690424624dd52cf9ee2b0f0fa031808	presentation-assets	inventory only; no new wire semantics
BtExperience	b88cdac9665d28494f19d6a5d759acf8d5f00ad9	gui/skins/default/images/common/bg_temporizzatore_fisso.svg	71fe75e9926752acc62cbd33d2a41427f5fde8e3	presentation-assets	inventory only; no new wire semantics
BtExperience	b88cdac9665d28494f19d6a5d759acf8d5f00ad9	gui/skins/default/images/common/bg_testo.svg	89cb2043be4329f3f06679816d7538459a4698d7	presentation-assets	inventory only; no new wire semantics
BtExperience	b88cdac9665d28494f19d6a5d759acf8d5f00ad9	gui/skins/default/images/common/bg_testo_messaggio.svg	f42d19540ef849f023e5b5c7ad661700684ac823	presentation-assets	inventory only; no new wire semantics
BtExperience	b88cdac9665d28494f19d6a5d759acf8d5f00ad9	gui/skins/default/images/common/bg_text-input.svg	165f94279352d5fa6ad7fe520505f877bef807a0	presentation-assets	inventory only; no new wire semantics
BtExperience	b88cdac9665d28494f19d6a5d759acf8d5f00ad9	gui/skins/default/images/common/bordo_video.svg	86c334a7ed6e8e097d7154e77da98ac3af714b34	presentation-assets	inventory only; no new wire semantics
BtExperience	b88cdac9665d28494f19d6a5d759acf8d5f00ad9	gui/skins/default/images/common/btn_150x35.svg	710bf4a51635595bff7f4703fed5c09b69e881d5	presentation-assets	inventory only; no new wire semantics
BtExperience	b88cdac9665d28494f19d6a5d759acf8d5f00ad9	gui/skins/default/images/common/btn_45x35.svg	3c67871459fe01b909502d3d8966a096884d38ff	presentation-assets	inventory only; no new wire semantics
BtExperience	b88cdac9665d28494f19d6a5d759acf8d5f00ad9	gui/skins/default/images/common/btn_45x35_P.svg	6fa60f60d8c01358b14e1543f537f9df15cda84b	presentation-assets	inventory only; no new wire semantics
BtExperience	b88cdac9665d28494f19d6a5d759acf8d5f00ad9	gui/skins/default/images/common/btn_45x35_S.svg	4a475c7caca506eea8040c108747a7b6222ee16f	presentation-assets	inventory only; no new wire semantics
BtExperience	b88cdac9665d28494f19d6a5d759acf8d5f00ad9	gui/skins/default/images/common/btn_66x35.svg	4e683d8cf607c55868ee737929c3246fe5702a6d	presentation-assets	inventory only; no new wire semantics
BtExperience	b88cdac9665d28494f19d6a5d759acf8d5f00ad9	gui/skins/default/images/common/btn_66x35_P.svg	e5c7e5a792dbe36ca08e6c4519ae7672ea9d4b17	presentation-assets	inventory only; no new wire semantics
BtExperience	b88cdac9665d28494f19d6a5d759acf8d5f00ad9	gui/skins/default/images/common/btn_66x35_S.svg	d684b8c2a1ba551c291afce68040d3153747d0d1	presentation-assets	inventory only; no new wire semantics
BtExperience	b88cdac9665d28494f19d6a5d759acf8d5f00ad9	gui/skins/default/images/common/btn_84x35.svg	6c3287df6760cd8d4602746c3b2f00ef2ccf6363	presentation-assets	inventory only; no new wire semantics
BtExperience	b88cdac9665d28494f19d6a5d759acf8d5f00ad9	gui/skins/default/images/common/btn_84x35_P.svg	c9a5b682fe22fc34f1153134eedfd8719576494e	presentation-assets	inventory only; no new wire semantics
BtExperience	b88cdac9665d28494f19d6a5d759acf8d5f00ad9	gui/skins/default/images/common/btn_84x35_S.svg	117d4f6673e5c68eecbbabf4087a1af9901043d1	presentation-assets	inventory only; no new wire semantics
BtExperience	b88cdac9665d28494f19d6a5d759acf8d5f00ad9	gui/skins/default/images/common/btn_99x35.svg	fbd46ba94fe88ae51031e1b42ac990b91887511e	presentation-assets	inventory only; no new wire semantics
BtExperience	b88cdac9665d28494f19d6a5d759acf8d5f00ad9	gui/skins/default/images/common/btn_99x35_P.svg	6169620a3a5b8369382e9a8b573d70745be54bf6	presentation-assets	inventory only; no new wire semantics
BtExperience	b88cdac9665d28494f19d6a5d759acf8d5f00ad9	gui/skins/default/images/common/btn_99x35_S.svg	147953b48ac033acf426170f709e8fd29ee48e98	presentation-assets	inventory only; no new wire semantics
BtExperience	b88cdac9665d28494f19d6a5d759acf8d5f00ad9	gui/skins/default/images/common/btn_99x45.svg	e4db37d0f56753db61309c656013c1645000943c	presentation-assets	inventory only; no new wire semantics
BtExperience	b88cdac9665d28494f19d6a5d759acf8d5f00ad9	gui/skins/default/images/common/btn_99x45_P.svg	ee0e5b20b99190f0ba94b4ae546b78226e6a0744	presentation-assets	inventory only; no new wire semantics
BtExperience	b88cdac9665d28494f19d6a5d759acf8d5f00ad9	gui/skins/default/images/common/btn_99x45_S.svg	a7c5a66e41cadca1b752cf148b02d4acf7fd03c9	presentation-assets	inventory only; no new wire semantics
BtExperience	b88cdac9665d28494f19d6a5d759acf8d5f00ad9	gui/skins/default/images/common/btn_apriporta_ok_on.svg	a4d56e84308527296a85be8c156b75e0d6c33377	presentation-assets	inventory only; no new wire semantics
BtExperience	b88cdac9665d28494f19d6a5d759acf8d5f00ad9	gui/skins/default/images/common/btn_apriporta_ok_on_P.svg	2fd4cb9aa686671965ed5dd49fbe9941f53316ae	presentation-assets	inventory only; no new wire semantics
BtExperience	b88cdac9665d28494f19d6a5d759acf8d5f00ad9	gui/skins/default/images/common/btn_cercapersone.svg	788530f2dee5bf14203eb3426bdc7ff2c16138a4	presentation-assets	inventory only; no new wire semantics
BtExperience	b88cdac9665d28494f19d6a5d759acf8d5f00ad9	gui/skins/default/images/common/btn_cercapersone_P.svg	23d2bf00adf80418580044de5f73c1c67945976b	presentation-assets	inventory only; no new wire semantics
BtExperience	b88cdac9665d28494f19d6a5d759acf8d5f00ad9	gui/skins/default/images/common/btn_chiudi_chiamata.svg	385ea62e65fdb4d7b6ce217f78a3a284ec829bc9	presentation-assets	inventory only; no new wire semantics
BtExperience	b88cdac9665d28494f19d6a5d759acf8d5f00ad9	gui/skins/default/images/common/btn_chiudi_chiamata_P.svg	cdbd510e375496fdb323d6b073efbed06e8921eb	presentation-assets	inventory only; no new wire semantics
BtExperience	b88cdac9665d28494f19d6a5d759acf8d5f00ad9	gui/skins/default/images/common/btn_file.svg	f60470f64d750df8bfe07977538b0abfd80d734f	presentation-assets	inventory only; no new wire semantics
BtExperience	b88cdac9665d28494f19d6a5d759acf8d5f00ad9	gui/skins/default/images/common/btn_file_P.svg	fd3008a0e3e6c6521509a4ae644f4d98e1baccb5	presentation-assets	inventory only; no new wire semantics
BtExperience	b88cdac9665d28494f19d6a5d759acf8d5f00ad9	gui/skins/default/images/common/btn_frecce.svg	374596c008195875e953e6ea98714dd8a780f2f2	presentation-assets	inventory only; no new wire semantics
BtExperience	b88cdac9665d28494f19d6a5d759acf8d5f00ad9	gui/skins/default/images/common/btn_frecce_P.svg	5016bafdeff0f0c17b2620018a4e3c513358f9c3	presentation-assets	inventory only; no new wire semantics
BtExperience	b88cdac9665d28494f19d6a5d759acf8d5f00ad9	gui/skins/default/images/common/btn_giorni.svg	b1f2a279c5e3eb9350042e06cfca3f128f71b23c	presentation-assets	inventory only; no new wire semantics
BtExperience	b88cdac9665d28494f19d6a5d759acf8d5f00ad9	gui/skins/default/images/common/btn_impostazioni.svg	87478fdf63fe3043285f9f5a68c84c90f1657a35	presentation-assets	inventory only; no new wire semantics
BtExperience	b88cdac9665d28494f19d6a5d759acf8d5f00ad9	gui/skins/default/images/common/btn_impostazioni_P.svg	6fda0cbae8b315da507110ec7a01ce579893a8c6	presentation-assets	inventory only; no new wire semantics
BtExperience	b88cdac9665d28494f19d6a5d759acf8d5f00ad9	gui/skins/default/images/common/btn_messaggio.svg	04290f00207efb626214e1573eb4d51219f45538	presentation-assets	inventory only; no new wire semantics
BtExperience	b88cdac9665d28494f19d6a5d759acf8d5f00ad9	gui/skins/default/images/common/btn_messaggio_P.svg	16f20579712fd7b4e86cd1c4f5fa1ab40ef741c6	presentation-assets	inventory only; no new wire semantics
BtExperience	b88cdac9665d28494f19d6a5d759acf8d5f00ad9	gui/skins/default/images/common/btn_messaggio_S.svg	af2f9f0849552994280105e81edef2aca3a26b0d	presentation-assets	inventory only; no new wire semantics
BtExperience	b88cdac9665d28494f19d6a5d759acf8d5f00ad9	gui/skins/default/images/common/btn_messaggio_non_letto.svg	84fe682acc5e8d73d3849686f2323b3700088456	presentation-assets	inventory only; no new wire semantics
BtExperience	b88cdac9665d28494f19d6a5d759acf8d5f00ad9	gui/skins/default/images/common/btn_mute_on.svg	16478b31c21515ad641b96ce6982ba177602c3a9	presentation-assets	inventory only; no new wire semantics
BtExperience	b88cdac9665d28494f19d6a5d759acf8d5f00ad9	gui/skins/default/images/common/btn_rifiuta.svg	58ecaf3b5dab6b4dc059fd0933a86af23ba88f4f	presentation-assets	inventory only; no new wire semantics
BtExperience	b88cdac9665d28494f19d6a5d759acf8d5f00ad9	gui/skins/default/images/common/btn_rifiuta_P.svg	b77e85ff25ff6ab94b4682fccb00b2134de38fe5	presentation-assets	inventory only; no new wire semantics
BtExperience	b88cdac9665d28494f19d6a5d759acf8d5f00ad9	gui/skins/default/images/common/btn_rispondi.svg	7bbb9dfa5dc8d53d0876b9458f8ebd534825615c	presentation-assets	inventory only; no new wire semantics
BtExperience	b88cdac9665d28494f19d6a5d759acf8d5f00ad9	gui/skins/default/images/common/btn_rispondi_L.svg	ebf949a90fa332268fcd42c34ea6ebff168426a2	presentation-assets	inventory only; no new wire semantics
BtExperience	b88cdac9665d28494f19d6a5d759acf8d5f00ad9	gui/skins/default/images/common/btn_rispondi_L_P.svg	cdbd510e375496fdb323d6b073efbed06e8921eb	presentation-assets	inventory only; no new wire semantics
BtExperience	b88cdac9665d28494f19d6a5d759acf8d5f00ad9	gui/skins/default/images/common/btn_rispondi_P.svg	da21d7b60da34cb9621d41c17dfc92b7868ceae3	presentation-assets	inventory only; no new wire semantics
BtExperience	b88cdac9665d28494f19d6a5d759acf8d5f00ad9	gui/skins/default/images/common/btn_shadow_150x35.svg	fa0c2199430b0fd967f800b901654ffa0bfb125d	presentation-assets	inventory only; no new wire semantics
BtExperience	b88cdac9665d28494f19d6a5d759acf8d5f00ad9	gui/skins/default/images/common/btn_shadow_45x35.svg	4fd1156d7283a724386131dca9426ef43b8bb55f	presentation-assets	inventory only; no new wire semantics
BtExperience	b88cdac9665d28494f19d6a5d759acf8d5f00ad9	gui/skins/default/images/common/btn_shadow_66x35.svg	9e0c814c2bcb55ec66d197c22bafacce82c9ab37	presentation-assets	inventory only; no new wire semantics
BtExperience	b88cdac9665d28494f19d6a5d759acf8d5f00ad9	gui/skins/default/images/common/btn_shadow_84x35.svg	2582082e060befe467dd0350b33bb5bd2c48d36b	presentation-assets	inventory only; no new wire semantics
BtExperience	b88cdac9665d28494f19d6a5d759acf8d5f00ad9	gui/skins/default/images/common/btn_shadow_99x35.svg	3a501d0c198d4cfbf15bb58bdd9ed5884351e389	presentation-assets	inventory only; no new wire semantics
BtExperience	b88cdac9665d28494f19d6a5d759acf8d5f00ad9	gui/skins/default/images/common/btn_temporizzatore_abilitato.svg	da5d0439deba07eafcf0eda1a266e37304394784	presentation-assets	inventory only; no new wire semantics
BtExperience	b88cdac9665d28494f19d6a5d759acf8d5f00ad9	gui/skins/default/images/common/btn_temporizzatore_disabilitato.svg	a1f2fc9caade695d469466b0d21835c0093b64c9	presentation-assets	inventory only; no new wire semantics
BtExperience	b88cdac9665d28494f19d6a5d759acf8d5f00ad9	gui/skins/default/images/common/btn_tipo_file.svg	f7f38ea6925a7c10659ea8dd2ddb3e671aa58f29	presentation-assets	inventory only; no new wire semantics
BtExperience	b88cdac9665d28494f19d6a5d759acf8d5f00ad9	gui/skins/default/images/common/btn_tipo_file_P.svg	7e25c0fd388ac2bb4b8452ee0a48586938148455	presentation-assets	inventory only; no new wire semantics
BtExperience	b88cdac9665d28494f19d6a5d759acf8d5f00ad9	gui/skins/default/images/common/btn_tipo_file_S.svg	478b778305093a969a427d39482e30d6dce8db01	presentation-assets	inventory only; no new wire semantics
BtExperience	b88cdac9665d28494f19d6a5d759acf8d5f00ad9	gui/skins/default/images/common/btn_weblink.svg	cca0ca1fdf50a792700f720c4c832aae2a308a8b	presentation-assets	inventory only; no new wire semantics
BtExperience	b88cdac9665d28494f19d6a5d759acf8d5f00ad9	gui/skins/default/images/common/btn_weblink_P.svg	75f50ec00714f56fe78017de026bb639a1068a6c	presentation-assets	inventory only; no new wire semantics
BtExperience	b88cdac9665d28494f19d6a5d759acf8d5f00ad9	gui/skins/default/images/common/button_1-2.svg	5ae6feb3218c80edc16686288d7f4a39429dd724	presentation-assets	inventory only; no new wire semantics
BtExperience	b88cdac9665d28494f19d6a5d759acf8d5f00ad9	gui/skins/default/images/common/button_1-2_p.svg	ebd9b03b0cc02ac1b4dc2a5e4f7f90eb770c61c7	presentation-assets	inventory only; no new wire semantics
BtExperience	b88cdac9665d28494f19d6a5d759acf8d5f00ad9	gui/skins/default/images/common/button_1-2_s.svg	71bcde840a6a0e3931807f4274210637bcbc6a1f	presentation-assets	inventory only; no new wire semantics
BtExperience	b88cdac9665d28494f19d6a5d759acf8d5f00ad9	gui/skins/default/images/common/button_1-3.svg	da9ee2eee5642c0d12e014d0812a7480009b338c	presentation-assets	inventory only; no new wire semantics
BtExperience	b88cdac9665d28494f19d6a5d759acf8d5f00ad9	gui/skins/default/images/common/button_1-3_p.svg	b7f29625567b8b3c03c96fabec1b7ee18ab87165	presentation-assets	inventory only; no new wire semantics
BtExperience	b88cdac9665d28494f19d6a5d759acf8d5f00ad9	gui/skins/default/images/common/button_1-3_s.svg	ee9b15cb3bdd4c2f79d3b32899fd7c2685d0e4e7	presentation-assets	inventory only; no new wire semantics
BtExperience	b88cdac9665d28494f19d6a5d759acf8d5f00ad9	gui/skins/default/images/common/button_close.svg	70d358eb67f95536ecde4146b4e6b04640af38de	presentation-assets	inventory only; no new wire semantics
BtExperience	b88cdac9665d28494f19d6a5d759acf8d5f00ad9	gui/skins/default/images/common/button_close_p.svg	2dd9bbbe8ed0cb4e499d17bd6b540ba96aa51d57	presentation-assets	inventory only; no new wire semantics
BtExperience	b88cdac9665d28494f19d6a5d759acf8d5f00ad9	gui/skins/default/images/common/button_delete_all.svg	890295d652f69e40a3250b7b894b9df16668af0d	presentation-assets	inventory only; no new wire semantics
BtExperience	b88cdac9665d28494f19d6a5d759acf8d5f00ad9	gui/skins/default/images/common/button_delete_all_press.svg	b32af5366c5fff024a11bef2aa28c4c9a8ad4cf5	presentation-assets	inventory only; no new wire semantics
BtExperience	b88cdac9665d28494f19d6a5d759acf8d5f00ad9	gui/skins/default/images/common/button_key_delete.svg	0919a048cc3fb6702c0e3883b4b3376729b05ff4	presentation-assets	inventory only; no new wire semantics
BtExperience	b88cdac9665d28494f19d6a5d759acf8d5f00ad9	gui/skins/default/images/common/button_key_delete_press.svg	1324d723959da8e5145d5765e9e916da96dded3e	presentation-assets	inventory only; no new wire semantics
BtExperience	b88cdac9665d28494f19d6a5d759acf8d5f00ad9	gui/skins/default/images/common/button_keypad.svg	127ea9424bcb961ce1c7368a2c4e673fd6618ade	presentation-assets	inventory only; no new wire semantics
BtExperience	b88cdac9665d28494f19d6a5d759acf8d5f00ad9	gui/skins/default/images/common/button_keypad_press.svg	0b06665918a5893083439e5167f98c61fec56b62	presentation-assets	inventory only; no new wire semantics
BtExperience	b88cdac9665d28494f19d6a5d759acf8d5f00ad9	gui/skins/default/images/common/button_navigation_column.svg	68e5833c13ba8d399234902e4908b99aaab9fc4e	presentation-assets	inventory only; no new wire semantics
BtExperience	b88cdac9665d28494f19d6a5d759acf8d5f00ad9	gui/skins/default/images/common/button_navigation_column_p.svg	f3b5ba8960c4eeafd320d0c5ea6d23a1b9173054	presentation-assets	inventory only; no new wire semantics
BtExperience	b88cdac9665d28494f19d6a5d759acf8d5f00ad9	gui/skins/default/images/common/button_pager.svg	a47e0f8eef8ff7e92050bbc8c74c546c8514de20	presentation-assets	inventory only; no new wire semantics
BtExperience	b88cdac9665d28494f19d6a5d759acf8d5f00ad9	gui/skins/default/images/common/button_pager_press.svg	af1098ae26cfa415dddca58388f0b6008dae0e15	presentation-assets	inventory only; no new wire semantics
BtExperience	b88cdac9665d28494f19d6a5d759acf8d5f00ad9	gui/skins/default/images/common/button_pager_select.svg	1c2d982c51205d4729aa30718461aeb5f6062196	presentation-assets	inventory only; no new wire semantics
BtExperience	b88cdac9665d28494f19d6a5d759acf8d5f00ad9	gui/skins/default/images/common/button_set-zones.svg	890295d652f69e40a3250b7b894b9df16668af0d	presentation-assets	inventory only; no new wire semantics
BtExperience	b88cdac9665d28494f19d6a5d759acf8d5f00ad9	gui/skins/default/images/common/button_set-zones_press.svg	b32af5366c5fff024a11bef2aa28c4c9a8ad4cf5	presentation-assets	inventory only; no new wire semantics
BtExperience	b88cdac9665d28494f19d6a5d759acf8d5f00ad9	gui/skins/default/images/common/button_set-zones_select.svg	14b98c368ab67cc0ba65537c51a8fe3fdf9d4007	presentation-assets	inventory only; no new wire semantics
BtExperience	b88cdac9665d28494f19d6a5d759acf8d5f00ad9	gui/skins/default/images/common/button_switch_green.svg	110e3ed51ddf5f2b9d33922fe7b54d472eb4390a	presentation-assets	inventory only; no new wire semantics
BtExperience	b88cdac9665d28494f19d6a5d759acf8d5f00ad9	gui/skins/default/images/common/button_switch_p.svg	455fb067a7fcc197ba4e381aadb30248c62d7ae1	presentation-assets	inventory only; no new wire semantics
BtExperience	b88cdac9665d28494f19d6a5d759acf8d5f00ad9	gui/skins/default/images/common/button_switch_red.svg	42f005640c2b4c2e1fb3925845de769a684c03f1	presentation-assets	inventory only; no new wire semantics
BtExperience	b88cdac9665d28494f19d6a5d759acf8d5f00ad9	gui/skins/default/images/common/check_giorni_azioni.svg	13621d377f8b92142583ef6a92b29b8d97c774d7	presentation-assets	inventory only; no new wire semantics
BtExperience	b88cdac9665d28494f19d6a5d759acf8d5f00ad9	gui/skins/default/images/common/cursore_bilanciamento.svg	37492c72cb368a21958e4761a10a20bcba721617	presentation-assets	inventory only; no new wire semantics
BtExperience	b88cdac9665d28494f19d6a5d759acf8d5f00ad9	gui/skins/default/images/common/date_button_background.svg	3291146a7d29d7b3f9eb1c4d134bd927be97374e	presentation-assets	inventory only; no new wire semantics
BtExperience	b88cdac9665d28494f19d6a5d759acf8d5f00ad9	gui/skins/default/images/common/date_button_press.svg	79dd5d950c01ef5444cbeae5910d3a8c05647edd	presentation-assets	inventory only; no new wire semantics
BtExperience	b88cdac9665d28494f19d6a5d759acf8d5f00ad9	gui/skins/default/images/common/date_button_shadow.svg	ffea8bac2507a570b3ddf473bb0acb0d15ad5729	presentation-assets	inventory only; no new wire semantics
BtExperience	b88cdac9665d28494f19d6a5d759acf8d5f00ad9	gui/skins/default/images/common/date_panel_background.svg	0c6c4d40a19c8ee689a8eb40b2b908c86da545ec	presentation-assets	inventory only; no new wire semantics
BtExperience	b88cdac9665d28494f19d6a5d759acf8d5f00ad9	gui/skins/default/images/common/date_panel_inner_background.svg	4b47174c17ebeaab27e3e6b774d077fd1b45dbb3	presentation-assets	inventory only; no new wire semantics
BtExperience	b88cdac9665d28494f19d6a5d759acf8d5f00ad9	gui/skins/default/images/common/end_call.svg	aa12a73e736bc75c985d387af4c156bfef88a334	presentation-assets	inventory only; no new wire semantics
BtExperience	b88cdac9665d28494f19d6a5d759acf8d5f00ad9	gui/skins/default/images/common/freccia_dw.png	eeef01755571dcb13b116f3623b709df94197427	presentation-assets	inventory only; no new wire semantics
BtExperience	b88cdac9665d28494f19d6a5d759acf8d5f00ad9	gui/skins/default/images/common/freccia_dwS.png	c6648b6934929f571a62ce605a59dcae23d589e7	presentation-assets	inventory only; no new wire semantics
BtExperience	b88cdac9665d28494f19d6a5d759acf8d5f00ad9	gui/skins/default/images/common/freccia_dx.svg	549f58d6d8a5963b8d4ee39c6a3a87a6f5eafcc4	presentation-assets	inventory only; no new wire semantics
BtExperience	b88cdac9665d28494f19d6a5d759acf8d5f00ad9	gui/skins/default/images/common/freccia_dxS.png	7ec0a41f5603dbba120f43f051fdbc80da121cea	presentation-assets	inventory only; no new wire semantics
BtExperience	b88cdac9665d28494f19d6a5d759acf8d5f00ad9	gui/skins/default/images/common/freccia_dx_P.svg	fabc7af181344dc800db6c3559af9918ffdf385e	presentation-assets	inventory only; no new wire semantics
BtExperience	b88cdac9665d28494f19d6a5d759acf8d5f00ad9	gui/skins/default/images/common/freccia_sx.svg	86e6519d20fd8bd1c3deee48afc89582f02448b4	presentation-assets	inventory only; no new wire semantics
BtExperience	b88cdac9665d28494f19d6a5d759acf8d5f00ad9	gui/skins/default/images/common/freccia_sxS.png	eab0102ad67e90a648d652e7b84284624af2425f	presentation-assets	inventory only; no new wire semantics
BtExperience	b88cdac9665d28494f19d6a5d759acf8d5f00ad9	gui/skins/default/images/common/freccia_sx_P.svg	26f147eedfb892568b7dd2b1fc9c911388b7608e	presentation-assets	inventory only; no new wire semantics
BtExperience	b88cdac9665d28494f19d6a5d759acf8d5f00ad9	gui/skins/default/images/common/freccia_up.png	706731d58a436e99df9927d230ffc1234b1fa317	presentation-assets	inventory only; no new wire semantics
BtExperience	b88cdac9665d28494f19d6a5d759acf8d5f00ad9	gui/skins/default/images/common/freccia_upS.png	a5eee6367f9260c0580819d3b333aee06ab87b89	presentation-assets	inventory only; no new wire semantics
BtExperience	b88cdac9665d28494f19d6a5d759acf8d5f00ad9	gui/skins/default/images/common/ico_abbassa.svg	739d647e54709e9ad7acdb2543d1569d135b60cb	presentation-assets	inventory only; no new wire semantics
BtExperience	b88cdac9665d28494f19d6a5d759acf8d5f00ad9	gui/skins/default/images/common/ico_abbassa_P.svg	df75e2173324d6e5f9d2c6198076f9d0bfc91bd8	presentation-assets	inventory only; no new wire semantics
BtExperience	b88cdac9665d28494f19d6a5d759acf8d5f00ad9	gui/skins/default/images/common/ico_aggiorna.svg	bbc8fe8336a16062338312ffe67b3caf2a63cbe8	presentation-assets	inventory only; no new wire semantics
BtExperience	b88cdac9665d28494f19d6a5d759acf8d5f00ad9	gui/skins/default/images/common/ico_aggiorna_P.svg	85b106bea4ac9fa9cbc52ac9f5b4a0556c6ad8ec	presentation-assets	inventory only; no new wire semantics
BtExperience	b88cdac9665d28494f19d6a5d759acf8d5f00ad9	gui/skins/default/images/common/ico_alto.svg	880fe7468219c9d08de9650981657b3cd2055667	presentation-assets	inventory only; no new wire semantics
BtExperience	b88cdac9665d28494f19d6a5d759acf8d5f00ad9	gui/skins/default/images/common/ico_alto_P.svg	94639b3810cfbc067e633fdbfc41ef533938bc28	presentation-assets	inventory only; no new wire semantics
BtExperience	b88cdac9665d28494f19d6a5d759acf8d5f00ad9	gui/skins/default/images/common/ico_alza.svg	6911be849c7edf12c73a16e1fa4805c89d032df5	presentation-assets	inventory only; no new wire semantics
BtExperience	b88cdac9665d28494f19d6a5d759acf8d5f00ad9	gui/skins/default/images/common/ico_alza_P.svg	a9ba76421ef3a8621599548857903f0ce7c435ab	presentation-assets	inventory only; no new wire semantics
BtExperience	b88cdac9665d28494f19d6a5d759acf8d5f00ad9	gui/skins/default/images/common/ico_apri.svg	0ae0640dadb760bcb68eb65064f4f408eae857d4	presentation-assets	inventory only; no new wire semantics
BtExperience	b88cdac9665d28494f19d6a5d759acf8d5f00ad9	gui/skins/default/images/common/ico_apri_P.svg	9634f20faa5416f165d92347e61e36f39042e43f	presentation-assets	inventory only; no new wire semantics
BtExperience	b88cdac9665d28494f19d6a5d759acf8d5f00ad9	gui/skins/default/images/common/ico_apri_cartella.svg	33535fa226e3cd3ba14c938f45254b002bf884e6	presentation-assets	inventory only; no new wire semantics
BtExperience	b88cdac9665d28494f19d6a5d759acf8d5f00ad9	gui/skins/default/images/common/ico_apri_cartella_P.svg	ab6e2394093996719aff590889844a2cf9bb617c	presentation-assets	inventory only; no new wire semantics
BtExperience	b88cdac9665d28494f19d6a5d759acf8d5f00ad9	gui/skins/default/images/common/ico_apri_impostazioni.svg	c7df0f6806142c398307813a92c0d8c131c91a69	presentation-assets	inventory only; no new wire semantics
BtExperience	b88cdac9665d28494f19d6a5d759acf8d5f00ad9	gui/skins/default/images/common/ico_apri_impostazioni_P.svg	5293aaa0c679aa221fa671926787ddc18a952aa1	presentation-assets	inventory only; no new wire semantics
BtExperience	b88cdac9665d28494f19d6a5d759acf8d5f00ad9	gui/skins/default/images/common/ico_apriporta.svg	d6aa77b3dfab8cd6a3e004d210dbcbcca70787e9	presentation-assets	inventory only; no new wire semantics
BtExperience	b88cdac9665d28494f19d6a5d759acf8d5f00ad9	gui/skins/default/images/common/ico_apriporta_P.svg	c17f59c7bd45244f305b7cc59b4a1bd5e6dce37d	presentation-assets	inventory only; no new wire semantics
BtExperience	b88cdac9665d28494f19d6a5d759acf8d5f00ad9	gui/skins/default/images/common/ico_audio.svg	5b18e0415826833140de0974107c153499b05cc3	presentation-assets	inventory only; no new wire semantics
BtExperience	b88cdac9665d28494f19d6a5d759acf8d5f00ad9	gui/skins/default/images/common/ico_audio_P.svg	2a5a3b106a3f28522236bd2ea52e199da33934cc	presentation-assets	inventory only; no new wire semantics
BtExperience	b88cdac9665d28494f19d6a5d759acf8d5f00ad9	gui/skins/default/images/common/ico_avanti.svg	9e23dadaa486a3f7ec5953cdd49217e072be0fd5	presentation-assets	inventory only; no new wire semantics
BtExperience	b88cdac9665d28494f19d6a5d759acf8d5f00ad9	gui/skins/default/images/common/ico_avanti_P.svg	a5d8fc974738159bdb7890c17e0628a1885ececc	presentation-assets	inventory only; no new wire semantics
BtExperience	b88cdac9665d28494f19d6a5d759acf8d5f00ad9	gui/skins/default/images/common/ico_back.svg	6b92c1eed9e4a6a206767064006e7b4ff72b3ffa	presentation-assets	inventory only; no new wire semantics
BtExperience	b88cdac9665d28494f19d6a5d759acf8d5f00ad9	gui/skins/default/images/common/ico_back_P.svg	7514c538cf94bbe4116a65e774795bb2d6e5bb70	presentation-assets	inventory only; no new wire semantics
BtExperience	b88cdac9665d28494f19d6a5d759acf8d5f00ad9	gui/skins/default/images/common/ico_basso.svg	6463f18a82c5c4b5e575d9d6e01ac092b2eab54b	presentation-assets	inventory only; no new wire semantics
BtExperience	b88cdac9665d28494f19d6a5d759acf8d5f00ad9	gui/skins/default/images/common/ico_basso_P.svg	a0930ec2d543cb2df4c3e9696cf17e74b6004f07	presentation-assets	inventory only; no new wire semantics
BtExperience	b88cdac9665d28494f19d6a5d759acf8d5f00ad9	gui/skins/default/images/common/ico_bg.svg	960d819343b28826966bf5f0c9e3da8d4d020867	presentation-assets	inventory only; no new wire semantics
BtExperience	b88cdac9665d28494f19d6a5d759acf8d5f00ad9	gui/skins/default/images/common/ico_browse.svg	cd1a25dfdadd5f6185cb34f440b968429d5c6a58	presentation-assets	inventory only; no new wire semantics
BtExperience	b88cdac9665d28494f19d6a5d759acf8d5f00ad9	gui/skins/default/images/common/ico_browse_P.svg	3cde5f7801c8750bf5c7cc7794e0c8ebfa878c96	presentation-assets	inventory only; no new wire semantics
BtExperience	b88cdac9665d28494f19d6a5d759acf8d5f00ad9	gui/skins/default/images/common/ico_cancelletto.svg	bd389a4b269dbc8ff9d0d7134f61b53ff8fdc7f5	presentation-assets	inventory only; no new wire semantics
BtExperience	b88cdac9665d28494f19d6a5d759acf8d5f00ad9	gui/skins/default/images/common/ico_cancelletto_P.svg	02052a4db358fd98123d071e82f0d84f5d19467f	presentation-assets	inventory only; no new wire semantics
BtExperience	b88cdac9665d28494f19d6a5d759acf8d5f00ad9	gui/skins/default/images/common/ico_caricamento.svg	aeeba13fa408a72f4b584118b4b8d51197fb2cf9	presentation-assets	inventory only; no new wire semantics
BtExperience	b88cdac9665d28494f19d6a5d759acf8d5f00ad9	gui/skins/default/images/common/ico_caricamento_white.svg	dea29eb821c29b117bef9e056921bba5ac1543fc	presentation-assets	inventory only; no new wire semantics
BtExperience	b88cdac9665d28494f19d6a5d759acf8d5f00ad9	gui/skins/default/images/common/ico_cercapersone.svg	0af83f034f65c5ca766cfec502b47cb084302021	presentation-assets	inventory only; no new wire semantics
BtExperience	b88cdac9665d28494f19d6a5d759acf8d5f00ad9	gui/skins/default/images/common/ico_cercapersone_P.svg	078ada92b37cdd9925235a88c981ce4048957142	presentation-assets	inventory only; no new wire semantics
BtExperience	b88cdac9665d28494f19d6a5d759acf8d5f00ad9	gui/skins/default/images/common/ico_chiamata.svg	7f7850771525394baf52f1058aa5222177df7e42	presentation-assets	inventory only; no new wire semantics
BtExperience	b88cdac9665d28494f19d6a5d759acf8d5f00ad9	gui/skins/default/images/common/ico_chiudi.svg	a9751cf1f9cce661e3180c1e3688bc08a42a473a	presentation-assets	inventory only; no new wire semantics
BtExperience	b88cdac9665d28494f19d6a5d759acf8d5f00ad9	gui/skins/default/images/common/ico_chiudi_P.svg	516f1df4015012f5831fd653a06362fd57615674	presentation-assets	inventory only; no new wire semantics
BtExperience	b88cdac9665d28494f19d6a5d759acf8d5f00ad9	gui/skins/default/images/common/ico_chiudi_impostazioni.svg	9020b1034a662c4f89683266b5aba272cec57b8e	presentation-assets	inventory only; no new wire semantics
BtExperience	b88cdac9665d28494f19d6a5d759acf8d5f00ad9	gui/skins/default/images/common/ico_cicla.svg	12f3c25e718919d0569d70aa6ea0a4fc6c7b4af1	presentation-assets	inventory only; no new wire semantics
BtExperience	b88cdac9665d28494f19d6a5d759acf8d5f00ad9	gui/skins/default/images/common/ico_cicla_P.svg	22561be2cb0ffc6428a003f933461d364c0e7da9	presentation-assets	inventory only; no new wire semantics
BtExperience	b88cdac9665d28494f19d6a5d759acf8d5f00ad9	gui/skins/default/images/common/ico_delete.svg	ae6d808bb073e77a08f702bdb9fd4190a77caff7	presentation-assets	inventory only; no new wire semantics
BtExperience	b88cdac9665d28494f19d6a5d759acf8d5f00ad9	gui/skins/default/images/common/ico_delete_p.svg	8f973dbd813726c5d51fa1c7bf10015b87ea2eeb	presentation-assets	inventory only; no new wire semantics
BtExperience	b88cdac9665d28494f19d6a5d759acf8d5f00ad9	gui/skins/default/images/common/ico_elimina.svg	cbeef889bb40d5d51ce2fab083c4107bb1fa4a05	presentation-assets	inventory only; no new wire semantics
BtExperience	b88cdac9665d28494f19d6a5d759acf8d5f00ad9	gui/skins/default/images/common/ico_elimina_P.svg	b356530c3b2c5edc464fb636597990894583651f	presentation-assets	inventory only; no new wire semantics
BtExperience	b88cdac9665d28494f19d6a5d759acf8d5f00ad9	gui/skins/default/images/common/ico_favorites.svg	0408cad71c642272b44302cf6a923f5aea8f87a0	presentation-assets	inventory only; no new wire semantics
BtExperience	b88cdac9665d28494f19d6a5d759acf8d5f00ad9	gui/skins/default/images/common/ico_file.svg	9991145c8ebbc2a368f6927a94c1bfb0fa661a36	presentation-assets	inventory only; no new wire semantics
BtExperience	b88cdac9665d28494f19d6a5d759acf8d5f00ad9	gui/skins/default/images/common/ico_file_P.svg	2933c14f8310f3347da42e03d746112f323e46b7	presentation-assets	inventory only; no new wire semantics
BtExperience	b88cdac9665d28494f19d6a5d759acf8d5f00ad9	gui/skins/default/images/common/ico_foto.svg	30a3ef3df320a6089a5bbaacd8ca1bd42a1dc09a	presentation-assets	inventory only; no new wire semantics
BtExperience	b88cdac9665d28494f19d6a5d759acf8d5f00ad9	gui/skins/default/images/common/ico_foto_P.svg	a705899d4654fd70e5ba894e2172cc37128ad08e	presentation-assets	inventory only; no new wire semantics
BtExperience	b88cdac9665d28494f19d6a5d759acf8d5f00ad9	gui/skins/default/images/common/ico_freccia_dx.svg	7e4d8fdc0d9db028132c50dfdf9fcbbcff884b58	presentation-assets	inventory only; no new wire semantics
BtExperience	b88cdac9665d28494f19d6a5d759acf8d5f00ad9	gui/skins/default/images/common/ico_freccia_dx_P.svg	9ba457a216870c22f5b4e3dcff63c5914a5e43a7	presentation-assets	inventory only; no new wire semantics
BtExperience	b88cdac9665d28494f19d6a5d759acf8d5f00ad9	gui/skins/default/images/common/ico_freccia_sx.svg	f3f9eee6b62afa3ec34321765184398e8f7836e1	presentation-assets	inventory only; no new wire semantics
BtExperience	b88cdac9665d28494f19d6a5d759acf8d5f00ad9	gui/skins/default/images/common/ico_freccia_sx_P.svg	e19973821f89eaf067aa8bfde73aacb5aaae3a80	presentation-assets	inventory only; no new wire semantics
BtExperience	b88cdac9665d28494f19d6a5d759acf8d5f00ad9	gui/skins/default/images/common/ico_indietro.svg	932466e792c5a4c4e78fd555d6dd32b8c29f30d4	presentation-assets	inventory only; no new wire semantics
BtExperience	b88cdac9665d28494f19d6a5d759acf8d5f00ad9	gui/skins/default/images/common/ico_indietro_P.svg	fe9f2cb9f2d17351b2afd948f2823876b4c386bc	presentation-assets	inventory only; no new wire semantics
BtExperience	b88cdac9665d28494f19d6a5d759acf8d5f00ad9	gui/skins/default/images/common/ico_invia_messaggio.svg	168f4cce40fab216856dd73a9916d2d1db1bb811	presentation-assets	inventory only; no new wire semantics
BtExperience	b88cdac9665d28494f19d6a5d759acf8d5f00ad9	gui/skins/default/images/common/ico_invia_messaggio_P.svg	8d693eafa3e145e871411143178b631a30ced1e9	presentation-assets	inventory only; no new wire semantics
BtExperience	b88cdac9665d28494f19d6a5d759acf8d5f00ad9	gui/skins/default/images/common/ico_lock.svg	062fe6faa311b116361aeacfd564e760baf1d641	presentation-assets	inventory only; no new wire semantics
BtExperience	b88cdac9665d28494f19d6a5d759acf8d5f00ad9	gui/skins/default/images/common/ico_meno.svg	cd8434d23de82e63836b249168e6e4ed2825623d	presentation-assets	inventory only; no new wire semantics
BtExperience	b88cdac9665d28494f19d6a5d759acf8d5f00ad9	gui/skins/default/images/common/ico_meno_P.svg	34efd22cfaac755c7337baa8f7ed7814f09ecda1	presentation-assets	inventory only; no new wire semantics
BtExperience	b88cdac9665d28494f19d6a5d759acf8d5f00ad9	gui/skins/default/images/common/ico_messaggio_letto.svg	4568e9af29f1d8417f71f4718a020bb4389d2f88	presentation-assets	inventory only; no new wire semantics
BtExperience	b88cdac9665d28494f19d6a5d759acf8d5f00ad9	gui/skins/default/images/common/ico_messaggio_non_letto.svg	7c5d22435792812607808c8b5d9650f73a596a90	presentation-assets	inventory only; no new wire semantics
BtExperience	b88cdac9665d28494f19d6a5d759acf8d5f00ad9	gui/skins/default/images/common/ico_multimedia.svg	f6badeb0691e1340f8a2faa733ca54c5a2868374	presentation-assets	inventory only; no new wire semantics
BtExperience	b88cdac9665d28494f19d6a5d759acf8d5f00ad9	gui/skins/default/images/common/ico_multimedia_P.svg	2687e28ea729fc5095a778f16b79b155ffe91595	presentation-assets	inventory only; no new wire semantics
BtExperience	b88cdac9665d28494f19d6a5d759acf8d5f00ad9	gui/skins/default/images/common/ico_mute.svg	429671dd5af2fa78d54a99f8189f869c66c20f12	presentation-assets	inventory only; no new wire semantics
BtExperience	b88cdac9665d28494f19d6a5d759acf8d5f00ad9	gui/skins/default/images/common/ico_mute_on.svg	ad9b11b60468ca6ae3fe4aff1889aa2af4d0b182	presentation-assets	inventory only; no new wire semantics
BtExperience	b88cdac9665d28494f19d6a5d759acf8d5f00ad9	gui/skins/default/images/common/ico_nessuna_risposta.svg	5f11a6805ec7ef38a8fc0154ee6063df487d18cf	presentation-assets	inventory only; no new wire semantics
BtExperience	b88cdac9665d28494f19d6a5d759acf8d5f00ad9	gui/skins/default/images/common/ico_next_track.svg	6b1222aaa850dbe122a1c85e42407946f07d2622	presentation-assets	inventory only; no new wire semantics
BtExperience	b88cdac9665d28494f19d6a5d759acf8d5f00ad9	gui/skins/default/images/common/ico_next_track_P.svg	84d9523d48497bd6986043eef13e8589f560005c	presentation-assets	inventory only; no new wire semantics
BtExperience	b88cdac9665d28494f19d6a5d759acf8d5f00ad9	gui/skins/default/images/common/ico_nuovo_messaggio.svg	4f8bf2fae918f129b1bbc77af2426e8fbb7a3ef1	presentation-assets	inventory only; no new wire semantics
BtExperience	b88cdac9665d28494f19d6a5d759acf8d5f00ad9	gui/skins/default/images/common/ico_nuovo_messaggio_P.svg	df89e3260867dfbe0209fb3eb61eaebcf29c1dc1	presentation-assets	inventory only; no new wire semantics
BtExperience	b88cdac9665d28494f19d6a5d759acf8d5f00ad9	gui/skins/default/images/common/ico_opzioni.svg	29b1dc57c6f26ec10966315eeb13cbef25bee6b3	presentation-assets	inventory only; no new wire semantics
BtExperience	b88cdac9665d28494f19d6a5d759acf8d5f00ad9	gui/skins/default/images/common/ico_opzioni_P.svg	9606ba89c33483eedf319f923ac4ecd9d95289fd	presentation-assets	inventory only; no new wire semantics
BtExperience	b88cdac9665d28494f19d6a5d759acf8d5f00ad9	gui/skins/default/images/common/ico_pause.svg	7777196d0e77ed820ad8b08a0e6ed3349ed602ef	presentation-assets	inventory only; no new wire semantics
BtExperience	b88cdac9665d28494f19d6a5d759acf8d5f00ad9	gui/skins/default/images/common/ico_pause_P.svg	c60e16b3e5efda1baf868453467835a0badd1340	presentation-assets	inventory only; no new wire semantics
BtExperience	b88cdac9665d28494f19d6a5d759acf8d5f00ad9	gui/skins/default/images/common/ico_piu.svg	2fe1942940eb2529ae67fe05f8f1cfe9b1db65ae	presentation-assets	inventory only; no new wire semantics
BtExperience	b88cdac9665d28494f19d6a5d759acf8d5f00ad9	gui/skins/default/images/common/ico_piu_P.svg	776d910cf905f01064a5b1392b5e07ee8fbb5860	presentation-assets	inventory only; no new wire semantics
BtExperience	b88cdac9665d28494f19d6a5d759acf8d5f00ad9	gui/skins/default/images/common/ico_play.svg	1af86b80eaa58825e956cdcb57716c70655c5668	presentation-assets	inventory only; no new wire semantics
BtExperience	b88cdac9665d28494f19d6a5d759acf8d5f00ad9	gui/skins/default/images/common/ico_play_P.svg	37dd6eafa69b09682f31d43a3cf98ca120b6ec42	presentation-assets	inventory only; no new wire semantics
BtExperience	b88cdac9665d28494f19d6a5d759acf8d5f00ad9	gui/skins/default/images/common/ico_previous_track.svg	630043c8ebb357746baaaa35cbc210d681fcb743	presentation-assets	inventory only; no new wire semantics
BtExperience	b88cdac9665d28494f19d6a5d759acf8d5f00ad9	gui/skins/default/images/common/ico_previous_track_P.svg	e01290a8ea8ea6d38954046dd4cfa35dc2ae1ef1	presentation-assets	inventory only; no new wire semantics
BtExperience	b88cdac9665d28494f19d6a5d759acf8d5f00ad9	gui/skins/default/images/common/ico_rifiuta.svg	e66539d4d3bf35d6837a471d6096826a30ca4ff8	presentation-assets	inventory only; no new wire semantics
BtExperience	b88cdac9665d28494f19d6a5d759acf8d5f00ad9	gui/skins/default/images/common/ico_rifiuta_P.svg	51fa45ffc9cee4dc8579ba121bd3dc36ca70f19d	presentation-assets	inventory only; no new wire semantics
BtExperience	b88cdac9665d28494f19d6a5d759acf8d5f00ad9	gui/skins/default/images/common/ico_rispondi.svg	7eb865a3a699dfcd012a9b107741c6fa7370e3ae	presentation-assets	inventory only; no new wire semantics
BtExperience	b88cdac9665d28494f19d6a5d759acf8d5f00ad9	gui/skins/default/images/common/ico_rispondi_P.svg	1de3f50f21783a49f168ad323ebb0445b99a6761	presentation-assets	inventory only; no new wire semantics
BtExperience	b88cdac9665d28494f19d6a5d759acf8d5f00ad9	gui/skins/default/images/common/ico_sistemi.svg	8b7ca3d49c0c992e74ba4d564d1dfb35ade99136	presentation-assets	inventory only; no new wire semantics
BtExperience	b88cdac9665d28494f19d6a5d759acf8d5f00ad9	gui/skins/default/images/common/ico_sistemi_P.svg	d443b7a7c260af40c05068ec2d34832f26368e44	presentation-assets	inventory only; no new wire semantics
BtExperience	b88cdac9665d28494f19d6a5d759acf8d5f00ad9	gui/skins/default/images/common/ico_sposta_dx.svg	b8588d919afa0f643ab0077e2a172f9d9cfa1270	presentation-assets	inventory only; no new wire semantics
BtExperience	b88cdac9665d28494f19d6a5d759acf8d5f00ad9	gui/skins/default/images/common/ico_sposta_sx.svg	0242497bf276804b085d99812fc2087fc425e43f	presentation-assets	inventory only; no new wire semantics
BtExperience	b88cdac9665d28494f19d6a5d759acf8d5f00ad9	gui/skins/default/images/common/ico_stanze.svg	ae30cbedc300866675c6a26f2841019a067d4460	presentation-assets	inventory only; no new wire semantics
BtExperience	b88cdac9665d28494f19d6a5d759acf8d5f00ad9	gui/skins/default/images/common/ico_stanze_P.svg	22d68391e9951edf7666358346800b0b487887f0	presentation-assets	inventory only; no new wire semantics
BtExperience	b88cdac9665d28494f19d6a5d759acf8d5f00ad9	gui/skins/default/images/common/ico_stop.svg	5a2cbdacacd3bf677c34950b80bb6cc61bd2c047	presentation-assets	inventory only; no new wire semantics
BtExperience	b88cdac9665d28494f19d6a5d759acf8d5f00ad9	gui/skins/default/images/common/ico_stop_P.svg	4494d4245d88145c5c9750ef0c7e8df3deceb3ba	presentation-assets	inventory only; no new wire semantics
BtExperience	b88cdac9665d28494f19d6a5d759acf8d5f00ad9	gui/skins/default/images/common/ico_temporizzatore_abilitato.svg	1695451b6b993c38600d776453aa33376bf91e9d	presentation-assets	inventory only; no new wire semantics
BtExperience	b88cdac9665d28494f19d6a5d759acf8d5f00ad9	gui/skins/default/images/common/ico_temporizzatore_disabilitato.svg	68cd4046632fb741c7a30daa75be470052dcc6c4	presentation-assets	inventory only; no new wire semantics
BtExperience	b88cdac9665d28494f19d6a5d759acf8d5f00ad9	gui/skins/default/images/common/ico_vai.svg	f013a9a4561b4706f5fa0e62780590a2b0dc6d47	presentation-assets	inventory only; no new wire semantics
BtExperience	b88cdac9665d28494f19d6a5d759acf8d5f00ad9	gui/skins/default/images/common/ico_vai_P.svg	788d199ae7be76d9c9c8a2c24865cacc93bee83d	presentation-assets	inventory only; no new wire semantics
BtExperience	b88cdac9665d28494f19d6a5d759acf8d5f00ad9	gui/skins/default/images/common/ico_video.svg	2c86c1c182960e81effab237fdd9576a26526fba	presentation-assets	inventory only; no new wire semantics
BtExperience	b88cdac9665d28494f19d6a5d759acf8d5f00ad9	gui/skins/default/images/common/ico_video_P.svg	1a4e3c3d3304e8f5441de8d17e6a49dd9d67cbb2	presentation-assets	inventory only; no new wire semantics
BtExperience	b88cdac9665d28494f19d6a5d759acf8d5f00ad9	gui/skins/default/images/common/icon_back.svg	a1742409bbcfc54e44319a49de1d68081b0bf9f4	presentation-assets	inventory only; no new wire semantics
BtExperience	b88cdac9665d28494f19d6a5d759acf8d5f00ad9	gui/skins/default/images/common/icon_back_p.svg	4303424204dcd0ca429f5bc7afbabf025566ad1f	presentation-assets	inventory only; no new wire semantics
BtExperience	b88cdac9665d28494f19d6a5d759acf8d5f00ad9	gui/skins/default/images/common/icon_browser-option.svg	a89b55b435102a0a5a315c3f5930295ca6546a11	presentation-assets	inventory only; no new wire semantics
BtExperience	b88cdac9665d28494f19d6a5d759acf8d5f00ad9	gui/skins/default/images/common/icon_browser-option_open.svg	f118cb3e5efaa6c7dce1503c2919646a4b84d436	presentation-assets	inventory only; no new wire semantics
BtExperience	b88cdac9665d28494f19d6a5d759acf8d5f00ad9	gui/skins/default/images/common/icon_browser-option_open_p.svg	467a1e1882c718b56f0338df8ad3106b2448b522	presentation-assets	inventory only; no new wire semantics
BtExperience	b88cdac9665d28494f19d6a5d759acf8d5f00ad9	gui/skins/default/images/common/icon_browser-option_p.svg	05a216e7e7ebf773cea4e3b13c445c940793ddeb	presentation-assets	inventory only; no new wire semantics
BtExperience	b88cdac9665d28494f19d6a5d759acf8d5f00ad9	gui/skins/default/images/common/icon_delete.svg	9aa819d007d396c4e1f1a2d56f405ec1a95a8cdd	presentation-assets	inventory only; no new wire semantics
BtExperience	b88cdac9665d28494f19d6a5d759acf8d5f00ad9	gui/skins/default/images/common/icon_disabled.svg	03e6059e9cca56c1329aa7e656d4d956cc0328aa	presentation-assets	inventory only; no new wire semantics
BtExperience	b88cdac9665d28494f19d6a5d759acf8d5f00ad9	gui/skins/default/images/common/icon_disabled_P.svg	23445f12c82a12bd4848e0ac6f397f3aaf137aae	presentation-assets	inventory only; no new wire semantics
BtExperience	b88cdac9665d28494f19d6a5d759acf8d5f00ad9	gui/skins/default/images/common/icon_eject.svg	ca70594f3e6b38021d5e51237090fee2b555d887	presentation-assets	inventory only; no new wire semantics
BtExperience	b88cdac9665d28494f19d6a5d759acf8d5f00ad9	gui/skins/default/images/common/icon_eject_p.svg	1f9c7f25ead8b91e31bfb2f66e52d13e95a1c917	presentation-assets	inventory only; no new wire semantics
BtExperience	b88cdac9665d28494f19d6a5d759acf8d5f00ad9	gui/skins/default/images/common/icon_enabled.svg	b931c3abf9c776604c039194b20bf8cb45c994e5	presentation-assets	inventory only; no new wire semantics
BtExperience	b88cdac9665d28494f19d6a5d759acf8d5f00ad9	gui/skins/default/images/common/icon_enabled_P.svg	14627152fcc9e5501bfc964ea7dcbe52af77116b	presentation-assets	inventory only; no new wire semantics
BtExperience	b88cdac9665d28494f19d6a5d759acf8d5f00ad9	gui/skins/default/images/common/icon_input_correct.svg	46de537f8809b82e2ec802992895770e051aa042	presentation-assets	inventory only; no new wire semantics
BtExperience	b88cdac9665d28494f19d6a5d759acf8d5f00ad9	gui/skins/default/images/common/icon_input_fail.svg	90a6a05a70471d6cc491046ea920f6b6f220e770	presentation-assets	inventory only; no new wire semantics
BtExperience	b88cdac9665d28494f19d6a5d759acf8d5f00ad9	gui/skins/default/images/common/icon_pager_arrow.svg	b4a78d16baa0c4fee0b0988ad49575d2727c8804	presentation-assets	inventory only; no new wire semantics
BtExperience	b88cdac9665d28494f19d6a5d759acf8d5f00ad9	gui/skins/default/images/common/icon_pager_arrow_p.svg	8cfc7a44303119523818809ccdcb2558ea2c7fd0	presentation-assets	inventory only; no new wire semantics
BtExperience	b88cdac9665d28494f19d6a5d759acf8d5f00ad9	gui/skins/default/images/common/icon_pager_arrow_prev.svg	d9d12578c1ae889c444391f6557835a94069bc19	presentation-assets	inventory only; no new wire semantics
BtExperience	b88cdac9665d28494f19d6a5d759acf8d5f00ad9	gui/skins/default/images/common/icon_pager_arrow_prev_p.svg	60296307ddbac1102dd361b54e5c3aba36f86fc5	presentation-assets	inventory only; no new wire semantics
BtExperience	b88cdac9665d28494f19d6a5d759acf8d5f00ad9	gui/skins/default/images/common/icon_pager_arrow_select.svg	8cfc7a44303119523818809ccdcb2558ea2c7fd0	presentation-assets	inventory only; no new wire semantics
BtExperience	b88cdac9665d28494f19d6a5d759acf8d5f00ad9	gui/skins/default/images/common/icon_resize.svg	4ce1126920fdfd2ecf163878c8206006e908bdb6	presentation-assets	inventory only; no new wire semantics
BtExperience	b88cdac9665d28494f19d6a5d759acf8d5f00ad9	gui/skins/default/images/common/icon_resize_p.svg	a58750e668addf7af0340d0e8e493c5538e2ab2c	presentation-assets	inventory only; no new wire semantics
BtExperience	b88cdac9665d28494f19d6a5d759acf8d5f00ad9	gui/skins/default/images/common/icon_zoom-100.svg	245a3bf23b5e2a90537fa7d34c1bf6b8b48f8d98	presentation-assets	inventory only; no new wire semantics
BtExperience	b88cdac9665d28494f19d6a5d759acf8d5f00ad9	gui/skins/default/images/common/icon_zoom-100_p.svg	bee5e086b6691cbf98e1feb34569034f933794e5	presentation-assets	inventory only; no new wire semantics
BtExperience	b88cdac9665d28494f19d6a5d759acf8d5f00ad9	gui/skins/default/images/common/icon_zoom-in.svg	175cb416b3cc9ef1657e140bd61fc7838f22b4e4	presentation-assets	inventory only; no new wire semantics
BtExperience	b88cdac9665d28494f19d6a5d759acf8d5f00ad9	gui/skins/default/images/common/icon_zoom-in_p.svg	9f84597b7a3e74fdf55fd9fa350b0a76772d025c	presentation-assets	inventory only; no new wire semantics
BtExperience	b88cdac9665d28494f19d6a5d759acf8d5f00ad9	gui/skins/default/images/common/icon_zoom-out.svg	d3f9374b0339ffa3d485dc00080bccf4b915976e	presentation-assets	inventory only; no new wire semantics
BtExperience	b88cdac9665d28494f19d6a5d759acf8d5f00ad9	gui/skins/default/images/common/icon_zoom-out_p.svg	95d95f3f97ca922b3a19a61db1ac4c3206a80d06	presentation-assets	inventory only; no new wire semantics
BtExperience	b88cdac9665d28494f19d6a5d759acf8d5f00ad9	gui/skins/default/images/common/incoming_call.svg	12cff4bf56b76f178e54d912f5d0c4e88dcc4e1a	presentation-assets	inventory only; no new wire semantics
BtExperience	b88cdac9665d28494f19d6a5d759acf8d5f00ad9	gui/skins/default/images/common/key_delete.svg	833e8d7a64e11e9fadc3409f06640a90cde1dac5	presentation-assets	inventory only; no new wire semantics
BtExperience	b88cdac9665d28494f19d6a5d759acf8d5f00ad9	gui/skins/default/images/common/key_delete_press.svg	20ee8a45bbbb6bc5002c83f28c8d8f0bc6136ee7	presentation-assets	inventory only; no new wire semantics
BtExperience	b88cdac9665d28494f19d6a5d759acf8d5f00ad9	gui/skins/default/images/common/keypad_display_background.svg	762ee161a6a16cf418db7ec757338d76bffda852	presentation-assets	inventory only; no new wire semantics
BtExperience	b88cdac9665d28494f19d6a5d759acf8d5f00ad9	gui/skins/default/images/common/led_green.svg	f619a8f6f72f98bce8887a3614c098328f3ae70d	presentation-assets	inventory only; no new wire semantics
BtExperience	b88cdac9665d28494f19d6a5d759acf8d5f00ad9	gui/skins/default/images/common/led_grey.svg	87bb8ff3fb763bf8304f3e8b86fe25916abbb120	presentation-assets	inventory only; no new wire semantics
BtExperience	b88cdac9665d28494f19d6a5d759acf8d5f00ad9	gui/skins/default/images/common/linea.svg	00c1aee1b832f705cc143e72223a659dc3230675	presentation-assets	inventory only; no new wire semantics
BtExperience	b88cdac9665d28494f19d6a5d759acf8d5f00ad9	gui/skins/default/images/common/meno.png	ae82c88bdc121226e18289b367776cbec515b259	presentation-assets	inventory only; no new wire semantics
BtExperience	b88cdac9665d28494f19d6a5d759acf8d5f00ad9	gui/skins/default/images/common/menu_column_item_active_led.svg	713e17f0fe5aeb5d1dd1d18a518caee339741e64	presentation-assets	inventory only; no new wire semantics
BtExperience	b88cdac9665d28494f19d6a5d759acf8d5f00ad9	gui/skins/default/images/common/menu_column_item_alarm_led.svg	2fe1b442cfca31d535899cc7b763358424d70b13	presentation-assets	inventory only; no new wire semantics
BtExperience	b88cdac9665d28494f19d6a5d759acf8d5f00ad9	gui/skins/default/images/common/menu_column_item_arrow.svg	d4f99cb55654897cc915338c08e850ddaaaad10b	presentation-assets	inventory only; no new wire semantics
BtExperience	b88cdac9665d28494f19d6a5d759acf8d5f00ad9	gui/skins/default/images/common/menu_column_item_arrow_white.svg	82d58a953742b19529341aeacc7ec5d5e83f826f	presentation-assets	inventory only; no new wire semantics
BtExperience	b88cdac9665d28494f19d6a5d759acf8d5f00ad9	gui/skins/default/images/common/menu_column_item_bg.svg	99b0d3fa34a06380b6d56b5c1d5a9359aa46bb5d	presentation-assets	inventory only; no new wire semantics
BtExperience	b88cdac9665d28494f19d6a5d759acf8d5f00ad9	gui/skins/default/images/common/menu_column_item_bg_pressed.svg	c777bdc8c3d02a9f34238b13e1aaecb0dd91370c	presentation-assets	inventory only; no new wire semantics
BtExperience	b88cdac9665d28494f19d6a5d759acf8d5f00ad9	gui/skins/default/images/common/menu_column_item_bg_selected.svg	c3d2a7cfbf553676aa3645392e38d8981fffb28d	presentation-assets	inventory only; no new wire semantics
BtExperience	b88cdac9665d28494f19d6a5d759acf8d5f00ad9	gui/skins/default/images/common/menu_column_item_disabled_led.svg	4cf053430c6dcf2127c2a17e1bb0f5700a7d27ea	presentation-assets	inventory only; no new wire semantics
BtExperience	b88cdac9665d28494f19d6a5d759acf8d5f00ad9	gui/skins/default/images/common/menu_column_item_inactive_led.svg	c60cded1aaeba0ed2cbc3709e2b582e9b58ef476	presentation-assets	inventory only; no new wire semantics
BtExperience	b88cdac9665d28494f19d6a5d759acf8d5f00ad9	gui/skins/default/images/common/menu_column_item_warning_led.svg	d5b72e8d1e932f528bab2b2837ce9e21b3b9956c	presentation-assets	inventory only; no new wire semantics
BtExperience	b88cdac9665d28494f19d6a5d759acf8d5f00ad9	gui/skins/default/images/common/messaggio_ricevuto/ico_elimina.svg	ba31c216cd806440d28a87dc5c582f4ec68bf30a	presentation-assets	inventory only; no new wire semantics
BtExperience	b88cdac9665d28494f19d6a5d759acf8d5f00ad9	gui/skins/default/images/common/messaggio_ricevuto/ico_elimina_P.svg	875286d95590d2c4ec2ee11415ea033084ba43f9	presentation-assets	inventory only; no new wire semantics
BtExperience	b88cdac9665d28494f19d6a5d759acf8d5f00ad9	gui/skins/default/images/common/messaggio_ricevuto/ico_rispondi.svg	1a3650a523e7a28c2d374ad66f52697edd8e5d04	presentation-assets	inventory only; no new wire semantics
BtExperience	b88cdac9665d28494f19d6a5d759acf8d5f00ad9	gui/skins/default/images/common/messaggio_ricevuto/ico_rispondi_P.svg	056a2c2614a52bbd0ec9b4e46cbc724833640661	presentation-assets	inventory only; no new wire semantics
BtExperience	b88cdac9665d28494f19d6a5d759acf8d5f00ad9	gui/skins/default/images/common/ombra1elemento.png	1a2a121dfff57d60b5ae3cd6c2bd6e2390d932f0	presentation-assets	inventory only; no new wire semantics
BtExperience	b88cdac9665d28494f19d6a5d759acf8d5f00ad9	gui/skins/default/images/common/ombra_btn_apriporta_ok_on.svg	8a4a1844b654fac76714f2004471b1c6bd65a61a	presentation-assets	inventory only; no new wire semantics
BtExperience	b88cdac9665d28494f19d6a5d759acf8d5f00ad9	gui/skins/default/images/common/ombra_btn_cercapersone.svg	585d90222f6a559f575887247388ffbe7cf4e7b5	presentation-assets	inventory only; no new wire semantics
BtExperience	b88cdac9665d28494f19d6a5d759acf8d5f00ad9	gui/skins/default/images/common/ombra_btn_chiudi_chiamata.svg	d0bb3cb778f0e504190957f5f6c2677a9fa17c05	presentation-assets	inventory only; no new wire semantics
BtExperience	b88cdac9665d28494f19d6a5d759acf8d5f00ad9	gui/skins/default/images/common/ombra_btn_file.svg	b9eb4058c9721ad1b219f0dd9315ba3604a816d3	presentation-assets	inventory only; no new wire semantics
BtExperience	b88cdac9665d28494f19d6a5d759acf8d5f00ad9	gui/skins/default/images/common/ombra_btn_frecce.svg	1a7255c6e2d6c4d90a091d44d8c468f33d20e6b9	presentation-assets	inventory only; no new wire semantics
BtExperience	b88cdac9665d28494f19d6a5d759acf8d5f00ad9	gui/skins/default/images/common/ombra_btn_impostazioni.svg	3c5a6113bbadedcc1443541b5053a61f3522dbe0	presentation-assets	inventory only; no new wire semantics
BtExperience	b88cdac9665d28494f19d6a5d759acf8d5f00ad9	gui/skins/default/images/common/ombra_btn_messaggio.svg	a88f64f6c2d39d09cfca8d09c0c97cf86092ed1c	presentation-assets	inventory only; no new wire semantics
BtExperience	b88cdac9665d28494f19d6a5d759acf8d5f00ad9	gui/skins/default/images/common/ombra_btn_rispondi.svg	ef6b60439b155005e1338b3654c593fee18a33c2	presentation-assets	inventory only; no new wire semantics
BtExperience	b88cdac9665d28494f19d6a5d759acf8d5f00ad9	gui/skins/default/images/common/ombra_btn_rispondi_L.svg	d0bb3cb778f0e504190957f5f6c2677a9fa17c05	presentation-assets	inventory only; no new wire semantics
BtExperience	b88cdac9665d28494f19d6a5d759acf8d5f00ad9	gui/skins/default/images/common/ombra_btn_tipo_file.svg	f12beda4968269a5f3793fe6f251ea5e1d8e598c	presentation-assets	inventory only; no new wire semantics
BtExperience	b88cdac9665d28494f19d6a5d759acf8d5f00ad9	gui/skins/default/images/common/ombra_profilo.svg	3e2c5f950dfda1386060091469502e287d45330b	presentation-assets	inventory only; no new wire semantics
BtExperience	b88cdac9665d28494f19d6a5d759acf8d5f00ad9	gui/skins/default/images/common/option_switch_background.svg	a329a5ecf0c9deb9c07ab4de0bdfe8efdc97aad1	presentation-assets	inventory only; no new wire semantics
BtExperience	b88cdac9665d28494f19d6a5d759acf8d5f00ad9	gui/skins/default/images/common/panel_212x50.svg	48f7d50160c46d441b8936957dd616aca4cae462	presentation-assets	inventory only; no new wire semantics
BtExperience	b88cdac9665d28494f19d6a5d759acf8d5f00ad9	gui/skins/default/images/common/panel_212x73.svg	7591ee1f64bdb7e1e3af7485da215c8ddf52325c	presentation-assets	inventory only; no new wire semantics
BtExperience	b88cdac9665d28494f19d6a5d759acf8d5f00ad9	gui/skins/default/images/common/panel_274x284.svg	9642254e1072739e43d5711b750a593a6bf454fe	presentation-assets	inventory only; no new wire semantics
BtExperience	b88cdac9665d28494f19d6a5d759acf8d5f00ad9	gui/skins/default/images/common/panel_time.svg	ca96cbd61b47e646145b7cba0a6f52591bf1562f	presentation-assets	inventory only; no new wire semantics
BtExperience	b88cdac9665d28494f19d6a5d759acf8d5f00ad9	gui/skins/default/images/common/panel_zones.svg	ce7978d9729903f1983645ce473ed5ea7028ef16	presentation-assets	inventory only; no new wire semantics
BtExperience	b88cdac9665d28494f19d6a5d759acf8d5f00ad9	gui/skins/default/images/common/piano.png	d54930f7bc9703eeb82deef4171e4ccb2408f07b	presentation-assets	inventory only; no new wire semantics
BtExperience	b88cdac9665d28494f19d6a5d759acf8d5f00ad9	gui/skins/default/images/common/pianoS.png	5585bebb6e6702541f191a33c66b518494019f23	presentation-assets	inventory only; no new wire semantics
BtExperience	b88cdac9665d28494f19d6a5d759acf8d5f00ad9	gui/skins/default/images/common/profilo_p.svg	d44547f375147b96ceaaa41b3859606529f90afd	presentation-assets	inventory only; no new wire semantics
BtExperience	b88cdac9665d28494f19d6a5d759acf8d5f00ad9	gui/skins/default/images/common/regola_volume/bg_regola_volume.svg	4a725be6b7ed1194ef5621b106131c41351da8f3	presentation-assets	inventory only; no new wire semantics
BtExperience	b88cdac9665d28494f19d6a5d759acf8d5f00ad9	gui/skins/default/images/common/regola_volume/ico_mute.svg	37c4ccc08e92f01f29d3f7122e0b313a0319ef63	presentation-assets	inventory only; no new wire semantics
BtExperience	b88cdac9665d28494f19d6a5d759acf8d5f00ad9	gui/skins/default/images/common/regola_volume/ico_volume.svg	9c639d6320de3a6bac19c808c9dc49c6caf7921f	presentation-assets	inventory only; no new wire semantics
BtExperience	b88cdac9665d28494f19d6a5d759acf8d5f00ad9	gui/skins/default/images/common/row_background_01.svg	e42b503724fcaca4376bfc879e01856dc94c85b1	presentation-assets	inventory only; no new wire semantics
BtExperience	b88cdac9665d28494f19d6a5d759acf8d5f00ad9	gui/skins/default/images/common/row_background_02.svg	0b368ed31134f9875d84bb089708ccceb28a483d	presentation-assets	inventory only; no new wire semantics
BtExperience	b88cdac9665d28494f19d6a5d759acf8d5f00ad9	gui/skins/default/images/common/scrollbar.png	0228dcf9ebb52f89ef1ee1ba502649abd78e23d9	presentation-assets	inventory only; no new wire semantics
BtExperience	b88cdac9665d28494f19d6a5d759acf8d5f00ad9	gui/skins/default/images/common/separator_horizontal_590x1.svg	d0b5d93e1abcfe83fc8e963e5e52cf050fbd56b5	presentation-assets	inventory only; no new wire semantics
BtExperience	b88cdac9665d28494f19d6a5d759acf8d5f00ad9	gui/skins/default/images/common/separator_vertical_1x370.svg	0d8b22d17abdd3cddfc95a9ed03555c7a021f9c4	presentation-assets	inventory only; no new wire semantics
BtExperience	b88cdac9665d28494f19d6a5d759acf8d5f00ad9	gui/skins/default/images/common/shadow_button_1-2.svg	ea6f7da681b3a1570bbc00702ae5b061f3771c51	presentation-assets	inventory only; no new wire semantics
BtExperience	b88cdac9665d28494f19d6a5d759acf8d5f00ad9	gui/skins/default/images/common/shadow_button_1-3.svg	b2c653f5043fa4f1dfe54c991a8406d86f0e424e	presentation-assets	inventory only; no new wire semantics
BtExperience	b88cdac9665d28494f19d6a5d759acf8d5f00ad9	gui/skins/default/images/common/shadow_button_delete_all.svg	ac754d9a94424f09d9bc8420f2c4c98f7c2fd353	presentation-assets	inventory only; no new wire semantics
BtExperience	b88cdac9665d28494f19d6a5d759acf8d5f00ad9	gui/skins/default/images/common/shadow_button_key_delete.svg	b7ca1ae545630e34faddb053554f640f886b2d7d	presentation-assets	inventory only; no new wire semantics
BtExperience	b88cdac9665d28494f19d6a5d759acf8d5f00ad9	gui/skins/default/images/common/shadow_button_keypad.svg	c445657395de5886cc69f2c72ec8c2864a507eb3	presentation-assets	inventory only; no new wire semantics
BtExperience	b88cdac9665d28494f19d6a5d759acf8d5f00ad9	gui/skins/default/images/common/shadow_button_pager.svg	ebf74af556609ab83062f0c1bf3385a0ac4b52cb	presentation-assets	inventory only; no new wire semantics
BtExperience	b88cdac9665d28494f19d6a5d759acf8d5f00ad9	gui/skins/default/images/common/shadow_button_set-zones.svg	ac725bd1dc7fc431b81fb25272eaed03ba225ced	presentation-assets	inventory only; no new wire semantics
BtExperience	b88cdac9665d28494f19d6a5d759acf8d5f00ad9	gui/skins/default/images/common/stanza.png	18985c64e11c2d7f57bd98819cec3492677f5160	presentation-assets	inventory only; no new wire semantics
BtExperience	b88cdac9665d28494f19d6a5d759acf8d5f00ad9	gui/skins/default/images/common/stanzaS.png	be38546961e74d61ff4eb428bc4cab420244fa53	presentation-assets	inventory only; no new wire semantics
BtExperience	b88cdac9665d28494f19d6a5d759acf8d5f00ad9	gui/skins/default/images/common/symbol_double-arrow.svg	d26b963afe17b7b02cf3d187492e9d1cc398619e	presentation-assets	inventory only; no new wire semantics
BtExperience	b88cdac9665d28494f19d6a5d759acf8d5f00ad9	gui/skins/default/images/common/symbol_lock_close.svg	3e23e1341d3c2270be36f29c56558e1c4100507c	presentation-assets	inventory only; no new wire semantics
BtExperience	b88cdac9665d28494f19d6a5d759acf8d5f00ad9	gui/skins/default/images/common/symbol_lock_open.svg	800240af2f805ed62d79d37bbcfed7e3f75de86a	presentation-assets	inventory only; no new wire semantics
BtExperience	b88cdac9665d28494f19d6a5d759acf8d5f00ad9	gui/skins/default/images/common/symbol_minus.svg	b760a293eada0178dba88711fe8bfb4d312cfefb	presentation-assets	inventory only; no new wire semantics
BtExperience	b88cdac9665d28494f19d6a5d759acf8d5f00ad9	gui/skins/default/images/common/symbol_plus.svg	420271bf4dee910b1b15862094f5c5059a00a95a	presentation-assets	inventory only; no new wire semantics
BtExperience	b88cdac9665d28494f19d6a5d759acf8d5f00ad9	gui/skins/default/images/common/video.svg	cc17e1b3af50dd6355f0bfcac7922d3ff5c1c1da	presentation-assets	inventory only; no new wire semantics
BtExperience	b88cdac9665d28494f19d6a5d759acf8d5f00ad9	gui/skins/default/images/common/video_player_bg_box.svg	8c27c99624edddbc7e1ac7b2caf466fef87be505	presentation-assets	inventory only; no new wire semantics
BtExperience	b88cdac9665d28494f19d6a5d759acf8d5f00ad9	gui/skins/default/images/common/video_player_bg_frame.svg	6615cff15996c82161784d0acd2f2653e0a9d7b8	presentation-assets	inventory only; no new wire semantics
BtExperience	b88cdac9665d28494f19d6a5d759acf8d5f00ad9	gui/skins/default/images/common/video_player_frame.svg	7d3bd0cd7843a8ec01cc518809622eddc2e3503a	presentation-assets	inventory only; no new wire semantics
BtExperience	b88cdac9665d28494f19d6a5d759acf8d5f00ad9	gui/skins/default/images/energy/bg_grafico.svg	a4197e51312f72d52b8ee27ca9dd91341f42fdec	presentation-assets	inventory only; no new wire semantics
BtExperience	b88cdac9665d28494f19d6a5d759acf8d5f00ad9	gui/skins/default/images/energy/bg_grafico_consumption.svg	8e57e5cef9373b2fe5a776b506d353308c046080	presentation-assets	inventory only; no new wire semantics
BtExperience	b88cdac9665d28494f19d6a5d759acf8d5f00ad9	gui/skins/default/images/energy/bg_grafico_time.svg	908c1d87179700bb826ce7e5ea9a394c7cc48b74	presentation-assets	inventory only; no new wire semantics
BtExperience	b88cdac9665d28494f19d6a5d759acf8d5f00ad9	gui/skins/default/images/energy/bg_instant_consumption.svg	95fc409f0d731acc5a38703f0624cb929a41f8d8	presentation-assets	inventory only; no new wire semantics
BtExperience	b88cdac9665d28494f19d6a5d759acf8d5f00ad9	gui/skins/default/images/energy/bg_pop-up-date.svg	1aa07b3bb6c9d457bb748d88f2aa1db2b1934c56	presentation-assets	inventory only; no new wire semantics
BtExperience	b88cdac9665d28494f19d6a5d759acf8d5f00ad9	gui/skins/default/images/energy/bg_titolo.svg	548be76114e2f566191b2b4a3c805c16097c11c8	presentation-assets	inventory only; no new wire semantics
BtExperience	b88cdac9665d28494f19d6a5d759acf8d5f00ad9	gui/skins/default/images/energy/btn_colonna_grafico.svg	26e89cc6801e87a08eedc016b01a26c847105f85	presentation-assets	inventory only; no new wire semantics
BtExperience	b88cdac9665d28494f19d6a5d759acf8d5f00ad9	gui/skins/default/images/energy/btn_colonna_grafico_p.svg	d8ae78314caf1bd5886b837f06c36da81340e5d8	presentation-assets	inventory only; no new wire semantics
BtExperience	b88cdac9665d28494f19d6a5d759acf8d5f00ad9	gui/skins/default/images/energy/btn_freccia.svg	04dbc9528da0ecca4ad52d24442cf9453bb457f5	presentation-assets	inventory only; no new wire semantics
BtExperience	b88cdac9665d28494f19d6a5d759acf8d5f00ad9	gui/skins/default/images/energy/btn_freccia_P.svg	1157914c9e752d326a295752de0d0094c3dd36ff	presentation-assets	inventory only; no new wire semantics
BtExperience	b88cdac9665d28494f19d6a5d759acf8d5f00ad9	gui/skins/default/images/energy/btn_line_table.svg	e2b5d9fc4b1afaedd380954de0e05020b886b01b	presentation-assets	inventory only; no new wire semantics
BtExperience	b88cdac9665d28494f19d6a5d759acf8d5f00ad9	gui/skins/default/images/energy/btn_line_table_p.svg	f2de654150a6dc59c171f94f1e02cd97022563e2	presentation-assets	inventory only; no new wire semantics
BtExperience	b88cdac9665d28494f19d6a5d759acf8d5f00ad9	gui/skins/default/images/energy/btn_row_table_green.svg	45dad970db9b313033bde22d716f1c103b9be447	presentation-assets	inventory only; no new wire semantics
BtExperience	b88cdac9665d28494f19d6a5d759acf8d5f00ad9	gui/skins/default/images/energy/btn_row_table_p.svg	d657df720cc728f0baba0dcc9eedc9503a2a4338	presentation-assets	inventory only; no new wire semantics
BtExperience	b88cdac9665d28494f19d6a5d759acf8d5f00ad9	gui/skins/default/images/energy/btn_row_table_red.svg	1969c864929e1c9163f681a4709de8c581c83fa6	presentation-assets	inventory only; no new wire semantics
BtExperience	b88cdac9665d28494f19d6a5d759acf8d5f00ad9	gui/skins/default/images/energy/btn_selectDMY.svg	347a81ae03bc9768eb6c069f023fd8a4f10d7e48	presentation-assets	inventory only; no new wire semantics
BtExperience	b88cdac9665d28494f19d6a5d759acf8d5f00ad9	gui/skins/default/images/energy/colonna.svg	62de28e5076c1b0d7ce3c365aa1ef02eddd72c32	presentation-assets	inventory only; no new wire semantics
BtExperience	b88cdac9665d28494f19d6a5d759acf8d5f00ad9	gui/skins/default/images/energy/colonna_day.svg	0dc0291ed3967fdfda432405af20947fdbf03452	presentation-assets	inventory only; no new wire semantics
BtExperience	b88cdac9665d28494f19d6a5d759acf8d5f00ad9	gui/skins/default/images/energy/colonna_day_verde.svg	6e8f247dda36295db4e267b124379a2ce09e5aa2	presentation-assets	inventory only; no new wire semantics
BtExperience	b88cdac9665d28494f19d6a5d759acf8d5f00ad9	gui/skins/default/images/energy/colonna_month.svg	83a15e35fa58b8223539da0cb171b33c15711913	presentation-assets	inventory only; no new wire semantics
BtExperience	b88cdac9665d28494f19d6a5d759acf8d5f00ad9	gui/skins/default/images/energy/colonna_month_verde.svg	3a59c5479f56562dae28beb8397d33625be2b359	presentation-assets	inventory only; no new wire semantics
BtExperience	b88cdac9665d28494f19d6a5d759acf8d5f00ad9	gui/skins/default/images/energy/colonna_previous_year.svg	b97d66d6ee5952e76724a599c88b18d408da6591	presentation-assets	inventory only; no new wire semantics
BtExperience	b88cdac9665d28494f19d6a5d759acf8d5f00ad9	gui/skins/default/images/energy/colonna_rosso.svg	f54cea063a773c4cfeaad7b8b6ecadf176908a2c	presentation-assets	inventory only; no new wire semantics
BtExperience	b88cdac9665d28494f19d6a5d759acf8d5f00ad9	gui/skins/default/images/energy/colonna_verde.svg	5ce6d8d790f42f7f4fb4993a894ffe2a2f3ddbb7	presentation-assets	inventory only; no new wire semantics
BtExperience	b88cdac9665d28494f19d6a5d759acf8d5f00ad9	gui/skins/default/images/energy/colonna_year.svg	68056cc313c0190647a8af085f40b05e3f0fb734	presentation-assets	inventory only; no new wire semantics
BtExperience	b88cdac9665d28494f19d6a5d759acf8d5f00ad9	gui/skins/default/images/energy/colonna_year_rosso.svg	839ab8cc96a72da35ce72808ee64c7363d136e39	presentation-assets	inventory only; no new wire semantics
BtExperience	b88cdac9665d28494f19d6a5d759acf8d5f00ad9	gui/skins/default/images/energy/colonna_year_verde.svg	9c2a9c85660440911f0155877346c539b4e36df1	presentation-assets	inventory only; no new wire semantics
BtExperience	b88cdac9665d28494f19d6a5d759acf8d5f00ad9	gui/skins/default/images/energy/ico_electricity.svg	c58fa8d1d0ce3a6338e4a71bfdfee9b41dbb6d4e	presentation-assets	inventory only; no new wire semantics
BtExperience	b88cdac9665d28494f19d6a5d759acf8d5f00ad9	gui/skins/default/images/energy/ico_electricity_bianca.svg	405a1a6bb3cab8ffa4cfd55a0ccf493d4d7737bd	presentation-assets	inventory only; no new wire semantics
BtExperience	b88cdac9665d28494f19d6a5d759acf8d5f00ad9	gui/skins/default/images/energy/ico_electricity_p.svg	405a1a6bb3cab8ffa4cfd55a0ccf493d4d7737bd	presentation-assets	inventory only; no new wire semantics
BtExperience	b88cdac9665d28494f19d6a5d759acf8d5f00ad9	gui/skins/default/images/energy/ico_gas.svg	ebdba4c5361c7a8621a25288c618f353ef30e17f	presentation-assets	inventory only; no new wire semantics
BtExperience	b88cdac9665d28494f19d6a5d759acf8d5f00ad9	gui/skins/default/images/energy/ico_gas_p.svg	baf18d60b17d966fa782443610952b2d9f75e3f2	presentation-assets	inventory only; no new wire semantics
BtExperience	b88cdac9665d28494f19d6a5d759acf8d5f00ad9	gui/skins/default/images/energy/ico_graph.svg	74185c2499ffdd4f7cd13e4fb9bd1bff99d2e794	presentation-assets	inventory only; no new wire semantics
BtExperience	b88cdac9665d28494f19d6a5d759acf8d5f00ad9	gui/skins/default/images/energy/ico_graph_P.svg	d51156adcf9ae30db9cb9bf6934b88ebfd1f8c60	presentation-assets	inventory only; no new wire semantics
BtExperience	b88cdac9665d28494f19d6a5d759acf8d5f00ad9	gui/skins/default/images/energy/ico_heating.svg	1a339977d1ed052ce94930dfecd83fa4c6fb73ec	presentation-assets	inventory only; no new wire semantics
BtExperience	b88cdac9665d28494f19d6a5d759acf8d5f00ad9	gui/skins/default/images/energy/ico_heating_p.svg	8713fc012e1dd310aba3b9fa82ae750babbfc1ed	presentation-assets	inventory only; no new wire semantics
BtExperience	b88cdac9665d28494f19d6a5d759acf8d5f00ad9	gui/skins/default/images/energy/ico_hot_water.svg	4f1e75b38c5128982e18f4a501a15fced0cd8040	presentation-assets	inventory only; no new wire semantics
BtExperience	b88cdac9665d28494f19d6a5d759acf8d5f00ad9	gui/skins/default/images/energy/ico_hot_water_p.svg	2497ce54e09179e2f14fd8998f27592a1646c8e5	presentation-assets	inventory only; no new wire semantics
BtExperience	b88cdac9665d28494f19d6a5d759acf8d5f00ad9	gui/skins/default/images/energy/ico_table.svg	bfb0b98f6bae3d58f0a8192977a709e286749e10	presentation-assets	inventory only; no new wire semantics
BtExperience	b88cdac9665d28494f19d6a5d759acf8d5f00ad9	gui/skins/default/images/energy/ico_table_P.svg	3d93a08d868837962bc23539c0ea1f48e0a6d3f7	presentation-assets	inventory only; no new wire semantics
BtExperience	b88cdac9665d28494f19d6a5d759acf8d5f00ad9	gui/skins/default/images/energy/ico_water.svg	cafa5272a56679c058d37720d62647dde0d788d2	presentation-assets	inventory only; no new wire semantics
BtExperience	b88cdac9665d28494f19d6a5d759acf8d5f00ad9	gui/skins/default/images/energy/ico_water_p.svg	a60adfaede55c15dad31a342c97581c699995230	presentation-assets	inventory only; no new wire semantics
BtExperience	b88cdac9665d28494f19d6a5d759acf8d5f00ad9	gui/skins/default/images/energy/linea.svg	a896686031f1808aa5dbfe894fbace3f615317dc	presentation-assets	inventory only; no new wire semantics
BtExperience	b88cdac9665d28494f19d6a5d759acf8d5f00ad9	gui/skins/default/images/energy/linea_grafico.svg	4f6e072b09469cd9466684eca99a87c684bcaa0d	presentation-assets	inventory only; no new wire semantics
BtExperience	b88cdac9665d28494f19d6a5d759acf8d5f00ad9	gui/skins/default/images/energy/linea_livello_colonna.svg	d2f9853ea7aa1541a94cb03379eb13898c57fded	presentation-assets	inventory only; no new wire semantics
BtExperience	b88cdac9665d28494f19d6a5d759acf8d5f00ad9	gui/skins/default/images/energy/linea_livello_colonna_year.svg	370d23c239d4ba4e8239c481c7861d0ea2a0f83d	presentation-assets	inventory only; no new wire semantics
BtExperience	b88cdac9665d28494f19d6a5d759acf8d5f00ad9	gui/skins/default/images/energy/linea_livello_cumulative_consumption.svg	cf8811ff150d3feac3cd5e626e76ca11dc69e43e	presentation-assets	inventory only; no new wire semantics
BtExperience	b88cdac9665d28494f19d6a5d759acf8d5f00ad9	gui/skins/default/images/energy/livello_cumulative_consumption.svg	fd40acd634e090fc9c15dd9dae9c0646e3ce7392	presentation-assets	inventory only; no new wire semantics
BtExperience	b88cdac9665d28494f19d6a5d759acf8d5f00ad9	gui/skins/default/images/energy/livello_cumulative_consumption_rosso.svg	6af13ccfb330d2ff84fe8c8e8f5c5744b8043d87	presentation-assets	inventory only; no new wire semantics
BtExperience	b88cdac9665d28494f19d6a5d759acf8d5f00ad9	gui/skins/default/images/energy/livello_cumulative_consumption_verde.svg	40eb92fd4ac247a09ebe1c860be11168f2f85cd6	presentation-assets	inventory only; no new wire semantics
BtExperience	b88cdac9665d28494f19d6a5d759acf8d5f00ad9	gui/skins/default/images/energy/ombra_btn_colonna_grafico.svg	7e79e7b7f4993f02dae63f697c9fe182257f3fd0	presentation-assets	inventory only; no new wire semantics
BtExperience	b88cdac9665d28494f19d6a5d759acf8d5f00ad9	gui/skins/default/images/energy/ombra_btn_freccia.svg	5fd7e8cd0a1fdec281d6c44ef83471ee18b1ce7e	presentation-assets	inventory only; no new wire semantics
BtExperience	b88cdac9665d28494f19d6a5d759acf8d5f00ad9	gui/skins/default/images/energy/ombra_btn_selectDMY.svg	9e82afbd42dce3291850097a6a66f98a5d17a235	presentation-assets	inventory only; no new wire semantics
BtExperience	b88cdac9665d28494f19d6a5d759acf8d5f00ad9	gui/skins/default/images/energy/ombra_colonna.svg	219eb5e1aa276638f558b2c90f128ad32627855f	presentation-assets	inventory only; no new wire semantics
BtExperience	b88cdac9665d28494f19d6a5d759acf8d5f00ad9	gui/skins/default/images/energy/ombra_colonna_day.svg	2b734b9848f4f44a68a72a137b90334f495afb92	presentation-assets	inventory only; no new wire semantics
BtExperience	b88cdac9665d28494f19d6a5d759acf8d5f00ad9	gui/skins/default/images/energy/ombra_colonna_month.svg	92d10e235bdf8850ad0d55f83bec26e38c993736	presentation-assets	inventory only; no new wire semantics
BtExperience	b88cdac9665d28494f19d6a5d759acf8d5f00ad9	gui/skins/default/images/energy/ombra_colonna_previous_year.svg	ccfff10e20f00863a0c1b9b28c01032d7e6d566d	presentation-assets	inventory only; no new wire semantics
BtExperience	b88cdac9665d28494f19d6a5d759acf8d5f00ad9	gui/skins/default/images/energy/ombra_colonna_year.svg	05906c8d59572307d08dbb2b77b6f11bcc62bc7a	presentation-assets	inventory only; no new wire semantics
BtExperience	b88cdac9665d28494f19d6a5d759acf8d5f00ad9	gui/skins/default/images/energy/ombra_livello_cumulative_consumption.svg	0a453918aec90e898ad029e296eb1fbf57754eea	presentation-assets	inventory only; no new wire semantics
BtExperience	b88cdac9665d28494f19d6a5d759acf8d5f00ad9	gui/skins/default/images/energy/separator_table-dmy_small.svg	dcd3dae3b59d05ef9d32e36e3a3fde36b90df63f	presentation-assets	inventory only; no new wire semantics
BtExperience	b88cdac9665d28494f19d6a5d759acf8d5f00ad9	gui/skins/default/images/home/btn_multimedia.svg	b92080c6a0319d917c4613a0a83573d3964a4439	presentation-assets	inventory only; no new wire semantics
BtExperience	b88cdac9665d28494f19d6a5d759acf8d5f00ad9	gui/skins/default/images/home/btn_multimedia_P.svg	ac3cebe06b250da86074109adc12694e07a28d08	presentation-assets	inventory only; no new wire semantics
BtExperience	b88cdac9665d28494f19d6a5d759acf8d5f00ad9	gui/skins/default/images/home/btn_opzioni.svg	0f9cce7c2c628b4decc3f2ce9b7c338855fa0d22	presentation-assets	inventory only; no new wire semantics
BtExperience	b88cdac9665d28494f19d6a5d759acf8d5f00ad9	gui/skins/default/images/home/btn_opzioni_P.svg	a5d2718a222a0f362a5acb9758e18c82cee956d8	presentation-assets	inventory only; no new wire semantics
BtExperience	b88cdac9665d28494f19d6a5d759acf8d5f00ad9	gui/skins/default/images/home/btn_sistemi.svg	9394eed6c46a94d6febb2a99bafdb8bce694b8c3	presentation-assets	inventory only; no new wire semantics
BtExperience	b88cdac9665d28494f19d6a5d759acf8d5f00ad9	gui/skins/default/images/home/btn_sistemi_P.svg	155d90851cbebfa988d6ac7664bcf09e8c65938a	presentation-assets	inventory only; no new wire semantics
BtExperience	b88cdac9665d28494f19d6a5d759acf8d5f00ad9	gui/skins/default/images/home/btn_stanze.svg	65a95e80f3fdbaaa30a9907ab123d0c3d396d1ef	presentation-assets	inventory only; no new wire semantics
BtExperience	b88cdac9665d28494f19d6a5d759acf8d5f00ad9	gui/skins/default/images/home/btn_stanze_P.svg	19dce42d89582666714c34891c3a08a1923d1a05	presentation-assets	inventory only; no new wire semantics
BtExperience	b88cdac9665d28494f19d6a5d759acf8d5f00ad9	gui/skins/default/images/home/home_menu_bg_bottom_left.svg	8b40b7688f81409a243dcdf644338f07d92949e9	presentation-assets	inventory only; no new wire semantics
BtExperience	b88cdac9665d28494f19d6a5d759acf8d5f00ad9	gui/skins/default/images/home/home_menu_bg_bottom_left_pressed.svg	f6b4b27711aff28e5ad3174d65d024c343d76efa	presentation-assets	inventory only; no new wire semantics
BtExperience	b88cdac9665d28494f19d6a5d759acf8d5f00ad9	gui/skins/default/images/home/home_menu_bg_bottom_right.svg	0d5455fc3f08933f3967b12bbd2822157145fd66	presentation-assets	inventory only; no new wire semantics
BtExperience	b88cdac9665d28494f19d6a5d759acf8d5f00ad9	gui/skins/default/images/home/home_menu_bg_bottom_right_pressed.svg	eb90750e56796225ec02885e644d7488731e8b97	presentation-assets	inventory only; no new wire semantics
BtExperience	b88cdac9665d28494f19d6a5d759acf8d5f00ad9	gui/skins/default/images/home/home_menu_bg_shadow.svg	62f2bd136754c1b1f84c0d5917f66d6de3ed8414	presentation-assets	inventory only; no new wire semantics
BtExperience	b88cdac9665d28494f19d6a5d759acf8d5f00ad9	gui/skins/default/images/home/home_menu_bg_top_left.svg	df3fa359df3375b78c9d12cf01691d9d0d38cfa9	presentation-assets	inventory only; no new wire semantics
BtExperience	b88cdac9665d28494f19d6a5d759acf8d5f00ad9	gui/skins/default/images/home/home_menu_bg_top_left_pressed.svg	b7a09de97a985cae7d950687e53729faf582d635	presentation-assets	inventory only; no new wire semantics
BtExperience	b88cdac9665d28494f19d6a5d759acf8d5f00ad9	gui/skins/default/images/home/home_menu_bg_top_right.svg	07343123fca89ac19f6ce85892c02dc3e858f2c0	presentation-assets	inventory only; no new wire semantics
BtExperience	b88cdac9665d28494f19d6a5d759acf8d5f00ad9	gui/skins/default/images/home/home_menu_bg_top_right_pressed.svg	c75a18a9a04bd1ca18b6f3523c5ddb4696a6382b	presentation-assets	inventory only; no new wire semantics
BtExperience	b88cdac9665d28494f19d6a5d759acf8d5f00ad9	gui/skins/default/images/home/home_menu_icon_multimedia.svg	b38b34c578fe45ff27be40074bfe842a61bfa8b0	presentation-assets	inventory only; no new wire semantics
BtExperience	b88cdac9665d28494f19d6a5d759acf8d5f00ad9	gui/skins/default/images/home/home_menu_icon_options.svg	9a2085ee80b527845d3d55c71126087e4338352b	presentation-assets	inventory only; no new wire semantics
BtExperience	b88cdac9665d28494f19d6a5d759acf8d5f00ad9	gui/skins/default/images/home/home_menu_icon_rooms.svg	e63f37cae3e8ac86e625d35f4a32372c4481949a	presentation-assets	inventory only; no new wire semantics
BtExperience	b88cdac9665d28494f19d6a5d759acf8d5f00ad9	gui/skins/default/images/home/home_menu_icon_systems.svg	edfdb22c7bbbf74c095a868a1a5ad8ebeff14f7c	presentation-assets	inventory only; no new wire semantics
BtExperience	b88cdac9665d28494f19d6a5d759acf8d5f00ad9	gui/skins/default/images/home/ico_multimedia.svg	5555cfd9890b76e0e09f1046019f721e828f2d83	presentation-assets	inventory only; no new wire semantics
BtExperience	b88cdac9665d28494f19d6a5d759acf8d5f00ad9	gui/skins/default/images/home/ico_multimedia_P.svg	0185931e5b731bead8084b50c8f62eabacd9e702	presentation-assets	inventory only; no new wire semantics
BtExperience	b88cdac9665d28494f19d6a5d759acf8d5f00ad9	gui/skins/default/images/home/ico_opzioni.svg	30f7abf8dc5d13bb3e431ebf87eafc8f80f2247d	presentation-assets	inventory only; no new wire semantics
BtExperience	b88cdac9665d28494f19d6a5d759acf8d5f00ad9	gui/skins/default/images/home/ico_opzioni_P.svg	fd7961ba67acbbd49b42a2323290042b3d3c83b4	presentation-assets	inventory only; no new wire semantics
BtExperience	b88cdac9665d28494f19d6a5d759acf8d5f00ad9	gui/skins/default/images/home/ico_sistemi.svg	193713c7193e748afecbfa484d59211e7bb46f34	presentation-assets	inventory only; no new wire semantics
BtExperience	b88cdac9665d28494f19d6a5d759acf8d5f00ad9	gui/skins/default/images/home/ico_sistemi_P.svg	99113c918c24a641bf8acde427e37d2146cadd1d	presentation-assets	inventory only; no new wire semantics
BtExperience	b88cdac9665d28494f19d6a5d759acf8d5f00ad9	gui/skins/default/images/home/ico_stanze.svg	b13d91a35237040cb89f5d4953e2f84cb93fbc9d	presentation-assets	inventory only; no new wire semantics
BtExperience	b88cdac9665d28494f19d6a5d759acf8d5f00ad9	gui/skins/default/images/home/ico_stanze_P.svg	2060118aeb2e786575b68ab35d1c8fc32dd59e0d	presentation-assets	inventory only; no new wire semantics
BtExperience	b88cdac9665d28494f19d6a5d759acf8d5f00ad9	gui/skins/default/images/home/menu.svg	98173005e6f801d21ab026fa9d02b49fa1fcb3af	presentation-assets	inventory only; no new wire semantics
BtExperience	b88cdac9665d28494f19d6a5d759acf8d5f00ad9	gui/skins/default/images/home/pager_shadow.svg	d92a61cbb7a4778e0e1f5f7a22f9a55cf37594f9	presentation-assets	inventory only; no new wire semantics
BtExperience	b88cdac9665d28494f19d6a5d759acf8d5f00ad9	gui/skins/default/images/icon_move.png	9d2d55ddf0b460d8effa80bca82340f5a6ca3341	presentation-assets	inventory only; no new wire semantics
BtExperience	b88cdac9665d28494f19d6a5d759acf8d5f00ad9	gui/skins/default/images/icon_pencil.png	7c9f7fee71ca6aed755f369781b3dab73d4f6964	presentation-assets	inventory only; no new wire semantics
BtExperience	b88cdac9665d28494f19d6a5d759acf8d5f00ad9	gui/skins/default/images/icon_text.png	89dbbf5879f51da7e7a562d8970edb378617f401	presentation-assets	inventory only; no new wire semantics
BtExperience	b88cdac9665d28494f19d6a5d759acf8d5f00ad9	gui/skins/default/images/icon_trash.png	4a9b3cbdde7de1845b5fc0e6c108d1dd666e83aa	presentation-assets	inventory only; no new wire semantics
BtExperience	b88cdac9665d28494f19d6a5d759acf8d5f00ad9	gui/skins/default/images/imgsfondo_sfumato.png	054443d878d4d9244bb4e6663c14b4e4ee92b615	presentation-assets	inventory only; no new wire semantics
BtExperience	b88cdac9665d28494f19d6a5d759acf8d5f00ad9	gui/skins/default/images/menu_column/label_column-title.svg	1b9902776ae5f1fd438fdb0aceb91c322c682f1c	presentation-assets	inventory only; no new wire semantics
BtExperience	b88cdac9665d28494f19d6a5d759acf8d5f00ad9	gui/skins/default/images/menu_column/label_column-title_p.svg	da6ea07c1c0bf09431127c56129bf122e1f36f7f	presentation-assets	inventory only; no new wire semantics
BtExperience	b88cdac9665d28494f19d6a5d759acf8d5f00ad9	gui/skins/default/images/profile-settings/bg_note.svg	886a613334138d4a5c41abd5854d0d746b7521cb	presentation-assets	inventory only; no new wire semantics
BtExperience	b88cdac9665d28494f19d6a5d759acf8d5f00ad9	gui/skins/default/images/profile-settings/bg_note_panel.svg	10a9808a394d01e667b0e420d73e10fbb8492e69	presentation-assets	inventory only; no new wire semantics
BtExperience	b88cdac9665d28494f19d6a5d759acf8d5f00ad9	gui/skins/default/images/profile-settings/bg_pager_panel.svg	d2a3baa5b0ed6568138a8f1068f6a71fd27666a7	presentation-assets	inventory only; no new wire semantics
BtExperience	b88cdac9665d28494f19d6a5d759acf8d5f00ad9	gui/skins/default/images/profile-settings/bg_settings_profile.svg	bbc2cf8dd651fae2010ffdd400ae986d9cd243b6	presentation-assets	inventory only; no new wire semantics
BtExperience	b88cdac9665d28494f19d6a5d759acf8d5f00ad9	gui/skins/default/images/profile-settings/icon_delete.svg	d37aa640734f577cfd4fd8e942fce893c86d2cdd	presentation-assets	inventory only; no new wire semantics
BtExperience	b88cdac9665d28494f19d6a5d759acf8d5f00ad9	gui/skins/default/images/profile-settings/icon_settings_profile.svg	e9517291dac4d114c7efc3f293b499b2fb6683b0	presentation-assets	inventory only; no new wire semantics
BtExperience	b88cdac9665d28494f19d6a5d759acf8d5f00ad9	gui/skins/default/images/profile-settings/icon_settings_profile_P.svg	edc152eccfbc1f9f652c79ebf260e6cf0d80b37f	presentation-assets	inventory only; no new wire semantics
BtExperience	b88cdac9665d28494f19d6a5d759acf8d5f00ad9	gui/skins/default/images/profiles/alto.png	eef5a9c80237dc52fd96a25d6218049f88fb9811	presentation-assets	inventory only; no new wire semantics
BtExperience	b88cdac9665d28494f19d6a5d759acf8d5f00ad9	gui/skins/default/images/profiles/alto_dx.png	d9cf9b4179e3306621bca1b7a9e1089b0f0d84d7	presentation-assets	inventory only; no new wire semantics
BtExperience	b88cdac9665d28494f19d6a5d759acf8d5f00ad9	gui/skins/default/images/profiles/alto_sx.png	34755d6f446eacfa422edcdc1c414bc6f48adc1f	presentation-assets	inventory only; no new wire semantics
BtExperience	b88cdac9665d28494f19d6a5d759acf8d5f00ad9	gui/skins/default/images/profiles/basso.png	e05a9f1bc2f17d80aeacf2026f18079c2c0d5e5b	presentation-assets	inventory only; no new wire semantics
BtExperience	b88cdac9665d28494f19d6a5d759acf8d5f00ad9	gui/skins/default/images/profiles/basso_dx.png	0101c04d042fef03a9ec07bbf737e6873957c00b	presentation-assets	inventory only; no new wire semantics
BtExperience	b88cdac9665d28494f19d6a5d759acf8d5f00ad9	gui/skins/default/images/profiles/basso_sx.png	ef384a7ee1b2e63c13134baa45e0c0b00d8424a8	presentation-assets	inventory only; no new wire semantics
BtExperience	b88cdac9665d28494f19d6a5d759acf8d5f00ad9	gui/skins/default/images/profiles/card_shadow.png	00deb205bf367448eb95d19f67181fdfc7f9d2ac	presentation-assets	inventory only; no new wire semantics
BtExperience	b88cdac9665d28494f19d6a5d759acf8d5f00ad9	gui/skins/default/images/profiles/dx.png	f48285df99c7d6b8db69988bd6b04bfb1c8f5de3	presentation-assets	inventory only; no new wire semantics
BtExperience	b88cdac9665d28494f19d6a5d759acf8d5f00ad9	gui/skins/default/images/profiles/meteo.jpg	1cf4abd27b5dc7319491aaedf4b8f65c04b146da	presentation-assets	inventory only; no new wire semantics
BtExperience	b88cdac9665d28494f19d6a5d759acf8d5f00ad9	gui/skins/default/images/profiles/news.jpg	24c2e2f7e0c91b1c3c97dc71cdba6ed5414acae7	presentation-assets	inventory only; no new wire semantics
BtExperience	b88cdac9665d28494f19d6a5d759acf8d5f00ad9	gui/skins/default/images/profiles/scenario_quicklink.png	a035e83ad393b427ef79abaa63bbe25d183b354e	presentation-assets	inventory only; no new wire semantics
BtExperience	b88cdac9665d28494f19d6a5d759acf8d5f00ad9	gui/skins/default/images/profiles/scheda_preferiti.svg	fbadf9472975e965c9dc2bd6a7553beacac9cc01	presentation-assets	inventory only; no new wire semantics
BtExperience	b88cdac9665d28494f19d6a5d759acf8d5f00ad9	gui/skins/default/images/profiles/scheda_preferiti_P.svg	60ecbd4dd3878631d1c4622c38c028e449924388	presentation-assets	inventory only; no new wire semantics
BtExperience	b88cdac9665d28494f19d6a5d759acf8d5f00ad9	gui/skins/default/images/profiles/scheda_profili.svg	bdf052c3b3c22d14b051fc3a19c1ea296a3d288e	presentation-assets	inventory only; no new wire semantics
BtExperience	b88cdac9665d28494f19d6a5d759acf8d5f00ad9	gui/skins/default/images/profiles/scheda_profili_P.svg	b6121d62067849137436b28d7b0ae5c9f31dddb5	presentation-assets	inventory only; no new wire semantics
BtExperience	b88cdac9665d28494f19d6a5d759acf8d5f00ad9	gui/skins/default/images/profiles/sx.png	ad13b62fb01498c62cb8423526b49c96369b9712	presentation-assets	inventory only; no new wire semantics
BtExperience	b88cdac9665d28494f19d6a5d759acf8d5f00ad9	gui/skins/default/images/profiles/vde_quicklink.png	324464ffad9f19e2d14bb02a461a3eb581e48b1b	presentation-assets	inventory only; no new wire semantics
BtExperience	b88cdac9665d28494f19d6a5d759acf8d5f00ad9	gui/skins/default/images/profiles/web.jpg	118488b56254c2f7d372f67046a804b3f48301dc	presentation-assets	inventory only; no new wire semantics
BtExperience	b88cdac9665d28494f19d6a5d759acf8d5f00ad9	gui/skins/default/images/profiles/webcam.jpg	3eeba52a2b67170a2e62c098c0e6f8713fc1ba0e	presentation-assets	inventory only; no new wire semantics
BtExperience	b88cdac9665d28494f19d6a5d759acf8d5f00ad9	gui/skins/default/images/profiles/weblink_quicklink.png	65b83e305a069b8d0d2eafdb185850abe2003654	presentation-assets	inventory only; no new wire semantics
BtExperience	b88cdac9665d28494f19d6a5d759acf8d5f00ad9	gui/skins/default/images/rssreader/busy.png	664c2b1491498ee0158cb7674602265cc5f5c70c	presentation-assets	inventory only; no new wire semantics
BtExperience	b88cdac9665d28494f19d6a5d759acf8d5f00ad9	gui/skins/default/images/scenarios/bg_feedback.svg	01cc261633230b9c409d185f65455cf0fa663065	presentation-assets	inventory only; no new wire semantics
BtExperience	b88cdac9665d28494f19d6a5d759acf8d5f00ad9	gui/skins/default/images/scenarios/bg_ok_annulla.svg	c0cecb380ad2def5926cbf94dff3aa4067b38b55	presentation-assets	inventory only; no new wire semantics
BtExperience	b88cdac9665d28494f19d6a5d759acf8d5f00ad9	gui/skins/default/images/scenarios/bg_testo.svg	52fe184051734541abd7d8d5f45672e3dbba1052	presentation-assets	inventory only; no new wire semantics
BtExperience	b88cdac9665d28494f19d6a5d759acf8d5f00ad9	gui/skins/default/images/scenarios/bg_titolo.svg	3a852289344e28aa303ac1f55e4df64c19e76c22	presentation-assets	inventory only; no new wire semantics
BtExperience	b88cdac9665d28494f19d6a5d759acf8d5f00ad9	gui/skins/default/images/scenarios/ico_error.svg	e08fcc0bcc30594a9e65e4b50100cde4357e829b	presentation-assets	inventory only; no new wire semantics
BtExperience	b88cdac9665d28494f19d6a5d759acf8d5f00ad9	gui/skins/default/images/scenarios/ico_ok.svg	241670ec0b5986fc6fc26cd6b7298f10e80b45d5	presentation-assets	inventory only; no new wire semantics
BtExperience	b88cdac9665d28494f19d6a5d759acf8d5f00ad9	gui/skins/default/images/sound_diffusion/bg_15stazioni_radio.svg	d0f89f26c7f702d6c47e1090545ffc342a71ceed	presentation-assets	inventory only; no new wire semantics
BtExperience	b88cdac9665d28494f19d6a5d759acf8d5f00ad9	gui/skins/default/images/sound_diffusion/bg_5stazioni_radio.svg	57ddb2d89eb1f5a951b4def6e833f0ae9055c7db	presentation-assets	inventory only; no new wire semantics
BtExperience	b88cdac9665d28494f19d6a5d759acf8d5f00ad9	gui/skins/default/images/sound_diffusion/bg_numero_radio.svg	664ef27f10acdf6317d1e5aad9527926fa39f728	presentation-assets	inventory only; no new wire semantics
BtExperience	b88cdac9665d28494f19d6a5d759acf8d5f00ad9	gui/skins/default/images/sound_diffusion/bg_player.svg	11caedb00e6ae9fe152a44601bee3c2ace0724cb	presentation-assets	inventory only; no new wire semantics
BtExperience	b88cdac9665d28494f19d6a5d759acf8d5f00ad9	gui/skins/default/images/sound_diffusion/bg_testo.svg	311139c78a27661916c405a700c87f2400b8e463	presentation-assets	inventory only; no new wire semantics
BtExperience	b88cdac9665d28494f19d6a5d759acf8d5f00ad9	gui/skins/default/images/sound_diffusion/btn_37x45.svg	3a43c05916876cd3df3f877def9f97c3864ce729	presentation-assets	inventory only; no new wire semantics
BtExperience	b88cdac9665d28494f19d6a5d759acf8d5f00ad9	gui/skins/default/images/sound_diffusion/btn_37x45_P.svg	66b01cb3201ef5a50b4dbbe0d24154dae4a26738	presentation-assets	inventory only; no new wire semantics
BtExperience	b88cdac9665d28494f19d6a5d759acf8d5f00ad9	gui/skins/default/images/sound_diffusion/btn_37x45_S.svg	1969ae4b1593b82b751c8100ef6fc5c3886d3682	presentation-assets	inventory only; no new wire semantics
BtExperience	b88cdac9665d28494f19d6a5d759acf8d5f00ad9	gui/skins/default/images/sound_diffusion/btn_37x45_shadow.svg	691b636229e2c75430bba2990c44c7ab4ce6a4cc	presentation-assets	inventory only; no new wire semantics
BtExperience	b88cdac9665d28494f19d6a5d759acf8d5f00ad9	gui/skins/default/images/sound_diffusion/btn_45x35.svg	984537ebb46ce62cab3c1675c35aafe2006eb13d	presentation-assets	inventory only; no new wire semantics
BtExperience	b88cdac9665d28494f19d6a5d759acf8d5f00ad9	gui/skins/default/images/sound_diffusion/btn_45x35_P.svg	97557784d9aa03d5edd1964770a90bc968bd10cb	presentation-assets	inventory only; no new wire semantics
BtExperience	b88cdac9665d28494f19d6a5d759acf8d5f00ad9	gui/skins/default/images/sound_diffusion/btn_45x35_shadow.svg	4fd1156d7283a724386131dca9426ef43b8bb55f	presentation-assets	inventory only; no new wire semantics
BtExperience	b88cdac9665d28494f19d6a5d759acf8d5f00ad9	gui/skins/default/images/sound_diffusion/btn_file.svg	f60470f64d750df8bfe07977538b0abfd80d734f	presentation-assets	inventory only; no new wire semantics
BtExperience	b88cdac9665d28494f19d6a5d759acf8d5f00ad9	gui/skins/default/images/sound_diffusion/btn_file_P.svg	fd3008a0e3e6c6521509a4ae644f4d98e1baccb5	presentation-assets	inventory only; no new wire semantics
BtExperience	b88cdac9665d28494f19d6a5d759acf8d5f00ad9	gui/skins/default/images/sound_diffusion/btn_file_shadow.svg	b9eb4058c9721ad1b219f0dd9315ba3604a816d3	presentation-assets	inventory only; no new wire semantics
BtExperience	b88cdac9665d28494f19d6a5d759acf8d5f00ad9	gui/skins/default/images/sound_diffusion/ico_apri_cartella.svg	33535fa226e3cd3ba14c938f45254b002bf884e6	presentation-assets	inventory only; no new wire semantics
BtExperience	b88cdac9665d28494f19d6a5d759acf8d5f00ad9	gui/skins/default/images/sound_diffusion/ico_apri_cartella_P.svg	ab6e2394093996719aff590889844a2cf9bb617c	presentation-assets	inventory only; no new wire semantics
BtExperience	b88cdac9665d28494f19d6a5d759acf8d5f00ad9	gui/skins/default/images/sound_diffusion/ico_avanti.svg	d0c6388aa2f677ceb031e8762ce96a1d91745923	presentation-assets	inventory only; no new wire semantics
BtExperience	b88cdac9665d28494f19d6a5d759acf8d5f00ad9	gui/skins/default/images/sound_diffusion/ico_avanti_P.svg	b247738a45b927d05ceaa4311cf4aa80a7e90b00	presentation-assets	inventory only; no new wire semantics
BtExperience	b88cdac9665d28494f19d6a5d759acf8d5f00ad9	gui/skins/default/images/sound_diffusion/ico_back.svg	656b7212445326b670be21d033a69a7c9a310a73	presentation-assets	inventory only; no new wire semantics
BtExperience	b88cdac9665d28494f19d6a5d759acf8d5f00ad9	gui/skins/default/images/sound_diffusion/ico_back_P.svg	fb64ee9b0a385ddecc98daa3a17a498dd55a357c	presentation-assets	inventory only; no new wire semantics
BtExperience	b88cdac9665d28494f19d6a5d759acf8d5f00ad9	gui/skins/default/images/sound_diffusion/ico_file_audio.svg	f845608a26d6dd5488ea798e21949d8bb74ba33a	presentation-assets	inventory only; no new wire semantics
BtExperience	b88cdac9665d28494f19d6a5d759acf8d5f00ad9	gui/skins/default/images/sound_diffusion/ico_file_audio_P.svg	ab358dee88df2f6b926918452f81db4a921044ba	presentation-assets	inventory only; no new wire semantics
BtExperience	b88cdac9665d28494f19d6a5d759acf8d5f00ad9	gui/skins/default/images/sound_diffusion/ico_indietro.svg	cce5f184b23298334b5ffab31754f493c56c4195	presentation-assets	inventory only; no new wire semantics
BtExperience	b88cdac9665d28494f19d6a5d759acf8d5f00ad9	gui/skins/default/images/sound_diffusion/ico_indietro_P.svg	802db75024d4cb57fe775162ef108701a0575745	presentation-assets	inventory only; no new wire semantics
BtExperience	b88cdac9665d28494f19d6a5d759acf8d5f00ad9	gui/skins/default/images/sound_diffusion/ico_pause.svg	7777196d0e77ed820ad8b08a0e6ed3349ed602ef	presentation-assets	inventory only; no new wire semantics
BtExperience	b88cdac9665d28494f19d6a5d759acf8d5f00ad9	gui/skins/default/images/sound_diffusion/ico_pause_P.svg	c60e16b3e5efda1baf868453467835a0badd1340	presentation-assets	inventory only; no new wire semantics
BtExperience	b88cdac9665d28494f19d6a5d759acf8d5f00ad9	gui/skins/default/images/sound_diffusion/ico_play.svg	1af86b80eaa58825e956cdcb57716c70655c5668	presentation-assets	inventory only; no new wire semantics
BtExperience	b88cdac9665d28494f19d6a5d759acf8d5f00ad9	gui/skins/default/images/sound_diffusion/ico_play_P.svg	37dd6eafa69b09682f31d43a3cf98ca120b6ec42	presentation-assets	inventory only; no new wire semantics
BtExperience	b88cdac9665d28494f19d6a5d759acf8d5f00ad9	gui/skins/default/images/termo/4-zone_temporizzato/bg_comando-ora.svg	9cab25e09032a019f34bf0411a6df49c7b270f14	presentation-assets	inventory only; no new wire semantics
BtExperience	b88cdac9665d28494f19d6a5d759acf8d5f00ad9	gui/skins/default/images/termo/4-zone_temporizzato/bg_imposta-ora.svg	ccf5b775e295ad95dcac515287fb63e18bc7a928	presentation-assets	inventory only; no new wire semantics
BtExperience	b88cdac9665d28494f19d6a5d759acf8d5f00ad9	gui/skins/default/images/termo/comando_data-ora/bg_comando_data-ora.svg	ff32099c2317f0dda82ac1b6cd43a54b561ef60a	presentation-assets	inventory only; no new wire semantics
BtExperience	b88cdac9665d28494f19d6a5d759acf8d5f00ad9	gui/skins/default/images/termo/imposta_data-ora/ico_imposta_data-ora.svg	58da88887b60cbc8fe11274a76d7d8287ccf53ff	presentation-assets	inventory only; no new wire semantics
BtExperience	b88cdac9665d28494f19d6a5d759acf8d5f00ad9	gui/skins/default/images/termo/imposta_data-ora/ico_imposta_data-ora_P.svg	5f5f49144004e70972ce09d9b5af93779d05cac2	presentation-assets	inventory only; no new wire semantics
BtExperience	b88cdac9665d28494f19d6a5d759acf8d5f00ad9	gui/skins/default/images/termo/temperatura/bg_temperatura_misurata.svg	da5b37f59ef6bf354cb26c30502d515653d37149	presentation-assets	inventory only; no new wire semantics
BtExperience	b88cdac9665d28494f19d6a5d759acf8d5f00ad9	gui/skins/default/images/toolbar/_bg_alert.svg	f6703e17e705a5ce397c3f9c33773db2f5da9ee9	presentation-assets	inventory only; no new wire semantics
BtExperience	b88cdac9665d28494f19d6a5d759acf8d5f00ad9	gui/skins/default/images/toolbar/_bg_alert_pressed.svg	0d06bb2eec8af38b6bc1c5969962a99efd6c2155	presentation-assets	inventory only; no new wire semantics
BtExperience	b88cdac9665d28494f19d6a5d759acf8d5f00ad9	gui/skins/default/images/toolbar/_bg_date.svg	a4ca7fcfdacba020c741db1ca39595284c39d6cb	presentation-assets	inventory only; no new wire semantics
BtExperience	b88cdac9665d28494f19d6a5d759acf8d5f00ad9	gui/skins/default/images/toolbar/_bg_date_pressed.svg	d4071dd5434c31b6b8f0a0a6b6cb466808456c6d	presentation-assets	inventory only; no new wire semantics
BtExperience	b88cdac9665d28494f19d6a5d759acf8d5f00ad9	gui/skins/default/images/toolbar/_bg_time.svg	b9f97cc4e91c589a99f28b2029d0f551770ed9d4	presentation-assets	inventory only; no new wire semantics
BtExperience	b88cdac9665d28494f19d6a5d759acf8d5f00ad9	gui/skins/default/images/toolbar/_bg_time_pressed.svg	7cae3c74a274dec403a08e1eaed0d7904fcdc5ed	presentation-assets	inventory only; no new wire semantics
BtExperience	b88cdac9665d28494f19d6a5d759acf8d5f00ad9	gui/skins/default/images/toolbar/bg_counter.svg	3816463efccf757cf403e833993c1bffcf0d13f1	presentation-assets	inventory only; no new wire semantics
BtExperience	b88cdac9665d28494f19d6a5d759acf8d5f00ad9	gui/skins/default/images/toolbar/bg_home.svg	9284444426bd90c804cce2846455aae93d875d14	presentation-assets	inventory only; no new wire semantics
BtExperience	b88cdac9665d28494f19d6a5d759acf8d5f00ad9	gui/skins/default/images/toolbar/bg_home_pressed.svg	8e5e745981310172e154d7bd8b95ce6a64d8678a	presentation-assets	inventory only; no new wire semantics
BtExperience	b88cdac9665d28494f19d6a5d759acf8d5f00ad9	gui/skins/default/images/toolbar/help_online.svg	0c79aee8b6a56b90156e5c9da2aa49aa96265c23	presentation-assets	inventory only; no new wire semantics
BtExperience	b88cdac9665d28494f19d6a5d759acf8d5f00ad9	gui/skins/default/images/toolbar/help_online_p.svg	2476fde6492f823bc75325229becb8331192b694	presentation-assets	inventory only; no new wire semantics
BtExperience	b88cdac9665d28494f19d6a5d759acf8d5f00ad9	gui/skins/default/images/toolbar/icon_alarm-clock.svg	5571c61db76e6222252b908fe7edcb15f8938093	presentation-assets	inventory only; no new wire semantics
BtExperience	b88cdac9665d28494f19d6a5d759acf8d5f00ad9	gui/skins/default/images/toolbar/icon_alarm-clock_p.svg	ed5d5400e2cfa538523a6f6ba7d8aa543b0d04f4	presentation-assets	inventory only; no new wire semantics
BtExperience	b88cdac9665d28494f19d6a5d759acf8d5f00ad9	gui/skins/default/images/toolbar/icon_alarm-disabled.svg	522fa95d3a4f087b211ba82158725499dbd2929e	presentation-assets	inventory only; no new wire semantics
BtExperience	b88cdac9665d28494f19d6a5d759acf8d5f00ad9	gui/skins/default/images/toolbar/icon_alarm-disabled_p.svg	2e02329a5b7c7b0d60ecc35b7ef29dd3fdfa8678	presentation-assets	inventory only; no new wire semantics
BtExperience	b88cdac9665d28494f19d6a5d759acf8d5f00ad9	gui/skins/default/images/toolbar/icon_alarm.svg	30648e4fd4396e9ddb15dd16b49ab594311ee606	presentation-assets	inventory only; no new wire semantics
BtExperience	b88cdac9665d28494f19d6a5d759acf8d5f00ad9	gui/skins/default/images/toolbar/icon_alarm_p.svg	ba7de11ab32f10d1d0fcded6d43487c9d4914a8d	presentation-assets	inventory only; no new wire semantics
BtExperience	b88cdac9665d28494f19d6a5d759acf8d5f00ad9	gui/skins/default/images/toolbar/icon_audio-source-on.svg	f54111d2a4f54aef9fe4004b2ea99e72cc9ba34b	presentation-assets	inventory only; no new wire semantics
BtExperience	b88cdac9665d28494f19d6a5d759acf8d5f00ad9	gui/skins/default/images/toolbar/icon_audio-source-on_p.svg	bc6033f1a0245f7b194eb3c78123be1ef407a348	presentation-assets	inventory only; no new wire semantics
BtExperience	b88cdac9665d28494f19d6a5d759acf8d5f00ad9	gui/skins/default/images/toolbar/icon_burlgar-alarm-on.svg	402554d0c0ba8d5208b15eb1e4554bd4f6eff7ae	presentation-assets	inventory only; no new wire semantics
BtExperience	b88cdac9665d28494f19d6a5d759acf8d5f00ad9	gui/skins/default/images/toolbar/icon_burlgar-alarm-on_p.svg	5f82d800f2555b0c261a82a8e7e6dca025e40d2d	presentation-assets	inventory only; no new wire semantics
BtExperience	b88cdac9665d28494f19d6a5d759acf8d5f00ad9	gui/skins/default/images/toolbar/icon_energy.svg	2259f4de4b9cf6e679caff49c33f62c699227878	presentation-assets	inventory only; no new wire semantics
BtExperience	b88cdac9665d28494f19d6a5d759acf8d5f00ad9	gui/skins/default/images/toolbar/icon_energy_p.svg	d8d29c3af28a799536e899d5859d465976875386	presentation-assets	inventory only; no new wire semantics
BtExperience	b88cdac9665d28494f19d6a5d759acf8d5f00ad9	gui/skins/default/images/toolbar/icon_home.svg	9204a5c3fdbd6373c41e838ab8f70106b6af61ff	presentation-assets	inventory only; no new wire semantics
BtExperience	b88cdac9665d28494f19d6a5d759acf8d5f00ad9	gui/skins/default/images/toolbar/icon_home_pressed.svg	0bcdf6b647efa817b6885d70810fd21589490d90	presentation-assets	inventory only; no new wire semantics
BtExperience	b88cdac9665d28494f19d6a5d759acf8d5f00ad9	gui/skins/default/images/toolbar/icon_new-message.svg	0bb78ca67bceedd57f10015a33b457c3e0b0847c	presentation-assets	inventory only; no new wire semantics
BtExperience	b88cdac9665d28494f19d6a5d759acf8d5f00ad9	gui/skins/default/images/toolbar/icon_new-message_p.svg	8f9b37275c0950efc42cf2fd2e1d8b5596fa0eb5	presentation-assets	inventory only; no new wire semantics
BtExperience	b88cdac9665d28494f19d6a5d759acf8d5f00ad9	gui/skins/default/images/toolbar/icon_scenario-recording.svg	0e1bc6788dcf297ab91f82cb985012c66702c3bf	presentation-assets	inventory only; no new wire semantics
BtExperience	b88cdac9665d28494f19d6a5d759acf8d5f00ad9	gui/skins/default/images/toolbar/icon_scenario-recording_p.svg	4714468e6a88e957571eb3f67d3ce2e985af7a76	presentation-assets	inventory only; no new wire semantics
BtExperience	b88cdac9665d28494f19d6a5d759acf8d5f00ad9	gui/skins/default/images/toolbar/icon_source-audio-mute.svg	4814a00f81baad61966902756560326c7cbfe722	presentation-assets	inventory only; no new wire semantics
BtExperience	b88cdac9665d28494f19d6a5d759acf8d5f00ad9	gui/skins/default/images/toolbar/icon_source-audio-mute_p.svg	0d59d4bd27728f85ff63581975ae0250840b85ff	presentation-assets	inventory only; no new wire semantics
BtExperience	b88cdac9665d28494f19d6a5d759acf8d5f00ad9	gui/skins/default/images/toolbar/icon_source-play.svg	d0f18631197e0d2adc26ddfd531255f76065fb4f	presentation-assets	inventory only; no new wire semantics
BtExperience	b88cdac9665d28494f19d6a5d759acf8d5f00ad9	gui/skins/default/images/toolbar/icon_source-play_p.svg	e4ec5b82013661a5951bae0e6b7edf18242ccb99	presentation-assets	inventory only; no new wire semantics
BtExperience	b88cdac9665d28494f19d6a5d759acf8d5f00ad9	gui/skins/default/images/toolbar/icon_teleloop.svg	c2819023c10669be6275c014d6c265b0e6e3dcbe	presentation-assets	inventory only; no new wire semantics
BtExperience	b88cdac9665d28494f19d6a5d759acf8d5f00ad9	gui/skins/default/images/toolbar/icon_teleloop_p.svg	a028210c2f1b23f5a4aa55bfb85a49337e664ff7	presentation-assets	inventory only; no new wire semantics
BtExperience	b88cdac9665d28494f19d6a5d759acf8d5f00ad9	gui/skins/default/images/toolbar/icon_vde-auto-answer.svg	99196d21361c83915378eaf57f2747dbdef8a36e	presentation-assets	inventory only; no new wire semantics
BtExperience	b88cdac9665d28494f19d6a5d759acf8d5f00ad9	gui/skins/default/images/toolbar/icon_vde-auto-answer_p.svg	2fbb949ff3fd662dc67378494bf9d022b7d42fff	presentation-assets	inventory only; no new wire semantics
BtExperience	b88cdac9665d28494f19d6a5d759acf8d5f00ad9	gui/skins/default/images/toolbar/icon_vde-auto-open.svg	44099d469be41dd90990311aed7fd9177eca8fa7	presentation-assets	inventory only; no new wire semantics
BtExperience	b88cdac9665d28494f19d6a5d759acf8d5f00ad9	gui/skins/default/images/toolbar/icon_vde-auto-open_p.svg	bde5b71addcc80b457fddaf3c4f1de2c46622b3c	presentation-assets	inventory only; no new wire semantics
BtExperience	b88cdac9665d28494f19d6a5d759acf8d5f00ad9	gui/skins/default/images/toolbar/icon_vde-mute.svg	32bf24b854780b8ebf41c8accd6a2531729c1762	presentation-assets	inventory only; no new wire semantics
BtExperience	b88cdac9665d28494f19d6a5d759acf8d5f00ad9	gui/skins/default/images/toolbar/icon_vde-mute_p.svg	538e06d7c645543c91335598504865e719811d6b	presentation-assets	inventory only; no new wire semantics
BtExperience	b88cdac9665d28494f19d6a5d759acf8d5f00ad9	gui/skins/default/images/toolbar/toolbar_bg_bottom.svg	80af7f17787b58de67ebae3e42822d10db3847fa	presentation-assets	inventory only; no new wire semantics
BtExperience	b88cdac9665d28494f19d6a5d759acf8d5f00ad9	gui/skins/default/images/toolbar/toolbar_bg_top.svg	7df0145d4d98503fee773f07e009e9f52788c9e5	presentation-assets	inventory only; no new wire semantics
BtExperience	b88cdac9665d28494f19d6a5d759acf8d5f00ad9	gui/skins/default/images/toolbar/toolbar_bg_top_dark.svg	1585720ee969137d39691d7d0a41a830e37b3e33	presentation-assets	inventory only; no new wire semantics
BtExperience	b88cdac9665d28494f19d6a5d759acf8d5f00ad9	gui/skins/default/images/toolbar/toolbar_separator.svg	12ec2c854b5656ad1acfa0f2905797523dface0f	presentation-assets	inventory only; no new wire semantics
BtExperience	b88cdac9665d28494f19d6a5d759acf8d5f00ad9	gui/skins/default/js/CustomView.js	9bfedb2107b9d1bf74e5a6e17d90df80235ac144	application-presentation	API and literal-frame boundary scan; no generic wire rules inferred
BtExperience	b88cdac9665d28494f19d6a5d759acf8d5f00ad9	gui/skins/default/js/EventManager.js	0c986342e16db795501f1ef5b482cd83696358b9	application-presentation	API and literal-frame boundary scan; no generic wire rules inferred
BtExperience	b88cdac9665d28494f19d6a5d759acf8d5f00ad9	gui/skins/default/js/LoadManagement.js	51d714b069622036f7c08000553e65f68bdc006e	application-presentation	API and literal-frame boundary scan; no generic wire rules inferred
BtExperience	b88cdac9665d28494f19d6a5d759acf8d5f00ad9	gui/skins/default/js/MainContainer.js	08231aa11957734f932b2ce6bd60057f0a73face	application-presentation	API and literal-frame boundary scan; no generic wire rules inferred
BtExperience	b88cdac9665d28494f19d6a5d759acf8d5f00ad9	gui/skins/default/js/MediaItem.js	7a3525b56a6a209930f6d68113f062c6d2e6c189	application-presentation	API and literal-frame boundary scan; no generic wire rules inferred
BtExperience	b88cdac9665d28494f19d6a5d759acf8d5f00ad9	gui/skins/default/js/MediaPlayerHelper.js	5346f12e1c6bd88bd051d1821dad29c1c6cec0fb	application-presentation	API and literal-frame boundary scan; no generic wire rules inferred
BtExperience	b88cdac9665d28494f19d6a5d759acf8d5f00ad9	gui/skins/default/js/MenuContainer.js	cbe00c6db432c59f2e84371df218d7e106a698e2	application-presentation	API and literal-frame boundary scan; no generic wire rules inferred
BtExperience	b88cdac9665d28494f19d6a5d759acf8d5f00ad9	gui/skins/default/js/MenuItem.js	3e90589386f5e756397ea6f3405ea2d8118930d1	application-presentation	API and literal-frame boundary scan; no generic wire rules inferred
BtExperience	b88cdac9665d28494f19d6a5d759acf8d5f00ad9	gui/skins/default/js/RoomView.js	7e19fcd6cdc8159b9f349fe675487314f5762ba5	application-presentation	API and literal-frame boundary scan; no generic wire rules inferred
BtExperience	b88cdac9665d28494f19d6a5d759acf8d5f00ad9	gui/skins/default/js/Stack.js	85f00d47cc0a51d4a1b0c8da119bb579eca74d2c	application-presentation	API and literal-frame boundary scan; no generic wire rules inferred
BtExperience	b88cdac9665d28494f19d6a5d759acf8d5f00ad9	gui/skins/default/js/Systems.js	c172ca2748b995b7803d820e5b12f7b44121f90f	application-presentation	API and literal-frame boundary scan; no generic wire rules inferred
BtExperience	b88cdac9665d28494f19d6a5d759acf8d5f00ad9	gui/skins/default/js/anchorspositioning.js	c43503988d0f558c0df54d50ca64e8f0eb131084	application-presentation	API and literal-frame boundary scan; no generic wire rules inferred
BtExperience	b88cdac9665d28494f19d6a5d759acf8d5f00ad9	gui/skins/default/js/array.js	a7c0a4233738328ca9992ab91b0160b6d0857e09	application-presentation	API and literal-frame boundary scan; no generic wire rules inferred
BtExperience	b88cdac9665d28494f19d6a5d759acf8d5f00ad9	gui/skins/default/js/datetime.js	fbe0cf8972ca18f9d2626bfa527ba8999b2e9543	application-presentation	API and literal-frame boundary scan; no generic wire rules inferred
BtExperience	b88cdac9665d28494f19d6a5d759acf8d5f00ad9	gui/skins/default/js/default.js	93a0c89f746e89363fbdc687d4b84187092ced0e	application-presentation	API and literal-frame boundary scan; no generic wire rules inferred
BtExperience	b88cdac9665d28494f19d6a5d759acf8d5f00ad9	gui/skins/default/js/formatting.js	54f7dce81cce98dde6baddebd376c91ac6e9f6b8	application-presentation	API and literal-frame boundary scan; no generic wire rules inferred
BtExperience	b88cdac9665d28494f19d6a5d759acf8d5f00ad9	gui/skins/default/js/logging.js	e4fcb61431739da01034e95a08811dfee9031126	application-presentation	API and literal-frame boundary scan; no generic wire rules inferred
BtExperience	b88cdac9665d28494f19d6a5d759acf8d5f00ad9	gui/skins/default/js/navigation.js	bc91eb80cf010c7776efc9ffdb9c319b17b4895a	application-presentation	API and literal-frame boundary scan; no generic wire rules inferred
BtExperience	b88cdac9665d28494f19d6a5d759acf8d5f00ad9	gui/skins/default/js/navigationconstants.js	4329d82ff2fc768e7a12a056aa3f1df995832d95	application-presentation	API and literal-frame boundary scan; no generic wire rules inferred
BtExperience	b88cdac9665d28494f19d6a5d759acf8d5f00ad9	gui/skins/default/js/popup.js	30a60dc1028592bf990d5fea80d1bb012d51158b	application-presentation	API and literal-frame boundary scan; no generic wire rules inferred
BtExperience	b88cdac9665d28494f19d6a5d759acf8d5f00ad9	gui/skins/default/main.qml	7812693b35cdab2ec06217b595b69664307a7906	application-presentation	API and literal-frame boundary scan; no generic wire rules inferred
BtExperience	b88cdac9665d28494f19d6a5d759acf8d5f00ad9	gui/test/test_page_menu_navigation.txt	92d87963c9fc7c8d52b26d5b91d20402f6479ec4	tests-and-manual-cases	test inventory indexed; applicable assertions checked against implementation
BtExperience	b88cdac9665d28494f19d6a5d759acf8d5f00ad9	gui/test/test_pages.txt	0592648e21182dc5d0d477a681e655b1c2188d7f	tests-and-manual-cases	test inventory indexed; applicable assertions checked against implementation
BtExperience	b88cdac9665d28494f19d6a5d759acf8d5f00ad9	gui/test/test_popup.txt	29278f7e5799aedf7f8be5724b32739db1e4afa2	tests-and-manual-cases	test inventory indexed; applicable assertions checked against implementation
BtExperience	b88cdac9665d28494f19d6a5d759acf8d5f00ad9	gui/watchdog.cpp	aa7adbd4d0967b81e02476e79838806f6bcddea4	gui-and-local-integration	API and literal-frame boundary scan
BtExperience	b88cdac9665d28494f19d6a5d759acf8d5f00ad9	gui/watchdog.h	26b146adaf0bef5234f8bc05cf0b662c6d83c4da	gui-and-local-integration	API and literal-frame boundary scan
BtExperience	b88cdac9665d28494f19d6a5d759acf8d5f00ad9	hwtest.pri	b9e32538952b6eac93e2a74ff2980eb42a8ec4a8	packaging-and-documentation	boundary inventory; not a protocol source by itself
BtExperience	b88cdac9665d28494f19d6a5d759acf8d5f00ad9	install_bt	9c2364f75564beb20085d95bd23ae80701644032	packaging-and-documentation	boundary inventory; not a protocol source by itself
BtExperience	b88cdac9665d28494f19d6a5d759acf8d5f00ad9	monitor_read_extractor.py	5ab246d53da16a578c4202b12b69b906026405c4	packaging-and-documentation	boundary inventory; not a protocol source by itself
libqtdevices	736f41c4df17d8782f15b441c59bdf72a56f56ed	.gitignore	b18c34aa53858d5bff9e62296aeefbd9b2f6f6bf	shared-and-build-support	boundary review; no independent protocol registry
libqtdevices	736f41c4df17d8782f15b441c59bdf72a56f56ed	airconditioning_device.cpp	5fc4229c8f6f7b9a5d012b289c323e54c44fb2ff	functional-devices	semantic subsystem review
libqtdevices	736f41c4df17d8782f15b441c59bdf72a56f56ed	airconditioning_device.h	afb7e727336abcf14024fd625c90b4b6f1a01432	functional-devices	semantic subsystem review
libqtdevices	736f41c4df17d8782f15b441c59bdf72a56f56ed	antintrusion_device.cpp	4f4582122975ca27fdd30712becf827ab39ebee8	functional-devices	semantic subsystem review
libqtdevices	736f41c4df17d8782f15b441c59bdf72a56f56ed	antintrusion_device.h	73607652aa8c88427c04455b258e2676f82898aa	functional-devices	semantic subsystem review
libqtdevices	736f41c4df17d8782f15b441c59bdf72a56f56ed	automation_device.cpp	77ac8b0d7dd10868d46970abe7a1db792680822c	functional-devices	semantic subsystem review
libqtdevices	736f41c4df17d8782f15b441c59bdf72a56f56ed	automation_device.h	6808b0596578b34beebfea594f6cb08871a35ad1	functional-devices	semantic subsystem review
libqtdevices	736f41c4df17d8782f15b441c59bdf72a56f56ed	bacnet_device.cpp	53722f4d5b6090e95a11d35415b8c3cc9ff11911	functional-devices	semantic subsystem review
libqtdevices	736f41c4df17d8782f15b441c59bdf72a56f56ed	bacnet_device.h	7432acfbeff70e1002bbd6cde9027c0dabe9f35c	functional-devices	semantic subsystem review
libqtdevices	736f41c4df17d8782f15b441c59bdf72a56f56ed	bttime.cpp	ba8480a9107d45124889d537b8283d019db59cf6	shared-and-build-support	boundary review; no independent protocol registry
libqtdevices	736f41c4df17d8782f15b441c59bdf72a56f56ed	bttime.h	9630fa7814cff9d87dab3b5b5f68bc78d2507918	shared-and-build-support	boundary review; no independent protocol registry
libqtdevices	736f41c4df17d8782f15b441c59bdf72a56f56ed	definitions.cpp	2ea1508bde94c780c4db559a84baf9b4c2131df1	shared-and-build-support	boundary review; no independent protocol registry
libqtdevices	736f41c4df17d8782f15b441c59bdf72a56f56ed	definitions.h	72742104c9af730791bd6ad161e6d1bc5a4149f7	shared-and-build-support	boundary review; no independent protocol registry
libqtdevices	736f41c4df17d8782f15b441c59bdf72a56f56ed	delayedslotcaller.cpp	0a71c7732d91eda4f5d31498be7fabc3bbe7fee0	shared-and-build-support	boundary review; no independent protocol registry
libqtdevices	736f41c4df17d8782f15b441c59bdf72a56f56ed	delayedslotcaller.h	78aed81fc6e2e170cf62cc71e1da470461b99d6f	shared-and-build-support	boundary review; no independent protocol registry
libqtdevices	736f41c4df17d8782f15b441c59bdf72a56f56ed	device.cpp	2f82278953d857d71f286d027347eac5b7a3d44c	transport-and-state	semantic subsystem review
libqtdevices	736f41c4df17d8782f15b441c59bdf72a56f56ed	device.h	c6b8b94c7fb45c325f971200e0837f5af78a1a53	transport-and-state	semantic subsystem review
libqtdevices	736f41c4df17d8782f15b441c59bdf72a56f56ed	devices_cache.cpp	10f794808a6242bd29dfba363872bbe8e832a2d6	transport-and-state	semantic subsystem review
libqtdevices	736f41c4df17d8782f15b441c59bdf72a56f56ed	devices_cache.h	3e8a93af20b0b1bc01cce55b5d2f65e3ea630ba6	transport-and-state	semantic subsystem review
libqtdevices	736f41c4df17d8782f15b441c59bdf72a56f56ed	energy_device.cpp	d701e6733ece58cc2ca5fc9d54ec32cabb812d42	functional-devices	semantic subsystem review
libqtdevices	736f41c4df17d8782f15b441c59bdf72a56f56ed	energy_device.h	854c3d0b06288869e62bd2bb0caef11b442ab447	functional-devices	semantic subsystem review
libqtdevices	736f41c4df17d8782f15b441c59bdf72a56f56ed	frame_classes.cpp	ff102c97e7c1bc83baac6cc3df1fa9df47f41345	transport-and-state	semantic subsystem review
libqtdevices	736f41c4df17d8782f15b441c59bdf72a56f56ed	frame_classes.h	f8391d61cd3d10fb8e1ed643dd3da969be6f54c9	transport-and-state	semantic subsystem review
libqtdevices	736f41c4df17d8782f15b441c59bdf72a56f56ed	frame_functions.cpp	3d02bd5c4761775d35afc127c69d4d76be630fca	transport-and-state	semantic subsystem review
libqtdevices	736f41c4df17d8782f15b441c59bdf72a56f56ed	frame_functions.h	2f72eaaaf58a01f6f24771f3bbe0404fefa87a34	transport-and-state	semantic subsystem review
libqtdevices	736f41c4df17d8782f15b441c59bdf72a56f56ed	libqtdevices.pro	8aa809c513d8c31cc1afc727ea93ef155bb5485f	shared-and-build-support	boundary review; no independent protocol registry
libqtdevices	736f41c4df17d8782f15b441c59bdf72a56f56ed	lighting_device.cpp	7ee9b39d687fe316d3bfe23ffb01019075d6697c	functional-devices	semantic subsystem review
libqtdevices	736f41c4df17d8782f15b441c59bdf72a56f56ed	lighting_device.h	5fe9e7781621dab3dfefc9fd1a52213c06f5f160	functional-devices	semantic subsystem review
libqtdevices	736f41c4df17d8782f15b441c59bdf72a56f56ed	loads_device.cpp	a9292c6096d0818e0012f1b0f0a8acc8cbcd788e	functional-devices	semantic subsystem review
libqtdevices	736f41c4df17d8782f15b441c59bdf72a56f56ed	loads_device.h	085dc66fc947023499390ec976c6c60f88d6c6ea	functional-devices	semantic subsystem review
libqtdevices	736f41c4df17d8782f15b441c59bdf72a56f56ed	media_device.cpp	73cf7c4b0869e02f702b7ed4d5a27d3eebe00730	functional-devices	semantic subsystem review
libqtdevices	736f41c4df17d8782f15b441c59bdf72a56f56ed	media_device.h	584978eb13cfedb19be09cc09714db75d0e82fb0	functional-devices	semantic subsystem review
libqtdevices	736f41c4df17d8782f15b441c59bdf72a56f56ed	message_device.cpp	fdbb649c3b00f57887d86d6e291a26c6e5fcaa5b	functional-devices	semantic subsystem review
libqtdevices	736f41c4df17d8782f15b441c59bdf72a56f56ed	message_device.h	9eda132f8db308d45b3151c120db9c0b2c02e291	functional-devices	semantic subsystem review
libqtdevices	736f41c4df17d8782f15b441c59bdf72a56f56ed	openclient.cpp	132931f2e452c9adb6bf9d926b5f02baaa613b89	transport-and-state	semantic subsystem review
libqtdevices	736f41c4df17d8782f15b441c59bdf72a56f56ed	openclient.h	f0a75555ea0d0882f1954d685736792a39acfe49	transport-and-state	semantic subsystem review
libqtdevices	736f41c4df17d8782f15b441c59bdf72a56f56ed	platform_device.cpp	b1f5cd21b0018f81efbe935429a212cf216c922e	functional-devices	semantic subsystem review
libqtdevices	736f41c4df17d8782f15b441c59bdf72a56f56ed	platform_device.h	af901d4f676bb3b7118c863210be7155e6011bca	functional-devices	semantic subsystem review
libqtdevices	736f41c4df17d8782f15b441c59bdf72a56f56ed	probe_device.cpp	dd95c98e2cce9662fd3ff9ebb2ade1af5ecf307f	functional-devices	semantic subsystem review
libqtdevices	736f41c4df17d8782f15b441c59bdf72a56f56ed	probe_device.h	147870e35a5536bb5983258f01f888ea8d1d5efc	functional-devices	semantic subsystem review
libqtdevices	736f41c4df17d8782f15b441c59bdf72a56f56ed	pulldevice.cpp	102fb9b46924c6bdc697d7f2e57e9a0103a1d237	transport-and-state	semantic subsystem review
libqtdevices	736f41c4df17d8782f15b441c59bdf72a56f56ed	pulldevice.h	59c3fea754d6bcc37284f57f78c9804c6cc18b7f	transport-and-state	semantic subsystem review
libqtdevices	736f41c4df17d8782f15b441c59bdf72a56f56ed	scenario_device.cpp	ad5c924604507df345c0c8f5cbffe781544f7ba2	functional-devices	semantic subsystem review
libqtdevices	736f41c4df17d8782f15b441c59bdf72a56f56ed	scenario_device.h	e28c6ee87b0591044837cad81c4e9cdc092cb87c	functional-devices	semantic subsystem review
libqtdevices	736f41c4df17d8782f15b441c59bdf72a56f56ed	stopandgo_device.cpp	617930df36e4c341861dfdb32bc06b4b5b84bf83	functional-devices	semantic subsystem review
libqtdevices	736f41c4df17d8782f15b441c59bdf72a56f56ed	stopandgo_device.h	e28ea151f8dffd396fbed4d08f54ba3efa6bc311	functional-devices	semantic subsystem review
libqtdevices	736f41c4df17d8782f15b441c59bdf72a56f56ed	test/device_tester.cpp	4e63372d2588da6f5197ad271a65121579f95f2f	shared-and-build-support	boundary review; no independent protocol registry
libqtdevices	736f41c4df17d8782f15b441c59bdf72a56f56ed	test/device_tester.h	0696a61cb548770bfda4b0b15e53cf8e945a1374	shared-and-build-support	boundary review; no independent protocol registry
libqtdevices	736f41c4df17d8782f15b441c59bdf72a56f56ed	test/execute_test.sh	b25969399eaa2bdf5657d13917a4cc7ea4dd0898	shared-and-build-support	boundary review; no independent protocol registry
libqtdevices	736f41c4df17d8782f15b441c59bdf72a56f56ed	test/openserver_mock.cpp	b02f5a287ff0a7ce05c95181c3f798e7a21d33f3	shared-and-build-support	boundary review; no independent protocol registry
libqtdevices	736f41c4df17d8782f15b441c59bdf72a56f56ed	test/openserver_mock.h	5f581d25c2d45b3c1e2aaf42a03d454a74a9f400	shared-and-build-support	boundary review; no independent protocol registry
libqtdevices	736f41c4df17d8782f15b441c59bdf72a56f56ed	test/test_air_conditioning_device.cpp	30666d8867a2e0f9f84886efa140e310a00e6c73	tests-and-manual-cases	test inventory indexed; applicable assertions checked against implementation
libqtdevices	736f41c4df17d8782f15b441c59bdf72a56f56ed	test/test_air_conditioning_device.h	0019fda6b9628b21a05f76afa45e54e519faed0c	tests-and-manual-cases	test inventory indexed; applicable assertions checked against implementation
libqtdevices	736f41c4df17d8782f15b441c59bdf72a56f56ed	test/test_antintrusion_device.cpp	5c7c954ad436a40e3b4a846a433b69f701c8ccbb	tests-and-manual-cases	test inventory indexed; applicable assertions checked against implementation
libqtdevices	736f41c4df17d8782f15b441c59bdf72a56f56ed	test/test_antintrusion_device.h	70339e3644971bde8311e536a5ebb4c4d07f109f	tests-and-manual-cases	test inventory indexed; applicable assertions checked against implementation
libqtdevices	736f41c4df17d8782f15b441c59bdf72a56f56ed	test/test_automation_device.cpp	95cfc6a096d3df89c4761befb779ab2080c5f579	tests-and-manual-cases	test inventory indexed; applicable assertions checked against implementation
libqtdevices	736f41c4df17d8782f15b441c59bdf72a56f56ed	test/test_automation_device.h	7e803f936117290b68c1b0532931a0b0b2717283	tests-and-manual-cases	test inventory indexed; applicable assertions checked against implementation
libqtdevices	736f41c4df17d8782f15b441c59bdf72a56f56ed	test/test_bacnet_device.cpp	bb55c2038ec9a73e215e057ca166b59f7a078ac2	tests-and-manual-cases	test inventory indexed; applicable assertions checked against implementation
libqtdevices	736f41c4df17d8782f15b441c59bdf72a56f56ed	test/test_bacnet_device.h	8057949af942a57ac825396380a38e67ae56ba41	tests-and-manual-cases	test inventory indexed; applicable assertions checked against implementation
libqtdevices	736f41c4df17d8782f15b441c59bdf72a56f56ed	test/test_checkaddress.cpp	b8cfbd793edcf0c75ebc5381fa561a53030d2713	tests-and-manual-cases	test inventory indexed; applicable assertions checked against implementation
libqtdevices	736f41c4df17d8782f15b441c59bdf72a56f56ed	test/test_checkaddress.h	2b265b505e7094fa2c831702bed108a3f85aaed7	tests-and-manual-cases	test inventory indexed; applicable assertions checked against implementation
libqtdevices	736f41c4df17d8782f15b441c59bdf72a56f56ed	test/test_device.cpp	f6409f9c8e6ae8a762f688f2dcf3e7a1f10bfc31	tests-and-manual-cases	test inventory indexed; applicable assertions checked against implementation
libqtdevices	736f41c4df17d8782f15b441c59bdf72a56f56ed	test/test_device.h	e9dce68eaafed5a50bd712e97c39b6123449f9e5	tests-and-manual-cases	test inventory indexed; applicable assertions checked against implementation
libqtdevices	736f41c4df17d8782f15b441c59bdf72a56f56ed	test/test_devices.pro	6ff73fb49e4923a52f44950ef9d688d27d46e57e	tests-and-manual-cases	test inventory indexed; applicable assertions checked against implementation
libqtdevices	736f41c4df17d8782f15b441c59bdf72a56f56ed	test/test_devicescache.cpp	ae142b1f5465db38d724d939196fd694a62b4fd6	tests-and-manual-cases	test inventory indexed; applicable assertions checked against implementation
libqtdevices	736f41c4df17d8782f15b441c59bdf72a56f56ed	test/test_devicescache.h	fa80191fc4afa043d07df75d2ce88744fb8fadf1	tests-and-manual-cases	test inventory indexed; applicable assertions checked against implementation
libqtdevices	736f41c4df17d8782f15b441c59bdf72a56f56ed	test/test_energy_device.cpp	35de68acf5284e19a9e635d211bfec208b480af3	tests-and-manual-cases	test inventory indexed; applicable assertions checked against implementation
libqtdevices	736f41c4df17d8782f15b441c59bdf72a56f56ed	test/test_energy_device.h	e05734c10e119b9a576c52d66a360ee094745a59	tests-and-manual-cases	test inventory indexed; applicable assertions checked against implementation
libqtdevices	736f41c4df17d8782f15b441c59bdf72a56f56ed	test/test_lighting_device.cpp	271c911df9fccd3357253cd002634c41c1ea570e	tests-and-manual-cases	test inventory indexed; applicable assertions checked against implementation
libqtdevices	736f41c4df17d8782f15b441c59bdf72a56f56ed	test/test_lighting_device.h	d71d03d55a8ee65ea9c65d62596a138790b66fd3	tests-and-manual-cases	test inventory indexed; applicable assertions checked against implementation
libqtdevices	736f41c4df17d8782f15b441c59bdf72a56f56ed	test/test_loads_device.cpp	06578213545de79287d0f8c2910854d7285918d4	tests-and-manual-cases	test inventory indexed; applicable assertions checked against implementation
libqtdevices	736f41c4df17d8782f15b441c59bdf72a56f56ed	test/test_loads_device.h	fa8a876f0013ab9b4357b26ac8363ba1b1df329d	tests-and-manual-cases	test inventory indexed; applicable assertions checked against implementation
libqtdevices	736f41c4df17d8782f15b441c59bdf72a56f56ed	test/test_main.cpp	c2c49a89bae2128c860f0158b7e4baaf52804d84	tests-and-manual-cases	test inventory indexed; applicable assertions checked against implementation
libqtdevices	736f41c4df17d8782f15b441c59bdf72a56f56ed	test/test_media_device.cpp	563e5ad620de692b1d8b22153bfb3d02cd3f8107	tests-and-manual-cases	test inventory indexed; applicable assertions checked against implementation
libqtdevices	736f41c4df17d8782f15b441c59bdf72a56f56ed	test/test_media_device.h	2d52e8016ea4bfa117532a8030de75dde2e7c67c	tests-and-manual-cases	test inventory indexed; applicable assertions checked against implementation
libqtdevices	736f41c4df17d8782f15b441c59bdf72a56f56ed	test/test_message_device.cpp	1be8986c36fbf0815e94f71d7ea48d8ab2284636	tests-and-manual-cases	test inventory indexed; applicable assertions checked against implementation
libqtdevices	736f41c4df17d8782f15b441c59bdf72a56f56ed	test/test_message_device.h	e5ce2195fb9ed64925bbf46b405071c310271e96	tests-and-manual-cases	test inventory indexed; applicable assertions checked against implementation
libqtdevices	736f41c4df17d8782f15b441c59bdf72a56f56ed	test/test_platform_device.cpp	db3c06a8d6e5a3887001f7dcd3de12d73c1c07a2	tests-and-manual-cases	test inventory indexed; applicable assertions checked against implementation
libqtdevices	736f41c4df17d8782f15b441c59bdf72a56f56ed	test/test_platform_device.h	43398e0c6b203e48b377b8290a1b9fedcbfa1a36	tests-and-manual-cases	test inventory indexed; applicable assertions checked against implementation
libqtdevices	736f41c4df17d8782f15b441c59bdf72a56f56ed	test/test_probe_device.cpp	b87922b5e265d7d133d58c44dc4bd54329810529	tests-and-manual-cases	test inventory indexed; applicable assertions checked against implementation
libqtdevices	736f41c4df17d8782f15b441c59bdf72a56f56ed	test/test_probe_device.h	1a98a7f69d5a9e29516df5794920f0a050ad5b51	tests-and-manual-cases	test inventory indexed; applicable assertions checked against implementation
libqtdevices	736f41c4df17d8782f15b441c59bdf72a56f56ed	test/test_pull_manager.cpp	ac83fe353badd29250cfeb19056c768f29868b2b	tests-and-manual-cases	test inventory indexed; applicable assertions checked against implementation
libqtdevices	736f41c4df17d8782f15b441c59bdf72a56f56ed	test/test_pull_manager.h	c66960e4bc8c88f4d9f251d5bcaf1bc87cf015db	tests-and-manual-cases	test inventory indexed; applicable assertions checked against implementation
libqtdevices	736f41c4df17d8782f15b441c59bdf72a56f56ed	test/test_scenario_device.cpp	20f3c4423ed72bf18608f82bc49cce837d076578	tests-and-manual-cases	test inventory indexed; applicable assertions checked against implementation
libqtdevices	736f41c4df17d8782f15b441c59bdf72a56f56ed	test/test_scenario_device.h	e2c07a9b4648e8eea8e0e05e5f2963ca764555b1	tests-and-manual-cases	test inventory indexed; applicable assertions checked against implementation
libqtdevices	736f41c4df17d8782f15b441c59bdf72a56f56ed	test/test_stopandgo_device.cpp	04b041f0aa3aadf87b335e82b40f89fddfc97649	tests-and-manual-cases	test inventory indexed; applicable assertions checked against implementation
libqtdevices	736f41c4df17d8782f15b441c59bdf72a56f56ed	test/test_stopandgo_device.h	55c7912187e699fee7773e53c5e223bfb33765f9	tests-and-manual-cases	test inventory indexed; applicable assertions checked against implementation
libqtdevices	736f41c4df17d8782f15b441c59bdf72a56f56ed	test/test_thermal_device.cpp	792b143a42098b954ff705a3ef718546f3e98395	tests-and-manual-cases	test inventory indexed; applicable assertions checked against implementation
libqtdevices	736f41c4df17d8782f15b441c59bdf72a56f56ed	test/test_thermal_device.h	ca1e785442dcecf189a10a894ecf6848ff57c578	tests-and-manual-cases	test inventory indexed; applicable assertions checked against implementation
libqtdevices	736f41c4df17d8782f15b441c59bdf72a56f56ed	test/test_videodoorentry_device.cpp	d199af0612fec6d683e2b9eedfe0fc74f763c991	tests-and-manual-cases	test inventory indexed; applicable assertions checked against implementation
libqtdevices	736f41c4df17d8782f15b441c59bdf72a56f56ed	test/test_videodoorentry_device.h	4c2385f0b5d1f22f910f5707a3964ea3d06e05aa	tests-and-manual-cases	test inventory indexed; applicable assertions checked against implementation
libqtdevices	736f41c4df17d8782f15b441c59bdf72a56f56ed	thermal_device.cpp	43450757c21c2a786b7270a7f2666125a8b8ede9	functional-devices	semantic subsystem review
libqtdevices	736f41c4df17d8782f15b441c59bdf72a56f56ed	thermal_device.h	68578a731feb34e9e889a1d5a172f3f852afca57	functional-devices	semantic subsystem review
libqtdevices	736f41c4df17d8782f15b441c59bdf72a56f56ed	videodoorentry_device.cpp	cc5334712d6ca6a36c4aa7e72faa1fe3f11b6281	functional-devices	semantic subsystem review
libqtdevices	736f41c4df17d8782f15b441c59bdf72a56f56ed	videodoorentry_device.h	55e08a16ebda7ab03ff53672781188029fdb437f	functional-devices	semantic subsystem review
libqtdevices	736f41c4df17d8782f15b441c59bdf72a56f56ed	xml_functions.cpp	6cc71668ac93cafb4f940274af42eacdc422eb29	shared-and-build-support	boundary review; no independent protocol registry
libqtdevices	736f41c4df17d8782f15b441c59bdf72a56f56ed	xml_functions.h	520829bbc28e3b94a1cfca5b5896af67b342b6cb	shared-and-build-support	boundary review; no independent protocol registry
libqtcommon	825dc72cf0a4b202c0e8d2efd9bd50ce2dd23aa2	.gitignore	b18c34aa53858d5bff9e62296aeefbd9b2f6f6bf	shared-and-build-support	boundary review; UI, media, files or build infrastructure
libqtcommon	825dc72cf0a4b202c0e8d2efd9bd50ce2dd23aa2	connectiontester.cpp	a1a816a23fe0d449fa5dae0300be18bddde7b5c0	shared-and-build-support	boundary review; UI, media, files or build infrastructure
libqtcommon	825dc72cf0a4b202c0e8d2efd9bd50ce2dd23aa2	connectiontester.h	b9386e1e1d2c99be2c00dbfc14445686448ecdd0	shared-and-build-support	boundary review; UI, media, files or build infrastructure
libqtcommon	825dc72cf0a4b202c0e8d2efd9bd50ce2dd23aa2	entryinfo.cpp	59ba97797a72594dfcc8eea5e0305a1605a74af8	shared-and-build-support	boundary review; UI, media, files or build infrastructure
libqtcommon	825dc72cf0a4b202c0e8d2efd9bd50ce2dd23aa2	entryinfo.h	9dc50015d9e09aa93e0b8fc1078e5ec585983e56	shared-and-build-support	boundary review; UI, media, files or build infrastructure
libqtcommon	825dc72cf0a4b202c0e8d2efd9bd50ce2dd23aa2	libqtcommon.pro	03eda1d96c7bd66bb615c418c3930d8b040a0a49	shared-and-build-support	boundary review; UI, media, files or build infrastructure
libqtcommon	825dc72cf0a4b202c0e8d2efd9bd50ce2dd23aa2	list_manager.cpp	b38a1f09e9b8ed9e15425fdc279185275ea55fd0	shared-and-build-support	boundary review; UI, media, files or build infrastructure
libqtcommon	825dc72cf0a4b202c0e8d2efd9bd50ce2dd23aa2	list_manager.h	5d7bfd446e22be612c405d6fdded5f48a6af6850	shared-and-build-support	boundary review; UI, media, files or build infrastructure
libqtcommon	825dc72cf0a4b202c0e8d2efd9bd50ce2dd23aa2	mediaplayer.cpp	e7e31fb489a3e7ad347c0d8ef219a071ce65d19c	shared-and-build-support	boundary review; UI, media, files or build infrastructure
libqtcommon	825dc72cf0a4b202c0e8d2efd9bd50ce2dd23aa2	mediaplayer.h	47d1938caf5a74cbcbd9534ff610c2feac5272b8	shared-and-build-support	boundary review; UI, media, files or build infrastructure
libqtcommon	825dc72cf0a4b202c0e8d2efd9bd50ce2dd23aa2	scaleconversion.cpp	327fd4ce5e73cc4cc3373fdd054eba8c906f6a5f	xml-and-temperature	semantic subsystem review
libqtcommon	825dc72cf0a4b202c0e8d2efd9bd50ce2dd23aa2	scaleconversion.h	4a873bd5d2dae1be472c0576108fdd330b6e7323	xml-and-temperature	semantic subsystem review
libqtcommon	825dc72cf0a4b202c0e8d2efd9bd50ce2dd23aa2	scenevodevicescond.cpp	c0845d870631d1f38a73b926941132b040598674	conditions	semantic subsystem review
libqtcommon	825dc72cf0a4b202c0e8d2efd9bd50ce2dd23aa2	scenevodevicescond.h	af77b00a6a3aba325fcddf12e48ba4272f1688fc	conditions	semantic subsystem review
libqtcommon	825dc72cf0a4b202c0e8d2efd9bd50ce2dd23aa2	signalshandler.cpp	756c46e2c91ef38af0008acbbc9562ab46660aec	shared-and-build-support	boundary review; UI, media, files or build infrastructure
libqtcommon	825dc72cf0a4b202c0e8d2efd9bd50ce2dd23aa2	signalshandler.h	e38c8b868f29269d2e406cd8da6dd2975db9a76e	shared-and-build-support	boundary review; UI, media, files or build infrastructure
libqtcommon	825dc72cf0a4b202c0e8d2efd9bd50ce2dd23aa2	test/execute_test.sh	b25969399eaa2bdf5657d13917a4cc7ea4dd0898	shared-and-build-support	boundary review; UI, media, files or build infrastructure
libqtcommon	825dc72cf0a4b202c0e8d2efd9bd50ce2dd23aa2	test/test.pro	8dfb9b88aff38c8dd7ad570d2c276dfba35ce4cf	tests-and-manual-cases	test inventory indexed; applicable assertions checked against implementation
libqtcommon	825dc72cf0a4b202c0e8d2efd9bd50ce2dd23aa2	test/test_bttime.cpp	6fdb3088d7c8e66a5ce1097b9c68311ce85b3a79	tests-and-manual-cases	test inventory indexed; applicable assertions checked against implementation
libqtcommon	825dc72cf0a4b202c0e8d2efd9bd50ce2dd23aa2	test/test_bttime.h	7f9578fc72ed344df7a40924748ac868faf9e610	tests-and-manual-cases	test inventory indexed; applicable assertions checked against implementation
libqtcommon	825dc72cf0a4b202c0e8d2efd9bd50ce2dd23aa2	test/test_clientwriter.cpp	17aa3807091ff4f8ec70067c9ecbe8a39d2ca1e9	tests-and-manual-cases	test inventory indexed; applicable assertions checked against implementation
libqtcommon	825dc72cf0a4b202c0e8d2efd9bd50ce2dd23aa2	test/test_clientwriter.h	c1e74fef7f40a683a059ec01392bc0c632c9d77c	tests-and-manual-cases	test inventory indexed; applicable assertions checked against implementation
libqtcommon	825dc72cf0a4b202c0e8d2efd9bd50ce2dd23aa2	test/test_delayedslotcaller.cpp	ce49454255e0e7c5173ecbe57fdb22df184085ce	tests-and-manual-cases	test inventory indexed; applicable assertions checked against implementation
libqtcommon	825dc72cf0a4b202c0e8d2efd9bd50ce2dd23aa2	test/test_delayedslotcaller.h	2178aed7f5c8e77985400740700708e3dcf64b4b	tests-and-manual-cases	test inventory indexed; applicable assertions checked against implementation
libqtcommon	825dc72cf0a4b202c0e8d2efd9bd50ce2dd23aa2	test/test_displaycontrol.cpp	06f755d74a0fb753fa22da392de324162034f229	tests-and-manual-cases	test inventory indexed; applicable assertions checked against implementation
libqtcommon	825dc72cf0a4b202c0e8d2efd9bd50ce2dd23aa2	test/test_displaycontrol.h	14bf672773afe08e50f398ce516e0260399ab05f	tests-and-manual-cases	test inventory indexed; applicable assertions checked against implementation
libqtcommon	825dc72cf0a4b202c0e8d2efd9bd50ce2dd23aa2	test/test_functions.cpp	89ce74e0462e98c820ca39f70cf533b28c0d57fd	tests-and-manual-cases	test inventory indexed; applicable assertions checked against implementation
libqtcommon	825dc72cf0a4b202c0e8d2efd9bd50ce2dd23aa2	test/test_functions.h	816aae3123e79628bec7f24beeedc1ff0fb7e897	tests-and-manual-cases	test inventory indexed; applicable assertions checked against implementation
libqtcommon	825dc72cf0a4b202c0e8d2efd9bd50ce2dd23aa2	test/test_imageselection.cpp	39ea1c8c625498a809296df59364299bb739a872	tests-and-manual-cases	test inventory indexed; applicable assertions checked against implementation
libqtcommon	825dc72cf0a4b202c0e8d2efd9bd50ce2dd23aa2	test/test_imageselection.h	11e0da7b4447c366c109b4bc3ce53a9da657d282	tests-and-manual-cases	test inventory indexed; applicable assertions checked against implementation
libqtcommon	825dc72cf0a4b202c0e8d2efd9bd50ce2dd23aa2	test/test_main.cpp	e62f3eeeb50eee650ed9df3254df5f592148dc40	tests-and-manual-cases	test inventory indexed; applicable assertions checked against implementation
libqtcommon	825dc72cf0a4b202c0e8d2efd9bd50ce2dd23aa2	test/test_scenevodevicescond.cpp	75b408b9a8f78728a36039234ea9475454b6cc4d	tests-and-manual-cases	test inventory indexed; applicable assertions checked against implementation
libqtcommon	825dc72cf0a4b202c0e8d2efd9bd50ce2dd23aa2	test/test_scenevodevicescond.h	e7dc39e8caa98d29a6c71787ddbba175d08b28ef	tests-and-manual-cases	test inventory indexed; applicable assertions checked against implementation
libqtcommon	825dc72cf0a4b202c0e8d2efd9bd50ce2dd23aa2	test/test_xmlclient.cpp	146fee1d3bc8b3d43f01a8b0964888855961edc8	tests-and-manual-cases	test inventory indexed; applicable assertions checked against implementation
libqtcommon	825dc72cf0a4b202c0e8d2efd9bd50ce2dd23aa2	test/test_xmlclient.h	4c78e4059745e39bfacbde9ff4b1e96dd589e5fb	tests-and-manual-cases	test inventory indexed; applicable assertions checked against implementation
libqtcommon	825dc72cf0a4b202c0e8d2efd9bd50ce2dd23aa2	test/test_xmldevice.cpp	ab777a5e16523a3a03a0303d52488dde7f321597	tests-and-manual-cases	test inventory indexed; applicable assertions checked against implementation
libqtcommon	825dc72cf0a4b202c0e8d2efd9bd50ce2dd23aa2	test/test_xmldevice.h	ee8daad7091035c66276b62c6a6819d79b4764c5	tests-and-manual-cases	test inventory indexed; applicable assertions checked against implementation
libqtcommon	825dc72cf0a4b202c0e8d2efd9bd50ce2dd23aa2	test/xmldevice_tester.cpp	c243df508dd8069932804a5ef9fcb52d13cdf096	xml-and-temperature	semantic subsystem review
libqtcommon	825dc72cf0a4b202c0e8d2efd9bd50ce2dd23aa2	test/xmldevice_tester.h	1a6d13d72a0ca0c80aee5ab53dcff07f18ae0cb4	xml-and-temperature	semantic subsystem review
libqtcommon	825dc72cf0a4b202c0e8d2efd9bd50ce2dd23aa2	treebrowser.cpp	881947099d6869c57eef5b139633b8965c53d3e0	shared-and-build-support	boundary review; UI, media, files or build infrastructure
libqtcommon	825dc72cf0a4b202c0e8d2efd9bd50ce2dd23aa2	treebrowser.h	2df89f5a3c82e22b4408ee4a9b891773f8e6527b	shared-and-build-support	boundary review; UI, media, files or build infrastructure
libqtcommon	825dc72cf0a4b202c0e8d2efd9bd50ce2dd23aa2	xmlclient.cpp	d2bbc7f48e74ad48d5067a6d8f4c7775e05afec5	xml-and-temperature	semantic subsystem review
libqtcommon	825dc72cf0a4b202c0e8d2efd9bd50ce2dd23aa2	xmlclient.h	1588b4162167d5fac9eed583483832f3b220e210	xml-and-temperature	semantic subsystem review
libqtcommon	825dc72cf0a4b202c0e8d2efd9bd50ce2dd23aa2	xmldevice.cpp	93d411f1960ec15ef2bc56bee0099d4b6b8a4a77	xml-and-temperature	semantic subsystem review
libqtcommon	825dc72cf0a4b202c0e8d2efd9bd50ce2dd23aa2	xmldevice.h	df3874342ca40ae0aad67212faf5541db7a20af5	xml-and-temperature	semantic subsystem review
MyHomeSystemEmulator	4f93f44ee5ec7f89a3de9e040141755c847a5eda	.gitignore	1c7ea5deeec406e774f9d49a492cf2ebf791cf0a	packaging-and-documentation	boundary inventory; not a protocol source by itself
MyHomeSystemEmulator	4f93f44ee5ec7f89a3de9e040141755c847a5eda	BUILD_DEB/MyOpenBagClient/.gitignore	5e7d2734cfc60289debf74293817c0a8f572ff32	build-output	inventory only; not executable source evidence
MyHomeSystemEmulator	4f93f44ee5ec7f89a3de9e040141755c847a5eda	BUILD_DEB/bt_CAM_DEV_PGIN/.gitignore	5e7d2734cfc60289debf74293817c0a8f572ff32	build-output	inventory only; not executable source evidence
MyHomeSystemEmulator	4f93f44ee5ec7f89a3de9e040141755c847a5eda	BUILD_DEB/bt_F411_DEV_PGIN/.gitignore	5e7d2734cfc60289debf74293817c0a8f572ff32	build-output	inventory only; not executable source evidence
MyHomeSystemEmulator	4f93f44ee5ec7f89a3de9e040141755c847a5eda	BUILD_DEB/bt_F422_DEV_PGIN/.gitignore	5e7d2734cfc60289debf74293817c0a8f572ff32	build-output	inventory only; not executable source evidence
MyHomeSystemEmulator	4f93f44ee5ec7f89a3de9e040141755c847a5eda	BUILD_DEB/bt_F520_DEV_PGIN/.gitignore	5e7d2734cfc60289debf74293817c0a8f572ff32	build-output	inventory only; not executable source evidence
MyHomeSystemEmulator	4f93f44ee5ec7f89a3de9e040141755c847a5eda	BUILD_DEB/bt_GEN_DEV_PGIN/.gitignore	5e7d2734cfc60289debf74293817c0a8f572ff32	build-output	inventory only; not executable source evidence
MyHomeSystemEmulator	4f93f44ee5ec7f89a3de9e040141755c847a5eda	BUILD_DEB/bt_PLANT_PGIN/.gitignore	5e7d2734cfc60289debf74293817c0a8f572ff32	build-output	inventory only; not executable source evidence
MyHomeSystemEmulator	4f93f44ee5ec7f89a3de9e040141755c847a5eda	BUILD_DEB/bt_own_GTW_PGIN/.gitignore	5e7d2734cfc60289debf74293817c0a8f572ff32	build-output	inventory only; not executable source evidence
MyHomeSystemEmulator	4f93f44ee5ec7f89a3de9e040141755c847a5eda	BUILD_DEB/bt_scs_BUSCONN_PGIN/.gitignore	5e7d2734cfc60289debf74293817c0a8f572ff32	build-output	inventory only; not executable source evidence
MyHomeSystemEmulator	4f93f44ee5ec7f89a3de9e040141755c847a5eda	BUILD_DEB/bt_scs_BUS_PGIN/.gitignore	5e7d2734cfc60289debf74293817c0a8f572ff32	build-output	inventory only; not executable source evidence
MyHomeSystemEmulator	4f93f44ee5ec7f89a3de9e040141755c847a5eda	BUILD_DEB/libplant/.gitignore	5e7d2734cfc60289debf74293817c0a8f572ff32	build-output	inventory only; not executable source evidence
MyHomeSystemEmulator	4f93f44ee5ec7f89a3de9e040141755c847a5eda	BUILD_REL/MyOpenBagClient/.gitignore	5e7d2734cfc60289debf74293817c0a8f572ff32	build-output	inventory only; not executable source evidence
MyHomeSystemEmulator	4f93f44ee5ec7f89a3de9e040141755c847a5eda	BUILD_REL/bt_CAM_DEV_PGIN/.gitignore	5e7d2734cfc60289debf74293817c0a8f572ff32	build-output	inventory only; not executable source evidence
MyHomeSystemEmulator	4f93f44ee5ec7f89a3de9e040141755c847a5eda	BUILD_REL/bt_F411_DEV_PGIN/.gitignore	5e7d2734cfc60289debf74293817c0a8f572ff32	build-output	inventory only; not executable source evidence
MyHomeSystemEmulator	4f93f44ee5ec7f89a3de9e040141755c847a5eda	BUILD_REL/bt_F422_DEV_PGIN/.gitignore	5e7d2734cfc60289debf74293817c0a8f572ff32	build-output	inventory only; not executable source evidence
MyHomeSystemEmulator	4f93f44ee5ec7f89a3de9e040141755c847a5eda	BUILD_REL/bt_F520_DEV_PGIN/.gitignore	5e7d2734cfc60289debf74293817c0a8f572ff32	build-output	inventory only; not executable source evidence
MyHomeSystemEmulator	4f93f44ee5ec7f89a3de9e040141755c847a5eda	BUILD_REL/bt_GEN_DEV_PGIN/.gitignore	5e7d2734cfc60289debf74293817c0a8f572ff32	build-output	inventory only; not executable source evidence
MyHomeSystemEmulator	4f93f44ee5ec7f89a3de9e040141755c847a5eda	BUILD_REL/bt_PLANT_PGIN/.gitignore	5e7d2734cfc60289debf74293817c0a8f572ff32	build-output	inventory only; not executable source evidence
MyHomeSystemEmulator	4f93f44ee5ec7f89a3de9e040141755c847a5eda	BUILD_REL/bt_own_GTW_PGIN/.gitignore	5e7d2734cfc60289debf74293817c0a8f572ff32	build-output	inventory only; not executable source evidence
MyHomeSystemEmulator	4f93f44ee5ec7f89a3de9e040141755c847a5eda	BUILD_REL/bt_scs_BUSCONN_PGIN/.gitignore	5e7d2734cfc60289debf74293817c0a8f572ff32	build-output	inventory only; not executable source evidence
MyHomeSystemEmulator	4f93f44ee5ec7f89a3de9e040141755c847a5eda	BUILD_REL/bt_scs_BUS_PGIN/.gitignore	5e7d2734cfc60289debf74293817c0a8f572ff32	build-output	inventory only; not executable source evidence
MyHomeSystemEmulator	4f93f44ee5ec7f89a3de9e040141755c847a5eda	BUILD_REL/libplant/.gitignore	5e7d2734cfc60289debf74293817c0a8f572ff32	build-output	inventory only; not executable source evidence
MyHomeSystemEmulator	4f93f44ee5ec7f89a3de9e040141755c847a5eda	CONFFILE/IndesitDavide.plnt	bbad7b9cb07f14bbe869745743931918ec3e7951	simulation-fixtures	fixture families inspected; scripted replies are not physical-device evidence
MyHomeSystemEmulator	4f93f44ee5ec7f89a3de9e040141755c847a5eda	CONFFILE/IndesitTestPlant.xml	fe97661048508888864a996db0bb44f3141fa8b9	simulation-fixtures	fixture families inspected; scripted replies are not physical-device evidence
MyHomeSystemEmulator	4f93f44ee5ec7f89a3de9e040141755c847a5eda	CONFFILE/IndesitTestPlant_orig.xml	0c158e1a24fcb60a492987ef1b44883ecadbbeb2	simulation-fixtures	fixture families inspected; scripted replies are not physical-device evidence
MyHomeSystemEmulator	4f93f44ee5ec7f89a3de9e040141755c847a5eda	CONFFILE/Plant_1.plnt	d82574384310bc6dcef1d4f62d25a68595c37587	simulation-fixtures	fixture families inspected; scripted replies are not physical-device evidence
MyHomeSystemEmulator	4f93f44ee5ec7f89a3de9e040141755c847a5eda	CONFFILE/ScenarioIndesit.xml	0c158e1a24fcb60a492987ef1b44883ecadbbeb2	simulation-fixtures	fixture families inspected; scripted replies are not physical-device evidence
MyHomeSystemEmulator	4f93f44ee5ec7f89a3de9e040141755c847a5eda	CONFFILE/ScenarioTest.xml	fe97661048508888864a996db0bb44f3141fa8b9	simulation-fixtures	fixture families inspected; scripted replies are not physical-device evidence
MyHomeSystemEmulator	4f93f44ee5ec7f89a3de9e040141755c847a5eda	CONFFILE/plantF422.plnt	bc1a20418958649a67f50ea51ad822158f3559fa	simulation-fixtures	fixture families inspected; scripted replies are not physical-device evidence
MyHomeSystemEmulator	4f93f44ee5ec7f89a3de9e040141755c847a5eda	TEST/TEST.docx	edbb793442015f5e7725ae521e1de433fad73521	tests-and-manual-cases	test inventory indexed; applicable assertions checked against implementation
MyHomeSystemEmulator	4f93f44ee5ec7f89a3de9e040141755c847a5eda	bt_CAM_DEV_PGIN/bt_CAM_DEV_PGIN.pro	bf73723368503ba5f2fd1c0a41eb9f405ff9de1e	simulator-models	semantic subsystem review; model behavior remains simulator-scoped
MyHomeSystemEmulator	4f93f44ee5ec7f89a3de9e040141755c847a5eda	bt_CAM_DEV_PGIN/bt_CAM_DEV_PGIN.qrc	122fe960889ad4125dd43c314b8965faa0519af3	simulator-models	semantic subsystem review; model behavior remains simulator-scoped
MyHomeSystemEmulator	4f93f44ee5ec7f89a3de9e040141755c847a5eda	bt_CAM_DEV_PGIN/bt_CAM_DEV_PGIN_global.h	c64feef7d881287d513e4121a1e27c450e6a766e	simulator-models	semantic subsystem review; model behavior remains simulator-scoped
MyHomeSystemEmulator	4f93f44ee5ec7f89a3de9e040141755c847a5eda	bt_CAM_DEV_PGIN/bt_cam_dev_pgin.cpp	b36462015b2524baaa986df62e8e37cbf229c918	simulator-models	semantic subsystem review; model behavior remains simulator-scoped
MyHomeSystemEmulator	4f93f44ee5ec7f89a3de9e040141755c847a5eda	bt_CAM_DEV_PGIN/bt_cam_dev_pgin.h	17a2a7f46e3c81678c36c53267d185c89f170f92	simulator-models	semantic subsystem review; model behavior remains simulator-scoped
MyHomeSystemEmulator	4f93f44ee5ec7f89a3de9e040141755c847a5eda	bt_CAM_DEV_PGIN/btcam_dev.cpp	f61891bc9edae3cd2f68d3dd96d42c1d37330a63	simulator-models	semantic subsystem review; model behavior remains simulator-scoped
MyHomeSystemEmulator	4f93f44ee5ec7f89a3de9e040141755c847a5eda	bt_CAM_DEV_PGIN/btcam_dev.h	a6d701e84787ef0bc2b163efae9a6cd3ef43cf1b	simulator-models	semantic subsystem review; model behavior remains simulator-scoped
MyHomeSystemEmulator	4f93f44ee5ec7f89a3de9e040141755c847a5eda	bt_CAM_DEV_PGIN/cam_xmlserializer.cpp	434ec5e6fcd26c6de6718fa5539e8c6b62eb1bb6	simulator-models	semantic subsystem review; model behavior remains simulator-scoped
MyHomeSystemEmulator	4f93f44ee5ec7f89a3de9e040141755c847a5eda	bt_CAM_DEV_PGIN/cam_xmlserializer.h	ebd96cdfe138934222a55f72d022c2fc9fa39bbd	simulator-models	semantic subsystem review; model behavior remains simulator-scoped
MyHomeSystemEmulator	4f93f44ee5ec7f89a3de9e040141755c847a5eda	bt_CAM_DEV_PGIN/camerastatus.cpp	328f4759ed866566c971154301b1c207f2500db2	simulator-models	semantic subsystem review; model behavior remains simulator-scoped
MyHomeSystemEmulator	4f93f44ee5ec7f89a3de9e040141755c847a5eda	bt_CAM_DEV_PGIN/camerastatus.h	cab8f601908c5f64767b45c17f3683f939544c6f	simulator-models	semantic subsystem review; model behavior remains simulator-scoped
MyHomeSystemEmulator	4f93f44ee5ec7f89a3de9e040141755c847a5eda	bt_CAM_DEV_PGIN/resources/CAM.xml	0c0b685dd15f9d8fb21d2ed444364e08d219e583	simulator-resource-schema	configuration boundary review
MyHomeSystemEmulator	4f93f44ee5ec7f89a3de9e040141755c847a5eda	bt_CAM_DEV_PGIN/resources/LedAccesoCam.png	459364f73f6779003ae9596b7f2a493920cfc4ef	presentation-assets	inventory only; no new wire semantics
MyHomeSystemEmulator	4f93f44ee5ec7f89a3de9e040141755c847a5eda	bt_CAM_DEV_PGIN/resources/LedNotConfCam.png	b5450ce21ae4c1a76c70ea2abf0ab89ce18808bd	presentation-assets	inventory only; no new wire semantics
MyHomeSystemEmulator	4f93f44ee5ec7f89a3de9e040141755c847a5eda	bt_CAM_DEV_PGIN/resources/LedSpentoCam.png	2296ceccfb6239eeb75ed5f0ac2692ff0f443684	presentation-assets	inventory only; no new wire semantics
MyHomeSystemEmulator	4f93f44ee5ec7f89a3de9e040141755c847a5eda	bt_CAM_DEV_PGIN/resources/TotaleLedBucatiTelecamerasmallContorno.png	f2a30f84db3d66cb406bd456f2590fe9f2d5f8df	presentation-assets	inventory only; no new wire semantics
MyHomeSystemEmulator	4f93f44ee5ec7f89a3de9e040141755c847a5eda	bt_F411_DEV_PGIN/bt_F411_DEV_PGIN.pro	a40ab0ffa967c032cc6962db5ce90c7ffc488b58	simulator-models	semantic subsystem review; model behavior remains simulator-scoped
MyHomeSystemEmulator	4f93f44ee5ec7f89a3de9e040141755c847a5eda	bt_F411_DEV_PGIN/bt_F411_DEV_PGIN.qrc	d5bb87c133b8a507e3544505f89037ed655c64c4	simulator-models	semantic subsystem review; model behavior remains simulator-scoped
MyHomeSystemEmulator	4f93f44ee5ec7f89a3de9e040141755c847a5eda	bt_F411_DEV_PGIN/bt_F411_DEV_PGIN_global.h	cced0576d3be56134a1d4810936357156a899323	simulator-models	semantic subsystem review; model behavior remains simulator-scoped
MyHomeSystemEmulator	4f93f44ee5ec7f89a3de9e040141755c847a5eda	bt_F411_DEV_PGIN/bt_f411_dev_pgin.cpp	9950c4ee5bb4cd8cc8eb310ed5de6b0e27d34e47	simulator-models	semantic subsystem review; model behavior remains simulator-scoped
MyHomeSystemEmulator	4f93f44ee5ec7f89a3de9e040141755c847a5eda	bt_F411_DEV_PGIN/bt_f411_dev_pgin.h	0ccacbf85ea3788627750722ae6e3fe3f62cfd96	simulator-models	semantic subsystem review; model behavior remains simulator-scoped
MyHomeSystemEmulator	4f93f44ee5ec7f89a3de9e040141755c847a5eda	bt_F411_DEV_PGIN/btf411_1_dev.cpp	85ccfb0bbcf419ec43fde58a97d58b5e69ced49b	simulator-models	semantic subsystem review; model behavior remains simulator-scoped
MyHomeSystemEmulator	4f93f44ee5ec7f89a3de9e040141755c847a5eda	bt_F411_DEV_PGIN/btf411_1_dev.h	281d4f57833db1240306252ac375d7005c44cb9e	simulator-models	semantic subsystem review; model behavior remains simulator-scoped
MyHomeSystemEmulator	4f93f44ee5ec7f89a3de9e040141755c847a5eda	bt_F411_DEV_PGIN/btf411_2_dev.cpp	b9fcb9c098f52c661b8e5355c01b45e9b39f3930	simulator-models	semantic subsystem review; model behavior remains simulator-scoped
MyHomeSystemEmulator	4f93f44ee5ec7f89a3de9e040141755c847a5eda	bt_F411_DEV_PGIN/btf411_2_dev.h	7dadc68e0671eb4862b9d1bb11fa623fd3c3d48d	simulator-models	semantic subsystem review; model behavior remains simulator-scoped
MyHomeSystemEmulator	4f93f44ee5ec7f89a3de9e040141755c847a5eda	bt_F411_DEV_PGIN/btf411_4_dev.cpp	2e1b6e9711a0293654592cfaa2cfb07c31dab6ae	simulator-models	semantic subsystem review; model behavior remains simulator-scoped
MyHomeSystemEmulator	4f93f44ee5ec7f89a3de9e040141755c847a5eda	bt_F411_DEV_PGIN/btf411_4_dev.h	f82581ca0ab80e9d65fa8a7907b0bd85ff6df22d	simulator-models	semantic subsystem review; model behavior remains simulator-scoped
MyHomeSystemEmulator	4f93f44ee5ec7f89a3de9e040141755c847a5eda	bt_F411_DEV_PGIN/btf411dev.cpp	6e21c95270d148f1b151b6b2ef458d15f96330ae	simulator-models	semantic subsystem review; model behavior remains simulator-scoped
MyHomeSystemEmulator	4f93f44ee5ec7f89a3de9e040141755c847a5eda	bt_F411_DEV_PGIN/btf411dev.h	d08bab1d095003c806716c83e3cea348b4aafdf0	simulator-models	semantic subsystem review; model behavior remains simulator-scoped
MyHomeSystemEmulator	4f93f44ee5ec7f89a3de9e040141755c847a5eda	bt_F411_DEV_PGIN/f411xmlserializer.cpp	5453e5d31e602ee4131e3a1b4a0c0a1fdd0d50d1	simulator-models	semantic subsystem review; model behavior remains simulator-scoped
MyHomeSystemEmulator	4f93f44ee5ec7f89a3de9e040141755c847a5eda	bt_F411_DEV_PGIN/f411xmlserializer.h	9e49493fbcb29ec093c42dd3dd0349a3160a518e	simulator-models	semantic subsystem review; model behavior remains simulator-scoped
MyHomeSystemEmulator	4f93f44ee5ec7f89a3de9e040141755c847a5eda	bt_F411_DEV_PGIN/ledstatus.cpp	c4f2746bd9893ee175ac20ad1297b84aeedf9df9	simulator-models	semantic subsystem review; model behavior remains simulator-scoped
MyHomeSystemEmulator	4f93f44ee5ec7f89a3de9e040141755c847a5eda	bt_F411_DEV_PGIN/ledstatus.h	ccf319c287d4c4b67b6fc21c23273d5310025428	simulator-models	semantic subsystem review; model behavior remains simulator-scoped
MyHomeSystemEmulator	4f93f44ee5ec7f89a3de9e040141755c847a5eda	bt_F411_DEV_PGIN/resources/F411_1.xml	33152bfc8c7ca425df064cea9bb54e0b62cd3ffa	simulator-resource-schema	configuration boundary review
MyHomeSystemEmulator	4f93f44ee5ec7f89a3de9e040141755c847a5eda	bt_F411_DEV_PGIN/resources/F411_2.xml	61cb64848949e340597a7ba2d6ec18ec6d4b82fa	simulator-resource-schema	configuration boundary review
MyHomeSystemEmulator	4f93f44ee5ec7f89a3de9e040141755c847a5eda	bt_F411_DEV_PGIN/resources/F411_4.xml	801862659acbdbc14e685515f6ae046da90ace0a	simulator-resource-schema	configuration boundary review
MyHomeSystemEmulator	4f93f44ee5ec7f89a3de9e040141755c847a5eda	bt_F411_DEV_PGIN/resources/LedAcceso.png	637e6444f19aef48d6c08a052d8ba71e69c7ab39	presentation-assets	inventory only; no new wire semantics
MyHomeSystemEmulator	4f93f44ee5ec7f89a3de9e040141755c847a5eda	bt_F411_DEV_PGIN/resources/LedNotConf.png	bb0867a543d4ddaed439a5e6cc75c98b06c4b4aa	presentation-assets	inventory only; no new wire semantics
MyHomeSystemEmulator	4f93f44ee5ec7f89a3de9e040141755c847a5eda	bt_F411_DEV_PGIN/resources/LedSpento.png	a5f4ca7779283f5b53c131b9999d2e430063fac8	presentation-assets	inventory only; no new wire semantics
MyHomeSystemEmulator	4f93f44ee5ec7f89a3de9e040141755c847a5eda	bt_F411_DEV_PGIN/resources/TotaleLedBucatiF4111smallContorno.png	6225f9a53c4629eab13a2a9412c5b7ce0b4378bb	presentation-assets	inventory only; no new wire semantics
MyHomeSystemEmulator	4f93f44ee5ec7f89a3de9e040141755c847a5eda	bt_F411_DEV_PGIN/resources/TotaleLedBucatiF4112smallContorno.png	a5a787bebae9c9d4e314ac235ecea08551b24e6c	presentation-assets	inventory only; no new wire semantics
MyHomeSystemEmulator	4f93f44ee5ec7f89a3de9e040141755c847a5eda	bt_F411_DEV_PGIN/resources/TotaleLedBucatiF4114smallContorno.png	2b3441d6babca74f454bf3bb242d65773ddb7581	presentation-assets	inventory only; no new wire semantics
MyHomeSystemEmulator	4f93f44ee5ec7f89a3de9e040141755c847a5eda	bt_F422_DEV_PGIN/bt_F411_DEV_PGIN.qrc	9734f1cf4a69734661dc4c05077d084c46fd4bd1	simulator-models	semantic subsystem review; model behavior remains simulator-scoped
MyHomeSystemEmulator	4f93f44ee5ec7f89a3de9e040141755c847a5eda	bt_F422_DEV_PGIN/bt_F422_DEV_PGIN.pro	0b4089f910917a04b67517d5cba0e6d5eb882deb	simulator-models	semantic subsystem review; model behavior remains simulator-scoped
MyHomeSystemEmulator	4f93f44ee5ec7f89a3de9e040141755c847a5eda	bt_F422_DEV_PGIN/bt_F422_DEV_PGIN_global.h	f190a147a81c3d0f57d94493aaec7a09f9f216e5	simulator-models	semantic subsystem review; model behavior remains simulator-scoped
MyHomeSystemEmulator	4f93f44ee5ec7f89a3de9e040141755c847a5eda	bt_F422_DEV_PGIN/bt_f422_dev_pgin.cpp	ad649c3c21895b40e4f87bad147957e872c37065	simulator-models	semantic subsystem review; model behavior remains simulator-scoped
MyHomeSystemEmulator	4f93f44ee5ec7f89a3de9e040141755c847a5eda	bt_F422_DEV_PGIN/bt_f422_dev_pgin.h	49435f66744a9628814fe3d6fb454a9ccf2b09ef	simulator-models	semantic subsystem review; model behavior remains simulator-scoped
MyHomeSystemEmulator	4f93f44ee5ec7f89a3de9e040141755c847a5eda	bt_F422_DEV_PGIN/btf422_dev.cpp	e8bd12c5d2ee25920483188de32e4d5fb33d604a	simulator-models	semantic subsystem review; model behavior remains simulator-scoped
MyHomeSystemEmulator	4f93f44ee5ec7f89a3de9e040141755c847a5eda	bt_F422_DEV_PGIN/btf422_dev.h	094aa7e5ec3cea12a188eb1181ee1b33c2e1f1c5	simulator-models	semantic subsystem review; model behavior remains simulator-scoped
MyHomeSystemEmulator	4f93f44ee5ec7f89a3de9e040141755c847a5eda	bt_F422_DEV_PGIN/f422status.cpp	93270a69645918550bde51ee27b1b3c1ba3066a9	simulator-models	semantic subsystem review; model behavior remains simulator-scoped
MyHomeSystemEmulator	4f93f44ee5ec7f89a3de9e040141755c847a5eda	bt_F422_DEV_PGIN/f422status.h	c0a141cb3ddcc207f8c2739b637ef07ed583196e	simulator-models	semantic subsystem review; model behavior remains simulator-scoped
MyHomeSystemEmulator	4f93f44ee5ec7f89a3de9e040141755c847a5eda	bt_F422_DEV_PGIN/f422xmlserializer.cpp	52ff33cc447ac63b29e39ca073cdd210d6fd796c	simulator-models	semantic subsystem review; model behavior remains simulator-scoped
MyHomeSystemEmulator	4f93f44ee5ec7f89a3de9e040141755c847a5eda	bt_F422_DEV_PGIN/f422xmlserializer.h	e6b69cd2dcaed9fa83b4739677470f238bef430f	simulator-models	semantic subsystem review; model behavior remains simulator-scoped
MyHomeSystemEmulator	4f93f44ee5ec7f89a3de9e040141755c847a5eda	bt_F422_DEV_PGIN/resources/F422.png	618b488365b03e5dce855528bd00f150ceae6f2d	presentation-assets	inventory only; no new wire semantics
MyHomeSystemEmulator	4f93f44ee5ec7f89a3de9e040141755c847a5eda	bt_F422_DEV_PGIN/resources/F422.xml	5a314d0451004023620884fd6eda55bae0b45082	simulator-resource-schema	configuration boundary review
MyHomeSystemEmulator	4f93f44ee5ec7f89a3de9e040141755c847a5eda	bt_F520_DEV_PGIN/bt_F520_DEV_PGIN.pro	8ed4b976816b4fd70014468e6bd95f5579ee2954	simulator-models	semantic subsystem review; model behavior remains simulator-scoped
MyHomeSystemEmulator	4f93f44ee5ec7f89a3de9e040141755c847a5eda	bt_F520_DEV_PGIN/bt_F520_DEV_PGIN.qrc	24644d4dbd515ec175e8cadd9b524a0a732b66ff	simulator-models	semantic subsystem review; model behavior remains simulator-scoped
MyHomeSystemEmulator	4f93f44ee5ec7f89a3de9e040141755c847a5eda	bt_F520_DEV_PGIN/bt_F520_DEV_PGIN_global.h	41d6ed0758c5c9575507412af5eabf8c2786de8d	simulator-models	semantic subsystem review; model behavior remains simulator-scoped
MyHomeSystemEmulator	4f93f44ee5ec7f89a3de9e040141755c847a5eda	bt_F520_DEV_PGIN/bt_f520_dev_pgin.cpp	eb952e70e248e9d7cea3241c0e2e0f151c56b5db	simulator-models	semantic subsystem review; model behavior remains simulator-scoped
MyHomeSystemEmulator	4f93f44ee5ec7f89a3de9e040141755c847a5eda	bt_F520_DEV_PGIN/bt_f520_dev_pgin.h	82c65dcc3be26c748cc36a00e00888e4946a7047	simulator-models	semantic subsystem review; model behavior remains simulator-scoped
MyHomeSystemEmulator	4f93f44ee5ec7f89a3de9e040141755c847a5eda	bt_F520_DEV_PGIN/btf520_dev.cpp	938fa47e64217419ab05940bfa2ca2e693dd9a3e	simulator-models	semantic subsystem review; model behavior remains simulator-scoped
MyHomeSystemEmulator	4f93f44ee5ec7f89a3de9e040141755c847a5eda	bt_F520_DEV_PGIN/btf520_dev.h	5f4c85218a1d8be9ffea0961e953526bbd57a0f1	simulator-models	semantic subsystem review; model behavior remains simulator-scoped
MyHomeSystemEmulator	4f93f44ee5ec7f89a3de9e040141755c847a5eda	bt_F520_DEV_PGIN/f520resource.cpp	e943963b60da1eebaa06a3419772e6215e5bd3b6	simulator-models	semantic subsystem review; model behavior remains simulator-scoped
MyHomeSystemEmulator	4f93f44ee5ec7f89a3de9e040141755c847a5eda	bt_F520_DEV_PGIN/f520resource.h	9d9732f311e12e80425a0f74e4893468105e9f46	simulator-models	semantic subsystem review; model behavior remains simulator-scoped
MyHomeSystemEmulator	4f93f44ee5ec7f89a3de9e040141755c847a5eda	bt_F520_DEV_PGIN/f520status.cpp	8776e7449ca87814fe55619313500cca54094748	simulator-models	semantic subsystem review; model behavior remains simulator-scoped
MyHomeSystemEmulator	4f93f44ee5ec7f89a3de9e040141755c847a5eda	bt_F520_DEV_PGIN/f520status.h	429dbfc9837878cdedaf5ee4828c36bbb7fdb278	simulator-models	semantic subsystem review; model behavior remains simulator-scoped
MyHomeSystemEmulator	4f93f44ee5ec7f89a3de9e040141755c847a5eda	bt_F520_DEV_PGIN/f520xmlserializer.cpp	88c03070df244416f050003c8f1008aabc323205	simulator-models	semantic subsystem review; model behavior remains simulator-scoped
MyHomeSystemEmulator	4f93f44ee5ec7f89a3de9e040141755c847a5eda	bt_F520_DEV_PGIN/f520xmlserializer.h	ee4bb1c9d2018ec50466de97f1c115602b599b34	simulator-models	semantic subsystem review; model behavior remains simulator-scoped
MyHomeSystemEmulator	4f93f44ee5ec7f89a3de9e040141755c847a5eda	bt_F520_DEV_PGIN/resources/F520.png	ce690b6c1e61788942ca584ab14d42fef5184c75	presentation-assets	inventory only; no new wire semantics
MyHomeSystemEmulator	4f93f44ee5ec7f89a3de9e040141755c847a5eda	bt_F520_DEV_PGIN/resources/F520.xml	e875a522590d5068368bdc12037c7679176125b6	simulator-resource-schema	configuration boundary review
MyHomeSystemEmulator	4f93f44ee5ec7f89a3de9e040141755c847a5eda	bt_F520_DEV_PGIN/resources/F520_94x517.png	023d4736f5fb0e5785b2f82afeae76ce9cad0759	presentation-assets	inventory only; no new wire semantics
MyHomeSystemEmulator	4f93f44ee5ec7f89a3de9e040141755c847a5eda	bt_F520_DEV_PGIN/resources/bt_F520_DEV_PGIN.pro	6b69d7e6667ce039af26fa3dd609ead1b2f523bb	unbuilt-resource-source-copy	compared with built source; not merged into model capabilities
MyHomeSystemEmulator	4f93f44ee5ec7f89a3de9e040141755c847a5eda	bt_F520_DEV_PGIN/resources/bt_F520_DEV_PGIN.qrc	24644d4dbd515ec175e8cadd9b524a0a732b66ff	simulator-models	semantic subsystem review; model behavior remains simulator-scoped
MyHomeSystemEmulator	4f93f44ee5ec7f89a3de9e040141755c847a5eda	bt_F520_DEV_PGIN/resources/bt_F520_DEV_PGIN_global.h	5e71eef8c4b75a75b2345e550a1006261674f8bf	unbuilt-resource-source-copy	compared with built source; not merged into model capabilities
MyHomeSystemEmulator	4f93f44ee5ec7f89a3de9e040141755c847a5eda	bt_F520_DEV_PGIN/resources/bt_f520_dev_pgin.cpp	9cc3b6fedd9d21975c0496b4b00bbe554e45d51c	unbuilt-resource-source-copy	compared with built source; not merged into model capabilities
MyHomeSystemEmulator	4f93f44ee5ec7f89a3de9e040141755c847a5eda	bt_F520_DEV_PGIN/resources/bt_f520_dev_pgin.h	7c06b31941291c861e941ff46f4fae1d1c8cae9d	unbuilt-resource-source-copy	compared with built source; not merged into model capabilities
MyHomeSystemEmulator	4f93f44ee5ec7f89a3de9e040141755c847a5eda	bt_F520_DEV_PGIN/resources/btf520_dev.cpp	cdf077db62c41fe9643ad680116f8c08bd42947e	unbuilt-resource-source-copy	compared with built source; not merged into model capabilities
MyHomeSystemEmulator	4f93f44ee5ec7f89a3de9e040141755c847a5eda	bt_F520_DEV_PGIN/resources/btf520_dev.h	0966abd4b89598b293cf901d354e830e2bc14884	unbuilt-resource-source-copy	compared with built source; not merged into model capabilities
MyHomeSystemEmulator	4f93f44ee5ec7f89a3de9e040141755c847a5eda	bt_F520_DEV_PGIN/resources/f520status.cpp	56e03fab03ace5f921fe081180264574b256d583	unbuilt-resource-source-copy	compared with built source; not merged into model capabilities
MyHomeSystemEmulator	4f93f44ee5ec7f89a3de9e040141755c847a5eda	bt_F520_DEV_PGIN/resources/f520status.h	72c116a01a05364ff977d4162e575ce3682b7bb1	unbuilt-resource-source-copy	compared with built source; not merged into model capabilities
MyHomeSystemEmulator	4f93f44ee5ec7f89a3de9e040141755c847a5eda	bt_F520_DEV_PGIN/resources/f520xmlserializer.cpp	cc8c6e8b87512bebb14dbe99fc73601f3649cfa0	unbuilt-resource-source-copy	compared with built source; not merged into model capabilities
MyHomeSystemEmulator	4f93f44ee5ec7f89a3de9e040141755c847a5eda	bt_F520_DEV_PGIN/resources/f520xmlserializer.h	8e3d22daa52e50c2c3403c549ee73a273b985370	unbuilt-resource-source-copy	compared with built source; not merged into model capabilities
MyHomeSystemEmulator	4f93f44ee5ec7f89a3de9e040141755c847a5eda	bt_GEN_DEV_PGIN/action.h	313f548658386a536932326ca414f3b3f7b24fd8	simulator-models	semantic subsystem review; model behavior remains simulator-scoped
MyHomeSystemEmulator	4f93f44ee5ec7f89a3de9e040141755c847a5eda	bt_GEN_DEV_PGIN/bt_GEN_DEV_PGIN.pro	1d5b270239902f4406d1a589ec76a0e62eb8ef63	simulator-models	semantic subsystem review; model behavior remains simulator-scoped
MyHomeSystemEmulator	4f93f44ee5ec7f89a3de9e040141755c847a5eda	bt_GEN_DEV_PGIN/bt_GEN_DEV_PGIN.qrc	730d181c1932a395d59f05652ffe664f119afa4d	simulator-models	semantic subsystem review; model behavior remains simulator-scoped
MyHomeSystemEmulator	4f93f44ee5ec7f89a3de9e040141755c847a5eda	bt_GEN_DEV_PGIN/bt_gen_DEV_PGIN_global.h	2431e05ca17048f4c15fedf163baa357005047e7	simulator-models	semantic subsystem review; model behavior remains simulator-scoped
MyHomeSystemEmulator	4f93f44ee5ec7f89a3de9e040141755c847a5eda	bt_GEN_DEV_PGIN/bt_gen_dev.cpp	3825d05daac8b1deff6e501fb4d7a16e8fb1e15e	simulator-models	semantic subsystem review; model behavior remains simulator-scoped
MyHomeSystemEmulator	4f93f44ee5ec7f89a3de9e040141755c847a5eda	bt_GEN_DEV_PGIN/bt_gen_dev.h	52788c32c156cc340afe935bc26813249135a901	simulator-models	semantic subsystem review; model behavior remains simulator-scoped
MyHomeSystemEmulator	4f93f44ee5ec7f89a3de9e040141755c847a5eda	bt_GEN_DEV_PGIN/bt_gen_dev_pgin.cpp	77d79307c0c3dd5916c9f3abcaf859051c78c205	simulator-models	semantic subsystem review; model behavior remains simulator-scoped
MyHomeSystemEmulator	4f93f44ee5ec7f89a3de9e040141755c847a5eda	bt_GEN_DEV_PGIN/bt_gen_dev_pgin.h	c113baa08ca5cbecbbd182cfdec88bf836c8cfdd	simulator-models	semantic subsystem review; model behavior remains simulator-scoped
MyHomeSystemEmulator	4f93f44ee5ec7f89a3de9e040141755c847a5eda	bt_GEN_DEV_PGIN/gen_xmlserializer.cpp	75ddbdc93ce9a3e02f2c9f4db134af989ab1c801	simulator-models	semantic subsystem review; model behavior remains simulator-scoped
MyHomeSystemEmulator	4f93f44ee5ec7f89a3de9e040141755c847a5eda	bt_GEN_DEV_PGIN/gen_xmlserializer.h	a7450f07e94a76aecd439d8fa1a06eff6f443466	simulator-models	semantic subsystem review; model behavior remains simulator-scoped
MyHomeSystemEmulator	4f93f44ee5ec7f89a3de9e040141755c847a5eda	bt_GEN_DEV_PGIN/genmsgworker.cpp	8efab5325295ea1d12a4ab3f8e7147e5ac128cdf	simulator-models	semantic subsystem review; model behavior remains simulator-scoped
MyHomeSystemEmulator	4f93f44ee5ec7f89a3de9e040141755c847a5eda	bt_GEN_DEV_PGIN/genmsgworker.h	a868c089626bc3d1ec7b0da87de80e1a3616a0a0	simulator-models	semantic subsystem review; model behavior remains simulator-scoped
MyHomeSystemEmulator	4f93f44ee5ec7f89a3de9e040141755c847a5eda	bt_GEN_DEV_PGIN/message.h	53b15c52a88262d207883426c1844f90b7df0e76	simulator-models	semantic subsystem review; model behavior remains simulator-scoped
MyHomeSystemEmulator	4f93f44ee5ec7f89a3de9e040141755c847a5eda	bt_GEN_DEV_PGIN/qrc_bt_GEN_DEV_PGIN.cpp	ea8756965c788a84f9debe2d4559b798cc599352	generated-source	build boundary; derive behavior from authored input
MyHomeSystemEmulator	4f93f44ee5ec7f89a3de9e040141755c847a5eda	bt_GEN_DEV_PGIN/resources/GEN.xml	defa4b15cf36ada25931c14acdadb5304753b4e8	simulator-resource-schema	configuration boundary review
MyHomeSystemEmulator	4f93f44ee5ec7f89a3de9e040141755c847a5eda	bt_GEN_DEV_PGIN/resources/LedAcceso.png	637e6444f19aef48d6c08a052d8ba71e69c7ab39	presentation-assets	inventory only; no new wire semantics
MyHomeSystemEmulator	4f93f44ee5ec7f89a3de9e040141755c847a5eda	bt_GEN_DEV_PGIN/resources/LedNotConf.png	bb0867a543d4ddaed439a5e6cc75c98b06c4b4aa	presentation-assets	inventory only; no new wire semantics
MyHomeSystemEmulator	4f93f44ee5ec7f89a3de9e040141755c847a5eda	bt_GEN_DEV_PGIN/resources/LedSpento.png	a5f4ca7779283f5b53c131b9999d2e430063fac8	presentation-assets	inventory only; no new wire semantics
MyHomeSystemEmulator	4f93f44ee5ec7f89a3de9e040141755c847a5eda	bt_GEN_DEV_PGIN/resources/genericDevice.png	59c9324124b083decf9f8992d9de012ad594949f	presentation-assets	inventory only; no new wire semantics
MyHomeSystemEmulator	4f93f44ee5ec7f89a3de9e040141755c847a5eda	bt_GEN_DEV_PGIN/scenario.h	cb080005ff39cdf751ddc5688ec8a8a0d433842f	simulator-models	semantic subsystem review; model behavior remains simulator-scoped
MyHomeSystemEmulator	4f93f44ee5ec7f89a3de9e040141755c847a5eda	bt_MyOpenBag_Scripts/LINUX_MyOpenSimulator.sh	18c92d9ef5631c88e73be4ed777e2ec3b5ca404f	packaging-and-documentation	boundary inventory; not a protocol source by itself
MyHomeSystemEmulator	4f93f44ee5ec7f89a3de9e040141755c847a5eda	bt_MyOpenBag_Scripts/MAC_MyOpenSimulator_1.sh	17197988e5079a5623615441d7ba50c596556dec	packaging-and-documentation	boundary inventory; not a protocol source by itself
MyHomeSystemEmulator	4f93f44ee5ec7f89a3de9e040141755c847a5eda	bt_MyOpenBag_Scripts/MAC_MyOpenSimulator_2.sh	8d2f3add0e133f8c73ac9afdbf73c0892465414c	packaging-and-documentation	boundary inventory; not a protocol source by itself
MyHomeSystemEmulator	4f93f44ee5ec7f89a3de9e040141755c847a5eda	bt_MyOpenBag_Scripts/MAC_MyOpenSimulator_3.sh	6397b788d449eefba8fdc0a75acb720e7d38a61e	packaging-and-documentation	boundary inventory; not a protocol source by itself
MyHomeSystemEmulator	4f93f44ee5ec7f89a3de9e040141755c847a5eda	bt_MyOpenBag_Scripts/MAC_MyOpenSimulator_4.sh	5b03fa818f581aa600bdc410ae6aee3e1726f234	packaging-and-documentation	boundary inventory; not a protocol source by itself
MyHomeSystemEmulator	4f93f44ee5ec7f89a3de9e040141755c847a5eda	bt_MyOpenBag_Scripts/MAC_MyOpenSimulator_5.sh	016257bcbad2b8a94c58c0704e76460360ef9fd0	packaging-and-documentation	boundary inventory; not a protocol source by itself
MyHomeSystemEmulator	4f93f44ee5ec7f89a3de9e040141755c847a5eda	bt_MyOpenBag_Scripts/MyOpenSimulatorSetup.iss	4ea7d198de451fcc251e6aacb3cfaa4b0c8a36e8	packaging-and-documentation	boundary inventory; not a protocol source by itself
MyHomeSystemEmulator	4f93f44ee5ec7f89a3de9e040141755c847a5eda	bt_PLANT_PGIN/bt_PLANT_PGIN.pro	dc3a3512480967e13180199152fcfae81cf04873	simulator-framework	message, bus, parser and factory boundary review
MyHomeSystemEmulator	4f93f44ee5ec7f89a3de9e040141755c847a5eda	bt_PLANT_PGIN/bt_PLANT_PGIN_global.h	e7aafbf1340e29aff8c91f99f21376e0658b15b2	simulator-framework	message, bus, parser and factory boundary review
MyHomeSystemEmulator	4f93f44ee5ec7f89a3de9e040141755c847a5eda	bt_PLANT_PGIN/bt_plant_pgin.cpp	d1aea703caeef65d689eb118813e78ba1ec40815	simulator-framework	message, bus, parser and factory boundary review
MyHomeSystemEmulator	4f93f44ee5ec7f89a3de9e040141755c847a5eda	bt_PLANT_PGIN/bt_plant_pgin.h	aaf6b431cf27d5462c4ce612c59847d903fbdfe9	simulator-framework	message, bus, parser and factory boundary review
MyHomeSystemEmulator	4f93f44ee5ec7f89a3de9e040141755c847a5eda	bt_PLANT_PGIN/btplant.cpp	e9158bd462a832336386be9f0b0cea78e7a525a7	simulator-framework	message, bus, parser and factory boundary review
MyHomeSystemEmulator	4f93f44ee5ec7f89a3de9e040141755c847a5eda	bt_PLANT_PGIN/btplant.h	5bf4bca2f16bdd66b9c98d8efc7230bb373135b5	simulator-framework	message, bus, parser and factory boundary review
MyHomeSystemEmulator	4f93f44ee5ec7f89a3de9e040141755c847a5eda	bt_own_GTW_PGIN/bt_own_GTW_PGIN.pro	180b70be2c6cb2a75c4028c17003e97763f3fb2a	simulator-models	semantic subsystem review; model behavior remains simulator-scoped
MyHomeSystemEmulator	4f93f44ee5ec7f89a3de9e040141755c847a5eda	bt_own_GTW_PGIN/bt_own_GTW_PGIN.qrc	0bfff49cc943ff85ff5663fe9004239e8daffb23	simulator-models	semantic subsystem review; model behavior remains simulator-scoped
MyHomeSystemEmulator	4f93f44ee5ec7f89a3de9e040141755c847a5eda	bt_own_GTW_PGIN/bt_own_GTW_PGIN_global.h	9260dfa9a257dc8ea00e21547b636bdfe59ea5f9	simulator-models	semantic subsystem review; model behavior remains simulator-scoped
MyHomeSystemEmulator	4f93f44ee5ec7f89a3de9e040141755c847a5eda	bt_own_GTW_PGIN/bt_own_gtw_pgin.cpp	6a239a5219d8431163e9e997743fde3f2b3c9618	simulator-models	semantic subsystem review; model behavior remains simulator-scoped
MyHomeSystemEmulator	4f93f44ee5ec7f89a3de9e040141755c847a5eda	bt_own_GTW_PGIN/bt_own_gtw_pgin.h	76e131c12735b6dbae37928c93837871e012b88c	simulator-models	semantic subsystem review; model behavior remains simulator-scoped
MyHomeSystemEmulator	4f93f44ee5ec7f89a3de9e040141755c847a5eda	bt_own_GTW_PGIN/btowngtw.cpp	ff5d13a6d946fb181efe1772b5ef73469920a1cf	simulator-models	semantic subsystem review; model behavior remains simulator-scoped
MyHomeSystemEmulator	4f93f44ee5ec7f89a3de9e040141755c847a5eda	bt_own_GTW_PGIN/btowngtw.h	c3127d1e57e227be88155680bf7acd6d687aff0d	simulator-models	semantic subsystem review; model behavior remains simulator-scoped
MyHomeSystemEmulator	4f93f44ee5ec7f89a3de9e040141755c847a5eda	bt_own_GTW_PGIN/gwtstatus.cpp	3878a096ed03621ddf7f0fb64afddde78380157d	simulator-models	semantic subsystem review; model behavior remains simulator-scoped
MyHomeSystemEmulator	4f93f44ee5ec7f89a3de9e040141755c847a5eda	bt_own_GTW_PGIN/gwtstatus.h	787b6c69976c254e7b15c3b25a0c6452b708e7ee	simulator-models	semantic subsystem review; model behavior remains simulator-scoped
MyHomeSystemEmulator	4f93f44ee5ec7f89a3de9e040141755c847a5eda	bt_own_GTW_PGIN/gwtxmlserializer.cpp	96337df25dbf6a187c2e6455e7cc29c17d6ad2d7	simulator-models	semantic subsystem review; model behavior remains simulator-scoped
MyHomeSystemEmulator	4f93f44ee5ec7f89a3de9e040141755c847a5eda	bt_own_GTW_PGIN/gwtxmlserializer.h	c924e71d1ebca4ebacbb3a25f10caf182ae5ff95	simulator-models	semantic subsystem review; model behavior remains simulator-scoped
MyHomeSystemEmulator	4f93f44ee5ec7f89a3de9e040141755c847a5eda	bt_own_GTW_PGIN/qmyserver.cpp	d16d4d80fae4671e16f140a096a9560042c09639	simulator-models	semantic subsystem review; model behavior remains simulator-scoped
MyHomeSystemEmulator	4f93f44ee5ec7f89a3de9e040141755c847a5eda	bt_own_GTW_PGIN/qmyserver.h	8685f673f7d2889e0e69d5a5fad1cf9cc1c9d928	simulator-models	semantic subsystem review; model behavior remains simulator-scoped
MyHomeSystemEmulator	4f93f44ee5ec7f89a3de9e040141755c847a5eda	bt_own_GTW_PGIN/resources/F454.xml	af43507dff3225fd7a935707d7e418fedf6abaf6	simulator-resource-schema	configuration boundary review
MyHomeSystemEmulator	4f93f44ee5ec7f89a3de9e040141755c847a5eda	bt_own_GTW_PGIN/resources/TotaleLedBucatiF454smallContorno.png	b5f65267c64775ff877275774e23f8ed2eed3bbe	presentation-assets	inventory only; no new wire semantics
MyHomeSystemEmulator	4f93f44ee5ec7f89a3de9e040141755c847a5eda	bt_own_GTW_PGIN/resources/blackCam.png	76d4186a66154bdac259bf1d79ce0d6da8c75757	presentation-assets	inventory only; no new wire semantics
MyHomeSystemEmulator	4f93f44ee5ec7f89a3de9e040141755c847a5eda	bt_own_GTW_PGIN/resources/mycert.pem	a6c5a6f5da1ac10237966db418ead95d8f878d8c	certificate-material	inventory only; no credential contents used
MyHomeSystemEmulator	4f93f44ee5ec7f89a3de9e040141755c847a5eda	bt_own_GTW_PGIN/resources/mycertcert.pem	fa213528aeab66633f35cc058c779008cbde410f	certificate-material	inventory only; no credential contents used
MyHomeSystemEmulator	4f93f44ee5ec7f89a3de9e040141755c847a5eda	bt_own_GTW_PGIN/resources/mycertkey.pem	f9ee7a8125d67e9afbf9ed81b1615ee1201b5fee	certificate-material	inventory only; no credential contents used
MyHomeSystemEmulator	4f93f44ee5ec7f89a3de9e040141755c847a5eda	bt_own_GTW_PGIN/tcpserver.cpp	301e7c4254b0fc16344fafbd770bc7573adbb3a1	simulator-models	semantic subsystem review; model behavior remains simulator-scoped
MyHomeSystemEmulator	4f93f44ee5ec7f89a3de9e040141755c847a5eda	bt_own_GTW_PGIN/tcpserver.h	f0f05b7995ae5acf57ae978bfa9edb6880b11ab0	simulator-models	semantic subsystem review; model behavior remains simulator-scoped
MyHomeSystemEmulator	4f93f44ee5ec7f89a3de9e040141755c847a5eda	bt_own_GTW_PGIN/websecureserver.cpp	3533858bf2a594257b87b41f61be889755224c16	simulator-models	semantic subsystem review; model behavior remains simulator-scoped
MyHomeSystemEmulator	4f93f44ee5ec7f89a3de9e040141755c847a5eda	bt_own_GTW_PGIN/websecureserver.h	eb8263a25e6a431ce63744b3917cbb6b78cd3a8f	simulator-models	semantic subsystem review; model behavior remains simulator-scoped
MyHomeSystemEmulator	4f93f44ee5ec7f89a3de9e040141755c847a5eda	bt_own_GTW_PGIN/webserver.cpp	5cf7c9a1dc785608d97ade8c93d4ea45e929fe9b	simulator-models	semantic subsystem review; model behavior remains simulator-scoped
MyHomeSystemEmulator	4f93f44ee5ec7f89a3de9e040141755c847a5eda	bt_own_GTW_PGIN/webserver.h	211cbe9a04b7d5f5f953ff0de44f858e5bc9ce66	simulator-models	semantic subsystem review; model behavior remains simulator-scoped
MyHomeSystemEmulator	4f93f44ee5ec7f89a3de9e040141755c847a5eda	bt_scs_BUSCONN_PGIN/bt_scs_BUSCONN_PGIN.pro	49560258de50daaf792743560b7fb58db0214538	simulator-framework	message, bus, parser and factory boundary review
MyHomeSystemEmulator	4f93f44ee5ec7f89a3de9e040141755c847a5eda	bt_scs_BUSCONN_PGIN/bt_scs_BUSCONN_PGIN_global.h	807f0390d515ee2425081c235b09aafeb9045135	simulator-framework	message, bus, parser and factory boundary review
MyHomeSystemEmulator	4f93f44ee5ec7f89a3de9e040141755c847a5eda	bt_scs_BUSCONN_PGIN/bt_scs_busconn_pgin.cpp	4431ffcfcb60fe6e093152f4283b63ef773d9da1	simulator-framework	message, bus, parser and factory boundary review
MyHomeSystemEmulator	4f93f44ee5ec7f89a3de9e040141755c847a5eda	bt_scs_BUSCONN_PGIN/bt_scs_busconn_pgin.h	fe00b51bfad077cd7c21eb45f5ab71b93ed59633	simulator-framework	message, bus, parser and factory boundary review
MyHomeSystemEmulator	4f93f44ee5ec7f89a3de9e040141755c847a5eda	bt_scs_BUSCONN_PGIN/btscsbusconn.cpp	3f566ebe939e1329fb88a5d9bec8849dc74212bd	simulator-framework	message, bus, parser and factory boundary review
MyHomeSystemEmulator	4f93f44ee5ec7f89a3de9e040141755c847a5eda	bt_scs_BUSCONN_PGIN/btscsbusconn.h	7866b592f2e07b656e0dce867e5197e2f9721b88	simulator-framework	message, bus, parser and factory boundary review
MyHomeSystemEmulator	4f93f44ee5ec7f89a3de9e040141755c847a5eda	bt_scs_BUSCONN_PGIN/busconnxml.cpp	8631943ab24397352d5b7e7676ac7653857cb941	simulator-framework	message, bus, parser and factory boundary review
MyHomeSystemEmulator	4f93f44ee5ec7f89a3de9e040141755c847a5eda	bt_scs_BUSCONN_PGIN/busconnxml.h	b525efa2bd812a39b39b77625a28aee8848f9eb4	simulator-framework	message, bus, parser and factory boundary review
MyHomeSystemEmulator	4f93f44ee5ec7f89a3de9e040141755c847a5eda	bt_scs_BUS_PGIN/bt_scs_BUS_PGIN.pro	05fa54626c2a612447f06cc4e4293e2ee3eedc07	simulator-framework	message, bus, parser and factory boundary review
MyHomeSystemEmulator	4f93f44ee5ec7f89a3de9e040141755c847a5eda	bt_scs_BUS_PGIN/bt_scs_BUS_PGIN_global.h	6eb9c0a2689cdfddb67d593a35ac75bf74466f32	simulator-framework	message, bus, parser and factory boundary review
MyHomeSystemEmulator	4f93f44ee5ec7f89a3de9e040141755c847a5eda	bt_scs_BUS_PGIN/bt_scs_bus_pgin.cpp	91075c62bb4997ef0eead499bd5ca62e7a347df9	simulator-framework	message, bus, parser and factory boundary review
MyHomeSystemEmulator	4f93f44ee5ec7f89a3de9e040141755c847a5eda	bt_scs_BUS_PGIN/bt_scs_bus_pgin.h	ea3d53370697a89764b8adb9b2ca2c0d654dd1b7	simulator-framework	message, bus, parser and factory boundary review
MyHomeSystemEmulator	4f93f44ee5ec7f89a3de9e040141755c847a5eda	bt_scs_BUS_PGIN/btscsbus.cpp	94c790d414ad28bf603ec7d99de18e15fe546e25	simulator-framework	message, bus, parser and factory boundary review
MyHomeSystemEmulator	4f93f44ee5ec7f89a3de9e040141755c847a5eda	bt_scs_BUS_PGIN/btscsbus.h	5957699002c832687c81eee3ddb9204a55031a48	simulator-framework	message, bus, parser and factory boundary review
MyHomeSystemEmulator	4f93f44ee5ec7f89a3de9e040141755c847a5eda	bt_scs_BUS_PGIN/busxmlserializer.cpp	b82b21cb3bede964b5edb3421c5105b7a649c648	simulator-framework	message, bus, parser and factory boundary review
MyHomeSystemEmulator	4f93f44ee5ec7f89a3de9e040141755c847a5eda	bt_scs_BUS_PGIN/busxmlserializer.h	ee17b41210c50a20723f5771e221fdcf101803ce	simulator-framework	message, bus, parser and factory boundary review
MyHomeSystemEmulator	4f93f44ee5ec7f89a3de9e040141755c847a5eda	libplant/busconnfactory.h	d4160298cba48d84cc21cdbd59c241991545affb	simulator-framework	message, bus, parser and factory boundary review
MyHomeSystemEmulator	4f93f44ee5ec7f89a3de9e040141755c847a5eda	libplant/busfactory.h	1d6261e1c15c6aa6231a1a22f7b0359357d565e7	simulator-framework	message, bus, parser and factory boundary review
MyHomeSystemEmulator	4f93f44ee5ec7f89a3de9e040141755c847a5eda	libplant/cmdexecutor.cpp	d3f5a12faa99758192ecc4ed3fc22c9249232e86	simulator-framework	message, bus, parser and factory boundary review
MyHomeSystemEmulator	4f93f44ee5ec7f89a3de9e040141755c847a5eda	libplant/cmdexecutor.h	184ebdf40d987f4b9a08b352b1f150eb5b0ba115	simulator-framework	message, bus, parser and factory boundary review
MyHomeSystemEmulator	4f93f44ee5ec7f89a3de9e040141755c847a5eda	libplant/devicefactory.h	014c4890e38d1eb5577f6358bfdbe16ca79d92f8	simulator-framework	message, bus, parser and factory boundary review
MyHomeSystemEmulator	4f93f44ee5ec7f89a3de9e040141755c847a5eda	libplant/eventhandler.cpp	9a811eea5803d80167a2bb3acb83e0ac9ac158d6	simulator-framework	message, bus, parser and factory boundary review
MyHomeSystemEmulator	4f93f44ee5ec7f89a3de9e040141755c847a5eda	libplant/eventhandler.h	825649d06b388ac358de646cf7a4a3929b763855	simulator-framework	message, bus, parser and factory boundary review
MyHomeSystemEmulator	4f93f44ee5ec7f89a3de9e040141755c847a5eda	libplant/eventsource.cpp	513740b34e4459dea7e3ffbf63f22fffc78a391e	simulator-framework	message, bus, parser and factory boundary review
MyHomeSystemEmulator	4f93f44ee5ec7f89a3de9e040141755c847a5eda	libplant/eventsource.h	19135a953abcd68bf828c94a1e81eeab0e979306	simulator-framework	message, bus, parser and factory boundary review
MyHomeSystemEmulator	4f93f44ee5ec7f89a3de9e040141755c847a5eda	libplant/gatewayfactory.h	73294ab13d4b33c976036c6aa515d34cbf5bd986	simulator-framework	message, bus, parser and factory boundary review
MyHomeSystemEmulator	4f93f44ee5ec7f89a3de9e040141755c847a5eda	libplant/jsonhandler.cpp	cb20a86af0ee342016adff9c9d1bf105c560a0bd	simulator-framework	message, bus, parser and factory boundary review
MyHomeSystemEmulator	4f93f44ee5ec7f89a3de9e040141755c847a5eda	libplant/jsonhandler.h	2141d47e60f1154a5e08459851bd310068429d4b	simulator-framework	message, bus, parser and factory boundary review
MyHomeSystemEmulator	4f93f44ee5ec7f89a3de9e040141755c847a5eda	libplant/libplant.pro	12cf7fbd3ff07acd760c8a2f71c1a9dc84219092	simulator-framework	message, bus, parser and factory boundary review
MyHomeSystemEmulator	4f93f44ee5ec7f89a3de9e040141755c847a5eda	libplant/libplant_global.h	665e26e79464c3d79befb86487cefa8136e7fec5	simulator-framework	message, bus, parser and factory boundary review
MyHomeSystemEmulator	4f93f44ee5ec7f89a3de9e040141755c847a5eda	libplant/openmsg.cpp	789224fc75f500aba4c75600b1086d65a2f4b041	simulator-framework	message, bus, parser and factory boundary review
MyHomeSystemEmulator	4f93f44ee5ec7f89a3de9e040141755c847a5eda	libplant/openmsg.h	fdd344ee68a62e4f770d13a4d7ee755180ea7a11	simulator-framework	message, bus, parser and factory boundary review
MyHomeSystemEmulator	4f93f44ee5ec7f89a3de9e040141755c847a5eda	libplant/openmsgcommand.cpp	0aab47dc840fe751eab4c1d74cf2e23da56dc500	simulator-framework	message, bus, parser and factory boundary review
MyHomeSystemEmulator	4f93f44ee5ec7f89a3de9e040141755c847a5eda	libplant/openmsgcommand.h	d646cad7239d1d8e610130a732fe45fcf8dfca28	simulator-framework	message, bus, parser and factory boundary review
MyHomeSystemEmulator	4f93f44ee5ec7f89a3de9e040141755c847a5eda	libplant/openmsgdiagnostics.cpp	25fd727aa46d098b32de900d316e07198f19258d	simulator-framework	message, bus, parser and factory boundary review
MyHomeSystemEmulator	4f93f44ee5ec7f89a3de9e040141755c847a5eda	libplant/openmsgdiagnostics.h	a02aecd64148ee7951c9b5bbbc535d2d6b237135	simulator-framework	message, bus, parser and factory boundary review
MyHomeSystemEmulator	4f93f44ee5ec7f89a3de9e040141755c847a5eda	libplant/plant.h	166c0bdc3f7357f229e5f0adca906eb204375a69	simulator-framework	message, bus, parser and factory boundary review
MyHomeSystemEmulator	4f93f44ee5ec7f89a3de9e040141755c847a5eda	libplant/plantbus.h	45505fcae1b2bde2fb0fa1f3b073518cf474f3aa	simulator-framework	message, bus, parser and factory boundary review
MyHomeSystemEmulator	4f93f44ee5ec7f89a3de9e040141755c847a5eda	libplant/plantbusconn.h	961ca85fd06b1a17159899513642f46db8b41b66	simulator-framework	message, bus, parser and factory boundary review
MyHomeSystemEmulator	4f93f44ee5ec7f89a3de9e040141755c847a5eda	libplant/plantdevice.h	ef3b04f70c9e048eb2028cee73ecc2807946ee7b	simulator-framework	message, bus, parser and factory boundary review
MyHomeSystemEmulator	4f93f44ee5ec7f89a3de9e040141755c847a5eda	libplant/plantfactory.h	29fb9e83958839b38fd4daa228f506c2bad65313	simulator-framework	message, bus, parser and factory boundary review
MyHomeSystemEmulator	4f93f44ee5ec7f89a3de9e040141755c847a5eda	libplant/plantgateway.h	26c926dcfca35d210c82a5e0a7436cb68e3291d9	simulator-framework	message, bus, parser and factory boundary review
MyHomeSystemEmulator	4f93f44ee5ec7f89a3de9e040141755c847a5eda	libplant/plantmessage.cpp	56f4dc774ae3b58b29477deec63592cea78368c0	simulator-framework	message, bus, parser and factory boundary review
MyHomeSystemEmulator	4f93f44ee5ec7f89a3de9e040141755c847a5eda	libplant/plantmessage.h	cbcc56c8e6e5ffa9f3a606229c66cc2a509e39b4	simulator-framework	message, bus, parser and factory boundary review
MyHomeSystemEmulator	4f93f44ee5ec7f89a3de9e040141755c847a5eda	libplant/plantmgr.cpp	7802136ed49a615358472b8096d60ccbfa334181	simulator-framework	message, bus, parser and factory boundary review
MyHomeSystemEmulator	4f93f44ee5ec7f89a3de9e040141755c847a5eda	libplant/plantmgr.h	2131aedf813dbd2ee6f601a6c630fcba3d27b386	simulator-framework	message, bus, parser and factory boundary review
MyHomeSystemEmulator	4f93f44ee5ec7f89a3de9e040141755c847a5eda	libplant/plantnode.cpp	b2db2149b7672bd6c77d2f9ce3232bc63707459a	simulator-framework	message, bus, parser and factory boundary review
MyHomeSystemEmulator	4f93f44ee5ec7f89a3de9e040141755c847a5eda	libplant/plantnode.h	7ec6f396c9d6c657efd3d8cf5d636866d246320b	simulator-framework	message, bus, parser and factory boundary review
MyHomeSystemEmulator	4f93f44ee5ec7f89a3de9e040141755c847a5eda	libplant/syserror.h	e188ba2876be251c08a8ef3a7397c7edfae91857	simulator-framework	message, bus, parser and factory boundary review
MyHomeSystemEmulator	4f93f44ee5ec7f89a3de9e040141755c847a5eda	myopenbagsimulator/MyOpenBagClient.pro	20103d712fa62daa85bb6c1769028b016ab52ad3	simulator-ui	configuration and graph boundary review; no new wire registry
MyHomeSystemEmulator	4f93f44ee5ec7f89a3de9e040141755c847a5eda	myopenbagsimulator/column.cpp	5a55d74d4cbe304a7a76430d507e68ddbf94d9c5	simulator-ui	configuration and graph boundary review; no new wire registry
MyHomeSystemEmulator	4f93f44ee5ec7f89a3de9e040141755c847a5eda	myopenbagsimulator/column.h	d05307569b459ed68c3646913c1459e93f9d1cf4	simulator-ui	configuration and graph boundary review; no new wire registry
MyHomeSystemEmulator	4f93f44ee5ec7f89a3de9e040141755c847a5eda	myopenbagsimulator/deviceadapter.cpp	db14e6bb53717e298aec1b0eb12e3c204c4e8398	simulator-ui	configuration and graph boundary review; no new wire registry
MyHomeSystemEmulator	4f93f44ee5ec7f89a3de9e040141755c847a5eda	myopenbagsimulator/deviceadapter.h	8518592ed965c6f84fbfef1eb103bbb53c2399d4	simulator-ui	configuration and graph boundary review; no new wire registry
MyHomeSystemEmulator	4f93f44ee5ec7f89a3de9e040141755c847a5eda	myopenbagsimulator/devicemodel.cpp	a00ab4ed999bb44f7c1beaa9a18cc49fd6038ee1	simulator-ui	configuration and graph boundary review; no new wire registry
MyHomeSystemEmulator	4f93f44ee5ec7f89a3de9e040141755c847a5eda	myopenbagsimulator/devicemodel.h	a9a33f562e0b0fa5eafa47e6efaeaca42b5c12fa	simulator-ui	configuration and graph boundary review; no new wire registry
MyHomeSystemEmulator	4f93f44ee5ec7f89a3de9e040141755c847a5eda	myopenbagsimulator/devicewidget.cpp	7434638bcddc2e132910c8b56f40fae9bdcf5f40	simulator-ui	configuration and graph boundary review; no new wire registry
MyHomeSystemEmulator	4f93f44ee5ec7f89a3de9e040141755c847a5eda	myopenbagsimulator/devicewidget.h	e8070cff6c87f15b7012e90035b457e96a2d3431	simulator-ui	configuration and graph boundary review; no new wire registry
MyHomeSystemEmulator	4f93f44ee5ec7f89a3de9e040141755c847a5eda	myopenbagsimulator/dragdinwidget.cpp	2a39aedd61076fd8482e50eb6ced4a53b9f7d7b3	simulator-ui	configuration and graph boundary review; no new wire registry
MyHomeSystemEmulator	4f93f44ee5ec7f89a3de9e040141755c847a5eda	myopenbagsimulator/dragdinwidget.h	c0c7ec322ed072e9708617940aff2db8b7696303	simulator-ui	configuration and graph boundary review; no new wire registry
MyHomeSystemEmulator	4f93f44ee5ec7f89a3de9e040141755c847a5eda	myopenbagsimulator/graphdialog.cpp	b097cf7c145d78f1f0eabe1cc537ac6ef5637a6a	simulator-ui	configuration and graph boundary review; no new wire registry
MyHomeSystemEmulator	4f93f44ee5ec7f89a3de9e040141755c847a5eda	myopenbagsimulator/graphdialog.h	e99ff60765770c9f9ba0d5dadec7ae379e8f363c	simulator-ui	configuration and graph boundary review; no new wire registry
MyHomeSystemEmulator	4f93f44ee5ec7f89a3de9e040141755c847a5eda	myopenbagsimulator/graphwidget.cpp	9f3d7503596afb7889fb854bb7ae67297bc042c2	simulator-ui	configuration and graph boundary review; no new wire registry
MyHomeSystemEmulator	4f93f44ee5ec7f89a3de9e040141755c847a5eda	myopenbagsimulator/graphwidget.h	9a0bc2c2070eda48b1e97844a98460bf1a652b37	simulator-ui	configuration and graph boundary review; no new wire registry
MyHomeSystemEmulator	4f93f44ee5ec7f89a3de9e040141755c847a5eda	myopenbagsimulator/histogram.cpp	4c8185274f6d2600f508a1fe5c5ed6f66add40ff	simulator-ui	configuration and graph boundary review; no new wire registry
MyHomeSystemEmulator	4f93f44ee5ec7f89a3de9e040141755c847a5eda	myopenbagsimulator/histogram.h	2bb17d326bca3e3492aba590390501c607bb2d4f	simulator-ui	configuration and graph boundary review; no new wire registry
MyHomeSystemEmulator	4f93f44ee5ec7f89a3de9e040141755c847a5eda	myopenbagsimulator/main.cpp	07cf875c661e566b6761f2e4968aae9cf0423d02	simulator-ui	configuration and graph boundary review; no new wire registry
MyHomeSystemEmulator	4f93f44ee5ec7f89a3de9e040141755c847a5eda	myopenbagsimulator/mainwindow.cpp	f18ef08f3098f1b239523d621b8a21a8493aa61f	simulator-ui	configuration and graph boundary review; no new wire registry
MyHomeSystemEmulator	4f93f44ee5ec7f89a3de9e040141755c847a5eda	myopenbagsimulator/mainwindow.h	eec575d5612cbde026ed2b3049a7c726d3447e9f	simulator-ui	configuration and graph boundary review; no new wire registry
MyHomeSystemEmulator	4f93f44ee5ec7f89a3de9e040141755c847a5eda	myopenbagsimulator/mainwindow.ui	3d7e2b4be110003dee2fcc6e39ec3b52fbc11fe4	simulator-ui	configuration and graph boundary review; no new wire registry
MyHomeSystemEmulator	4f93f44ee5ec7f89a3de9e040141755c847a5eda	myopenbagsimulator/qrc_resource.cpp	9d3aedcdfaa37af486de830c1b0858388ed74f70	generated-source	build boundary; derive behavior from authored input
MyHomeSystemEmulator	4f93f44ee5ec7f89a3de9e040141755c847a5eda	myopenbagsimulator/resource.qrc	414d5ff222eea461ec8cad26d346205644bbb368	simulator-ui	configuration and graph boundary review; no new wire registry
MyHomeSystemEmulator	4f93f44ee5ec7f89a3de9e040141755c847a5eda	myopenbagsimulator/resources/BarraDin.png	6cfe97d2d4502b9fead73fb315a1146cda1a8503	presentation-assets	inventory only; no new wire semantics
MyHomeSystemEmulator	4f93f44ee5ec7f89a3de9e040141755c847a5eda	myopenbagsimulator/resources/default.plnt	a236258ae52648693dfaac6f048b006750d4101c	simulation-fixtures	fixture families inspected; scripted replies are not physical-device evidence
MyHomeSystemEmulator	4f93f44ee5ec7f89a3de9e040141755c847a5eda	myopenbagsimulator/settingdialog.cpp	d6cd6fe0dbd868f580b065c65307a2f81aa450e7	simulator-ui	configuration and graph boundary review; no new wire registry
MyHomeSystemEmulator	4f93f44ee5ec7f89a3de9e040141755c847a5eda	myopenbagsimulator/settingdialog.h	2d0e74533c692e6ae1e2a314497bcb87ff7f9949	simulator-ui	configuration and graph boundary review; no new wire registry
MyHomeSystemEmulator	4f93f44ee5ec7f89a3de9e040141755c847a5eda	myopenbagsimulator/setupwidget.cpp	ee35c575ce2a9c4ef80f74d00aa9d98cfdef0ab2	simulator-ui	configuration and graph boundary review; no new wire registry
MyHomeSystemEmulator	4f93f44ee5ec7f89a3de9e040141755c847a5eda	myopenbagsimulator/setupwidget.h	df3f99efff373a32a636fe509c9381dd1f38d920	simulator-ui	configuration and graph boundary review; no new wire registry
MyHomeSystemEmulator	4f93f44ee5ec7f89a3de9e040141755c847a5eda	myopenbagsimulator/simulationtime.cpp	2452b274238866ecfdbe9114623ed8f7b106cd06	simulator-ui	configuration and graph boundary review; no new wire registry
MyHomeSystemEmulator	4f93f44ee5ec7f89a3de9e040141755c847a5eda	myopenbagsimulator/simulationtime.h	dc9604b0d09d553daa2221ee06af6c6b040874cf	simulator-ui	configuration and graph boundary review; no new wire registry
MyHomeSystemEmulator	4f93f44ee5ec7f89a3de9e040141755c847a5eda	myopenbagsimulator/ui_mainwindow.h	519520b163e127954b49a6fc2ac1968752ad3e39	generated-source	build boundary; derive behavior from authored input
