id_conf	id_firmware	firmware_V	firmware_R	item	symbol	description	extended_description	domain_rows	domain_sha256	named_values	disposition	canonical_destination	scope_limit
2877	1	4	0	Multimedia Touch Screen	SYSADDRESS	Univocal code		1	a59dde94325ffe52c0e34e5bc75e5b2ec8a2ee8740a7f18ab7d96551c1a41189	######=Univocal code	excluded-as-physical-position	device-model/configurators.md#configuration-modes	Software/identity/function metadata; idx=-1 alone does not prove a socket
2878	1	4	0	Multimedia Touch Screen	FW_VER	Firmware version		1	e27d9204096b800418a8558f86197db34e979d0c44df385d1ca720f374ff012b	######=Firmware version	excluded-as-physical-position	device-model/configurators.md#configuration-modes	Software/identity/function metadata; idx=-1 alone does not prove a socket
2879	1	4	0	Multimedia Touch Screen	LAN_IP_ADDRESS	Local IP address		1	efe39fe79f0e79ce6ce912a0c289b011e5c1d5015fde3a1933d9afd8037abbf9	###.###.###.###=Local IP address	excluded-as-physical-position	device-model/configurators.md#configuration-modes	Software/identity/function metadata; idx=-1 alone does not prove a socket
5290	1	4	0	Multimedia Touch Screen	AID	ID	ID	1	61157e09598ed2f0a13f8403adaae25b32701f01fd41d49174d7e1b60ea09ac1	********=AID	excluded-as-physical-position	device-model/configurators.md#configuration-modes	Software/identity/function metadata; idx=-1 alone does not prove a socket
1082	2	3	0	Webserver Audio/Video DIN	IS_GATEWAY	Gateway	Boolean flag for Gateway device	3	b487111130d4f6678946dac9f0d51a02e12165ce8ceb717002a7deabca05a052	0=Disable;1=Enable	excluded-as-physical-position	device-model/configurators.md#configuration-modes	Software/identity/function metadata; idx=-1 alone does not prove a socket
1083	2	3	0	Webserver Audio/Video DIN	FW_VER	Firmware version	Firmware version	1	951d22fdd36a6ae10d154f00d3726e65766cb9fb61a641b454399a1aa117cda1	######=Firmware version	excluded-as-physical-position	device-model/configurators.md#configuration-modes	Software/identity/function metadata; idx=-1 alone does not prove a socket
1084	2	3	0	Webserver Audio/Video DIN	VCD_PORT	Video port	VIdeo port	1	db25174dc4dbc52e7e1135ca01ee6243de4523976902f0ba79b7b7cd20825c6a	#####=Video port	excluded-as-physical-position	device-model/configurators.md#configuration-modes	Software/identity/function metadata; idx=-1 alone does not prove a socket
1085	2	3	0	Webserver Audio/Video DIN	CMD_PORT	Commands port	Commands port	1	aba0325767370df9f2c67593ffcdd65b8b4863b79c59426dc5df50ff5d3c7833	#####=Commands port	excluded-as-physical-position	device-model/configurators.md#configuration-modes	Software/identity/function metadata; idx=-1 alone does not prove a socket
1086	2	3	0	Webserver Audio/Video DIN	LAN_IP_ADDRESS	Local IP address	Local IP address	1	e3b678d90b4a7d97546c45795e6de57310465aebb304deefdc13bb0ae9a23133	###.###.###.###=Local IP address	excluded-as-physical-position	device-model/configurators.md#configuration-modes	Software/identity/function metadata; idx=-1 alone does not prove a socket
1087	2	3	0	Webserver Audio/Video DIN	LAN_IP_ADDR_TYPE	Local IP dynamicity	Local Dynamic IP	3	d9026000d1359f5cc1c73f9a9302e7c5cf8d00fa9d6a5b509713ebfbe292e7f3	0=Static IP;1=Dynamic IP (DHCP)	excluded-as-physical-position	device-model/configurators.md#configuration-modes	Software/identity/function metadata; idx=-1 alone does not prove a socket
1088	2	3	0	Webserver Audio/Video DIN	IP_ADDRESS	Public IP address	Public IP address	1	e7ba0467a2c98fa829420ee0ccaf7f510315d7f425e3277cfdc768a59431ef3d	###.###.###.###=Public IP address	excluded-as-physical-position	device-model/configurators.md#configuration-modes	Software/identity/function metadata; idx=-1 alone does not prove a socket
1089	2	3	0	Webserver Audio/Video DIN	CONNECTION_METHOD	Public IP dynamicity	Public Dynamic IP	4	46ccefef18214e37680dcf3a1e54f7deabaee22ad23bd3ce4e5005d90de94600	0=Dynamic IP (DHCP);1=Static IP;2=Web active connections	excluded-as-physical-position	device-model/configurators.md#configuration-modes	Software/identity/function metadata; idx=-1 alone does not prove a socket
1090	2	3	0	Webserver Audio/Video DIN	S_VCT	Voice box videos	Voice Box Vds	3	5f796f6aac2c4ac49025cc7062900e657737617729a4636cc0a0be875a4d387c	0=Disable;1=Enable	excluded-as-physical-position	device-model/configurators.md#configuration-modes	Software/identity/function metadata; idx=-1 alone does not prove a socket
5291	2	3	0	Webserver Audio/Video DIN	AID	ID	ID	1	e53a0c7ff53c4876cd0e319d539f4fe277503034a4b910a16d08496ad5f74288	********=AID	excluded-as-physical-position	device-model/configurators.md#configuration-modes	Software/identity/function metadata; idx=-1 alone does not prove a socket
1092	5	2	0	Enhanced Webserver	IS_GATEWAY	Gateway	Boolean flag for Gateway device	3	991224732b02b28c0e081ba6f464ff9905e6643a2aaf5e97b770689c4c2490a4	0=Disable;1=Enable	excluded-as-physical-position	device-model/configurators.md#configuration-modes	Software/identity/function metadata; idx=-1 alone does not prove a socket
1093	5	2	0	Enhanced Webserver	FW_VER	Firmware version	Firmware version	1	24275120fc62274a2825093ad2e712f8b55c29152e262a6638d119ff81db3db4	######=Firmware version	excluded-as-physical-position	device-model/configurators.md#configuration-modes	Software/identity/function metadata; idx=-1 alone does not prove a socket
1094	5	2	0	Enhanced Webserver	VCD_PORT	Video port	VIdeo port	1	57efd1cc030b95469fd32a45d9391fbb881848cac5ef8de4b9057ef0ad534278	#####=Video port	excluded-as-physical-position	device-model/configurators.md#configuration-modes	Software/identity/function metadata; idx=-1 alone does not prove a socket
1095	5	2	0	Enhanced Webserver	CMD_PORT	Commands port	Commands port	1	17a417719ed1751b254e5bca10573338a14cb9296b9f4c5be5870c9e695cf8d9	#####=Commands port	excluded-as-physical-position	device-model/configurators.md#configuration-modes	Software/identity/function metadata; idx=-1 alone does not prove a socket
1096	5	2	0	Enhanced Webserver	LAN_IP_ADDRESS	Local IP address	Local IP address	1	6ddc7160d0c7bdffc774476c38c35cc89d58835d0c3c045efb8bd93f6c742442	###.###.###.###=Local IP address	excluded-as-physical-position	device-model/configurators.md#configuration-modes	Software/identity/function metadata; idx=-1 alone does not prove a socket
1097	5	2	0	Enhanced Webserver	LAN_IP_ADDR_TYPE	Local IP dynamicity	Local Dynamic IP	3	0df3f3d0006cc629916f4d48f7c0b6f83b73b35e399122c98c1d4e5d12a3daad	0=Static IP;1=Dynamic IP (DHCP)	excluded-as-physical-position	device-model/configurators.md#configuration-modes	Software/identity/function metadata; idx=-1 alone does not prove a socket
1098	5	2	0	Enhanced Webserver	IP_ADDRESS	Public IP address	Public IP address	1	85f744cc58c827f68535e7d243ffdf156f6ec719ab4355657980794e52575a68	###.###.###.###=Public IP address	excluded-as-physical-position	device-model/configurators.md#configuration-modes	Software/identity/function metadata; idx=-1 alone does not prove a socket
1099	5	2	0	Enhanced Webserver	CONNECTION_METHOD	Public IP dynamicity	Public Dynamic IP	4	d51b19b7c2af51e50bd1fe5b01183498455f15548bacec1da5a2550b3478d773	0=Dynamic IP (DHCP);1=Static IP;2=Web active connections	excluded-as-physical-position	device-model/configurators.md#configuration-modes	Software/identity/function metadata; idx=-1 alone does not prove a socket
5292	5	2	0	Enhanced Webserver	AID	ID	ID	1	561ad93a03b92560427af4edc3947f1388fa5aca9c30a998abb0528fd904def5	********=AID	excluded-as-physical-position	device-model/configurators.md#configuration-modes	Software/identity/function metadata; idx=-1 alone does not prove a socket
1111	6	1	0	Web Server A/V Bus	IS_GATEWAY	Gateway	Boolean flag for Gateway device	3	2f0df34e7b39c637a7e80b0e764c341c9caea480abee9745831ca318f79397a8	0=Disable;1=Enable	excluded-as-physical-position	device-model/configurators.md#configuration-modes	Software/identity/function metadata; idx=-1 alone does not prove a socket
1113	6	1	0	Web Server A/V Bus	FW_VER	Firmware version	Firmware version	1	f9ed7b8010ee6c5d7db3fce4e6d6d3a16dcdbe4bc5cd9eda948b17dcf3dcaa6a	######=Firmware version	excluded-as-physical-position	device-model/configurators.md#configuration-modes	Software/identity/function metadata; idx=-1 alone does not prove a socket
1115	6	1	0	Web Server A/V Bus	VCD_PORT	Video port	VIdeo port	1	8506f6353b12ebe9a0909c2bcb32f80f786d19a6afaadfd8b8175712a98edce1	#####=Video port	excluded-as-physical-position	device-model/configurators.md#configuration-modes	Software/identity/function metadata; idx=-1 alone does not prove a socket
1117	6	1	0	Web Server A/V Bus	CMD_PORT	Commands port	Commands port	1	6d4278bcc07e3ca1fc7c0010d3926cfc9663f490cf322e4f4fb654b4da0526e3	#####=Commands port	excluded-as-physical-position	device-model/configurators.md#configuration-modes	Software/identity/function metadata; idx=-1 alone does not prove a socket
1119	6	1	0	Web Server A/V Bus	LAN_IP_ADDRESS	Local IP address	Local IP address	1	c20423d2cced11f859c4a1d3e4799f51c6517b062ee33088b5540310b2f420c4	###.###.###.###=Local IP address	excluded-as-physical-position	device-model/configurators.md#configuration-modes	Software/identity/function metadata; idx=-1 alone does not prove a socket
1121	6	1	0	Web Server A/V Bus	LAN_IP_ADDR_TYPE	Local IP dynamicity	Local Dynamic IP	3	f613087967612c83d9838da86d5f6a05f84090a362ac37f705f3b82a56fe1fcc	0=Static IP;1=Dynamic IP (DHCP)	excluded-as-physical-position	device-model/configurators.md#configuration-modes	Software/identity/function metadata; idx=-1 alone does not prove a socket
1123	6	1	0	Web Server A/V Bus	IP_ADDRESS	Public IP address	Public IP address	1	e4e51f8fe270621b42e42adecb1cdd2229cd162cf1c9150b1b64e2e2d74f4611	###.###.###.###=Public IP address	excluded-as-physical-position	device-model/configurators.md#configuration-modes	Software/identity/function metadata; idx=-1 alone does not prove a socket
1125	6	1	0	Web Server A/V Bus	CONNECTION_METHOD	Public IP dynamicity	Public Dynamic IP	4	05c3f32e8c1ed91f4a777fff4025d2bc44667b4836895245ab20a63d3e888df7	0=Dynamic IP (DHCP);1=Static IP;2=Web active connections	excluded-as-physical-position	device-model/configurators.md#configuration-modes	Software/identity/function metadata; idx=-1 alone does not prove a socket
1127	6	1	0	Web Server A/V Bus	S_VCT	Voice box videos	Voice Box Vds	3	53a500d8d1297b50632151d413441f61abff540c164a428e2434cba6f137c092	0=Disable;1=Enable	excluded-as-physical-position	device-model/configurators.md#configuration-modes	Software/identity/function metadata; idx=-1 alone does not prove a socket
5293	6	1	0	Web Server A/V Bus	AID	ID	ID	1	afa4825ad7a024a4b3abf0b0d23d357db05e18c671384db81c047e73e4dccef2	********=AID	excluded-as-physical-position	device-model/configurators.md#configuration-modes	Software/identity/function metadata; idx=-1 alone does not prove a socket
1971	7	1	0	Scenario control	A	A	Enviroment	1	17c4aae283e218fae00ddf2ac0043ff48fe846d01fc38a6d19cbcd392d5639c3		corroborates-contextual-vocabulary	device-model/configurators.md#positions-and-functions	Catalogue field/name scoped to this definition; manufacturer examples do not validate every associated product, numeric domain or deployment
1972	7	1	0	Scenario control	PL	PL	Light Point	1	a9227b83fff191e4f28d36f4460832ea2a4b33db0196c1d0d7e241839500c62c		corroborates-contextual-vocabulary	device-model/configurators.md#positions-and-functions	Catalogue field/name scoped to this definition; manufacturer examples do not validate every associated product, numeric domain or deployment
1974	7	1	0	Scenario control	M	M	Mode (0-4,CEN)	7	e1d8fb1ba4b207f372c0549350d37f950b00e6daed471a3b7d56834f33286b98	14=CEN	corroborates-contextual-vocabulary	device-model/configurators.md#positions-and-functions	Catalogue field/name scoped to this definition; manufacturer examples do not validate every associated product, numeric domain or deployment
1977	7	1	0	Scenario control	N	N	N (0-5)	1	f6d8a85fff3b4d3bcd5f40368ef749066e204b6ff4cb752deb1067aa57c2957b		corroborates-contextual-vocabulary	device-model/configurators.md#system-specific-positions	Catalogue field/name scoped to this definition; manufacturer examples do not validate every associated product, numeric domain or deployment
1978	7	1	0	Scenario control	DEL	DEL	Configurator DEL	1	0c0236c8d15bd9183888e239e03b710a4bc2ef12ded0ce919d54a67e7cdcdc92		corroborates-contextual-vocabulary	device-model/configurators.md#system-specific-positions	Catalogue field/name scoped to this definition; manufacturer examples do not validate every associated product, numeric domain or deployment
5294	7	1	0	Scenario control	AID	ID	ID	1	ee4de39b2da13d8478851a69fa14e88188ecff121c97105621535cef8f6b1c48	********=AID	excluded-as-physical-position	device-model/configurators.md#configuration-modes	Software/identity/function metadata; idx=-1 alone does not prove a socket
2884	8	2	0	MyHOME_Screen 3.5	LAN_IP_ADDRESS	Local IP address		1	ae2a84ad1cef81b9c3fe5f84019b0377e9464815231f60d0374f0870eb5eceb0	###.###.###.###=Local IP address	excluded-as-physical-position	device-model/configurators.md#configuration-modes	Software/identity/function metadata; idx=-1 alone does not prove a socket
2887	8	2	0	MyHOME_Screen 3.5	FW_VER	Firmware version		1	6f49ecbb39e74e69c5b1ca2f37a53ed53892956995a0a8621168eded5df8b2b9	######=Firmware version	excluded-as-physical-position	device-model/configurators.md#configuration-modes	Software/identity/function metadata; idx=-1 alone does not prove a socket
2890	8	2	0	MyHOME_Screen 3.5	SYSADDRESS	Univocal code		1	29fc8e0e10abd1b8ac4873fe2413dad6b64a4b17fa2a50e4e630089fafa6385a	######=Univocal code	excluded-as-physical-position	device-model/configurators.md#configuration-modes	Software/identity/function metadata; idx=-1 alone does not prove a socket
5295	8	2	0	MyHOME_Screen 3.5	AID	ID	ID	1	dbb15713ed8ef9a12b66c9bd2f32be73a54a7cbcf287eabd03465fcbdb09e845	********=AID	excluded-as-physical-position	device-model/configurators.md#configuration-modes	Software/identity/function metadata; idx=-1 alone does not prove a socket
2885	9	3	0	MyHOME_Screen 3.5	LAN_IP_ADDRESS	Local IP address		1	1a6de69eafe9f430e8515ec8ab88f0c01912828ee869cc6d7555b6df8e806751	###.###.###.###=Local IP address	excluded-as-physical-position	device-model/configurators.md#configuration-modes	Software/identity/function metadata; idx=-1 alone does not prove a socket
2888	9	3	0	MyHOME_Screen 3.5	FW_VER	Firmware version		1	6330c8992941383cb096fcea0a82064fe49c769a4b5d87b49d27f01a6c69eb05	######=Firmware version	excluded-as-physical-position	device-model/configurators.md#configuration-modes	Software/identity/function metadata; idx=-1 alone does not prove a socket
2891	9	3	0	MyHOME_Screen 3.5	SYSADDRESS	Univocal code		1	736411485106e6632e4b24598521d5e9bbdbbb3c3d88a57db5769af68a9e48d6	######=Univocal code	excluded-as-physical-position	device-model/configurators.md#configuration-modes	Software/identity/function metadata; idx=-1 alone does not prove a socket
5296	9	3	0	MyHOME_Screen 3.5	AID	ID	ID	1	e438b328afc193375c5d5e22d3d6f1c2c648f896a3c0af6b25984f7c98eb226c	********=AID	excluded-as-physical-position	device-model/configurators.md#configuration-modes	Software/identity/function metadata; idx=-1 alone does not prove a socket
2922	10	2	1	PABX288 automatic telephone switching system	LAN_IP_ADDRESS	Local IP address		1	977cf13a4a66baf916df76f746650f82d9d2a558f84d658953f82bfd41902105	###.###.###.###=Local IP address	excluded-as-physical-position	device-model/configurators.md#configuration-modes	Software/identity/function metadata; idx=-1 alone does not prove a socket
2925	10	2	1	PABX288 automatic telephone switching system	FW_VER	Firmware version		1	125a9c2f67ad21e1d401cbf0610ad2e3b8d017931707839d15e19ad95f8b6e31	######=Firmware version	excluded-as-physical-position	device-model/configurators.md#configuration-modes	Software/identity/function metadata; idx=-1 alone does not prove a socket
2928	10	2	1	PABX288 automatic telephone switching system	SYSADDRESS	Univocal code		1	c74a4272fa60806184028958506a5a422f9f69d479a37590c241ee15765be7af	######=Univocal code	excluded-as-physical-position	device-model/configurators.md#configuration-modes	Software/identity/function metadata; idx=-1 alone does not prove a socket
5297	10	2	1	PABX288 automatic telephone switching system	AID	ID	ID	1	6fc060de381e6a8f2ada98ef2f5d97f7126afca6587fa3144df06f92816cc3dd	********=AID	excluded-as-physical-position	device-model/configurators.md#configuration-modes	Software/identity/function metadata; idx=-1 alone does not prove a socket
2411	11	1	0	"Local Display 1.2"" bus"	A	A	Enviroment	1	19df50e6a16d70f90458639552b21d40691ff689ec1578825755257d32abb5de		corroborates-contextual-vocabulary	device-model/configurators.md#positions-and-functions	Catalogue field/name scoped to this definition; manufacturer examples do not validate every associated product, numeric domain or deployment
2412	11	1	0	"Local Display 1.2"" bus"	PL	PL	Light Point	1	275fb37030a3f81a2e1fb816e3e3df11a18b0a40bea34a6463992b5760df4714		corroborates-contextual-vocabulary	device-model/configurators.md#positions-and-functions	Catalogue field/name scoped to this definition; manufacturer examples do not validate every associated product, numeric domain or deployment
2413	11	1	0	"Local Display 1.2"" bus"	MOD	MOD	Mode 0-4	1	cb4801597eb61587393148e83825991d51e4e00b77d30fddd3f3c8298f1bf36c		corroborates-contextual-vocabulary	device-model/configurators.md#positions-and-functions	Catalogue field/name scoped to this definition; manufacturer examples do not validate every associated product, numeric domain or deployment
2414	11	1	0	"Local Display 1.2"" bus"	FUN	FUN	Configurator FUN	6	b288c1830645411f0b48fdb65aa4dac88264c91bf11aac88842c043ef968c4b7		corroborates-contextual-vocabulary	device-model/configurators.md#system-specific-positions	Catalogue field/name scoped to this definition; manufacturer examples do not validate every associated product, numeric domain or deployment
5298	11	1	0	"Local Display 1.2"" bus"	AID	ID	ID	1	6686fc5d6b86dc12666bd37fd574ac1f797db0f44310e09a003e0385f055410a	********=AID	excluded-as-physical-position	device-model/configurators.md#configuration-modes	Software/identity/function metadata; idx=-1 alone does not prove a socket
1959	13	6	0	DIN actuator/4	ZA	ZA	ZA thermo zone address	1	e6bd63339fdee20d633d42aca02c9ac85cec0d5433a6cd5d5fc2271c51521d98		corroborates-contextual-vocabulary	device-model/configurators.md#system-specific-positions	Catalogue field/name scoped to this definition; manufacturer examples do not validate every associated product, numeric domain or deployment
1960	13	6	0	DIN actuator/4	ZB2	ZB2	ZB2 thermo Actuator zone address	12	52d59b5f27df3ea96b277dd7b883ea9a37e9ebf5eb9808743b4a3e8619f0b8f9	10=OFF	corroborates-contextual-vocabulary	device-model/configurators.md#system-specific-positions	Catalogue field/name scoped to this definition; manufacturer examples do not validate every associated product, numeric domain or deployment
1961	13	6	0	DIN actuator/4	ZB3	ZB3	ZB3 thermo Actuator zone address	12	1da15ff882a2dd4d7150a40a8cc97cde398ffd44e02301c4bacdcbcd120d3a2f	10=OFF	corroborates-contextual-vocabulary	device-model/configurators.md#system-specific-positions	Catalogue field/name scoped to this definition; manufacturer examples do not validate every associated product, numeric domain or deployment
1962	13	6	0	DIN actuator/4	ZB4	ZB4	ZB4 thermo Actuator zone address	12	b90069e95a491e52654f0f9dfec704326a11a32371067601d658825f0f979491	10=OFF	corroborates-contextual-vocabulary	device-model/configurators.md#system-specific-positions	Catalogue field/name scoped to this definition; manufacturer examples do not validate every associated product, numeric domain or deployment
1963	13	6	0	DIN actuator/4	N	N	Thermoregulation zone device number N	1	a9f5521ca9bc708fa15f2894cbd23b1c3a0f76ebd7734a614fe1341ceb22334b		corroborates-contextual-vocabulary	device-model/configurators.md#system-specific-positions	Catalogue field/name scoped to this definition; manufacturer examples do not validate every associated product, numeric domain or deployment
3284	13	6	0	DIN actuator/4	ZB1	ZB1		12	205e689bbb5caba23089f09f2cfc5d90dbe33baf51060db161a56a094813e35a	10=OFF	corroborates-contextual-vocabulary	device-model/configurators.md#system-specific-positions	Catalogue field/name scoped to this definition; manufacturer examples do not validate every associated product, numeric domain or deployment
5299	13	6	0	DIN actuator/4	AID	ID	ID	1	b6e3cfda27ba758f05e7aa7dc78e22dc8fdc601d11c52341b35794a887903fef	********=AID	excluded-as-physical-position	device-model/configurators.md#configuration-modes	Software/identity/function metadata; idx=-1 alone does not prove a socket
1955	14	7	0	DIN actuator	ZA	ZA	ZA thermo zone address	1	7b839af0ab6515558216b09578503aacc7747bab547609496a5e1d65f6e45fd1		corroborates-contextual-vocabulary	device-model/configurators.md#system-specific-positions	Catalogue field/name scoped to this definition; manufacturer examples do not validate every associated product, numeric domain or deployment
1956	14	7	0	DIN actuator	ZB2	ZB2	ZB2 thermo Actuator zone address	12	9e022fadf8403e26396dea96946c50b4bc39d6d6da61315b26c7e12a3aee271e	10=OFF	corroborates-contextual-vocabulary	device-model/configurators.md#system-specific-positions	Catalogue field/name scoped to this definition; manufacturer examples do not validate every associated product, numeric domain or deployment
1957	14	7	0	DIN actuator	N1	N1	Thermoregulation zone device number N1	1	4a3a139e78cd8b704d3b8cae8eb160a3f542768bea53534b1fdd44e4044a6a37		corroborates-contextual-vocabulary	device-model/configurators.md#system-specific-positions	Catalogue field/name scoped to this definition; manufacturer examples do not validate every associated product, numeric domain or deployment
1958	14	7	0	DIN actuator	N2	N2	Thermoregulation zone device number N2	1	2635c66fd4b479c2cce46dc25bf16233de5a4df77ddd9ea045ad68adf4d389a2		corroborates-contextual-vocabulary	device-model/configurators.md#system-specific-positions	Catalogue field/name scoped to this definition; manufacturer examples do not validate every associated product, numeric domain or deployment
3283	14	7	0	DIN actuator	ZB1	ZB1		12	04f5e4751947330a0b7667aa2bf97fa4f8ca92b0bff7786175eca945f0031e93	10=OFF	corroborates-contextual-vocabulary	device-model/configurators.md#system-specific-positions	Catalogue field/name scoped to this definition; manufacturer examples do not validate every associated product, numeric domain or deployment
5300	14	7	0	DIN actuator	AID	ID	ID	1	beca17f2ca429bc5cfdddf27a1e0c5950f0e21b7b50db7f41f4acf05e451d734	********=AID	excluded-as-physical-position	device-model/configurators.md#configuration-modes	Software/identity/function metadata; idx=-1 alone does not prove a socket
5301	15	8	0	Burglar alarm central unit with communicator	AID	ID	ID	1	b7068071ec56fbde2eb04ef94ec072b46fd7d76b14ed77a13b48b240297c5750	********=AID	excluded-as-physical-position	device-model/configurators.md#configuration-modes	Software/identity/function metadata; idx=-1 alone does not prove a socket
5302	16	6	0	Burglar alarm central unit with communicator	AID	ID	ID	1	b3de5a1dc45a0312fe882d6d808a8ab3de3c370df191ad80572e5d158770ccdc	********=AID	excluded-as-physical-position	device-model/configurators.md#configuration-modes	Software/identity/function metadata; idx=-1 alone does not prove a socket
5303	17	7	0	Burglar alarm central unit with communicator	AID	ID	ID	1	603ea5737f13e22dfa9a906019131b690b4eae421e9c5670aef9d3a29aed7ff0	********=AID	excluded-as-physical-position	device-model/configurators.md#configuration-modes	Software/identity/function metadata; idx=-1 alone does not prove a socket
5304	18	1	0	Polyx Alarm	AID	ID	ID	1	9609682e73075e724097602218fbbc89fd3ed9672348b190602c4b2968611d42	********=AID	excluded-as-physical-position	device-model/configurators.md#configuration-modes	Software/identity/function metadata; idx=-1 alone does not prove a socket
5305	19	8	0	GSM burglar alarm central unit	AID	ID	ID	1	1f465a8af100784d6bd90ced6f59f1bd46643bff616bf8fc8eb357d9d8052889	********=AID	excluded-as-physical-position	device-model/configurators.md#configuration-modes	Software/identity/function metadata; idx=-1 alone does not prove a socket
5306	20	6	0	GSM burglar alarm central unit	AID	ID	ID	1	d182f7f24fd3df5942033ee608cd8744ca0f72c665523e4d1ca5ac380a1605f5	********=AID	excluded-as-physical-position	device-model/configurators.md#configuration-modes	Software/identity/function metadata; idx=-1 alone does not prove a socket
5307	21	7	0	GSM burglar alarm central unit	AID	ID	ID	1	07ea86f22c4fab3455fc5c46355c224c4995bccf4c0e9fe311ff78d4b134cb32	********=AID	excluded-as-physical-position	device-model/configurators.md#configuration-modes	Software/identity/function metadata; idx=-1 alone does not prove a socket
5308	22	1	0	Flush mounted alarm central unit	AID	ID	ID	1	f0df285c77d8ef2232f5a26a7fc3edceb1c410cf404e156563dfb2ff7f4f72df	********=AID	excluded-as-physical-position	device-model/configurators.md#configuration-modes	Software/identity/function metadata; idx=-1 alone does not prove a socket
1262	23	1	0	Flush mounted temperature central unit	ZA	ZA	ZA thermo zone address	1	04eeb7b82bbd6ae25a915cd614adaf1b0f9234939d76a4eef4f0152bc7be05be		corroborates-contextual-vocabulary	device-model/configurators.md#system-specific-positions	Catalogue field/name scoped to this definition; manufacturer examples do not validate every associated product, numeric domain or deployment
1263	23	1	0	Flush mounted temperature central unit	ZB	ZB	ZB thermo zone address	1	21d7fff7670e8c626a58820aec5fc86cc66e40058f14273e4b529f73e019eb73		corroborates-contextual-vocabulary	device-model/configurators.md#system-specific-positions	Catalogue field/name scoped to this definition; manufacturer examples do not validate every associated product, numeric domain or deployment
1264	23	1	0	Flush mounted temperature central unit	SLA	SLA	Thermoregulation slave probe	1	f8c9355ecfc61c1ae02371034dda3d1fc36e25ed9bfde1499d02e7911532c984		corroborates-contextual-vocabulary	device-model/configurators.md#system-specific-positions	Catalogue field/name scoped to this definition; manufacturer examples do not validate every associated product, numeric domain or deployment
5309	23	1	0	Flush mounted temperature central unit	AID	ID	ID	1	cbd58f67a27e92f92d72addca52aeeaabe3ae428b9859985fd20449ff045d702	********=AID	excluded-as-physical-position	device-model/configurators.md#configuration-modes	Software/identity/function metadata; idx=-1 alone does not prove a socket
2189	24	3	0	Temperature central unit	COLD	COLD	Summer mode	3	15167c1f54b7bda348902ef4ca085e0d2ac7d2034a8e5c7bd2b18ec485a209e2	0=Disable;1=Enable	excluded-as-physical-position	device-model/configurators.md#configuration-modes	Software/identity/function metadata; idx=-1 alone does not prove a socket
2192	24	3	0	Temperature central unit	WARM	WARM	Winter mode	3	d01c7e89bc9e47f371d27eb8be0e9e5363b5f074e5e549cb074ee58dcb2f6e4e	0=Disable;1=Enable	excluded-as-physical-position	device-model/configurators.md#configuration-modes	Software/identity/function metadata; idx=-1 alone does not prove a socket
5310	24	3	0	Temperature central unit	AID	ID	ID	1	c6304870d743f5500ffca14e5084d9d8ee12167d92518051869673fb8f37c70b	********=AID	excluded-as-physical-position	device-model/configurators.md#configuration-modes	Software/identity/function metadata; idx=-1 alone does not prove a socket
2190	25	2	0	Temperature central unit	COLD	COLD	Summer mode	3	9031bdce6714873b8647e2bebd8255e4df57b4e1c34b107ea9123c79f1c4afe5	0=Disable;1=Enable	excluded-as-physical-position	device-model/configurators.md#configuration-modes	Software/identity/function metadata; idx=-1 alone does not prove a socket
2193	25	2	0	Temperature central unit	WARM	WARM	Winter mode	3	4f67094b64234fe2c788c03807fedb5aa76388c4cc620944c653de3e0fd2b12e	0=Disable;1=Enable	excluded-as-physical-position	device-model/configurators.md#configuration-modes	Software/identity/function metadata; idx=-1 alone does not prove a socket
5311	25	2	0	Temperature central unit	AID	ID	ID	1	05623d578039b539c45ad0677d4cb66c71800242b1e753672a939d6b7c57acdb	********=AID	excluded-as-physical-position	device-model/configurators.md#configuration-modes	Software/identity/function metadata; idx=-1 alone does not prove a socket
2191	26	1	1	Temperature central unit	COLD	COLD	Summer mode	3	b1f6ec4974df72338cc6ac122f6e25f28dfe0bdd8857eb936c7004dfd977205e	0=Disable;1=Enable	excluded-as-physical-position	device-model/configurators.md#configuration-modes	Software/identity/function metadata; idx=-1 alone does not prove a socket
2194	26	1	1	Temperature central unit	WARM	WARM	Winter mode	3	09be85db76240e3061ca07c35e29e1840e21ae2066cd5a0ceeeb04a9e6c9665e	0=Disable;1=Enable	excluded-as-physical-position	device-model/configurators.md#configuration-modes	Software/identity/function metadata; idx=-1 alone does not prove a socket
5312	26	1	1	Temperature central unit	AID	ID	ID	1	3bf5bd539820292d08fe71c4efd83a9393d56fc31eb2621cf51ef3be555b2f6e	********=AID	excluded-as-physical-position	device-model/configurators.md#configuration-modes	Software/identity/function metadata; idx=-1 alone does not prove a socket
2597	27	6	0	Video Display	M	M	(0-6)	1	0449aee32b9c2466cf78e13dbd4d56419db01ed77f0fda9468f3cfb8b9f4ad12		corroborates-contextual-vocabulary	device-model/configurators.md#positions-and-functions	Catalogue field/name scoped to this definition; manufacturer examples do not validate every associated product, numeric domain or deployment
2598	27	6	0	Video Display	P	P	Configurator P	1	d7e233a53bffcf6532b022b5841184726772493e9a35792b11808fa4e128426b		corroborates-contextual-vocabulary	device-model/configurators.md#system-specific-positions	Catalogue field/name scoped to this definition; manufacturer examples do not validate every associated product, numeric domain or deployment
2599	27	6	0	Video Display	N_1	N	Configurator N(0-9)	1	d7e5da6eeceb5548b2e5f8a123926c03690c4689ede85ef102f6fcf4c1216b3a		excluded-unverified-position-function	device-model/configurators.md#evidence-limits	Inventoried exact definition/domain; no new manufacturer-verified function/range claim for this symbol in this review
2600	27	6	0	Video Display	N_2	N	Configurator N(0-9)	1	80621d54c8c9dd6a608fc8b9d375344016d120c462f5afbe929ec90140e04329		excluded-unverified-position-function	device-model/configurators.md#evidence-limits	Inventoried exact definition/domain; no new manufacturer-verified function/range claim for this symbol in this review
5313	27	6	0	Video Display	AID	ID	ID	1	609b0ed9c7bd3736cb28d79c6e17cec842d0fc306fd594dffe5e144f672a4dc5	********=AID	excluded-as-physical-position	device-model/configurators.md#configuration-modes	Software/identity/function metadata; idx=-1 alone does not prove a socket
2601	31	6	0	Video Station	N_1	N	Configurator N(0-9)	1	0f07cc51a27da305bc0a6146b2eeea135537145aee32999fd6bbc1b6ddf68bc3		excluded-unverified-position-function	device-model/configurators.md#evidence-limits	Inventoried exact definition/domain; no new manufacturer-verified function/range claim for this symbol in this review
2604	31	6	0	Video Station	N_2	N	Device Number 0-9	1	cf649cfb91e17b11002850382ba4a55ec612a63310d8e2b5fd72b6091aaaf261		excluded-unverified-position-function	device-model/configurators.md#evidence-limits	Inventoried exact definition/domain; no new manufacturer-verified function/range claim for this symbol in this review
2607	31	6	0	Video Station	P	P	Configurator P	1	ad1df4e98a115c58460a47f7e03e0ded3599abdf52576297c0618f75f6863667		corroborates-contextual-vocabulary	device-model/configurators.md#system-specific-positions	Catalogue field/name scoped to this definition; manufacturer examples do not validate every associated product, numeric domain or deployment
2610	31	6	0	Video Station	M	M	(0-6)	1	04f59a1822469c518657c6212f5f66ce13c150175520033ff1a1e2b15b6d97d9		corroborates-contextual-vocabulary	device-model/configurators.md#positions-and-functions	Catalogue field/name scoped to this definition; manufacturer examples do not validate every associated product, numeric domain or deployment
5314	31	6	0	Video Station	AID	ID	ID	1	b88dd1d2a264509e890fa76952140939233dc2c5375d7d63e1655d9d5ccba794	********=AID	excluded-as-physical-position	device-model/configurators.md#configuration-modes	Software/identity/function metadata; idx=-1 alone does not prove a socket
2602	32	3	0	Video Station	N_1	N	Configurator N(0-9)	1	bf412af8622499299b8e77e8ec23b953b6af5efdb26d362edf7f169cd4d2f3e2		excluded-unverified-position-function	device-model/configurators.md#evidence-limits	Inventoried exact definition/domain; no new manufacturer-verified function/range claim for this symbol in this review
2605	32	3	0	Video Station	N_2	N	Device Number 0-9	1	82c9401439277408f31873b9cf5f0ca68804ae65b1771d025dba929a28792367		excluded-unverified-position-function	device-model/configurators.md#evidence-limits	Inventoried exact definition/domain; no new manufacturer-verified function/range claim for this symbol in this review
2608	32	3	0	Video Station	P	P	Configurator P	1	810047d35ec4b3c0da73cb912f30f58609b066f53082b260a9291cf172bbc279		corroborates-contextual-vocabulary	device-model/configurators.md#system-specific-positions	Catalogue field/name scoped to this definition; manufacturer examples do not validate every associated product, numeric domain or deployment
2611	32	3	0	Video Station	M	M	(0-6)	1	19b4211f6a8b19ffba175e0129c721c6a93324a36633c67a744d1d696e7281de		corroborates-contextual-vocabulary	device-model/configurators.md#positions-and-functions	Catalogue field/name scoped to this definition; manufacturer examples do not validate every associated product, numeric domain or deployment
5315	32	3	0	Video Station	AID	ID	ID	1	245efb0b907b0ecde3ede60bfea25a7551acef67b5e6eec9275f5e6395deb0c0	********=AID	excluded-as-physical-position	device-model/configurators.md#configuration-modes	Software/identity/function metadata; idx=-1 alone does not prove a socket
2603	33	5	0	Video Station	N_1	N	Configurator N(0-9)	1	7169aad4dbc39c7238fba2cd62cd4cc463f5996feaf60d295e6c669506e83d63		excluded-unverified-position-function	device-model/configurators.md#evidence-limits	Inventoried exact definition/domain; no new manufacturer-verified function/range claim for this symbol in this review
2606	33	5	0	Video Station	N_2	N	Device Number 0-9	1	762eb2dfa69297bfbc3fc6476c84bbb9cd0803d3b124d041259d5edf187caf23		excluded-unverified-position-function	device-model/configurators.md#evidence-limits	Inventoried exact definition/domain; no new manufacturer-verified function/range claim for this symbol in this review
2609	33	5	0	Video Station	P	P	Configurator P	1	853c0d824d68df32f79c27bf99dd3395fb14bc38a5297444b858e8c6b246d861		corroborates-contextual-vocabulary	device-model/configurators.md#system-specific-positions	Catalogue field/name scoped to this definition; manufacturer examples do not validate every associated product, numeric domain or deployment
2612	33	5	0	Video Station	M	M	(0-6)	1	e50efe0c30d9a37424617fcd23de49180ce3efad00e4d787b33c4a00addf2f65		corroborates-contextual-vocabulary	device-model/configurators.md#positions-and-functions	Catalogue field/name scoped to this definition; manufacturer examples do not validate every associated product, numeric domain or deployment
5316	33	5	0	Video Station	AID	ID	ID	1	048e411fcaf989716809415d20d40a07471e74637887c5b0b3349814738508d4	********=AID	excluded-as-physical-position	device-model/configurators.md#configuration-modes	Software/identity/function metadata; idx=-1 alone does not prove a socket
3812	65	4	0	Stereo control	S1	S1		1	54fe0ff1c4aa67e4ca740affe88a47b212690fc9281b3b3d40090aee3b201c62		excluded-unverified-position-function	device-model/configurators.md#evidence-limits	Inventoried exact definition/domain; no new manufacturer-verified function/range claim for this symbol in this review
3813	65	4	0	Stereo control	M1	M1		1	63fbe3c403ff4d41bc30046d62f84cbb95fe64c1e9f75d0117e084e022c2a778		corroborates-contextual-vocabulary	device-model/configurators.md#positions-and-functions	Catalogue field/name scoped to this definition; manufacturer examples do not validate every associated product, numeric domain or deployment
3814	65	4	0	Stereo control	M2	M2		1	73317fa26a2b82407f266bb293ee262d25fb8acb2e6685c847f8b9789ff10334		corroborates-contextual-vocabulary	device-model/configurators.md#positions-and-functions	Catalogue field/name scoped to this definition; manufacturer examples do not validate every associated product, numeric domain or deployment
5317	65	4	0	Stereo control	AID	ID	ID	1	1941492bef4cfd7a994e9aab9a31e79b3f59e661a27a09dcfa0fe57f5e12c461	********=AID	excluded-as-physical-position	device-model/configurators.md#configuration-modes	Software/identity/function metadata; idx=-1 alone does not prove a socket
3815	68	1	2	VideoTouchTelephone	N_1	N		1	ca29859ff4ff2a62300aed75d36221c1214fbe7b52a4666225e71e84c7ffd16b		excluded-unverified-position-function	device-model/configurators.md#evidence-limits	Inventoried exact definition/domain; no new manufacturer-verified function/range claim for this symbol in this review
3816	68	1	2	VideoTouchTelephone	N_2	N		1	d3fb142f891c02d89ae7f326af6b95b3fb5416e95f009c1f11151178d56b2997		excluded-unverified-position-function	device-model/configurators.md#evidence-limits	Inventoried exact definition/domain; no new manufacturer-verified function/range claim for this symbol in this review
3818	68	1	2	VideoTouchTelephone	P	P		1	a3bdb58bde3850aa9d12fc706711b5b062c2bb40490c454a5746cf8792515dca		corroborates-contextual-vocabulary	device-model/configurators.md#system-specific-positions	Catalogue field/name scoped to this definition; manufacturer examples do not validate every associated product, numeric domain or deployment
3819	68	1	2	VideoTouchTelephone	M	M		1	48e8e758c37e66200a830c9e989fada4d8763078ec67f5e2f1c42d0edcee78e4		corroborates-contextual-vocabulary	device-model/configurators.md#positions-and-functions	Catalogue field/name scoped to this definition; manufacturer examples do not validate every associated product, numeric domain or deployment
5318	68	1	2	VideoTouchTelephone	AID	ID	ID	1	1c3380b0ac4c1210030d31851b021431fbbc099604ec855933af1c417d115bc2	********=AID	excluded-as-physical-position	device-model/configurators.md#configuration-modes	Software/identity/function metadata; idx=-1 alone does not prove a socket
2498	70	4	0	IP interface (2Wire/IP)	M1_1	M1_1	Internal Unit Range	5	c08a396bf0ed0de28d44f1452ef48da32f720fe0aab3c680f18423793664c368		excluded-unverified-position-function	device-model/configurators.md#evidence-limits	Inventoried exact definition/domain; no new manufacturer-verified function/range claim for this symbol in this review
2499	70	4	0	IP interface (2Wire/IP)	M1_2	M1_2	Internal Unit Range	12	4cb61f3dfdeb1b09a11e9683cb51737d2a0db8aae3373695893c056340c1aa29	10=OFF	excluded-unverified-position-function	device-model/configurators.md#evidence-limits	Inventoried exact definition/domain; no new manufacturer-verified function/range claim for this symbol in this review
2500	70	4	0	IP interface (2Wire/IP)	N1_1	N1_1	Internal Unit Range	11	f4e2207e5ccb04df6c3a381a5bc2ae077647b9f8d5f7f6baf63006ef8ac5f49b		excluded-unverified-position-function	device-model/configurators.md#evidence-limits	Inventoried exact definition/domain; no new manufacturer-verified function/range claim for this symbol in this review
2501	70	4	0	IP interface (2Wire/IP)	N1_2	N1_2	Internal Unit Range	11	7448b90128f536931ceb78814f7fc7db69e892c475b244b86819e01788df8fef		excluded-unverified-position-function	device-model/configurators.md#evidence-limits	Inventoried exact definition/domain; no new manufacturer-verified function/range claim for this symbol in this review
2502	70	4	0	IP interface (2Wire/IP)	M2_1	M2_1	Internal Unit Range	5	830e65522fcd37ff40d2363b89f3f0400c4b3817691f8bacadd76404cc1e31e2		excluded-unverified-position-function	device-model/configurators.md#evidence-limits	Inventoried exact definition/domain; no new manufacturer-verified function/range claim for this symbol in this review
2503	70	4	0	IP interface (2Wire/IP)	M2_2	M2_2	Internal Unit Range	11	90d36f529c6613dd987fb719f851406fbe3b186c61f9d9d758734c7677605a15		excluded-unverified-position-function	device-model/configurators.md#evidence-limits	Inventoried exact definition/domain; no new manufacturer-verified function/range claim for this symbol in this review
2504	70	4	0	IP interface (2Wire/IP)	N2_1	N2_1	Internal Unit Range	11	3dfd545012957f45375fe1d0d0565875aed0819f102e369b7d6e557d61cd70bf		excluded-unverified-position-function	device-model/configurators.md#evidence-limits	Inventoried exact definition/domain; no new manufacturer-verified function/range claim for this symbol in this review
2505	70	4	0	IP interface (2Wire/IP)	N2_2	N2_2	Internal Unit Range	11	c075cc06cdaa528f6558a93a3ae949f5fb83855d688e5aa3db934ef81c65cf4a		excluded-unverified-position-function	device-model/configurators.md#evidence-limits	Inventoried exact definition/domain; no new manufacturer-verified function/range claim for this symbol in this review
2506	70	4	0	IP interface (2Wire/IP)	C	C	Interf2wires Associated SwitchBoard	1	356ab5a0306a9e720c13a1dcec942fcf6595764aac47b4f7e63b99cfa72f7cc3		corroborates-contextual-vocabulary	device-model/configurators.md#positions-and-functions	Catalogue field/name scoped to this definition; manufacturer examples do not validate every associated product, numeric domain or deployment
3820	70	4	0	IP interface (2Wire/IP)	LAN_IP_ADDRESS	Local IP address		1	f2af9e001889ded11e772ad35a853a673a2f967bb87ff2bface719696867f469	###.###.###.###=Local IP address	excluded-as-physical-position	device-model/configurators.md#configuration-modes	Software/identity/function metadata; idx=-1 alone does not prove a socket
3821	70	4	0	IP interface (2Wire/IP)	LAN_IP_ADDR_TYPE	Local IP dynamicity		3	ba838c27bb54f7052ca34b64c42554814ef0c0adc9116d6581729af41a534aac	0=Static IP;1=Dynamic IP (DHCP)	excluded-as-physical-position	device-model/configurators.md#configuration-modes	Software/identity/function metadata; idx=-1 alone does not prove a socket
3822	70	4	0	IP interface (2Wire/IP)	SYSADDRESS	Univocal code		1	d08c508f23552f1a40c054b5bb9d5a4ba50fba2f43ec9fbff7532975dd6efb06	######=Univocal code	excluded-as-physical-position	device-model/configurators.md#configuration-modes	Software/identity/function metadata; idx=-1 alone does not prove a socket
5319	70	4	0	IP interface (2Wire/IP)	AID	ID	ID	1	7aa546c53fb41e1c984d48a75de66f35a69d4646354590f7e86be30dcebf95c3	********=AID	excluded-as-physical-position	device-model/configurators.md#configuration-modes	Software/identity/function metadata; idx=-1 alone does not prove a socket
2911	71	4	0	IP interface (D45/IP) 	EXTERNAL_UNIT_MIN	(0-100090)		1	87734873130ac8a7bc2c196a895a61df5ea47c8dbbe3cba85432241c486bf3b0		excluded-as-physical-position	device-model/configurators.md#configuration-modes	Software/identity/function metadata; idx=-1 alone does not prove a socket
2912	71	4	0	IP interface (D45/IP) 	EXTERNAL_UNIT_MAX	(0-100090)		1	7b469a90f333e403d39a19a86b89e1854000420dd931dec935ff67d4544413b4		excluded-as-physical-position	device-model/configurators.md#configuration-modes	Software/identity/function metadata; idx=-1 alone does not prove a socket
2913	71	4	0	IP interface (D45/IP) 	INTERNAL_UNIT_MIN	(0-103999)		1	ca7da51ada1d034ec7881d1c6b2063d0c48e86149a69bfcc5ab857a70fd3571e		excluded-as-physical-position	device-model/configurators.md#configuration-modes	Software/identity/function metadata; idx=-1 alone does not prove a socket
2914	71	4	0	IP interface (D45/IP) 	INTERNAL_UNIT_MAX	(0-103999)		1	876533a251495a50434d6da01241e17b061df23cc74bd524e3f9fc1dafb4a1ce		excluded-as-physical-position	device-model/configurators.md#configuration-modes	Software/identity/function metadata; idx=-1 alone does not prove a socket
2915	71	4	0	IP interface (D45/IP) 	LAN_IP_ADDRESS	Local IP address		1	20a023cb63fb8307d310b12c5b9ff2567957fe58a86c19375e121e12834c03e4	###.###.###.###=Local IP address	excluded-as-physical-position	device-model/configurators.md#configuration-modes	Software/identity/function metadata; idx=-1 alone does not prove a socket
2916	71	4	0	IP interface (D45/IP) 	LAN_IP_ADDR_TYPE	Local IP dynamicity		3	0cbc756f3a2422f3bc189651f829a707f4bff0349ac1f94cedf410ee967c5c64	0=Static IP;1=Dynamic IP (DHCP)	excluded-as-physical-position	device-model/configurators.md#configuration-modes	Software/identity/function metadata; idx=-1 alone does not prove a socket
2918	71	4	0	IP interface (D45/IP) 	SYSADDRESS	Univocal code		1	a4859aec13aa36bb9a4cd2e443e1444cdf38224562a766e24a245c8d4058397a	######=Univocal code	excluded-as-physical-position	device-model/configurators.md#configuration-modes	Software/identity/function metadata; idx=-1 alone does not prove a socket
5320	71	4	0	IP interface (D45/IP) 	AID	ID	ID	1	ed3bfb5e43963b42c404cade224eb854151d3e2db8820feeed84159feb662c8a	********=AID	excluded-as-physical-position	device-model/configurators.md#configuration-modes	Software/identity/function metadata; idx=-1 alone does not prove a socket
2528	72	1	0	Polyx Memory Display	N_1	N	Configurator N(0-9)	1	d543099b21c7a4816662c5cc36f1d7ba400f484e0834c195b163dbbce1f5f3f6		excluded-unverified-position-function	device-model/configurators.md#evidence-limits	Inventoried exact definition/domain; no new manufacturer-verified function/range claim for this symbol in this review
2529	72	1	0	Polyx Memory Display	N_2	N	Configurator N(0-9)	1	8ec82c55ab607f43e68c7954d0990e41052534d8ad0c156f1c47e8ba9b8e4fd1		excluded-unverified-position-function	device-model/configurators.md#evidence-limits	Inventoried exact definition/domain; no new manufacturer-verified function/range claim for this symbol in this review
2530	72	1	0	Polyx Memory Display	P	P	Configurator P	1	1b64fb654809fec76ce5d0b10ede949683d29d26074bc8475033369d62afd9a7		corroborates-contextual-vocabulary	device-model/configurators.md#system-specific-positions	Catalogue field/name scoped to this definition; manufacturer examples do not validate every associated product, numeric domain or deployment
2532	72	1	0	Polyx Memory Display	M	M	(0-6)	1	18d72f5898e45a38131c55a34ba9442b8fd4851195e5ba111a87e9698755ac57		corroborates-contextual-vocabulary	device-model/configurators.md#positions-and-functions	Catalogue field/name scoped to this definition; manufacturer examples do not validate every associated product, numeric domain or deployment
5321	72	1	0	Polyx Memory Display	AID	ID	ID	1	26910186e97241aab30db4a0e3ba2587194c9e7590ceea69114d68c34be509a4	********=AID	excluded-as-physical-position	device-model/configurators.md#configuration-modes	Software/identity/function metadata; idx=-1 alone does not prove a socket
2154	73	1	0	Scenario programmer	SYSADDRESS	Univocal code	Univocal code	1	4d753c74bc6840a88fbdc4e46539d318be5d522ae7f8090ca02ca075b5b4cdf6	######=Univocal code	excluded-as-physical-position	device-model/configurators.md#configuration-modes	Software/identity/function metadata; idx=-1 alone does not prove a socket
2155	73	1	0	Scenario programmer	LAN_IP_ADDRESS	Local IP address	Local IP address	1	26c40ea4b2e439dd3c08a19d3753777c6b9132e8d3be988f23b040972e3c172d	###.###.###.###=Local IP address	excluded-as-physical-position	device-model/configurators.md#configuration-modes	Software/identity/function metadata; idx=-1 alone does not prove a socket
2156	73	1	0	Scenario programmer	LAN_IP_ADDR_TYPE	Local IP dynamicity	Local Dynamic IP	3	1f02a693ce675a5f5b62fcb5a55fd259e7b8cd8dee4514aee0f993a5ba7cf91b	0=Static IP;1=Dynamic IP (DHCP)	excluded-as-physical-position	device-model/configurators.md#configuration-modes	Software/identity/function metadata; idx=-1 alone does not prove a socket
2157	73	1	0	Scenario programmer	CMD_PORT	Commands port	Commands port	1	8d167bcb3dfc220b0357ff35ddba23c6f860bfc656a40d147358e19b84fc3b74	#####=Commands port	excluded-as-physical-position	device-model/configurators.md#configuration-modes	Software/identity/function metadata; idx=-1 alone does not prove a socket
2158	73	1	0	Scenario programmer	IP_ADDRESS	Public IP address	Public IP address	1	fba57054adff46b1100740cba09c8895f80d344d094d37000fed8977fb6c8b4c	###.###.###.###=Public IP address	excluded-as-physical-position	device-model/configurators.md#configuration-modes	Software/identity/function metadata; idx=-1 alone does not prove a socket
2159	73	1	0	Scenario programmer	CONNECTION_METHOD	Public IP dynamicity	Public Dynamic IP	4	899498376cab357b3dc1ced0f7e02f0ea142509a6d82f409b98973c4396ad07a	0=Dynamic IP (DHCP);1=Static IP;2=Web active connections	excluded-as-physical-position	device-model/configurators.md#configuration-modes	Software/identity/function metadata; idx=-1 alone does not prove a socket
5322	73	1	0	Scenario programmer	AID	ID	ID	1	8161780bbfe3d69416cd3743d2ea3510cef1adfee4d2f7bcf7e438dcf26122d8	********=AID	excluded-as-physical-position	device-model/configurators.md#configuration-modes	Software/identity/function metadata; idx=-1 alone does not prove a socket
5323	74	1	0	Management Center 2Wires	AID	ID	ID	1	0a9bb6680a58da76dfe7585a1b30e67a1da0f7014a3f5ffb5276a5696814e2d7	********=AID	excluded-as-physical-position	device-model/configurators.md#configuration-modes	Software/identity/function metadata; idx=-1 alone does not prove a socket
2886	75	1	0	MyHOME_Screen 3.5	LAN_IP_ADDRESS	Local IP address		1	d9abb63d68f8cb8f4e97a430d2a748f8c8af77d104dd07e3b97230e50af8a649	###.###.###.###=Local IP address	excluded-as-physical-position	device-model/configurators.md#configuration-modes	Software/identity/function metadata; idx=-1 alone does not prove a socket
2889	75	1	0	MyHOME_Screen 3.5	FW_VER	Firmware version		1	e6b29597a68bffe1333517f41a6c43141aaa1f405c5824ccabfc32867d9e5322	######=Firmware version	excluded-as-physical-position	device-model/configurators.md#configuration-modes	Software/identity/function metadata; idx=-1 alone does not prove a socket
2892	75	1	0	MyHOME_Screen 3.5	SYSADDRESS	Univocal code		1	f92cbc608258e9d93615b5bcee18b6b6f81d8f8a37a7e56db1532efeb76ac426	######=Univocal code	excluded-as-physical-position	device-model/configurators.md#configuration-modes	Software/identity/function metadata; idx=-1 alone does not prove a socket
5324	75	1	0	MyHOME_Screen 3.5	AID	ID	ID	1	442c1914e6ce5d31fa2e472a3d1bebf3b97b9f4eaf7b86a7af28a75f9d9bf929	********=AID	excluded-as-physical-position	device-model/configurators.md#configuration-modes	Software/identity/function metadata; idx=-1 alone does not prove a socket
2857	76	6	0	Colour Touch Screen	SYSADDRESS	Univocal code		1	41c82523fd9cfd6dc1865cc9b04df7cfc8e888dc74cd9596e0dbd26acf1c812c	######=Univocal code	excluded-as-physical-position	device-model/configurators.md#configuration-modes	Software/identity/function metadata; idx=-1 alone does not prove a socket
2861	76	6	0	Colour Touch Screen	FW_VER	Firmware version		1	176af7c90b83541256ec3e43c9bc11110873ab7addf141f6fb4b419d52c6c6ef	######=Firmware version	excluded-as-physical-position	device-model/configurators.md#configuration-modes	Software/identity/function metadata; idx=-1 alone does not prove a socket
2865	76	6	0	Colour Touch Screen	LAN_IP_ADDRESS	Local IP address		1	c7dcc0cbaaea95014f95a546b546901715020c557ee1f6d873177d101d91f66e	###.###.###.###=Local IP address	excluded-as-physical-position	device-model/configurators.md#configuration-modes	Software/identity/function metadata; idx=-1 alone does not prove a socket
5325	76	6	0	Colour Touch Screen	AID	ID	ID	1	3455156c41e77d33271504af7215d7cc7b3d5ab2c95e14b8951802a7fc259bbd	********=AID	excluded-as-physical-position	device-model/configurators.md#configuration-modes	Software/identity/function metadata; idx=-1 alone does not prove a socket
2858	77	5	0	Colour Touch Screen	SYSADDRESS	Univocal code		1	813261e792a3a4bfc605bd1b15b4a188a0b01eb1892f0dc92d96d0b8882db73c	######=Univocal code	excluded-as-physical-position	device-model/configurators.md#configuration-modes	Software/identity/function metadata; idx=-1 alone does not prove a socket
2862	77	5	0	Colour Touch Screen	FW_VER	Firmware version		1	042054cfa947b252347131d6b6c95fe065a334f6dd07e9a779436094863bc31a	######=Firmware version	excluded-as-physical-position	device-model/configurators.md#configuration-modes	Software/identity/function metadata; idx=-1 alone does not prove a socket
2866	77	5	0	Colour Touch Screen	LAN_IP_ADDRESS	Local IP address		1	d38eecca0ff658637975bfc7a5d749304f2e62c795a3b169063bbe79687f08ed	###.###.###.###=Local IP address	excluded-as-physical-position	device-model/configurators.md#configuration-modes	Software/identity/function metadata; idx=-1 alone does not prove a socket
5326	77	5	0	Colour Touch Screen	AID	ID	ID	1	bf7bc2e6efc19bfa344b13fb9bb4a2e4d155638251d0637a9356dff6578ad6f6	********=AID	excluded-as-physical-position	device-model/configurators.md#configuration-modes	Software/identity/function metadata; idx=-1 alone does not prove a socket
2859	78	4	1	Colour Touch Screen	SYSADDRESS	Univocal code		1	82fa691214f5c040be15d9f0094b199d2cf816636346c5da1d08d3ca331ce8e3	######=Univocal code	excluded-as-physical-position	device-model/configurators.md#configuration-modes	Software/identity/function metadata; idx=-1 alone does not prove a socket
2863	78	4	1	Colour Touch Screen	FW_VER	Firmware version		1	042abd8070099cd7d10fc0da3e93cefdd80cec9c32e449e3394527a8b1b3ed9c	######=Firmware version	excluded-as-physical-position	device-model/configurators.md#configuration-modes	Software/identity/function metadata; idx=-1 alone does not prove a socket
2867	78	4	1	Colour Touch Screen	LAN_IP_ADDRESS	Local IP address		1	51ca9addf819e3084b35308ae24ff28a09cb81fd3ee00dcff665abca5dfcea95	###.###.###.###=Local IP address	excluded-as-physical-position	device-model/configurators.md#configuration-modes	Software/identity/function metadata; idx=-1 alone does not prove a socket
5327	78	4	1	Colour Touch Screen	AID	ID	ID	1	4fea1c432d697df07982926b5ce2b9bbb6c9618f7b2abe2be0e67f0932b75e4f	********=AID	excluded-as-physical-position	device-model/configurators.md#configuration-modes	Software/identity/function metadata; idx=-1 alone does not prove a socket
2860	79	3	0	Colour Touch Screen	SYSADDRESS	Univocal code		1	1b539402e85a8f4963653e269c373b63931d04f3037766cd9a9434426b53e8ec	######=Univocal code	excluded-as-physical-position	device-model/configurators.md#configuration-modes	Software/identity/function metadata; idx=-1 alone does not prove a socket
2864	79	3	0	Colour Touch Screen	FW_VER	Firmware version		1	f213e765b907ed2c5bc0070ee26d16358bd334c5790fc0750dbde706c21e7cd0	######=Firmware version	excluded-as-physical-position	device-model/configurators.md#configuration-modes	Software/identity/function metadata; idx=-1 alone does not prove a socket
2868	79	3	0	Colour Touch Screen	LAN_IP_ADDRESS	Local IP address		1	d43d8461a145a5127e67c142fd5842a0ef6f47cf9451cacc6105f1c286f32574	###.###.###.###=Local IP address	excluded-as-physical-position	device-model/configurators.md#configuration-modes	Software/identity/function metadata; idx=-1 alone does not prove a socket
5328	79	3	0	Colour Touch Screen	AID	ID	ID	1	5eb3778f3825d4bf2464b96d7fd527ac193594aff84a49e966416a14654114d6	********=AID	excluded-as-physical-position	device-model/configurators.md#configuration-modes	Software/identity/function metadata; idx=-1 alone does not prove a socket
2845	80	6	0	Colour Touch Screen	LAN_IP_ADDRESS	Local IP address		1	0cdf2b147f14e7c10ce022ddbb1433cc3531a65ec7305d0051a21fd3610fd4db	###.###.###.###=Local IP address	excluded-as-physical-position	device-model/configurators.md#configuration-modes	Software/identity/function metadata; idx=-1 alone does not prove a socket
2849	80	6	0	Colour Touch Screen	FW_VER	Firmware version		1	8ad4556893636e1a80d58f4f59076ac0a02f78530dd8b62b40a69c5428deed8d	######=Firmware version	excluded-as-physical-position	device-model/configurators.md#configuration-modes	Software/identity/function metadata; idx=-1 alone does not prove a socket
2853	80	6	0	Colour Touch Screen	SYSADDRESS	Univocal code		1	f6f2da4998cf76d71f611556442c20362625f26248606cba4cf36360c7a8d20c	######=Univocal code	excluded-as-physical-position	device-model/configurators.md#configuration-modes	Software/identity/function metadata; idx=-1 alone does not prove a socket
5329	80	6	0	Colour Touch Screen	AID	ID	ID	1	f2d7fc5d415862df3ef6f8e5b8b8a99f6327eda13c2565e46a8b0cf1abde5e0c	********=AID	excluded-as-physical-position	device-model/configurators.md#configuration-modes	Software/identity/function metadata; idx=-1 alone does not prove a socket
2846	81	5	0	Colour Touch Screen	LAN_IP_ADDRESS	Local IP address		1	5868c2a5092f59b3757aa280b7325118111e06c668512aa29b450890fc74b850	###.###.###.###=Local IP address	excluded-as-physical-position	device-model/configurators.md#configuration-modes	Software/identity/function metadata; idx=-1 alone does not prove a socket
2850	81	5	0	Colour Touch Screen	FW_VER	Firmware version		1	9fe79226497470e3537c4c413cf13bdf5d4be321e6f27c3278204d05b7849616	######=Firmware version	excluded-as-physical-position	device-model/configurators.md#configuration-modes	Software/identity/function metadata; idx=-1 alone does not prove a socket
2854	81	5	0	Colour Touch Screen	SYSADDRESS	Univocal code		1	0056b959b424725b8a16ce82b617f29f8ea171db6c60415ff76e6287551175ac	######=Univocal code	excluded-as-physical-position	device-model/configurators.md#configuration-modes	Software/identity/function metadata; idx=-1 alone does not prove a socket
5330	81	5	0	Colour Touch Screen	AID	ID	ID	1	d33d9cfdb4bc99e4dd80df4ad9d21f4af6e21b4902057040ec17a9cf659ae5a0	********=AID	excluded-as-physical-position	device-model/configurators.md#configuration-modes	Software/identity/function metadata; idx=-1 alone does not prove a socket
2847	82	4	1	Colour Touch Screen	LAN_IP_ADDRESS	Local IP address		1	bb14b2535bf2d53c423cd096a7088879a1d0c6b32347962f830421087c9be747	###.###.###.###=Local IP address	excluded-as-physical-position	device-model/configurators.md#configuration-modes	Software/identity/function metadata; idx=-1 alone does not prove a socket
2851	82	4	1	Colour Touch Screen	FW_VER	Firmware version		1	7859b950ae5c4213a6f79679844ebea1515530060e5decee176e1ec22ddb8d5e	######=Firmware version	excluded-as-physical-position	device-model/configurators.md#configuration-modes	Software/identity/function metadata; idx=-1 alone does not prove a socket
2855	82	4	1	Colour Touch Screen	SYSADDRESS	Univocal code		1	92f68a6e002048db7bc55b6aeb2c4b619da68fc9eb70a98430e36fc057eb2142	######=Univocal code	excluded-as-physical-position	device-model/configurators.md#configuration-modes	Software/identity/function metadata; idx=-1 alone does not prove a socket
5331	82	4	1	Colour Touch Screen	AID	ID	ID	1	0e6c40c97ba71efbd59ea1ac9d9da5a249b8c495dc9697a389160b876e47d9bf	********=AID	excluded-as-physical-position	device-model/configurators.md#configuration-modes	Software/identity/function metadata; idx=-1 alone does not prove a socket
2848	83	1	0	Colour Touch Screen	LAN_IP_ADDRESS	Local IP address		1	66bc4325b41f655e5cd3d6f6c7a68c100e0e6cf3bef55913461663df011e1ae4	###.###.###.###=Local IP address	excluded-as-physical-position	device-model/configurators.md#configuration-modes	Software/identity/function metadata; idx=-1 alone does not prove a socket
2852	83	1	0	Colour Touch Screen	FW_VER	Firmware version		1	4f05b9e5bbeac2e25711808eac6469a46db7e6296fd3df50f117ff52d108332b	######=Firmware version	excluded-as-physical-position	device-model/configurators.md#configuration-modes	Software/identity/function metadata; idx=-1 alone does not prove a socket
2856	83	1	0	Colour Touch Screen	SYSADDRESS	Univocal code		1	df381a654bb237368439eae31dce04e40f2b2c86b6c4c4fb86dba12bc816074d	######=Univocal code	excluded-as-physical-position	device-model/configurators.md#configuration-modes	Software/identity/function metadata; idx=-1 alone does not prove a socket
5332	83	1	0	Colour Touch Screen	AID	ID	ID	1	574a196295b3e56987ab702cb154286fdac7222f6fdb29a64361bef482521556	********=AID	excluded-as-physical-position	device-model/configurators.md#configuration-modes	Software/identity/function metadata; idx=-1 alone does not prove a socket
2837	84	6	0	Colour Touch Screen	SYSADDRESS	Univocal code		1	73004b0545af8cf9d410ab67da40d6ed814aa3506bd199add19815eb88dec811	######=Univocal code	excluded-as-physical-position	device-model/configurators.md#configuration-modes	Software/identity/function metadata; idx=-1 alone does not prove a socket
2838	84	6	0	Colour Touch Screen	FW_VER	Firmware version		1	a71bee57ac6c84a61c7a241e5cbc61f6aa483cec037c9b03c6059bcf4a4014da	######=Firmware version	excluded-as-physical-position	device-model/configurators.md#configuration-modes	Software/identity/function metadata; idx=-1 alone does not prove a socket
2839	84	6	0	Colour Touch Screen	LAN_IP_ADDRESS	Local IP address		1	b05f6daf7c821fdb9db4f52a707b8dd2ef27056d72aea5cb617993da235cc035	###.###.###.###=Local IP address	excluded-as-physical-position	device-model/configurators.md#configuration-modes	Software/identity/function metadata; idx=-1 alone does not prove a socket
5333	84	6	0	Colour Touch Screen	AID	ID	ID	1	080eaa109a0bff09d665543c2eaf2bf98fde6699c08745a611600a96fb99c79f	********=AID	excluded-as-physical-position	device-model/configurators.md#configuration-modes	Software/identity/function metadata; idx=-1 alone does not prove a socket
2834	85	6	0	Colour Touch Screen	LAN_IP_ADDRESS	Local IP address		1	931ccbca1862c02267f910594fdb2535fe9ae604b00b10f0d30e8d7fc18613f9	###.###.###.###=Local IP address	excluded-as-physical-position	device-model/configurators.md#configuration-modes	Software/identity/function metadata; idx=-1 alone does not prove a socket
2835	85	6	0	Colour Touch Screen	FW_VER	Firmware version		1	86ade3c0eaceacf3315848ae3dae542df6098b8fa3e3c3d67f1be2dee15a869b	######=Firmware version	excluded-as-physical-position	device-model/configurators.md#configuration-modes	Software/identity/function metadata; idx=-1 alone does not prove a socket
2836	85	6	0	Colour Touch Screen	SYSADDRESS	Univocal code		1	6a574112d054dc9847426d1da72c9d3f457bd116fff7708f9199b827e3fa7678	######=Univocal code	excluded-as-physical-position	device-model/configurators.md#configuration-modes	Software/identity/function metadata; idx=-1 alone does not prove a socket
5334	85	6	0	Colour Touch Screen	AID	ID	ID	1	13230ca3a205490b026b361726c8a9a46c33738ec64b11525f4bd9f63edec6b0	********=AID	excluded-as-physical-position	device-model/configurators.md#configuration-modes	Software/identity/function metadata; idx=-1 alone does not prove a socket
2937	86	6	0	Colour Touch Screen	LAN_IP_ADDRESS	Local IP address		1	a74c398699711c6b91f05c384227be88cc68d46ea7d10e0dd060f7e43a128f2e	###.###.###.###=Local IP address	excluded-as-physical-position	device-model/configurators.md#configuration-modes	Software/identity/function metadata; idx=-1 alone does not prove a socket
2939	86	6	0	Colour Touch Screen	SYSADDRESS	Univocal code		1	f1529bd14589322d5dba231ca234fe6dec84b36600564caa62c02edb0774c8a0	######=Univocal code	excluded-as-physical-position	device-model/configurators.md#configuration-modes	Software/identity/function metadata; idx=-1 alone does not prove a socket
2941	86	6	0	Colour Touch Screen	FW_VER	Firmware version		1	d9044e2c9347941005d95d77d8c1118ea0024a723ff5c10e29067fe08bbf9e82	######=Firmware version	excluded-as-physical-position	device-model/configurators.md#configuration-modes	Software/identity/function metadata; idx=-1 alone does not prove a socket
5335	86	6	0	Colour Touch Screen	AID	ID	ID	1	239d50bdd750d38410435d6fc0f9e3350dd87be2a620349106f46232e9403aa1	********=AID	excluded-as-physical-position	device-model/configurators.md#configuration-modes	Software/identity/function metadata; idx=-1 alone does not prove a socket
2938	87	5	0	Colour Touch Screen	LAN_IP_ADDRESS	Local IP address		1	5fb5be5103897b2367655de939c65e428425b95d5d4a05686e5f33b3aa95e8a9	###.###.###.###=Local IP address	excluded-as-physical-position	device-model/configurators.md#configuration-modes	Software/identity/function metadata; idx=-1 alone does not prove a socket
2940	87	5	0	Colour Touch Screen	SYSADDRESS	Univocal code		1	59c103ca6d0d4a4ca91231e4332528ca7236e3c305cbb469979c912006bb6ba5	######=Univocal code	excluded-as-physical-position	device-model/configurators.md#configuration-modes	Software/identity/function metadata; idx=-1 alone does not prove a socket
2942	87	5	0	Colour Touch Screen	FW_VER	Firmware version		1	53ef997ef2509ebbd1e4bf18e2c941b3a44a2d3d9f63276554aa4ae2b0ab4c90	######=Firmware version	excluded-as-physical-position	device-model/configurators.md#configuration-modes	Software/identity/function metadata; idx=-1 alone does not prove a socket
5336	87	5	0	Colour Touch Screen	AID	ID	ID	1	0adf41058a230fbefb4e16a0342c22f29ca5cb7e79776896e54a715dc175f850	********=AID	excluded-as-physical-position	device-model/configurators.md#configuration-modes	Software/identity/function metadata; idx=-1 alone does not prove a socket
2825	88	6	0	Colour Touch Screen	SYSADDRESS	Univocal code		1	d34dd32119d3bb443460aa0476f2798ce317f3adc11c812547b9c43375ecd6b7	######=Univocal code	excluded-as-physical-position	device-model/configurators.md#configuration-modes	Software/identity/function metadata; idx=-1 alone does not prove a socket
2827	88	6	0	Colour Touch Screen	FW_VER	Firmware version		1	ec024237742d91dae62e0e25208b0de7044328e33b95b6830c491bc03e57c084	######=Firmware version	excluded-as-physical-position	device-model/configurators.md#configuration-modes	Software/identity/function metadata; idx=-1 alone does not prove a socket
2829	88	6	0	Colour Touch Screen	LAN_IP_ADDRESS	Local IP address		1	92931e3d4318fc9646352b8bfa6f218fed991498bf9501b9bc85a25c6ff2751a	###.###.###.###=Local IP address	excluded-as-physical-position	device-model/configurators.md#configuration-modes	Software/identity/function metadata; idx=-1 alone does not prove a socket
5337	88	6	0	Colour Touch Screen	AID	ID	ID	1	c81d45de985c3b07c1d38f10e81e15ceea4e590928a2916e9dad4bd21234345c	********=AID	excluded-as-physical-position	device-model/configurators.md#configuration-modes	Software/identity/function metadata; idx=-1 alone does not prove a socket
2826	89	5	0	Colour Touch Screen	SYSADDRESS	Univocal code		1	3a0d2af833fe3fd13ad10d387363784ba2f838c626564d073fb2ca8a0db7d729	######=Univocal code	excluded-as-physical-position	device-model/configurators.md#configuration-modes	Software/identity/function metadata; idx=-1 alone does not prove a socket
2828	89	5	0	Colour Touch Screen	FW_VER	Firmware version		1	4ce9a9e6be3cfa4face691f2062e4f159bee603ddf60f5867a1ff342e4e71892	######=Firmware version	excluded-as-physical-position	device-model/configurators.md#configuration-modes	Software/identity/function metadata; idx=-1 alone does not prove a socket
2830	89	5	0	Colour Touch Screen	LAN_IP_ADDRESS	Local IP address		1	4f163977cbcda5a5696142569138144b0574ebb7092903a11849c7688d103160	###.###.###.###=Local IP address	excluded-as-physical-position	device-model/configurators.md#configuration-modes	Software/identity/function metadata; idx=-1 alone does not prove a socket
5338	89	5	0	Colour Touch Screen	AID	ID	ID	1	91f94e3cc7dd4c3238da5017f260c40d6843715b7f032d3afe35daf310f178ca	********=AID	excluded-as-physical-position	device-model/configurators.md#configuration-modes	Software/identity/function metadata; idx=-1 alone does not prove a socket
2902	90	1	0	Gateway OPEN-BACNET	LAN_IP_ADDRESS	Local IP address		1	7f845db646a56ce153128334b95160889a63376909fd74fd2d4ba2dbd37665ae	###.###.###.###=Local IP address	excluded-as-physical-position	device-model/configurators.md#configuration-modes	Software/identity/function metadata; idx=-1 alone does not prove a socket
2904	90	1	0	Gateway OPEN-BACNET	LAN_IP_ADDR_TYPE	Local IP dynamicity		3	d396c4d09513c26c0f42f4b33b796e55fdc6e88e8419b5f46525b19c4fa28763	0=Static IP;1=Dynamic IP (DHCP)	excluded-as-physical-position	device-model/configurators.md#configuration-modes	Software/identity/function metadata; idx=-1 alone does not prove a socket
2906	90	1	0	Gateway OPEN-BACNET	FW_VER	Firmware version		1	8da419ab02bf515ec36c03ab2dcc030a94c9db476954453331de946433c8b6df	######=Firmware version	excluded-as-physical-position	device-model/configurators.md#configuration-modes	Software/identity/function metadata; idx=-1 alone does not prove a socket
2908	90	1	0	Gateway OPEN-BACNET	SYSADDRESS	Univocal code		1	bb4eb3f0454689ef5b653c3abea93244fcf4ce75b6659da185b064ad365836a7	######=Univocal code	excluded-as-physical-position	device-model/configurators.md#configuration-modes	Software/identity/function metadata; idx=-1 alone does not prove a socket
5339	90	1	0	Gateway OPEN-BACNET	AID	ID	ID	1	04c09a442d901229d0293587dcd33b883b7887e7da1eacc3fa5c40baac6d59d8	********=AID	excluded-as-physical-position	device-model/configurators.md#configuration-modes	Software/identity/function metadata; idx=-1 alone does not prove a socket
2805	91	6	0	Colour Touch Screen	SYSADDRESS	Univocal code		1	d46c468714cf1a6d2e1a1b05be707339ee168ad8586aedd94975f16b44b7a171	######=Univocal code	excluded-as-physical-position	device-model/configurators.md#configuration-modes	Software/identity/function metadata; idx=-1 alone does not prove a socket
2808	91	6	0	Colour Touch Screen	FW_VER	Firmware version		1	4fc43dd8449fe84c6bf0d3117102678fbe69011e29043648e7223e47ab657a13	######=Firmware version	excluded-as-physical-position	device-model/configurators.md#configuration-modes	Software/identity/function metadata; idx=-1 alone does not prove a socket
2811	91	6	0	Colour Touch Screen	LAN_IP_ADDRESS	Local IP address		1	5e1dae65e75217ee03561b23789b0044af576414958d9e604f4d43d253d5c6dc	###.###.###.###=Local IP address	excluded-as-physical-position	device-model/configurators.md#configuration-modes	Software/identity/function metadata; idx=-1 alone does not prove a socket
5340	91	6	0	Colour Touch Screen	AID	ID	ID	1	cd7c3963ebe3a3b5b27579fbe270fb9744c306196ea786255f75a2e7e8d43e87	********=AID	excluded-as-physical-position	device-model/configurators.md#configuration-modes	Software/identity/function metadata; idx=-1 alone does not prove a socket
2806	92	5	0	Colour Touch Screen	SYSADDRESS	Univocal code		1	be26070c5eed3a1bf9f7b11b29a3de0bb7ec786374aa42f65b778941460012d8	######=Univocal code	excluded-as-physical-position	device-model/configurators.md#configuration-modes	Software/identity/function metadata; idx=-1 alone does not prove a socket
2809	92	5	0	Colour Touch Screen	FW_VER	Firmware version		1	98c8e880d4864cd29ac931346cfac4fbb5ee8549540a4e26458d66f49ab4da0d	######=Firmware version	excluded-as-physical-position	device-model/configurators.md#configuration-modes	Software/identity/function metadata; idx=-1 alone does not prove a socket
2812	92	5	0	Colour Touch Screen	LAN_IP_ADDRESS	Local IP address		1	2f198392234513cb571c4bff20c8fcab1c3d97f2232810a6ad469921eeae8c85	###.###.###.###=Local IP address	excluded-as-physical-position	device-model/configurators.md#configuration-modes	Software/identity/function metadata; idx=-1 alone does not prove a socket
5341	92	5	0	Colour Touch Screen	AID	ID	ID	1	177b27035d87ff42e035eb0568bf1ada73ac5fb38f11e14661ba7927e94898f8	********=AID	excluded-as-physical-position	device-model/configurators.md#configuration-modes	Software/identity/function metadata; idx=-1 alone does not prove a socket
2807	93	4	1	Colour Touch Screen	SYSADDRESS	Univocal code		1	9cf788fb69ea304945cfd5971708bd21ee0e1448d31e8f8557ac4e4a6d7d6c4f	######=Univocal code	excluded-as-physical-position	device-model/configurators.md#configuration-modes	Software/identity/function metadata; idx=-1 alone does not prove a socket
2810	93	4	1	Colour Touch Screen	FW_VER	Firmware version		1	f8be62f6ce0a5e1d0889461b569c7d55d9e7e9d5bd51324377894c5a16e7180a	######=Firmware version	excluded-as-physical-position	device-model/configurators.md#configuration-modes	Software/identity/function metadata; idx=-1 alone does not prove a socket
2813	93	4	1	Colour Touch Screen	LAN_IP_ADDRESS	Local IP address		1	12e769a48b61aea19596644dbea2263cb220832d9ae8bd8c5656c919347957f1	###.###.###.###=Local IP address	excluded-as-physical-position	device-model/configurators.md#configuration-modes	Software/identity/function metadata; idx=-1 alone does not prove a socket
5342	93	4	1	Colour Touch Screen	AID	ID	ID	1	a6cdadc73f8146812faf37f674177523f62192a3880031694ba634e01ffeeed6	********=AID	excluded-as-physical-position	device-model/configurators.md#configuration-modes	Software/identity/function metadata; idx=-1 alone does not prove a socket
2923	94	2	0	PABX288 automatic telephone switching system	LAN_IP_ADDRESS	Local IP address		1	273789a3685fb63ad66f1a0a8fa11214cb19d58ca89165b46253b4be7e2c516b	###.###.###.###=Local IP address	excluded-as-physical-position	device-model/configurators.md#configuration-modes	Software/identity/function metadata; idx=-1 alone does not prove a socket
2926	94	2	0	PABX288 automatic telephone switching system	FW_VER	Firmware version		1	84af6e04d9b02b5221633176185f6b1590fce51f7a77a34253cb21e499f28080	######=Firmware version	excluded-as-physical-position	device-model/configurators.md#configuration-modes	Software/identity/function metadata; idx=-1 alone does not prove a socket
2929	94	2	0	PABX288 automatic telephone switching system	SYSADDRESS	Univocal code		1	ce68f170f49ebd1e693da9555e99afee9c32ba2d53e933c5a71ea0137e0c2dd6	######=Univocal code	excluded-as-physical-position	device-model/configurators.md#configuration-modes	Software/identity/function metadata; idx=-1 alone does not prove a socket
5343	94	2	0	PABX288 automatic telephone switching system	AID	ID	ID	1	4330db4986f0ccc9fc4e2fb501434fba215b59a8cc6844facd3858528374645e	********=AID	excluded-as-physical-position	device-model/configurators.md#configuration-modes	Software/identity/function metadata; idx=-1 alone does not prove a socket
2924	95	1	0	PABX288 automatic telephone switching system	LAN_IP_ADDRESS	Local IP address		1	57f7b2fd1481d823ec63f3a243450c7f02d93c9694134104ad76566f32fbb0ea	###.###.###.###=Local IP address	excluded-as-physical-position	device-model/configurators.md#configuration-modes	Software/identity/function metadata; idx=-1 alone does not prove a socket
2927	95	1	0	PABX288 automatic telephone switching system	FW_VER	Firmware version		1	4a0bc189922e1b11d7b157cd25780a46720552e57b3d129bb6b8af0f1c6150f7	######=Firmware version	excluded-as-physical-position	device-model/configurators.md#configuration-modes	Software/identity/function metadata; idx=-1 alone does not prove a socket
2930	95	1	0	PABX288 automatic telephone switching system	SYSADDRESS	Univocal code		1	fc1ab90aa8e92b7fe404158495d23558870badacfbafe928615dce7fcd898752	######=Univocal code	excluded-as-physical-position	device-model/configurators.md#configuration-modes	Software/identity/function metadata; idx=-1 alone does not prove a socket
5344	95	1	0	PABX288 automatic telephone switching system	AID	ID	ID	1	26587dea56653f7d7b7634f975d0fbb59882769f6e8a612218c4d4cfeb56190f	********=AID	excluded-as-physical-position	device-model/configurators.md#configuration-modes	Software/identity/function metadata; idx=-1 alone does not prove a socket
2489	96	1	0	IP interface (2Wire/IP)	M1_1	M1_1	Internal Unit Range	5	fb9830d5d7da5b690871ba97263a1a74f213e5c3cfc6e356e0bec050ef093a02		excluded-unverified-position-function	device-model/configurators.md#evidence-limits	Inventoried exact definition/domain; no new manufacturer-verified function/range claim for this symbol in this review
2490	96	1	0	IP interface (2Wire/IP)	M1_2	M1_2	Internal Unit Range	12	1b2c2861b02650dd54e9a254513809d5e5f25a3662509cd3eb09728cd3c135ad	10=OFF	excluded-unverified-position-function	device-model/configurators.md#evidence-limits	Inventoried exact definition/domain; no new manufacturer-verified function/range claim for this symbol in this review
2491	96	1	0	IP interface (2Wire/IP)	N1_1	N1_1	Internal Unit Range	11	e84269bbe2d167ffe7470e20889539505db8b29dbe4c2a0e3b7f31743ab58802		excluded-unverified-position-function	device-model/configurators.md#evidence-limits	Inventoried exact definition/domain; no new manufacturer-verified function/range claim for this symbol in this review
2492	96	1	0	IP interface (2Wire/IP)	N1_2	N1_2	Internal Unit Range	11	97b3e8098c5593d09aec88b114b408f2cdd3b3fe4ca1aa5a32207974b83c487c		excluded-unverified-position-function	device-model/configurators.md#evidence-limits	Inventoried exact definition/domain; no new manufacturer-verified function/range claim for this symbol in this review
2493	96	1	0	IP interface (2Wire/IP)	M2_1	M2_1	Internal Unit Range	5	0b3df5a8a3e2c5c5957931177f7fa884637581a8d9a6d4af85c3612dd2202d74		excluded-unverified-position-function	device-model/configurators.md#evidence-limits	Inventoried exact definition/domain; no new manufacturer-verified function/range claim for this symbol in this review
2494	96	1	0	IP interface (2Wire/IP)	M2_2	M2_2	Internal Unit Range	11	507f0d0cb6f028bfbf997761e04894d91e7fa8ebf27917f07744225558f1f9dc		excluded-unverified-position-function	device-model/configurators.md#evidence-limits	Inventoried exact definition/domain; no new manufacturer-verified function/range claim for this symbol in this review
2495	96	1	0	IP interface (2Wire/IP)	N2_1	N2_1	Internal Unit Range	11	8dd32c91e5483b6de02d2852531d573daff29d387f97164da9d6128398d6d4f4		excluded-unverified-position-function	device-model/configurators.md#evidence-limits	Inventoried exact definition/domain; no new manufacturer-verified function/range claim for this symbol in this review
2496	96	1	0	IP interface (2Wire/IP)	N2_2	N2_2	Internal Unit Range	11	ed4aab3b587f2e39fefff7382d4f8968d4e2621c64d7ca08621dda882f862e61		excluded-unverified-position-function	device-model/configurators.md#evidence-limits	Inventoried exact definition/domain; no new manufacturer-verified function/range claim for this symbol in this review
2497	96	1	0	IP interface (2Wire/IP)	C	C	Interf2wires Associated SwitchBoard	1	042cf736718bc1969fd5e627de2d1f38f6415b7604f9ec6578fcb948baeb631d		corroborates-contextual-vocabulary	device-model/configurators.md#positions-and-functions	Catalogue field/name scoped to this definition; manufacturer examples do not validate every associated product, numeric domain or deployment
5345	96	1	0	IP interface (2Wire/IP)	AID	ID	ID	1	ebd2b82e34cf2473f308713209739f8fe3b822513fdba6f662d1da10d2eb07e4	********=AID	excluded-as-physical-position	device-model/configurators.md#configuration-modes	Software/identity/function metadata; idx=-1 alone does not prove a socket
3625	97	1	0	Central unit access control 1 head Vigik 	AC_C1	C1	local address tenths configurator	1	066688fc1778fd5afa606cfcb0024d2ecadd0725deb97239e651580a83717174		excluded-unverified-position-function	device-model/configurators.md#evidence-limits	Inventoried exact definition/domain; no new manufacturer-verified function/range claim for this symbol in this review
3626	97	1	0	Central unit access control 1 head Vigik 	AC_C0	C0	local address units configurator	1	7077f0f01c16b60a0056b52a293b975d1542214bca5d0ea65cc7649e649b1b0b		excluded-unverified-position-function	device-model/configurators.md#evidence-limits	Inventoried exact definition/domain; no new manufacturer-verified function/range claim for this symbol in this review
3627	97	1	0	Central unit access control 1 head Vigik 	AC_P1	P1	EU address tenths configurator	1	f91f17d49cdf6c7e96a56165d39273f1f4279699e97cbddd320cff4c16aed33e		excluded-unverified-position-function	device-model/configurators.md#evidence-limits	Inventoried exact definition/domain; no new manufacturer-verified function/range claim for this symbol in this review
3628	97	1	0	Central unit access control 1 head Vigik 	AC_P0	P0	EU address units configurator	1	11013b328a17d817628d9e6b979952e0b1c48d612ea9accf08bc8a559c95676c		excluded-unverified-position-function	device-model/configurators.md#evidence-limits	Inventoried exact definition/domain; no new manufacturer-verified function/range claim for this symbol in this review
3629	97	1	0	Central unit access control 1 head Vigik 	AC_CU_M	M	central unit operating mode	1	e65525169ccbed6ba5ea24e54469ea377a5b25f05ac301660dbd63566a8e72cb		excluded-unverified-position-function	device-model/configurators.md#evidence-limits	Inventoried exact definition/domain; no new manufacturer-verified function/range claim for this symbol in this review
3630	97	1	0	Central unit access control 1 head Vigik 	AC_T	T	local relay timing	1	bbd56d06ada6b016627d089362e97426c55813e532a4061f0876a0f084410ed6		corroborates-contextual-vocabulary	device-model/configurators.md#system-specific-positions	Catalogue field/name scoped to this definition; manufacturer examples do not validate every associated product, numeric domain or deployment
5346	97	1	0	Central unit access control 1 head Vigik 	AID	ID	ID	1	0ca166a06d2967d2373b28af3aa16a8a44974b52bb672ddd25027f744e4096cb	********=AID	excluded-as-physical-position	device-model/configurators.md#configuration-modes	Software/identity/function metadata; idx=-1 alone does not prove a socket
2320	98	1	0	Energy data logger	LAN_IP_ADDRESS	Local IP address	Local IP address	1	76924b2385e4a6a09c6c0011e25915f9cdb07ad60891f270aed8ce17a1fbf21a	###.###.###.###=Local IP address	excluded-as-physical-position	device-model/configurators.md#configuration-modes	Software/identity/function metadata; idx=-1 alone does not prove a socket
2322	98	1	0	Energy data logger	LAN_IP_ADDR_TYPE	Local IP dynamicity	Local Dynamic IP	3	4795c18e4bb685789eeb9281292f7c77a7d3de6682ef9e3c72f3016b264fb6c5	0=Static IP;1=Dynamic IP (DHCP)	excluded-as-physical-position	device-model/configurators.md#configuration-modes	Software/identity/function metadata; idx=-1 alone does not prove a socket
2893	98	1	0	Energy data logger	FW_VER	Firmware version		1	80411803c3b9a0c3b159ceed6c478d0586b62d41c8fbcc949dda6692a9a99623	######=Firmware version	excluded-as-physical-position	device-model/configurators.md#configuration-modes	Software/identity/function metadata; idx=-1 alone does not prove a socket
2894	98	1	0	Energy data logger	SYSADDRESS	Univocal code		1	be82eac59b89af9992261bb75b58b9dec52bb091059f88488ce4c5c7e2713904	######=Univocal code	excluded-as-physical-position	device-model/configurators.md#configuration-modes	Software/identity/function metadata; idx=-1 alone does not prove a socket
5347	98	1	0	Energy data logger	AID	ID	ID	1	5961bdf859a83b3522d77be0abb0931b5fd7b33e368434c57e7a127a0b7e7195	********=AID	excluded-as-physical-position	device-model/configurators.md#configuration-modes	Software/identity/function metadata; idx=-1 alone does not prove a socket
3694	99	1	0	GPRS Interface	IS_GATEWAY	Gateway		3	beadb8bf6a10cd432ecff505cb81e5bde82ec874b20fafd77a6ada3e6f42de50	0=Disable;1=Enable	excluded-as-physical-position	device-model/configurators.md#configuration-modes	Software/identity/function metadata; idx=-1 alone does not prove a socket
3695	99	1	0	GPRS Interface	FW_VER	Firmware version		1	717692a77240bcbbfab6ae1f89a6dc9b253d720fee39f62b0a763736c3e61316	######=Firmware version	excluded-as-physical-position	device-model/configurators.md#configuration-modes	Software/identity/function metadata; idx=-1 alone does not prove a socket
3700	99	1	0	GPRS Interface	S/N	Serial Number		1	1595df1bb8c61564480f750e2e8b4129f4145c7b01d96df941d8829c3cf85ba5	########=S/N	excluded-as-physical-position	device-model/configurators.md#configuration-modes	Software/identity/function metadata; idx=-1 alone does not prove a socket
5348	99	1	0	GPRS Interface	AID	ID	ID	1	753a534ee09b885372ad7b52646209e060163cbf515bef1d1aefb3042a1794c2	********=AID	excluded-as-physical-position	device-model/configurators.md#configuration-modes	Software/identity/function metadata; idx=-1 alone does not prove a socket
2623	100	3	0	Webserver Audio/Video DIN	IS_GATEWAY	Gateway	Boolean flag for Gateway device	3	2fffa037484ac823d56c17bd851454f3dbee254f0ca28da8e77e21907dab2809	0=Disable;1=Enable	excluded-as-physical-position	device-model/configurators.md#configuration-modes	Software/identity/function metadata; idx=-1 alone does not prove a socket
2624	100	3	0	Webserver Audio/Video DIN	FW_VER	Firmware version	Firmware version	1	84efaa369cbc16648a0322fa47b378ff9d574e311d550cbd2eb20e80e2d5bc6d	######=Firmware version	excluded-as-physical-position	device-model/configurators.md#configuration-modes	Software/identity/function metadata; idx=-1 alone does not prove a socket
2625	100	3	0	Webserver Audio/Video DIN	VCD_PORT	Video port	VIdeo port	1	439caffe8549bfae1498545dc03b905ab22107ade16feb3f982433422801560e	#####=Video port	excluded-as-physical-position	device-model/configurators.md#configuration-modes	Software/identity/function metadata; idx=-1 alone does not prove a socket
2626	100	3	0	Webserver Audio/Video DIN	CMD_PORT	Commands port	Commands port	1	af979db544a6b6779899429e5209f83b91a92a058be06798280d0a7c5054b21e	#####=Commands port	excluded-as-physical-position	device-model/configurators.md#configuration-modes	Software/identity/function metadata; idx=-1 alone does not prove a socket
2627	100	3	0	Webserver Audio/Video DIN	LAN_IP_ADDRESS	Local IP address	Local IP address	1	213cfcaea1a4555f4bc00228cc31386d55875a8c93f032978deaaf4a10763c08	###.###.###.###=Local IP address	excluded-as-physical-position	device-model/configurators.md#configuration-modes	Software/identity/function metadata; idx=-1 alone does not prove a socket
2628	100	3	0	Webserver Audio/Video DIN	LAN_IP_ADDR_TYPE	Local IP dynamicity	Local Dynamic IP	3	2f7c2e9a2716b0df7b952033223d398c089a5dda424196c3372a8d46800c6f12	0=Static IP;1=Dynamic IP (DHCP)	excluded-as-physical-position	device-model/configurators.md#configuration-modes	Software/identity/function metadata; idx=-1 alone does not prove a socket
2629	100	3	0	Webserver Audio/Video DIN	IP_ADDRESS	Public IP address	Public IP address	1	defc894e3d4b01ebe5f681705ad950e957d96decc76e0d90eef929132dc56287	###.###.###.###=Public IP address	excluded-as-physical-position	device-model/configurators.md#configuration-modes	Software/identity/function metadata; idx=-1 alone does not prove a socket
2630	100	3	0	Webserver Audio/Video DIN	CONNECTION_METHOD	Public IP dynamicity	Public Dynamic IP	4	4cb36237c7d33935179e865fde2759de21fca7e6d4d419c8952c2bcec147b272	0=Dynamic IP (DHCP);1=Static IP;2=Web active connections	excluded-as-physical-position	device-model/configurators.md#configuration-modes	Software/identity/function metadata; idx=-1 alone does not prove a socket
2631	100	3	0	Webserver Audio/Video DIN	S_VCT	Voice box videos	Voice Box Vds	3	fa490c745c951a3c91c0aa34cc413bd48127ea34b3e3f6d7d170d8b96d63d535	0=Disable;1=Enable	excluded-as-physical-position	device-model/configurators.md#configuration-modes	Software/identity/function metadata; idx=-1 alone does not prove a socket
5349	100	3	0	Webserver Audio/Video DIN	AID	ID	ID	1	137f16e8fcf9dfaec3b99af88e0e0f8c1ccfe5d093ff1a9883c2e70978aeb6c1	********=AID	excluded-as-physical-position	device-model/configurators.md#configuration-modes	Software/identity/function metadata; idx=-1 alone does not prove a socket
1112	101	2	0	Web Server A/V Bus	IS_GATEWAY	Gateway	Boolean flag for Gateway device	3	f57e9efa6dc0a9973c3703eb8aaa7540858daee865b59827ae10243cd9e1183c	0=Disable;1=Enable	excluded-as-physical-position	device-model/configurators.md#configuration-modes	Software/identity/function metadata; idx=-1 alone does not prove a socket
1114	101	2	0	Web Server A/V Bus	FW_VER	Firmware version	Firmware version	1	02ee5ba402089366e78203666ec9a71cea587b0bf4ec9ca5fbd69cfd29f83cf8	######=Firmware version	excluded-as-physical-position	device-model/configurators.md#configuration-modes	Software/identity/function metadata; idx=-1 alone does not prove a socket
1116	101	2	0	Web Server A/V Bus	VCD_PORT	Video port	VIdeo port	1	203371453d89b2afb768b949167abf56fc43702e1c9aeaf7a2146e5fb73301fe	#####=Video port	excluded-as-physical-position	device-model/configurators.md#configuration-modes	Software/identity/function metadata; idx=-1 alone does not prove a socket
1118	101	2	0	Web Server A/V Bus	CMD_PORT	Commands port	Commands port	1	1b0da7c1aff6bd2bc28992477a8dda5f35c8669abab2e30b4215c45cc06589fa	#####=Commands port	excluded-as-physical-position	device-model/configurators.md#configuration-modes	Software/identity/function metadata; idx=-1 alone does not prove a socket
1120	101	2	0	Web Server A/V Bus	LAN_IP_ADDRESS	Local IP address	Local IP address	1	22133fb1027d62ca5368dcd03637bc3bee98288349cedfabf36a8dd9f01b8fd7	###.###.###.###=Local IP address	excluded-as-physical-position	device-model/configurators.md#configuration-modes	Software/identity/function metadata; idx=-1 alone does not prove a socket
1122	101	2	0	Web Server A/V Bus	LAN_IP_ADDR_TYPE	Local IP dynamicity	Local Dynamic IP	3	441fdfc3546efa5b093f4615073cb54fa9c86f77f6a6609184bbefaafba283cf	0=Static IP;1=Dynamic IP (DHCP)	excluded-as-physical-position	device-model/configurators.md#configuration-modes	Software/identity/function metadata; idx=-1 alone does not prove a socket
1124	101	2	0	Web Server A/V Bus	IP_ADDRESS	Public IP address	Public IP address	1	c6c82d83295cdad630a21b038aa71c3e95c9c08f32fc4d402710578a7b41902f	###.###.###.###=Public IP address	excluded-as-physical-position	device-model/configurators.md#configuration-modes	Software/identity/function metadata; idx=-1 alone does not prove a socket
1126	101	2	0	Web Server A/V Bus	CONNECTION_METHOD	Public IP dynamicity	Public Dynamic IP	3	f5f7d790c3922c65d27fa86d97f23e81cd2b1b5dbdd19222bc8f4320ac62a1e2	0=Dynamic IP (DHCP);1=Static IP;2=Web active connections	excluded-as-physical-position	device-model/configurators.md#configuration-modes	Software/identity/function metadata; idx=-1 alone does not prove a socket
1128	101	2	0	Web Server A/V Bus	S_VCT	Voice box videos	Voice Box Vds	3	b42f385cb847839292c655ce256c985e472de0927a9826588bda53df24d535fe	0=Disable;1=Enable	excluded-as-physical-position	device-model/configurators.md#configuration-modes	Software/identity/function metadata; idx=-1 alone does not prove a socket
5350	101	2	0	Web Server A/V Bus	AID	ID	ID	1	339b1adc0328d55d2aad91d3f3411cd03eacd8deddb0469892d57697dcfe7fa2	********=AID	excluded-as-physical-position	device-model/configurators.md#configuration-modes	Software/identity/function metadata; idx=-1 alone does not prove a socket
5351	102	1	0	Local portable programmer	AID	ID	ID	1	be353c4b09ed47ebdc2ca93e26a9158b8254b45918d60a2175c2ccc9af46f6e4	********=AID	excluded-as-physical-position	device-model/configurators.md#configuration-modes	Software/identity/function metadata; idx=-1 alone does not prove a socket
2819	103	3	0	Colour Touch Screen	LAN_IP_ADDRESS	Local IP address		1	57cbd4b421eb9314f75164b59b6b020621cef7cb3fc947d42a89e953da33f602	###.###.###.###=Local IP address	excluded-as-physical-position	device-model/configurators.md#configuration-modes	Software/identity/function metadata; idx=-1 alone does not prove a socket
2821	103	3	0	Colour Touch Screen	FW_VER	Firmware version		1	a22c71a4f143422db797f70f7eed2de59ebbb24e2b32d5535a15ada7fabc3e5d	######=Firmware version	excluded-as-physical-position	device-model/configurators.md#configuration-modes	Software/identity/function metadata; idx=-1 alone does not prove a socket
2823	103	3	0	Colour Touch Screen	SYSADDRESS	Univocal code		1	6c041efd9f7f21d5dc5992c69cc7d01193e53559f2e88769bfedca00956304b3	######=Univocal code	excluded-as-physical-position	device-model/configurators.md#configuration-modes	Software/identity/function metadata; idx=-1 alone does not prove a socket
5352	103	3	0	Colour Touch Screen	AID	ID	ID	1	56ad7849415278ade10266a0cfe31cc45a4e866a815aa930ee3bcdf7fa9a6d59	********=AID	excluded-as-physical-position	device-model/configurators.md#configuration-modes	Software/identity/function metadata; idx=-1 alone does not prove a socket
2820	104	4	1	Colour Touch Screen	LAN_IP_ADDRESS	Local IP address		1	2ec0c9b8a8cbd7cfc0df7613c557d49b919937fdef359019beee061a7475c499	###.###.###.###=Local IP address	excluded-as-physical-position	device-model/configurators.md#configuration-modes	Software/identity/function metadata; idx=-1 alone does not prove a socket
2822	104	4	1	Colour Touch Screen	FW_VER	Firmware version		1	804f3325f8e3af698c8d9f70434c7477d14990ab82f3274948ca2cde36b5186c	######=Firmware version	excluded-as-physical-position	device-model/configurators.md#configuration-modes	Software/identity/function metadata; idx=-1 alone does not prove a socket
2824	104	4	1	Colour Touch Screen	SYSADDRESS	Univocal code		1	e94ceb3d8aabc783202b609a4574378053f0e949dda092dbfdcdd10d4c8b44b5	######=Univocal code	excluded-as-physical-position	device-model/configurators.md#configuration-modes	Software/identity/function metadata; idx=-1 alone does not prove a socket
5353	104	4	1	Colour Touch Screen	AID	ID	ID	1	eab0079dcc5195c52dba47f0db3b56bd67292d67d0a9a799c8c0c6140f343024	********=AID	excluded-as-physical-position	device-model/configurators.md#configuration-modes	Software/identity/function metadata; idx=-1 alone does not prove a socket
5354	105	1	0	Burglar alarm central unit with communicator	AID	ID	ID	1	abf8c5dd7be8aa6089dedb7f63b9bf56eaca7bd97fcea414c981e97689dc386f	********=AID	excluded-as-physical-position	device-model/configurators.md#configuration-modes	Software/identity/function metadata; idx=-1 alone does not prove a socket
5355	106	6	0	Burglar alarm central unit with communicator	AID	ID	ID	1	655b725616c90ca0f9b4baea2d77d0ad90cb2c3929ed3b9b70f83850674507c8	********=AID	excluded-as-physical-position	device-model/configurators.md#configuration-modes	Software/identity/function metadata; idx=-1 alone does not prove a socket
5356	107	7	0	Burglar alarm central unit with communicator	AID	ID	ID	1	2317893744146b3a16b6364755d340e6fdc413507a3bcaa6ede8ff08956cde84	********=AID	excluded-as-physical-position	device-model/configurators.md#configuration-modes	Software/identity/function metadata; idx=-1 alone does not prove a socket
2802	109	1	0	MyHOME_Screen 10	LAN_IP_ADDRESS	Local IP address		1	6266dc2a3d8ea668ec79d887c2e2662e09ca357caaeb4d9542502fe614006062	###.###.###.###=Local IP address	excluded-as-physical-position	device-model/configurators.md#configuration-modes	Software/identity/function metadata; idx=-1 alone does not prove a socket
2803	109	1	0	MyHOME_Screen 10	FW_VER	Firmware version		1	1237962134b7bb53b9834ba7effbd3f2be3e79f96552c5cd4501f07ed2fb1d60	######=Firmware version	excluded-as-physical-position	device-model/configurators.md#configuration-modes	Software/identity/function metadata; idx=-1 alone does not prove a socket
2804	109	1	0	MyHOME_Screen 10	SYSADDRESS	Univocal code		1	c313a7486ea659c2e9960106b94826428ac533fa00ae476dfee93bf5d341a1f0	######=Univocal code	excluded-as-physical-position	device-model/configurators.md#configuration-modes	Software/identity/function metadata; idx=-1 alone does not prove a socket
5357	109	1	0	MyHOME_Screen 10	AID	ID	ID	1	82085b3d4947406b0ac84d8ddb82df550ecdc10e1e1297aee1387a4a15fc0575	********=AID	excluded-as-physical-position	device-model/configurators.md#configuration-modes	Software/identity/function metadata; idx=-1 alone does not prove a socket
2405	110	1	3	Local Display	ZA	ZA	ZA thermo zone address	1	4659549ae6f1c4aa9ec2ab15ca5bc8cab22eccd2f1e3b4dcf58c6dfc7c9713c1		corroborates-contextual-vocabulary	device-model/configurators.md#system-specific-positions	Catalogue field/name scoped to this definition; manufacturer examples do not validate every associated product, numeric domain or deployment
2406	110	1	3	Local Display	ZB	ZB	ZB thermo zone address	1	e8658a819642def4585e7909e563edc78744d508beeb28adb660049643af5b55		corroborates-contextual-vocabulary	device-model/configurators.md#system-specific-positions	Catalogue field/name scoped to this definition; manufacturer examples do not validate every associated product, numeric domain or deployment
2409	110	1	3	Local Display	M	M	Mode (None,3,4,5,6,7,8)	8	9d43e5611e62a88fb1a9a0c5d3d78845d0879423fa1165179543121b94b3ddbc		corroborates-contextual-vocabulary	device-model/configurators.md#positions-and-functions	Catalogue field/name scoped to this definition; manufacturer examples do not validate every associated product, numeric domain or deployment
2410	110	1	3	Local Display	FUN	FUN	Configurator FUN	6	6f457d42ea8e581d7da402e95f73666770f8ed60f2fa6e4e08ebc82db5a57c45		corroborates-contextual-vocabulary	device-model/configurators.md#system-specific-positions	Catalogue field/name scoped to this definition; manufacturer examples do not validate every associated product, numeric domain or deployment
5358	110	1	3	Local Display	AID	ID	ID	1	9169e1093a4e06a11fa5453e9cbd292a2c714a2c027923a5f0ab44ed4bc67eae	********=AID	excluded-as-physical-position	device-model/configurators.md#configuration-modes	Software/identity/function metadata; idx=-1 alone does not prove a socket
2583	111	1	1	Audio module	P2	P2	Configurator P2	1	89136b6eff0767eba5730cf19ecff5fc2a4d1d17e95885c79f18a3fefc209a93		excluded-unverified-position-function	device-model/configurators.md#evidence-limits	Inventoried exact definition/domain; no new manufacturer-verified function/range claim for this symbol in this review
2584	111	1	1	Audio module	P1	P1	Configurator P1	1	0e866397429bb4075ce5348e5d4c1868e9f3b5b6f6ada25969d2ec5dddbaf832		excluded-unverified-position-function	device-model/configurators.md#evidence-limits	Inventoried exact definition/domain; no new manufacturer-verified function/range claim for this symbol in this review
2585	111	1	1	Audio module	N2	N2	AssInternalUnitAddrHundreds	1	13d9f5d0585646dae71bf9d8247188379acc42d40835e689ff9f9fc18db45c43		corroborates-contextual-vocabulary	device-model/configurators.md#system-specific-positions	Catalogue field/name scoped to this definition; manufacturer examples do not validate every associated product, numeric domain or deployment
2586	111	1	1	Audio module	N1	N1	AssInternalUnitAddrUnits	1	9fab2f995dd6a9e8709beea37a9cce33f9d68151d2e6498d2773538b0909c484		corroborates-contextual-vocabulary	device-model/configurators.md#system-specific-positions	Catalogue field/name scoped to this definition; manufacturer examples do not validate every associated product, numeric domain or deployment
2587	111	1	1	Audio module	S	S	Configurator S (0-4)	1	c261641470a934db7b3eded6ae295efc8edd9f2f5af3e1b8f2eb4de6eafd054e		corroborates-contextual-vocabulary	device-model/configurators.md#system-specific-positions	Catalogue field/name scoped to this definition; manufacturer examples do not validate every associated product, numeric domain or deployment
2588	111	1	1	Audio module	T	T	Configurator T (time) - (0-7)	1	143ec5fd890b4582904e4bef3b4ecc06c20b706de15a494375d2aff4f8a443d8		corroborates-contextual-vocabulary	device-model/configurators.md#system-specific-positions	Catalogue field/name scoped to this definition; manufacturer examples do not validate every associated product, numeric domain or deployment
2589	111	1	1	Audio module	M	M	Mode 0-7	1	cd943955c80439754c1607fcdf18b0925aab0ed5805a1355db1e8be1eb753be5		corroborates-contextual-vocabulary	device-model/configurators.md#positions-and-functions	Catalogue field/name scoped to this definition; manufacturer examples do not validate every associated product, numeric domain or deployment
5359	111	1	1	Audio module	AID	ID	ID	1	7995c8e95a97f9cd715e2b6b765a2e783a0d1787ce8514f34ffe135eabb51d38	********=AID	excluded-as-physical-position	device-model/configurators.md#configuration-modes	Software/identity/function metadata; idx=-1 alone does not prove a socket
2576	112	1	1	A/V module	N2	N2	AssInternalUnitAddrHundreds	1	078d4ddc18e0f9a5fb403bbc1031e765905e85c5507a5200cd36a5d1251fcad5		corroborates-contextual-vocabulary	device-model/configurators.md#system-specific-positions	Catalogue field/name scoped to this definition; manufacturer examples do not validate every associated product, numeric domain or deployment
2577	112	1	1	A/V module	N1	N1	AssInternalUnitAddrUnits	1	6a4d52217cb0868ba1c4cf820ffa1e6d98c6993947c4535c88f4ab3776adc5ac		corroborates-contextual-vocabulary	device-model/configurators.md#system-specific-positions	Catalogue field/name scoped to this definition; manufacturer examples do not validate every associated product, numeric domain or deployment
2578	112	1	1	A/V module	P2	P2	Configurator P2	1	8e13235987195d004d60d27eca323b88ab14890ad5f806801bfa290946fae5d6		excluded-unverified-position-function	device-model/configurators.md#evidence-limits	Inventoried exact definition/domain; no new manufacturer-verified function/range claim for this symbol in this review
2579	112	1	1	A/V module	P1	P1	Configurator P1	1	4a8a1d1866d833e26c3b71daac0c8a36517350cdfe3a7793c4ba403f16776566		excluded-unverified-position-function	device-model/configurators.md#evidence-limits	Inventoried exact definition/domain; no new manufacturer-verified function/range claim for this symbol in this review
2580	112	1	1	A/V module	S	S	Configurator S (0-4)	1	7f842d30d0e273d8a605cabf0459443b62c8312514a9fe9e6da13281d7aaa09a		corroborates-contextual-vocabulary	device-model/configurators.md#system-specific-positions	Catalogue field/name scoped to this definition; manufacturer examples do not validate every associated product, numeric domain or deployment
2581	112	1	1	A/V module	T	T	Configurator T (time) - (0-7)	1	70a0e1ca08a704035b44f59910b0de661365589d97bbb9653c7ed9f321d5e1a7		corroborates-contextual-vocabulary	device-model/configurators.md#system-specific-positions	Catalogue field/name scoped to this definition; manufacturer examples do not validate every associated product, numeric domain or deployment
2582	112	1	1	A/V module	M	M	Mode 0-7	1	746d002df7145cff35f76884011bf6ed270a6c97eec01c141d6ac0695c5b021d		corroborates-contextual-vocabulary	device-model/configurators.md#positions-and-functions	Catalogue field/name scoped to this definition; manufacturer examples do not validate every associated product, numeric domain or deployment
5360	112	1	1	A/V module	AID	ID	ID	1	2d819a857deea72d2397429573f275de04eeb8d0c36de207a94eee1ccf6cf2c7	********=AID	excluded-as-physical-position	device-model/configurators.md#configuration-modes	Software/identity/function metadata; idx=-1 alone does not prove a socket
2590	113	1	1	Wide angle A/V module	P2	P2	Configurator P2	1	106f90ba28976c4f1068de234dfb21aba626b00f1f90bee6d410b3c4d263913e		excluded-unverified-position-function	device-model/configurators.md#evidence-limits	Inventoried exact definition/domain; no new manufacturer-verified function/range claim for this symbol in this review
2591	113	1	1	Wide angle A/V module	P1	P1	Configurator P1	1	c51757018c96e723b07dd2bd814c0a085f63898af233b3a9a21ba5d96d8096d2		excluded-unverified-position-function	device-model/configurators.md#evidence-limits	Inventoried exact definition/domain; no new manufacturer-verified function/range claim for this symbol in this review
2592	113	1	1	Wide angle A/V module	N2	N2	AssInternalUnitAddrHundreds	1	21f42b96d12317cea00a1d4e4dbabb47a58ea769b51e6079868f352ce0034414		corroborates-contextual-vocabulary	device-model/configurators.md#system-specific-positions	Catalogue field/name scoped to this definition; manufacturer examples do not validate every associated product, numeric domain or deployment
2593	113	1	1	Wide angle A/V module	N1	N1	AssInternalUnitAddrUnits	1	0ee0b4ab480534ae4185f748e6a50cdbcd8264709db97bc0b5e5fe7ba27079ba		corroborates-contextual-vocabulary	device-model/configurators.md#system-specific-positions	Catalogue field/name scoped to this definition; manufacturer examples do not validate every associated product, numeric domain or deployment
2594	113	1	1	Wide angle A/V module	S	S	Configurator S (0-4)	1	e9d528b4b14f106d108aca06bc25579f3a4e28314beda0b8aa0082ef6103874b		corroborates-contextual-vocabulary	device-model/configurators.md#system-specific-positions	Catalogue field/name scoped to this definition; manufacturer examples do not validate every associated product, numeric domain or deployment
2595	113	1	1	Wide angle A/V module	T	T	Configurator T (time) - (0-7)	1	d5f0e0281d4a59b54bcbe79cdf5dedcab722d65b79d2e3f8830247bffa37f710		corroborates-contextual-vocabulary	device-model/configurators.md#system-specific-positions	Catalogue field/name scoped to this definition; manufacturer examples do not validate every associated product, numeric domain or deployment
2596	113	1	1	Wide angle A/V module	M	M	Mode (0-7)	1	6d2bf6fc10baf103647547933506fde484af53cc827ff9219b76f01011b7a17d		corroborates-contextual-vocabulary	device-model/configurators.md#positions-and-functions	Catalogue field/name scoped to this definition; manufacturer examples do not validate every associated product, numeric domain or deployment
5361	113	1	1	Wide angle A/V module	AID	ID	ID	1	8c7727511d5c5760614467fbdebdd395fb0cbb5ab1524e89f511527c2ec2612b	********=AID	excluded-as-physical-position	device-model/configurators.md#configuration-modes	Software/identity/function metadata; idx=-1 alone does not prove a socket
5362	114	1	0	N&D wide angle camera module	AID	ID	ID	1	879a937235310f96de6d752d5d5eebef2bdb4f92302d3679dc1a967fba68625d	********=AID	excluded-as-physical-position	device-model/configurators.md#configuration-modes	Software/identity/function metadata; idx=-1 alone does not prove a socket
5363	115	1	2	Display module	AID	ID	ID	1	ab9129688390e0afd32e22cecaa7cad67f6e5e749d2cf05c58d8c22004b9984b	********=AID	excluded-as-physical-position	device-model/configurators.md#configuration-modes	Software/identity/function metadata; idx=-1 alone does not prove a socket
3636	116	1	2	Keypad module	AC_A	A	local address hundreds configurator	1	b33fa930b9fee0716f63b8fae2973f000296ccecb349a239b70c92fc6de46867		corroborates-contextual-vocabulary	device-model/configurators.md#system-specific-positions	Catalogue field/name scoped to this definition; manufacturer examples do not validate every associated product, numeric domain or deployment
3637	116	1	2	Keypad module	AC_B	B	local address tenths configurator	1	baa8f9a81be1f950a3812ffe63643384371564170150e343aa0179d5cb724a41		corroborates-contextual-vocabulary	device-model/configurators.md#system-specific-positions	Catalogue field/name scoped to this definition; manufacturer examples do not validate every associated product, numeric domain or deployment
3638	116	1	2	Keypad module	AC_C	C	local address units configurator	1	d24bd1ea6dd88b2289d7995ae0c2e5dd8e915e62991df6842d9f7c726e43e6e5		corroborates-contextual-vocabulary	device-model/configurators.md#system-specific-positions	Catalogue field/name scoped to this definition; manufacturer examples do not validate every associated product, numeric domain or deployment
3640	116	1	2	Keypad module	AC_T	T	local relay timing	1	a7ed842ff6126feebe78d7d56d766d1d227e099fdaf55bf3b2d5f30b7ddf1dfc		corroborates-contextual-vocabulary	device-model/configurators.md#system-specific-positions	Catalogue field/name scoped to this definition; manufacturer examples do not validate every associated product, numeric domain or deployment
3641	116	1	2	Keypad module	AC_M	M	operating mode configurator  (Local management: 0) (Remote management: 2)	3	af7afa8b9dd3ded149628763c9085877b2edda00d2a29cf27226f9b5d4cce290		corroborates-contextual-vocabulary	device-model/configurators.md#system-specific-positions	Catalogue field/name scoped to this definition; manufacturer examples do not validate every associated product, numeric domain or deployment
5364	116	1	2	Keypad module	AID	ID	ID	1	72a33d5025e620cbb2322d5def3583e1c51ee9e5e4fbe93111ac18e3e2e045dd	********=AID	excluded-as-physical-position	device-model/configurators.md#configuration-modes	Software/identity/function metadata; idx=-1 alone does not prove a socket
3650	117	1	4	Proximity reader module	AC_A	A	local address hundreds configurator	1	92384ea9214c539756968f691e3dee07ea7b0131d2ac625663020aa69a3c429f		corroborates-contextual-vocabulary	device-model/configurators.md#system-specific-positions	Catalogue field/name scoped to this definition; manufacturer examples do not validate every associated product, numeric domain or deployment
3651	117	1	4	Proximity reader module	AC_B	B	local address tenths configurator	1	78d70573e9d0ec96c6a0ee9fca40167cdabd1bb139890cd49dd7bf9c1da5c13f		corroborates-contextual-vocabulary	device-model/configurators.md#system-specific-positions	Catalogue field/name scoped to this definition; manufacturer examples do not validate every associated product, numeric domain or deployment
3652	117	1	4	Proximity reader module	AC_C	C	local address units configurator	1	dfe82b23b24a46d25b12ef0e597bf2dadb9804cce2f53ae7c79de47b45d73a27		corroborates-contextual-vocabulary	device-model/configurators.md#system-specific-positions	Catalogue field/name scoped to this definition; manufacturer examples do not validate every associated product, numeric domain or deployment
3653	117	1	4	Proximity reader module	AC_M	M	operating mode configurator	4	522be9e623fcfccfd21d3a571ac14f0eb7fbd5c7ff3f4766f264ed3a99528a9f		corroborates-contextual-vocabulary	device-model/configurators.md#system-specific-positions	Catalogue field/name scoped to this definition; manufacturer examples do not validate every associated product, numeric domain or deployment
3654	117	1	4	Proximity reader module	AC_T	T	local relay timing	1	59bac53b8d8cd592c333765fec23346b5e03438a413e0cb1b133bceadba7d2a6		corroborates-contextual-vocabulary	device-model/configurators.md#system-specific-positions	Catalogue field/name scoped to this definition; manufacturer examples do not validate every associated product, numeric domain or deployment
5365	117	1	4	Proximity reader module	AID	ID	ID	1	390787d6e3904f1245c31f50b902b3e3428123912f534349660ef070a70f73ae	********=AID	excluded-as-physical-position	device-model/configurators.md#configuration-modes	Software/identity/function metadata; idx=-1 alone does not prove a socket
2613	118	1	0	Inductive loop module	L	L	Language (0-N)	1	a4cb06750df13d845fce9fc78d50320d56b0bfe36e36b903e52e3c350cc04b16		corroborates-contextual-vocabulary	device-model/configurators.md#system-specific-positions	Catalogue field/name scoped to this definition; manufacturer examples do not validate every associated product, numeric domain or deployment
2614	118	1	0	Inductive loop module	DL	DL	Default language (0 -N)	1	1ed3ef6c1dc8071aaf273b5f78b9175e4b77f9c47ca504825bf3e714b99c8053		excluded-unverified-position-function	device-model/configurators.md#evidence-limits	Inventoried exact definition/domain; no new manufacturer-verified function/range claim for this symbol in this review
2615	118	1	0	Inductive loop module	MOD	MOD	Mode 0-1	1	34e31d80ed3e7e8b551c0dcdebc057f7332a4cc45b7ae085d75fc6d141386793		corroborates-contextual-vocabulary	device-model/configurators.md#positions-and-functions	Catalogue field/name scoped to this definition; manufacturer examples do not validate every associated product, numeric domain or deployment
5366	118	1	0	Inductive loop module	AID	ID	ID	1	c02f345a2ae9d009dddef16bfb57474779ef223f18a17214c76092fdd14b2ddf	********=AID	excluded-as-physical-position	device-model/configurators.md#configuration-modes	Software/identity/function metadata; idx=-1 alone does not prove a socket
3484	119	1	0	IP scenario module	IS_GATEWAY	Gateway		3	1d3d57862fa363982b3dd8dbb10e2866dcdebf6c86c9d204942894a75ed54a72	0=Disable;1=Enable	excluded-as-physical-position	device-model/configurators.md#configuration-modes	Software/identity/function metadata; idx=-1 alone does not prove a socket
3485	119	1	0	IP scenario module	FW_VER	Firmware version		1	5a8bd1971a5ef9cd6d568ed7bacc765dbbd3bd08847a87e0020e5abad6280682	######=Firmware version	excluded-as-physical-position	device-model/configurators.md#configuration-modes	Software/identity/function metadata; idx=-1 alone does not prove a socket
3486	119	1	0	IP scenario module	CMD_PORT	Commands port		1	189eaee7b3e6819ffbbcbb86112b60ca37c1e7c4c2bb9e178b9071c766e54d70	#####=Commands port	excluded-as-physical-position	device-model/configurators.md#configuration-modes	Software/identity/function metadata; idx=-1 alone does not prove a socket
3487	119	1	0	IP scenario module	LAN_IP_ADDRESS	Local IP address		1	ef407ffc1fb31c64dfe66051601fb3496dc2e321613c2055a0e48cb90e446934	###.###.###.###=Local IP address	excluded-as-physical-position	device-model/configurators.md#configuration-modes	Software/identity/function metadata; idx=-1 alone does not prove a socket
3488	119	1	0	IP scenario module	LAN_IP_ADDR_TYPE	Local IP dynamicity		3	67b428f8a862b5349581ca0274bb7d8d5bfc404d19be6660a586337c1bd0961b	0=Static IP;1=Dynamic IP (DHCP)	excluded-as-physical-position	device-model/configurators.md#configuration-modes	Software/identity/function metadata; idx=-1 alone does not prove a socket
3489	119	1	0	IP scenario module	SYSADDRESS	Univocal code		1	dac35183ba7cee5e3bce57cb909e2b5fa4f19ceb2866bc456f1553210626b4b1	######=Univocal code	excluded-as-physical-position	device-model/configurators.md#configuration-modes	Software/identity/function metadata; idx=-1 alone does not prove a socket
5367	119	1	0	IP scenario module	AID	ID	ID	1	d7a586d1c815221df32d9f7017578cba215f191defa00f5e00dab56bc08d7678	********=AID	excluded-as-physical-position	device-model/configurators.md#configuration-modes	Software/identity/function metadata; idx=-1 alone does not prove a socket
2943	122	1	0	8 scenarios control	A	A	Enviroment (0-9 GEN,GR,AMB)	12	a0f01d212df5438675c943c37f2af54b2aee3a8156d53eaf90fd6bfe06d88657	14=CEN	corroborates-contextual-vocabulary	device-model/configurators.md#positions-and-functions	Catalogue field/name scoped to this definition; manufacturer examples do not validate every associated product, numeric domain or deployment
2945	122	1	0	8 scenarios control	PL	PL	Lighting point (0-9)	11	440986492477451229fd903da3dd8986c5b44abbd80414305b026ae3f9b745c5		corroborates-contextual-vocabulary	device-model/configurators.md#positions-and-functions	Catalogue field/name scoped to this definition; manufacturer examples do not validate every associated product, numeric domain or deployment
2947	122	1	0	8 scenarios control	LED	LED	User interface settings configurator (0-9, OFF, ON)	13	9e63d4a6913aa7247bd6563e5bcd78640320699b7372041e08a2c1a066ce34e8	10=OFF;11=ON	corroborates-contextual-vocabulary	device-model/configurators.md#positions-and-functions	Catalogue field/name scoped to this definition; manufacturer examples do not validate every associated product, numeric domain or deployment
2948	122	1	0	8 scenarios control	M	M	Mode physical configurator (0-2,6,O/I,SU_GIU,SU_GIU_M,CEN)	9	a8bec9163f1ae626a00aa9f967a65fa5e2cb55c2e17cd8f7c7d5aa5c348a427b	9=O/I;12=UP/DOWN;13=UP/DOWN monostable;14=CEN	corroborates-contextual-vocabulary	device-model/configurators.md#positions-and-functions	Catalogue field/name scoped to this definition; manufacturer examples do not validate every associated product, numeric domain or deployment
5368	122	1	0	8 scenarios control	AID	ID	ID	1	6d0285a3d1ae1f18f7ec6e44933fb8e27be5274d82df5ac7d714102d8c9afe32	********=AID	excluded-as-physical-position	device-model/configurators.md#configuration-modes	Software/identity/function metadata; idx=-1 alone does not prove a socket
2874	123	4	0	Multimedia Touch Screen	LAN_IP_ADDRESS	Local IP address		1	004504a035b320e10521aa513d3ca16ac91c6543a30054e75f4197cde633ff20	###.###.###.###=Local IP address	excluded-as-physical-position	device-model/configurators.md#configuration-modes	Software/identity/function metadata; idx=-1 alone does not prove a socket
2875	123	4	0	Multimedia Touch Screen	FW_VER	Firmware version		1	febd297d99703f0c8f4428abb798ee18267ce62c8819d61066d63aaf516d2f87	######=Firmware version	excluded-as-physical-position	device-model/configurators.md#configuration-modes	Software/identity/function metadata; idx=-1 alone does not prove a socket
2876	123	4	0	Multimedia Touch Screen	SYSADDRESS	Univocal code		1	00667b9a8a17c952bfeb6ce5149a9dd482066b2f79d5c94b5ce69e3069f1751b	######=Univocal code	excluded-as-physical-position	device-model/configurators.md#configuration-modes	Software/identity/function metadata; idx=-1 alone does not prove a socket
5369	123	4	0	Multimedia Touch Screen	AID	ID	ID	1	bce3db123c34098c975f2256972eb138887ce56e8234e78a1df3b71d6d86b9c9	********=AID	excluded-as-physical-position	device-model/configurators.md#configuration-modes	Software/identity/function metadata; idx=-1 alone does not prove a socket
2903	124	2	0	Gateway OPEN-BACNET	LAN_IP_ADDRESS	Local IP address		1	78b4462ecdc49637f0a46db2d4424a88bd1caed9649cf1eba7838c878d749629	###.###.###.###=Local IP address	excluded-as-physical-position	device-model/configurators.md#configuration-modes	Software/identity/function metadata; idx=-1 alone does not prove a socket
2905	124	2	0	Gateway OPEN-BACNET	LAN_IP_ADDR_TYPE	Local IP dynamicity		3	459eaa501f9f0e308c81c0a4997144024a05f046dda1ec853a6597fd1525fd54	0=Static IP;1=Dynamic IP (DHCP)	excluded-as-physical-position	device-model/configurators.md#configuration-modes	Software/identity/function metadata; idx=-1 alone does not prove a socket
2907	124	2	0	Gateway OPEN-BACNET	FW_VER	Firmware version		1	9df3217757d8443fb102537819c6f797ab53ac48155a74cebe39887f9a4fb8fc	######=Firmware version	excluded-as-physical-position	device-model/configurators.md#configuration-modes	Software/identity/function metadata; idx=-1 alone does not prove a socket
2909	124	2	0	Gateway OPEN-BACNET	SYSADDRESS	Univocal code		1	240a22b942f54807fa2ead340136305c69fb617c9bfdb017112d3deb9f0cd13b	######=Univocal code	excluded-as-physical-position	device-model/configurators.md#configuration-modes	Software/identity/function metadata; idx=-1 alone does not prove a socket
5370	124	2	0	Gateway OPEN-BACNET	AID	ID	ID	1	9539ba6419968e2524258694ca6f1ba10078fbe9fde4d4829f1e0578ea22ab46	********=AID	excluded-as-physical-position	device-model/configurators.md#configuration-modes	Software/identity/function metadata; idx=-1 alone does not prove a socket
1889	126	2	0	Light manager control unit	SYSADDRESS	Univocal code	Univocal code	1	490c3a6aaf18bd5eb598164fb0af332f164e3f1c4d1f444793ca766121921473	######=Univocal code	excluded-as-physical-position	device-model/configurators.md#configuration-modes	Software/identity/function metadata; idx=-1 alone does not prove a socket
1890	126	2	0	Light manager control unit	LAN_IP_ADDRESS	Local IP address	Local IP address	1	bf9a1d652362a8f716bcdeca6339d91aee5c9ccc58b5d60fe1be5678e545777e	###.###.###.###=Local IP address	excluded-as-physical-position	device-model/configurators.md#configuration-modes	Software/identity/function metadata; idx=-1 alone does not prove a socket
1891	126	2	0	Light manager control unit	LAN_IP_ADDR_TYPE	Local IP dynamicity	Local Dynamic IP	3	ae3470af98f3174562d8f5966cf36b9b1587505b0da317e296862c3d7e126d6b	0=Static IP;1=Dynamic IP (DHCP)	excluded-as-physical-position	device-model/configurators.md#configuration-modes	Software/identity/function metadata; idx=-1 alone does not prove a socket
1892	126	2	0	Light manager control unit	CONNECTION_METHOD	Public IP dynamicity	Public Dynamic IP	4	101ff1c04a3e282f060cc4854594d7f16a136667b8d29c8fce84f0b0b66737dc	0=Dynamic IP (DHCP);1=Static IP;2=Web active connections	excluded-as-physical-position	device-model/configurators.md#configuration-modes	Software/identity/function metadata; idx=-1 alone does not prove a socket
3436	126	2	0	Light manager control unit	FW_VER	Firmware version		1	2b8870ffecc9b2a5aefd866da43108b596b06e2254519393f7b0ea17a7190a07	######=Firmware version	excluded-as-physical-position	device-model/configurators.md#configuration-modes	Software/identity/function metadata; idx=-1 alone does not prove a socket
3437	126	2	0	Light manager control unit	CMD_PORT	Commands port		1	424a8d8a27363da9cc06896e10f15e8424e6a61abbb0f2dbbd19c88211203eaa	#####=Commands port	excluded-as-physical-position	device-model/configurators.md#configuration-modes	Software/identity/function metadata; idx=-1 alone does not prove a socket
3441	126	2	0	Light manager control unit	IS_GATEWAY	Gateway		3	a88fae728c4b1d96797ca50a8e25d1820557535bdc548e0899bb1938a9e67629	0=Disable;1=Enable	excluded-as-physical-position	device-model/configurators.md#configuration-modes	Software/identity/function metadata; idx=-1 alone does not prove a socket
5371	126	2	0	Light manager control unit	AID	ID	ID	1	00c04511f317f69864a1d8647b11e681cc61d88ba3b986446b9c0889c694c78d	********=AID	excluded-as-physical-position	device-model/configurators.md#configuration-modes	Software/identity/function metadata; idx=-1 alone does not prove a socket
1907	127	2	0	Light manager control unit	SYSADDRESS	Univocal code	Univocal code	1	9948dc86b2789f2f4be586dc683acb0f7a0c5268b61481905fe0fe65b1acdbed	######=Univocal code	excluded-as-physical-position	device-model/configurators.md#configuration-modes	Software/identity/function metadata; idx=-1 alone does not prove a socket
1908	127	2	0	Light manager control unit	LAN_IP_ADDRESS	Local IP address	Local IP address	1	cf51d8edf12f87ab80eebc082f8ec9bf1864400bfda7f2ed2c90b0e705374a36	###.###.###.###=Local IP address	excluded-as-physical-position	device-model/configurators.md#configuration-modes	Software/identity/function metadata; idx=-1 alone does not prove a socket
1909	127	2	0	Light manager control unit	LAN_IP_ADDR_TYPE	Local IP dynamicity	Local Dynamic IP	3	408eae303ee79be0a9a93937f35c502041e7c42fac3c3def829936daf2f5365d	0=Static IP;1=Dynamic IP (DHCP)	excluded-as-physical-position	device-model/configurators.md#configuration-modes	Software/identity/function metadata; idx=-1 alone does not prove a socket
1910	127	2	0	Light manager control unit	CONNECTION_METHOD	Public IP dynamicity	Public Dynamic IP	4	5efa99d4139f2214e5dd55ff5c06792c0a831beb6c843e5ee2f0a8dfdbd71a95	0=Dynamic IP (DHCP);1=Static IP;2=Web active connections	excluded-as-physical-position	device-model/configurators.md#configuration-modes	Software/identity/function metadata; idx=-1 alone does not prove a socket
3438	127	2	0	Light manager control unit	CMD_PORT	Commands port		1	e136c21ffe92417436b3aaa6300b139849cbec48bf70650b25a4cfc900732b70	#####=Commands port	excluded-as-physical-position	device-model/configurators.md#configuration-modes	Software/identity/function metadata; idx=-1 alone does not prove a socket
3439	127	2	0	Light manager control unit	FW_VER	Firmware version		1	7f8c13e6fa35fa287f8082610f73dc27d449f1fe3292c0223b5d730ee8409058	######=Firmware version	excluded-as-physical-position	device-model/configurators.md#configuration-modes	Software/identity/function metadata; idx=-1 alone does not prove a socket
3440	127	2	0	Light manager control unit	IS_GATEWAY	Gateway		3	e7c28212e145158abe981459fc918e6c1d6eabf736236cc8d964dd1eba7eb9bc	0=Disable;1=Enable	excluded-as-physical-position	device-model/configurators.md#configuration-modes	Software/identity/function metadata; idx=-1 alone does not prove a socket
5372	127	2	0	Light manager control unit	AID	ID	ID	1	8e9d57c2ac94c6884c3e68023261fb2528e2db2388991b3078a0d5b4dcf4257d	********=AID	excluded-as-physical-position	device-model/configurators.md#configuration-modes	Software/identity/function metadata; idx=-1 alone does not prove a socket
2006	128	1	0	IR emitter	N	N	Device Number (1-9) 0=virgin or when m=1(autom)	1	50e428239bc91c6354f652a108785a45a8a50592546ff131caf514fe9a65d78b		corroborates-contextual-vocabulary	device-model/configurators.md#system-specific-positions	Catalogue field/name scoped to this definition; manufacturer examples do not validate every associated product, numeric domain or deployment
2008	128	1	0	IR emitter	M	M	mode (0/1)	3	14e1d256e2e25efa3a84eca19637f9dfec2a8a276de2a5f51006922f41eef0ff		corroborates-contextual-vocabulary	device-model/configurators.md#positions-and-functions	Catalogue field/name scoped to this definition; manufacturer examples do not validate every associated product, numeric domain or deployment
3312	128	1	0	IR emitter	ZA/A	ZA/A		1	51837a093a130df65f505e8ba506ca18f70476db6db837ac6b0a574f66a55050		excluded-unverified-position-function	device-model/configurators.md#evidence-limits	Inventoried exact definition/domain; no new manufacturer-verified function/range claim for this symbol in this review
3313	128	1	0	IR emitter	ZB/PL	ZB/PL		1	1859e502ab2c6540dad796be39ca5603fe15dd5e72320be2d669f90a39641e3c		excluded-unverified-position-function	device-model/configurators.md#evidence-limits	Inventoried exact definition/domain; no new manufacturer-verified function/range claim for this symbol in this review
5373	128	1	0	IR emitter	AID	ID	ID	1	e9babad4af607da142b020b4c550b094e12f871018b18b9e8717defa399bcdd9	********=AID	excluded-as-physical-position	device-model/configurators.md#configuration-modes	Software/identity/function metadata; idx=-1 alone does not prove a socket
2058	129	-1	-1	Basic contacts interface	PL1	PL1	PL1 - (0-9)	1	eaddb28a7752090ba88e4601f0bccb3dcb944c205d1bde5de2f0efb9254d9d85		corroborates-contextual-vocabulary	device-model/configurators.md#positions-and-functions	Catalogue field/name scoped to this definition; manufacturer examples do not validate every associated product, numeric domain or deployment
2059	129	-1	-1	Basic contacts interface	PL2	PL2	PL2 - (0-9)	1	b5c2ac1c3596fb2f75be16f5d0f505f30e5177ad124bbc7f362ac5b33efd88dd		corroborates-contextual-vocabulary	device-model/configurators.md#positions-and-functions	Catalogue field/name scoped to this definition; manufacturer examples do not validate every associated product, numeric domain or deployment
2060	129	-1	-1	Basic contacts interface	M	M	Mode physical configurator (0-9, O/I,OFF,ON,SU_GIU,SU_GIU_M,CEN,PUL)	18	0154688f93ac59e551cef470b73ba2b710cdbe0aeb9cb704ad1ed1d42862ae9d	9=O/I;10=OFF;11=ON;12=UP/DOWN;13=UP/DOWN monostable;14=CEN;15=PUL	corroborates-contextual-vocabulary	device-model/configurators.md#positions-and-functions	Catalogue field/name scoped to this definition; manufacturer examples do not validate every associated product, numeric domain or deployment
2061	129	-1	-1	Basic contacts interface	SPE	SPE	Special function command control (0-8)	1	3de26f05ccf301365234e9daa2503eb252d98221fcfe4cf32dd9ad52f2920de8		corroborates-contextual-vocabulary	device-model/configurators.md#positions-and-functions	Catalogue field/name scoped to this definition; manufacturer examples do not validate every associated product, numeric domain or deployment
2422	129	-1	-1	Basic contacts interface	A	A	Enviroment (0-9 GEN,GR,AMB,AUX)	15	f5ad46363946a3eabae7d225232013edf10ec576f1d46c1bdd70dd128994fda0	12=GEN;13=GR;14=AMB;15=AUX	corroborates-contextual-vocabulary	device-model/configurators.md#positions-and-functions	Catalogue field/name scoped to this definition; manufacturer examples do not validate every associated product, numeric domain or deployment
5374	129	-1	-1	Basic contacts interface	AID	ID	ID	1	07ea4900fa15c6c82d381a56d54965d0e5cfbc2f2d36252dd6d1df8be8240534	********=AID	excluded-as-physical-position	device-model/configurators.md#configuration-modes	Software/identity/function metadata; idx=-1 alone does not prove a socket
883	130	-1	-1	PIR surface ceiling mounted sensor	A	A	Enviroment	1	3a43da0f553e13f3d65017396427e021a82da7823224dc7a82a03966f97a885f		corroborates-contextual-vocabulary	device-model/configurators.md#positions-and-functions	Catalogue field/name scoped to this definition; manufacturer examples do not validate every associated product, numeric domain or deployment
884	130	-1	-1	PIR surface ceiling mounted sensor	PL	PL	Light Point	1	3e3348dc8c5029bca5372def64ae6639372bcaf3c48f753ac5d74db6f499c464		corroborates-contextual-vocabulary	device-model/configurators.md#positions-and-functions	Catalogue field/name scoped to this definition; manufacturer examples do not validate every associated product, numeric domain or deployment
888	130	-1	-1	PIR surface ceiling mounted sensor	M	M	Mode 0-8	1	1876de6d8b90b593b938b405c5cc6450c05c269db040b87a8556ebed2818056f		corroborates-contextual-vocabulary	device-model/configurators.md#positions-and-functions	Catalogue field/name scoped to this definition; manufacturer examples do not validate every associated product, numeric domain or deployment
889	130	-1	-1	PIR surface ceiling mounted sensor	S	S	Configurator S (0-4)	1	7d3f8a7474bdd78765e34e7344986c09959b1a2ee2ce6e85312101a607f19ffc		corroborates-contextual-vocabulary	device-model/configurators.md#system-specific-positions	Catalogue field/name scoped to this definition; manufacturer examples do not validate every associated product, numeric domain or deployment
890	130	-1	-1	PIR surface ceiling mounted sensor	T	T	Configurator T (time) - (0-9)	1	eab345794ac159928dc73380e87b5bb4f107cb0b425bfd98cad92f45a1c1b230		corroborates-contextual-vocabulary	device-model/configurators.md#system-specific-positions	Catalogue field/name scoped to this definition; manufacturer examples do not validate every associated product, numeric domain or deployment
5375	130	-1	-1	PIR surface ceiling mounted sensor	AID	ID	ID	1	943194e08587f383ff321889bd0e05ad46eef9d3a68e7f953ca532101f36147f	********=AID	excluded-as-physical-position	device-model/configurators.md#configuration-modes	Software/identity/function metadata; idx=-1 alone does not prove a socket
907	131	-1	-1	PIR wall mounted sensor, straight range	A	A	Enviroment	1	022470ab6c0057d899cd7dbe3473af25affe85367d18c4478f89a85113193202		corroborates-contextual-vocabulary	device-model/configurators.md#positions-and-functions	Catalogue field/name scoped to this definition; manufacturer examples do not validate every associated product, numeric domain or deployment
908	131	-1	-1	PIR wall mounted sensor, straight range	PL	PL	Light Point	1	bae0ff3837d531d5253a32b5c710be6fa29b08b95e6bc61afabbd7062772ee86		corroborates-contextual-vocabulary	device-model/configurators.md#positions-and-functions	Catalogue field/name scoped to this definition; manufacturer examples do not validate every associated product, numeric domain or deployment
909	131	-1	-1	PIR wall mounted sensor, straight range	M	M	Mode 0-4	1	e0cbf175b6f32d2bc5b60ca9d2b176a65f3f74a47283995f464897b61a028415		corroborates-contextual-vocabulary	device-model/configurators.md#positions-and-functions	Catalogue field/name scoped to this definition; manufacturer examples do not validate every associated product, numeric domain or deployment
910	131	-1	-1	PIR wall mounted sensor, straight range	S	S	Configurator S (0-4)	1	757980ac7883cc8c1719e422484c52219d3e12edf670f37070205c0efa8ee4f1		corroborates-contextual-vocabulary	device-model/configurators.md#system-specific-positions	Catalogue field/name scoped to this definition; manufacturer examples do not validate every associated product, numeric domain or deployment
911	131	-1	-1	PIR wall mounted sensor, straight range	T	T	Configurator T (time) - (0-9)	1	5144c42e197a170d83aac9234bb310ec267b9adbe32693fc97b649722356c7c8		corroborates-contextual-vocabulary	device-model/configurators.md#system-specific-positions	Catalogue field/name scoped to this definition; manufacturer examples do not validate every associated product, numeric domain or deployment
5376	131	-1	-1	PIR wall mounted sensor, straight range	AID	ID	ID	1	018f57b145a4aef8e1eb58e740836f9d38029a6a3af206f5e8d192e21d4d2e1a	********=AID	excluded-as-physical-position	device-model/configurators.md#configuration-modes	Software/identity/function metadata; idx=-1 alone does not prove a socket
840	132	-1	-1	2 relays DIN actuator 10 A	A	A	Enviroment	1	bb60c2b6f2c5b012c96e9644f40615c4ff552752aac84cf198c9fe682793f49c		corroborates-contextual-vocabulary	device-model/configurators.md#positions-and-functions	Catalogue field/name scoped to this definition; manufacturer examples do not validate every associated product, numeric domain or deployment
843	132	-1	-1	2 relays DIN actuator 10 A	PL1	PL1	PL1 - (0-9)	1	8ca4061fd2fea56f7fb4d7f7f568443c2aad14ecc926885e0af1de589d3c53dd		corroborates-contextual-vocabulary	device-model/configurators.md#positions-and-functions	Catalogue field/name scoped to this definition; manufacturer examples do not validate every associated product, numeric domain or deployment
844	132	-1	-1	2 relays DIN actuator 10 A	PL2	PL2	PL2 - (0-9)	1	25cacf5bdbfad2b6dcbc050f90c79023049c3370d63358b23ea322bbd6b847bf		corroborates-contextual-vocabulary	device-model/configurators.md#positions-and-functions	Catalogue field/name scoped to this definition; manufacturer examples do not validate every associated product, numeric domain or deployment
846	132	-1	-1	2 relays DIN actuator 10 A	G1	G1	G1 - (0-9)	1	5a6647886cb391e191c3aaefeb84a25cf4ae64f563adb3c85c54fa80736f99e8		corroborates-contextual-vocabulary	device-model/configurators.md#positions-and-functions	Catalogue field/name scoped to this definition; manufacturer examples do not validate every associated product, numeric domain or deployment
847	132	-1	-1	2 relays DIN actuator 10 A	M	M	Mode (0-4, Pul, Sla)	8	cd34a13ba5e89f82748b39dae69ad1ec6e79b5636781d2b7a7076fae0351f442	11=SLA;15=PUL	corroborates-contextual-vocabulary	device-model/configurators.md#positions-and-functions	Catalogue field/name scoped to this definition; manufacturer examples do not validate every associated product, numeric domain or deployment
5377	132	-1	-1	2 relays DIN actuator 10 A	AID	ID	ID	1	0a404f42ab88f920433657fcc27b02dba7289fd628de53350b3fdd55e0bc46ef	********=AID	excluded-as-physical-position	device-model/configurators.md#configuration-modes	Software/identity/function metadata; idx=-1 alone does not prove a socket
912	133	-1	-1	PIR wall mounted sensor, short range	A	A	Enviroment	1	ae5af206407afc89f5d4bf17702bed1c16568a0b27a3fdf9ab0bc0357d17248d		corroborates-contextual-vocabulary	device-model/configurators.md#positions-and-functions	Catalogue field/name scoped to this definition; manufacturer examples do not validate every associated product, numeric domain or deployment
913	133	-1	-1	PIR wall mounted sensor, short range	PL	PL	Light Point	1	6f5bc46ca1d03f71519a829e75de9f7638ac0f8c440cfbb40062ba934ed1d4c8		corroborates-contextual-vocabulary	device-model/configurators.md#positions-and-functions	Catalogue field/name scoped to this definition; manufacturer examples do not validate every associated product, numeric domain or deployment
914	133	-1	-1	PIR wall mounted sensor, short range	M	M	Mode 0-4	1	6c6898cea76224e373be2962a9fe3e8a75dc1072ccf5c98dd6d5aefe7e4beb83		corroborates-contextual-vocabulary	device-model/configurators.md#positions-and-functions	Catalogue field/name scoped to this definition; manufacturer examples do not validate every associated product, numeric domain or deployment
915	133	-1	-1	PIR wall mounted sensor, short range	S	S	Configurator S (0-4)	1	1094719507b8d713b27e9594a2a52714d5d6aeff0d83302b02ccb0b197896c2f		corroborates-contextual-vocabulary	device-model/configurators.md#system-specific-positions	Catalogue field/name scoped to this definition; manufacturer examples do not validate every associated product, numeric domain or deployment
916	133	-1	-1	PIR wall mounted sensor, short range	T	T	Configurator T (time) - (0-9)	1	38ddbf0ac3882f9b19da0b7723be6ae33f64241b1e5b6dfafbf5f31aef553b7a		corroborates-contextual-vocabulary	device-model/configurators.md#system-specific-positions	Catalogue field/name scoped to this definition; manufacturer examples do not validate every associated product, numeric domain or deployment
5378	133	-1	-1	PIR wall mounted sensor, short range	AID	ID	ID	1	b60bd6b0a6e74897c3fdbe1881c14624808f1a3c7fa0483dc0ed533a7d938f1a	********=AID	excluded-as-physical-position	device-model/configurators.md#configuration-modes	Software/identity/function metadata; idx=-1 alone does not prove a socket
917	134	-1	-1	PIR wall mounted sensor, dual range	A	A	Enviroment	1	dba822634b0521efc939e83361b0729082d1ea2c1378417b3cd3615f65556d45		corroborates-contextual-vocabulary	device-model/configurators.md#positions-and-functions	Catalogue field/name scoped to this definition; manufacturer examples do not validate every associated product, numeric domain or deployment
918	134	-1	-1	PIR wall mounted sensor, dual range	PL	PL	Light Point	1	392ee79fdb6ce03b62e03c383ff076d09cdf30bec6501cb6b5144a1fe807b0fb		corroborates-contextual-vocabulary	device-model/configurators.md#positions-and-functions	Catalogue field/name scoped to this definition; manufacturer examples do not validate every associated product, numeric domain or deployment
919	134	-1	-1	PIR wall mounted sensor, dual range	M	M	Mode 0-4	1	61f20d9188698e7b6e63d7a7bde7bff39a1a82b5420695640b66604ec335a58a		corroborates-contextual-vocabulary	device-model/configurators.md#positions-and-functions	Catalogue field/name scoped to this definition; manufacturer examples do not validate every associated product, numeric domain or deployment
920	134	-1	-1	PIR wall mounted sensor, dual range	S	S	Configurator S (0-4)	1	e86e4120e394dc304a83d7e26e929466a6b6040c1e3a9d98ac356a78a18806a3		corroborates-contextual-vocabulary	device-model/configurators.md#system-specific-positions	Catalogue field/name scoped to this definition; manufacturer examples do not validate every associated product, numeric domain or deployment
921	134	-1	-1	PIR wall mounted sensor, dual range	T	T	Configurator T (time) - (0-9)	1	c09c506cd8c3e87eafb705b944d364b1b5220c9710d84b04dba64edd4da88590		corroborates-contextual-vocabulary	device-model/configurators.md#system-specific-positions	Catalogue field/name scoped to this definition; manufacturer examples do not validate every associated product, numeric domain or deployment
2198	134	-1	-1	PIR wall mounted sensor, dual range	D	D	(0-5)	1	7c2c44a0f8c84a1109d01f78c64b33561d86c97942b5a3e68b98535176fe4232		corroborates-contextual-vocabulary	device-model/configurators.md#system-specific-positions	Catalogue field/name scoped to this definition; manufacturer examples do not validate every associated product, numeric domain or deployment
5379	134	-1	-1	PIR wall mounted sensor, dual range	AID	ID	ID	1	d0f6419acf510d05cd480e4648e39520570446ffb7f1c5ff8e1dbe6618dcb6e3	********=AID	excluded-as-physical-position	device-model/configurators.md#configuration-modes	Software/identity/function metadata; idx=-1 alone does not prove a socket
922	135	-1	-1	PIR wall maunted sensor, long range	A	A	Enviroment	1	3df8677c6fad1621317855d0d3dc5e08aacc0f254805690efb86bf87d4b09213		corroborates-contextual-vocabulary	device-model/configurators.md#positions-and-functions	Catalogue field/name scoped to this definition; manufacturer examples do not validate every associated product, numeric domain or deployment
923	135	-1	-1	PIR wall maunted sensor, long range	PL	PL	Light Point	1	8edb71d2e1118d1f0f8f6c1a2800467422a84208246f8bb963e6d6b75c565743		corroborates-contextual-vocabulary	device-model/configurators.md#positions-and-functions	Catalogue field/name scoped to this definition; manufacturer examples do not validate every associated product, numeric domain or deployment
924	135	-1	-1	PIR wall maunted sensor, long range	M	M	Mode 0-4	1	f3b72f0657becd421981407ec2d8e42e26d5fb6b6174a964f6241d8c4c33b560		corroborates-contextual-vocabulary	device-model/configurators.md#positions-and-functions	Catalogue field/name scoped to this definition; manufacturer examples do not validate every associated product, numeric domain or deployment
925	135	-1	-1	PIR wall maunted sensor, long range	S	S	Configurator S (0-4)	1	54a7076277ad3ec7c9acfab7e6e3ac9ac81864e894256527717378c47c3c825a		corroborates-contextual-vocabulary	device-model/configurators.md#system-specific-positions	Catalogue field/name scoped to this definition; manufacturer examples do not validate every associated product, numeric domain or deployment
926	135	-1	-1	PIR wall maunted sensor, long range	T	T	Configurator T (time) - (0-9)	1	7515605c7a943ede6e16a5ceb0e15037d755739ae9453d9faf14745bd6489082		corroborates-contextual-vocabulary	device-model/configurators.md#system-specific-positions	Catalogue field/name scoped to this definition; manufacturer examples do not validate every associated product, numeric domain or deployment
2200	135	-1	-1	PIR wall maunted sensor, long range	D	D	(0-5)	1	8ba6eab4d0703d73d7065caf3e367544e703109d96c267c6a84b851b4ec1db99		corroborates-contextual-vocabulary	device-model/configurators.md#system-specific-positions	Catalogue field/name scoped to this definition; manufacturer examples do not validate every associated product, numeric domain or deployment
5380	135	-1	-1	PIR wall maunted sensor, long range	AID	ID	ID	1	3994f306c4e2f7b2743f0429a104dcee68ec89596201e74a212e53edd0716b78	********=AID	excluded-as-physical-position	device-model/configurators.md#configuration-modes	Software/identity/function metadata; idx=-1 alone does not prove a socket
902	136	-1	-1	PIR+US wall mounted sensor	A	A	Enviroment	1	88379b3ae3f4b47630307aa65a31f056907781bd207770dcb85e05621dbf9d44		corroborates-contextual-vocabulary	device-model/configurators.md#positions-and-functions	Catalogue field/name scoped to this definition; manufacturer examples do not validate every associated product, numeric domain or deployment
903	136	-1	-1	PIR+US wall mounted sensor	PL	PL	Light Point	1	5311acf2854467641efac2e5ecc652dcc25fdcc0037ffb1f2d2a609f4094e2de		corroborates-contextual-vocabulary	device-model/configurators.md#positions-and-functions	Catalogue field/name scoped to this definition; manufacturer examples do not validate every associated product, numeric domain or deployment
904	136	-1	-1	PIR+US wall mounted sensor	M	M	Mode 0-4	1	b9eaa35a7017f6970b24bf68b2d853b8c6635c77f6a5bd51de139a0351e1277f		corroborates-contextual-vocabulary	device-model/configurators.md#positions-and-functions	Catalogue field/name scoped to this definition; manufacturer examples do not validate every associated product, numeric domain or deployment
905	136	-1	-1	PIR+US wall mounted sensor	S	S	Configurator S (0-4)	1	204086ebac3f876d1a9010863bcca8753a3e4e876c3eeadd46b10d025dbc524a		corroborates-contextual-vocabulary	device-model/configurators.md#system-specific-positions	Catalogue field/name scoped to this definition; manufacturer examples do not validate every associated product, numeric domain or deployment
906	136	-1	-1	PIR+US wall mounted sensor	T	T	Configurator T (time) - (0-9)	1	2704780cc57df09247e86b11473cccdd300067461207be362eae430c8aa7a6c6		corroborates-contextual-vocabulary	device-model/configurators.md#system-specific-positions	Catalogue field/name scoped to this definition; manufacturer examples do not validate every associated product, numeric domain or deployment
5381	136	-1	-1	PIR+US wall mounted sensor	AID	ID	ID	1	62b8fac2694493322c6279315522748c378fd159eb7031fffdff93f012a2f030	********=AID	excluded-as-physical-position	device-model/configurators.md#configuration-modes	Software/identity/function metadata; idx=-1 alone does not prove a socket
5382	137	-1	-1	IP55 PIR wall mounted sensor	AID	ID	ID	1	01a412e7f33341f3c5c407c1efc2b3610f0c7108ad5e3fd1cc4a2b018a9fb8de	********=AID	excluded-as-physical-position	device-model/configurators.md#configuration-modes	Software/identity/function metadata; idx=-1 alone does not prove a socket
5383	138	-1	-1	Sensor occupancy + IR + ZigBee	AID	ID	ID	1	00f4b3873ea64d9db98267b039567a7e3ff2d4d0c8bf55421bef2eaee038fe9c	********=AID	excluded-as-physical-position	device-model/configurators.md#configuration-modes	Software/identity/function metadata; idx=-1 alone does not prove a socket
5384	139	-1	-1	PIR ceiling mounted sensor	AID	ID	ID	1	e638ecddb31966875d8062cb955aec3b2a25ddc9000f6959ac3b6cdf72b8e44a	********=AID	excluded-as-physical-position	device-model/configurators.md#configuration-modes	Software/identity/function metadata; idx=-1 alone does not prove a socket
5385	140	-1	-1	Sensor lighting and movement US ceiling + IR Port	AID	ID	ID	1	94a8f03895566c4e073af5ce345e8b4b56ad57143e5953840232fa6f0267e11b	********=AID	excluded-as-physical-position	device-model/configurators.md#configuration-modes	Software/identity/function metadata; idx=-1 alone does not prove a socket
5386	141	-1	-1	PIR+US ceiling mounted sensor	AID	ID	ID	1	aba80e87c2fc6974508e4c141083d8e913c91c52efc00a255b773516e0a22226	********=AID	excluded-as-physical-position	device-model/configurators.md#configuration-modes	Software/identity/function metadata; idx=-1 alone does not prove a socket
896	142	-1	-1	4 relay actuator 2 modules DIN bus	A	A	Enviroment	1	8c2f126a5f76cdca9df6ade5145bc8322154371bdb58c50ff8afd29d88dc111e		corroborates-contextual-vocabulary	device-model/configurators.md#positions-and-functions	Catalogue field/name scoped to this definition; manufacturer examples do not validate every associated product, numeric domain or deployment
897	142	-1	-1	4 relay actuator 2 modules DIN bus	PL1	PL1	PL1 - (0-9)	1	ce0981c374088a991a23958038e27bb700f64da6f23ec3d71b0320b47240b26e		corroborates-contextual-vocabulary	device-model/configurators.md#positions-and-functions	Catalogue field/name scoped to this definition; manufacturer examples do not validate every associated product, numeric domain or deployment
898	142	-1	-1	4 relay actuator 2 modules DIN bus	PL2	PL2	PL2 - (0-9)	1	165d3a0e4433973c9684c89dee5ba156f7cd1bbb86a0a276cce580aaacdfd409		corroborates-contextual-vocabulary	device-model/configurators.md#positions-and-functions	Catalogue field/name scoped to this definition; manufacturer examples do not validate every associated product, numeric domain or deployment
899	142	-1	-1	4 relay actuator 2 modules DIN bus	PL3	PL3	PL3 - (0-9)	1	95b1d7b52455c3868b0767c9316c1bc8681ab4cd943f97d2b58ecc493a8c0d91		corroborates-contextual-vocabulary	device-model/configurators.md#positions-and-functions	Catalogue field/name scoped to this definition; manufacturer examples do not validate every associated product, numeric domain or deployment
900	142	-1	-1	4 relay actuator 2 modules DIN bus	PL4	PL4	PL4 - (0-9)	1	f37402e7f60e238ffd3ad5610964d0f52e99ecc5943492117a265666aef9d780		corroborates-contextual-vocabulary	device-model/configurators.md#positions-and-functions	Catalogue field/name scoped to this definition; manufacturer examples do not validate every associated product, numeric domain or deployment
901	142	-1	-1	4 relay actuator 2 modules DIN bus	M	M	Mode (1-4, Pul, Sla)	8	683bd0abc40dfc202bc722f0921119319f0610c4912c6882a13422f633c7bd0a	11=SLA;15=PUL	corroborates-contextual-vocabulary	device-model/configurators.md#positions-and-functions	Catalogue field/name scoped to this definition; manufacturer examples do not validate every associated product, numeric domain or deployment
5387	142	-1	-1	4 relay actuator 2 modules DIN bus	AID	ID	ID	1	e0ce37ca931db9dc6b786ac125ef7e2999575ccd7bcaadcdde14ab1509efdbb5	********=AID	excluded-as-physical-position	device-model/configurators.md#configuration-modes	Software/identity/function metadata; idx=-1 alone does not prove a socket
848	143	-1	-1	SCS-SCS interface	I1	I1	Automation interface address 1	1	98ec8bd8a8300093766d06a1fb4515f0ee6d9e223a51f94c1c3cd66f1ebb3172		corroborates-contextual-vocabulary	device-model/configurators.md#system-specific-positions	Catalogue field/name scoped to this definition; manufacturer examples do not validate every associated product, numeric domain or deployment
849	143	-1	-1	SCS-SCS interface	I2	I2	Automation interface address 2	1	396b7f9d604831efc804c0aed7cf7fd2c609c95405eb1d936a6c1edcc2579739		corroborates-contextual-vocabulary	device-model/configurators.md#system-specific-positions	Catalogue field/name scoped to this definition; manufacturer examples do not validate every associated product, numeric domain or deployment
850	143	-1	-1	SCS-SCS interface	I3	I3	Automation interface address 3	1	c7ef7a3a1796afb9e431b5869a3c482c0749eae2b91071af0cf2e99a49b4eb6d		corroborates-contextual-vocabulary	device-model/configurators.md#system-specific-positions	Catalogue field/name scoped to this definition; manufacturer examples do not validate every associated product, numeric domain or deployment
851	143	-1	-1	SCS-SCS interface	I4	I4	Automation interface address 4	1	e1d47ebc41f3c6835cdc4555118d6b0cbe81de3345c0e46d6adad1214f91db4a		corroborates-contextual-vocabulary	device-model/configurators.md#system-specific-positions	Catalogue field/name scoped to this definition; manufacturer examples do not validate every associated product, numeric domain or deployment
852	143	-1	-1	SCS-SCS interface	MOD	MOD	Mode 0-6	1	39b3ee92f368a543261d06f15b94062d18a09b6cedfaa6125aacb702b7c806e0		corroborates-contextual-vocabulary	device-model/configurators.md#positions-and-functions	Catalogue field/name scoped to this definition; manufacturer examples do not validate every associated product, numeric domain or deployment
5388	143	-1	-1	SCS-SCS interface	AID	ID	ID	1	087e4b9b7c65e9bbd989180df7259b104ee5f2af2fef403f282bc18a99f666c3	********=AID	excluded-as-physical-position	device-model/configurators.md#configuration-modes	Software/identity/function metadata; idx=-1 alone does not prove a socket
1042	144	-1	-1	DIN contacts interface	PL1	PL1	PL1 - (0-9)	1	e8d2bface0cd5a641a1863aa2d768de80d84fa0ac174bc940cc1451baf80e511		corroborates-contextual-vocabulary	device-model/configurators.md#positions-and-functions	Catalogue field/name scoped to this definition; manufacturer examples do not validate every associated product, numeric domain or deployment
1043	144	-1	-1	DIN contacts interface	PL2	PL2	PL2 - (0-9)	1	07e4fed3e3f6f6e184eadb2252d0076d08dbd8cbcf584164b8253d20462b3873		corroborates-contextual-vocabulary	device-model/configurators.md#positions-and-functions	Catalogue field/name scoped to this definition; manufacturer examples do not validate every associated product, numeric domain or deployment
1044	144	-1	-1	DIN contacts interface	M	M	Mode physical configurator (0-9, O/I,OFF,ON,SU_GIU,SU_GIU_M,CEN,PUL)	18	9e27f6d455f33f4b4c5482e41d2c546ed4b7cd6ca93be24058b1543e79eea942	9=O/I;10=OFF;11=ON;12=UP/DOWN;13=UP/DOWN monostable;14=CEN;15=PUL	corroborates-contextual-vocabulary	device-model/configurators.md#positions-and-functions	Catalogue field/name scoped to this definition; manufacturer examples do not validate every associated product, numeric domain or deployment
1046	144	-1	-1	DIN contacts interface	SPE	SPE	Special function command control (0-9)	1	dad97b4a5e1f589c4aadded296c8bf0e293090107cd1a13f18540632aa6eff08		corroborates-contextual-vocabulary	device-model/configurators.md#positions-and-functions	Catalogue field/name scoped to this definition; manufacturer examples do not validate every associated product, numeric domain or deployment
2427	144	-1	-1	DIN contacts interface	A	A	Enviroment (0-9 GEN,GR,AMB,AUX)	15	41ce4df755b2d15e9b4cf50623852a72ded374ee6b88cb2070cf06312d6799eb	12=GEN;13=GR;14=AMB;15=AUX	corroborates-contextual-vocabulary	device-model/configurators.md#positions-and-functions	Catalogue field/name scoped to this definition; manufacturer examples do not validate every associated product, numeric domain or deployment
5389	144	-1	-1	DIN contacts interface	AID	ID	ID	1	c581174f865ece2063a6390f3f3ebefdf2c146ec4eb76b7899e6d9a3e49bb186	********=AID	excluded-as-physical-position	device-model/configurators.md#configuration-modes	Software/identity/function metadata; idx=-1 alone does not prove a socket
877	145	-1	-1	Basic control	PL1	PL1	PL1 - (0-9)	1	8cf2b3f2ee0a22e5d6ec094245954d2483d93be66b56333e26c9311a657f524f		corroborates-contextual-vocabulary	device-model/configurators.md#positions-and-functions	Catalogue field/name scoped to this definition; manufacturer examples do not validate every associated product, numeric domain or deployment
878	145	-1	-1	Basic control	A1	A1	Automation A addressing space (for configurator A1)	15	4b5e67366eb5d0cf5a2ab564f5cf36c37af2ef616f0bd2dacdf36de9c33245e1	12=GEN;13=GR;14=AMB;15=AUX	corroborates-contextual-vocabulary	device-model/configurators.md#positions-and-functions	Catalogue field/name scoped to this definition; manufacturer examples do not validate every associated product, numeric domain or deployment
879	145	-1	-1	Basic control	M1	M1	Mode physical configurator (0-8, O/I,OFF,ON,SU_GIU,SU_GIU_M,CEN,PUL)	17	7b370f78ceaabfb67f3c84b6ee4f9a95c21657e2af77a7c5c781d435f73eb012	9=O/I;10=OFF;11=ON;12=UP/DOWN;13=UP/DOWN monostable;14=CEN;15=PUL	corroborates-contextual-vocabulary	device-model/configurators.md#positions-and-functions	Catalogue field/name scoped to this definition; manufacturer examples do not validate every associated product, numeric domain or deployment
880	145	-1	-1	Basic control	A2	A2	Automation A addressing space (for configurator A2)	15	2b02b38cf907e52fc1cea08286e451ea50d5644d329bf0d5009aa7ccee9ce397	12=GEN;13=GR;14=AMB;15=AUX	corroborates-contextual-vocabulary	device-model/configurators.md#positions-and-functions	Catalogue field/name scoped to this definition; manufacturer examples do not validate every associated product, numeric domain or deployment
881	145	-1	-1	Basic control	PL2	PL2	PL2 - (0-9)	1	9b4b56fcd10ace1955c8844e3f5ed88be53bb5be96a81f37f01ee94c97cdbbb9		corroborates-contextual-vocabulary	device-model/configurators.md#positions-and-functions	Catalogue field/name scoped to this definition; manufacturer examples do not validate every associated product, numeric domain or deployment
882	145	-1	-1	Basic control	M2	M2	Mode physical configurator (0-8, O/I,OFF,ON,SU_GIU,SU_GIU_M,CEN,PUL)   	17	d4ed28685b20d1491eb9d8967976e4bcc0960bb53c83ff6e3cfa2bd32c03d628	9=O/I;10=OFF;11=ON;12=UP/DOWN;13=UP/DOWN monostable;14=CEN;15=PUL	corroborates-contextual-vocabulary	device-model/configurators.md#positions-and-functions	Catalogue field/name scoped to this definition; manufacturer examples do not validate every associated product, numeric domain or deployment
5390	145	-1	-1	Basic control	AID	ID	ID	1	77e5506fe8e10a822aa42df88dde2bae7c5b5c311a5e201d4dd72fe3eae9a982	********=AID	excluded-as-physical-position	device-model/configurators.md#configuration-modes	Software/identity/function metadata; idx=-1 alone does not prove a socket
1994	146	-1	-1	Special control	PL/PF	PL/PF	Light Point	1	7009271fce661bbb6d53a1bdd6a367f2548ed50d07a5353f18656dd9c46df509		corroborates-contextual-vocabulary	device-model/configurators.md#positions-and-functions	Catalogue field/name scoped to this definition; manufacturer examples do not validate every associated product, numeric domain or deployment
1995	146	-1	-1	Special control	M	M	Mode physical configurator (0-9, O/I,OFF,ON,SU_GIU,SU_GIU_M,CEN,PUL)	18	7b049751520301007eb31d5bcff44fa06a9aa6d228e4d3418cef3b34a55afd5d	9=O/I;10=OFF;11=ON;12=UP/DOWN;13=UP/DOWN monostable;14=CEN;15=PUL	corroborates-contextual-vocabulary	device-model/configurators.md#positions-and-functions	Catalogue field/name scoped to this definition; manufacturer examples do not validate every associated product, numeric domain or deployment
1996	146	-1	-1	Special control	LIV1/AUX	LIV1/AUX	Configurator LIV1	1	f8e6b89fea0c16ac3551e71b6ebe0360eed2406b58ec6213f3240006fbb94a0c		corroborates-contextual-vocabulary	device-model/configurators.md#positions-and-functions	Catalogue field/name scoped to this definition; manufacturer examples do not validate every associated product, numeric domain or deployment
1997	146	-1	-1	Special control	LIV2	LIV2	Configurator LIV2	1	4cd2369b8d403bcb0d83345dd07078a2b7d03f6c9039c73a82e9b10f37c5794e		corroborates-contextual-vocabulary	device-model/configurators.md#positions-and-functions	Catalogue field/name scoped to this definition; manufacturer examples do not validate every associated product, numeric domain or deployment
2419	146	-1	-1	Special control	I	I	Automation interface address 	1	c246b882b079ff74213e9afe2c16c4bb5aca831df3fdfc7255f59eb808c4d412		corroborates-contextual-vocabulary	device-model/configurators.md#positions-and-functions	Catalogue field/name scoped to this definition; manufacturer examples do not validate every associated product, numeric domain or deployment
2420	146	-1	-1	Special control	SPE	SPE	Special function command control (0,1,2,3,6,8,9,ON)	9	3f9fec1a78e0c8bad0edc1babfacfe0131c414c0e339827ea9b02abfa534e005	11=ON	corroborates-contextual-vocabulary	device-model/configurators.md#positions-and-functions	Catalogue field/name scoped to this definition; manufacturer examples do not validate every associated product, numeric domain or deployment
2423	146	-1	-1	Special control	A	A	Enviroment (0-9 GEN,GR,AMB,AUX)	15	530149702fa0a11270d310c3dfb85295805511f894eb75d2c90baa8116e9a5df	12=GEN;13=GR;14=AMB;15=AUX	corroborates-contextual-vocabulary	device-model/configurators.md#positions-and-functions	Catalogue field/name scoped to this definition; manufacturer examples do not validate every associated product, numeric domain or deployment
5391	146	-1	-1	Special control	AID	ID	ID	1	874becb64fbf2f2e72be46e9568fba78a468a3275e92089ffa2458b59a5741f1	********=AID	excluded-as-physical-position	device-model/configurators.md#configuration-modes	Software/identity/function metadata; idx=-1 alone does not prove a socket
2215	147	-1	-1	Special functions	PL	PL	Light Point	1	342a8bd122e7b6df0094c337253bc13d783a9fca45299d2f12567e467f8a069b		corroborates-contextual-vocabulary	device-model/configurators.md#positions-and-functions	Catalogue field/name scoped to this definition; manufacturer examples do not validate every associated product, numeric domain or deployment
2216	147	-1	-1	Special functions	SPE	SPE	Special function command control (0-9)	1	f397b42bd2dbdfe88d67b9b877ff878003beba834f3f1ad4a1164b1e61d85215		corroborates-contextual-vocabulary	device-model/configurators.md#positions-and-functions	Catalogue field/name scoped to this definition; manufacturer examples do not validate every associated product, numeric domain or deployment
2217	147	-1	-1	Special functions	AUX	AUX	AUX channel	1	7ec488ecef01edbd7edf972f51f6889e787c00d017e07212c32e09bd8de11647		corroborates-contextual-vocabulary	device-model/configurators.md#positions-and-functions	Catalogue field/name scoped to this definition; manufacturer examples do not validate every associated product, numeric domain or deployment
2220	147	-1	-1	Special functions	M	M	Mode physical configurator (0-8, O/I,OFF,ON,SU_GIU,SU_GIU_M,PUL)	16	0a12bf2dd342f386f7d822c353f914d196b1395605ab937e58fde703a148cf2c	9=O/I;10=OFF;11=ON;12=UP/DOWN;13=UP/DOWN monostable;15=PUL	corroborates-contextual-vocabulary	device-model/configurators.md#positions-and-functions	Catalogue field/name scoped to this definition; manufacturer examples do not validate every associated product, numeric domain or deployment
2221	147	-1	-1	Special functions	A	A	Enviroment (0-9 GEN,GR,AMB)	14	73920589280fb7899eafa3baa3f1842060865cdc5943907be63b66e40159f4fe	12=GEN;13=GR;14=AMB	corroborates-contextual-vocabulary	device-model/configurators.md#positions-and-functions	Catalogue field/name scoped to this definition; manufacturer examples do not validate every associated product, numeric domain or deployment
5392	147	-1	-1	Special functions	AID	ID	ID	1	e6197a6c2c1369eb1242486ebd2015a870646337f38769037cf9ebb421cde739	********=AID	excluded-as-physical-position	device-model/configurators.md#configuration-modes	Software/identity/function metadata; idx=-1 alone does not prove a socket
1239	148	-1	-1	Basic control	PL1	PL1	PL1 - (0-9)	1	e2f08e95e33f65556c70117ab1db129e3d0b7027f5efa47334e9804c1f024d8e		corroborates-contextual-vocabulary	device-model/configurators.md#positions-and-functions	Catalogue field/name scoped to this definition; manufacturer examples do not validate every associated product, numeric domain or deployment
1240	148	-1	-1	Basic control	PL2	PL2	PL2 - (0-9)	1	701fdb2bddd56f08dd7c9a5c68f56276c82672f6648c9a7ae48abd0ba24a2bfa		corroborates-contextual-vocabulary	device-model/configurators.md#positions-and-functions	Catalogue field/name scoped to this definition; manufacturer examples do not validate every associated product, numeric domain or deployment
1248	148	-1	-1	Basic control	PL3	PL3	PL3 - (0-9)	1	8d223b371547e7f092d6980f7cd29ce12b6824e938092f2eb7814de6689c6b17		corroborates-contextual-vocabulary	device-model/configurators.md#positions-and-functions	Catalogue field/name scoped to this definition; manufacturer examples do not validate every associated product, numeric domain or deployment
1250	148	-1	-1	Basic control	M	M	Mode (0-9,CEN)	12	6dd498cf51c51666b1a410f7cada173c3964a43722bf39c753850cff7d764a09	14=CEN	corroborates-contextual-vocabulary	device-model/configurators.md#positions-and-functions	Catalogue field/name scoped to this definition; manufacturer examples do not validate every associated product, numeric domain or deployment
2424	148	-1	-1	Basic control	A1	A1	Automation A addressing space (for configurator A1)	15	c631aa1c313da55cfb4a4ca50c7c5e1e7be334c86cd9748d48488f97ceabe911	12=GEN;13=GR;14=AMB;15=AUX	corroborates-contextual-vocabulary	device-model/configurators.md#positions-and-functions	Catalogue field/name scoped to this definition; manufacturer examples do not validate every associated product, numeric domain or deployment
2425	148	-1	-1	Basic control	A2	A2	Automation A addressing space (for configurator A2)	15	1538d6dc6d92d12efef6ab747b474a389140c9d02c7b978b0be0eeb67488b203	12=GEN;13=GR;14=AMB;15=AUX	corroborates-contextual-vocabulary	device-model/configurators.md#positions-and-functions	Catalogue field/name scoped to this definition; manufacturer examples do not validate every associated product, numeric domain or deployment
2426	148	-1	-1	Basic control	A3	A3	Automation A addressing space (for configurator A3)	15	c8b1f8479f98bd1f164922a36b418a069ec0c92a212d73aafc626da59eafeb55	12=GEN;13=GR;14=AMB;15=AUX	corroborates-contextual-vocabulary	device-model/configurators.md#positions-and-functions	Catalogue field/name scoped to this definition; manufacturer examples do not validate every associated product, numeric domain or deployment
5393	148	-1	-1	Basic control	AID	ID	ID	1	6760abc794bfbc7532e66fecc0b5e3bf9711968522286445e716c9c1b9d6264d	********=AID	excluded-as-physical-position	device-model/configurators.md#configuration-modes	Software/identity/function metadata; idx=-1 alone does not prove a socket
2222	149	-1	-1	Soft touch control	PL	PL	Light Point	1	be8e9d4d221b55e5406e0a2440e5f4e2a0b8206f054f63bf6badbbf73100a6c9		corroborates-contextual-vocabulary	device-model/configurators.md#positions-and-functions	Catalogue field/name scoped to this definition; manufacturer examples do not validate every associated product, numeric domain or deployment
2225	149	-1	-1	Soft touch control	M	M	Mode physical configurator (0-9,OFF,ON,CEN,PUL)	15	7889f6d5237dcda0c785408d880826fd9fbe4b4c699931589c1d4c7fe967a4e0	14=CEN;10=OFF;11=ON;15=PUL	corroborates-contextual-vocabulary	device-model/configurators.md#positions-and-functions	Catalogue field/name scoped to this definition; manufacturer examples do not validate every associated product, numeric domain or deployment
2226	149	-1	-1	Soft touch control	SPE	SPE	Special function command control (0,1,2,3,4,6,7,8,9)	10	f4a09118617106346372f0ecf65d23bea9a3b1c9e901d5b2e4cba9e1f88a1128		corroborates-contextual-vocabulary	device-model/configurators.md#positions-and-functions	Catalogue field/name scoped to this definition; manufacturer examples do not validate every associated product, numeric domain or deployment
2229	149	-1	-1	Soft touch control	M2	M2	Mode physical configurator (0-9)	11	9f390003c191336ca178e0d182f3ad0a0beb26c94d9aa36e6f914c0c3cddf40a		corroborates-contextual-vocabulary	device-model/configurators.md#positions-and-functions	Catalogue field/name scoped to this definition; manufacturer examples do not validate every associated product, numeric domain or deployment
2230	149	-1	-1	Soft touch control	INT	INT	INT (0,1,OFF)	4	0895d124323bd630d71490085fcbf0d7330d8f14eba0d6acc245f247dd4fbb76	10=OFF	corroborates-contextual-vocabulary	device-model/configurators.md#positions-and-functions	Catalogue field/name scoped to this definition; manufacturer examples do not validate every associated product, numeric domain or deployment
2432	149	-1	-1	Soft touch control	A	A	Enviroment (0-9 GEN,GR,AMB,AUX)	15	9f785a33f08159ec9c2b7322689a44c765bb4dc5fe1fabeb85ce1375f3f0a2cd	12=GEN;13=GR;14=AMB;15=AUX	corroborates-contextual-vocabulary	device-model/configurators.md#positions-and-functions	Catalogue field/name scoped to this definition; manufacturer examples do not validate every associated product, numeric domain or deployment
5394	149	-1	-1	Soft touch control	AID	ID	ID	1	a279072ef732ad20b17169178d4cdddd6857252e981ac9d2d7fb79083c39660c	********=AID	excluded-as-physical-position	device-model/configurators.md#configuration-modes	Software/identity/function metadata; idx=-1 alone does not prove a socket
2433	150	-1	-1	Soft touch control	A	A	Enviroment (0-9 GEN,GR,AMB,AUX)	15	1a574cfef896afe7e212ed7e4fda53baf1bde2085a0a9644eb158850e2f20b5f	12=GEN;13=GR;14=AMB;15=AUX	corroborates-contextual-vocabulary	device-model/configurators.md#positions-and-functions	Catalogue field/name scoped to this definition; manufacturer examples do not validate every associated product, numeric domain or deployment
2434	150	-1	-1	Soft touch control	PL	PL	Light Point	1	6b0db8f10881d397d052b9a5f1b63f81b87bf5fb9624240d8b97aedc6bbe3ff4		corroborates-contextual-vocabulary	device-model/configurators.md#positions-and-functions	Catalogue field/name scoped to this definition; manufacturer examples do not validate every associated product, numeric domain or deployment
2435	150	-1	-1	Soft touch control	M	M	Mode physical configurator (0-9,OFF,ON,CEN,PUL)	15	5ed1e4cc951b5a5c0d8835a6c1c7e9552e0527c88db08e4ea96e13ecce54aff5	14=CEN;10=OFF;11=ON;15=PUL	corroborates-contextual-vocabulary	device-model/configurators.md#positions-and-functions	Catalogue field/name scoped to this definition; manufacturer examples do not validate every associated product, numeric domain or deployment
2436	150	-1	-1	Soft touch control	M2	M2	Mode physical configurator (0-9)	11	f87074fc5a4d7e21e368017562df9983158f137fa5e96103e44b653b47f0df7e		corroborates-contextual-vocabulary	device-model/configurators.md#positions-and-functions	Catalogue field/name scoped to this definition; manufacturer examples do not validate every associated product, numeric domain or deployment
2437	150	-1	-1	Soft touch control	SPE	SPE	Special function command control (0,1,2,3,4,6,7,8,9)	10	5ac4cd5fbb5827ec99c7f407004962d3c8c7afc5db4d80f4a6d982d40ad7c075		corroborates-contextual-vocabulary	device-model/configurators.md#positions-and-functions	Catalogue field/name scoped to this definition; manufacturer examples do not validate every associated product, numeric domain or deployment
2438	150	-1	-1	Soft touch control	INT	INT	INT (0,1,OFF)	4	173c004a16ea752145c503d51858515c1d92f0bf9e396f201bfea1528b29eee8	10=OFF	corroborates-contextual-vocabulary	device-model/configurators.md#positions-and-functions	Catalogue field/name scoped to this definition; manufacturer examples do not validate every associated product, numeric domain or deployment
5395	150	-1	-1	Soft touch control	AID	ID	ID	1	29e7923b25823ff67b40614b993b598b66746589c9818e93f865a7a6caee25c9	********=AID	excluded-as-physical-position	device-model/configurators.md#configuration-modes	Software/identity/function metadata; idx=-1 alone does not prove a socket
5396	151	-1	-1	Daylight sensor for Room Controller + RJ45	AID	ID	ID	1	7ea74f22a9160340a489787e9b6993842b70235b6df352fb0220a8723dd38f26	********=AID	excluded-as-physical-position	device-model/configurators.md#configuration-modes	Software/identity/function metadata; idx=-1 alone does not prove a socket
1227	152	6	0	Basic probe	ZA	ZA	ZA thermo zone address	1	b035c9c43ffe81b5a30e0c45d6b604b214626fc1c636446c1212f3aa2f25f417		corroborates-contextual-vocabulary	device-model/configurators.md#system-specific-positions	Catalogue field/name scoped to this definition; manufacturer examples do not validate every associated product, numeric domain or deployment
1228	152	6	0	Basic probe	ZB	ZB	ZB thermo zone address	1	253216ad01b880d91dcfb86ebff43ed89463dc81c9b4750ac1dd1e43399df913		corroborates-contextual-vocabulary	device-model/configurators.md#system-specific-positions	Catalogue field/name scoped to this definition; manufacturer examples do not validate every associated product, numeric domain or deployment
1229	152	6	0	Basic probe	MOD	MOD	Mode (Master,Slave)	3	257e7c1af045243fe1cf81c974265f57b88bba398c6239cc544fddc363d43df9	11=SLA	corroborates-contextual-vocabulary	device-model/configurators.md#positions-and-functions	Catalogue field/name scoped to this definition; manufacturer examples do not validate every associated product, numeric domain or deployment
1230	152	6	0	Basic probe	SLA	SLA	Thermoregulation slave probe	1	ae4f4a40aa7b5fecea4e16160bc803a59cd38f83f5b07cd6fd48b83b126da3cc		corroborates-contextual-vocabulary	device-model/configurators.md#system-specific-positions	Catalogue field/name scoped to this definition; manufacturer examples do not validate every associated product, numeric domain or deployment
5397	152	6	0	Basic probe	AID	ID	ID	1	41b3e4b7c34ab1ea78b5b294d4d6aa59f540d913e01ed1aec6bd0632f6e18d06	********=AID	excluded-as-physical-position	device-model/configurators.md#configuration-modes	Software/identity/function metadata; idx=-1 alone does not prove a socket
1987	153	-1	-1	Extended control item	PL	PL	Light Point	1	11c7b3efe359136e00a80f9699b86434fe2760401d1593be63716f44a87db1dd		corroborates-contextual-vocabulary	device-model/configurators.md#positions-and-functions	Catalogue field/name scoped to this definition; manufacturer examples do not validate every associated product, numeric domain or deployment
1988	153	-1	-1	Extended control item	M	M	Mode physical configurator (0-8, O/I,OFF,ON,SU_GIU,SU_GIU_M,CEN,PUL)	17	f1c606460364e3657a714c534a9bc541ad45305c82a9dc5de665ad6325cbbdc2	9=O/I;10=OFF;11=ON;12=UP/DOWN;13=UP/DOWN monostable;14=CEN;15=PUL	corroborates-contextual-vocabulary	device-model/configurators.md#positions-and-functions	Catalogue field/name scoped to this definition; manufacturer examples do not validate every associated product, numeric domain or deployment
1991	153	-1	-1	Extended control item	LIV1	LIV1	Configurator LIV1	1	24f41a797ae2a87083057aab5e11d9b02391d8e8c967ebebd7529e94cd37192d		corroborates-contextual-vocabulary	device-model/configurators.md#positions-and-functions	Catalogue field/name scoped to this definition; manufacturer examples do not validate every associated product, numeric domain or deployment
1992	153	-1	-1	Extended control item	LIV2	LIV2	Configurator LIV2	1	129df3f18b9ca9251e67e006a8b6df0a0186bc749b96aa440b75f2934e516ad8		corroborates-contextual-vocabulary	device-model/configurators.md#positions-and-functions	Catalogue field/name scoped to this definition; manufacturer examples do not validate every associated product, numeric domain or deployment
1993	153	-1	-1	Extended control item	SPE	SPE	Special function command control (0-9)	1	ebf3f348d08c0826219549a75345387a53948ed6ebee02953a0f0047b7039b03		corroborates-contextual-vocabulary	device-model/configurators.md#positions-and-functions	Catalogue field/name scoped to this definition; manufacturer examples do not validate every associated product, numeric domain or deployment
3434	153	-1	-1	Extended control item	A	A	Area (0-9 GEN,GR,AMB)	14	d90fe263c3255b7bdc853214572b37004940afb2bbe96973b59070a519dc9aeb	12=GEN;13=GR;14=AMB	corroborates-contextual-vocabulary	device-model/configurators.md#positions-and-functions	Catalogue field/name scoped to this definition; manufacturer examples do not validate every associated product, numeric domain or deployment
3447	153	-1	-1	Extended control item	I	I	Configurator I (0-9, CEN)	12	3c696dad87f0bf3a4964c51e5831f66aacd558ce1e679a936660984cedf87bf5	14=CEN	corroborates-contextual-vocabulary	device-model/configurators.md#positions-and-functions	Catalogue field/name scoped to this definition; manufacturer examples do not validate every associated product, numeric domain or deployment
5398	153	-1	-1	Extended control item	AID	ID	ID	1	eff07df1a4ff7fa5b6e0b15de184ddcc8d207bc40932fe01c5d8858e64039b64	********=AID	excluded-as-physical-position	device-model/configurators.md#configuration-modes	Software/identity/function metadata; idx=-1 alone does not prove a socket
2055	154	-1	-1	Touch control	PL	PL	Light Point	1	4f6ccbf49428d6aa2dc66af7db5b5583d4f642f852628fc18e78c5a7f350d81a		corroborates-contextual-vocabulary	device-model/configurators.md#positions-and-functions	Catalogue field/name scoped to this definition; manufacturer examples do not validate every associated product, numeric domain or deployment
2463	154	-1	-1	Touch control	M	M	Mode physical configurator (0-1,3-4,6,O/I,SU_GIU,SU_GIU_M,CEN)	10	92f85dd4998d6c029ba75e4e7b1ea39b0e5dd91e780e0e08a9221d9fb9227f87	9=O/I;12=UP/DOWN;13=UP/DOWN monostable;14=CEN	corroborates-contextual-vocabulary	device-model/configurators.md#positions-and-functions	Catalogue field/name scoped to this definition; manufacturer examples do not validate every associated product, numeric domain or deployment
2464	154	-1	-1	Touch control	SET	SET	User interface settings configurator (0-7)	9	f6d705154e1c915e6fcc27be4bc3df96a15bdeebc090f43d197ceaa00e3a4b84		corroborates-contextual-vocabulary	device-model/configurators.md#positions-and-functions	Catalogue field/name scoped to this definition; manufacturer examples do not validate every associated product, numeric domain or deployment
2949	154	-1	-1	Touch control	A	Area (0-9 GEN,GR,AMB)	Enviroment (0-9 GEN,GR,AMB)	14	9029b9ef389533b2da430c425d78d2a315f3d0c01b29692008ab2bbe39cd6567	12=GEN;13=GR;14=AMB	corroborates-contextual-vocabulary	device-model/configurators.md#positions-and-functions	Catalogue field/name scoped to this definition; manufacturer examples do not validate every associated product, numeric domain or deployment
5399	154	-1	-1	Touch control	AID	ID	ID	1	f63621b76cc91d56e5041730fac85debd914f809bb9e3dc4538d569c0e2870f5	********=AID	excluded-as-physical-position	device-model/configurators.md#configuration-modes	Software/identity/function metadata; idx=-1 alone does not prove a socket
2650	155	-1	-1	Actuator DIN with 8 outputs	ZA	ZA	ZA thermo zone address	1	5d54907e0da1cb96647f1057a06e5e53ffe2740542c89ff650513481fcfb78a0		corroborates-contextual-vocabulary	device-model/configurators.md#system-specific-positions	Catalogue field/name scoped to this definition; manufacturer examples do not validate every associated product, numeric domain or deployment
2651	155	-1	-1	Actuator DIN with 8 outputs	ZB	ZB	ZB thermo zone address	1	a9b5f245ef7b71e1b4578882bdf6247d5c1fbfcd05a448dfab09fd13b3fce7b3		corroborates-contextual-vocabulary	device-model/configurators.md#system-specific-positions	Catalogue field/name scoped to this definition; manufacturer examples do not validate every associated product, numeric domain or deployment
2652	155	-1	-1	Actuator DIN with 8 outputs	N	N	Thermoregulation zone device number N	1	10a7b1e681f4e92edbfbabd0d37ec68bcf64d2532f2d972ceb4c833454f2d395		corroborates-contextual-vocabulary	device-model/configurators.md#system-specific-positions	Catalogue field/name scoped to this definition; manufacturer examples do not validate every associated product, numeric domain or deployment
3530	155	-1	-1	Actuator DIN with 8 outputs	TYPE	TYPE	Fan coil a 4 tubi e 2 valvole di ON/OFF - Value : 0   Fan coil a 2 tubi e valvola a 3 punti - Value : 1   Fan coil a 4 tubi e 2 valvole a 3 punti - Value : 2	1	80d09952111354bec178b1f81d591ed5c56ac8c408c3e0a3537b4bf16ef869a3		corroborates-contextual-vocabulary	device-model/configurators.md#system-specific-positions	Catalogue field/name scoped to this definition; manufacturer examples do not validate every associated product, numeric domain or deployment
5400	155	-1	-1	Actuator DIN with 8 outputs	AID	ID	ID	1	010463ec62a8c431ca1476e8c4268dd62307ccffb54c31d537a72370763e568b	********=AID	excluded-as-physical-position	device-model/configurators.md#configuration-modes	Software/identity/function metadata; idx=-1 alone does not prove a socket
2640	156	-1	-1	Actuator DIN with 3 relays and 2 outputs 0-10V	ZA	ZA	ZA thermo zone address	1	ef8b3cdcfe0264d4f7989bd57d95e76bd538ee7e251365e53c4218a9a52c04a5		corroborates-contextual-vocabulary	device-model/configurators.md#system-specific-positions	Catalogue field/name scoped to this definition; manufacturer examples do not validate every associated product, numeric domain or deployment
2641	156	-1	-1	Actuator DIN with 3 relays and 2 outputs 0-10V	ZB	ZB	ZB thermo zone address	1	8715a8d364f70fdf1571be78e131d1f765618ca83852b3d7d45f5a2ae750587f		corroborates-contextual-vocabulary	device-model/configurators.md#system-specific-positions	Catalogue field/name scoped to this definition; manufacturer examples do not validate every associated product, numeric domain or deployment
2642	156	-1	-1	Actuator DIN with 3 relays and 2 outputs 0-10V	N	N	Thermoregulation zone device number N	1	99f05be922715bec5184135e060713687b57730f38eacdb4b6f7afed3ffc2f2d		corroborates-contextual-vocabulary	device-model/configurators.md#system-specific-positions	Catalogue field/name scoped to this definition; manufacturer examples do not validate every associated product, numeric domain or deployment
3528	156	-1	-1	Actuator DIN with 3 relays and 2 outputs 0-10V	TYPE	TYPE	Name : Fan coil a 4 tubi e 2 valvole 0V-10V - Value : 0  Fan coil a 2 tubi e valvola 0V-10V - Value : 1	1	102169764e1440ae04e13206f6cb5784aa068aa083a10d6b817ae5639f68abe8		corroborates-contextual-vocabulary	device-model/configurators.md#system-specific-positions	Catalogue field/name scoped to this definition; manufacturer examples do not validate every associated product, numeric domain or deployment
5401	156	-1	-1	Actuator DIN with 3 relays and 2 outputs 0-10V	AID	ID	ID	1	767f62edab902ca606680e9074b56ebcfdc1361f3938d26675db6a2a529e1778	********=AID	excluded-as-physical-position	device-model/configurators.md#configuration-modes	Software/identity/function metadata; idx=-1 alone does not prove a socket
2309	157	-1	-1	Flush mounted actuator and free control	A1	A1	Configurator A1 (0-9)	1	0671e663fd051589bb6471f864f8c12f2f73b5bfd0b127a7994aea3ce2a02f24		corroborates-contextual-vocabulary	device-model/configurators.md#positions-and-functions	Catalogue field/name scoped to this definition; manufacturer examples do not validate every associated product, numeric domain or deployment
2310	157	-1	-1	Flush mounted actuator and free control	A2	A2	Configurator A2 (0-9)	1	6f8197197f51e52cf488d9f76aa36debde19154bd545ba18787ee5add93a6830		corroborates-contextual-vocabulary	device-model/configurators.md#positions-and-functions	Catalogue field/name scoped to this definition; manufacturer examples do not validate every associated product, numeric domain or deployment
2311	157	-1	-1	Flush mounted actuator and free control	PL1	PL1	PL1 - (0-9)	1	f8ec7675d974b4195e4cee9267b30ec72287134bc59dabe6b51bc8146f363423		corroborates-contextual-vocabulary	device-model/configurators.md#positions-and-functions	Catalogue field/name scoped to this definition; manufacturer examples do not validate every associated product, numeric domain or deployment
2312	157	-1	-1	Flush mounted actuator and free control	PL2	PL2	PL2 - (0-9)	1	a35575b7df85a35f65c729716964389ef0ac90d5b26bba98a270ed22c62f9a1e		corroborates-contextual-vocabulary	device-model/configurators.md#positions-and-functions	Catalogue field/name scoped to this definition; manufacturer examples do not validate every associated product, numeric domain or deployment
2313	157	-1	-1	Flush mounted actuator and free control	M1	M1	Mode physical configurator (0-8, O/I,SU_GIU,SU_GIU_M,CEN,OFF,PUL)	16	894bfe71918ace917d7d62b45bdc82b2e6900ec0b88abf4aed56663719256a28	9=O/I;14=CEN;12=UP/DOWN;13=UP/DOWN monostable;10=OFF;15=PUL	corroborates-contextual-vocabulary	device-model/configurators.md#positions-and-functions	Catalogue field/name scoped to this definition; manufacturer examples do not validate every associated product, numeric domain or deployment
2314	157	-1	-1	Flush mounted actuator and free control	M2	M2	Mode physical configurator (0-8, O/I,SU_GIU,SU_GIU_M,CEN,OFF,PUL)	16	b5febc6ce6e1bef56041199cdeee68107ac363ce0329c689e480d613acc7a2b4	9=O/I;14=CEN;12=UP/DOWN;13=UP/DOWN monostable;10=OFF;15=PUL	corroborates-contextual-vocabulary	device-model/configurators.md#positions-and-functions	Catalogue field/name scoped to this definition; manufacturer examples do not validate every associated product, numeric domain or deployment
5402	157	-1	-1	Flush mounted actuator and free control	AID	ID	ID	1	6ed9808163ff5a1ac51a6032a47406cd73f7b2f00565e11d95752d0cdf4c1954	********=AID	excluded-as-physical-position	device-model/configurators.md#configuration-modes	Software/identity/function metadata; idx=-1 alone does not prove a socket
2465	158	-1	-1	Touch control	A	A	Enviroment (0-9 GEN,GR,AMB)	14	3a1103dc7f9896a63981315524b72167ad3438b691448f240c7aefb7a10b75a2	12=GEN;13=GR;14=AMB	corroborates-contextual-vocabulary	device-model/configurators.md#positions-and-functions	Catalogue field/name scoped to this definition; manufacturer examples do not validate every associated product, numeric domain or deployment
2466	158	-1	-1	Touch control	PL	PL	Light Point	1	9bc78a5f39afa4d592b17ac865a5b6a2c9785d6fd7ed5946fe0d083175de108e		corroborates-contextual-vocabulary	device-model/configurators.md#positions-and-functions	Catalogue field/name scoped to this definition; manufacturer examples do not validate every associated product, numeric domain or deployment
2467	158	-1	-1	Touch control	M	M	Mode physical configurator (0-2,6,O/I,SU_GIU,SU_GIU_M,CEN)	9	0b89560caa863d34ceb7bbb58b71e1ab7503d4068a3daa868c41a1b4c91d60d1	9=O/I;12=UP/DOWN;13=UP/DOWN monostable;14=CEN	corroborates-contextual-vocabulary	device-model/configurators.md#positions-and-functions	Catalogue field/name scoped to this definition; manufacturer examples do not validate every associated product, numeric domain or deployment
2468	158	-1	-1	Touch control	SET	SET	User interface settings configurator (0-7)	9	d0c56d9ceb1bddf67e0143f0b2a3f39d15d1e23e174d56bcf6b94e0dfd1bf505		corroborates-contextual-vocabulary	device-model/configurators.md#positions-and-functions	Catalogue field/name scoped to this definition; manufacturer examples do not validate every associated product, numeric domain or deployment
5403	158	-1	-1	Touch control	AID	ID	ID	1	80dfd496bb9f12fc2b69fa3904c88de9c2ff568716912ae3a29658943c065e1f	********=AID	excluded-as-physical-position	device-model/configurators.md#configuration-modes	Software/identity/function metadata; idx=-1 alone does not prove a socket
2199	159	-1	-1	Touch control multifunction	PL	PL	Light Point	1	3ba64bd7f8455dc998775b2de3feaddfcc8319f52c6a1a1fd9ea992f47f07e86		corroborates-contextual-vocabulary	device-model/configurators.md#positions-and-functions	Catalogue field/name scoped to this definition; manufacturer examples do not validate every associated product, numeric domain or deployment
2456	159	-1	-1	Touch control multifunction	A	A	Enviroment (0-9 GEN,GR,AMB)	14	6afd879116f6860852d1845f86b6f15948d4233aa583e3362251e506b66e4a61	12=GEN;13=GR;14=AMB	corroborates-contextual-vocabulary	device-model/configurators.md#positions-and-functions	Catalogue field/name scoped to this definition; manufacturer examples do not validate every associated product, numeric domain or deployment
2458	159	-1	-1	Touch control multifunction	M	M	Mode physical configurator (0-3,5-6,O/I,SU_GIU,SU_GIU_M,CEN)	11	b4898d5289ea1ceba2780fdf536cb93eca23fead79c7835a0e804a9fc4bf7963	9=O/I;12=UP/DOWN;13=UP/DOWN monostable;14=CEN	corroborates-contextual-vocabulary	device-model/configurators.md#positions-and-functions	Catalogue field/name scoped to this definition; manufacturer examples do not validate every associated product, numeric domain or deployment
2460	159	-1	-1	Touch control multifunction	SET	SET	User interface settings configurator (0-7)	9	6e44021311b8cb4d4dd55c3c4f16831c8e9b62e5b09dc810ff648bf2f992acea		corroborates-contextual-vocabulary	device-model/configurators.md#positions-and-functions	Catalogue field/name scoped to this definition; manufacturer examples do not validate every associated product, numeric domain or deployment
5404	159	-1	-1	Touch control multifunction	AID	ID	ID	1	a93bd1746e9486eb52d00672cc6d8deb0290a95fdd08c50cdd0fa232c89010fd	********=AID	excluded-as-physical-position	device-model/configurators.md#configuration-modes	Software/identity/function metadata; idx=-1 alone does not prove a socket
2674	160	1	0	Display thermostat 2 modules	ZA	ZA	ZA thermo zone address	1	bcd50ee52386e703701fed64732c8044db983b54653578af1dd3a4519b141844		corroborates-contextual-vocabulary	device-model/configurators.md#system-specific-positions	Catalogue field/name scoped to this definition; manufacturer examples do not validate every associated product, numeric domain or deployment
2675	160	1	0	Display thermostat 2 modules	ZB	ZB	ZB thermo zone address	1	f9ed2b79e4311d589e995f45489bce685bf6d41ee0703fc3b60dd14c94d8cfc3		corroborates-contextual-vocabulary	device-model/configurators.md#system-specific-positions	Catalogue field/name scoped to this definition; manufacturer examples do not validate every associated product, numeric domain or deployment
2683	160	1	0	Display thermostat 2 modules	COOL	COOL	Cooling actuator type (N=2) or (N=1 if TYPE_C = CEN). If TYPE_C = CEN, TYPE_H must be different from FIL PILOTE and OFF.	11	a8456d5d1c4805200b2469cb468713264c72cbb1b2f5d07202c580944ab201c1	14=CEN	corroborates-contextual-vocabulary	device-model/configurators.md#system-specific-positions	Catalogue field/name scoped to this definition; manufacturer examples do not validate every associated product, numeric domain or deployment
3493	160	1	0	Display thermostat 2 modules	TYPE	TYPE	0 Master probe,   1 Hotel thermostat,   2 residential thermostat	1	7431802e5320964fc74382c76157b955eef0cb046d80a8d59d193e0c59cd9497		corroborates-contextual-vocabulary	device-model/configurators.md#system-specific-positions	Catalogue field/name scoped to this definition; manufacturer examples do not validate every associated product, numeric domain or deployment
3495	160	1	0	Display thermostat 2 modules	HEAT	HEAT	(LOAD NOT USED: 0) (ON/OFF: 1) (Open/Close: 2) (2 pipes fan coil with on/off valve: 3) (Gateway: 4) (Fil Pilote: 5) (2 pipes fan coil with proportional valve: 6) (4 pipes fan coil with on/off valves: 7) (4 pipes fan coil with proportional valves: 8) (Proportional valve: 9)    Heating actuator type (N=1)	1	4238f8b2f6c051a1c3320a1268db0808f02ebe2ae0f572d6a20b114920899c01		corroborates-contextual-vocabulary	device-model/configurators.md#system-specific-positions	Catalogue field/name scoped to this definition; manufacturer examples do not validate every associated product, numeric domain or deployment
3497	160	1	0	Display thermostat 2 modules	PUMP	PUMP	(NO PUMP: 0) (PUMP N=1 FOR HEATING ONLY: 1) (PUMP N=2 FOR COOLING ONLY: 2) (PUMP N=1 FOR HEATING, N=2 FOR COOLING: 3) (PUMP N=1 FOR HEATING AND COOLING: 4)	1	925c75c9ef115fc10b22d3b3a8d88b9d33d4c496464a552b901afc346401a5ae		corroborates-contextual-vocabulary	device-model/configurators.md#system-specific-positions	Catalogue field/name scoped to this definition; manufacturer examples do not validate every associated product, numeric domain or deployment
3499	160	1	0	Display thermostat 2 modules	IN	IN	(DISABLED: 0) (OPEN --> PROTECTION, CLOSE --> BACK TO THE PREVIOUS STATE: 1) (OPEN --> OFF, CLOSE --> BACK TO THE PREVIOUS STATE: 2) (OPEN --> ECO, CLOSE --> BACK TO THE PREVIOUS STATE: 3) (OPEN --> COMFORT, CLOSE --> BACK TO THE PREVIOUS STATE: 4) (OPEN --> SWITCH TO HEATING, CLOSE --> SWITCH TO COOLING: 5)      Contact function (same action for heating and cooling).If MOD = 0, contact must be different from 5.	1	8cc5bad8c2eadb6e2addb927520b5a2dbff33beb29c15b48bffe01fbd9efc6a6		corroborates-contextual-vocabulary	device-model/configurators.md#system-specific-positions	Catalogue field/name scoped to this definition; manufacturer examples do not validate every associated product, numeric domain or deployment
5405	160	1	0	Display thermostat 2 modules	AID	ID	ID	1	c52f17419eef70a13486bfae28a009f0dcf5a92759b64f7390315a5dcc695748	********=AID	excluded-as-physical-position	device-model/configurators.md#configuration-modes	Software/identity/function metadata; idx=-1 alone does not prove a socket
2745	161	-1	-1	Key card switch	M1	M1	Mode physical configurator (0-8, CEN)	11	9cbe09eff328f1ef25934f0c73572af4582145620f94c6c00273e72d942c102e	14=CEN	corroborates-contextual-vocabulary	device-model/configurators.md#positions-and-functions	Catalogue field/name scoped to this definition; manufacturer examples do not validate every associated product, numeric domain or deployment
3506	161	-1	-1	Key card switch	M2	M2		1	f9b07e56279db1ca2c67965dca9e2eab3f46dce0d7a2c0aa3ab1265eda0bcf4d		corroborates-contextual-vocabulary	device-model/configurators.md#positions-and-functions	Catalogue field/name scoped to this definition; manufacturer examples do not validate every associated product, numeric domain or deployment
3514	161	-1	-1	Key card switch	DEL1	DEL 1		1	1170390c84613efa2eb0b10fcbf55c7354aff9c014ffbb9a44d36f3ec3ff4101		corroborates-contextual-vocabulary	device-model/configurators.md#system-specific-positions	Catalogue field/name scoped to this definition; manufacturer examples do not validate every associated product, numeric domain or deployment
3515	161	-1	-1	Key card switch	DEL2	DEL 2		1	c0a3b23b9dc8e25bffec678f0de7f2d4211e3267566429e2532c356ba7253248		corroborates-contextual-vocabulary	device-model/configurators.md#system-specific-positions	Catalogue field/name scoped to this definition; manufacturer examples do not validate every associated product, numeric domain or deployment
3524	161	-1	-1	Key card switch	A	Area		1	1a9e2aa5c705316e4d54720ec850f60010261c0a113178dd392639f956a76f1c		corroborates-contextual-vocabulary	device-model/configurators.md#positions-and-functions	Catalogue field/name scoped to this definition; manufacturer examples do not validate every associated product, numeric domain or deployment
3525	161	-1	-1	Key card switch	PL	Light point		1	ee60b6a23cad1f75345d0fbebf26fbb09fdbd768a59ad2c44c55d55f9bab55bb		corroborates-contextual-vocabulary	device-model/configurators.md#positions-and-functions	Catalogue field/name scoped to this definition; manufacturer examples do not validate every associated product, numeric domain or deployment
5406	161	-1	-1	Key card switch	AID	ID	ID	1	40994bb590c3244b9a1126e4aa849b8a241b277c990bb734cb43043ef0cf1af4	********=AID	excluded-as-physical-position	device-model/configurators.md#configuration-modes	Software/identity/function metadata; idx=-1 alone does not prove a socket
2751	162	-1	-1	Key card switch RFID	M1	Modality	Mode physical configurator (0-8, CEN)	11	ad3986d26c1558e5a04b6e1534bca591b6d0b76b037e25429c28da670f859452	14=CEN	corroborates-contextual-vocabulary	device-model/configurators.md#positions-and-functions	Catalogue field/name scoped to this definition; manufacturer examples do not validate every associated product, numeric domain or deployment
3507	162	-1	-1	Key card switch RFID	M2	M2		1	704256859131e9b39020ece143dcfaf0c2900c5779db1a51b447bb21593a43a3		corroborates-contextual-vocabulary	device-model/configurators.md#positions-and-functions	Catalogue field/name scoped to this definition; manufacturer examples do not validate every associated product, numeric domain or deployment
3509	162	-1	-1	Key card switch RFID	DEL1	Activation delay for badge IN	(None: 0) (15 s: 8) (30 s: 9) (60 s: 1) (2 min: 2) (3 min: 3) (4 min: 4) (5 min: 5) (10 min: 6) (15 min: 7)	1	931b5c2e14b303ea56ffa9f7bbce424e8764ae1dbc7955d4540586abcd86797d		corroborates-contextual-vocabulary	device-model/configurators.md#system-specific-positions	Catalogue field/name scoped to this definition; manufacturer examples do not validate every associated product, numeric domain or deployment
3510	162	-1	-1	Key card switch RFID	DEL2	Activation delay for badge OUT	(None: 0) (15 s: 8) (30 s: 9) (60 s: 1) (2 min: 2) (3 min: 3) (4 min: 4) (5 min: 5) (10 min: 6) (15 min: 7)    If M1=CEN, DEL2=0	1	e0ca72f2f7e919198657804e8678c52064f356510629b1f84bacd27ee61f6aac		corroborates-contextual-vocabulary	device-model/configurators.md#system-specific-positions	Catalogue field/name scoped to this definition; manufacturer examples do not validate every associated product, numeric domain or deployment
3844	162	-1	-1	Key card switch RFID	A	A		1	0648094613d78516e5c80344abdd5c007d7521e3fd1fd20f44932610bb105c4b		corroborates-contextual-vocabulary	device-model/configurators.md#positions-and-functions	Catalogue field/name scoped to this definition; manufacturer examples do not validate every associated product, numeric domain or deployment
3845	162	-1	-1	Key card switch RFID	PL	PL		1	6d2e958dda91c428948832ff3117383179735a8b28dd35e32a29197db9461b1a		corroborates-contextual-vocabulary	device-model/configurators.md#positions-and-functions	Catalogue field/name scoped to this definition; manufacturer examples do not validate every associated product, numeric domain or deployment
5407	162	-1	-1	Key card switch RFID	AID	ID	ID	1	b4f922de97b8f820cbe7574e8285e9c0a41880b2803f1a084ed7e23651f3cc08	********=AID	excluded-as-physical-position	device-model/configurators.md#configuration-modes	Software/identity/function metadata; idx=-1 alone does not prove a socket
2771	163	6	0	DIN actuator	ZA	ZA	ZA thermo zone address	1	4409ca736dad247d3234bc5ad44ddae3f19d6d2863722946cd0fd838c6feddd3		corroborates-contextual-vocabulary	device-model/configurators.md#system-specific-positions	Catalogue field/name scoped to this definition; manufacturer examples do not validate every associated product, numeric domain or deployment
2772	163	6	0	DIN actuator	ZB2	ZB2	ZB2 thermo Actuator zone address	12	e86997fce40316232e3ef872ef9ca70d00a602edc16ec7bd6263bb830ffc1bd6	10=OFF	corroborates-contextual-vocabulary	device-model/configurators.md#system-specific-positions	Catalogue field/name scoped to this definition; manufacturer examples do not validate every associated product, numeric domain or deployment
2773	163	6	0	DIN actuator	N1	N1	Thermoregulation zone device number N1  The 0 value is valid only when device is virgin	1	a3a937852ce746703c400b2dc955c5b77de7726bdec22f3d18647a5f7bc1c20e		corroborates-contextual-vocabulary	device-model/configurators.md#system-specific-positions	Catalogue field/name scoped to this definition; manufacturer examples do not validate every associated product, numeric domain or deployment
2774	163	6	0	DIN actuator	N2	N2	Thermoregulation zone device number N2  The 0 value is valid only when device is virgin	1	3d921011d3d4d61e857253e0f0fe76f07bd1abb7feb37871de89ebfd76397d42		corroborates-contextual-vocabulary	device-model/configurators.md#system-specific-positions	Catalogue field/name scoped to this definition; manufacturer examples do not validate every associated product, numeric domain or deployment
3285	163	6	0	DIN actuator	ZB1	ZB1		12	69e109db929546be49e9665c0d3272d99403ebafde7b6892b2f406cbf2d3f3fe	10=OFF	corroborates-contextual-vocabulary	device-model/configurators.md#system-specific-positions	Catalogue field/name scoped to this definition; manufacturer examples do not validate every associated product, numeric domain or deployment
5408	163	6	0	DIN actuator	AID	ID	ID	1	5a90e679d0389832a3cd231f58aabd8e3ca4d0464610feb3aaaa471a8879bf84	********=AID	excluded-as-physical-position	device-model/configurators.md#configuration-modes	Software/identity/function metadata; idx=-1 alone does not prove a socket
2784	164	5	0	DIN actuator/4	ZA	ZA	ZA thermo zone address	1	eb3d05add722cb8ecb4255bb49b05dcecdcb91c80c8eaf4d1c28a40021b0aad7		corroborates-contextual-vocabulary	device-model/configurators.md#system-specific-positions	Catalogue field/name scoped to this definition; manufacturer examples do not validate every associated product, numeric domain or deployment
2785	164	5	0	DIN actuator/4	ZB2	ZB2	ZB2 thermo Actuator zone address	12	43c2a0683b813a3503e30722f5948a24b4f90d6437628150f41200b75897e486	10=OFF	corroborates-contextual-vocabulary	device-model/configurators.md#system-specific-positions	Catalogue field/name scoped to this definition; manufacturer examples do not validate every associated product, numeric domain or deployment
2786	164	5	0	DIN actuator/4	ZB3	ZB3	ZB3 thermo Actuator zone address	12	fc8c4e5362ed69a2e824423de27872b251a4fe58961d33b4e67d786c69e3c059	10=OFF	corroborates-contextual-vocabulary	device-model/configurators.md#system-specific-positions	Catalogue field/name scoped to this definition; manufacturer examples do not validate every associated product, numeric domain or deployment
2787	164	5	0	DIN actuator/4	ZB4	ZB4	ZB4 thermo Actuator zone address	12	a50c5c3479f7b5d1c9521401292b81b52013cc67fc1a97778920e80572295ef9	10=OFF	corroborates-contextual-vocabulary	device-model/configurators.md#system-specific-positions	Catalogue field/name scoped to this definition; manufacturer examples do not validate every associated product, numeric domain or deployment
2788	164	5	0	DIN actuator/4	N	N	Thermoregulation zone device number N The 0 value is valid only when device is virgin	1	6f6cf5544200c738da6b45e9726fe0afe5d986a68747bad00230d8f3fdbcf26d		corroborates-contextual-vocabulary	device-model/configurators.md#system-specific-positions	Catalogue field/name scoped to this definition; manufacturer examples do not validate every associated product, numeric domain or deployment
3286	164	5	0	DIN actuator/4	ZB1	ZB1		12	d501070fb2410cbebd3b7f5aa8be118fd7d4e2df8c731e368c45092375f26d3e	10=OFF	corroborates-contextual-vocabulary	device-model/configurators.md#system-specific-positions	Catalogue field/name scoped to this definition; manufacturer examples do not validate every associated product, numeric domain or deployment
5409	164	5	0	DIN actuator/4	AID	ID	ID	1	1a6b4f6c3201587e8975d722bdf3a1e51a5dcfd84fae0e2d57459f9e3f3d7aa5	********=AID	excluded-as-physical-position	device-model/configurators.md#configuration-modes	Software/identity/function metadata; idx=-1 alone does not prove a socket
2789	165	5	2	Basic probe	ZA	ZA	ZA thermo zone address	1	0fb94ab287fe99115678b9328584287d9bac3ae01f2da615b1849f6f459b0796		corroborates-contextual-vocabulary	device-model/configurators.md#system-specific-positions	Catalogue field/name scoped to this definition; manufacturer examples do not validate every associated product, numeric domain or deployment
2790	165	5	2	Basic probe	ZB	ZB	ZB thermo zone address	1	313bda9e5947dee507121935d7ccfad72788baa08ff3511c81759915a458ac68		corroborates-contextual-vocabulary	device-model/configurators.md#system-specific-positions	Catalogue field/name scoped to this definition; manufacturer examples do not validate every associated product, numeric domain or deployment
2791	165	5	2	Basic probe	MOD	MOD	Mode (Master,Slave)	3	e541d23f19bd49a8bf3c6edd77e718cfa38d7edb84ea4f40f605f559c5080427	11=SLA;0=CEN	corroborates-contextual-vocabulary	device-model/configurators.md#positions-and-functions	Catalogue field/name scoped to this definition; manufacturer examples do not validate every associated product, numeric domain or deployment
2792	165	5	2	Basic probe	SLA	SLA	Thermoregulation slave probe	1	a38c71cf9dadbabd125edc66be52fb1febea6f2c3689f471e4d2fdd3d61f247c		corroborates-contextual-vocabulary	device-model/configurators.md#system-specific-positions	Catalogue field/name scoped to this definition; manufacturer examples do not validate every associated product, numeric domain or deployment
5410	165	5	2	Basic probe	AID	ID	ID	1	5cf3d6bd87ca9b97624a7c36d64fb0fd398fa2e629e631b916ed7cab85fa81e1	********=AID	excluded-as-physical-position	device-model/configurators.md#configuration-modes	Software/identity/function metadata; idx=-1 alone does not prove a socket
833	166	-1	-1	1 relay DIN actuator 16 A	A	A	Enviroment	1	f5b30538cbd785154bc5081ff499a027d22ab5781f12ba0e44db66a93f581bc7		corroborates-contextual-vocabulary	device-model/configurators.md#positions-and-functions	Catalogue field/name scoped to this definition; manufacturer examples do not validate every associated product, numeric domain or deployment
834	166	-1	-1	1 relay DIN actuator 16 A	PL	PL	Light Point	1	d6840f836ca836c820d3c310e655d6d01d25e10f56f84b7c6d17b00cf0018e03		corroborates-contextual-vocabulary	device-model/configurators.md#positions-and-functions	Catalogue field/name scoped to this definition; manufacturer examples do not validate every associated product, numeric domain or deployment
835	166	-1	-1	1 relay DIN actuator 16 A	M	M	Mode (1-4, Pul, Sla)	8	056d826fe68eb3aed48c5f9f6f2e345bfa1841a2656cdd0cc9d39d8ca702b0cf	11=SLA;15=PUL	corroborates-contextual-vocabulary	device-model/configurators.md#positions-and-functions	Catalogue field/name scoped to this definition; manufacturer examples do not validate every associated product, numeric domain or deployment
836	166	-1	-1	1 relay DIN actuator 16 A	G1	G1	G1 - (0-9)	1	4597f1889c49120d86453a8fac0dbd8c79e3932150f567ee6a81ad0e60ac6eed		corroborates-contextual-vocabulary	device-model/configurators.md#positions-and-functions	Catalogue field/name scoped to this definition; manufacturer examples do not validate every associated product, numeric domain or deployment
837	166	-1	-1	1 relay DIN actuator 16 A	G2	G2	G2 - (0-9)	1	5cb00bd2b261096a53abee56bdaf9e6a06f791f11335b3781a8ed0965e0c94f7		corroborates-contextual-vocabulary	device-model/configurators.md#positions-and-functions	Catalogue field/name scoped to this definition; manufacturer examples do not validate every associated product, numeric domain or deployment
839	166	-1	-1	1 relay DIN actuator 16 A	G3	G3	G3 - (0-9)	1	331bd70a0a6dcd12fccc8639770000b2c48fdb934bcf5348c20f485d4a0f853c		corroborates-contextual-vocabulary	device-model/configurators.md#positions-and-functions	Catalogue field/name scoped to this definition; manufacturer examples do not validate every associated product, numeric domain or deployment
5411	166	-1	-1	1 relay DIN actuator 16 A	AID	ID	ID	1	d66eff42e2bf74999b785163d6d3e22c469bd008a2e33938236006010177522e	********=AID	excluded-as-physical-position	device-model/configurators.md#configuration-modes	Software/identity/function metadata; idx=-1 alone does not prove a socket
966	167	-1	-1	1 relay DIN actuator 16 A 100/240 V	A	A	Enviroment	1	c8be9dca9af0504b8d0e4080aad6982604cc898af05a2e3a7583ec00bd9e8035		corroborates-contextual-vocabulary	device-model/configurators.md#positions-and-functions	Catalogue field/name scoped to this definition; manufacturer examples do not validate every associated product, numeric domain or deployment
967	167	-1	-1	1 relay DIN actuator 16 A 100/240 V	PL	PL	Light Point	1	f68fb351da02cd17cb0f67e94b23a40fd10f0bbce230755020cf0fbc8d3b31bf		corroborates-contextual-vocabulary	device-model/configurators.md#positions-and-functions	Catalogue field/name scoped to this definition; manufacturer examples do not validate every associated product, numeric domain or deployment
968	167	-1	-1	1 relay DIN actuator 16 A 100/240 V	G1	G1	G1 - (0-9)	1	afa814479180cd034a1a9cc221157ce4f6136904922cd212633d33fdfdd42f79		corroborates-contextual-vocabulary	device-model/configurators.md#positions-and-functions	Catalogue field/name scoped to this definition; manufacturer examples do not validate every associated product, numeric domain or deployment
969	167	-1	-1	1 relay DIN actuator 16 A 100/240 V	G2	G2	G2 - (0-9)	1	4cf0bb46f2ffff965c506dfdc67d3a9bcef1070776d597dc5ba44ff996557e2f		corroborates-contextual-vocabulary	device-model/configurators.md#positions-and-functions	Catalogue field/name scoped to this definition; manufacturer examples do not validate every associated product, numeric domain or deployment
970	167	-1	-1	1 relay DIN actuator 16 A 100/240 V	G3	G3	G3 - (0-9)	1	db9f53b27e65d1a99b01195fc2a7ff6ed32daeb36b7355daaf084c113d065e6a		corroborates-contextual-vocabulary	device-model/configurators.md#positions-and-functions	Catalogue field/name scoped to this definition; manufacturer examples do not validate every associated product, numeric domain or deployment
971	167	-1	-1	1 relay DIN actuator 16 A 100/240 V	M	M	Mode 0-4	1	8d55b398ba0473a8ab35e79d4dd7b1251efbce1add1e6bdbf9a46d9ef193f684		corroborates-contextual-vocabulary	device-model/configurators.md#positions-and-functions	Catalogue field/name scoped to this definition; manufacturer examples do not validate every associated product, numeric domain or deployment
5412	167	-1	-1	1 relay DIN actuator 16 A 100/240 V	AID	ID	ID	1	0c01cd9516220673cd670399b2c0a5646bf0343148890fbbb41c352ecc3a8e9b	********=AID	excluded-as-physical-position	device-model/configurators.md#configuration-modes	Software/identity/function metadata; idx=-1 alone does not prove a socket
972	168	-1	-1	2 relay DIN actuator 16 A 100/240 V	A	A	Enviroment	1	e1b30db2d6666d22a8194bf36939bf864d3d8381218966daf6bdabf0cf5180b7		corroborates-contextual-vocabulary	device-model/configurators.md#positions-and-functions	Catalogue field/name scoped to this definition; manufacturer examples do not validate every associated product, numeric domain or deployment
973	168	-1	-1	2 relay DIN actuator 16 A 100/240 V	PL1	PL1	PL1 - (0-9)	1	0b87ad395684c714fbc996bfedfba318de4ae28b3f779bb8156991e82cab8030		corroborates-contextual-vocabulary	device-model/configurators.md#positions-and-functions	Catalogue field/name scoped to this definition; manufacturer examples do not validate every associated product, numeric domain or deployment
974	168	-1	-1	2 relay DIN actuator 16 A 100/240 V	G1	G1	G1 - (0-9)	1	7dda5e2bb1ae41b87123f28d48d1d38996a834f1ae4ed09bbe36019a53ebbf91		corroborates-contextual-vocabulary	device-model/configurators.md#positions-and-functions	Catalogue field/name scoped to this definition; manufacturer examples do not validate every associated product, numeric domain or deployment
975	168	-1	-1	2 relay DIN actuator 16 A 100/240 V	PL2	PL2	PL2 - (0-9)	1	b19ccaeac14c16fab2bdceb49521f5466f4da25449464658175c137ca382b732		corroborates-contextual-vocabulary	device-model/configurators.md#positions-and-functions	Catalogue field/name scoped to this definition; manufacturer examples do not validate every associated product, numeric domain or deployment
976	168	-1	-1	2 relay DIN actuator 16 A 100/240 V	G2	G2	G2 - (0-9)	1	b46560db024ebbc503a9791532aa2422d8ce44d2b8f1ab77d044bceef35bb30f		corroborates-contextual-vocabulary	device-model/configurators.md#positions-and-functions	Catalogue field/name scoped to this definition; manufacturer examples do not validate every associated product, numeric domain or deployment
977	168	-1	-1	2 relay DIN actuator 16 A 100/240 V	M	M	Mode 0-4	1	a4043ffac0fa20f8b1827d0114d7a626e156730c9237d1c096a0f6a1a3a060ab		corroborates-contextual-vocabulary	device-model/configurators.md#positions-and-functions	Catalogue field/name scoped to this definition; manufacturer examples do not validate every associated product, numeric domain or deployment
5413	168	-1	-1	2 relay DIN actuator 16 A 100/240 V	AID	ID	ID	1	c611826f2688203216cd88f65b18a4e8bf3b9798f778093d05e1a42681f0e508	********=AID	excluded-as-physical-position	device-model/configurators.md#configuration-modes	Software/identity/function metadata; idx=-1 alone does not prove a socket
978	169	-1	-1	4 relay DIN actuator 16 A 100/240 V	A	A	Enviroment	1	4cf98f03ca2e2cbece98a15716bff7a4f4f072a8c4a857b6a70d6945d7ee9b05		corroborates-contextual-vocabulary	device-model/configurators.md#positions-and-functions	Catalogue field/name scoped to this definition; manufacturer examples do not validate every associated product, numeric domain or deployment
979	169	-1	-1	4 relay DIN actuator 16 A 100/240 V	PL1	PL1	PL1 - (0-9)	1	894d205442a6daf595d6c3f21390c8e4ea644827ed0bbd95668d5418543a6fe5		corroborates-contextual-vocabulary	device-model/configurators.md#positions-and-functions	Catalogue field/name scoped to this definition; manufacturer examples do not validate every associated product, numeric domain or deployment
980	169	-1	-1	4 relay DIN actuator 16 A 100/240 V	PL2	PL2	PL2 - (0-9)	1	cae9f7f8ed04ec963d977e5b9562054aff849bd53ec10f78adf53b11ba64f946		corroborates-contextual-vocabulary	device-model/configurators.md#positions-and-functions	Catalogue field/name scoped to this definition; manufacturer examples do not validate every associated product, numeric domain or deployment
981	169	-1	-1	4 relay DIN actuator 16 A 100/240 V	PL3	PL3	PL3 - (0-9)	1	dd7e0e674b64ed780a409a67c6f5e47febbbc90f9bd7c519789d0d8b42748bbf		corroborates-contextual-vocabulary	device-model/configurators.md#positions-and-functions	Catalogue field/name scoped to this definition; manufacturer examples do not validate every associated product, numeric domain or deployment
982	169	-1	-1	4 relay DIN actuator 16 A 100/240 V	PL4	PL4	PL4 - (0-9)	1	ce68cf083cc071d4613598db8d75f9263523c077f5ed032d23d9a4a7736945ce		corroborates-contextual-vocabulary	device-model/configurators.md#positions-and-functions	Catalogue field/name scoped to this definition; manufacturer examples do not validate every associated product, numeric domain or deployment
984	169	-1	-1	4 relay DIN actuator 16 A 100/240 V	M	M	Mode (0-4, Pul)	7	f36c955317a44c21c7862c24b4c05ccb1286da70444cc136ee799c16177c8c2a	15=PUL	corroborates-contextual-vocabulary	device-model/configurators.md#positions-and-functions	Catalogue field/name scoped to this definition; manufacturer examples do not validate every associated product, numeric domain or deployment
5414	169	-1	-1	4 relay DIN actuator 16 A 100/240 V	AID	ID	ID	1	5f4e3eea6fef49792a49cea6d5ecb338f508137e3ba02045452a41e82cc1a634	********=AID	excluded-as-physical-position	device-model/configurators.md#configuration-modes	Software/identity/function metadata; idx=-1 alone does not prove a socket
985	170	-1	-1	1 relay DIN NC actuator 16 A	A	A	Enviroment	1	e98370a38a2b78e5f448290352c86cf2a091820d73b5f1698cd9fdda407e908b		corroborates-contextual-vocabulary	device-model/configurators.md#positions-and-functions	Catalogue field/name scoped to this definition; manufacturer examples do not validate every associated product, numeric domain or deployment
986	170	-1	-1	1 relay DIN NC actuator 16 A	PL	PL	Light Point	1	686f1b3f05fc0e2698610fbd7b9dd73739870e32c424fde0975e12c47fb3d534		corroborates-contextual-vocabulary	device-model/configurators.md#positions-and-functions	Catalogue field/name scoped to this definition; manufacturer examples do not validate every associated product, numeric domain or deployment
987	170	-1	-1	1 relay DIN NC actuator 16 A	G1	G1	G1 - (0-9)	1	ccf887d883b096cb746b8c51c4f2f8b7485f24e47afc52b71f395b8860c1e12e		corroborates-contextual-vocabulary	device-model/configurators.md#positions-and-functions	Catalogue field/name scoped to this definition; manufacturer examples do not validate every associated product, numeric domain or deployment
988	170	-1	-1	1 relay DIN NC actuator 16 A	G2	G2	G2 - (0-9)	1	9e18ab9b2a199223044bd9fa54ad91d99d6647e822a9d16cee9f6dff933aa6c4		corroborates-contextual-vocabulary	device-model/configurators.md#positions-and-functions	Catalogue field/name scoped to this definition; manufacturer examples do not validate every associated product, numeric domain or deployment
989	170	-1	-1	1 relay DIN NC actuator 16 A	G3	G3	G3 - (0-9)	1	0fb0b0340443e00efcfbcbd5e1005c9f42f7c2b8495e07257877c3a6a0e4ad8e		corroborates-contextual-vocabulary	device-model/configurators.md#positions-and-functions	Catalogue field/name scoped to this definition; manufacturer examples do not validate every associated product, numeric domain or deployment
990	170	-1	-1	1 relay DIN NC actuator 16 A	M	M	Mode (0-4, Pul)	7	24de337ed310fa236fa9cf1616f30bed7b321f112e851b62cec4bce3d2cc4e98	15=PUL	corroborates-contextual-vocabulary	device-model/configurators.md#positions-and-functions	Catalogue field/name scoped to this definition; manufacturer examples do not validate every associated product, numeric domain or deployment
5415	170	-1	-1	1 relay DIN NC actuator 16 A	AID	ID	ID	1	b0ad7aff5a4f02ae6ef3d19de8e89d86b8f56d0266d1ecb348360067ffd3b605	********=AID	excluded-as-physical-position	device-model/configurators.md#configuration-modes	Software/identity/function metadata; idx=-1 alone does not prove a socket
991	171	-1	-1	Actuator with 1 relay DIN	A	A	Enviroment	1	ed943cdf92cb9a11bc60092985c566d3cced759732c36744c77ca55fc9bd6df7		corroborates-contextual-vocabulary	device-model/configurators.md#positions-and-functions	Catalogue field/name scoped to this definition; manufacturer examples do not validate every associated product, numeric domain or deployment
992	171	-1	-1	Actuator with 1 relay DIN	PL	PL	Light Point	1	12e53a0ae9deafd29756c703a672004ea13bba87b19afb683b2daec5c678ed94		corroborates-contextual-vocabulary	device-model/configurators.md#positions-and-functions	Catalogue field/name scoped to this definition; manufacturer examples do not validate every associated product, numeric domain or deployment
993	171	-1	-1	Actuator with 1 relay DIN	M	M	Mode (1-4, Pul, Sla)	8	4de9db0197d5836615a453faee9b776d7a70ec21b2fd74e63b130ce2482d18f4	11=SLA;15=PUL	corroborates-contextual-vocabulary	device-model/configurators.md#positions-and-functions	Catalogue field/name scoped to this definition; manufacturer examples do not validate every associated product, numeric domain or deployment
994	171	-1	-1	Actuator with 1 relay DIN	G1	G1	G1 - (0-9)	1	49a5e2ebbdeb67b6dfb1926a39b2ac3a69df15645b05fcda298bf0ae389dfd8f		corroborates-contextual-vocabulary	device-model/configurators.md#positions-and-functions	Catalogue field/name scoped to this definition; manufacturer examples do not validate every associated product, numeric domain or deployment
995	171	-1	-1	Actuator with 1 relay DIN	G2	G2	G2 - (0-9)	1	81cbbebfac586cff2200150bed8b13f2373878a81912d365eaa63c498c77c663		corroborates-contextual-vocabulary	device-model/configurators.md#positions-and-functions	Catalogue field/name scoped to this definition; manufacturer examples do not validate every associated product, numeric domain or deployment
996	171	-1	-1	Actuator with 1 relay DIN	G3	G3	G3 - (0-9)	1	614b561bcc0b62bb3cf23716b9f8aaed888af8562de764afdd72126cd39c96a8		corroborates-contextual-vocabulary	device-model/configurators.md#positions-and-functions	Catalogue field/name scoped to this definition; manufacturer examples do not validate every associated product, numeric domain or deployment
5416	171	-1	-1	Actuator with 1 relay DIN	AID	ID	ID	1	ab61922256ab1903e5791a67ff9634acf4b0bf9af594c374e2be1b7391ffdd54	********=AID	excluded-as-physical-position	device-model/configurators.md#configuration-modes	Software/identity/function metadata; idx=-1 alone does not prove a socket
997	172	-1	-1	Actuator 1 relay fluorescent lamps 2 DIN	A	A	Enviroment	1	da8554f194817431bc48714a9b0fa2908c3c387f2f14ba27058c7b29b0cd72e8		corroborates-contextual-vocabulary	device-model/configurators.md#positions-and-functions	Catalogue field/name scoped to this definition; manufacturer examples do not validate every associated product, numeric domain or deployment
998	172	-1	-1	Actuator 1 relay fluorescent lamps 2 DIN	PL	PL	Light Point	1	94f856329c8f8b1afe1e1fbc6953c35ce8ecf5a53dc6d27655c56713f45a544e		corroborates-contextual-vocabulary	device-model/configurators.md#positions-and-functions	Catalogue field/name scoped to this definition; manufacturer examples do not validate every associated product, numeric domain or deployment
999	172	-1	-1	Actuator 1 relay fluorescent lamps 2 DIN	M	M	Mode (1-4, Pul, Sla)	7	d8dcea3cb845644b2c9fcfc5c358a361ab85b48ff0a54ad665d448ad2e2307d6	11=SLA;15=PUL	corroborates-contextual-vocabulary	device-model/configurators.md#positions-and-functions	Catalogue field/name scoped to this definition; manufacturer examples do not validate every associated product, numeric domain or deployment
1000	172	-1	-1	Actuator 1 relay fluorescent lamps 2 DIN	G1	G1	G1 - (0-9)	1	fe1e9d06ab21af8d422327e6676530573a7889e53158095e3cafc6ccae5c677e		corroborates-contextual-vocabulary	device-model/configurators.md#positions-and-functions	Catalogue field/name scoped to this definition; manufacturer examples do not validate every associated product, numeric domain or deployment
1001	172	-1	-1	Actuator 1 relay fluorescent lamps 2 DIN	G2	G2	G2 - (0-9)	1	b5849009f692c2c5428e8afb06b381d65386f66bb68ea86fcb3b60bce4a7843b		corroborates-contextual-vocabulary	device-model/configurators.md#positions-and-functions	Catalogue field/name scoped to this definition; manufacturer examples do not validate every associated product, numeric domain or deployment
1002	172	-1	-1	Actuator 1 relay fluorescent lamps 2 DIN	G3	G3	G3 - (0-9)	1	6b68ab9f1d4cfef73d02dbfaff3f93ca1643530606e615084c8691826757f81b		corroborates-contextual-vocabulary	device-model/configurators.md#positions-and-functions	Catalogue field/name scoped to this definition; manufacturer examples do not validate every associated product, numeric domain or deployment
5417	172	-1	-1	Actuator 1 relay fluorescent lamps 2 DIN	AID	ID	ID	1	e40e046f8d8f10b976d2c94ea8584f4ebdd92766e56583fb2fb1e945909cfe11	********=AID	excluded-as-physical-position	device-model/configurators.md#configuration-modes	Software/identity/function metadata; idx=-1 alone does not prove a socket
1003	173	-1	-1	2 relays DIN NC actuator 10 A	A	A	Enviroment	1	5e278af87910dc682b020ccfad60e97308407e1cc0f9834ffb6e6b7f430a2706		corroborates-contextual-vocabulary	device-model/configurators.md#positions-and-functions	Catalogue field/name scoped to this definition; manufacturer examples do not validate every associated product, numeric domain or deployment
1004	173	-1	-1	2 relays DIN NC actuator 10 A	PL1	PL1	PL1 - (0-9)	1	4a0e629a80e3bcc2d689bcf0a4c51b503981d56ace861125b3298edc474eda36		corroborates-contextual-vocabulary	device-model/configurators.md#positions-and-functions	Catalogue field/name scoped to this definition; manufacturer examples do not validate every associated product, numeric domain or deployment
1005	173	-1	-1	2 relays DIN NC actuator 10 A	PL2	PL2	PL2 - (0-9)	1	4129c02a3086f05cc4c251ece70d11e9a6cc4f13504cb4886c85e595e0951589		corroborates-contextual-vocabulary	device-model/configurators.md#positions-and-functions	Catalogue field/name scoped to this definition; manufacturer examples do not validate every associated product, numeric domain or deployment
1006	173	-1	-1	2 relays DIN NC actuator 10 A	G1	G1	G1 - (0-9)	1	2b3c31a44be8826f2f65dd4aa046a90b2c58db50eee876101a9d7ca89705ca49		corroborates-contextual-vocabulary	device-model/configurators.md#positions-and-functions	Catalogue field/name scoped to this definition; manufacturer examples do not validate every associated product, numeric domain or deployment
1007	173	-1	-1	2 relays DIN NC actuator 10 A	M	M	Mode (0-4, Pul)	7	25c0a2a7f69f9c7c10cbec13f23ad1301d3af6399d8e2673afb39e3add55fcd6	15=PUL	corroborates-contextual-vocabulary	device-model/configurators.md#positions-and-functions	Catalogue field/name scoped to this definition; manufacturer examples do not validate every associated product, numeric domain or deployment
5418	173	-1	-1	2 relays DIN NC actuator 10 A	AID	ID	ID	1	043eda800353f0606a8e5a1a66a00b78736c898141d635906b3e3b79a4ffb785	********=AID	excluded-as-physical-position	device-model/configurators.md#configuration-modes	Software/identity/function metadata; idx=-1 alone does not prove a socket
1008	174	-1	-1	Ballast DIN dimmer 1-10 V	A	A	Enviroment	1	021b191ac3f6fb59f1788bfb1695ef5752b1daef589c6c853b7c1f7d29da891f		corroborates-contextual-vocabulary	device-model/configurators.md#positions-and-functions	Catalogue field/name scoped to this definition; manufacturer examples do not validate every associated product, numeric domain or deployment
1009	174	-1	-1	Ballast DIN dimmer 1-10 V	PL	PL	Light Point	1	d4a57994d293287ce0128f0ec2eadb801c77e090a7e0e917181c324f002e3a4e		corroborates-contextual-vocabulary	device-model/configurators.md#positions-and-functions	Catalogue field/name scoped to this definition; manufacturer examples do not validate every associated product, numeric domain or deployment
1010	174	-1	-1	Ballast DIN dimmer 1-10 V	M	M	Mode (1-4, Pul, Sla)	8	f6f9201c591e5bf5399727ae3ba3e7c926892714db74a00cbec953128435faeb	11=SLA;15=PUL	corroborates-contextual-vocabulary	device-model/configurators.md#positions-and-functions	Catalogue field/name scoped to this definition; manufacturer examples do not validate every associated product, numeric domain or deployment
1011	174	-1	-1	Ballast DIN dimmer 1-10 V	G1	G1	G1 - (0-9)	1	3d66228539717e12448510b09741a061b9b01050a8df6b6452747339405ffc0a		corroborates-contextual-vocabulary	device-model/configurators.md#positions-and-functions	Catalogue field/name scoped to this definition; manufacturer examples do not validate every associated product, numeric domain or deployment
5419	174	-1	-1	Ballast DIN dimmer 1-10 V	AID	ID	ID	1	defa241bcf1b200c3f1ae0d863484bf07171a2b95918dcc87d49b7e35646cee7	********=AID	excluded-as-physical-position	device-model/configurators.md#configuration-modes	Software/identity/function metadata; idx=-1 alone does not prove a socket
1015	175	-1	-1	Ballast DIN dimmer 1-10 V	A	A	Enviroment	1	f83f0ece1f5708a67077d35f6c8a3004f247c1b67904b0a81fdd0cee6b5a9464		corroborates-contextual-vocabulary	device-model/configurators.md#positions-and-functions	Catalogue field/name scoped to this definition; manufacturer examples do not validate every associated product, numeric domain or deployment
1016	175	-1	-1	Ballast DIN dimmer 1-10 V	PL	PL	Light Point	1	6ff01cee95987c55549ebc3b2c10621d42634cc9f68ec56ff684d230b4d37152		corroborates-contextual-vocabulary	device-model/configurators.md#positions-and-functions	Catalogue field/name scoped to this definition; manufacturer examples do not validate every associated product, numeric domain or deployment
1017	175	-1	-1	Ballast DIN dimmer 1-10 V	M	M	Mode (1-4, Pul, Sla)	8	d22cd68e6844f0c3e3a76f33647e7e7492915a1a48652c1a92f15a3700f53112	11=SLA;15=PUL	corroborates-contextual-vocabulary	device-model/configurators.md#positions-and-functions	Catalogue field/name scoped to this definition; manufacturer examples do not validate every associated product, numeric domain or deployment
1018	175	-1	-1	Ballast DIN dimmer 1-10 V	G1	G1	G1 - (0-9)	1	f69069cb9a447fdaf9fab30f52fa89f1f870e3551d4edc8c32b7334aebf48c0f		corroborates-contextual-vocabulary	device-model/configurators.md#positions-and-functions	Catalogue field/name scoped to this definition; manufacturer examples do not validate every associated product, numeric domain or deployment
1019	175	-1	-1	Ballast DIN dimmer 1-10 V	L	L	Dimmer L	1	fd28a378799ea67583d276700d57f9b963569376a04cbb0702bd4415ec358adc		corroborates-contextual-vocabulary	device-model/configurators.md#system-specific-positions	Catalogue field/name scoped to this definition; manufacturer examples do not validate every associated product, numeric domain or deployment
3314	175	-1	-1	Ballast DIN dimmer 1-10 V	TY	TY		3	d47c670e923a25299394fd208885955db224621191d5667e4f4dd6b0f13a2cf7		corroborates-contextual-vocabulary	device-model/configurators.md#positions-and-functions	Catalogue field/name scoped to this definition; manufacturer examples do not validate every associated product, numeric domain or deployment
5420	175	-1	-1	Ballast DIN dimmer 1-10 V	AID	ID	ID	1	eafdafc111e39e25aa2ec15bb2231ec25142aeca40eb9d6f7c6356e74484b42b	********=AID	excluded-as-physical-position	device-model/configurators.md#configuration-modes	Software/identity/function metadata; idx=-1 alone does not prove a socket
1020	176	-1	-1	DIN dimmer 1000 W	A	A	Enviroment	1	b14a3ea300152ac181fe1708ce312afb87a65b815124ae204df98bdb173e1b19		corroborates-contextual-vocabulary	device-model/configurators.md#positions-and-functions	Catalogue field/name scoped to this definition; manufacturer examples do not validate every associated product, numeric domain or deployment
1021	176	-1	-1	DIN dimmer 1000 W	PL	PL	Light Point	1	eabf8f34f2187faeb046e110267f6119a334a12e3ad704817cb54293e7b789b3		corroborates-contextual-vocabulary	device-model/configurators.md#positions-and-functions	Catalogue field/name scoped to this definition; manufacturer examples do not validate every associated product, numeric domain or deployment
1022	176	-1	-1	DIN dimmer 1000 W	G1	G1	G1 - (0-9)	1	0ba318d2bf2c29497c4ba2fe508da3da19bbf7cbd651ca8b7879a621e778d562		corroborates-contextual-vocabulary	device-model/configurators.md#positions-and-functions	Catalogue field/name scoped to this definition; manufacturer examples do not validate every associated product, numeric domain or deployment
1024	176	-1	-1	DIN dimmer 1000 W	M	M	Mode (0-4, Pul, Sla)	8	46b6fc4ff99434f73f262f93339ebf7f35f6426853fed1a59c7d08d367b6d07f	11=SLA;15=PUL	corroborates-contextual-vocabulary	device-model/configurators.md#positions-and-functions	Catalogue field/name scoped to this definition; manufacturer examples do not validate every associated product, numeric domain or deployment
5421	176	-1	-1	DIN dimmer 1000 W	AID	ID	ID	1	9dd15588148254b8087ecc5dd06476f0e67b7a821f773321b98956999909c0a4	********=AID	excluded-as-physical-position	device-model/configurators.md#configuration-modes	Software/identity/function metadata; idx=-1 alone does not prove a socket
1025	177	-1	-1	DIN dimmer 1000 VA 127 V	A	A	Enviroment	1	37dd5fd981b0c9a60173192a9244d43c93e8f9f72be067394dfe05ff67b7988e		corroborates-contextual-vocabulary	device-model/configurators.md#positions-and-functions	Catalogue field/name scoped to this definition; manufacturer examples do not validate every associated product, numeric domain or deployment
1026	177	-1	-1	DIN dimmer 1000 VA 127 V	PL	PL	Light Point	1	88d09e24c8ddf818b0035560905d1eb1c3c16a33980ae84afde56eb18da5215f		corroborates-contextual-vocabulary	device-model/configurators.md#positions-and-functions	Catalogue field/name scoped to this definition; manufacturer examples do not validate every associated product, numeric domain or deployment
1027	177	-1	-1	DIN dimmer 1000 VA 127 V	G1	G1	G1 - (0-9)	1	d059745fa9fc79ff95a54b2d93b5b3c84de2284898fdac7198883a4544687df5		corroborates-contextual-vocabulary	device-model/configurators.md#positions-and-functions	Catalogue field/name scoped to this definition; manufacturer examples do not validate every associated product, numeric domain or deployment
1028	177	-1	-1	DIN dimmer 1000 VA 127 V	M	M	Mode (0-4, Pul, Sla)	6	cee96ddb4238a1dcca742493882cf6c6b4fcbdbd385bf27917b97ac9e860747b	11=SLA;15=PUL	corroborates-contextual-vocabulary	device-model/configurators.md#positions-and-functions	Catalogue field/name scoped to this definition; manufacturer examples do not validate every associated product, numeric domain or deployment
5422	177	-1	-1	DIN dimmer 1000 VA 127 V	AID	ID	ID	1	0da4257c9aaf7e267a1c914cdc73ec21d1292b9b7816466c9e049cf6da4b83a3	********=AID	excluded-as-physical-position	device-model/configurators.md#configuration-modes	Software/identity/function metadata; idx=-1 alone does not prove a socket
1029	178	-1	-1	DIN dimmer 1000 VA	M	M	Mode 0-4	1	021813145a0972049ad89b70f23e1e4289e209b921ffe52276f909083752491b		corroborates-contextual-vocabulary	device-model/configurators.md#positions-and-functions	Catalogue field/name scoped to this definition; manufacturer examples do not validate every associated product, numeric domain or deployment
1030	178	-1	-1	DIN dimmer 1000 VA	A	A	Enviroment	1	20eca677ca5bab0ddae93c032bc00d66c3eb4ebafdc420aa08ccd3732f71a7b9		corroborates-contextual-vocabulary	device-model/configurators.md#positions-and-functions	Catalogue field/name scoped to this definition; manufacturer examples do not validate every associated product, numeric domain or deployment
1031	178	-1	-1	DIN dimmer 1000 VA	PL	PL	Light Point	1	a405383510720cd81680ec8e9c2ba8e4efe841a1b504b8e14e721d16673873c7		corroborates-contextual-vocabulary	device-model/configurators.md#positions-and-functions	Catalogue field/name scoped to this definition; manufacturer examples do not validate every associated product, numeric domain or deployment
1032	178	-1	-1	DIN dimmer 1000 VA	G1	G1	G1 - (0-9)	1	b83abdae976042145780a3887fc46d44470f98e96a817ea8a6447384c14c6d43		corroborates-contextual-vocabulary	device-model/configurators.md#positions-and-functions	Catalogue field/name scoped to this definition; manufacturer examples do not validate every associated product, numeric domain or deployment
1033	178	-1	-1	DIN dimmer 1000 VA	G2	G2	G2 - (0-9)	1	16c3ef792cba8c0d22049554a1b579136192a6e2bf0fb2455633d8c85fed5a23		corroborates-contextual-vocabulary	device-model/configurators.md#positions-and-functions	Catalogue field/name scoped to this definition; manufacturer examples do not validate every associated product, numeric domain or deployment
1034	178	-1	-1	DIN dimmer 1000 VA	G3	G3	G3 - (0-9)	1	7f4407fa154233b83c616041b35b09e41dd37061302e86f140ca5cebaa2cfd55		corroborates-contextual-vocabulary	device-model/configurators.md#positions-and-functions	Catalogue field/name scoped to this definition; manufacturer examples do not validate every associated product, numeric domain or deployment
5423	178	-1	-1	DIN dimmer 1000 VA	AID	ID	ID	1	83edcd564c12e127a3acfb87d178766451d453e7051a25261b31efd8035848e6	********=AID	excluded-as-physical-position	device-model/configurators.md#configuration-modes	Software/identity/function metadata; idx=-1 alone does not prove a socket
1035	179	-1	-1	DIN dimmer 2 x 400 VA	G2	G2	G2 - (0-9)	1	5d9b119ab30fd852ad39022e64f8a7a6fa5add3a72d890f1f53f424c2559db0e		corroborates-contextual-vocabulary	device-model/configurators.md#positions-and-functions	Catalogue field/name scoped to this definition; manufacturer examples do not validate every associated product, numeric domain or deployment
1036	179	-1	-1	DIN dimmer 2 x 400 VA	G1	G1	G1 - (0-9)	1	cd6749ce12214754798b73ec89ccb077dca9a41ea0fdfb419442df6c211d381b		corroborates-contextual-vocabulary	device-model/configurators.md#positions-and-functions	Catalogue field/name scoped to this definition; manufacturer examples do not validate every associated product, numeric domain or deployment
1037	179	-1	-1	DIN dimmer 2 x 400 VA	M	M	Mode 0-4	1	83a31c39326bb6925b880f8c32acc8f20e3103204cba92ccf62532453824346f		corroborates-contextual-vocabulary	device-model/configurators.md#positions-and-functions	Catalogue field/name scoped to this definition; manufacturer examples do not validate every associated product, numeric domain or deployment
1038	179	-1	-1	DIN dimmer 2 x 400 VA	PL2	PL2	PL2 - (0-9)	1	96ad3c7eb626a675095ae1daaf31fb4780a094c8730a4a953ed522a2f0bf1141		corroborates-contextual-vocabulary	device-model/configurators.md#positions-and-functions	Catalogue field/name scoped to this definition; manufacturer examples do not validate every associated product, numeric domain or deployment
1039	179	-1	-1	DIN dimmer 2 x 400 VA	PL1	PL1	PL1 - (0-9)	1	240c597df86fa6ba32c38747499a26fe89c7a583203e260fc556c2092c3ffcf1		corroborates-contextual-vocabulary	device-model/configurators.md#positions-and-functions	Catalogue field/name scoped to this definition; manufacturer examples do not validate every associated product, numeric domain or deployment
1040	179	-1	-1	DIN dimmer 2 x 400 VA	A	A	Enviroment	1	bcd717fbcd793c651a73f1c2edc36bce79042e12be91b1f805ee14e4a58a30ca		corroborates-contextual-vocabulary	device-model/configurators.md#positions-and-functions	Catalogue field/name scoped to this definition; manufacturer examples do not validate every associated product, numeric domain or deployment
5424	179	-1	-1	DIN dimmer 2 x 400 VA	AID	ID	ID	1	0edf5fabc65bc330244e7d9ceeb4884c3657ab21fb545c88e1a82517a5a932b7	********=AID	excluded-as-physical-position	device-model/configurators.md#configuration-modes	Software/identity/function metadata; idx=-1 alone does not prove a socket
1047	180	-1	-1	SCS/DALI gateway	A	A	Enviroment	1	ca2edb9a767db4e0d4f41be421e4bf9de6d62e4fc79a2422ddfd8c959e53807e		corroborates-contextual-vocabulary	device-model/configurators.md#positions-and-functions	Catalogue field/name scoped to this definition; manufacturer examples do not validate every associated product, numeric domain or deployment
4066	180	-1	-1	SCS/DALI gateway	G	G (0-9)		1	ae22127d4568a82f312a6859fa4c31dd358f915185b9311ae37a7499577ebfeb		corroborates-contextual-vocabulary	device-model/configurators.md#positions-and-functions	Catalogue field/name scoped to this definition; manufacturer examples do not validate every associated product, numeric domain or deployment
4067	180	-1	-1	SCS/DALI gateway	M	Mode (0-4, sla, pul)		8	7c07695a4f34c9adc2c2f90e19ffddabe196bf427523a298cc368e0d5a3c50ac	11=SLA;15=PUL	corroborates-contextual-vocabulary	device-model/configurators.md#positions-and-functions	Catalogue field/name scoped to this definition; manufacturer examples do not validate every associated product, numeric domain or deployment
5425	180	-1	-1	SCS/DALI gateway	AID	ID	ID	1	73da1197d9a4280db199bf3188aaba56f54b703a8e68b96b1ae9e3e7ca32e0c1	********=AID	excluded-as-physical-position	device-model/configurators.md#configuration-modes	Software/identity/function metadata; idx=-1 alone does not prove a socket
1064	181	-1	-1	DIN dimmer 400 VA	A	A	Enviroment	1	503798f505aca151d074f2ce17f1e4e8649b2e17492d67ce13fd3da5078397b5		corroborates-contextual-vocabulary	device-model/configurators.md#positions-and-functions	Catalogue field/name scoped to this definition; manufacturer examples do not validate every associated product, numeric domain or deployment
1065	181	-1	-1	DIN dimmer 400 VA	PL	PL	Light Point	1	8ef6d90f701cb185190df7d6be6d6e84e95b35294ade210841d0b23a6e4a8bf2		corroborates-contextual-vocabulary	device-model/configurators.md#positions-and-functions	Catalogue field/name scoped to this definition; manufacturer examples do not validate every associated product, numeric domain or deployment
1066	181	-1	-1	DIN dimmer 400 VA	G1	G1	G1 - (0-9)	1	5a2a8a9121bb30ece377e7b3e240e27edd7e4252d9a3feaa532ac3295c60a65c		corroborates-contextual-vocabulary	device-model/configurators.md#positions-and-functions	Catalogue field/name scoped to this definition; manufacturer examples do not validate every associated product, numeric domain or deployment
1067	181	-1	-1	DIN dimmer 400 VA	M	M	Mode (0-4, Pul, Sla)	8	edc7e6af7282c6d2c7197768b34980365e34e2e04d2b5faf73884ce59f943f00	11=SLA;15=PUL	corroborates-contextual-vocabulary	device-model/configurators.md#positions-and-functions	Catalogue field/name scoped to this definition; manufacturer examples do not validate every associated product, numeric domain or deployment
5426	181	-1	-1	DIN dimmer 400 VA	AID	ID	ID	1	bff0ca70062203a6c84f86429d520a8508aec39a171ebad1578991425f87c1f7	********=AID	excluded-as-physical-position	device-model/configurators.md#configuration-modes	Software/identity/function metadata; idx=-1 alone does not prove a socket
1231	184	6	0	Probe with regulation	ZA	ZA	ZA thermo zone address	1	8df3edc0742203e4bf00c186281ce3670f748869810a5970815d2e64ee30de6c		corroborates-contextual-vocabulary	device-model/configurators.md#system-specific-positions	Catalogue field/name scoped to this definition; manufacturer examples do not validate every associated product, numeric domain or deployment
1232	184	6	0	Probe with regulation	ZB	ZB	ZB thermo zone address	1	af8f664e3f4c2b6b4f4d5d5fe8b1365ad5fe593fddf8ba017e98c4dd14ce3f73		corroborates-contextual-vocabulary	device-model/configurators.md#system-specific-positions	Catalogue field/name scoped to this definition; manufacturer examples do not validate every associated product, numeric domain or deployment
1233	184	6	0	Probe with regulation	SLA	SLA	Thermoregulation slave probe	1	5a98d31fc5e7fe57426f9c7e375af20dd9000abb246f925b88c641e9a41a2f44		corroborates-contextual-vocabulary	device-model/configurators.md#system-specific-positions	Catalogue field/name scoped to this definition; manufacturer examples do not validate every associated product, numeric domain or deployment
5427	184	6	0	Probe with regulation	AID	ID	ID	1	7a798cccb05dec0407e8cbe25d9b1281bfe211629bfd435aecce35ad38c36aa1	********=AID	excluded-as-physical-position	device-model/configurators.md#configuration-modes	Software/identity/function metadata; idx=-1 alone does not prove a socket
1236	185	6	0	Fan-coil probe	ZA	ZA	ZA thermo zone address	1	e30ae8de2fd7f4b03862b29014df14f9452a7f0d2a9c5733a7f8e95b95090425		corroborates-contextual-vocabulary	device-model/configurators.md#system-specific-positions	Catalogue field/name scoped to this definition; manufacturer examples do not validate every associated product, numeric domain or deployment
1237	185	6	0	Fan-coil probe	ZB	ZB	ZB thermo zone address	1	6880744bb3326cb771cc970cbe3ded177cb8fea1d2d45927f1f15c4d4c755e15		corroborates-contextual-vocabulary	device-model/configurators.md#system-specific-positions	Catalogue field/name scoped to this definition; manufacturer examples do not validate every associated product, numeric domain or deployment
1238	185	6	0	Fan-coil probe	SLA	SLA	Thermoregulation slave probe	1	3b8ac4d1e43e26edc5f39d26dad1cff8ee3931c4620a79ab071e33dfc5e0bb43		corroborates-contextual-vocabulary	device-model/configurators.md#system-specific-positions	Catalogue field/name scoped to this definition; manufacturer examples do not validate every associated product, numeric domain or deployment
5428	185	6	0	Fan-coil probe	AID	ID	ID	1	291408724b0eece7d7e986f60cfd5fd7d4e7369a22d7bdd95480308093739e20	********=AID	excluded-as-physical-position	device-model/configurators.md#configuration-modes	Software/identity/function metadata; idx=-1 alone does not prove a socket
1251	186	-1	-1	Flush mounted actuator 1 relay	A	A	Enviroment	1	757494a89a45bf273886b6e16b36179bb336f58d474998e9130582d053485a32		corroborates-contextual-vocabulary	device-model/configurators.md#positions-and-functions	Catalogue field/name scoped to this definition; manufacturer examples do not validate every associated product, numeric domain or deployment
1252	186	-1	-1	Flush mounted actuator 1 relay	PL	PL	Light Point	1	3a7de35e887ff4b641bcc4d607417af260fee6ead779dbc404ed51e4fa499ea3		corroborates-contextual-vocabulary	device-model/configurators.md#positions-and-functions	Catalogue field/name scoped to this definition; manufacturer examples do not validate every associated product, numeric domain or deployment
1253	186	-1	-1	Flush mounted actuator 1 relay	M	M	Mode (0-4, Pul, Sla, I/O)	8	625ca03ef74237ac881100e8190742a44e2739fa0beb1b73de58821a43c9e947	11=SLA;15=PUL;9=O/I	corroborates-contextual-vocabulary	device-model/configurators.md#positions-and-functions	Catalogue field/name scoped to this definition; manufacturer examples do not validate every associated product, numeric domain or deployment
1254	186	-1	-1	Flush mounted actuator 1 relay	G1	G1	G1 - (0-9)	1	2ffbcbfaaf6206e4994307f80200f03e4d29d2102469da6193d0b588d1bad60a		corroborates-contextual-vocabulary	device-model/configurators.md#positions-and-functions	Catalogue field/name scoped to this definition; manufacturer examples do not validate every associated product, numeric domain or deployment
1255	186	-1	-1	Flush mounted actuator 1 relay	G2	G2	G2 - (0-9)	1	0dc33860ef5719ccf89af373f16581a056a1c8b4efb2cda704ca6e3a31a04cd0		corroborates-contextual-vocabulary	device-model/configurators.md#positions-and-functions	Catalogue field/name scoped to this definition; manufacturer examples do not validate every associated product, numeric domain or deployment
5429	186	-1	-1	Flush mounted actuator 1 relay	AID	ID	ID	1	a75be8517c79aa7511faad057bb245f6ea7d97de5f6ed475cb8807dbdce5c045	********=AID	excluded-as-physical-position	device-model/configurators.md#configuration-modes	Software/identity/function metadata; idx=-1 alone does not prove a socket
1256	187	-1	-1	Memory module	A	A	Enviroment	1	706e7f99c96b216cc55155fe1bc9c5b66e792789ec7c6f363d0c50d65fa0a10f		corroborates-contextual-vocabulary	device-model/configurators.md#positions-and-functions	Catalogue field/name scoped to this definition; manufacturer examples do not validate every associated product, numeric domain or deployment
1257	187	-1	-1	Memory module	PL	PL	Light Point	1	1ed1597199977d9b50c603fe150b7cdb675afad6330914c87fc28b2f51d24ca1		corroborates-contextual-vocabulary	device-model/configurators.md#positions-and-functions	Catalogue field/name scoped to this definition; manufacturer examples do not validate every associated product, numeric domain or deployment
5430	187	-1	-1	Memory module	AID	ID	ID	1	514acc7d64cc4329c6df576e8c0ea5841b258ec68a8ba16899702010859afa52	********=AID	excluded-as-physical-position	device-model/configurators.md#configuration-modes	Software/identity/function metadata; idx=-1 alone does not prove a socket
1258	188	-1	-1	Shutter flush mounted actuator	A	A	Enviroment	1	39896c854473589aff826d3f525fbdad264a27e2d64a4d75a854d5fb41d96c13		corroborates-contextual-vocabulary	device-model/configurators.md#positions-and-functions	Catalogue field/name scoped to this definition; manufacturer examples do not validate every associated product, numeric domain or deployment
1259	188	-1	-1	Shutter flush mounted actuator	PL	PL	Light Point	1	5909500eb68b0f166213243ecc6b60cb59d671666c4d39c6e73c477ff1806628		corroborates-contextual-vocabulary	device-model/configurators.md#positions-and-functions	Catalogue field/name scoped to this definition; manufacturer examples do not validate every associated product, numeric domain or deployment
1260	188	-1	-1	Shutter flush mounted actuator	M	M	Mode (0-4, Pul)	7	2463148767c66e733193d8bfee83312f2ace5b385012a5c20f44a9402d4c44a6	15=PUL	corroborates-contextual-vocabulary	device-model/configurators.md#positions-and-functions	Catalogue field/name scoped to this definition; manufacturer examples do not validate every associated product, numeric domain or deployment
1261	188	-1	-1	Shutter flush mounted actuator	G1	G1	G1 - (0-9)	1	c3a4241ea17aa393495822add484e1895f3675c5770c04017cdf7edc56ec1a79		corroborates-contextual-vocabulary	device-model/configurators.md#positions-and-functions	Catalogue field/name scoped to this definition; manufacturer examples do not validate every associated product, numeric domain or deployment
5431	188	-1	-1	Shutter flush mounted actuator	AID	ID	ID	1	bd8629f842e7e668583f2e4850625e5ae8addfb85ba31f7a1d4d053e26f1a41e	********=AID	excluded-as-physical-position	device-model/configurators.md#configuration-modes	Software/identity/function metadata; idx=-1 alone does not prove a socket
1304	189	-1	-1	Dimmer for energy saving lamps bus	A	A	Enviroment (extended)	1	1ebd7893e6ef3ccea4eb0e4a68a9f31c2153b5bad2bf2612184f970a0c2279dd		corroborates-contextual-vocabulary	device-model/configurators.md#positions-and-functions	Catalogue field/name scoped to this definition; manufacturer examples do not validate every associated product, numeric domain or deployment
1305	189	-1	-1	Dimmer for energy saving lamps bus	PL	PL	Light Point	1	2730900ddf29adfdc4a4ba3d7350a83b735ff457bdc136ff98d807fe7f7c1af9		corroborates-contextual-vocabulary	device-model/configurators.md#positions-and-functions	Catalogue field/name scoped to this definition; manufacturer examples do not validate every associated product, numeric domain or deployment
1306	189	-1	-1	Dimmer for energy saving lamps bus	G1	G1	G1 - (0-9)	1	57fe9472e66597bb611b5f6170951b089f3d4c0c9fff52915873e1811bf11f50		corroborates-contextual-vocabulary	device-model/configurators.md#positions-and-functions	Catalogue field/name scoped to this definition; manufacturer examples do not validate every associated product, numeric domain or deployment
1307	189	-1	-1	Dimmer for energy saving lamps bus	M	M	Mode (0-4, Pul, Sla)	8	23871c9bb95af68a601e633f77d72052d31a1d8354feafbeeb8313fc7ba72db5	11=SLA;15=PUL	corroborates-contextual-vocabulary	device-model/configurators.md#positions-and-functions	Catalogue field/name scoped to this definition; manufacturer examples do not validate every associated product, numeric domain or deployment
1310	189	-1	-1	Dimmer for energy saving lamps bus	TY	TY	(LED leading edge: 0) (CFL leading edge: 1) (LED trailing edge: 2) (CFL trailing edge: 3) (Alogen lamp: 4)	6	65b4aa91915c0c25487e3ba58fecd37929ac71d1c32c6ab1d8ddd605a69e9249		corroborates-contextual-vocabulary	device-model/configurators.md#positions-and-functions	Catalogue field/name scoped to this definition; manufacturer examples do not validate every associated product, numeric domain or deployment
1311	189	-1	-1	Dimmer for energy saving lamps bus	MIN	MIN	Minimum level  (Auto: 0) (1%: 1) (5%: 2) (10%: 3) (15%: 4) (20%: 5) (25%: 6) (30%: 7) (35%: 8) (40%: 9)	11	804950227734a330a3cbd5a89c0405f73a5a3d9097f244ac28703ab9e5a8b221		corroborates-contextual-vocabulary	device-model/configurators.md#positions-and-functions	Catalogue field/name scoped to this definition; manufacturer examples do not validate every associated product, numeric domain or deployment
5432	189	-1	-1	Dimmer for energy saving lamps bus	AID	ID	ID	1	7bedba962e2fd68dffe24c73d1fc50d663a5cf1074d399eb43e9b89ada7bac77	********=AID	excluded-as-physical-position	device-model/configurators.md#configuration-modes	Software/identity/function metadata; idx=-1 alone does not prove a socket
1342	191	-1	-1	Shutter actuator DIN 1 motor bus	A	A	Enviroment	1	f09341706a748663ef9fdf9248a74aba4f96dd8c607c973aca0d875053bb5149		corroborates-contextual-vocabulary	device-model/configurators.md#positions-and-functions	Catalogue field/name scoped to this definition; manufacturer examples do not validate every associated product, numeric domain or deployment
1343	191	-1	-1	Shutter actuator DIN 1 motor bus	M	M	MODE	4	ad58a14d7dc330a0ba26bb8665865d9df022bccb32497a86b34c9c39941379e7	11=SLA;15=PUL	corroborates-contextual-vocabulary	device-model/configurators.md#positions-and-functions	Catalogue field/name scoped to this definition; manufacturer examples do not validate every associated product, numeric domain or deployment
1344	191	-1	-1	Shutter actuator DIN 1 motor bus	TYPE	SHUTTER_TYPE	Shutter type	4	0282ec4700cf3e53ae5f7d25aa040c6933b86bcbd9844a5e6f87ed8619b2cdde		corroborates-contextual-vocabulary	device-model/configurators.md#system-specific-positions	Catalogue field/name scoped to this definition; manufacturer examples do not validate every associated product, numeric domain or deployment
1345	191	-1	-1	Shutter actuator DIN 1 motor bus	G1	G1	Group 1	1	5123147c4a5b8eaeef08f7bf2c6cec36d61ff54540fe3f2160bab24a00e9a8d6		corroborates-contextual-vocabulary	device-model/configurators.md#positions-and-functions	Catalogue field/name scoped to this definition; manufacturer examples do not validate every associated product, numeric domain or deployment
1346	191	-1	-1	Shutter actuator DIN 1 motor bus	G2	G2	Group 2	1	948bb72171dad34bf32b39d358e876a016ac52c64c83b814749a100e4c5e357f		corroborates-contextual-vocabulary	device-model/configurators.md#positions-and-functions	Catalogue field/name scoped to this definition; manufacturer examples do not validate every associated product, numeric domain or deployment
2128	191	-1	-1	Shutter actuator DIN 1 motor bus	PL	PL	Light Point	1	f0f03e8877fc89ce375b1aedd3e4ac35dfc721f874e7d9275219a72b790b91a2		corroborates-contextual-vocabulary	device-model/configurators.md#positions-and-functions	Catalogue field/name scoped to this definition; manufacturer examples do not validate every associated product, numeric domain or deployment
5433	191	-1	-1	Shutter actuator DIN 1 motor bus	AID	ID	ID	1	8f51fb5a1c25b075f69d10e8b44560a1f0c449dcf845a7750820bb566aff8586	********=AID	excluded-as-physical-position	device-model/configurators.md#configuration-modes	Software/identity/function metadata; idx=-1 alone does not prove a socket
1347	192	-1	-1	Shutter actuator bus	A	A	Enviroment	1	d76bf04f40a5967eb7b3c60bf11acf730821fe59b5b57289346913dc9a367a4f		corroborates-contextual-vocabulary	device-model/configurators.md#positions-and-functions	Catalogue field/name scoped to this definition; manufacturer examples do not validate every associated product, numeric domain or deployment
1348	192	-1	-1	Shutter actuator bus	G1	G1	Group 1	1	26212b6a93acdbad11640c2e52a5b7f376a1f82e8b585ab6a628550607a68c33		corroborates-contextual-vocabulary	device-model/configurators.md#positions-and-functions	Catalogue field/name scoped to this definition; manufacturer examples do not validate every associated product, numeric domain or deployment
2316	192	-1	-1	Shutter actuator bus	M	M	Mode (SU_GIU, Su_GIU_M, 1,2, PUL, SLA)	8	463804de95794200e87efae61ff8d2bddf5ad960771053d64dcec4329106446a	12=UP/DOWN;13=UP/DOWN monostable;15=PUL;11=SLA	corroborates-contextual-vocabulary	device-model/configurators.md#positions-and-functions	Catalogue field/name scoped to this definition; manufacturer examples do not validate every associated product, numeric domain or deployment
2318	192	-1	-1	Shutter actuator bus	TYPE	TYPE	Shutter type  Standard - Value : 1  Pulse - Value : 2	3	48da7fe6715db31b8ae1dced0f2bd5d9914916809e9a941bfdc4fe88dc0af85f		corroborates-contextual-vocabulary	device-model/configurators.md#system-specific-positions	Catalogue field/name scoped to this definition; manufacturer examples do not validate every associated product, numeric domain or deployment
2319	192	-1	-1	Shutter actuator bus	PRE	PRE	Shutter management preset number	11	6d7d7ce04b95848644129dc86e439a93ef2a7b6ca48114f5dbae9c32edcc846d		corroborates-contextual-vocabulary	device-model/configurators.md#positions-and-functions	Catalogue field/name scoped to this definition; manufacturer examples do not validate every associated product, numeric domain or deployment
2488	192	-1	-1	Shutter actuator bus	PL	PL	Light Point	1	3e697ab8b17f30d5059e4edf84cd0e87dc33127f8dc4e2876d28554ff266dd32		corroborates-contextual-vocabulary	device-model/configurators.md#positions-and-functions	Catalogue field/name scoped to this definition; manufacturer examples do not validate every associated product, numeric domain or deployment
5434	192	-1	-1	Shutter actuator bus	AID	ID	ID	1	421841242588bf9c9b46cd1603adcf117182ebf0715ec095aaa1b704468d4ab9	********=AID	excluded-as-physical-position	device-model/configurators.md#configuration-modes	Software/identity/function metadata; idx=-1 alone does not prove a socket
1964	193	-1	-1	Basic actuator	A	A	Enviroment	1	2b6f084d18f88c7351aa4df46cc91491766e32e4168194615ce5a03be23a3334		corroborates-contextual-vocabulary	device-model/configurators.md#positions-and-functions	Catalogue field/name scoped to this definition; manufacturer examples do not validate every associated product, numeric domain or deployment
1965	193	-1	-1	Basic actuator	PL	PL	Light Point	1	b7ef625ff29850a3137149aec1fab43c2707f9eecfafed73d0e38b3813fbbb9a		corroborates-contextual-vocabulary	device-model/configurators.md#positions-and-functions	Catalogue field/name scoped to this definition; manufacturer examples do not validate every associated product, numeric domain or deployment
1966	193	-1	-1	Basic actuator	M	M	Mode (0-4, Pul, Sla)	8	8ebdccf89f5adb1aeda6fc120253ecb9a81c6cc95599cb8fa843be0421ed1ee6	11=SLA;15=PUL	corroborates-contextual-vocabulary	device-model/configurators.md#positions-and-functions	Catalogue field/name scoped to this definition; manufacturer examples do not validate every associated product, numeric domain or deployment
1970	193	-1	-1	Basic actuator	G1	G1	G1 - (0-9)	1	cef9a213b15cff5319509efbfeb92773cc7f21dadef90920bd882e554586f9df		corroborates-contextual-vocabulary	device-model/configurators.md#positions-and-functions	Catalogue field/name scoped to this definition; manufacturer examples do not validate every associated product, numeric domain or deployment
5435	193	-1	-1	Basic actuator	AID	ID	ID	1	d6f19c1736de729b86a8595fea69ef3cf4471dc3d37d9ecb910a65f91c8d1b5d	********=AID	excluded-as-physical-position	device-model/configurators.md#configuration-modes	Software/identity/function metadata; idx=-1 alone does not prove a socket
1967	194	-1	-1	Basic control actuator	A	A	Enviroment	1	04514ae998f824b17467c42b90f8971a35ad2b291939079b1bd52215d10d10c8		corroborates-contextual-vocabulary	device-model/configurators.md#positions-and-functions	Catalogue field/name scoped to this definition; manufacturer examples do not validate every associated product, numeric domain or deployment
1968	194	-1	-1	Basic control actuator	PL	PL	Light Point	1	76bde1903ad76cb6c69c9dbff5b177e6d4af3e4ddfc418abadcfc890ee1ca6f6		corroborates-contextual-vocabulary	device-model/configurators.md#positions-and-functions	Catalogue field/name scoped to this definition; manufacturer examples do not validate every associated product, numeric domain or deployment
1969	194	-1	-1	Basic control actuator	G1	G1	G1 - (0-9)	1	7dfaafa1f39caef5ef51ee9d95d10d7ad5250bb39988c2565f326478cb628a1e		corroborates-contextual-vocabulary	device-model/configurators.md#positions-and-functions	Catalogue field/name scoped to this definition; manufacturer examples do not validate every associated product, numeric domain or deployment
2455	194	-1	-1	Basic control actuator	M	M	Mode (0-8, Pul, Sla, I/O)	13	49548c58d2ae341145387a972e2f4a8f5a07647637a55bbb88e9bee7a192e7a7	11=SLA;15=PUL;9=O/I	corroborates-contextual-vocabulary	device-model/configurators.md#positions-and-functions	Catalogue field/name scoped to this definition; manufacturer examples do not validate every associated product, numeric domain or deployment
5436	194	-1	-1	Basic control actuator	AID	ID	ID	1	0c852ad3e91d15fa094f0bff857f798a8cab3fbcca58d581589611279aa9a7ea	********=AID	excluded-as-physical-position	device-model/configurators.md#configuration-modes	Software/identity/function metadata; idx=-1 alone does not prove a socket
1979	195	-1	-1	Actuator 1 module 1 relay	A	A	Enviroment	1	6fc1b59ed40aaddabe2f6d3205e8259ffa8ed8b5873e07e0c22d08b0d5830c9e		corroborates-contextual-vocabulary	device-model/configurators.md#positions-and-functions	Catalogue field/name scoped to this definition; manufacturer examples do not validate every associated product, numeric domain or deployment
1980	195	-1	-1	Actuator 1 module 1 relay	PL	PL	Light Point	1	3536bf69dabae5212c8b1d62f815290f755e60620fb045a0f584f16af5ee3973		corroborates-contextual-vocabulary	device-model/configurators.md#positions-and-functions	Catalogue field/name scoped to this definition; manufacturer examples do not validate every associated product, numeric domain or deployment
1981	195	-1	-1	Actuator 1 module 1 relay	M	M	Mode (0-4, Pul)	7	0a31c23d37a4bb769fa968f73df7bd4db1e7356db8d984df6652a246cffed0a0	15=PUL	corroborates-contextual-vocabulary	device-model/configurators.md#positions-and-functions	Catalogue field/name scoped to this definition; manufacturer examples do not validate every associated product, numeric domain or deployment
1982	195	-1	-1	Actuator 1 module 1 relay	G1	G1	G1 - (0-9)	1	befaebf3e39a91cccf6c9897405569c2a34416dd87a9affb156d318ff4aa5f4f		corroborates-contextual-vocabulary	device-model/configurators.md#positions-and-functions	Catalogue field/name scoped to this definition; manufacturer examples do not validate every associated product, numeric domain or deployment
1983	195	-1	-1	Actuator 1 module 1 relay	G2	G2	G2 - (0-9)	1	70174745191a88acbf5bfcadc301f1e5fd04d865b0b600f6208ac28dc510114b		corroborates-contextual-vocabulary	device-model/configurators.md#positions-and-functions	Catalogue field/name scoped to this definition; manufacturer examples do not validate every associated product, numeric domain or deployment
1984	195	-1	-1	Actuator 1 module 1 relay	G3	G3	G3 - (0-9)	1	9b6639b8c973ab6257c7014b384a1e7e60aadefa8bf93b4ad1c9a56c7331477f		corroborates-contextual-vocabulary	device-model/configurators.md#positions-and-functions	Catalogue field/name scoped to this definition; manufacturer examples do not validate every associated product, numeric domain or deployment
5437	195	-1	-1	Actuator 1 module 1 relay	AID	ID	ID	1	652145b8f0c91e19879c3b1e4a3f621efe361d5ae653e4bea7aa31f8c0548e78	********=AID	excluded-as-physical-position	device-model/configurators.md#configuration-modes	Software/identity/function metadata; idx=-1 alone does not prove a socket
1985	196	-1	-1	Scenario module	A	A	Enviroment	1	88b6760d6101eaf18bb147b1f2f47d37c01a129f3a31cac5dcfbbe85b86c63e0		corroborates-contextual-vocabulary	device-model/configurators.md#positions-and-functions	Catalogue field/name scoped to this definition; manufacturer examples do not validate every associated product, numeric domain or deployment
1986	196	-1	-1	Scenario module	PL	PL	Light Point	1	4335e2fa5333cef5a2ab4f4490af55ced76b34db63093504616a48add0761d0e		corroborates-contextual-vocabulary	device-model/configurators.md#positions-and-functions	Catalogue field/name scoped to this definition; manufacturer examples do not validate every associated product, numeric domain or deployment
5438	196	-1	-1	Scenario module	AID	ID	ID	1	4fa5658e71d6008fab955af88c62e5f25a21a71f7fb4146a447ef739fe1db6cf	********=AID	excluded-as-physical-position	device-model/configurators.md#configuration-modes	Software/identity/function metadata; idx=-1 alone does not prove a socket
2009	197	-1	-1	Flush mounted leading dimmer 300 VA	A	A	Enviroment	1	d973141586e6c51efedfc0a703d6e5839671c9488d6e8743251cfd3f0f0e9ca5		corroborates-contextual-vocabulary	device-model/configurators.md#positions-and-functions	Catalogue field/name scoped to this definition; manufacturer examples do not validate every associated product, numeric domain or deployment
2010	197	-1	-1	Flush mounted leading dimmer 300 VA	PL	PL	Light Point	1	6000439b12dc284fe7372806b1d533876baa4c2bc529db90e343040b5f551811		corroborates-contextual-vocabulary	device-model/configurators.md#positions-and-functions	Catalogue field/name scoped to this definition; manufacturer examples do not validate every associated product, numeric domain or deployment
2011	197	-1	-1	Flush mounted leading dimmer 300 VA	M	M	Mode (0-4, Pul, Sla, I/O)	9	961e2d893d0e485d3a9b572a1c63016d3d56fab47a55e88ca5e0b486801480cd	11=SLA;15=PUL;9=O/I	corroborates-contextual-vocabulary	device-model/configurators.md#positions-and-functions	Catalogue field/name scoped to this definition; manufacturer examples do not validate every associated product, numeric domain or deployment
2012	197	-1	-1	Flush mounted leading dimmer 300 VA	G1	G1	G1 - (0-9)	1	e9f73340defd4862f48b77ae9e9f473a0e2ba677565408d9c1095e989a46483a		corroborates-contextual-vocabulary	device-model/configurators.md#positions-and-functions	Catalogue field/name scoped to this definition; manufacturer examples do not validate every associated product, numeric domain or deployment
5439	197	-1	-1	Flush mounted leading dimmer 300 VA	AID	ID	ID	1	2246406a865fd0671ff95098026d909ad1404fd22eee0cb27ce6d7c46bfba790	********=AID	excluded-as-physical-position	device-model/configurators.md#configuration-modes	Software/identity/function metadata; idx=-1 alone does not prove a socket
2013	198	-1	-1	Flush mounted dimmer	G1	G1	G1 - (0-9)	1	009ac348234a450f777e52cada826d670eccfffab62a5d3767b9f1dd168572d0		corroborates-contextual-vocabulary	device-model/configurators.md#positions-and-functions	Catalogue field/name scoped to this definition; manufacturer examples do not validate every associated product, numeric domain or deployment
2014	198	-1	-1	Flush mounted dimmer	A	A	Enviroment	1	68eaf868e8f4c8ace56ee41b2f55a3fd26adb64f3bf2bde785767aee760752fd		corroborates-contextual-vocabulary	device-model/configurators.md#positions-and-functions	Catalogue field/name scoped to this definition; manufacturer examples do not validate every associated product, numeric domain or deployment
2015	198	-1	-1	Flush mounted dimmer	PL	PL	Light Point	1	6f1b08056173a385b496ad67ae24f58940b05e955daea68f81c30ec48fb0e530		corroborates-contextual-vocabulary	device-model/configurators.md#positions-and-functions	Catalogue field/name scoped to this definition; manufacturer examples do not validate every associated product, numeric domain or deployment
2017	198	-1	-1	Flush mounted dimmer	M	M	mode (0,I/O)	3	7c92dd13ffd5f464cde7f7472e3207f993bfca0f8915fc52ca8ca173f4d76fdc	9=O/I	corroborates-contextual-vocabulary	device-model/configurators.md#positions-and-functions	Catalogue field/name scoped to this definition; manufacturer examples do not validate every associated product, numeric domain or deployment
5440	198	-1	-1	Flush mounted dimmer	AID	ID	ID	1	7d0a380eea708047bb88594ad46dc66bcf1d8a6cf602398b05a0c68731aef0c0	********=AID	excluded-as-physical-position	device-model/configurators.md#configuration-modes	Software/identity/function metadata; idx=-1 alone does not prove a socket
2018	199	-1	-1	DIN - Switch  8 x 16 A - 230V	A	A	Enviroment	1	2e4f9faf4a2b1437889b4657be3d3e15208815035872463406f91d92149539c9		corroborates-contextual-vocabulary	device-model/configurators.md#positions-and-functions	Catalogue field/name scoped to this definition; manufacturer examples do not validate every associated product, numeric domain or deployment
2027	199	-1	-1	DIN - Switch  8 x 16 A - 230V	M	M	Mode (0-4, Pul, Sla)	8	b7a0096039438533ac4ca2bfe01051d4158531b98a89ea3b443ed935d87eab57	11=SLA;15=PUL	corroborates-contextual-vocabulary	device-model/configurators.md#positions-and-functions	Catalogue field/name scoped to this definition; manufacturer examples do not validate every associated product, numeric domain or deployment
4065	199	-1	-1	DIN - Switch  8 x 16 A - 230V	G	G (0-9)		1	025f0b5b122af8a9ea64af9d12f20b1eba94cb6c2361f442f46caa16b998c8a3		corroborates-contextual-vocabulary	device-model/configurators.md#positions-and-functions	Catalogue field/name scoped to this definition; manufacturer examples do not validate every associated product, numeric domain or deployment
5441	199	-1	-1	DIN - Switch  8 x 16 A - 230V	AID	ID	ID	1	c713f5b88e75f7003ed8c01157595e81bbdf3b8512df14186ec48fa1c87c42cf	********=AID	excluded-as-physical-position	device-model/configurators.md#configuration-modes	Software/identity/function metadata; idx=-1 alone does not prove a socket
2029	200	-1	-1	Pulses counter interface	A1	A1	Energy Management A1 Address (0-2)	1	842c1fced21f07648eba929c2327b296110639ab7f1aee7480ebe2dbf951ab6e		corroborates-contextual-vocabulary	device-model/configurators.md#positions-and-functions	Catalogue field/name scoped to this definition; manufacturer examples do not validate every associated product, numeric domain or deployment
2030	200	-1	-1	Pulses counter interface	A2	A2	Energy Management A2 Address (0-9)	1	6ce00ce4305313c184f03b32d706b864ae1f918c0e7897728be059b077519d04		corroborates-contextual-vocabulary	device-model/configurators.md#positions-and-functions	Catalogue field/name scoped to this definition; manufacturer examples do not validate every associated product, numeric domain or deployment
2031	200	-1	-1	Pulses counter interface	A3	A3	Energy Management A3 Address (0-9)	1	f2b388af4e8362f960546d5936526217cd4e610bb2255fb0a8ce30b891061a1d		corroborates-contextual-vocabulary	device-model/configurators.md#positions-and-functions	Catalogue field/name scoped to this definition; manufacturer examples do not validate every associated product, numeric domain or deployment
2033	200	-1	-1	Pulses counter interface	G	G	G - (0-4)	1	d44236c383b269730b5d19b199e817def8db97be7e144840ec0c1b20fe83f23b		corroborates-contextual-vocabulary	device-model/configurators.md#positions-and-functions	Catalogue field/name scoped to this definition; manufacturer examples do not validate every associated product, numeric domain or deployment
2036	200	-1	-1	Pulses counter interface	M	M	Mode (0-3)	1	923564d5017bb04eb5e13d718bb02ba9e0448d8c09adfc950db514c65139744c		corroborates-contextual-vocabulary	device-model/configurators.md#positions-and-functions	Catalogue field/name scoped to this definition; manufacturer examples do not validate every associated product, numeric domain or deployment
2037	200	-1	-1	Pulses counter interface	SM	SM	Configurator SM Energy Mng (0-3)	1	a1e0d4b635b8f140fc9281732d37dd978c64182e595ed5ae3e7c83a4cc3550ae		corroborates-contextual-vocabulary	device-model/configurators.md#system-specific-positions	Catalogue field/name scoped to this definition; manufacturer examples do not validate every associated product, numeric domain or deployment
5442	200	-1	-1	Pulses counter interface	AID	ID	ID	1	9038b67907cc4dea53933c32e1c7765fdedf9c870449b2c6726645e4f72833b4	********=AID	excluded-as-physical-position	device-model/configurators.md#configuration-modes	Software/identity/function metadata; idx=-1 alone does not prove a socket
2050	201	-1	-1	Touch control	A	A	Enviroment	1	86f5c4a068feb0d90094ba0a817e91057a0e567fd31b7d10e661525e8e6e4d7e		corroborates-contextual-vocabulary	device-model/configurators.md#positions-and-functions	Catalogue field/name scoped to this definition; manufacturer examples do not validate every associated product, numeric domain or deployment
2051	201	-1	-1	Touch control	PL	PL	Light Point	1	75ad8f97b792ed999e1365c4a8420b3ec1f1b01587c606ca253e26c9be4fed3d		corroborates-contextual-vocabulary	device-model/configurators.md#positions-and-functions	Catalogue field/name scoped to this definition; manufacturer examples do not validate every associated product, numeric domain or deployment
2052	201	-1	-1	Touch control	M	M	Mode (0-6, O/I,  SU_GIU, Su_GIU_M, CEN)	12	11a3ad08d9a6e02b2c1094e37379b6d23283230ba52f5e62548aeb959017c898	9=O/I;12=UP/DOWN;13=UP/DOWN monostable;14=CEN	corroborates-contextual-vocabulary	device-model/configurators.md#positions-and-functions	Catalogue field/name scoped to this definition; manufacturer examples do not validate every associated product, numeric domain or deployment
2053	201	-1	-1	Touch control	INT	INT	INT (0-4,OFF)	7	5341f36ed146ad1a53a8d2ff33c2b7017be66647eb299946bdf25d3f9ab46a93	10=OFF	corroborates-contextual-vocabulary	device-model/configurators.md#positions-and-functions	Catalogue field/name scoped to this definition; manufacturer examples do not validate every associated product, numeric domain or deployment
5443	201	-1	-1	Touch control	AID	ID	ID	1	f3b8b0d5648851265cda28e5e4b743c68a85812d057145a911b73f006516dad5	********=AID	excluded-as-physical-position	device-model/configurators.md#configuration-modes	Software/identity/function metadata; idx=-1 alone does not prove a socket
2062	202	-1	-1	Module contacts interface	A	A	Enviroment	1	c7cdb3ebe60645247ed96ddd829090fbd22eda0242c36f5063347c46aa9aafd8		corroborates-contextual-vocabulary	device-model/configurators.md#positions-and-functions	Catalogue field/name scoped to this definition; manufacturer examples do not validate every associated product, numeric domain or deployment
2063	202	-1	-1	Module contacts interface	PL	PL	Light Point	1	429c0b1e3ad0032adf7451bed2a3217503173e02f9f57df66cd695e29572159b		corroborates-contextual-vocabulary	device-model/configurators.md#positions-and-functions	Catalogue field/name scoped to this definition; manufacturer examples do not validate every associated product, numeric domain or deployment
2065	202	-1	-1	Module contacts interface	M	M	Mode physical configurator (0-9, O/I,OFF,ON,PUL)	15	05c514201391b06d70ce1d28ada12604ce73c4b2b21b366942e1fef8956f5574	9=O/I;10=OFF;11=ON;15=PUL	corroborates-contextual-vocabulary	device-model/configurators.md#positions-and-functions	Catalogue field/name scoped to this definition; manufacturer examples do not validate every associated product, numeric domain or deployment
5444	202	-1	-1	Module contacts interface	AID	ID	ID	1	a2bc9f36db3dd736f478130193470b35e3b4b524e5a6d02035040b301768e58c	********=AID	excluded-as-physical-position	device-model/configurators.md#configuration-modes	Software/identity/function metadata; idx=-1 alone does not prove a socket
2125	205	-1	-1	Shutter control bus	PL	PL	Light Point	1	bf8feab2b4b53be7c640291ff5b12b7a63df68e18b40515cd6bd7c0cd601cdbf		corroborates-contextual-vocabulary	device-model/configurators.md#positions-and-functions	Catalogue field/name scoped to this definition; manufacturer examples do not validate every associated product, numeric domain or deployment
2266	205	-1	-1	Shutter control bus	AR	Ar	Enviroment referent address	1	fed171be8b036d6c4ad489ea95cce6c5698c81979ebcd271521583def6a6e73e		corroborates-contextual-vocabulary	device-model/configurators.md#positions-and-functions	Catalogue field/name scoped to this definition; manufacturer examples do not validate every associated product, numeric domain or deployment
2267	205	-1	-1	Shutter control bus	PLR	PLr	Light Point referent address	1	ddf3c4878107bd2439694b31ad5b4a9b6350f28e3d8d49d0a808f324e82d0809		corroborates-contextual-vocabulary	device-model/configurators.md#positions-and-functions	Catalogue field/name scoped to this definition; manufacturer examples do not validate every associated product, numeric domain or deployment
2269	205	-1	-1	Shutter control bus	M	M	Mode (SU_GIU, Su_GIU_M, 1,2)	6	21c53e37f8976c10702194ca7ff54d0fb4528291e41f933347ff8717e4fa3fee	12=UP/DOWN;13=UP/DOWN monostable	corroborates-contextual-vocabulary	device-model/configurators.md#positions-and-functions	Catalogue field/name scoped to this definition; manufacturer examples do not validate every associated product, numeric domain or deployment
2280	205	-1	-1	Shutter control bus	PRE	PRE	Shutter management preset number	11	c36224e2074829dad22bc157db830d45338dcdc4f4b0acc9636c67c3f8b14451		corroborates-contextual-vocabulary	device-model/configurators.md#positions-and-functions	Catalogue field/name scoped to this definition; manufacturer examples do not validate every associated product, numeric domain or deployment
2421	205	-1	-1	Shutter control bus	A	A	Enviroment (0-9 GEN,GR,AMB)	14	248ee015c76522bd42ad2053c5b5eee34926ae13a7d3a6f05f31bf007ac2d7e2	12=GEN;13=GR;14=AMB	corroborates-contextual-vocabulary	device-model/configurators.md#positions-and-functions	Catalogue field/name scoped to this definition; manufacturer examples do not validate every associated product, numeric domain or deployment
5445	205	-1	-1	Shutter control bus	AID	ID	ID	1	56f14fb7b174ecbcc19f7137356c01c9828977d5d3ebc6d063f84b35a898a568	********=AID	excluded-as-physical-position	device-model/configurators.md#configuration-modes	Software/identity/function metadata; idx=-1 alone does not prove a socket
2129	206	-1	-1	Ballast DIN dimmer 0-10 V	PL	PL	Light Point	1	99f221f4dd2a8ad75e3b495af83f3a1cc3a5b1083ba343c27b911edd3671566b		corroborates-contextual-vocabulary	device-model/configurators.md#positions-and-functions	Catalogue field/name scoped to this definition; manufacturer examples do not validate every associated product, numeric domain or deployment
2130	206	-1	-1	Ballast DIN dimmer 0-10 V	M	M	Mode (0-4, Pul, Sla)	8	4718e2e579df03bd699a0fe154ddea22e57a83b0b94326eb07523d6855f0a766	11=SLA;15=PUL	corroborates-contextual-vocabulary	device-model/configurators.md#positions-and-functions	Catalogue field/name scoped to this definition; manufacturer examples do not validate every associated product, numeric domain or deployment
2131	206	-1	-1	Ballast DIN dimmer 0-10 V	A	A	Enviroment	1	5befe16cce3dc64aa7573035b155de52410b16dab7a888172f5009ef82d110fd		corroborates-contextual-vocabulary	device-model/configurators.md#positions-and-functions	Catalogue field/name scoped to this definition; manufacturer examples do not validate every associated product, numeric domain or deployment
2132	206	-1	-1	Ballast DIN dimmer 0-10 V	G1	G1	G1 - (0-9)	1	6181fdd52b20cb7a425110d00bbf41b18de06955b89ab6445ee9b55665f82ab6		corroborates-contextual-vocabulary	device-model/configurators.md#positions-and-functions	Catalogue field/name scoped to this definition; manufacturer examples do not validate every associated product, numeric domain or deployment
2133	206	-1	-1	Ballast DIN dimmer 0-10 V	G2	G2	G2 - (0-9)	1	859b4f1ca1e173ac56db75d55821bd035f140e0bc6afbf93342ade892e0f7ee6		corroborates-contextual-vocabulary	device-model/configurators.md#positions-and-functions	Catalogue field/name scoped to this definition; manufacturer examples do not validate every associated product, numeric domain or deployment
2134	206	-1	-1	Ballast DIN dimmer 0-10 V	G3	G3	G3 - (0-9)	1	b2abbdbd81b0efee22cffac77518665ea7ec4e01b4697e0cac24bf94a61cc437		corroborates-contextual-vocabulary	device-model/configurators.md#positions-and-functions	Catalogue field/name scoped to this definition; manufacturer examples do not validate every associated product, numeric domain or deployment
5446	206	-1	-1	Ballast DIN dimmer 0-10 V	AID	ID	ID	1	7281d8ff43b0c6a778ecaabb0f3103dbb1152db7a0593e0f426a0a17c29786f0	********=AID	excluded-as-physical-position	device-model/configurators.md#configuration-modes	Software/identity/function metadata; idx=-1 alone does not prove a socket
2135	207	-1	-1	DIN - Dimmer 4X  1-10V 1 000VA - 230V	A	A	Enviroment	1	6928fe4904a08dce65dd74a0eb28a06fde39d09bb79357127fcecadbab47cd9a		corroborates-contextual-vocabulary	device-model/configurators.md#positions-and-functions	Catalogue field/name scoped to this definition; manufacturer examples do not validate every associated product, numeric domain or deployment
2136	207	-1	-1	DIN - Dimmer 4X  1-10V 1 000VA - 230V	PL1	PL1	PL1 - (0-9)	1	e3603f69bb309029f84e5832a3bfefcae09e9fa56687d36b73504682045e7b3e		corroborates-contextual-vocabulary	device-model/configurators.md#positions-and-functions	Catalogue field/name scoped to this definition; manufacturer examples do not validate every associated product, numeric domain or deployment
2137	207	-1	-1	DIN - Dimmer 4X  1-10V 1 000VA - 230V	PL2	PL2	PL2 - (0-9)	1	1704685dee8f65498c2bd43b8c3778e6a368472c721942a2c104f4bf997af69a		corroborates-contextual-vocabulary	device-model/configurators.md#positions-and-functions	Catalogue field/name scoped to this definition; manufacturer examples do not validate every associated product, numeric domain or deployment
2138	207	-1	-1	DIN - Dimmer 4X  1-10V 1 000VA - 230V	PL3	PL3	PL3 - (0-9)	1	b9a366a29594d2e5485395d3b897964452e99be3454197872cb7ea2a72bdafc6		corroborates-contextual-vocabulary	device-model/configurators.md#positions-and-functions	Catalogue field/name scoped to this definition; manufacturer examples do not validate every associated product, numeric domain or deployment
2139	207	-1	-1	DIN - Dimmer 4X  1-10V 1 000VA - 230V	PL4	PL4	PL4 - (0-9)	1	4eda253501c3b3d1bfc3a69f2735e9daad753c2ed74f55cc5b286a357727e7e9		corroborates-contextual-vocabulary	device-model/configurators.md#positions-and-functions	Catalogue field/name scoped to this definition; manufacturer examples do not validate every associated product, numeric domain or deployment
2140	207	-1	-1	DIN - Dimmer 4X  1-10V 1 000VA - 230V	M	M	Mode (0-4, Pul, Sla)	8	9b61359eb0812d5e4a751fa5a62510788ecc021353e0b90c0858713ed2b35dab	11=SLA;15=PUL	corroborates-contextual-vocabulary	device-model/configurators.md#positions-and-functions	Catalogue field/name scoped to this definition; manufacturer examples do not validate every associated product, numeric domain or deployment
5447	207	-1	-1	DIN - Dimmer 4X  1-10V 1 000VA - 230V	AID	ID	ID	1	0fd05bae60776a690bd352ea81cad40a9aa49b1339e87d79203b07c8a01b4738	********=AID	excluded-as-physical-position	device-model/configurators.md#configuration-modes	Software/identity/function metadata; idx=-1 alone does not prove a socket
2141	208	-1	-1	Room Controller 2 Dim Outputs 0-10V 1000VA	M	M	Mode (0-4, Pul, Sla)	8	a8847f44c2585b2bceb023573e2924a0f3d99944c7452747ef80140feb41e4aa	11=SLA;15=PUL	corroborates-contextual-vocabulary	device-model/configurators.md#positions-and-functions	Catalogue field/name scoped to this definition; manufacturer examples do not validate every associated product, numeric domain or deployment
2142	208	-1	-1	Room Controller 2 Dim Outputs 0-10V 1000VA	A	A	Enviroment	1	f7ce65ab74e4449f81ef574e67b5a107e92adf4bf2814117713d9c0c47633f30		corroborates-contextual-vocabulary	device-model/configurators.md#positions-and-functions	Catalogue field/name scoped to this definition; manufacturer examples do not validate every associated product, numeric domain or deployment
2143	208	-1	-1	Room Controller 2 Dim Outputs 0-10V 1000VA	PL1	PL1	PL1 - (0-9)	1	a0ee95944c8eac3b2ef470f498b8ee2d85ef56faa1a48bbf11e5bc38cde84e9f		corroborates-contextual-vocabulary	device-model/configurators.md#positions-and-functions	Catalogue field/name scoped to this definition; manufacturer examples do not validate every associated product, numeric domain or deployment
2144	208	-1	-1	Room Controller 2 Dim Outputs 0-10V 1000VA	G1	G1	G1 - (0-9)	1	50f506192f5551710bea859cbe10ced739fa94d4fbac8ee8529dbbac66aeb742		corroborates-contextual-vocabulary	device-model/configurators.md#positions-and-functions	Catalogue field/name scoped to this definition; manufacturer examples do not validate every associated product, numeric domain or deployment
2145	208	-1	-1	Room Controller 2 Dim Outputs 0-10V 1000VA	PL2	PL2	PL2 - (0-9)	1	d0692db77e1f578e0b8637d96c8b6de83564a8f73e02b776247a51644f58118d		corroborates-contextual-vocabulary	device-model/configurators.md#positions-and-functions	Catalogue field/name scoped to this definition; manufacturer examples do not validate every associated product, numeric domain or deployment
2146	208	-1	-1	Room Controller 2 Dim Outputs 0-10V 1000VA	G2	G2	G2 - (0-9)	1	16f3e4d025bb38ca771418d6a38949ecc0aa09a14a4970003a916364c3b724d6		corroborates-contextual-vocabulary	device-model/configurators.md#positions-and-functions	Catalogue field/name scoped to this definition; manufacturer examples do not validate every associated product, numeric domain or deployment
5448	208	-1	-1	Room Controller 2 Dim Outputs 0-10V 1000VA	AID	ID	ID	1	29d63264158d6b6fba85f20d92b9e181f889af158db25bd42d5134014fb1266c	********=AID	excluded-as-physical-position	device-model/configurators.md#configuration-modes	Software/identity/function metadata; idx=-1 alone does not prove a socket
2147	209	-1	-1	Room Controller 4 Dim Outputs 0-10V 1000VA	A	A	Enviroment	1	b98f9fe898707a93f1059b108adf065970585581780d7b25b69195d7432c721e		corroborates-contextual-vocabulary	device-model/configurators.md#positions-and-functions	Catalogue field/name scoped to this definition; manufacturer examples do not validate every associated product, numeric domain or deployment
2148	209	-1	-1	Room Controller 4 Dim Outputs 0-10V 1000VA	PL1	PL1	PL1 - (0-9)	1	9ac1a2929cb7bf77299b2aba395759e7aed5c86766771c42c969ae4e267f5d9a		corroborates-contextual-vocabulary	device-model/configurators.md#positions-and-functions	Catalogue field/name scoped to this definition; manufacturer examples do not validate every associated product, numeric domain or deployment
2149	209	-1	-1	Room Controller 4 Dim Outputs 0-10V 1000VA	PL2	PL2	PL2 - (0-9)	1	ee2f98a9fd7adaa5f0775b6b0324a2a96e3a5adac2dfa9a86b9099757a7b7831		corroborates-contextual-vocabulary	device-model/configurators.md#positions-and-functions	Catalogue field/name scoped to this definition; manufacturer examples do not validate every associated product, numeric domain or deployment
2150	209	-1	-1	Room Controller 4 Dim Outputs 0-10V 1000VA	PL3	PL3	PL3 - (0-9)	1	d1b934212181333331c139ee669c944b854160704fb6eaa12e01c1bb026168c4		corroborates-contextual-vocabulary	device-model/configurators.md#positions-and-functions	Catalogue field/name scoped to this definition; manufacturer examples do not validate every associated product, numeric domain or deployment
2151	209	-1	-1	Room Controller 4 Dim Outputs 0-10V 1000VA	PL4	PL4	PL4 - (0-9)	1	d4044a07f1eab982258d66e3d84f2a5cb327930df07f5cbec4bc585994fc1143		corroborates-contextual-vocabulary	device-model/configurators.md#positions-and-functions	Catalogue field/name scoped to this definition; manufacturer examples do not validate every associated product, numeric domain or deployment
2152	209	-1	-1	Room Controller 4 Dim Outputs 0-10V 1000VA	M	M	Mode (0-4, Pul, Sla)	8	fb17f43e2103ef7f92f90ab7136fce52221706308c83f40255a94883f1180827	11=SLA;15=PUL	corroborates-contextual-vocabulary	device-model/configurators.md#positions-and-functions	Catalogue field/name scoped to this definition; manufacturer examples do not validate every associated product, numeric domain or deployment
5449	209	-1	-1	Room Controller 4 Dim Outputs 0-10V 1000VA	AID	ID	ID	1	4cf52e9f4945cc2683e3f326ba01e17b92247a035aee0d574453f9b5820eec0e	********=AID	excluded-as-physical-position	device-model/configurators.md#configuration-modes	Software/identity/function metadata; idx=-1 alone does not prove a socket
2161	210	2	0	Scenes programmer	SYSADDRESS	Univocal code	Univocal code	1	46d8a23331ef2874c4633037accb956c2ab80e2fd162f01ed20381120b79cb9a	######=Univocal code	excluded-as-physical-position	device-model/configurators.md#configuration-modes	Software/identity/function metadata; idx=-1 alone does not prove a socket
2162	210	2	0	Scenes programmer	LAN_IP_ADDRESS	Local IP address	Local IP address	1	022b0987fec70e4734f08d0c754d82b28ddc7b5eb44ca0e8fc3725cfcf8eb7ac	###.###.###.###=Local IP address	excluded-as-physical-position	device-model/configurators.md#configuration-modes	Software/identity/function metadata; idx=-1 alone does not prove a socket
2163	210	2	0	Scenes programmer	LAN_IP_ADDR_TYPE	Local IP dynamicity	Local Dynamic IP	3	48b9cd89a9652918717d2e94d2b3cc28cdfcf66e07c1e707602cde99a4928e15	0=Static IP;1=Dynamic IP (DHCP)	excluded-as-physical-position	device-model/configurators.md#configuration-modes	Software/identity/function metadata; idx=-1 alone does not prove a socket
2164	210	2	0	Scenes programmer	CMD_PORT	Commands port	Commands port	1	92acb9fefb5a97607f4ec6d7eb44411b88bf0193cd979203879b59aef3e9417c	#####=Commands port	excluded-as-physical-position	device-model/configurators.md#configuration-modes	Software/identity/function metadata; idx=-1 alone does not prove a socket
2165	210	2	0	Scenes programmer	IP_ADDRESS	Public IP address	Public IP address	1	51ba9de0d5299f51b3af9fdd1aaa7a18813ca768a9ad025f4c47cdd3e0bc0924	###.###.###.###=Public IP address	excluded-as-physical-position	device-model/configurators.md#configuration-modes	Software/identity/function metadata; idx=-1 alone does not prove a socket
2166	210	2	0	Scenes programmer	CONNECTION_METHOD	Public IP dynamicity	Public Dynamic IP	4	c52c9af4f85bf0f38cbe3c74f584824c57b801ec049839b0ea545e3fb3b322de	0=Dynamic IP (DHCP);1=Static IP;2=Web active connections	excluded-as-physical-position	device-model/configurators.md#configuration-modes	Software/identity/function metadata; idx=-1 alone does not prove a socket
5450	210	2	0	Scenes programmer	AID	ID	ID	1	f0c3146abfa08d37db0e3eb627a16f350e11e37cc7be2acffa609ef1c4ed04aa	********=AID	excluded-as-physical-position	device-model/configurators.md#configuration-modes	Software/identity/function metadata; idx=-1 alone does not prove a socket
2168	211	-1	-1	8 channels DALI/SCS interface, 10DIN	A	A	Enviroment	1	789af2fc8d51dbf0594b63ab50caa7d0c3e73313168c26002ef53f229c735e90		corroborates-contextual-vocabulary	device-model/configurators.md#positions-and-functions	Catalogue field/name scoped to this definition; manufacturer examples do not validate every associated product, numeric domain or deployment
2169	211	-1	-1	8 channels DALI/SCS interface, 10DIN	M	M	Mode (0-4, Pul, Sla)	8	efdd6000e90a6a148f8c764e813417f9d04322ccb7bf90ef99d0becfcaedd713	11=SLA;15=PUL	corroborates-contextual-vocabulary	device-model/configurators.md#positions-and-functions	Catalogue field/name scoped to this definition; manufacturer examples do not validate every associated product, numeric domain or deployment
4064	211	-1	-1	8 channels DALI/SCS interface, 10DIN	G	G (0-9)		1	ee13cbca30e9924e1b814dacaabb2ab65ee181c3b3e6b7a546d6b6468bd7551e		corroborates-contextual-vocabulary	device-model/configurators.md#positions-and-functions	Catalogue field/name scoped to this definition; manufacturer examples do not validate every associated product, numeric domain or deployment
5451	211	-1	-1	8 channels DALI/SCS interface, 10DIN	AID	ID	ID	1	5845c0b1557ba477bd5f9e85516729e441d53106639421e9310a2f49d5e30a03	********=AID	excluded-as-physical-position	device-model/configurators.md#configuration-modes	Software/identity/function metadata; idx=-1 alone does not prove a socket
2201	213	-1	-1	Regulation rotative control	A	A	Enviroment	1	2c0526aac264cf1abbf5652ae6c98cf7444a4ce248cfe3f4004b94fb482ad26e		corroborates-contextual-vocabulary	device-model/configurators.md#positions-and-functions	Catalogue field/name scoped to this definition; manufacturer examples do not validate every associated product, numeric domain or deployment
2202	213	-1	-1	Regulation rotative control	PL	PL	Light Point	1	1762ff39d2e33eeeaea51357d3adf95f3790e70fee3e7c97ddee9c5f242ef59a		corroborates-contextual-vocabulary	device-model/configurators.md#positions-and-functions	Catalogue field/name scoped to this definition; manufacturer examples do not validate every associated product, numeric domain or deployment
2204	213	-1	-1	Regulation rotative control	LIV1	LIV1	Configurator LIV1	1	98fad18fb31ec6b3a1355bd1f9b752531aff4543763960236cbf1c7e2e40b305		corroborates-contextual-vocabulary	device-model/configurators.md#positions-and-functions	Catalogue field/name scoped to this definition; manufacturer examples do not validate every associated product, numeric domain or deployment
2205	213	-1	-1	Regulation rotative control	LIV2	LIV2	Configurator LIV2	1	0bc0b0be464e25f25d7020fd8c4a98d69fa67bb9a59af6a925d61e099f776e06		corroborates-contextual-vocabulary	device-model/configurators.md#positions-and-functions	Catalogue field/name scoped to this definition; manufacturer examples do not validate every associated product, numeric domain or deployment
2206	213	-1	-1	Regulation rotative control	SPE	SPE	Special function command control (0-9)	1	2525936a9162b9876ca1131431434a3ef02d325c47ca80c07b86c8b97d59b836		corroborates-contextual-vocabulary	device-model/configurators.md#positions-and-functions	Catalogue field/name scoped to this definition; manufacturer examples do not validate every associated product, numeric domain or deployment
2207	213	-1	-1	Regulation rotative control	I	I	Configurator I	3	787f0dd3b93a23d823345b73c4c5f6eeb383548cc3ba20dd7ba91623c34c883c	14=CEN	corroborates-contextual-vocabulary	device-model/configurators.md#positions-and-functions	Catalogue field/name scoped to this definition; manufacturer examples do not validate every associated product, numeric domain or deployment
2251	213	-1	-1	Regulation rotative control	M	M	Mode cmd (O/I,OFF,ON,PUL,SU_GIU,SU_GIU_M)	9	7f00a6f56a3ab439828719a6b0a80c795b16ca7363a378969084ea58603f42f0	9=O/I;10=OFF;11=ON;12=UP/DOWN;13=UP/DOWN monostable;14=CEN;15=PUL	corroborates-contextual-vocabulary	device-model/configurators.md#positions-and-functions	Catalogue field/name scoped to this definition; manufacturer examples do not validate every associated product, numeric domain or deployment
5452	213	-1	-1	Regulation rotative control	AID	ID	ID	1	9557a58ecad82f36cdf36d95ee6ab1ee3f198a6a8a5ec4c020bd585522eee5da	********=AID	excluded-as-physical-position	device-model/configurators.md#configuration-modes	Software/identity/function metadata; idx=-1 alone does not prove a socket
2208	214	-1	-1	Receiving radio interface	A	A	Enviroment	1	a55e85f65eec1770ff7a0f0513f6f42f1c48ab0a021ebf0e99ab20ffe3a41622		corroborates-contextual-vocabulary	device-model/configurators.md#positions-and-functions	Catalogue field/name scoped to this definition; manufacturer examples do not validate every associated product, numeric domain or deployment
2209	214	-1	-1	Receiving radio interface	PL	PL	Light Point	1	4aa2fa20068d897a522be7d4a79eb3ff67a3af8f575990d5d2f6e69fc72679a2		corroborates-contextual-vocabulary	device-model/configurators.md#positions-and-functions	Catalogue field/name scoped to this definition; manufacturer examples do not validate every associated product, numeric domain or deployment
2211	214	-1	-1	Receiving radio interface	M	M	Mode (0,1,6,7,8,CEN)	7	64b84c62914135fb991e8f1f61d20c95123cd782b2dd343978225deca10f75cd	14=CEN	corroborates-contextual-vocabulary	device-model/configurators.md#positions-and-functions	Catalogue field/name scoped to this definition; manufacturer examples do not validate every associated product, numeric domain or deployment
5453	214	-1	-1	Receiving radio interface	AID	ID	ID	1	ee3879ed8bfd64ae18a5a2b430c595ef14d688c45bb5f19c75ff86094350ddeb	********=AID	excluded-as-physical-position	device-model/configurators.md#configuration-modes	Software/identity/function metadata; idx=-1 alone does not prove a socket
2212	215	-1	-1	Transmitting radio interface	A	A	Enviroment	1	e52fd6a7934d967aeea3d1699846b529b9c0534424c1a10f812ac573f72ecd9a		corroborates-contextual-vocabulary	device-model/configurators.md#positions-and-functions	Catalogue field/name scoped to this definition; manufacturer examples do not validate every associated product, numeric domain or deployment
2213	215	-1	-1	Transmitting radio interface	PL	PL	Light Point	1	68418dccf94a1a91811cfe2960fb9ef07f6d10720bfa4c285bbf7d44f90cbae1		corroborates-contextual-vocabulary	device-model/configurators.md#positions-and-functions	Catalogue field/name scoped to this definition; manufacturer examples do not validate every associated product, numeric domain or deployment
2214	215	-1	-1	Transmitting radio interface	M	M	mode (0/1)	3	cedf9e41453d0cc33e08a9f11196607344c8f353ddaaf196af6a77a168f77ecc		corroborates-contextual-vocabulary	device-model/configurators.md#positions-and-functions	Catalogue field/name scoped to this definition; manufacturer examples do not validate every associated product, numeric domain or deployment
5454	215	-1	-1	Transmitting radio interface	AID	ID	ID	1	c327feff0b7a59405cc687618ddca12a7c1899f5d516e3b2e717ed99a037605f	********=AID	excluded-as-physical-position	device-model/configurators.md#configuration-modes	Software/identity/function metadata; idx=-1 alone does not prove a socket
2235	216	-1	-1	IR receiver	A	A	Enviroment	1	f0a6e3ad656a33efce8c0df55eb38ff1008fe9fc81e7832f955020a916c04b52		corroborates-contextual-vocabulary	device-model/configurators.md#positions-and-functions	Catalogue field/name scoped to this definition; manufacturer examples do not validate every associated product, numeric domain or deployment
2236	216	-1	-1	IR receiver	PL1	PL1	PL1 (0-9, OFF,ON,GEN,SU_GIU,SU_GIU_M,AMB)	17	69997ebc4153823e5c61f69dc07474c72090284a876e80862adceec8b0bc4d79	10=OFF;11=ON;12=GEN;13=UP/DOWN;14=UP/DOWN monostable;15=AMB	corroborates-contextual-vocabulary	device-model/configurators.md#positions-and-functions	Catalogue field/name scoped to this definition; manufacturer examples do not validate every associated product, numeric domain or deployment
2237	216	-1	-1	IR receiver	PL3	PL3	PL3 (0-9, OFF,ON,GEN,SU_GIU,SU_GIU_M,AMB)	17	b0ba2dd7511fb0541b2d08e0f69dfc946b13a054ca22e20a02e9d6a917dab6ab	10=OFF;11=ON;12=GEN;13=UP/DOWN;14=UP/DOWN monostable;15=AMB	corroborates-contextual-vocabulary	device-model/configurators.md#positions-and-functions	Catalogue field/name scoped to this definition; manufacturer examples do not validate every associated product, numeric domain or deployment
2238	216	-1	-1	IR receiver	PL2	PL2	PL2 (0-9, OFF,ON,GEN,SU_GIU,SU_GIU_M,AMB)	17	b54b007e49bbc52ef5e2b2987971ea221b999f5a60d439ea31dc79112efc8fd3	10=OFF;11=ON;12=GEN;13=UP/DOWN;14=UP/DOWN monostable;15=AMB	corroborates-contextual-vocabulary	device-model/configurators.md#positions-and-functions	Catalogue field/name scoped to this definition; manufacturer examples do not validate every associated product, numeric domain or deployment
2239	216	-1	-1	IR receiver	PL4	PL4	PL4 (0-9, OFF,ON,GEN,SU_GIU,SU_GIU_M,AMB)	17	043b019eef12c0bf32a09a85d1cff16164ec61504c668ffdb4326100c3004787	10=OFF;11=ON;12=GEN;13=UP/DOWN;14=UP/DOWN monostable;15=AMB	corroborates-contextual-vocabulary	device-model/configurators.md#positions-and-functions	Catalogue field/name scoped to this definition; manufacturer examples do not validate every associated product, numeric domain or deployment
2240	216	-1	-1	IR receiver	M	M	Mode (0-9,CEN)	12	69635c3d162e7e71f197a78b3d28cd3d1a0ecbb942528e8068cd2675594a0d70	14=CEN	corroborates-contextual-vocabulary	device-model/configurators.md#positions-and-functions	Catalogue field/name scoped to this definition; manufacturer examples do not validate every associated product, numeric domain or deployment
5455	216	-1	-1	IR receiver	AID	ID	ID	1	9b62632a358a14ba323cb43bf5bbc852e60984d4a7f8c79f0bffea770b4789eb	********=AID	excluded-as-physical-position	device-model/configurators.md#configuration-modes	Software/identity/function metadata; idx=-1 alone does not prove a socket
2259	218	-1	-1	Flush mounted radio receiver for HA/HB4572SB	A	A	Enviroment	1	284c3fe73ab1d61cc810660a207b91dc1e45cd2e51548316cb40773046d07ea2		corroborates-contextual-vocabulary	device-model/configurators.md#positions-and-functions	Catalogue field/name scoped to this definition; manufacturer examples do not validate every associated product, numeric domain or deployment
2260	218	-1	-1	Flush mounted radio receiver for HA/HB4572SB	PL1	PL1	PL1 - (0-9)	1	87d3713d6b8267e8640f9a0f6ee09db464488dff353ce89edd688003bc7c2824		corroborates-contextual-vocabulary	device-model/configurators.md#positions-and-functions	Catalogue field/name scoped to this definition; manufacturer examples do not validate every associated product, numeric domain or deployment
2261	218	-1	-1	Flush mounted radio receiver for HA/HB4572SB	M1	M1	Mode physical configurator (0-8, O/I,OFF,ON,SU_GIU,SU_GIU_M,CEN,PUL)	17	10c64b68635526f2af944029f3d60dc7c3fb5404c8edc75886f9b76a4046218f	9=O/I;10=OFF;11=ON;12=UP/DOWN;13=UP/DOWN monostable;14=CEN;15=PUL	corroborates-contextual-vocabulary	device-model/configurators.md#positions-and-functions	Catalogue field/name scoped to this definition; manufacturer examples do not validate every associated product, numeric domain or deployment
2262	218	-1	-1	Flush mounted radio receiver for HA/HB4572SB	PL2	PL2	PL2 - (0-9)	1	5ef908968dcd72040c6b95059b323cbc133a31a8fd2f433f3bee6c157084d0ef		corroborates-contextual-vocabulary	device-model/configurators.md#positions-and-functions	Catalogue field/name scoped to this definition; manufacturer examples do not validate every associated product, numeric domain or deployment
2263	218	-1	-1	Flush mounted radio receiver for HA/HB4572SB	M2	M2	Mode physical configurator (0-8, O/I,OFF,ON,SU_GIU,SU_GIU_M,CEN,PUL)   	17	b01fb469aac37935dbdd1d616937ab910cd2af50a8b98439de1fb8ad39e777ab	9=O/I;10=OFF;11=ON;12=UP/DOWN;13=UP/DOWN monostable;14=CEN;15=PUL	corroborates-contextual-vocabulary	device-model/configurators.md#positions-and-functions	Catalogue field/name scoped to this definition; manufacturer examples do not validate every associated product, numeric domain or deployment
2265	218	-1	-1	Flush mounted radio receiver for HA/HB4572SB	SPE	SPE	Special function command control (0,1,6)	4	e6f4f75964a0d13ed462fec5cc543b30b04c1c5430427f1966ad05925e426954		corroborates-contextual-vocabulary	device-model/configurators.md#positions-and-functions	Catalogue field/name scoped to this definition; manufacturer examples do not validate every associated product, numeric domain or deployment
5456	218	-1	-1	Flush mounted radio receiver for HA/HB4572SB	AID	ID	ID	1	640eee86db37042b8a50a725d6112a4c16de0c2caa5a4b1e592e20b563ca2218	********=AID	excluded-as-physical-position	device-model/configurators.md#configuration-modes	Software/identity/function metadata; idx=-1 alone does not prove a socket
2270	219	-1	-1	6 channel dimmer	A	A	Enviroment	1	2af9ae605d14a7aabab61967f43d9f9aff116cce12902cd11f4e04ccba7d5f91		corroborates-contextual-vocabulary	device-model/configurators.md#positions-and-functions	Catalogue field/name scoped to this definition; manufacturer examples do not validate every associated product, numeric domain or deployment
2278	219	-1	-1	6 channel dimmer	M	M	Mode (0-4, Pul, Sla)	8	6e22611c29398f2a637759094880e7499f6514ee33c27a0aa7afbac04c009b30	11=SLA;15=PUL	corroborates-contextual-vocabulary	device-model/configurators.md#positions-and-functions	Catalogue field/name scoped to this definition; manufacturer examples do not validate every associated product, numeric domain or deployment
4036	219	-1	-1	6 channel dimmer	G	G (0-9)		1	cdf218285e0191fa1ce357903a43f563d1d40759099be5644dffb12289209c14		corroborates-contextual-vocabulary	device-model/configurators.md#positions-and-functions	Catalogue field/name scoped to this definition; manufacturer examples do not validate every associated product, numeric domain or deployment
5457	219	-1	-1	6 channel dimmer	AID	ID	ID	1	ec13fa19c3ca90edc921ccb6e61c8b1e58a4c69b313203fd932252613b5c0dfc	********=AID	excluded-as-physical-position	device-model/configurators.md#configuration-modes	Software/identity/function metadata; idx=-1 alone does not prove a socket
2283	220	-1	-1	PIR+US flush mounted sensor	A	A	Enviroment	1	e8c47a0fb070e41a43eac8fce2be6bc2cc1c400837d35271055026112ec23e1b		corroborates-contextual-vocabulary	device-model/configurators.md#positions-and-functions	Catalogue field/name scoped to this definition; manufacturer examples do not validate every associated product, numeric domain or deployment
2284	220	-1	-1	PIR+US flush mounted sensor	PL	PL	Light Point	1	dcb18831c673a6e837ec42d8f7bb1e20767ed39e799302bc40b5b4a6ad2d8d46		corroborates-contextual-vocabulary	device-model/configurators.md#positions-and-functions	Catalogue field/name scoped to this definition; manufacturer examples do not validate every associated product, numeric domain or deployment
2285	220	-1	-1	PIR+US flush mounted sensor	M	M	Mode 0-4	1	dc3c65700737685cb65dce69543deb7d8f9e3435c02a86adeaf9eb5b8d738d5c		corroborates-contextual-vocabulary	device-model/configurators.md#positions-and-functions	Catalogue field/name scoped to this definition; manufacturer examples do not validate every associated product, numeric domain or deployment
2286	220	-1	-1	PIR+US flush mounted sensor	S	S	Configurator S (0-4)	1	ea259d4291ba37e7cba33abe181b33b98d6e65b376f56d221d830e8260b70173		corroborates-contextual-vocabulary	device-model/configurators.md#system-specific-positions	Catalogue field/name scoped to this definition; manufacturer examples do not validate every associated product, numeric domain or deployment
2287	220	-1	-1	PIR+US flush mounted sensor	T	T	Configurator T (time) - (0-9)	1	56a4c81ed2f5eb08520bb5b2f671193695eba3c99624b1c065cbd2e389f0f79d		corroborates-contextual-vocabulary	device-model/configurators.md#system-specific-positions	Catalogue field/name scoped to this definition; manufacturer examples do not validate every associated product, numeric domain or deployment
2288	220	-1	-1	PIR+US flush mounted sensor	D	D	(0-5)	1	b382473f5db156d9a78ac5fd9b8bc2b6afd93460da62ba47ae0eb52b7f2ec0a6		corroborates-contextual-vocabulary	device-model/configurators.md#system-specific-positions	Catalogue field/name scoped to this definition; manufacturer examples do not validate every associated product, numeric domain or deployment
5458	220	-1	-1	PIR+US flush mounted sensor	AID	ID	ID	1	0a89f930bd50f124863c96ac155616a1428892e3d013f7825b67616fb7859350	********=AID	excluded-as-physical-position	device-model/configurators.md#configuration-modes	Software/identity/function metadata; idx=-1 alone does not prove a socket
2289	221	-1	-1	Actuator DIN with 4 fil pilote outputs bus	ZB1	ZB1	ZB1 thermo Actuator zone address	12	415b6ebdf056735ccc88885cfc688d76b0d93727c7f11563ebe9f4515bccc4c0	10=OFF	corroborates-contextual-vocabulary	device-model/configurators.md#system-specific-positions	Catalogue field/name scoped to this definition; manufacturer examples do not validate every associated product, numeric domain or deployment
2290	221	-1	-1	Actuator DIN with 4 fil pilote outputs bus	ZB2	ZB2	ZB2 thermo Actuator zone address	12	96ecc0825ee5d94d2f2084d470361d2436592a0a29cbb3299364f92f4f6e6a59	10=OFF	corroborates-contextual-vocabulary	device-model/configurators.md#system-specific-positions	Catalogue field/name scoped to this definition; manufacturer examples do not validate every associated product, numeric domain or deployment
2291	221	-1	-1	Actuator DIN with 4 fil pilote outputs bus	ZB3	ZB3	ZB3 thermo Actuator zone address	12	868811f571e89dfe9302875f8d0dcb79c77f3b673c72ae532a975ab0d808af04	10=OFF	corroborates-contextual-vocabulary	device-model/configurators.md#system-specific-positions	Catalogue field/name scoped to this definition; manufacturer examples do not validate every associated product, numeric domain or deployment
2292	221	-1	-1	Actuator DIN with 4 fil pilote outputs bus	ZB4	ZB4	ZB4 thermo Actuator zone address	12	49faf29ac3978db6a4e45e301ce7220c9bcdbf06d3d20c746bfd708d6eb93b8a	10=OFF	corroborates-contextual-vocabulary	device-model/configurators.md#system-specific-positions	Catalogue field/name scoped to this definition; manufacturer examples do not validate every associated product, numeric domain or deployment
2293	221	-1	-1	Actuator DIN with 4 fil pilote outputs bus	ZA	ZA	ZA thermo zone address	1	f57564da2079fafe6e7155bee8c468ae18793c35d67378984f1929c430d6208a		corroborates-contextual-vocabulary	device-model/configurators.md#system-specific-positions	Catalogue field/name scoped to this definition; manufacturer examples do not validate every associated product, numeric domain or deployment
2415	221	-1	-1	Actuator DIN with 4 fil pilote outputs bus	N	N	Thermoregulation zone device number N	1	3b94228595ca7381752ca017915822f880a3317ccfa2b017c0812ec52304dea8		corroborates-contextual-vocabulary	device-model/configurators.md#system-specific-positions	Catalogue field/name scoped to this definition; manufacturer examples do not validate every associated product, numeric domain or deployment
5459	221	-1	-1	Actuator DIN with 4 fil pilote outputs bus	AID	ID	ID	1	5c557a87fa1f0f5e24286e3894c0af4791a7c71ae1a356b8797fd826e491c11d	********=AID	excluded-as-physical-position	device-model/configurators.md#configuration-modes	Software/identity/function metadata; idx=-1 alone does not prove a socket
2294	222	-1	-1	PIR flush mounted sensor	D	D	(0-5)	1	d26492af724434769bfd1f36f1124089c5ab19086b1c8c5c4046d7517a90ca03		corroborates-contextual-vocabulary	device-model/configurators.md#system-specific-positions	Catalogue field/name scoped to this definition; manufacturer examples do not validate every associated product, numeric domain or deployment
2295	222	-1	-1	PIR flush mounted sensor	A	A	Enviroment	1	dbf9b354d02ba91898f8b2acee0c9471c9b3d3a0635081aa9dd9c42404845e2b		corroborates-contextual-vocabulary	device-model/configurators.md#positions-and-functions	Catalogue field/name scoped to this definition; manufacturer examples do not validate every associated product, numeric domain or deployment
2296	222	-1	-1	PIR flush mounted sensor	PL	PL	Light Point	1	b29270f8e4ac09664d9332faebc0d1769523644ced9e2ae1cc79cf5f24069fb7		corroborates-contextual-vocabulary	device-model/configurators.md#positions-and-functions	Catalogue field/name scoped to this definition; manufacturer examples do not validate every associated product, numeric domain or deployment
2297	222	-1	-1	PIR flush mounted sensor	M	M	Mode 0-4	1	358c7336826cedfa8a1cad1622a277478d2c418daa41afeda109d5ec493a2fd5		corroborates-contextual-vocabulary	device-model/configurators.md#positions-and-functions	Catalogue field/name scoped to this definition; manufacturer examples do not validate every associated product, numeric domain or deployment
2298	222	-1	-1	PIR flush mounted sensor	S	S	Configurator S (0-4)	1	012b22202b63861111385d799b5715a728688dd904e131047ff29ee6c602779d		corroborates-contextual-vocabulary	device-model/configurators.md#system-specific-positions	Catalogue field/name scoped to this definition; manufacturer examples do not validate every associated product, numeric domain or deployment
2299	222	-1	-1	PIR flush mounted sensor	T	T	Configurator T (time) - (0-9)	1	5f5767f2e7b06dcf13aa3dd404e55b7dcb54eee77b7a93c5d4d62d1e564763c1		corroborates-contextual-vocabulary	device-model/configurators.md#system-specific-positions	Catalogue field/name scoped to this definition; manufacturer examples do not validate every associated product, numeric domain or deployment
5460	222	-1	-1	PIR flush mounted sensor	AID	ID	ID	1	aa1a1a7ad6a37cb7b3e020463e0eea97a694baeb8384b3b4ca328373a94511c0	********=AID	excluded-as-physical-position	device-model/configurators.md#configuration-modes	Software/identity/function metadata; idx=-1 alone does not prove a socket
2301	223	-1	-1	Scenario control unit	A	A	Configurator 0	2	b9be400e8bc613f2d08cc328a3d55126f85a13d8c6e79878c14db81918897de8		corroborates-contextual-vocabulary	device-model/configurators.md#positions-and-functions	Catalogue field/name scoped to this definition; manufacturer examples do not validate every associated product, numeric domain or deployment
2302	223	-1	-1	Scenario control unit	PL	PL	Light Point	1	3a899ff32dd0822311a0ccd79a6e1acacc504da01d2d72b37f5d185bad1419e6		corroborates-contextual-vocabulary	device-model/configurators.md#positions-and-functions	Catalogue field/name scoped to this definition; manufacturer examples do not validate every associated product, numeric domain or deployment
5461	223	-1	-1	Scenario control unit	AID	ID	ID	1	f4f993cc7322d13d5a859daaf405ac982f24b9b5be27a70423dfef26022ac44a	********=AID	excluded-as-physical-position	device-model/configurators.md#configuration-modes	Software/identity/function metadata; idx=-1 alone does not prove a socket
2333	226	-1	-1	Stop&Go Plus	A1	A1	Energy Management A1 Address (0-2)	1	16905761dc8731b6b0492c14669c4b69d41ef674b83c74f2b9cabcb11fa530b0		corroborates-contextual-vocabulary	device-model/configurators.md#positions-and-functions	Catalogue field/name scoped to this definition; manufacturer examples do not validate every associated product, numeric domain or deployment
2334	226	-1	-1	Stop&Go Plus	A2	A2	Energy Management A2 Address (0-9)	1	d35a46318a834b43390911a585adab4f0f757c72a588e784782a06b5c1550f0f		corroborates-contextual-vocabulary	device-model/configurators.md#positions-and-functions	Catalogue field/name scoped to this definition; manufacturer examples do not validate every associated product, numeric domain or deployment
2335	226	-1	-1	Stop&Go Plus	A3	A3	Energy Management A3 Address (0-9)	1	50c25e5267ffc00786552d888f79b3bc2aeed14ceccf61a8ab73dd8d1c8a71c8		corroborates-contextual-vocabulary	device-model/configurators.md#positions-and-functions	Catalogue field/name scoped to this definition; manufacturer examples do not validate every associated product, numeric domain or deployment
5462	226	-1	-1	Stop&Go Plus	AID	ID	ID	1	038e46b69a4ba0f5c50452fca2ee82b779f5e07563d4627d02670b67cb6b25a9	********=AID	excluded-as-physical-position	device-model/configurators.md#configuration-modes	Software/identity/function metadata; idx=-1 alone does not prove a socket
2336	227	-1	-1	Stop&Go Btest	A3	A3	Energy Management A3 Address (0-9)	1	5900549e008f221a91649f4dc9e15d40d590b4845fc520f56df9adfff196bd86		corroborates-contextual-vocabulary	device-model/configurators.md#positions-and-functions	Catalogue field/name scoped to this definition; manufacturer examples do not validate every associated product, numeric domain or deployment
2337	227	-1	-1	Stop&Go Btest	A2	A2	Energy Management A2 Address (0-9)	1	fc88b80a1902cb19c6d03cf72ee1fbc12cfa87c69e9d4fba69f0d42eebea94ce		corroborates-contextual-vocabulary	device-model/configurators.md#positions-and-functions	Catalogue field/name scoped to this definition; manufacturer examples do not validate every associated product, numeric domain or deployment
2338	227	-1	-1	Stop&Go Btest	A1	A1	Energy Management A1 Address (0-1)	1	fc472ebe088f32fd08f846e8579727fe03bcddce86615ceb8c000999fd167baf		corroborates-contextual-vocabulary	device-model/configurators.md#positions-and-functions	Catalogue field/name scoped to this definition; manufacturer examples do not validate every associated product, numeric domain or deployment
5463	227	-1	-1	Stop&Go Btest	AID	ID	ID	1	2cbac5de5dfe827f5fb563915319b365f5b7847d614a7b87ea39b47e1f98feb5	********=AID	excluded-as-physical-position	device-model/configurators.md#configuration-modes	Software/identity/function metadata; idx=-1 alone does not prove a socket
2339	228	-1	-1	Stop&Go	A1	A1	Energy Management A1 Address (0-1)	1	ff2059a42f83116fe4ce0ed2a52f1ed6760b9b9d2aea380b2e7cd0f947d182b7		corroborates-contextual-vocabulary	device-model/configurators.md#positions-and-functions	Catalogue field/name scoped to this definition; manufacturer examples do not validate every associated product, numeric domain or deployment
2340	228	-1	-1	Stop&Go	A2	A2	Energy Management A2 Address (0-9)	1	07cf8c72680c3224e0e9f3efaa80d6c6fcba41a20f59f6eeed8a6c709e9c4ba8		corroborates-contextual-vocabulary	device-model/configurators.md#positions-and-functions	Catalogue field/name scoped to this definition; manufacturer examples do not validate every associated product, numeric domain or deployment
2341	228	-1	-1	Stop&Go	A3	A3	Energy Management A3 Address (0-9)	1	9d7bfe4cec0d838744e939f14174c374834b83e787dd9b248cb9fb59d4fb3156		corroborates-contextual-vocabulary	device-model/configurators.md#positions-and-functions	Catalogue field/name scoped to this definition; manufacturer examples do not validate every associated product, numeric domain or deployment
5464	228	-1	-1	Stop&Go	AID	ID	ID	1	dd51c9977cd5993dd429154c9b54651b80a2f4599a154e9094e6be2df3b179f6	********=AID	excluded-as-physical-position	device-model/configurators.md#configuration-modes	Software/identity/function metadata; idx=-1 alone does not prove a socket
2342	229	-1	-1	Actuator 16A with current sensor - 1 DIN	A	A	Enviroment	1	9a94afe2857adb43da7ff8fa9a4b1a37e35c669d1d79d8fdada2eee4e52205a1		corroborates-contextual-vocabulary	device-model/configurators.md#positions-and-functions	Catalogue field/name scoped to this definition; manufacturer examples do not validate every associated product, numeric domain or deployment
2343	229	-1	-1	Actuator 16A with current sensor - 1 DIN	PL	PL	Light Point	1	4e9ed7b0f03e17377e3a501e54e4fca80b8b05d67b1ec3813664e1771e873e99		corroborates-contextual-vocabulary	device-model/configurators.md#positions-and-functions	Catalogue field/name scoped to this definition; manufacturer examples do not validate every associated product, numeric domain or deployment
2344	229	-1	-1	Actuator 16A with current sensor - 1 DIN	M	M	Mode (0-4, Pul, Sla)	8	a08424d9a0a9bb9eefd9742623d1d501a5f7e1c9db2e7d42f17f82af5f47ba0a	11=SLA;15=PUL	corroborates-contextual-vocabulary	device-model/configurators.md#positions-and-functions	Catalogue field/name scoped to this definition; manufacturer examples do not validate every associated product, numeric domain or deployment
2348	229	-1	-1	Actuator 16A with current sensor - 1 DIN	P2	P2	Configurator P2	1	18593186f97158ef75867a643603be8f148fcf93209cd5a3454dda89fd433529		excluded-unverified-position-function	device-model/configurators.md#evidence-limits	Inventoried exact definition/domain; no new manufacturer-verified function/range claim for this symbol in this review
2349	229	-1	-1	Actuator 16A with current sensor - 1 DIN	P1	P1	Configurator P1	1	7f90f2025fd3aee40a1cd2ea90b59f047dad7595cad94b71f3d977b34ee6cea3		excluded-unverified-position-function	device-model/configurators.md#evidence-limits	Inventoried exact definition/domain; no new manufacturer-verified function/range claim for this symbol in this review
2350	229	-1	-1	Actuator 16A with current sensor - 1 DIN	PF	PF	(Default: 0) (cos(fi)=1: 1) (cos(fi)=0.85: 2) (cos(fi)=0.80: 3) (cos(fi)=0.75: 4) (cos(fi)=0.70: 5) (cos(fi)=0.65: 6) (cos(fi)=0.60: 7) (cos(fi)=0.55: 8) (cos(fi)=0.50: 9)	11	a2cce2248679913e59cd0e5b503816e187a2ee1273409360d273f58f2f766afd		corroborates-contextual-vocabulary	device-model/configurators.md#system-specific-positions	Catalogue field/name scoped to this definition; manufacturer examples do not validate every associated product, numeric domain or deployment
5465	229	-1	-1	Actuator 16A with current sensor - 1 DIN	AID	ID	ID	1	db6f9406f3e3cf563cd04d55783eea78c28be94516b9a0b25446d6d87e9d39d5	********=AID	excluded-as-physical-position	device-model/configurators.md#configuration-modes	Software/identity/function metadata; idx=-1 alone does not prove a socket
2351	230	-1	-1	Actuator 16A - 1 DIN	A	A	Enviroment	1	31340fd7a6a4a5bb4fd1e9397f924a26fa824c73fe440c945f59672c74ac2473		corroborates-contextual-vocabulary	device-model/configurators.md#positions-and-functions	Catalogue field/name scoped to this definition; manufacturer examples do not validate every associated product, numeric domain or deployment
2352	230	-1	-1	Actuator 16A - 1 DIN	PL	PL	Light Point	1	43cd304456205df88a34f61f35e39b692a3f2a51b56d7d8a42af9929a0b4382f		corroborates-contextual-vocabulary	device-model/configurators.md#positions-and-functions	Catalogue field/name scoped to this definition; manufacturer examples do not validate every associated product, numeric domain or deployment
2353	230	-1	-1	Actuator 16A - 1 DIN	M	M	Mode (0-4, Pul, Sla)	8	80a77a85a85188410c3de533ae7ec2051944d5302f716b31b3cdf2041e4f940a	11=SLA;15=PUL	corroborates-contextual-vocabulary	device-model/configurators.md#positions-and-functions	Catalogue field/name scoped to this definition; manufacturer examples do not validate every associated product, numeric domain or deployment
2354	230	-1	-1	Actuator 16A - 1 DIN	G1	G1	G1 - (0-9)	1	8f3649d6ac217709b88af866078a1fa15caa6cc5ea8ab73f03abb021de1a30b0		corroborates-contextual-vocabulary	device-model/configurators.md#positions-and-functions	Catalogue field/name scoped to this definition; manufacturer examples do not validate every associated product, numeric domain or deployment
2355	230	-1	-1	Actuator 16A - 1 DIN	P1	P1	Configurator P1	1	22a130ff47f809ca72f2bfdc44579ced7ab93441bfcb60880ba3d4c4636f2eed		excluded-unverified-position-function	device-model/configurators.md#evidence-limits	Inventoried exact definition/domain; no new manufacturer-verified function/range claim for this symbol in this review
2356	230	-1	-1	Actuator 16A - 1 DIN	P2	P2	Configurator P2	1	e5c99fbea5e50322deea15c0d9eb7439ba1b21d20b2862aa16d08791b9b0ea01		excluded-unverified-position-function	device-model/configurators.md#evidence-limits	Inventoried exact definition/domain; no new manufacturer-verified function/range claim for this symbol in this review
5466	230	-1	-1	Actuator 16A - 1 DIN	AID	ID	ID	1	80e829f4fa213895ee99c2253295362e6c2e0ab32c407b97c136aad87521730d	********=AID	excluded-as-physical-position	device-model/configurators.md#configuration-modes	Software/identity/function metadata; idx=-1 alone does not prove a socket
2357	231	-1	-1	Load management central unit	A1	A1	Energy Management A1 Address (0-2)	1	807bcfc76756943af3492280cb5cb89f91b8999e74abf5f22b331888fee3596e		corroborates-contextual-vocabulary	device-model/configurators.md#positions-and-functions	Catalogue field/name scoped to this definition; manufacturer examples do not validate every associated product, numeric domain or deployment
2358	231	-1	-1	Load management central unit	A2	A2	Energy Management A2 Address (0-9)	1	0e27943e716de74012a38b00fe36d664bec69e52147356881d4827a6649e2bf5		corroborates-contextual-vocabulary	device-model/configurators.md#positions-and-functions	Catalogue field/name scoped to this definition; manufacturer examples do not validate every associated product, numeric domain or deployment
2359	231	-1	-1	Load management central unit	A3	A3	Energy Management A3 Address (0-9)	1	255a5ced6b53107ee859aa6e1ed97c47dc0ef2e5cc1c4fe13d54475af4b084c6		corroborates-contextual-vocabulary	device-model/configurators.md#positions-and-functions	Catalogue field/name scoped to this definition; manufacturer examples do not validate every associated product, numeric domain or deployment
3320	231	-1	-1	Load management central unit	P	Rated Power		11	deba14ee5b7e184c87942e0c8583b24891a87c8d30f9e6a18adc2d4f6abbaf9b		corroborates-contextual-vocabulary	device-model/configurators.md#system-specific-positions	Catalogue field/name scoped to this definition; manufacturer examples do not validate every associated product, numeric domain or deployment
3321	231	-1	-1	Load management central unit	TOL	Tolerance on rated power		10	a7ec0ae9ec99220ba54248e77c767b6b2ab10c243b26f836618df58b7fe3a8a8		corroborates-contextual-vocabulary	device-model/configurators.md#system-specific-positions	Catalogue field/name scoped to this definition; manufacturer examples do not validate every associated product, numeric domain or deployment
5467	231	-1	-1	Load management central unit	AID	ID	ID	1	6bb17e9fc1756cc730de8339cd1bbf8a1c065986c088400406793a11ed9bce65	********=AID	excluded-as-physical-position	device-model/configurators.md#configuration-modes	Software/identity/function metadata; idx=-1 alone does not prove a socket
2369	232	-1	-1	Load Control Panel bus	P1AB	P1ab	Configurator P1ab	1	f615dd9d3c3e4003b344242294cb52a02d7d3c335c61d08d20fe37d59d7ae526		excluded-unverified-position-function	device-model/configurators.md#evidence-limits	Inventoried exact definition/domain; no new manufacturer-verified function/range claim for this symbol in this review
2370	232	-1	-1	Load Control Panel bus	P1CD	P1cd	Configurator P1cd	1	ed8c3f31b1aed06e883749fa107301e7a298c81e282b7f3481b7a0ef1f279c37		excluded-unverified-position-function	device-model/configurators.md#evidence-limits	Inventoried exact definition/domain; no new manufacturer-verified function/range claim for this symbol in this review
2371	232	-1	-1	Load Control Panel bus	P2A	P2a	Configurator P2a	12	d4a733cabe1e6ff4c02ef88c9f62b733d3b8499d145ba8d1ce042c639c831d5b	10=OFF	excluded-unverified-position-function	device-model/configurators.md#evidence-limits	Inventoried exact definition/domain; no new manufacturer-verified function/range claim for this symbol in this review
2372	232	-1	-1	Load Control Panel bus	P2B	P2b	Configurator P2b	12	e51aaa009cfc236dbd5d603c65f93128ce99aa7b6644328e818896254719ebee	10=OFF	excluded-unverified-position-function	device-model/configurators.md#evidence-limits	Inventoried exact definition/domain; no new manufacturer-verified function/range claim for this symbol in this review
2373	232	-1	-1	Load Control Panel bus	P2C	P2c	Configurator P2c	12	d5cd2f0f2316ba3109cf67e8be926a9c422e66fd07ee1797774c33ec962e4b2e	10=OFF	excluded-unverified-position-function	device-model/configurators.md#evidence-limits	Inventoried exact definition/domain; no new manufacturer-verified function/range claim for this symbol in this review
2374	232	-1	-1	Load Control Panel bus	P2D	P2d	Configurator P2d	12	6c8734eb8500fa20c4ac42b2bdc0bf60dd616aaad44f28ad8f6fed36b7890cc1	10=OFF	excluded-unverified-position-function	device-model/configurators.md#evidence-limits	Inventoried exact definition/domain; no new manufacturer-verified function/range claim for this symbol in this review
2375	232	-1	-1	Load Control Panel bus	M	M	M (Normal 0- Self learning 1)	3	2e959ad868f36b9c6202079cabd5c15c693f13a45df2b5216f50d85e66fc2f29		corroborates-contextual-vocabulary	device-model/configurators.md#positions-and-functions	Catalogue field/name scoped to this definition; manufacturer examples do not validate every associated product, numeric domain or deployment
5468	232	-1	-1	Load Control Panel bus	AID	ID	ID	1	c83f5ccea340698c7af121130950bdb73bfdf5d0b93e949af1b7a7f11a005892	********=AID	excluded-as-physical-position	device-model/configurators.md#configuration-modes	Software/identity/function metadata; idx=-1 alone does not prove a socket
2387	235	-1	-1	Bus meter with memory 3-inputs for toroids - 1 DIN	A1	A1	Energy Management A1 Address (0-2)	1	5c4a64533ab820502844229aba1c40fcd974e09e84fbacaa4de46138ae7eb4ca		corroborates-contextual-vocabulary	device-model/configurators.md#positions-and-functions	Catalogue field/name scoped to this definition; manufacturer examples do not validate every associated product, numeric domain or deployment
2391	235	-1	-1	Bus meter with memory 3-inputs for toroids - 1 DIN	A2	A2	Energy Management A2 Address (0-9)	1	650ccfb35c4ca42672655484714350d45a812f87f4d203283a6399ae1e78155f		corroborates-contextual-vocabulary	device-model/configurators.md#positions-and-functions	Catalogue field/name scoped to this definition; manufacturer examples do not validate every associated product, numeric domain or deployment
2616	235	-1	-1	Bus meter with memory 3-inputs for toroids - 1 DIN	A3-TA	A3-Ta	Energy Management A3Ta Address (0-9)	1	58de6e7770752d43f50eeab74a9a65496feb0dfd21f7fccdc3739d44fe812c51		corroborates-contextual-vocabulary	device-model/configurators.md#system-specific-positions	Catalogue field/name scoped to this definition; manufacturer examples do not validate every associated product, numeric domain or deployment
2617	235	-1	-1	Bus meter with memory 3-inputs for toroids - 1 DIN	A3-TB	A3-Tb	Energy Management A3Tb Address (0-9)	1	f01ac4673a74e6862af411dbba5de6e3fd75cdce36871ec6661653459ac12244		corroborates-contextual-vocabulary	device-model/configurators.md#system-specific-positions	Catalogue field/name scoped to this definition; manufacturer examples do not validate every associated product, numeric domain or deployment
2618	235	-1	-1	Bus meter with memory 3-inputs for toroids - 1 DIN	A3-TC	A3-Tc	Energy Management A3Tc Address (0-9)	1	8a7f02cfe0d0f791b8ce17ad242c2990223a86a561bf3196511292af957aa01d		corroborates-contextual-vocabulary	device-model/configurators.md#system-specific-positions	Catalogue field/name scoped to this definition; manufacturer examples do not validate every associated product, numeric domain or deployment
5469	235	-1	-1	Bus meter with memory 3-inputs for toroids - 1 DIN	AID	ID	ID	1	607445a50aede88760142cffe54e44f41fd118851cc2e8e496827bfb4584a1c9	********=AID	excluded-as-physical-position	device-model/configurators.md#configuration-modes	Software/identity/function metadata; idx=-1 alone does not prove a socket
2392	236	-1	-1	Flush mounted actuator 16A	A	A	Enviroment	1	4954a83956d5bd7de50db84dbf984831aaff01b8d5aa513d3348f8002395ad63		corroborates-contextual-vocabulary	device-model/configurators.md#positions-and-functions	Catalogue field/name scoped to this definition; manufacturer examples do not validate every associated product, numeric domain or deployment
2393	236	-1	-1	Flush mounted actuator 16A	PL	PL	Light Point	1	5e2442d00ccae64039236df8b5da8b32d3876495f975854b171733ba988ff55f		corroborates-contextual-vocabulary	device-model/configurators.md#positions-and-functions	Catalogue field/name scoped to this definition; manufacturer examples do not validate every associated product, numeric domain or deployment
2394	236	-1	-1	Flush mounted actuator 16A	M	M	Mode (0-4, Pul, Sla)	8	65673123c42c8a9c74355ef5d0040acf01fb6b690a61988aaae5c285930d023d	11=SLA;15=PUL	corroborates-contextual-vocabulary	device-model/configurators.md#positions-and-functions	Catalogue field/name scoped to this definition; manufacturer examples do not validate every associated product, numeric domain or deployment
2395	236	-1	-1	Flush mounted actuator 16A	G1	G1	G1 - (0-9)	1	d2b078c8889fbe94a36512fdf40d6e9287f282495138a2e0fcc52fb7317aeb11		corroborates-contextual-vocabulary	device-model/configurators.md#positions-and-functions	Catalogue field/name scoped to this definition; manufacturer examples do not validate every associated product, numeric domain or deployment
2396	236	-1	-1	Flush mounted actuator 16A	P1	P1	Configurator P1	1	91fa962459719a7a7e4efcbc95fe29f0357414f86d94bf3156c4215949024e69		excluded-unverified-position-function	device-model/configurators.md#evidence-limits	Inventoried exact definition/domain; no new manufacturer-verified function/range claim for this symbol in this review
2397	236	-1	-1	Flush mounted actuator 16A	P2	P2	Configurator P2	1	f5a5b4e82e07638239088625d6fdcf49e89deff47b19468da6686f18a46da8f1		excluded-unverified-position-function	device-model/configurators.md#evidence-limits	Inventoried exact definition/domain; no new manufacturer-verified function/range claim for this symbol in this review
5470	236	-1	-1	Flush mounted actuator 16A	AID	ID	ID	1	c43dcbf7d84aae5a3ff09279456e2275ee728f22bcb6a5e122648c5339d7270a	********=AID	excluded-as-physical-position	device-model/configurators.md#configuration-modes	Software/identity/function metadata; idx=-1 alone does not prove a socket
2428	238	-1	-1	DIN dimmer 400 VA 127 V	A	A	Enviroment	1	ae2bd3ec32941b8d2ed95771b11515ef906effe133139fc6ee164f51c80f2cf5		corroborates-contextual-vocabulary	device-model/configurators.md#positions-and-functions	Catalogue field/name scoped to this definition; manufacturer examples do not validate every associated product, numeric domain or deployment
2429	238	-1	-1	DIN dimmer 400 VA 127 V	PL	PL	Light Point	1	31262cfb882f336809d3722e9e7cf49244afbc2fb6bc4fdb2a1892e25040016e		corroborates-contextual-vocabulary	device-model/configurators.md#positions-and-functions	Catalogue field/name scoped to this definition; manufacturer examples do not validate every associated product, numeric domain or deployment
2430	238	-1	-1	DIN dimmer 400 VA 127 V	M	M	Mode (0-4, Pul, Sla)	8	2b332339afef6715159d174f146dab32091f65d0bdaff87583185ab3ece36ebc	11=SLA;15=PUL	corroborates-contextual-vocabulary	device-model/configurators.md#positions-and-functions	Catalogue field/name scoped to this definition; manufacturer examples do not validate every associated product, numeric domain or deployment
2431	238	-1	-1	DIN dimmer 400 VA 127 V	G1	G1	G1 - (0-9)	1	7f115cfa6b297860fc1784a61b42d996f2d6590577ef9c94ec65714409f429df		corroborates-contextual-vocabulary	device-model/configurators.md#positions-and-functions	Catalogue field/name scoped to this definition; manufacturer examples do not validate every associated product, numeric domain or deployment
5471	238	-1	-1	DIN dimmer 400 VA 127 V	AID	ID	ID	1	9fe145d465cd2d2ee3126a888ba6fc1cbbf51c34ce5c28b5f56ed55534073288	********=AID	excluded-as-physical-position	device-model/configurators.md#configuration-modes	Software/identity/function metadata; idx=-1 alone does not prove a socket
2443	239	-1	-1	Radio interface for temperature probes	PL1/N1	PL1/N1	Configurator with range (0-9) PL1N1	1	aedfdb193953864ba48fbf25987fdecbf544717b7247bda5edf36a35820678fa		excluded-unverified-position-function	device-model/configurators.md#evidence-limits	Inventoried exact definition/domain; no new manufacturer-verified function/range claim for this symbol in this review
2444	239	-1	-1	Radio interface for temperature probes	M1	M1	mode M1  not configured - Value : 0  temperature sensor - Value : 1  lighting sensor - Value : 6	4	dd55fda37406dd30997304c09955b7c65684fd2a16b8b845cc294adbf320adad		corroborates-contextual-vocabulary	device-model/configurators.md#positions-and-functions	Catalogue field/name scoped to this definition; manufacturer examples do not validate every associated product, numeric domain or deployment
2445	239	-1	-1	Radio interface for temperature probes	PL2/N2	PL2/N2	Configurator with range (0-9) PL2N2	1	d399e6f7f53962b23830a5f50b981b37b7433059790fb057c791045c3980f4de		excluded-unverified-position-function	device-model/configurators.md#evidence-limits	Inventoried exact definition/domain; no new manufacturer-verified function/range claim for this symbol in this review
2446	239	-1	-1	Radio interface for temperature probes	M2	M2	mode M2  not configured - Value : 0  temperature sensor - Value : 1  lighting sensor - Value : 6	4	5731a2f96a50e435f2dc0cb272c6be948ab9c3cc0181eb4790a0da4c72ab7a95		corroborates-contextual-vocabulary	device-model/configurators.md#positions-and-functions	Catalogue field/name scoped to this definition; manufacturer examples do not validate every associated product, numeric domain or deployment
2619	239	-1	-1	Radio interface for temperature probes	A	A	Configurator A1 (0-9)	1	71252230e227277a0e3560596c68a7354ca97042ebab98ae9f60525d9f96123d		corroborates-contextual-vocabulary	device-model/configurators.md#positions-and-functions	Catalogue field/name scoped to this definition; manufacturer examples do not validate every associated product, numeric domain or deployment
2620	239	-1	-1	Radio interface for temperature probes	A2/-	A2/-	Configurator A2 (0-9)	1	e5142fe571187317d78d0d356f1f67467b2d784448a0b0ad5e13dbcb24cf6c9a		excluded-unverified-position-function	device-model/configurators.md#evidence-limits	Inventoried exact definition/domain; no new manufacturer-verified function/range claim for this symbol in this review
5472	239	-1	-1	Radio interface for temperature probes	AID	ID	ID	1	ef42393fdf98097fe7b640f900954441448744712ced39b7e9376e1e66931fe2	********=AID	excluded-as-physical-position	device-model/configurators.md#configuration-modes	Software/identity/function metadata; idx=-1 alone does not prove a socket
2644	252	-1	-1	Actuator DIN with 2 outputs 0-10V	ZA1	ZA1	ZA thermo zone address 1	1	c76349099e02bd33276f15d23c2077078b23037212895b31198e78a8903414c4		corroborates-contextual-vocabulary	device-model/configurators.md#system-specific-positions	Catalogue field/name scoped to this definition; manufacturer examples do not validate every associated product, numeric domain or deployment
2645	252	-1	-1	Actuator DIN with 2 outputs 0-10V	ZA2	ZA2	ZA thermo zone address 2	1	2a054e06367e3c30dbb4c9f806f853f0d7bd41dc763c860f9e745d1ddbd1d2c6		corroborates-contextual-vocabulary	device-model/configurators.md#system-specific-positions	Catalogue field/name scoped to this definition; manufacturer examples do not validate every associated product, numeric domain or deployment
2646	252	-1	-1	Actuator DIN with 2 outputs 0-10V	ZB1	ZB1	ZB1 thermo Actuator zone address	12	6fe9eddadc99bba317c269e7cbf6be47823dc5821a57f4385faadf1ea98237e5	10=OFF	corroborates-contextual-vocabulary	device-model/configurators.md#system-specific-positions	Catalogue field/name scoped to this definition; manufacturer examples do not validate every associated product, numeric domain or deployment
2647	252	-1	-1	Actuator DIN with 2 outputs 0-10V	ZB2	ZB2	ZB2 thermo Actuator zone address	12	8748833e2fa9b077a55fc98bdaf1c6f3cc7b7150e6462b4af4a64771aa407306	10=OFF	corroborates-contextual-vocabulary	device-model/configurators.md#system-specific-positions	Catalogue field/name scoped to this definition; manufacturer examples do not validate every associated product, numeric domain or deployment
2648	252	-1	-1	Actuator DIN with 2 outputs 0-10V	N1	N1	Thermoregulation zone device number N1	1	09006a79cbc9ed5340bcb955b7e1095cef6d3fc656c600e0c2a5b8f1f6cdfd76		corroborates-contextual-vocabulary	device-model/configurators.md#system-specific-positions	Catalogue field/name scoped to this definition; manufacturer examples do not validate every associated product, numeric domain or deployment
2649	252	-1	-1	Actuator DIN with 2 outputs 0-10V	N2	N2	Thermoregulation zone device number N2	1	94f29e7e6992d50ad2cc1c314846725e0209e052af0bc176a31f1a64f839475a		corroborates-contextual-vocabulary	device-model/configurators.md#system-specific-positions	Catalogue field/name scoped to this definition; manufacturer examples do not validate every associated product, numeric domain or deployment
5473	252	-1	-1	Actuator DIN with 2 outputs 0-10V	AID	ID	ID	1	a552f7aadefbb1c020ec8a7542c3487d67284de20e45f6276ad66b6a1ac1523f	********=AID	excluded-as-physical-position	device-model/configurators.md#configuration-modes	Software/identity/function metadata; idx=-1 alone does not prove a socket
2689	253	-1	-1	DO NOT DISTURB-MAKE UP ROOM control	R1	R1	Room tens	1	043b3236780bd390117a4d37e8fb30eb33c3244f7a10a621f2de16b560274132		corroborates-contextual-vocabulary	device-model/configurators.md#system-specific-positions	Catalogue field/name scoped to this definition; manufacturer examples do not validate every associated product, numeric domain or deployment
2690	253	-1	-1	DO NOT DISTURB-MAKE UP ROOM control	R2	R2	Room unit	1	1c39c3b53b3392d4f58e3a77bad52c3b14c9c264288d0e9e7ed870b3cf306667		corroborates-contextual-vocabulary	device-model/configurators.md#system-specific-positions	Catalogue field/name scoped to this definition; manufacturer examples do not validate every associated product, numeric domain or deployment
2691	253	-1	-1	DO NOT DISTURB-MAKE UP ROOM control	M	M	Mode	4	29ac6bdcc247a32a417bca187d5aeb665e4909bcb42072176f4e443d336d9fc6		corroborates-contextual-vocabulary	device-model/configurators.md#positions-and-functions	Catalogue field/name scoped to this definition; manufacturer examples do not validate every associated product, numeric domain or deployment
5474	253	-1	-1	DO NOT DISTURB-MAKE UP ROOM control	AID	ID	ID	1	ef7ff2c105a420968e9bd5630a1041ba760db1ee581f41ba389db906d5018333	********=AID	excluded-as-physical-position	device-model/configurators.md#configuration-modes	Software/identity/function metadata; idx=-1 alone does not prove a socket
2711	254	-1	-1	DO NOT DISTURB-MAKE UP ROOM reader	R1	Room tens		1	0fc5c9c8e9d3b9040781abb55d0b8488643a5a0e577e870b0d60ac788e442bd2		corroborates-contextual-vocabulary	device-model/configurators.md#system-specific-positions	Catalogue field/name scoped to this definition; manufacturer examples do not validate every associated product, numeric domain or deployment
2712	254	-1	-1	DO NOT DISTURB-MAKE UP ROOM reader	R2	Room unit		1	0b4b4612b0f299c70ce0a3b790fd71ff6f7c0f53246c966a5d0c5d982e9f68f3		corroborates-contextual-vocabulary	device-model/configurators.md#system-specific-positions	Catalogue field/name scoped to this definition; manufacturer examples do not validate every associated product, numeric domain or deployment
2713	254	-1	-1	DO NOT DISTURB-MAKE UP ROOM reader	M	DND/MUR indicator mode	(Stand alone with SCE: 0) (Stand alone with CEN: 1) (With IP Scenario Module: 2)	4	cb0890f942889fb418696470d5f70b8213d4ac0935f2c33e00412b9f55bd5c21		corroborates-contextual-vocabulary	device-model/configurators.md#positions-and-functions	Catalogue field/name scoped to this definition; manufacturer examples do not validate every associated product, numeric domain or deployment
2715	254	-1	-1	DO NOT DISTURB-MAKE UP ROOM reader	A	Area	address of door lock actuator (if not configured, the on board relay of the indicator is used for door lock)	1	3b413581760a9b39af0122cdd81444154640469c92c4a3d03ec63ee4ab2a03e3		corroborates-contextual-vocabulary	device-model/configurators.md#positions-and-functions	Catalogue field/name scoped to this definition; manufacturer examples do not validate every associated product, numeric domain or deployment
2716	254	-1	-1	DO NOT DISTURB-MAKE UP ROOM reader	PL	Light point	address of door lock actuator (if not configured, the on board relay of the indicator is used for door lock)	1	2d42e937da809ac7b2d5dcd66fe0ce26a674e4cdc2e404b530136b2580e9fa95		corroborates-contextual-vocabulary	device-model/configurators.md#positions-and-functions	Catalogue field/name scoped to this definition; manufacturer examples do not validate every associated product, numeric domain or deployment
2718	254	-1	-1	DO NOT DISTURB-MAKE UP ROOM reader	L	led function	0 : Presence ON=occupied, Presence OFF=free; DND Active; MUR Active  1 : Presence ON=occupied, Presence OFF=free; DND Active; MUR Hidden  2 : Presence ON=free, Presence OFF=occupied; DND Active; MUR Active  3 : Presence ON=free, Presence OFF=occupied; DND Active; MUR Hidden  4 : Presence always ON; DND Active; MUR Active  5 : Presence always ON; DND Active; MUR Hidden  6 : Presence always OFF; DND Active; MUR Active  7 : Presence always OFF; DND Active; MUR Hidden	9	7a28cbd4ca84eb6e08431cf435b0dbb76f11a4d3a0e534b87198c2dbb2fdadfc		corroborates-contextual-vocabulary	device-model/configurators.md#system-specific-positions	Catalogue field/name scoped to this definition; manufacturer examples do not validate every associated product, numeric domain or deployment
3347	254	-1	-1	DO NOT DISTURB-MAKE UP ROOM reader	T	Relay timing for door lock acutator	(0=0.5s, 1...9 = 1s...9s)	11	31b42f6177c98685b724c9178dd1299510ef2c768926f63d513c4daf6b53fe97		corroborates-contextual-vocabulary	device-model/configurators.md#system-specific-positions	Catalogue field/name scoped to this definition; manufacturer examples do not validate every associated product, numeric domain or deployment
5475	254	-1	-1	DO NOT DISTURB-MAKE UP ROOM reader	AID	ID	ID	1	a7dd51cb9b0f432a21e7ae377e80fbb105f15bb23e8909f357262342f6316436	********=AID	excluded-as-physical-position	device-model/configurators.md#configuration-modes	Software/identity/function metadata; idx=-1 alone does not prove a socket
2719	255	-1	-1	DO NOT DISTURB-MAKE UP ROOM indicator	R1	Room tens		1	f65f810ca1f1a3cf63e2fe0134d66943b978c0cbe9f79945b56dc2a1414a3ba3		corroborates-contextual-vocabulary	device-model/configurators.md#system-specific-positions	Catalogue field/name scoped to this definition; manufacturer examples do not validate every associated product, numeric domain or deployment
2720	255	-1	-1	DO NOT DISTURB-MAKE UP ROOM indicator	R2	Room unit		1	e41dbf9fbc39c9e43ffab2660e8fbc0ed6325e40c38fef2a48103700d9178254		corroborates-contextual-vocabulary	device-model/configurators.md#system-specific-positions	Catalogue field/name scoped to this definition; manufacturer examples do not validate every associated product, numeric domain or deployment
2721	255	-1	-1	DO NOT DISTURB-MAKE UP ROOM indicator	M	DND/MUR indicator mode	Stand alone with SCE - Value : 0  Stand alone with CEN - Value : 1  With IP Scenario Module - Value : 2	4	a9eb41b816f28e826430bd7ec6b229a97c1443581e3bb5f738f8854fbb304777		corroborates-contextual-vocabulary	device-model/configurators.md#positions-and-functions	Catalogue field/name scoped to this definition; manufacturer examples do not validate every associated product, numeric domain or deployment
2722	255	-1	-1	DO NOT DISTURB-MAKE UP ROOM indicator	L	led function	0 : Presence ON=occupied, Presence OFF=free; DND Active; MUR Active 1 : Presence ON=occupied, Presence OFF=free; DND Active; MUR Hidden 2 : Presence ON=free, Presence OFF=occupied; DND Active; MUR Active 3 : Presence ON=free, Presence OFF=occupied; DND Active; MUR Hidden 4 : Presence always ON; DND Active; MUR Active 5 : Presence always ON; DND Active; MUR Hidden 6 : Presence always OFF; DND Active; MUR Active 7 : Presence always OFF; DND Active; MUR Hidden	9	0695762bdd274b3b3da66f319760015aa85f66381cfa27c086329ce58190f89f		corroborates-contextual-vocabulary	device-model/configurators.md#system-specific-positions	Catalogue field/name scoped to this definition; manufacturer examples do not validate every associated product, numeric domain or deployment
5476	255	-1	-1	DO NOT DISTURB-MAKE UP ROOM indicator	AID	ID	ID	1	3fd30551e23213dea8387c3d19012abaa15200dcfa2290f59d1b8fa998135b80	********=AID	excluded-as-physical-position	device-model/configurators.md#configuration-modes	Software/identity/function metadata; idx=-1 alone does not prove a socket
2775	260	5	2	Probe with regulation	ZA	ZA	ZA thermo zone address	1	7b0bc0e26f977cf2623c1b398417f2c954973f92dd57f51e89f30f286e9fbd57		corroborates-contextual-vocabulary	device-model/configurators.md#system-specific-positions	Catalogue field/name scoped to this definition; manufacturer examples do not validate every associated product, numeric domain or deployment
2776	260	5	2	Probe with regulation	ZB	ZB	ZB thermo zone address	1	f07c93427076dadaa54074555b2be8652fa1c65344c7c5e777d6bb5955e4f262		corroborates-contextual-vocabulary	device-model/configurators.md#system-specific-positions	Catalogue field/name scoped to this definition; manufacturer examples do not validate every associated product, numeric domain or deployment
2777	260	5	2	Probe with regulation	SLA	SLA	Thermoregulation slave probe	1	33bf40b2e67b03f9ac754af5eae8ef75c9c5bf011c53e279038ff517f7bc9d12		corroborates-contextual-vocabulary	device-model/configurators.md#system-specific-positions	Catalogue field/name scoped to this definition; manufacturer examples do not validate every associated product, numeric domain or deployment
5477	260	5	2	Probe with regulation	AID	ID	ID	1	09fbf3445b01392d0a27dec1c406103a67ce1e42d9051fec0f6e57a9cc51433b	********=AID	excluded-as-physical-position	device-model/configurators.md#configuration-modes	Software/identity/function metadata; idx=-1 alone does not prove a socket
2778	261	5	2	Fan-coil probe	ZA	ZA	ZA thermo zone address	1	ff8164eb5efce20e38c70c2ff7dc45ad3eeca24bc1b4d37478e979143187ce14		corroborates-contextual-vocabulary	device-model/configurators.md#system-specific-positions	Catalogue field/name scoped to this definition; manufacturer examples do not validate every associated product, numeric domain or deployment
2779	261	5	2	Fan-coil probe	ZB	ZB	ZB thermo zone address	1	66c429682b0edd4d0001d3085384aae0d84d934d392402ea9ea4a94941cc634f		corroborates-contextual-vocabulary	device-model/configurators.md#system-specific-positions	Catalogue field/name scoped to this definition; manufacturer examples do not validate every associated product, numeric domain or deployment
2780	261	5	2	Fan-coil probe	SLA	SLA	Thermoregulation slave probe	1	969ebe02112bd291bdb62171546777d9416508aac9b3ad194c2db0ef7a8357e7		corroborates-contextual-vocabulary	device-model/configurators.md#system-specific-positions	Catalogue field/name scoped to this definition; manufacturer examples do not validate every associated product, numeric domain or deployment
5478	261	5	2	Fan-coil probe	AID	ID	ID	1	4add8f4b15eeeffdcd8adb2c49ba7c1d7dac4bb7c27a23583db5a3f3ab956a60	********=AID	excluded-as-physical-position	device-model/configurators.md#configuration-modes	Software/identity/function metadata; idx=-1 alone does not prove a socket
5479	281	-1	-1	Room Controller 2 Outputs 16 Amps	AID	ID	ID	1	487bedfb5b956e2fe0c5d192673e53b87be28b9d8595843b39c5a64b05d66f18	********=AID	excluded-as-physical-position	device-model/configurators.md#configuration-modes	Software/identity/function metadata; idx=-1 alone does not prove a socket
5480	284	-1	-1	Room Controller 2 Dim Outputs All loads 1000W	AID	ID	ID	1	cdd7f468271216e3ca14240d1d17a8f1a3f7b489afe80c53f6fdf01e562ba636	********=AID	excluded-as-physical-position	device-model/configurators.md#configuration-modes	Software/identity/function metadata; idx=-1 alone does not prove a socket
5481	285	-1	-1	Room Controller 1 Output 16 Amps - Blind devi	AID	ID	ID	1	cc94c84e15459cbb5c82f10a0ec8e6655715dfcbeeb064638e8adebe148a4b53	********=AID	excluded-as-physical-position	device-model/configurators.md#configuration-modes	Software/identity/function metadata; idx=-1 alone does not prove a socket
5482	300	-1	-1	Room Controller 1 Output 16 Amps	AID	ID	ID	1	3e1fbdd0860ee785ceac46f7972bc06900c2f543eaf1ad38d800659133ee2db6	********=AID	excluded-as-physical-position	device-model/configurators.md#configuration-modes	Software/identity/function metadata; idx=-1 alone does not prove a socket
5483	376	-1	-1	Gateway SCS / ZIGBEE	AID	ID	ID	1	07f4d1e9eb7de342b8abfdd703aba3242ef52496a42c631ea7a938ad2eb512df	********=AID	excluded-as-physical-position	device-model/configurators.md#configuration-modes	Software/identity/function metadata; idx=-1 alone does not prove a socket
5484	377	-1	-1	Room controller - Dimmer 4 Outputs Dali	AID	ID	ID	1	a56728693dbec9124fb85ee7111f03d421ad9b5b473f5224fafac07289f3b1c1	********=AID	excluded-as-physical-position	device-model/configurators.md#configuration-modes	Software/identity/function metadata; idx=-1 alone does not prove a socket
3587	405	1	0	Energy display 2 modules	M1	Energy display basic mode for installation in France	Basic mode 1 (0-9, with M2=0)	11	7fc834b9c186e1316a1797fa7a69a7daf7d2452dfb83d21402e335c1a6e80320		corroborates-contextual-vocabulary	device-model/configurators.md#positions-and-functions	Catalogue field/name scoped to this definition; manufacturer examples do not validate every associated product, numeric domain or deployment
3588	405	1	0	Energy display 2 modules	M2	Energy display basic mode for installation in Italy	Basic mode 2 (0-6, with M1=0)	8	0dcf1d29c00e06fabf7a5d9233df727c1821da6da9fb17850159e6bdf7de4772		corroborates-contextual-vocabulary	device-model/configurators.md#positions-and-functions	Catalogue field/name scoped to this definition; manufacturer examples do not validate every associated product, numeric domain or deployment
5485	405	1	0	Energy display 2 modules	AID	ID	ID	1	5aaa47047bb0c6dccaa1d0ee4775c56534701bc6f23a852bc16d464011c5b615	********=AID	excluded-as-physical-position	device-model/configurators.md#configuration-modes	Software/identity/function metadata; idx=-1 alone does not prove a socket
3776	406	1	0	Pulses counter interface	MUL	Energy pulse counter multiplying coefficient	Multiplying coefficient (0-6)	1	2e2153ede6efe62698836c4f1b47b53306c5f02f4eb475db8d58533e8e31b294		corroborates-contextual-vocabulary	device-model/configurators.md#system-specific-positions	Catalogue field/name scoped to this definition; manufacturer examples do not validate every associated product, numeric domain or deployment
3777	406	1	0	Pulses counter interface	DIV	Energy pulse counter dividing coefficient	Dividing coefficient (0-7)	1	2c32a00229b103daed3f9a73ae4daee1e2709cf25cc698651175aa53d87df104		corroborates-contextual-vocabulary	device-model/configurators.md#system-specific-positions	Catalogue field/name scoped to this definition; manufacturer examples do not validate every associated product, numeric domain or deployment
3778	406	1	0	Pulses counter interface	A2	Energy pulse counter address - tens	address - tens (0-9)	1	b23de357ac5e063a4b0fc63d32dcdeb0d574f38496df6889450d779f9b113754		corroborates-contextual-vocabulary	device-model/configurators.md#positions-and-functions	Catalogue field/name scoped to this definition; manufacturer examples do not validate every associated product, numeric domain or deployment
3779	406	1	0	Pulses counter interface	A3	Energy pulse counter address - units	address - units (0-9)	1	6590fa662fa732586a67d4ba10cb3a2379c9757859e3e46d7f532025ae38c1f0		corroborates-contextual-vocabulary	device-model/configurators.md#positions-and-functions	Catalogue field/name scoped to this definition; manufacturer examples do not validate every associated product, numeric domain or deployment
3780	406	1	0	Pulses counter interface	A1	Energy pulse counter address - hundreds	address - hundreds (0-1)	1	3dfe861382de7b957ec88a722c4a93ce43bb1bc4b3ac796dcbaca03dce35c0f2		corroborates-contextual-vocabulary	device-model/configurators.md#positions-and-functions	Catalogue field/name scoped to this definition; manufacturer examples do not validate every associated product, numeric domain or deployment
5486	406	1	0	Pulses counter interface	AID	ID	ID	1	10660ede7affda0ffa8fb3676d0ab63b255991e002917043f1730277b24bd3d1	********=AID	excluded-as-physical-position	device-model/configurators.md#configuration-modes	Software/identity/function metadata; idx=-1 alone does not prove a socket
3726	545	1	0	IP server	LAN_IP_ADDRESS	Local IP address		1	2c6afb99f8e9686631f8df007f22ab0865c0d549068373ada99001a66400e8dd	###.###.###.###=Local IP address	excluded-as-physical-position	device-model/configurators.md#configuration-modes	Software/identity/function metadata; idx=-1 alone does not prove a socket
3728	545	1	0	IP server	FW_VER	Firmware version		1	e91a72338bd13c83453da31c3e04bc3d474455c1881dd846ea3fcfac755928b5	######=Firmware version	excluded-as-physical-position	device-model/configurators.md#configuration-modes	Software/identity/function metadata; idx=-1 alone does not prove a socket
5487	545	1	0	IP server	AID	ID	ID	1	506e118a2e6700e737bf7556aed40945368efa9c04365bc408e58f90851dbabe	********=AID	excluded-as-physical-position	device-model/configurators.md#configuration-modes	Software/identity/function metadata; idx=-1 alone does not prove a socket
3740	546	1	0	CLASSE100 X12B	N	Internal Unit address - units		1	bc2ab197389cd5c6dafa26bb9ea7e4d4d5dd204273a7f640149674cbd58f4484		corroborates-contextual-vocabulary	device-model/configurators.md#system-specific-positions	Catalogue field/name scoped to this definition; manufacturer examples do not validate every associated product, numeric domain or deployment
3741	546	1	0	CLASSE100 X12B	P	Associated external unit		1	a8986240d8c980a341070366758af28347104840b745e8974f0df0c62f6cc3d4		corroborates-contextual-vocabulary	device-model/configurators.md#system-specific-positions	Catalogue field/name scoped to this definition; manufacturer examples do not validate every associated product, numeric domain or deployment
3742	546	1	0	CLASSE100 X12B	M1	Energy display basic mode for installation in France		9	782f61b6018f236f2c565697670b01adc05bb6bf5f51b9af78c6b7f239407c3d		corroborates-contextual-vocabulary	device-model/configurators.md#positions-and-functions	Catalogue field/name scoped to this definition; manufacturer examples do not validate every associated product, numeric domain or deployment
3745	546	1	0	CLASSE100 X12B	M2	Video Door Entry Mode for 100X12B		1	705db7aeb6979cda1c2b8730e0439925a0ea52761f5c1fee991881359cc2dc10		corroborates-contextual-vocabulary	device-model/configurators.md#positions-and-functions	Catalogue field/name scoped to this definition; manufacturer examples do not validate every associated product, numeric domain or deployment
5488	546	1	0	CLASSE100 X12B	AID	ID	ID	1	6a2aa2f9633ad2b477fb633cf8948b5534e8ccf9be91032d3bb4417180ec7729	********=AID	excluded-as-physical-position	device-model/configurators.md#configuration-modes	Software/identity/function metadata; idx=-1 alone does not prove a socket
4000	558	2	0	MyHOME_Screen 10 Capacitive	LAN_IP_ADDRESS	Local IP address		1	bda2a4f9c8d5e011e9a0a369595e0631286a8af037c94d3a926ae413f2d5e134	###.###.###.###=Local IP address	excluded-as-physical-position	device-model/configurators.md#configuration-modes	Software/identity/function metadata; idx=-1 alone does not prove a socket
4001	558	2	0	MyHOME_Screen 10 Capacitive	FW_VER	Firmware version		1	3b77dea6e8bacd1069752b033eada2470d3c132356b6c848814f713ebbf128c2	######=Firmware version	excluded-as-physical-position	device-model/configurators.md#configuration-modes	Software/identity/function metadata; idx=-1 alone does not prove a socket
4002	558	2	0	MyHOME_Screen 10 Capacitive	SYSADDRESS	Univocal code		1	c685f3c8414ba9f6d6fdfb36277dfc8c44518185341ba3adb2c8a43bba82cd26	######=Univocal code	excluded-as-physical-position	device-model/configurators.md#configuration-modes	Software/identity/function metadata; idx=-1 alone does not prove a socket
5489	558	2	0	MyHOME_Screen 10 Capacitive	AID	ID	ID	1	11dcc3ee72a69366d8f55e8db7e177c6b8451adec61d6a8c7809981b48289752	********=AID	excluded-as-physical-position	device-model/configurators.md#configuration-modes	Software/identity/function metadata; idx=-1 alone does not prove a socket
3616	560	2	0	MyHOME_Screen 10	LAN_IP_ADDRESS	Local IP address		1	158c0761774142e4519f61d3149eac1441de016f280690cc326ff986e6da20b8	###.###.###.###=Local IP address	excluded-as-physical-position	device-model/configurators.md#configuration-modes	Software/identity/function metadata; idx=-1 alone does not prove a socket
3617	560	2	0	MyHOME_Screen 10	FW_VER	Firmware version		1	7b53837b17c3a0fd6efedaf9340374cb9820cceb56f5432cc2cb9355ab2f2645	######=Firmware version	excluded-as-physical-position	device-model/configurators.md#configuration-modes	Software/identity/function metadata; idx=-1 alone does not prove a socket
3618	560	2	0	MyHOME_Screen 10	SYSADDRESS	Univocal code		1	fb47ab7c1e1d9c0d2a264e15fb8de2b2e539e7a62559c50c471863e16d8c6d1d	######=Univocal code	excluded-as-physical-position	device-model/configurators.md#configuration-modes	Software/identity/function metadata; idx=-1 alone does not prove a socket
5490	560	2	0	MyHOME_Screen 10	AID	ID	ID	1	5ffd1d2a0cb927e094f7086413dcc54a3cb815181993752ec2588792afab4b93	********=AID	excluded-as-physical-position	device-model/configurators.md#configuration-modes	Software/identity/function metadata; idx=-1 alone does not prove a socket
3670	561	1	0	Scenario programmer	FW_VER	Firmware version		1	3dd8eb57c825b3c8a7e3622e87844eb88a9b0576aa3d91df957255f377d6fb9f	######=Firmware version	excluded-as-physical-position	device-model/configurators.md#configuration-modes	Software/identity/function metadata; idx=-1 alone does not prove a socket
3671	561	1	0	Scenario programmer	SYSADDRESS	Univocal code		1	69b168027b8105403b8b23d2f01b283028ac17799407a159fe236ef7d2f1ffda	######=Univocal code	excluded-as-physical-position	device-model/configurators.md#configuration-modes	Software/identity/function metadata; idx=-1 alone does not prove a socket
3739	561	1	0	Scenario programmer	LAN_IP_ADDRESS	Local IP address		1	846c879755d20fa9e258a3d0a00c65df05ea7c5962bb25e80d5096b480c5632a	###.###.###.###=Local IP address	excluded-as-physical-position	device-model/configurators.md#configuration-modes	Software/identity/function metadata; idx=-1 alone does not prove a socket
5491	561	1	0	Scenario programmer	AID	ID	ID	1	90ea5fb8cb6408156660daa164ecb5087ebcb4403fac9ea1a0c3f8df592cde8b	********=AID	excluded-as-physical-position	device-model/configurators.md#configuration-modes	Software/identity/function metadata; idx=-1 alone does not prove a socket
3675	562	1	1	IP scenario module	IS_GATEWAY	Gateway		3	0ecca709398eed0db2849d313a647277213f5fa4c66a8da4cda2bb641b31b815	0=Disable;1=Enable	excluded-as-physical-position	device-model/configurators.md#configuration-modes	Software/identity/function metadata; idx=-1 alone does not prove a socket
3676	562	1	1	IP scenario module	FW_VER	Firmware version		1	28be9bd0663ef1fb5b779d3ac5db3406db1f1192c98ed60989a0f48637b81e86	######=Firmware version	excluded-as-physical-position	device-model/configurators.md#configuration-modes	Software/identity/function metadata; idx=-1 alone does not prove a socket
3677	562	1	1	IP scenario module	CMD_PORT	Commands port		1	aa06c50dbf2a58c53452c50df095574736fb291dc775dee286a1545e90d6e6e8	#####=Commands port	excluded-as-physical-position	device-model/configurators.md#configuration-modes	Software/identity/function metadata; idx=-1 alone does not prove a socket
3678	562	1	1	IP scenario module	LAN_IP_ADDRESS	Local IP address		1	7933b1e2f74de4779f53a29be8b12e4e93fa4b32a89762a2b84a7cb206a241f9	###.###.###.###=Local IP address	excluded-as-physical-position	device-model/configurators.md#configuration-modes	Software/identity/function metadata; idx=-1 alone does not prove a socket
3679	562	1	1	IP scenario module	LAN_IP_ADDR_TYPE	Local IP dynamicity		3	04a045fcf21603046e529dc421bf3f9053a72c5f7273df037f7719a8f98ff9c0	0=Static IP;1=Dynamic IP (DHCP)	excluded-as-physical-position	device-model/configurators.md#configuration-modes	Software/identity/function metadata; idx=-1 alone does not prove a socket
3680	562	1	1	IP scenario module	SYSADDRESS	Univocal code		1	b5c5526045e98324b3caf6a144227736de8331a943b42f93cc7847d34cc365b3	######=Univocal code	excluded-as-physical-position	device-model/configurators.md#configuration-modes	Software/identity/function metadata; idx=-1 alone does not prove a socket
5492	562	1	1	IP scenario module	AID	ID	ID	1	d28a0284e33edca9ec4dd950a5bb5113cd2501493c719bb516e13fb39e2c5c9d	********=AID	excluded-as-physical-position	device-model/configurators.md#configuration-modes	Software/identity/function metadata; idx=-1 alone does not prove a socket
3707	581	2	0	Proximity reader module	AC_A	A	local address hundreds configurator	1	c792bfc3208ac6cdb9f019756c901c8bfd148c6077f691d6b60c518087289b46		corroborates-contextual-vocabulary	device-model/configurators.md#system-specific-positions	Catalogue field/name scoped to this definition; manufacturer examples do not validate every associated product, numeric domain or deployment
3708	581	2	0	Proximity reader module	AC_B	B	local address tenths configurator	1	f50706856a8bdab4ef63a171612701a450486564a5875c32aaca83dab059651c		corroborates-contextual-vocabulary	device-model/configurators.md#system-specific-positions	Catalogue field/name scoped to this definition; manufacturer examples do not validate every associated product, numeric domain or deployment
3709	581	2	0	Proximity reader module	AC_C	C	local address units configurator	1	30bb93789d3838cd41fa79aba3daec14bbaa2ea98a9f01105b3f56bb3d53d6ec		corroborates-contextual-vocabulary	device-model/configurators.md#system-specific-positions	Catalogue field/name scoped to this definition; manufacturer examples do not validate every associated product, numeric domain or deployment
3710	581	2	0	Proximity reader module	AC_M	M	operating mode configurator  Local management main master only: 0) (Local management apt masters: 1) (Remote management: 2	4	76177d82c6cec5590703e3313e4d215377c6b1047686b89fec299b04ee3b4924		corroborates-contextual-vocabulary	device-model/configurators.md#system-specific-positions	Catalogue field/name scoped to this definition; manufacturer examples do not validate every associated product, numeric domain or deployment
3711	581	2	0	Proximity reader module	AC_T	T	local relay timing	1	9544e973f97524d78658c37a907f6338c92fd5446e667ad78ecd7bdfcd845a5e		corroborates-contextual-vocabulary	device-model/configurators.md#system-specific-positions	Catalogue field/name scoped to this definition; manufacturer examples do not validate every associated product, numeric domain or deployment
5493	581	2	0	Proximity reader module	AID	ID	ID	1	973ee9276e87e2003f14d8014c0969cddfb2acfbfc621117cdcc687e8bb0ac29	********=AID	excluded-as-physical-position	device-model/configurators.md#configuration-modes	Software/identity/function metadata; idx=-1 alone does not prove a socket
3729	585	1	2	Central unit access control 1 head Vigik 	AC_C1	C1	local address tenths configurator	1	420d253e5badd7c2477623a367169ca55d8a2833ed28bd7515da4abb23d53481		excluded-unverified-position-function	device-model/configurators.md#evidence-limits	Inventoried exact definition/domain; no new manufacturer-verified function/range claim for this symbol in this review
3730	585	1	2	Central unit access control 1 head Vigik 	AC_C0	C0	local address units configurator	1	e7d768c65dfb2364c3eca8dfa40e1cff79b981da32e80337df002548db03f2c6		excluded-unverified-position-function	device-model/configurators.md#evidence-limits	Inventoried exact definition/domain; no new manufacturer-verified function/range claim for this symbol in this review
3731	585	1	2	Central unit access control 1 head Vigik 	AC_P1	P1	EU address tenths configurator	1	ec43de046bdb09af7fc4bdd67e762352e8e80112dc7701e46558c1ec1a2add4b		excluded-unverified-position-function	device-model/configurators.md#evidence-limits	Inventoried exact definition/domain; no new manufacturer-verified function/range claim for this symbol in this review
3732	585	1	2	Central unit access control 1 head Vigik 	AC_P0	P0	EU address units configurator	1	843ebb96a85c9d301a3db86e387dc6331ee4375973b15a34b4b3d21fc63806ad		excluded-unverified-position-function	device-model/configurators.md#evidence-limits	Inventoried exact definition/domain; no new manufacturer-verified function/range claim for this symbol in this review
3733	585	1	2	Central unit access control 1 head Vigik 	AC_CU_M	M	central unit operating mode	1	6842018e2d191ecaa5598cf4540e63f3ddcd12d7431715e7977c4972d352606a		excluded-unverified-position-function	device-model/configurators.md#evidence-limits	Inventoried exact definition/domain; no new manufacturer-verified function/range claim for this symbol in this review
3734	585	1	2	Central unit access control 1 head Vigik 	AC_T	T	local relay timing	1	5424421f504e5da68f85763f11ebea85bc6ab1022ceb7c594180796807d9b4dd		corroborates-contextual-vocabulary	device-model/configurators.md#system-specific-positions	Catalogue field/name scoped to this definition; manufacturer examples do not validate every associated product, numeric domain or deployment
5494	585	1	2	Central unit access control 1 head Vigik 	AID	ID	ID	1	767bc21b3392b666721e39a82743fa4b355d80edf51fd7a5f4c22275fe47ee2e	********=AID	excluded-as-physical-position	device-model/configurators.md#configuration-modes	Software/identity/function metadata; idx=-1 alone does not prove a socket
5495	587	1	1	Local portable programmer	AID	ID	ID	1	86adada77e4e5acb6e41732e4f51374601f9bf6de18349652fa6c150402b0571	********=AID	excluded-as-physical-position	device-model/configurators.md#configuration-modes	Software/identity/function metadata; idx=-1 alone does not prove a socket
3798	589	1	0	Basic gateway	IS_GATEWAY	Gateway		3	a1d1e96c274bd155e2699227a10d4d1ff037185f483cfa7d02ddb178b7654bde	0=Disable;1=Enable	excluded-as-physical-position	device-model/configurators.md#configuration-modes	Software/identity/function metadata; idx=-1 alone does not prove a socket
3799	589	1	0	Basic gateway	LAN_IP_ADDRESS	Local IP address		1	1b1082bd83c4331320cfdfb0ffa185fc9047a19366538845f67166861726c0d3	###.###.###.###=Local IP address	excluded-as-physical-position	device-model/configurators.md#configuration-modes	Software/identity/function metadata; idx=-1 alone does not prove a socket
3800	589	1	0	Basic gateway	LAN_IP_ADDR_TYPE	Local IP dynamicity		3	c944d56b4b468e7f2d187dc1c1f2e4790b516c6e96220306a92e15de9d7614d2	0=Static IP;1=Dynamic IP (DHCP)	excluded-as-physical-position	device-model/configurators.md#configuration-modes	Software/identity/function metadata; idx=-1 alone does not prove a socket
3801	589	1	0	Basic gateway	IP_ADDRESS	Public IP address		1	9e2a0ce468f167efc99c1a0739a212b5da1c724e749dd492fa5ad817265df1d0	###.###.###.###=Public IP address	excluded-as-physical-position	device-model/configurators.md#configuration-modes	Software/identity/function metadata; idx=-1 alone does not prove a socket
3802	589	1	0	Basic gateway	CONNECTION_METHOD	Public IP dynamicity		4	0fc3035f4bd43cdde7fefc1c75c772353c2324f5d0491980916cf42bd1a2638e	0=Dynamic IP (DHCP);1=Static IP;2=Web active connections	excluded-as-physical-position	device-model/configurators.md#configuration-modes	Software/identity/function metadata; idx=-1 alone does not prove a socket
3803	589	1	0	Basic gateway	CMD_PORT	Commands port		1	9c9eafcdd9c3a87c875035f4160aaf32bdd265ce99b8eaa7793ad6f449b61011	#####=Commands port	excluded-as-physical-position	device-model/configurators.md#configuration-modes	Software/identity/function metadata; idx=-1 alone does not prove a socket
3804	589	1	0	Basic gateway	FW_VER	Firmware version		1	3bef85ec500f78d2e698fe242250941b69140d86d0a82decc82902d5f47624cb	######=Firmware version	excluded-as-physical-position	device-model/configurators.md#configuration-modes	Software/identity/function metadata; idx=-1 alone does not prove a socket
5496	589	1	0	Basic gateway	AID	ID	ID	1	d4c04d8de15d38283239c972302dfba305fc6da999e14d66a8ea303cfdb05420	********=AID	excluded-as-physical-position	device-model/configurators.md#configuration-modes	Software/identity/function metadata; idx=-1 alone does not prove a socket
4047	590	1	0	2x1,6A universal dimmer, 4DIN	A	Area	Area	1	fefc028b2124defe694664cee9e218ad73c4e963a85776765a9156b149afa6e3		corroborates-contextual-vocabulary	device-model/configurators.md#positions-and-functions	Catalogue field/name scoped to this definition; manufacturer examples do not validate every associated product, numeric domain or deployment
4048	590	1	0	2x1,6A universal dimmer, 4DIN	PL1	Lighting point for channel 1	Lighting point for channel 1	1	19503a30198f4900c4034ad52b7f5838207288d7b831d1dd03f83d0bcbf36f6b		corroborates-contextual-vocabulary	device-model/configurators.md#positions-and-functions	Catalogue field/name scoped to this definition; manufacturer examples do not validate every associated product, numeric domain or deployment
4049	590	1	0	2x1,6A universal dimmer, 4DIN	PL2	Lighting point for channel 2	Lighting point for channel 2	1	272757b69ee1a7b8a1877d21cb3d85d2a818d21fa39798444427c108eb9c9c3d		corroborates-contextual-vocabulary	device-model/configurators.md#positions-and-functions	Catalogue field/name scoped to this definition; manufacturer examples do not validate every associated product, numeric domain or deployment
4050	590	1	0	2x1,6A universal dimmer, 4DIN	M	Modality	Modality	8	54edfb49f77e13f422374308e4bbb269b11c08c91887e9bc3b3067e47e15c0c5	11=SLA;15=PUL	corroborates-contextual-vocabulary	device-model/configurators.md#positions-and-functions	Catalogue field/name scoped to this definition; manufacturer examples do not validate every associated product, numeric domain or deployment
4051	590	1	0	2x1,6A universal dimmer, 4DIN	G	Group	Group	1	93125a70f9030c4ed70e56ca0143694a21d6ffc3f240730b256381603d8dafaa		corroborates-contextual-vocabulary	device-model/configurators.md#positions-and-functions	Catalogue field/name scoped to this definition; manufacturer examples do not validate every associated product, numeric domain or deployment
4053	590	1	0	2x1,6A universal dimmer, 4DIN	TY	Load type	Load type	5	21fe8e29f8fde3e88b9f4c4b4f75c1458a4bb5eb9ef833ab021a03fe0239cecd		corroborates-contextual-vocabulary	device-model/configurators.md#positions-and-functions	Catalogue field/name scoped to this definition; manufacturer examples do not validate every associated product, numeric domain or deployment
4056	590	1	0	2x1,6A universal dimmer, 4DIN	MIN1	Minimum level for channel 1	Minimum level for channel 1	11	8f9be9d3fdafe013e11be39f5615d02e250011982b59bcc63321755e50bcdff9		corroborates-contextual-vocabulary	device-model/configurators.md#positions-and-functions	Catalogue field/name scoped to this definition; manufacturer examples do not validate every associated product, numeric domain or deployment
4057	590	1	0	2x1,6A universal dimmer, 4DIN	MIN2	Minimum level for channel 2	Minimum level for channel 2	11	58c363c5246501e29f24f4b1275242a41d3ec2dc32f1a2241ba0236a5da3da58		corroborates-contextual-vocabulary	device-model/configurators.md#positions-and-functions	Catalogue field/name scoped to this definition; manufacturer examples do not validate every associated product, numeric domain or deployment
5497	590	1	0	2x1,6A universal dimmer, 4DIN	AID	ID	ID	1	4de4f25de9e69bd846eddad568ac9ae30d8ef61f4a7bdca29b05bf659fd051bb	********=AID	excluded-as-physical-position	device-model/configurators.md#configuration-modes	Software/identity/function metadata; idx=-1 alone does not prove a socket
3828	599	2	0	IP scenario module	IS_GATEWAY	Gateway		3	e0e4095d052452fefde886cb517278bc95a29106f000a0ae1548e974124de22c	0=Disable;1=Enable	excluded-as-physical-position	device-model/configurators.md#configuration-modes	Software/identity/function metadata; idx=-1 alone does not prove a socket
3829	599	2	0	IP scenario module	FW_VER	Firmware version		1	26e0cbc2d9631f3c294b6c957432e6acdd9992a3331dae0a98d54a9b919cfb0e	######=Firmware version	excluded-as-physical-position	device-model/configurators.md#configuration-modes	Software/identity/function metadata; idx=-1 alone does not prove a socket
3830	599	2	0	IP scenario module	CMD_PORT	Commands port		1	f5752a84f2a9098cee0608a850f66711f9eb19a9543896cb896ed80828ea104a	#####=Commands port	excluded-as-physical-position	device-model/configurators.md#configuration-modes	Software/identity/function metadata; idx=-1 alone does not prove a socket
3831	599	2	0	IP scenario module	LAN_IP_ADDRESS	Local IP address		1	f12f33625338076dc2d3d09cfa830d5029e31c2cc6efa801c9d04abe406e3a87	###.###.###.###=Local IP address	excluded-as-physical-position	device-model/configurators.md#configuration-modes	Software/identity/function metadata; idx=-1 alone does not prove a socket
3832	599	2	0	IP scenario module	LAN_IP_ADDR_TYPE	Local IP dynamicity		3	685b5d7ef0f05cfbaaa0d24c2ca3965aea78cb595216f306183b0f0821f63914	0=Static IP;1=Dynamic IP (DHCP)	excluded-as-physical-position	device-model/configurators.md#configuration-modes	Software/identity/function metadata; idx=-1 alone does not prove a socket
3833	599	2	0	IP scenario module	SYSADDRESS	Univocal code		1	5b9bb8069b455cc0759469b4787ed6c057742ebb0aa6ade8e179ee45b8cd858a	######=Univocal code	excluded-as-physical-position	device-model/configurators.md#configuration-modes	Software/identity/function metadata; idx=-1 alone does not prove a socket
5498	599	2	0	IP scenario module	AID	ID	ID	1	995e81126953c8755f0dc4e08324feac4e518b81010970f653205d4d909c3758	********=AID	excluded-as-physical-position	device-model/configurators.md#configuration-modes	Software/identity/function metadata; idx=-1 alone does not prove a socket
3840	616	5	0	Video Display	M	M	(0-6)	1	64e9b0cdf71a1c2ce079763dc44b87b23f645fb051df2ead11d0457b3df0096c		corroborates-contextual-vocabulary	device-model/configurators.md#positions-and-functions	Catalogue field/name scoped to this definition; manufacturer examples do not validate every associated product, numeric domain or deployment
3841	616	5	0	Video Display	P	P	Configurator P	1	2d52fa340d39d287fa25a62189be2df115a9f10b865425eb5ff68742d4d012c2		corroborates-contextual-vocabulary	device-model/configurators.md#system-specific-positions	Catalogue field/name scoped to this definition; manufacturer examples do not validate every associated product, numeric domain or deployment
3842	616	5	0	Video Display	N_1	N	Configurator N(0-9)	1	9274b8fb8852f182dcf595c986c238c96c39242c70e9860d49003ed6b0123af3		excluded-unverified-position-function	device-model/configurators.md#evidence-limits	Inventoried exact definition/domain; no new manufacturer-verified function/range claim for this symbol in this review
3843	616	5	0	Video Display	N_2	N	Configurator N(0-9)	1	77bb02ca23443582e31103978f3cfc8809ab3489fe3098afac295b561b6780bb		excluded-unverified-position-function	device-model/configurators.md#evidence-limits	Inventoried exact definition/domain; no new manufacturer-verified function/range claim for this symbol in this review
5499	616	5	0	Video Display	AID	ID	ID	1	5975e7b878f5397f4ee71a8454f7710489b93b6239293238c43ae7c27d9e2c93	********=AID	excluded-as-physical-position	device-model/configurators.md#configuration-modes	Software/identity/function metadata; idx=-1 alone does not prove a socket
3848	635	1	2	Audio module	P2	P2	Configurator P2	1	3c6df7ff7552abd552582fb8454616b78f36841fee8365f864808971026bc48e		excluded-unverified-position-function	device-model/configurators.md#evidence-limits	Inventoried exact definition/domain; no new manufacturer-verified function/range claim for this symbol in this review
3849	635	1	2	Audio module	P1	P1	Configurator P1	1	82d08a572dc7ed73d76a988ed5040851fc1618b1f3475b67e53cc37225b15348		excluded-unverified-position-function	device-model/configurators.md#evidence-limits	Inventoried exact definition/domain; no new manufacturer-verified function/range claim for this symbol in this review
3850	635	1	2	Audio module	N2	N2	AssInternalUnitAddrHundreds	1	3a3be109c3640749ed11457350cea419bd3beacee7d228063a35f29170b19dae		corroborates-contextual-vocabulary	device-model/configurators.md#system-specific-positions	Catalogue field/name scoped to this definition; manufacturer examples do not validate every associated product, numeric domain or deployment
3851	635	1	2	Audio module	N1	N1	AssInternalUnitAddrUnits	1	e1243599ec7df2eb45c695549ba19b326ed7fec60c0ae5868aebea5a14f75816		corroborates-contextual-vocabulary	device-model/configurators.md#system-specific-positions	Catalogue field/name scoped to this definition; manufacturer examples do not validate every associated product, numeric domain or deployment
3852	635	1	2	Audio module	S	S	Configurator S (0-4)	1	28958ecb129e33c1d56b803cdcc702b379d134e7945d3b099b6582230469e870		corroborates-contextual-vocabulary	device-model/configurators.md#system-specific-positions	Catalogue field/name scoped to this definition; manufacturer examples do not validate every associated product, numeric domain or deployment
3853	635	1	2	Audio module	T	T	Configurator T (time) - (0-7)	1	255e7f6c5f16ba5906a90927bbfee52d39c0e0e19467b38dd4e420c1f1e6b824		corroborates-contextual-vocabulary	device-model/configurators.md#system-specific-positions	Catalogue field/name scoped to this definition; manufacturer examples do not validate every associated product, numeric domain or deployment
3854	635	1	2	Audio module	M	M	Mode 0-7	1	37e0f79f8db8365db8f6ca6eb318e2f126ac3e3d270b0cc2683061e8369d78ae		corroborates-contextual-vocabulary	device-model/configurators.md#positions-and-functions	Catalogue field/name scoped to this definition; manufacturer examples do not validate every associated product, numeric domain or deployment
5500	635	1	2	Audio module	AID	ID	ID	1	5e17a4824362559dacf63b3aea914393c9530e0eb03a5cc705cecbd2f8f3cb68	********=AID	excluded-as-physical-position	device-model/configurators.md#configuration-modes	Software/identity/function metadata; idx=-1 alone does not prove a socket
3855	636	1	2	A/V module	N2	N2	AssInternalUnitAddrHundreds	1	739bc57d437b914a8b989ac3ec98d467ca3d99ac3d347ed9870d2b4f8442785e		corroborates-contextual-vocabulary	device-model/configurators.md#system-specific-positions	Catalogue field/name scoped to this definition; manufacturer examples do not validate every associated product, numeric domain or deployment
3856	636	1	2	A/V module	N1	N1	AssInternalUnitAddrUnits	1	6a0e7fce863fdcb3b4974e89778570d440a5ab1ad17a466c285b490f36501b3a		corroborates-contextual-vocabulary	device-model/configurators.md#system-specific-positions	Catalogue field/name scoped to this definition; manufacturer examples do not validate every associated product, numeric domain or deployment
3857	636	1	2	A/V module	P2	P2	Configurator P2	1	26bd6994a8fc90b3f98f4e176fd1c34974e2b6a4953474295585df25825b1175		excluded-unverified-position-function	device-model/configurators.md#evidence-limits	Inventoried exact definition/domain; no new manufacturer-verified function/range claim for this symbol in this review
3858	636	1	2	A/V module	P1	P1	Configurator P1	1	f325798e9cf85c73b011199c0aa1a26ab7474e455ed2cde4314f8b12816062e0		excluded-unverified-position-function	device-model/configurators.md#evidence-limits	Inventoried exact definition/domain; no new manufacturer-verified function/range claim for this symbol in this review
3859	636	1	2	A/V module	S	S	Configurator S (0-4)	1	b79ba6132e15553d097f34646817e9645fc10c5c615928d8a524b3a90d2221a4		corroborates-contextual-vocabulary	device-model/configurators.md#system-specific-positions	Catalogue field/name scoped to this definition; manufacturer examples do not validate every associated product, numeric domain or deployment
3860	636	1	2	A/V module	T	T	Configurator T (time) - (0-7)	1	ce4e09ed6c8b9da48fa9d949d189fc8306a82691abda4b8a567e592141448ecc		corroborates-contextual-vocabulary	device-model/configurators.md#system-specific-positions	Catalogue field/name scoped to this definition; manufacturer examples do not validate every associated product, numeric domain or deployment
3861	636	1	2	A/V module	M	M	Mode 0-7	1	2cbf8afab9744b0dfdcfd44d0004507dc8003d0d8cd94dfd84922d9bb1434f08		corroborates-contextual-vocabulary	device-model/configurators.md#positions-and-functions	Catalogue field/name scoped to this definition; manufacturer examples do not validate every associated product, numeric domain or deployment
5501	636	1	2	A/V module	AID	ID	ID	1	cf0456286462df1f07087060f0ee0ec22784fa75d95f8e754d1a6e09c09a0afb	********=AID	excluded-as-physical-position	device-model/configurators.md#configuration-modes	Software/identity/function metadata; idx=-1 alone does not prove a socket
3862	637	1	2	Wide angle A/V module	P2	P2	Configurator P2	1	94d17e965d0f9ce46da21f42ab27b9709a75fe4daa831db4ca4c2fe72f7454a9		excluded-unverified-position-function	device-model/configurators.md#evidence-limits	Inventoried exact definition/domain; no new manufacturer-verified function/range claim for this symbol in this review
3863	637	1	2	Wide angle A/V module	P1	P1	Configurator P1	1	29317e258e76fa5ac53cf08c24e1faa96d959b2f808bd5ac1ba9738cb0b5dd48		excluded-unverified-position-function	device-model/configurators.md#evidence-limits	Inventoried exact definition/domain; no new manufacturer-verified function/range claim for this symbol in this review
3864	637	1	2	Wide angle A/V module	N2	N2	AssInternalUnitAddrHundreds	1	156bb6555d088a576cb3c1daf44de0ad54daf5e1977dcc8742c1574cbf874a97		corroborates-contextual-vocabulary	device-model/configurators.md#system-specific-positions	Catalogue field/name scoped to this definition; manufacturer examples do not validate every associated product, numeric domain or deployment
3865	637	1	2	Wide angle A/V module	N1	N1	AssInternalUnitAddrUnits	1	d60e8341ce64a43cd3139dbed107354d2d5a2ae7046a81d763a34a7a797e11f2		corroborates-contextual-vocabulary	device-model/configurators.md#system-specific-positions	Catalogue field/name scoped to this definition; manufacturer examples do not validate every associated product, numeric domain or deployment
3866	637	1	2	Wide angle A/V module	S	S	Configurator S (0-4)	1	23feece661f8ccbfdb270d619fee570fbb48318997a2e78fb45ec4543e6e530a		corroborates-contextual-vocabulary	device-model/configurators.md#system-specific-positions	Catalogue field/name scoped to this definition; manufacturer examples do not validate every associated product, numeric domain or deployment
3867	637	1	2	Wide angle A/V module	T	T	Configurator T (time) - (0-7)	1	4cca2c49175936d9b087237b591f9c58d53b5253a4fec3ea255c84c416d1af31		corroborates-contextual-vocabulary	device-model/configurators.md#system-specific-positions	Catalogue field/name scoped to this definition; manufacturer examples do not validate every associated product, numeric domain or deployment
3868	637	1	2	Wide angle A/V module	M	M	Mode (0-7)	1	93561dbbde81a70af783f26ba727ecb28f373381c766103c77979a9486f29657		corroborates-contextual-vocabulary	device-model/configurators.md#positions-and-functions	Catalogue field/name scoped to this definition; manufacturer examples do not validate every associated product, numeric domain or deployment
5502	637	1	2	Wide angle A/V module	AID	ID	ID	1	f08d35e2ae81ece230591838d882637329e0fb40caf5c72cbaeebb81138c7444	********=AID	excluded-as-physical-position	device-model/configurators.md#configuration-modes	Software/identity/function metadata; idx=-1 alone does not prove a socket
5503	638	2	0	N&D wide angle camera module	AID	ID	ID	1	859e743a675de60d319073e113d112c9471d1a2fc8dc801df248bc525a719761	********=AID	excluded-as-physical-position	device-model/configurators.md#configuration-modes	Software/identity/function metadata; idx=-1 alone does not prove a socket
5504	639	1	3	Display module	AID	ID	ID	1	e31546c6d92eeffe158f2a305a6e2c262892dd50de85f2f6c499309c1778db1b	********=AID	excluded-as-physical-position	device-model/configurators.md#configuration-modes	Software/identity/function metadata; idx=-1 alone does not prove a socket
3869	640	2	0	Keypad module	AC_A	A	local address hundreds configurator	1	19e1962db9887b37aee323bc4f3764033cff8023ba70bcfc604aebe8b5d62f31		corroborates-contextual-vocabulary	device-model/configurators.md#system-specific-positions	Catalogue field/name scoped to this definition; manufacturer examples do not validate every associated product, numeric domain or deployment
3870	640	2	0	Keypad module	AC_B	B	local address tenths configurator	1	aa6431d690b0160a9604b2d6172f25743cafb2a10a2c0a24e29d65a1064f68b6		corroborates-contextual-vocabulary	device-model/configurators.md#system-specific-positions	Catalogue field/name scoped to this definition; manufacturer examples do not validate every associated product, numeric domain or deployment
3871	640	2	0	Keypad module	AC_C	C	local address units configurator	1	dcb31df0d4acb92766679bcf34cf3cfe79f97aa6d11aa90770915120f3d85389		corroborates-contextual-vocabulary	device-model/configurators.md#system-specific-positions	Catalogue field/name scoped to this definition; manufacturer examples do not validate every associated product, numeric domain or deployment
3872	640	2	0	Keypad module	AC_T	T	local relay timing	1	955c85524f95beb8f7993522337929f07a417fede6e933495f85a6b041d6b35f		corroborates-contextual-vocabulary	device-model/configurators.md#system-specific-positions	Catalogue field/name scoped to this definition; manufacturer examples do not validate every associated product, numeric domain or deployment
3873	640	2	0	Keypad module	AC_M	M	operating mode configurator  (Local management: 0) (Remote management: 2)	3	db3d60b0bca5a7ecdb02848c709d92a57f2523936e6ca3953550dfb9da374a8d		corroborates-contextual-vocabulary	device-model/configurators.md#system-specific-positions	Catalogue field/name scoped to this definition; manufacturer examples do not validate every associated product, numeric domain or deployment
5505	640	2	0	Keypad module	AID	ID	ID	1	59eac55870b562c918d8d0c0fafafd7e55404f8ab0489a17330a0a5c496c06b9	********=AID	excluded-as-physical-position	device-model/configurators.md#configuration-modes	Software/identity/function metadata; idx=-1 alone does not prove a socket
5506	641	2	0	Burglar alarm central unit with communicator	AID	ID	ID	1	4489dcce98b354c9537fe07e631b1864f0b755b2970044841ddc736a42cb5b17	********=AID	excluded-as-physical-position	device-model/configurators.md#configuration-modes	Software/identity/function metadata; idx=-1 alone does not prove a socket
3876	659	1	0	2x10A actuator, 2DIN	A	Area		1	b96e8996b3098071e9803e67aedb4fa1a91a60cbb1c7aec44c8489ae912ed3b9		corroborates-contextual-vocabulary	device-model/configurators.md#positions-and-functions	Catalogue field/name scoped to this definition; manufacturer examples do not validate every associated product, numeric domain or deployment
3877	659	1	0	2x10A actuator, 2DIN	PL1	PL1 - (0-9)		1	71c0de243aef9d60bf9aa2a991a1b4603c1f73055841fe5ae2ac3ba143cc0cb3		corroborates-contextual-vocabulary	device-model/configurators.md#positions-and-functions	Catalogue field/name scoped to this definition; manufacturer examples do not validate every associated product, numeric domain or deployment
3878	659	1	0	2x10A actuator, 2DIN	PL2	PL2 - (0-9)		1	707cfd96d38a866d509593e778b0443835b49df0b413caad7780f1bcb455bf1e		corroborates-contextual-vocabulary	device-model/configurators.md#positions-and-functions	Catalogue field/name scoped to this definition; manufacturer examples do not validate every associated product, numeric domain or deployment
3879	659	1	0	2x10A actuator, 2DIN	G1	Group 1		1	50451a518a213e48ab3ee912b2dd5de4ff26f9f80bffe22a6a7d1c89ba7b377e		corroborates-contextual-vocabulary	device-model/configurators.md#positions-and-functions	Catalogue field/name scoped to this definition; manufacturer examples do not validate every associated product, numeric domain or deployment
3880	659	1	0	2x10A actuator, 2DIN	MODE	mode(0-9, sla ,plu)	Mode 5-9 only for light	13	bc42885f8bd29cc423406a3e9ec9a58a14b41908af634a32ca748eb7b4c5aaf2	11=SLA;15=PLU	corroborates-contextual-vocabulary	device-model/configurators.md#positions-and-functions	Catalogue field/name scoped to this definition; manufacturer examples do not validate every associated product, numeric domain or deployment
3882	659	1	0	2x10A actuator, 2DIN	C	Zero crossing - Dry contact	For shutter only value 0 is valid	3	aaaeb28d0788681a0e592f38bf7bc145fcd14f52977289767eaaea0119f44b0c		corroborates-contextual-vocabulary	device-model/configurators.md#positions-and-functions	Catalogue field/name scoped to this definition; manufacturer examples do not validate every associated product, numeric domain or deployment
5507	659	1	0	2x10A actuator, 2DIN	AID	ID	ID	1	d03168a39fdeb80b5494f6fe4beaaf87932a6c72d669fa313ccd77443a612bdb	********=AID	excluded-as-physical-position	device-model/configurators.md#configuration-modes	Software/identity/function metadata; idx=-1 alone does not prove a socket
3885	662	3	0	Multimedia Touch Screen	SYSADDRESS	Univocal code		1	f7c0f884230aea3f0c8445c876c6b0293991447d25f1e983495eb9cb9cbfb14c	######=Univocal code	excluded-as-physical-position	device-model/configurators.md#configuration-modes	Software/identity/function metadata; idx=-1 alone does not prove a socket
3886	662	3	0	Multimedia Touch Screen	FW_VER	Firmware version		1	810d8a96d4bb705fd3f9453f39012632c090e3d910e379df0025c644db0002fe	######=Firmware version	excluded-as-physical-position	device-model/configurators.md#configuration-modes	Software/identity/function metadata; idx=-1 alone does not prove a socket
3887	662	3	0	Multimedia Touch Screen	LAN_IP_ADDRESS	Local IP address		1	acd4e2110d6196c78d2344f9d57b25483c666aa7156b5de9c897dbbc26efdc5f	###.###.###.###=Local IP address	excluded-as-physical-position	device-model/configurators.md#configuration-modes	Software/identity/function metadata; idx=-1 alone does not prove a socket
5508	662	3	0	Multimedia Touch Screen	AID	ID	ID	1	983d1a16d0c30fc9c446b45e470834c277c4e146c69bce6c09d73b7da62b6386	********=AID	excluded-as-physical-position	device-model/configurators.md#configuration-modes	Software/identity/function metadata; idx=-1 alone does not prove a socket
3888	663	2	0	Multimedia Touch Screen	SYSADDRESS	Univocal code		1	b7f2c89fd3cf0941ce31e5cf41bd7ec0c121912016265baefad2c0b9bb8e8277	######=Univocal code	excluded-as-physical-position	device-model/configurators.md#configuration-modes	Software/identity/function metadata; idx=-1 alone does not prove a socket
3889	663	2	0	Multimedia Touch Screen	FW_VER	Firmware version		1	ca0f24c4fa0e9ed02e7d15ccc485c5a8a5392adaf64e33a7bce8377e2cefa9f1	######=Firmware version	excluded-as-physical-position	device-model/configurators.md#configuration-modes	Software/identity/function metadata; idx=-1 alone does not prove a socket
3890	663	2	0	Multimedia Touch Screen	LAN_IP_ADDRESS	Local IP address		1	d3c14ffad96c66d3e333c213cb4701a30956c27ac0e104032b954fa8d8bc7138	###.###.###.###=Local IP address	excluded-as-physical-position	device-model/configurators.md#configuration-modes	Software/identity/function metadata; idx=-1 alone does not prove a socket
5509	663	2	0	Multimedia Touch Screen	AID	ID	ID	1	6b1b690adf172c11901072d73dad954d2787cbb71276f6e75aebe9008076a349	********=AID	excluded-as-physical-position	device-model/configurators.md#configuration-modes	Software/identity/function metadata; idx=-1 alone does not prove a socket
3891	664	1	1	Multimedia Touch Screen	SYSADDRESS	Univocal code		1	32a892e079bf569652cf795aae801b1ca5b6d81a4b36e2a6ed7bee9eddd4529d	######=Univocal code	excluded-as-physical-position	device-model/configurators.md#configuration-modes	Software/identity/function metadata; idx=-1 alone does not prove a socket
3892	664	1	1	Multimedia Touch Screen	FW_VER	Firmware version		1	d52b112c980fe5414094a543f1e7358607420e6c4f812bf01f0c535754544932	######=Firmware version	excluded-as-physical-position	device-model/configurators.md#configuration-modes	Software/identity/function metadata; idx=-1 alone does not prove a socket
3893	664	1	1	Multimedia Touch Screen	LAN_IP_ADDRESS	Local IP address		1	7de72b538b47e7c47f857a75e81faed97205d1a77982dc6d16951b947e08e574	###.###.###.###=Local IP address	excluded-as-physical-position	device-model/configurators.md#configuration-modes	Software/identity/function metadata; idx=-1 alone does not prove a socket
5510	664	1	1	Multimedia Touch Screen	AID	ID	ID	1	28e575f00def4650f79c5238a76cd0610309e5125f42e66c54686330944957b8	********=AID	excluded-as-physical-position	device-model/configurators.md#configuration-modes	Software/identity/function metadata; idx=-1 alone does not prove a socket
3894	665	3	0	Multimedia Touch Screen	LAN_IP_ADDRESS	Local IP address		1	71d5029686788d16e04298fb1543db36c5502131c0d589ff140258853ca1c0c9	###.###.###.###=Local IP address	excluded-as-physical-position	device-model/configurators.md#configuration-modes	Software/identity/function metadata; idx=-1 alone does not prove a socket
3895	665	3	0	Multimedia Touch Screen	FW_VER	Firmware version		1	946d225dd9e17d876fb7ace5375df3432d7918d233ef3cb2f4d4d7c3dc37a878	######=Firmware version	excluded-as-physical-position	device-model/configurators.md#configuration-modes	Software/identity/function metadata; idx=-1 alone does not prove a socket
3896	665	3	0	Multimedia Touch Screen	SYSADDRESS	Univocal code		1	1953665394ffdde6f0642782d4ac9ca3af6dbd5e3b146b831cd543a83337d0d8	######=Univocal code	excluded-as-physical-position	device-model/configurators.md#configuration-modes	Software/identity/function metadata; idx=-1 alone does not prove a socket
5511	665	3	0	Multimedia Touch Screen	AID	ID	ID	1	ec3bad93fe92d3b950309ef6c1c77445643d3a58136cca76b960837f43b395ec	********=AID	excluded-as-physical-position	device-model/configurators.md#configuration-modes	Software/identity/function metadata; idx=-1 alone does not prove a socket
3897	666	2	0	Multimedia Touch Screen	LAN_IP_ADDRESS	Local IP address		1	7f787e616dd20419777625a37d289e83a88ca804393dbd516cf61d1a5679fef0	###.###.###.###=Local IP address	excluded-as-physical-position	device-model/configurators.md#configuration-modes	Software/identity/function metadata; idx=-1 alone does not prove a socket
3898	666	2	0	Multimedia Touch Screen	FW_VER	Firmware version		1	f8640efbf9c486cfea466bf0db076b6397296ce4e271887e0aef7e32a77f9c41	######=Firmware version	excluded-as-physical-position	device-model/configurators.md#configuration-modes	Software/identity/function metadata; idx=-1 alone does not prove a socket
3899	666	2	0	Multimedia Touch Screen	SYSADDRESS	Univocal code		1	b1c6240616a58f12a97fc3b2c9fb471b850b1c1ccdce003ba3d754f05b81ae6c	######=Univocal code	excluded-as-physical-position	device-model/configurators.md#configuration-modes	Software/identity/function metadata; idx=-1 alone does not prove a socket
5512	666	2	0	Multimedia Touch Screen	AID	ID	ID	1	933e23172a195438b9c579fafa78626070f4642fc9695236396f4d218f6d9263	********=AID	excluded-as-physical-position	device-model/configurators.md#configuration-modes	Software/identity/function metadata; idx=-1 alone does not prove a socket
3900	667	1	1	Multimedia Touch Screen	LAN_IP_ADDRESS	Local IP address		1	f99b51e49d461f5439a4ae57016b9a224d2e02e70fe49d3834035afdeaa244cc	###.###.###.###=Local IP address	excluded-as-physical-position	device-model/configurators.md#configuration-modes	Software/identity/function metadata; idx=-1 alone does not prove a socket
3901	667	1	1	Multimedia Touch Screen	FW_VER	Firmware version		1	5a556cf95a8856698bbb15b5be1fc14927fb0cb689bcd8a48406ff66a332da84	######=Firmware version	excluded-as-physical-position	device-model/configurators.md#configuration-modes	Software/identity/function metadata; idx=-1 alone does not prove a socket
3902	667	1	1	Multimedia Touch Screen	SYSADDRESS	Univocal code		1	b158c4505e46e091267e6fc32434c448f053a1f8f9fdae016b58c280e7c8e163	######=Univocal code	excluded-as-physical-position	device-model/configurators.md#configuration-modes	Software/identity/function metadata; idx=-1 alone does not prove a socket
5513	667	1	1	Multimedia Touch Screen	AID	ID	ID	1	4da532fa3e47691ba7747cf326b2feeade26c1777e61ccce02ee4a7cb3947681	********=AID	excluded-as-physical-position	device-model/configurators.md#configuration-modes	Software/identity/function metadata; idx=-1 alone does not prove a socket
5514	668	9	0	Burglar alarm control unit with contacts	AID	ID	ID	1	1c72a8344301e645bad930c0bfe80e09e65a44aea47312fa2cca7b95e2ab5ef1	********=AID	excluded-as-physical-position	device-model/configurators.md#configuration-modes	Software/identity/function metadata; idx=-1 alone does not prove a socket
3903	669	1	0	1x10A actuator, 2DIN	A	Area		1	ce8321b1a409feab8a889da63623043a16b97c22001aea1b83645762a3f5fce8		corroborates-contextual-vocabulary	device-model/configurators.md#positions-and-functions	Catalogue field/name scoped to this definition; manufacturer examples do not validate every associated product, numeric domain or deployment
3904	669	1	0	1x10A actuator, 2DIN	PL	Lighting point (0-9)		11	02789ea62c3e736686e35637c1dea4f39d98044f6adf08b8f885184844b21d12		corroborates-contextual-vocabulary	device-model/configurators.md#positions-and-functions	Catalogue field/name scoped to this definition; manufacturer examples do not validate every associated product, numeric domain or deployment
3905	669	1	0	1x10A actuator, 2DIN	M	Mode (0-4, sla, plu)		8	496351884fcf00e07619f8340c3f4d45fad2fe5cd482c087bda4af707d4ad24e	11=SLA;15=PLU	corroborates-contextual-vocabulary	device-model/configurators.md#positions-and-functions	Catalogue field/name scoped to this definition; manufacturer examples do not validate every associated product, numeric domain or deployment
3906	669	1	0	1x10A actuator, 2DIN	G1	Group 1		1	83453a27265d2180413e83fa6ea1c6e64c8d9c69deb36943316973ab79565e0b		corroborates-contextual-vocabulary	device-model/configurators.md#positions-and-functions	Catalogue field/name scoped to this definition; manufacturer examples do not validate every associated product, numeric domain or deployment
3907	669	1	0	1x10A actuator, 2DIN	G2	Group 2		1	04584ea9394e4a698f44128430e16bf4145cef707273c006c0a1b0ad1504dba3		corroborates-contextual-vocabulary	device-model/configurators.md#positions-and-functions	Catalogue field/name scoped to this definition; manufacturer examples do not validate every associated product, numeric domain or deployment
3908	669	1	0	1x10A actuator, 2DIN	C	Zero crossing - Dry contact		3	4289dab19b94d33d531393164df6ede9fabf5798fe953ca4bedf27bb5b94a45d		corroborates-contextual-vocabulary	device-model/configurators.md#positions-and-functions	Catalogue field/name scoped to this definition; manufacturer examples do not validate every associated product, numeric domain or deployment
5515	669	1	0	1x10A actuator, 2DIN	AID	ID	ID	1	058d15424f3c04a6b8e84d5636ee05e865214308d8e09a3728ebc5cec9587393	********=AID	excluded-as-physical-position	device-model/configurators.md#configuration-modes	Software/identity/function metadata; idx=-1 alone does not prove a socket
4003	671	1	0	CLASSE300 V13E/M	LAN_IP_ADDRESS	Local IP address		1	17199d3626fe4ff96d6c54a587136d52c8b549d864c56f309c6f94cdbdf7ef75	###.###.###.###=Local IP address	excluded-as-physical-position	device-model/configurators.md#configuration-modes	Software/identity/function metadata; idx=-1 alone does not prove a socket
4004	671	1	0	CLASSE300 V13E/M	FW_VER	Firmware version		1	9346151e947a12f190a63dce867b71d9f3e1436d5a6c76f9de58edf5a8be5f8b	######=Firmware version	excluded-as-physical-position	device-model/configurators.md#configuration-modes	Software/identity/function metadata; idx=-1 alone does not prove a socket
4005	671	1	0	CLASSE300 V13E/M	SYSADDRESS	Univocal code		1	fbced10d7869c768b0f60c9f78354960b605a984a629e8baa9cd3d0bf935e076	######=Univocal code	excluded-as-physical-position	device-model/configurators.md#configuration-modes	Software/identity/function metadata; idx=-1 alone does not prove a socket
5516	671	1	0	CLASSE300 V13E/M	AID	ID	ID	1	31160014b2602ab2931d11494fd7dfa5c4dbae3f5bc8fb8969ccfd6697daa2da	********=AID	excluded-as-physical-position	device-model/configurators.md#configuration-modes	Software/identity/function metadata; idx=-1 alone does not prove a socket
3951	683	2	9	IP55 PIR wall mounted sensor, long range	M	Modality	Mode 0-4	1	d4e2c9f13e9688933e72237cfe6ee8d6f4a833e3c2602f3a825c35b1cc08d2d8		corroborates-contextual-vocabulary	device-model/configurators.md#positions-and-functions	Catalogue field/name scoped to this definition; manufacturer examples do not validate every associated product, numeric domain or deployment
3952	683	2	9	IP55 PIR wall mounted sensor, long range	S	Sensitivity		1	a64a11f9027e14c7e9f12d9ef3f3645aadc56bce87b370fc2ddedcc69a9804ab		corroborates-contextual-vocabulary	device-model/configurators.md#system-specific-positions	Catalogue field/name scoped to this definition; manufacturer examples do not validate every associated product, numeric domain or deployment
3953	683	2	9	IP55 PIR wall mounted sensor, long range	T	Configurator T (time) - (0-9)		1	0539b3b3b1651a93f646263e2e991b5100d438457b5c117e249f84b77d5ba84d		corroborates-contextual-vocabulary	device-model/configurators.md#system-specific-positions	Catalogue field/name scoped to this definition; manufacturer examples do not validate every associated product, numeric domain or deployment
3954	683	2	9	IP55 PIR wall mounted sensor, long range	D	(0-5)	Daylight setpoint	1	c1bcfe0e455ae9144fad81ccf579310f24847ed42dc5cc43d249103d43d541c9		corroborates-contextual-vocabulary	device-model/configurators.md#system-specific-positions	Catalogue field/name scoped to this definition; manufacturer examples do not validate every associated product, numeric domain or deployment
4029	683	2	9	IP55 PIR wall mounted sensor, long range	A	Area		1	ef0844f96eb52520d55cb82ef35394b632101c630e46c61a499e710b7ef3e7fb		corroborates-contextual-vocabulary	device-model/configurators.md#positions-and-functions	Catalogue field/name scoped to this definition; manufacturer examples do not validate every associated product, numeric domain or deployment
4032	683	2	9	IP55 PIR wall mounted sensor, long range	PL	PL (0-9 range)		1	1c7c801341977e0aa4831737b5ab2b1e6c1c663c5f4f6bdbaa97302998fc7da2		corroborates-contextual-vocabulary	device-model/configurators.md#positions-and-functions	Catalogue field/name scoped to this definition; manufacturer examples do not validate every associated product, numeric domain or deployment
5517	683	2	9	IP55 PIR wall mounted sensor, long range	AID	ID	ID	1	777626428ff0de806c950c717176fb898a03673c69a043595ec4f87fbdd60203	********=AID	excluded-as-physical-position	device-model/configurators.md#configuration-modes	Software/identity/function metadata; idx=-1 alone does not prove a socket
3982	691	2	0	Display thermostat 2 modules	ZA	ZA	ZA thermo zone address	1	a74f874db7b2169dd5a76776cbcaf50e261e49de92effc1702f8b3cb9c5a7579		corroborates-contextual-vocabulary	device-model/configurators.md#system-specific-positions	Catalogue field/name scoped to this definition; manufacturer examples do not validate every associated product, numeric domain or deployment
3983	691	2	0	Display thermostat 2 modules	ZB	ZB	ZB thermo zone address	1	1db003faf796ac88fdd90ee2dfa3dfd13936bb302f070b284cae7ab5a82c66ae		corroborates-contextual-vocabulary	device-model/configurators.md#system-specific-positions	Catalogue field/name scoped to this definition; manufacturer examples do not validate every associated product, numeric domain or deployment
3984	691	2	0	Display thermostat 2 modules	COOL	COOL	Cooling actuator type (N=2) or (N=1 if TYPE_C = CEN). If TYPE_C = CEN, TYPE_H must be different from FIL PILOTE and OFF.	11	0bc22c36eb1e192b2668b9b54ebc96287583bfc1f13cf7bab3972c03675fdac0	14=CEN	corroborates-contextual-vocabulary	device-model/configurators.md#system-specific-positions	Catalogue field/name scoped to this definition; manufacturer examples do not validate every associated product, numeric domain or deployment
3985	691	2	0	Display thermostat 2 modules	TYPE	TYPE	0 Master probe,   1 Hotel thermostat,   2 residential thermostat	1	913dfc1fddc1f5303a0a4efbb35502a9dea53a5b30de3dac782027b6db86eec6		corroborates-contextual-vocabulary	device-model/configurators.md#system-specific-positions	Catalogue field/name scoped to this definition; manufacturer examples do not validate every associated product, numeric domain or deployment
3986	691	2	0	Display thermostat 2 modules	HEAT	HEAT	(LOAD NOT USED: 0) (ON/OFF: 1) (Open/Close: 2) (2 pipes fan coil with on/off valve: 3) (Gateway: 4) (Fil Pilote: 5) (2 pipes fan coil with proportional valve: 6) (4 pipes fan coil with on/off valves: 7) (4 pipes fan coil with proportional valves: 8) (Proportional valve: 9)    Heating actuator type (N=1)	1	8f0e4dd90978c08051b703795aa96caee8e5c5d993b75db6a5e80d294d94f76c		corroborates-contextual-vocabulary	device-model/configurators.md#system-specific-positions	Catalogue field/name scoped to this definition; manufacturer examples do not validate every associated product, numeric domain or deployment
3987	691	2	0	Display thermostat 2 modules	PUMP	PUMP	(NO PUMP: 0) (PUMP N=1 FOR HEATING ONLY: 1) (PUMP N=2 FOR COOLING ONLY: 2) (PUMP N=1 FOR HEATING, N=2 FOR COOLING: 3) (PUMP N=1 FOR HEATING AND COOLING: 4)	1	b4215a19b9532587c955926604a455bf874c694cd9cae146de7c394a1d8e81bb		corroborates-contextual-vocabulary	device-model/configurators.md#system-specific-positions	Catalogue field/name scoped to this definition; manufacturer examples do not validate every associated product, numeric domain or deployment
3988	691	2	0	Display thermostat 2 modules	IN	IN	(DISABLED: 0) (OPEN --> PROTECTION, CLOSE --> BACK TO THE PREVIOUS STATE: 1) (OPEN --> OFF, CLOSE --> BACK TO THE PREVIOUS STATE: 2) (OPEN --> ECO, CLOSE --> BACK TO THE PREVIOUS STATE: 3) (OPEN --> COMFORT, CLOSE --> BACK TO THE PREVIOUS STATE: 4) (OPEN --> SWITCH TO HEATING, CLOSE --> SWITCH TO COOLING: 5)      Contact function (same action for heating and cooling).If MOD = 0, contact must be different from 5.	1	8dc8d9fdb05398482ef5efac84c6953688bd84e9be9aa530229727a2d8393061		corroborates-contextual-vocabulary	device-model/configurators.md#system-specific-positions	Catalogue field/name scoped to this definition; manufacturer examples do not validate every associated product, numeric domain or deployment
5518	691	2	0	Display thermostat 2 modules	AID	ID	ID	1	6f87a86faba2cd33daf1d5c691d12487d8cd1f5f80efccd157433d19b69a23c4	********=AID	excluded-as-physical-position	device-model/configurators.md#configuration-modes	Software/identity/function metadata; idx=-1 alone does not prove a socket
3989	692	4	0	MyHOME_Screen 3.5	LAN_IP_ADDRESS	Local IP address		1	3c8a2c1ee7f369a58550756f74536f2187e8549d8b88bbc25f1c338c50089c4c	###.###.###.###=Local IP address	excluded-as-physical-position	device-model/configurators.md#configuration-modes	Software/identity/function metadata; idx=-1 alone does not prove a socket
3990	692	4	0	MyHOME_Screen 3.5	FW_VER	Firmware version		1	115de8d67ed4ff191fd0958f8d14539a3ea4d4ac0210a28392b6e617dd910938	######=Firmware version	excluded-as-physical-position	device-model/configurators.md#configuration-modes	Software/identity/function metadata; idx=-1 alone does not prove a socket
3991	692	4	0	MyHOME_Screen 3.5	SYSADDRESS	Univocal code		1	3c39732585d622d9ab71a1f6d02ff0c60a572729503eedcb6bce13b56cd91ddc	######=Univocal code	excluded-as-physical-position	device-model/configurators.md#configuration-modes	Software/identity/function metadata; idx=-1 alone does not prove a socket
5519	692	4	0	MyHOME_Screen 3.5	AID	ID	ID	1	ebe705af921ace96d04b7b457792716c7dbf6c3007fe38fe05caf6179cf2ff57	********=AID	excluded-as-physical-position	device-model/configurators.md#configuration-modes	Software/identity/function metadata; idx=-1 alone does not prove a socket
3992	694	2	1	IP scenario module	IS_GATEWAY	Gateway		3	13dcbf66fd87e118cbb8d5fc86f317ac9be0a1be659647656ea0d73759b6cb2e	0=Disable;1=Enable	excluded-as-physical-position	device-model/configurators.md#configuration-modes	Software/identity/function metadata; idx=-1 alone does not prove a socket
3993	694	2	1	IP scenario module	FW_VER	Firmware version		1	5b6d95c472fd7af42a618a517aa92ec589ea17ed79284bd8bba4de2bec15fd8c	######=Firmware version	excluded-as-physical-position	device-model/configurators.md#configuration-modes	Software/identity/function metadata; idx=-1 alone does not prove a socket
3994	694	2	1	IP scenario module	CMD_PORT	Commands port		1	a742872eeb2f29493deda51f10ee64515d9800fc75e40f55a59a85101c517dc3	#####=Commands port	excluded-as-physical-position	device-model/configurators.md#configuration-modes	Software/identity/function metadata; idx=-1 alone does not prove a socket
3995	694	2	1	IP scenario module	LAN_IP_ADDRESS	Local IP address		1	ff5f8f4cef4827a0e32df89850f1a99ea8cab88e661797f4b021e4116d2f7c02	###.###.###.###=Local IP address	excluded-as-physical-position	device-model/configurators.md#configuration-modes	Software/identity/function metadata; idx=-1 alone does not prove a socket
3996	694	2	1	IP scenario module	LAN_IP_ADDR_TYPE	Local IP dynamicity		3	2a9262c19e891cabf08232fa6db8eb473155c96096c1fde01854b5bda402ec00	0=Static IP;1=Dynamic IP (DHCP)	excluded-as-physical-position	device-model/configurators.md#configuration-modes	Software/identity/function metadata; idx=-1 alone does not prove a socket
3997	694	2	1	IP scenario module	SYSADDRESS	Univocal code		1	a398a44673bf14cfd2fd961ec5259cbac653fd77269ce5568a9e7b245a11f759	######=Univocal code	excluded-as-physical-position	device-model/configurators.md#configuration-modes	Software/identity/function metadata; idx=-1 alone does not prove a socket
5520	694	2	1	IP scenario module	AID	ID	ID	1	a0e86ff973446bec271b98f975cdab118fe783eeb2fe61324aafb15dfd085efb	********=AID	excluded-as-physical-position	device-model/configurators.md#configuration-modes	Software/identity/function metadata; idx=-1 alone does not prove a socket
4006	696	2	1	MyHOME_Screen 10	LAN_IP_ADDRESS	Local IP address		1	bd00c9795452374ac937c8418aa758366ebd532433d4c1be4274635e62da5ba6	###.###.###.###=Local IP address	excluded-as-physical-position	device-model/configurators.md#configuration-modes	Software/identity/function metadata; idx=-1 alone does not prove a socket
4007	696	2	1	MyHOME_Screen 10	FW_VER	Firmware version		1	b1e90cd132216cca1fcd9dd7aa2d05bc703a81062c5567e9df1127d7e07f4b33	######=Firmware version	excluded-as-physical-position	device-model/configurators.md#configuration-modes	Software/identity/function metadata; idx=-1 alone does not prove a socket
4008	696	2	1	MyHOME_Screen 10	SYSADDRESS	Univocal code		1	ff0e0c5e4ee4634b07d1ee132c6e1cbde2ca42b87ac3b47daa301900c58eeeac	######=Univocal code	excluded-as-physical-position	device-model/configurators.md#configuration-modes	Software/identity/function metadata; idx=-1 alone does not prove a socket
5521	696	2	1	MyHOME_Screen 10	AID	ID	ID	1	10206f0c985d62c2493b74561a82b4203482ee38f93f3e412df9962b802a895f	********=AID	excluded-as-physical-position	device-model/configurators.md#configuration-modes	Software/identity/function metadata; idx=-1 alone does not prove a socket
4009	697	2	1	MyHOME_Screen 10 Capacitive	LAN_IP_ADDRESS	Local IP address		1	1df7f07918b1065ecb25afc79290139c9c2af44592d4d39a0ddefe15a4443ae0	###.###.###.###=Local IP address	excluded-as-physical-position	device-model/configurators.md#configuration-modes	Software/identity/function metadata; idx=-1 alone does not prove a socket
4010	697	2	1	MyHOME_Screen 10 Capacitive	FW_VER	Firmware version		1	f8eb9760b7026706e1b593590493228d8902de8c16b9f09c98e359b5983e5420	######=Firmware version	excluded-as-physical-position	device-model/configurators.md#configuration-modes	Software/identity/function metadata; idx=-1 alone does not prove a socket
4011	697	2	1	MyHOME_Screen 10 Capacitive	SYSADDRESS	Univocal code		1	ed8ad6885e9f44e0048d7825b7637de5e6ed72a3e284cc8603e5ec8bb4c85c3c	######=Univocal code	excluded-as-physical-position	device-model/configurators.md#configuration-modes	Software/identity/function metadata; idx=-1 alone does not prove a socket
5522	697	2	1	MyHOME_Screen 10 Capacitive	AID	ID	ID	1	2a6fe00ae5d97fbe17b49f779f6010d333b813c6948a938fdfe40d4776176392	********=AID	excluded-as-physical-position	device-model/configurators.md#configuration-modes	Software/identity/function metadata; idx=-1 alone does not prove a socket
4068	707	1	0	Flush mounted actuator and free control with zero crossing	A1	A1	Configurator A1 (0-9)	1	190579105362a45d9dd4a27d69c5b8f2864118645e022b6c51cad83bd6184fa1		corroborates-contextual-vocabulary	device-model/configurators.md#positions-and-functions	Catalogue field/name scoped to this definition; manufacturer examples do not validate every associated product, numeric domain or deployment
4069	707	1	0	Flush mounted actuator and free control with zero crossing	A2	A2	Configurator A2 (0-9)	1	53eadb2c514a74d6b7c1b76faaecf7ed5d8b424e38f9bb0086b93f0fb7a1f6f3		corroborates-contextual-vocabulary	device-model/configurators.md#positions-and-functions	Catalogue field/name scoped to this definition; manufacturer examples do not validate every associated product, numeric domain or deployment
4070	707	1	0	Flush mounted actuator and free control with zero crossing	PL1	PL1	PL1 - (0-9)	1	a981e4978e3510d8866be496ec5bebf7ae6f4e215408bed82c6775f7d31d972e		corroborates-contextual-vocabulary	device-model/configurators.md#positions-and-functions	Catalogue field/name scoped to this definition; manufacturer examples do not validate every associated product, numeric domain or deployment
4071	707	1	0	Flush mounted actuator and free control with zero crossing	PL2	PL2	PL2 - (0-9)	1	2de5fcac543ff1bf93f3a9a92e2dcf7560d8e9dcaafaf1bb921f03e5db258063		corroborates-contextual-vocabulary	device-model/configurators.md#positions-and-functions	Catalogue field/name scoped to this definition; manufacturer examples do not validate every associated product, numeric domain or deployment
4072	707	1	0	Flush mounted actuator and free control with zero crossing	M1	M1	Mode physical configurator (0-8, O/I,SU_GIU,SU_GIU_M,CEN,OFF,PUL)	16	cfe0a7f4fb4a5fbce731c12de755567f00a2b56eb08a06b4825dfaeee28d5055	9=O/I;14=CEN;12=UP/DOWN;13=UP/DOWN monostable;10=OFF;15=PUL	corroborates-contextual-vocabulary	device-model/configurators.md#positions-and-functions	Catalogue field/name scoped to this definition; manufacturer examples do not validate every associated product, numeric domain or deployment
4073	707	1	0	Flush mounted actuator and free control with zero crossing	M2	M2	Mode physical configurator (0-8, O/I,SU_GIU,SU_GIU_M,CEN,OFF,PUL)	16	0569406655bc47a9eac847f89bb97f785999c03ef847214bcd71250459b490fd	9=O/I;14=CEN;12=UP/DOWN;13=UP/DOWN monostable;10=OFF;15=PUL	corroborates-contextual-vocabulary	device-model/configurators.md#positions-and-functions	Catalogue field/name scoped to this definition; manufacturer examples do not validate every associated product, numeric domain or deployment
5523	707	1	0	Flush mounted actuator and free control with zero crossing	AID	ID	ID	1	d419fb8bd04e6ad2f14708c65b07b6691b7c9b8ff9b11b70cd677febbef50d9f	********=AID	excluded-as-physical-position	device-model/configurators.md#configuration-modes	Software/identity/function metadata; idx=-1 alone does not prove a socket
5524	721	2	0	Driver Manager	AID	ID	ID	1	9cc0705fa987338529f4a4fc945228a6246451ed21a27d717fcd6e93e0338441	********=AID	excluded-as-physical-position	device-model/configurators.md#configuration-modes	Software/identity/function metadata; idx=-1 alone does not prove a socket
4278	722	6	0	SCS-SCS interface	I1	I1	Automation interface address 1	1	d9cd613d9deb5e2b37dadb2e6d45b37aedb43155f98e0fc5029de213d44195c0		corroborates-contextual-vocabulary	device-model/configurators.md#system-specific-positions	Catalogue field/name scoped to this definition; manufacturer examples do not validate every associated product, numeric domain or deployment
4279	722	6	0	SCS-SCS interface	I2	I2	Automation interface address 2	1	9083ec12873eaa3f658fdf4b92b4beaded64a3808880a199733f278cbf97b377		corroborates-contextual-vocabulary	device-model/configurators.md#system-specific-positions	Catalogue field/name scoped to this definition; manufacturer examples do not validate every associated product, numeric domain or deployment
4280	722	6	0	SCS-SCS interface	I3	I3	Automation interface address 3	1	b9c2530deea47e882634a36f73b17ecfe666d62f2d73bc9d915b06ecf4a691fc		corroborates-contextual-vocabulary	device-model/configurators.md#system-specific-positions	Catalogue field/name scoped to this definition; manufacturer examples do not validate every associated product, numeric domain or deployment
4281	722	6	0	SCS-SCS interface	I4	I4	Automation interface address 4	1	79e62ff018c5006c3c53dd0516c77503d9814ccbf415c256f3e36e15779cdf21		corroborates-contextual-vocabulary	device-model/configurators.md#system-specific-positions	Catalogue field/name scoped to this definition; manufacturer examples do not validate every associated product, numeric domain or deployment
4288	722	6	0	SCS-SCS interface	MOD	MOD		7	5c8b4e1e0d4d27cbf3fed2416d3a4375e22f1a5538d32de10432d7af2bd4f900		corroborates-contextual-vocabulary	device-model/configurators.md#positions-and-functions	Catalogue field/name scoped to this definition; manufacturer examples do not validate every associated product, numeric domain or deployment
5525	722	6	0	SCS-SCS interface	AID	ID	ID	1	138bf6ae8d7106be190b80396f5116289395e4ecddacbf6164364f35e6322fb5	********=AID	excluded-as-physical-position	device-model/configurators.md#configuration-modes	Software/identity/function metadata; idx=-1 alone does not prove a socket
4289	723	2	0	Actuator DIN with 3 relays and 2 outputs 0-10V	ZA	ZA	ZA thermo zone address	1	c00814ae81827a67b3ae4250a776848a820a7e6121cab0681b4a925d535b6fbf		corroborates-contextual-vocabulary	device-model/configurators.md#system-specific-positions	Catalogue field/name scoped to this definition; manufacturer examples do not validate every associated product, numeric domain or deployment
4290	723	2	0	Actuator DIN with 3 relays and 2 outputs 0-10V	ZB	ZB	ZB thermo zone address	1	e19e52d4510c2886b36ac1458eb9b709819dc3babf552892485a98e8c77d1182		corroborates-contextual-vocabulary	device-model/configurators.md#system-specific-positions	Catalogue field/name scoped to this definition; manufacturer examples do not validate every associated product, numeric domain or deployment
4291	723	2	0	Actuator DIN with 3 relays and 2 outputs 0-10V	N	N	Thermoregulation zone device number N	1	8748abe4faedc9f0191f7b3b31f9cd2b2b08769275e5b55cd4d8fac9343bebf9		corroborates-contextual-vocabulary	device-model/configurators.md#system-specific-positions	Catalogue field/name scoped to this definition; manufacturer examples do not validate every associated product, numeric domain or deployment
4301	723	2	0	Actuator DIN with 3 relays and 2 outputs 0-10V	LOAD	LOAD		1	647a0812ff14b4f8c1764b79c42adb0a3dc073f24ddde3f398ef4df238f78bd8		excluded-unverified-position-function	device-model/configurators.md#evidence-limits	Inventoried exact definition/domain; no new manufacturer-verified function/range claim for this symbol in this review
5526	723	2	0	Actuator DIN with 3 relays and 2 outputs 0-10V	AID	ID	ID	1	b6640382892c28ae76b6d5f528427c66b72011e5b815b5db60f6b7a93e34cd4b	********=AID	excluded-as-physical-position	device-model/configurators.md#configuration-modes	Software/identity/function metadata; idx=-1 alone does not prove a socket
4293	724	3	0	IP scenario module	IS_GATEWAY	Gateway		3	480b2e0746ba47ebb139740e8d622ed0788e4f577358ecee95f1bb569d65cbad	0=Disable;1=Enable	excluded-as-physical-position	device-model/configurators.md#configuration-modes	Software/identity/function metadata; idx=-1 alone does not prove a socket
4294	724	3	0	IP scenario module	FW_VER	Firmware version		1	b8f5496c7876dd263ba4617ca1e4b024f9c8ff04c828a8cf3d918b0180833290	######=Firmware version	excluded-as-physical-position	device-model/configurators.md#configuration-modes	Software/identity/function metadata; idx=-1 alone does not prove a socket
4295	724	3	0	IP scenario module	CMD_PORT	Commands port		1	df3ed17ada501be3cb089819540ddda38cfb0e9ac99b621a284b73a9cedf847c	#####=Commands port	excluded-as-physical-position	device-model/configurators.md#configuration-modes	Software/identity/function metadata; idx=-1 alone does not prove a socket
4296	724	3	0	IP scenario module	LAN_IP_ADDRESS	Local IP address		1	4820810ee880558d0de48df5cdd93f61d9ad8cb1d4dfafe28eb7959974e274ca	###.###.###.###=Local IP address	excluded-as-physical-position	device-model/configurators.md#configuration-modes	Software/identity/function metadata; idx=-1 alone does not prove a socket
4297	724	3	0	IP scenario module	LAN_IP_ADDR_TYPE	Local IP dynamicity		3	754a7d4b21ee64df55324b5f7ae2c9668ca59775f60968ca15ee1b63dac42c36	0=Static IP;1=Dynamic IP (DHCP)	excluded-as-physical-position	device-model/configurators.md#configuration-modes	Software/identity/function metadata; idx=-1 alone does not prove a socket
4298	724	3	0	IP scenario module	SYSADDRESS	Univocal code		1	e0cf0c8667aee1d67613c801caf72f01806d6c4a6d819538317184a5ef98896a	######=Univocal code	excluded-as-physical-position	device-model/configurators.md#configuration-modes	Software/identity/function metadata; idx=-1 alone does not prove a socket
5527	724	3	0	IP scenario module	AID	ID	ID	1	bd0a9f46ed559713babf965ed3ccfbcb9259012d2ec0d9f989784cac2b0e962b	********=AID	excluded-as-physical-position	device-model/configurators.md#configuration-modes	Software/identity/function metadata; idx=-1 alone does not prove a socket
4302	726	1	3	Central unit access control 1 head Vigik 	AC_C1	C1	local address tenths configurator	1	2d03c1e4a9e6ff5bbb34908b6259f69eea619c259e0e8104a2e0737586165a51		excluded-unverified-position-function	device-model/configurators.md#evidence-limits	Inventoried exact definition/domain; no new manufacturer-verified function/range claim for this symbol in this review
4303	726	1	3	Central unit access control 1 head Vigik 	AC_C0	C0	local address units configurator	1	c834c7d94949a372dc1e6b1b6d3b65e6bf4e81f83eeda0526764973727ef6954		excluded-unverified-position-function	device-model/configurators.md#evidence-limits	Inventoried exact definition/domain; no new manufacturer-verified function/range claim for this symbol in this review
4304	726	1	3	Central unit access control 1 head Vigik 	AC_P1	P1	EU address tenths configurator	1	284b2b0cd7f2e05350f4cea347bbce50a9be0e2cc5ebf8094c0daec40eae47b2		excluded-unverified-position-function	device-model/configurators.md#evidence-limits	Inventoried exact definition/domain; no new manufacturer-verified function/range claim for this symbol in this review
4305	726	1	3	Central unit access control 1 head Vigik 	AC_P0	P0	EU address units configurator	1	35ca4114b3329488aed78a068b7f3ba78b98a915161029c0c429ef283037461c		excluded-unverified-position-function	device-model/configurators.md#evidence-limits	Inventoried exact definition/domain; no new manufacturer-verified function/range claim for this symbol in this review
4306	726	1	3	Central unit access control 1 head Vigik 	AC_CU_M	M	central unit operating mode	1	23fd6813930c0a21cc83449a4ce1244edfabf62ad76254673379c1c6c5730dda		excluded-unverified-position-function	device-model/configurators.md#evidence-limits	Inventoried exact definition/domain; no new manufacturer-verified function/range claim for this symbol in this review
4307	726	1	3	Central unit access control 1 head Vigik 	AC_T	T	local relay timing	1	9c861e5408f4973784ebc86c8cc5ad97a03cdbb87b93271c8491d391eb086b4c		corroborates-contextual-vocabulary	device-model/configurators.md#system-specific-positions	Catalogue field/name scoped to this definition; manufacturer examples do not validate every associated product, numeric domain or deployment
5528	726	1	3	Central unit access control 1 head Vigik 	AID	ID	ID	1	33d51081a7fb7c91df730f6a6f4d1902163b827f6e1c44356aade47510e7900b	********=AID	excluded-as-physical-position	device-model/configurators.md#configuration-modes	Software/identity/function metadata; idx=-1 alone does not prove a socket
4308	727	2	0	CLASSE300 V13E/M	LAN_IP_ADDRESS	Local IP address		1	78aa6325dbbaf9e2bf41a6012210bcf57ca300d8597e56855fa7ec8505450437	###.###.###.###=Local IP address	excluded-as-physical-position	device-model/configurators.md#configuration-modes	Software/identity/function metadata; idx=-1 alone does not prove a socket
4309	727	2	0	CLASSE300 V13E/M	FW_VER	Firmware version		1	cea0123840a7b21c3929430cd32c10e81c7b8f7e49e84001ca066133d38590a5	######=Firmware version	excluded-as-physical-position	device-model/configurators.md#configuration-modes	Software/identity/function metadata; idx=-1 alone does not prove a socket
4310	727	2	0	CLASSE300 V13E/M	SYSADDRESS	Univocal code		1	cc312957bc444b07449687f13603291a8eb65f00ef04b0944200fbbd279c724c	######=Univocal code	excluded-as-physical-position	device-model/configurators.md#configuration-modes	Software/identity/function metadata; idx=-1 alone does not prove a socket
5529	727	2	0	CLASSE300 V13E/M	AID	ID	ID	1	09a3c763607e9c51171720f0371ee039be411a303a43b1aca4d9b2b1b645f49d	********=AID	excluded-as-physical-position	device-model/configurators.md#configuration-modes	Software/identity/function metadata; idx=-1 alone does not prove a socket
4311	728	1	1	GPRS Interface	IS_GATEWAY	Gateway		3	d450e9c5a10e85cf7e0bb8f9c55a2dcb8469c28be7aec244c3d3e65d634cbba0	0=Disable;1=Enable	excluded-as-physical-position	device-model/configurators.md#configuration-modes	Software/identity/function metadata; idx=-1 alone does not prove a socket
4312	728	1	1	GPRS Interface	FW_VER	Firmware version		1	a7fb5b62b3a38e4f4031175f12cd015349aa77261655fa49d14fb46edb64d3c9	######=Firmware version	excluded-as-physical-position	device-model/configurators.md#configuration-modes	Software/identity/function metadata; idx=-1 alone does not prove a socket
4313	728	1	1	GPRS Interface	S/N	Serial Number		1	e5d6eb4a54e70f69f2c78acaacc65745d16c82a728eaa49dfae254c3b1c9434c	########=S/N	excluded-as-physical-position	device-model/configurators.md#configuration-modes	Software/identity/function metadata; idx=-1 alone does not prove a socket
5530	728	1	1	GPRS Interface	AID	ID	ID	1	4fcfdaa9c42c829046709a0550a18bf2eaa78a60fdae37ccc5224f03c5739078	********=AID	excluded-as-physical-position	device-model/configurators.md#configuration-modes	Software/identity/function metadata; idx=-1 alone does not prove a socket
5531	729	1	0	MyHomeServer	AID	ID	ID	1	a37f367f91b35875746e6f730c41cded848fb9e7f87634891ab2c9b5d094a19f	********=AID	excluded-as-physical-position	device-model/configurators.md#configuration-modes	Software/identity/function metadata; idx=-1 alone does not prove a socket
4314	732	2	1	Keypad module	AC_A	A	local address hundreds configurator	1	9ced911a7b4135004f805e4173c2cc7980ad475786da6e213d54f5b7879e6732		corroborates-contextual-vocabulary	device-model/configurators.md#system-specific-positions	Catalogue field/name scoped to this definition; manufacturer examples do not validate every associated product, numeric domain or deployment
4315	732	2	1	Keypad module	AC_B	B	local address tenths configurator	1	6bbb8cf724876f57519f3a67b2a85431346a644b623b51a7a551a87304ed159c		corroborates-contextual-vocabulary	device-model/configurators.md#system-specific-positions	Catalogue field/name scoped to this definition; manufacturer examples do not validate every associated product, numeric domain or deployment
4316	732	2	1	Keypad module	AC_C	C	local address units configurator	1	67f225a1cc6ae847a9b0b60144d32598316957d243bda3af05cb849ad96571de		corroborates-contextual-vocabulary	device-model/configurators.md#system-specific-positions	Catalogue field/name scoped to this definition; manufacturer examples do not validate every associated product, numeric domain or deployment
4317	732	2	1	Keypad module	AC_T	T	local relay timing	1	231d11de1c584a56ed7a3db02ca28cf36220b3ef7bc4b62499ae35314e414f85		corroborates-contextual-vocabulary	device-model/configurators.md#system-specific-positions	Catalogue field/name scoped to this definition; manufacturer examples do not validate every associated product, numeric domain or deployment
4318	732	2	1	Keypad module	AC_M	M	operating mode configurator  (Local management: 0) (Remote management: 2)	3	d9391dfb44adeba2ab48fbd810e4f67c5223fb209558d1467670ba5eb4d58451		corroborates-contextual-vocabulary	device-model/configurators.md#system-specific-positions	Catalogue field/name scoped to this definition; manufacturer examples do not validate every associated product, numeric domain or deployment
5532	732	2	1	Keypad module	AID	ID	ID	1	09a3ac25ae5338a49befbc259fa34835f029d9cf8bc2928e402f8a20aed5d5c4	********=AID	excluded-as-physical-position	device-model/configurators.md#configuration-modes	Software/identity/function metadata; idx=-1 alone does not prove a socket
5533	733	2	0	Display module	AID	ID	ID	1	54a85153011e08265d4c59aa30fb377ac54d7cbecd57c8bf9c503d24ad464fa7	********=AID	excluded-as-physical-position	device-model/configurators.md#configuration-modes	Software/identity/function metadata; idx=-1 alone does not prove a socket
4319	734	2	1	Proximity reader module	AC_A	A	local address hundreds configurator	1	8dc96091950e239fff46d9013297ecd2e41785cae0107b6e51edd4330b31cf51		corroborates-contextual-vocabulary	device-model/configurators.md#system-specific-positions	Catalogue field/name scoped to this definition; manufacturer examples do not validate every associated product, numeric domain or deployment
4320	734	2	1	Proximity reader module	AC_B	B	local address tenths configurator	1	f52b0dce16b4b47598f06912d9ac514a63be739c14d39ab7d19f04cda15ae570		corroborates-contextual-vocabulary	device-model/configurators.md#system-specific-positions	Catalogue field/name scoped to this definition; manufacturer examples do not validate every associated product, numeric domain or deployment
4321	734	2	1	Proximity reader module	AC_C	C	local address units configurator	1	2a5960625e8eecc74428a17f55ea1a342c2ec67a32d399136f3e2aa8c2a6660d		corroborates-contextual-vocabulary	device-model/configurators.md#system-specific-positions	Catalogue field/name scoped to this definition; manufacturer examples do not validate every associated product, numeric domain or deployment
4322	734	2	1	Proximity reader module	AC_M	M	operating mode configurator  Local management main master only: 0) (Local management apt masters: 1) (Remote management: 2	4	5b95ebc607e1f3c00e38a4ddee7120740371f51102286efff7e60ecb9b88f005		corroborates-contextual-vocabulary	device-model/configurators.md#system-specific-positions	Catalogue field/name scoped to this definition; manufacturer examples do not validate every associated product, numeric domain or deployment
4323	734	2	1	Proximity reader module	AC_T	T	local relay timing	1	21d611d904da5ad2b2cdb78a87647f104c0afdb68cf3b1a56bc901d2849ac3b3		corroborates-contextual-vocabulary	device-model/configurators.md#system-specific-positions	Catalogue field/name scoped to this definition; manufacturer examples do not validate every associated product, numeric domain or deployment
5534	734	2	1	Proximity reader module	AID	ID	ID	1	f968435e6ee26f18b6a29f3f81cd5d9354d0fd8ab23a84788cd6c846f6d48e3a	********=AID	excluded-as-physical-position	device-model/configurators.md#configuration-modes	Software/identity/function metadata; idx=-1 alone does not prove a socket
4326	735	3	0	Load management central unit	A1	A1	Energy Management A1 Address (0-2)	1	9dca764ead7ee2788c998e4ec5fa5ef0e082d153f9c500605855a9bcba9b8eaa		corroborates-contextual-vocabulary	device-model/configurators.md#positions-and-functions	Catalogue field/name scoped to this definition; manufacturer examples do not validate every associated product, numeric domain or deployment
4327	735	3	0	Load management central unit	A2	A2	Energy Management A2 Address (0-9)	1	f2139bb5762fdbe4e46c29fa0a273c00d585a54f15bc87756f7be3e226ace679		corroborates-contextual-vocabulary	device-model/configurators.md#positions-and-functions	Catalogue field/name scoped to this definition; manufacturer examples do not validate every associated product, numeric domain or deployment
4328	735	3	0	Load management central unit	A3	A3	Energy Management A3 Address (0-9)	1	166a81d4daa0293662f9864411e8a9dba7070525ca9de0e10f2c21697124fb9f		corroborates-contextual-vocabulary	device-model/configurators.md#positions-and-functions	Catalogue field/name scoped to this definition; manufacturer examples do not validate every associated product, numeric domain or deployment
4329	735	3	0	Load management central unit	P	Rated Power		11	c69413e99814d26740c3e3992221b26a48bee88d9777de5abd4e9ef0b7316137		corroborates-contextual-vocabulary	device-model/configurators.md#system-specific-positions	Catalogue field/name scoped to this definition; manufacturer examples do not validate every associated product, numeric domain or deployment
4330	735	3	0	Load management central unit	TOL	Tolerance on rated power		10	2d0fbf66842fbc12b487e6af1a48fac47494d25b7c0a668388956ec7f664c6ba		corroborates-contextual-vocabulary	device-model/configurators.md#system-specific-positions	Catalogue field/name scoped to this definition; manufacturer examples do not validate every associated product, numeric domain or deployment
4331	735	3	0	Load management central unit	T↑	Toroid direction management		1	cccb57dd69005c4a29d90f79a734a1dacf0bc790c7fe022151e1d58c9cbb2cdc		corroborates-contextual-vocabulary	device-model/configurators.md#system-specific-positions	Catalogue field/name scoped to this definition; manufacturer examples do not validate every associated product, numeric domain or deployment
5535	735	3	0	Load management central unit	AID	ID	ID	1	1534ca6edf98aae904adb35e85d64c2dfbfe2159c0599e285211afd1ded4677e	********=AID	excluded-as-physical-position	device-model/configurators.md#configuration-modes	Software/identity/function metadata; idx=-1 alone does not prove a socket
4332	736	3	0	Bus meter with memory 3-inputs for toroids - 1 DIN	A1	A1	Energy Management A1 Address (0-2)	1	6a4d7ce5f72da437a39129684cfb568a9b6390018b1100db369f231668af9b18		corroborates-contextual-vocabulary	device-model/configurators.md#positions-and-functions	Catalogue field/name scoped to this definition; manufacturer examples do not validate every associated product, numeric domain or deployment
4333	736	3	0	Bus meter with memory 3-inputs for toroids - 1 DIN	A2	A2	Energy Management A2 Address (0-9)	1	693b4f878978f1c22fe85ac3390034508424d22acc833ccee69ca41f029afe80		corroborates-contextual-vocabulary	device-model/configurators.md#positions-and-functions	Catalogue field/name scoped to this definition; manufacturer examples do not validate every associated product, numeric domain or deployment
4334	736	3	0	Bus meter with memory 3-inputs for toroids - 1 DIN	A3-TA	A3-Ta	Energy Management A3Ta Address (0-9)	1	901af6b0f7b76333aa509c77cfe169c2a8c931bc04770c7b8f9134cb33c37083		corroborates-contextual-vocabulary	device-model/configurators.md#system-specific-positions	Catalogue field/name scoped to this definition; manufacturer examples do not validate every associated product, numeric domain or deployment
4335	736	3	0	Bus meter with memory 3-inputs for toroids - 1 DIN	A3-TB	A3-Tb	Energy Management A3Tb Address (0-9)	1	7558744f023dca0c2e43f7e2555a2619a10f3a5302e58b85e9b3cbadb7a33e7e		corroborates-contextual-vocabulary	device-model/configurators.md#system-specific-positions	Catalogue field/name scoped to this definition; manufacturer examples do not validate every associated product, numeric domain or deployment
4336	736	3	0	Bus meter with memory 3-inputs for toroids - 1 DIN	A3-TC	A3-Tc	Energy Management A3Tc Address (0-9)	1	008ee608effe56910693f3cc3a86b83adb726bea44165cdea9cf23bd7f335c12		corroborates-contextual-vocabulary	device-model/configurators.md#system-specific-positions	Catalogue field/name scoped to this definition; manufacturer examples do not validate every associated product, numeric domain or deployment
4337	736	3	0	Bus meter with memory 3-inputs for toroids - 1 DIN	T↑	Toroid direction management		1	783a90c80e528d01b65c1af1f42464f0596d0a61f662f2da01b6f07fd89d8631		corroborates-contextual-vocabulary	device-model/configurators.md#system-specific-positions	Catalogue field/name scoped to this definition; manufacturer examples do not validate every associated product, numeric domain or deployment
5536	736	3	0	Bus meter with memory 3-inputs for toroids - 1 DIN	AID	ID	ID	1	0d448146a7d7e6b6c1a99d956cc2e3b0dd53437edb95491a9bc92f4c19db2fd8	********=AID	excluded-as-physical-position	device-model/configurators.md#configuration-modes	Software/identity/function metadata; idx=-1 alone does not prove a socket
5537	737	1	1	CLASSE300 X13E	AID	ID	ID	1	6ab627e86b5357b5d426c99b501ce93a45b61b6783ab8866d2d1237d907681ba	********=AID	excluded-as-physical-position	device-model/configurators.md#configuration-modes	Software/identity/function metadata; idx=-1 alone does not prove a socket
4386	743	1	0	Comando unico Living Now 2 moduli	A1	Automation A addressing space (for configurator A1)		14	96bf1f48da4789018a629aec714b7e30ec8bca5c12d0e71ec316464bf836eda7	12=GEN;13=GR;14=AMB	corroborates-contextual-vocabulary	device-model/configurators.md#positions-and-functions	Catalogue field/name scoped to this definition; manufacturer examples do not validate every associated product, numeric domain or deployment
4387	743	1	0	Comando unico Living Now 2 moduli	PL1	PL1 - (0-9)		1	fb6c47285a94decf750c3b0b7dee2789e0e887e03e92113e9c567901dd48433b		corroborates-contextual-vocabulary	device-model/configurators.md#positions-and-functions	Catalogue field/name scoped to this definition; manufacturer examples do not validate every associated product, numeric domain or deployment
4388	743	1	0	Comando unico Living Now 2 moduli	M1	Modality	Mode physical configurator (0-8, O/I,OFF,ON,SU_GIU,SU_GIU_M,PUL)	16	e23ab11461a0f5848fe7dffede424a8aea396bff78623b2c54bc5ff36d5664ff	9=O/I;10=OFF;11=ON;12=UP/DOWN;13=UP/DOWN monostable;15=PUL	corroborates-contextual-vocabulary	device-model/configurators.md#positions-and-functions	Catalogue field/name scoped to this definition; manufacturer examples do not validate every associated product, numeric domain or deployment
4389	743	1	0	Comando unico Living Now 2 moduli	A2	Automation A addressing space (for configurator A2)		14	24cc23d82f7d25528415e1e1334341f970f041121a533aabe74075dc9a5f3bcd	12=GEN;13=GR;14=AMB	corroborates-contextual-vocabulary	device-model/configurators.md#positions-and-functions	Catalogue field/name scoped to this definition; manufacturer examples do not validate every associated product, numeric domain or deployment
4390	743	1	0	Comando unico Living Now 2 moduli	PL2	PL2 - (0-9)		1	5f19a6d52e6e8f98d1b841662ca745d83dedccab322ab01680bb6d646258b8ea		corroborates-contextual-vocabulary	device-model/configurators.md#positions-and-functions	Catalogue field/name scoped to this definition; manufacturer examples do not validate every associated product, numeric domain or deployment
4391	743	1	0	Comando unico Living Now 2 moduli	M2	Modality	Mode physical configurator (0-8, O/I,OFF,ON,SU_GIU,SU_GIU_M,CEN,PUL)	16	2558cec0dab173bedb105834b7255f225d91b757bddc38268e97ad555ccb87d1	9=O/I;10=OFF;11=ON;12=UP/DOWN;13=UP/DOWN monostable;15=PUL	corroborates-contextual-vocabulary	device-model/configurators.md#positions-and-functions	Catalogue field/name scoped to this definition; manufacturer examples do not validate every associated product, numeric domain or deployment
5538	743	1	0	Comando unico Living Now 2 moduli	AID	ID	ID	1	98f3d92f44695487f0db6bfa2040273a0cbdb9d9da04a9af06c2239ea2731859	********=AID	excluded-as-physical-position	device-model/configurators.md#configuration-modes	Software/identity/function metadata; idx=-1 alone does not prove a socket
4396	746	1	0	Comando unico Living Now 3 moduli	A1	Automation A addressing space (for configurator A1)		14	9138a58d4c6919259515552dfe46da44aa414d6894b4064665585db0f20b9b18	12=GEN;13=GR;14=AMB	corroborates-contextual-vocabulary	device-model/configurators.md#positions-and-functions	Catalogue field/name scoped to this definition; manufacturer examples do not validate every associated product, numeric domain or deployment
4397	746	1	0	Comando unico Living Now 3 moduli	A2	Automation A addressing space (for configurator A2)		14	724fde09638be8033774f98075629e14dbcd6884b175ea4784b07e2d9e3c4192	12=GEN;13=GR;14=AMB	corroborates-contextual-vocabulary	device-model/configurators.md#positions-and-functions	Catalogue field/name scoped to this definition; manufacturer examples do not validate every associated product, numeric domain or deployment
4398	746	1	0	Comando unico Living Now 3 moduli	A3	Automation A addressing space (for configurator A3)		14	b94b5898a7319e71951a083eb1390820e70b4c9bcd9d992b8b5f0527ade422fc	12=GEN;13=GR;14=AMB	corroborates-contextual-vocabulary	device-model/configurators.md#positions-and-functions	Catalogue field/name scoped to this definition; manufacturer examples do not validate every associated product, numeric domain or deployment
4401	746	1	0	Comando unico Living Now 3 moduli	PL3	PL3 - (0-9)		1	b542aaed9d6237994dc5f799d3dd2926307b0acbb0c36719438e3b8bb6fac9dc		corroborates-contextual-vocabulary	device-model/configurators.md#positions-and-functions	Catalogue field/name scoped to this definition; manufacturer examples do not validate every associated product, numeric domain or deployment
4402	746	1	0	Comando unico Living Now 3 moduli	PL1	PL1 - (0-9)		1	6a92b30097a0b500076f2bfefbb97a0fef1c81c2fea599238fb25c53fc048ca1		corroborates-contextual-vocabulary	device-model/configurators.md#positions-and-functions	Catalogue field/name scoped to this definition; manufacturer examples do not validate every associated product, numeric domain or deployment
4403	746	1	0	Comando unico Living Now 3 moduli	PL2	PL2 - (0-9)		1	2284257bbebc4217da9f12fc112dd3ac063dea55b92bc22486abfaeada182be3		corroborates-contextual-vocabulary	device-model/configurators.md#positions-and-functions	Catalogue field/name scoped to this definition; manufacturer examples do not validate every associated product, numeric domain or deployment
4404	746	1	0	Comando unico Living Now 3 moduli	M	(0-9)		1	71d6ba4691bdaa0deda01cc0001387d427cf94f6f2e4ffc66158d00bb9886b2a		corroborates-contextual-vocabulary	device-model/configurators.md#positions-and-functions	Catalogue field/name scoped to this definition; manufacturer examples do not validate every associated product, numeric domain or deployment
5539	746	1	0	Comando unico Living Now 3 moduli	AID	ID	ID	1	7f52198df02a6b75dc789d373ff6c8d44122fe265e40f2924818003f10169020	********=AID	excluded-as-physical-position	device-model/configurators.md#configuration-modes	Software/identity/function metadata; idx=-1 alone does not prove a socket
5540	752	1	0	HOME TOUCH 7	AID	ID	ID	1	b0da15b3114ac6e1f677aba30506b89d2c4cec8aec11b06a16c00934efb25bb9	********=AID	excluded-as-physical-position	device-model/configurators.md#configuration-modes	Software/identity/function metadata; idx=-1 alone does not prove a socket
4405	764	1	0	Comando-Attuatore Living Now Luci	A1	Configurator A1 (0-9)		1	3fd6ed32daa0ab2baa6891b007a2301796be874f126bb9ecf5faa1fefc0dee59		corroborates-contextual-vocabulary	device-model/configurators.md#positions-and-functions	Catalogue field/name scoped to this definition; manufacturer examples do not validate every associated product, numeric domain or deployment
4406	764	1	0	Comando-Attuatore Living Now Luci	A2	Automation A addressing space (for configurator A2)		14	f955fcf02ba8e251768d50ca60b31723da46bcae106fb9b2d292779fb9a9780d	12=GEN;13=GR;14=AMB	corroborates-contextual-vocabulary	device-model/configurators.md#positions-and-functions	Catalogue field/name scoped to this definition; manufacturer examples do not validate every associated product, numeric domain or deployment
4407	764	1	0	Comando-Attuatore Living Now Luci	PL1	PL1 - (0-9)		1	6cdb4d794d1d5738adb0fd1349b54d4a9ff56705ecaaae4c9812079da6292bb6		corroborates-contextual-vocabulary	device-model/configurators.md#positions-and-functions	Catalogue field/name scoped to this definition; manufacturer examples do not validate every associated product, numeric domain or deployment
4408	764	1	0	Comando-Attuatore Living Now Luci	PL2	PL2 - (0-9)		1	ee32f67adf4d3ce9d7b64251f4125f5b090bf10d0e950ce874d120bb0a499b25		corroborates-contextual-vocabulary	device-model/configurators.md#positions-and-functions	Catalogue field/name scoped to this definition; manufacturer examples do not validate every associated product, numeric domain or deployment
4409	764	1	0	Comando-Attuatore Living Now Luci	M1	Modality	Mode physical configurator (0-8, O/I,OFF,ON,SU_GIU,SU_GIU_M,CEN,PUL)	17	7639487176cdb023af6a092243289d57bf2decc178c8485a99a7203d868a03ae	9=O/I;10=OFF;11=ON;12=UP/DOWN;13=UP/DOWN monostable;14=CEN;15=PUL	corroborates-contextual-vocabulary	device-model/configurators.md#positions-and-functions	Catalogue field/name scoped to this definition; manufacturer examples do not validate every associated product, numeric domain or deployment
4410	764	1	0	Comando-Attuatore Living Now Luci	M2	Modality	Mode physical configurator (0-8, O/I,OFF,ON,SU_GIU,SU_GIU_M,CEN,PUL)	16	be15f842da677f8ed23b518161674b7cdd19efa01b82b45d8dd9c8a4b43634dd	9=O/I;10=OFF;11=ON;12=UP/DOWN;13=UP/DOWN monostable;15=PUL	corroborates-contextual-vocabulary	device-model/configurators.md#positions-and-functions	Catalogue field/name scoped to this definition; manufacturer examples do not validate every associated product, numeric domain or deployment
5541	764	1	0	Comando-Attuatore Living Now Luci	AID	ID	ID	1	7014b954cc02994125456bfabc260d6052314e26d9372815b21fea274caaed72	********=AID	excluded-as-physical-position	device-model/configurators.md#configuration-modes	Software/identity/function metadata; idx=-1 alone does not prove a socket
4411	767	1	0	Comando-Attuatore Living Now Tapparelle	M2	Modality	Mode physical configurator (0-8, O/I,OFF,ON,SU_GIU,SU_GIU_M,CEN,PUL)	16	131a97b1850cee04714b1756e865f3f2dec2c2fdfa240da78aa1eb87adf9020a	9=O/I;10=OFF;11=ON;12=UP/DOWN;13=UP/DOWN monostable;15=PUL	corroborates-contextual-vocabulary	device-model/configurators.md#positions-and-functions	Catalogue field/name scoped to this definition; manufacturer examples do not validate every associated product, numeric domain or deployment
4412	767	1	0	Comando-Attuatore Living Now Tapparelle	A1	Configurator A1 (0-9)		1	77b42a1b992e3219d18d25ecd91e1e47a3fa2a4f09526d44f4356944af1b54ab		corroborates-contextual-vocabulary	device-model/configurators.md#positions-and-functions	Catalogue field/name scoped to this definition; manufacturer examples do not validate every associated product, numeric domain or deployment
4413	767	1	0	Comando-Attuatore Living Now Tapparelle	A2	Automation A addressing space (for configurator A2)		14	3b0be72676f3c3f3e4a2dfcdeb84ccdd68d840dc26013556768a16ff367169e4	12=GEN;13=GR;14=AMB	corroborates-contextual-vocabulary	device-model/configurators.md#positions-and-functions	Catalogue field/name scoped to this definition; manufacturer examples do not validate every associated product, numeric domain or deployment
4414	767	1	0	Comando-Attuatore Living Now Tapparelle	PL1	PL1 - (0-9)		1	2b183f99dfb1bed1ad898b6c3a2f6c76a19227a4043c5d6d7178e700b8b166f8		corroborates-contextual-vocabulary	device-model/configurators.md#positions-and-functions	Catalogue field/name scoped to this definition; manufacturer examples do not validate every associated product, numeric domain or deployment
4415	767	1	0	Comando-Attuatore Living Now Tapparelle	PL2	PL2 - (0-9)		1	1abf6a033ee32dcd682c6203562ab4e5a5c52057e60d12a8ea3735e25ee1cfe1		corroborates-contextual-vocabulary	device-model/configurators.md#positions-and-functions	Catalogue field/name scoped to this definition; manufacturer examples do not validate every associated product, numeric domain or deployment
4416	767	1	0	Comando-Attuatore Living Now Tapparelle	M1	Modality	Mode physical configurator (0-8, O/I,OFF,ON,SU_GIU,SU_GIU_M,CEN,PUL)	12	cb32ad5b57b385ccbfeef41d78fbecbcd51c950f8c8f6e6b69700a0dc77f31da	10=OFF;12=UP/DOWN;13=UP/DOWN monostable;15=PUL	corroborates-contextual-vocabulary	device-model/configurators.md#positions-and-functions	Catalogue field/name scoped to this definition; manufacturer examples do not validate every associated product, numeric domain or deployment
5542	767	1	0	Comando-Attuatore Living Now Tapparelle	AID	ID	ID	1	3799e2df2792d428f70e722959b5890b819d996798a5e2c7e55650f5dd20f01b	********=AID	excluded-as-physical-position	device-model/configurators.md#configuration-modes	Software/identity/function metadata; idx=-1 alone does not prove a socket
5543	771	1	0	Add-on SCS thermostat	AID	ID	ID	1	4a96952092dc91df81d632e7a070cf9a22a91e92fdfa9a5d3a3413be19626ecc	********=AID	excluded-as-physical-position	device-model/configurators.md#configuration-modes	Software/identity/function metadata; idx=-1 alone does not prove a socket
4417	772	1	0	Comando unico MYHOME 2 moduli	A1	Automation A addressing space (for configurator A1)		14	5885adfa78c46872d7736828f7d4f8248dc652335272f0bf6d33c5b8b5e31dc5	12=GEN;13=GR;14=AMB	corroborates-contextual-vocabulary	device-model/configurators.md#positions-and-functions	Catalogue field/name scoped to this definition; manufacturer examples do not validate every associated product, numeric domain or deployment
4418	772	1	0	Comando unico MYHOME 2 moduli	PL1	PL1 - (0-9)		1	66acd71840726d9acd410db457069e87b3702bbfbb1a5879e22a5e95780e7a7f		corroborates-contextual-vocabulary	device-model/configurators.md#positions-and-functions	Catalogue field/name scoped to this definition; manufacturer examples do not validate every associated product, numeric domain or deployment
4419	772	1	0	Comando unico MYHOME 2 moduli	M1	Modality	Mode physical configurator (0-8, O/I,OFF,ON,SU_GIU,SU_GIU_M,PUL)	16	17f294c32216135e2998d20b2d0c451d5f2beecabf49e4dda5b6c22d55f159e3	9=O/I;10=OFF;11=ON;12=UP/DOWN;13=UP/DOWN monostable;15=PUL	corroborates-contextual-vocabulary	device-model/configurators.md#positions-and-functions	Catalogue field/name scoped to this definition; manufacturer examples do not validate every associated product, numeric domain or deployment
4420	772	1	0	Comando unico MYHOME 2 moduli	A2	Automation A addressing space (for configurator A2)		14	0f70f7038ec059f20a286a2f576ced7307737c41920e85203e7d8b1bf405e110	12=GEN;13=GR;14=AMB	corroborates-contextual-vocabulary	device-model/configurators.md#positions-and-functions	Catalogue field/name scoped to this definition; manufacturer examples do not validate every associated product, numeric domain or deployment
4421	772	1	0	Comando unico MYHOME 2 moduli	PL2	PL2 - (0-9)		1	25420536313234e094184aac782aa821b77c2ea01068b9e06eb95e68815c7141		corroborates-contextual-vocabulary	device-model/configurators.md#positions-and-functions	Catalogue field/name scoped to this definition; manufacturer examples do not validate every associated product, numeric domain or deployment
4422	772	1	0	Comando unico MYHOME 2 moduli	M2	Modality	Mode physical configurator (0-8, O/I,OFF,ON,SU_GIU,SU_GIU_M,CEN,PUL)	16	6ec75043edabe1ac87bd8262c556830f80575696ae7a3d965cb00e36d8c583d5	9=O/I;10=OFF;11=ON;12=UP/DOWN;13=UP/DOWN monostable;15=PUL	corroborates-contextual-vocabulary	device-model/configurators.md#positions-and-functions	Catalogue field/name scoped to this definition; manufacturer examples do not validate every associated product, numeric domain or deployment
5544	772	1	0	Comando unico MYHOME 2 moduli	AID	ID	ID	1	73a421779a64492b8cf7764bfa8031dc35974f3b8ae7e444b3ddfa60e218a94b	********=AID	excluded-as-physical-position	device-model/configurators.md#configuration-modes	Software/identity/function metadata; idx=-1 alone does not prove a socket
4423	773	1	0	 Comando unico MYHOME 3 moduli	A1	Automation A addressing space (for configurator A1)		14	bbedab1951af5af66bc7c5a497917cfb82ff493b38e6c1ee89c25c5585122221	12=GEN;13=GR;14=AMB	corroborates-contextual-vocabulary	device-model/configurators.md#positions-and-functions	Catalogue field/name scoped to this definition; manufacturer examples do not validate every associated product, numeric domain or deployment
4424	773	1	0	 Comando unico MYHOME 3 moduli	A2	Automation A addressing space (for configurator A2)		14	7746be21dac9faa2c3d4976aedf559afada0bc577438139327d7d142910f52ba	12=GEN;13=GR;14=AMB	corroborates-contextual-vocabulary	device-model/configurators.md#positions-and-functions	Catalogue field/name scoped to this definition; manufacturer examples do not validate every associated product, numeric domain or deployment
4425	773	1	0	 Comando unico MYHOME 3 moduli	A3	Automation A addressing space (for configurator A3)		14	8b341a7bb9a404699e59457307b7e46f636e77cf7c9b38a679e4cabd0fee0249	12=GEN;13=GR;14=AMB	corroborates-contextual-vocabulary	device-model/configurators.md#positions-and-functions	Catalogue field/name scoped to this definition; manufacturer examples do not validate every associated product, numeric domain or deployment
4426	773	1	0	 Comando unico MYHOME 3 moduli	PL3	PL3 - (0-9)		1	2b6e969d47a852ecea4664f2279175f69ea1437eaaf6dad217b1c5c7edfceb2c		corroborates-contextual-vocabulary	device-model/configurators.md#positions-and-functions	Catalogue field/name scoped to this definition; manufacturer examples do not validate every associated product, numeric domain or deployment
4427	773	1	0	 Comando unico MYHOME 3 moduli	PL1	PL1 - (0-9)		1	4a3d3f7d14b5557b17bb9fcb554090d304cd775bb6a210341f2449764ee2d290		corroborates-contextual-vocabulary	device-model/configurators.md#positions-and-functions	Catalogue field/name scoped to this definition; manufacturer examples do not validate every associated product, numeric domain or deployment
4428	773	1	0	 Comando unico MYHOME 3 moduli	PL2	PL2 - (0-9)		1	86664115735713627b8f59e7f81675a32e42de41b75714d1f17963e122a05709		corroborates-contextual-vocabulary	device-model/configurators.md#positions-and-functions	Catalogue field/name scoped to this definition; manufacturer examples do not validate every associated product, numeric domain or deployment
4429	773	1	0	 Comando unico MYHOME 3 moduli	M	(0-9)		1	5fe1fb52d33d8f8afa19c94c3c05a1967a0931e192d40050eec1788472b0ccde		corroborates-contextual-vocabulary	device-model/configurators.md#positions-and-functions	Catalogue field/name scoped to this definition; manufacturer examples do not validate every associated product, numeric domain or deployment
5545	773	1	0	 Comando unico MYHOME 3 moduli	AID	ID	ID	1	470ba3b3071ed1febb3a76212a9166f16140a85d0eb22aff390efd0a1a4a2461	********=AID	excluded-as-physical-position	device-model/configurators.md#configuration-modes	Software/identity/function metadata; idx=-1 alone does not prove a socket
4430	774	1	0	Comando-Attuatore MYHOME Luci 	A1	Configurator A1 (0-9)		1	d571c976dbe3cd399a33e529437b5705062fffa79fa993248a9abe58e7a1658e		corroborates-contextual-vocabulary	device-model/configurators.md#positions-and-functions	Catalogue field/name scoped to this definition; manufacturer examples do not validate every associated product, numeric domain or deployment
4431	774	1	0	Comando-Attuatore MYHOME Luci 	A2	Automation A addressing space (for configurator A2)		14	a04b1233f2d75aa4cba895dd4b673e48fbf8ff1c963171d382ca19776a91aaaf	12=GEN;13=GR;14=AMB	corroborates-contextual-vocabulary	device-model/configurators.md#positions-and-functions	Catalogue field/name scoped to this definition; manufacturer examples do not validate every associated product, numeric domain or deployment
4432	774	1	0	Comando-Attuatore MYHOME Luci 	PL1	PL1 - (0-9)		1	42a90f00f0331fb88afd19b78fbd1aed5dc12db46fe39c1c24d6870507f04069		corroborates-contextual-vocabulary	device-model/configurators.md#positions-and-functions	Catalogue field/name scoped to this definition; manufacturer examples do not validate every associated product, numeric domain or deployment
4433	774	1	0	Comando-Attuatore MYHOME Luci 	PL2	PL2 - (0-9)		1	29ef12230624eb69ef2f9ebb324ca51ce45aaa2dd3cde7e3dea323bb7b5a4128		corroborates-contextual-vocabulary	device-model/configurators.md#positions-and-functions	Catalogue field/name scoped to this definition; manufacturer examples do not validate every associated product, numeric domain or deployment
4434	774	1	0	Comando-Attuatore MYHOME Luci 	M1	Modality	Mode physical configurator (0-8, O/I,OFF,ON,SU_GIU,SU_GIU_M,CEN,PUL)	17	8daaae57c6ef91097fd1f90d3e2e22d515c3f90d255a5a77a9a82554e7128a5d	9=O/I;10=OFF;11=ON;12=UP/DOWN;13=UP/DOWN monostable;14=CEN;15=PUL	corroborates-contextual-vocabulary	device-model/configurators.md#positions-and-functions	Catalogue field/name scoped to this definition; manufacturer examples do not validate every associated product, numeric domain or deployment
4435	774	1	0	Comando-Attuatore MYHOME Luci 	M2	Modality	Mode physical configurator (0-8, O/I,OFF,ON,SU_GIU,SU_GIU_M,CEN,PUL)	16	73d8da1ee63e71b76aee2c5f324a1dc024f4d463f7be6d290d0033f044491b2e	9=O/I;10=OFF;11=ON;12=UP/DOWN;13=UP/DOWN monostable;15=PUL	corroborates-contextual-vocabulary	device-model/configurators.md#positions-and-functions	Catalogue field/name scoped to this definition; manufacturer examples do not validate every associated product, numeric domain or deployment
5546	774	1	0	Comando-Attuatore MYHOME Luci 	AID	ID	ID	1	55cc06a1b444e4833cfe775ee58701e79bb7eb57883743393c254c105686d956	********=AID	excluded-as-physical-position	device-model/configurators.md#configuration-modes	Software/identity/function metadata; idx=-1 alone does not prove a socket
4436	775	1	0	Comando-Attuatore MYHOME Tapparelle	M2	Modality	Mode physical configurator (0-8, O/I,OFF,ON,SU_GIU,SU_GIU_M,CEN,PUL)	16	74721d867b8589694d7025032acf9dcb4def821b647e65647dcf0f06d2972035	9=O/I;10=OFF;11=ON;12=UP/DOWN;13=UP/DOWN monostable;15=PUL	corroborates-contextual-vocabulary	device-model/configurators.md#positions-and-functions	Catalogue field/name scoped to this definition; manufacturer examples do not validate every associated product, numeric domain or deployment
4437	775	1	0	Comando-Attuatore MYHOME Tapparelle	A1	Configurator A1 (0-9)		1	71cd266d5cba181dadf92ade4c0fa9b6bb86a54e1c4084084adb0541ec4bae90		corroborates-contextual-vocabulary	device-model/configurators.md#positions-and-functions	Catalogue field/name scoped to this definition; manufacturer examples do not validate every associated product, numeric domain or deployment
4438	775	1	0	Comando-Attuatore MYHOME Tapparelle	A2	Automation A addressing space (for configurator A2)		14	63758902efcdd614306a1d1d1d3ee6bcde9471297f2727e29e72f3348c424866	12=GEN;13=GR;14=AMB	corroborates-contextual-vocabulary	device-model/configurators.md#positions-and-functions	Catalogue field/name scoped to this definition; manufacturer examples do not validate every associated product, numeric domain or deployment
4439	775	1	0	Comando-Attuatore MYHOME Tapparelle	PL1	PL1 - (0-9)		1	43fc35854bb56787ab6aa38e6f590ae8b9f2e4795dccd90abebf366d56cd2d46		corroborates-contextual-vocabulary	device-model/configurators.md#positions-and-functions	Catalogue field/name scoped to this definition; manufacturer examples do not validate every associated product, numeric domain or deployment
4440	775	1	0	Comando-Attuatore MYHOME Tapparelle	PL2	PL2 - (0-9)		1	e667825a6e989ff6451339d5907183a88cc9816dabd647a3c844212daa992ec8		corroborates-contextual-vocabulary	device-model/configurators.md#positions-and-functions	Catalogue field/name scoped to this definition; manufacturer examples do not validate every associated product, numeric domain or deployment
4441	775	1	0	Comando-Attuatore MYHOME Tapparelle	M1	Modality	Mode physical configurator (0-8, O/I,OFF,ON,SU_GIU,SU_GIU_M,CEN,PUL)	12	bbc70856a0ddf246eb2e979eb56fd2bb63d043b649a7fb20e0fda19727d83e4c	10=OFF;12=UP/DOWN;13=UP/DOWN monostable;15=PUL	corroborates-contextual-vocabulary	device-model/configurators.md#positions-and-functions	Catalogue field/name scoped to this definition; manufacturer examples do not validate every associated product, numeric domain or deployment
5547	775	1	0	Comando-Attuatore MYHOME Tapparelle	AID	ID	ID	1	56a81322fd1004afa7a5c7026e754388f98514b1f1f97deb22da6156f99b912f	********=AID	excluded-as-physical-position	device-model/configurators.md#configuration-modes	Software/identity/function metadata; idx=-1 alone does not prove a socket
4489	793	1	0	CLASSE100 X16E	P1	Configurator P1		1	8d9f7d80fb772b7584dc12ccb330bceebdf786df2da59d33a046f74feb06d6ec		excluded-unverified-position-function	device-model/configurators.md#evidence-limits	Inventoried exact definition/domain; no new manufacturer-verified function/range claim for this symbol in this review
4490	793	1	0	CLASSE100 X16E	P2	Configurator P2		1	2156fd4c635097a65416f4b1ea2fa3db7ad329911b668f05a951861abd6ec271		excluded-unverified-position-function	device-model/configurators.md#evidence-limits	Inventoried exact definition/domain; no new manufacturer-verified function/range claim for this symbol in this review
4491	793	1	0	CLASSE100 X16E	N1_1	Internal Unit Range		11	353a27bd32e39a90d09edaf8426381f0b83751b2e2b3825459a6f250c4279a30		excluded-unverified-position-function	device-model/configurators.md#evidence-limits	Inventoried exact definition/domain; no new manufacturer-verified function/range claim for this symbol in this review
4492	793	1	0	CLASSE100 X16E	N1_2	Internal Unit Range		11	3ed44b4025044c1bf908dd81ede859e5a1b5186a4023d3bd096d2a1da72aa9a2		excluded-unverified-position-function	device-model/configurators.md#evidence-limits	Inventoried exact definition/domain; no new manufacturer-verified function/range claim for this symbol in this review
4495	793	1	0	CLASSE100 X16E	M1	M1 (0-9)		1	f38e4710372b4136093d26da34486ddad6d2dbd62d6aa296e12f9dc102987cb3		corroborates-contextual-vocabulary	device-model/configurators.md#positions-and-functions	Catalogue field/name scoped to this definition; manufacturer examples do not validate every associated product, numeric domain or deployment
4496	793	1	0	CLASSE100 X16E	M2	M2 (0-9)		1	81d543c7da458e2f916e79be7e68135be1e9b32369f115cf5111a3f7df6021f3		corroborates-contextual-vocabulary	device-model/configurators.md#positions-and-functions	Catalogue field/name scoped to this definition; manufacturer examples do not validate every associated product, numeric domain or deployment
5548	793	1	0	CLASSE100 X16E	AID	ID	ID	1	8471a9563ecd84458cc12082c34fb75b4b135776d6df49a3ad144fc2aa24cf3c	********=AID	excluded-as-physical-position	device-model/configurators.md#configuration-modes	Software/identity/function metadata; idx=-1 alone does not prove a socket
5549	799	1	0	Light Actuator Living Now advanced	AID	ID	ID	1	67f9eee5b76fc8308128996414da5a7c7b6b319e3f7c9cc8dbe45b196ac66097	********=AID	excluded-as-physical-position	device-model/configurators.md#configuration-modes	Software/identity/function metadata; idx=-1 alone does not prove a socket
4516	800	3	0	GPRS Interface	IS_GATEWAY	Gateway		3	53bef5af5ab51435b241440978cf23224f02b3d0c8bbe565c256eeef88a8d145	0=Disable;1=Enable	excluded-as-physical-position	device-model/configurators.md#configuration-modes	Software/identity/function metadata; idx=-1 alone does not prove a socket
4517	800	3	0	GPRS Interface	FW_VER	Firmware version		1	0ac4276e5bf974e57217406286c38dc01ce0e01ff5620de86f07f3cc53c4f248	######=Firmware version	excluded-as-physical-position	device-model/configurators.md#configuration-modes	Software/identity/function metadata; idx=-1 alone does not prove a socket
4518	800	3	0	GPRS Interface	S/N	Serial Number		1	83fdc7368b0b66ef9c68a3656fc910ebf91ee8219a95e249a27364ae28b04bb9	########=S/N	excluded-as-physical-position	device-model/configurators.md#configuration-modes	Software/identity/function metadata; idx=-1 alone does not prove a socket
5550	800	3	0	GPRS Interface	AID	ID	ID	1	dc6c5d77144b3763084c09767678a2733d4536357354c3efec4e972d6c0d1d6b	********=AID	excluded-as-physical-position	device-model/configurators.md#configuration-modes	Software/identity/function metadata; idx=-1 alone does not prove a socket
5551	801	2	0	Basic probe with wired sensor	AID	ID	ID	1	1ba46dfa1d3b7782dbb13e4df065b536454e4ed9dbbc0dc59567931f61d21811	********=AID	excluded-as-physical-position	device-model/configurators.md#configuration-modes	Software/identity/function metadata; idx=-1 alone does not prove a socket
5552	803	1	0	Adv - command white	AID	ID	ID	1	ed0dee1c27748555e1c6dc23b6cb513b654b3b8ff526e465d72d7972bd938d2e	********=AID	excluded-as-physical-position	device-model/configurators.md#configuration-modes	Software/identity/function metadata; idx=-1 alone does not prove a socket
5553	804	1	0	Adv - command advanced white	AID	ID	ID	1	d2bee43fc12df20797a7edc623385193d51f491d69a764e727516045abbbc1c6	********=AID	excluded-as-physical-position	device-model/configurators.md#configuration-modes	Software/identity/function metadata; idx=-1 alone does not prove a socket
5554	805	1	0	Shutter Actuator Living Now advanced	AID	ID	ID	1	f01db7cd4bd241990a6737bb3c271bbbdae199a8696687f2e6686ab616ff12b6	********=AID	excluded-as-physical-position	device-model/configurators.md#configuration-modes	Software/identity/function metadata; idx=-1 alone does not prove a socket
5555	806	1	0	Adv - voice assistant Amazon	AID	ID	ID	1	4141d04eb82259d79e32cb565a4d39f23802aace1b2869fc343af3e72bf75cd8	********=AID	excluded-as-physical-position	device-model/configurators.md#configuration-modes	Software/identity/function metadata; idx=-1 alone does not prove a socket
5556	809	1	0	Easy Kit Connnected	AID	ID	ID	1	fcb04e6ccadf02be43dddaec42c71d2e14eb5b345a2f280fa8c3d4a6feaaccde	********=AID	excluded-as-physical-position	device-model/configurators.md#configuration-modes	Software/identity/function metadata; idx=-1 alone does not prove a socket
5557	810	2	0	HOME TOUCH 7	AID	ID	ID	1	9d90eeaebf5aa6d1b11fb2ac9c1292e923f90647c69f3af78aa7f8eb75ccf576	********=AID	excluded-as-physical-position	device-model/configurators.md#configuration-modes	Software/identity/function metadata; idx=-1 alone does not prove a socket
5558	811	2	1	Driver Manager	AID	ID	ID	1	82686160a24ef4d2e91a577e9c36e2bcd9708bb276d132b18b5552e214c21b52	********=AID	excluded-as-physical-position	device-model/configurators.md#configuration-modes	Software/identity/function metadata; idx=-1 alone does not prove a socket
5559	812	1	1	MyHomeServer	AID	ID	ID	1	9c737ff555d68699216c9f5ac7f9afab30e999d3eea588198f9a23e9eac40fe2	********=AID	excluded-as-physical-position	device-model/configurators.md#configuration-modes	Software/identity/function metadata; idx=-1 alone does not prove a socket
5560	813	1	2	MyHomeServer	AID	ID	ID	1	3ed6362c5a611e419344376311b62094ded8ce49f4f8b54792896fd88046f0de	********=AID	excluded-as-physical-position	device-model/configurators.md#configuration-modes	Software/identity/function metadata; idx=-1 alone does not prove a socket
5561	814	2	0	MyHomeServer	AID	ID	ID	1	da671320b033798b46313a4cb81c72d34e29a068bcfca2fec223faadeb453665	********=AID	excluded-as-physical-position	device-model/configurators.md#configuration-modes	Software/identity/function metadata; idx=-1 alone does not prove a socket
5562	815	2	1	MyHomeServer	AID	ID	ID	1	a5b1763ebf2dabc54bfe315b0a0da40db2dffcff54a54f46ae6bbe5dfe2600fb	********=AID	excluded-as-physical-position	device-model/configurators.md#configuration-modes	Software/identity/function metadata; idx=-1 alone does not prove a socket
5563	816	2	2	MyHomeServer	AID	ID	ID	1	f904264944da4a4e6e2d3b520e6b1d3636106927341665b3d6142cbb86910a4e	********=AID	excluded-as-physical-position	device-model/configurators.md#configuration-modes	Software/identity/function metadata; idx=-1 alone does not prove a socket
5564	817	2	14	MyHomeServer	AID	ID	ID	1	40f70d35b393e9f644f5947a8668b7d36582aa2b651510ad2e9bcc6f02bd9384	********=AID	excluded-as-physical-position	device-model/configurators.md#configuration-modes	Software/identity/function metadata; idx=-1 alone does not prove a socket
5565	818	2	20	MyHomeServer	AID	ID	ID	1	919284a995a13fd038a8f672dfe9b8616adb329ad63ce79074321001b7f9ea04	********=AID	excluded-as-physical-position	device-model/configurators.md#configuration-modes	Software/identity/function metadata; idx=-1 alone does not prove a socket
5566	820	3	0	HOME TOUCH 7	AID	ID	ID	1	4c9737b16dfeede9f2debf6f7d73dc46651a253ffd3f7209bb7eef93a0f55ca7	********=AID	excluded-as-physical-position	device-model/configurators.md#configuration-modes	Software/identity/function metadata; idx=-1 alone does not prove a socket
5567	821	2	30	MyHomeServer	AID	ID	ID	1	96caab932202b93f680264d49e407876c6408a3c465342b11bbff8e23fea03c7	********=AID	excluded-as-physical-position	device-model/configurators.md#configuration-modes	Software/identity/function metadata; idx=-1 alone does not prove a socket
5568	825	2	31	MyHomeServer	AID	ID	ID	1	cf5cf5e43aba1f35bca8b6c64cbed240d3dc42965c12c8d7315c26abd74e9974	********=AID	excluded-as-physical-position	device-model/configurators.md#configuration-modes	Software/identity/function metadata; idx=-1 alone does not prove a socket
4907	826	1	0	CLASSE300 EOS	N1_1	Internal Unit Range		11	38b182437fe1f094143fbba9a4c7e1afeeeb954f7532cec65d55e6ebf297282f		excluded-unverified-position-function	device-model/configurators.md#evidence-limits	Inventoried exact definition/domain; no new manufacturer-verified function/range claim for this symbol in this review
4908	826	1	0	CLASSE300 EOS	N1_2	Internal Unit Range		11	b7d1d5995db64ef4bfef677d41f15a4d638d578182cc54d24e2e46fc22943991		excluded-unverified-position-function	device-model/configurators.md#evidence-limits	Inventoried exact definition/domain; no new manufacturer-verified function/range claim for this symbol in this review
4909	826	1	0	CLASSE300 EOS	P1	Configurator P1		1	c152f99985576bd1f1acc02ad69bb8bb8e4d179144c8c945b78bd1502e6cfb19		excluded-unverified-position-function	device-model/configurators.md#evidence-limits	Inventoried exact definition/domain; no new manufacturer-verified function/range claim for this symbol in this review
4910	826	1	0	CLASSE300 EOS	P2	Configurator P2		1	5bd23af57da25155e4d0987f2df44bcf794f0a4d834b6acd837765c45de2f373		excluded-unverified-position-function	device-model/configurators.md#evidence-limits	Inventoried exact definition/domain; no new manufacturer-verified function/range claim for this symbol in this review
4911	826	1	0	CLASSE300 EOS	M1	M1 (0-9)		1	5d911babebe975865fad818907a1f88dbc9f9539cf2d1d1ec2df0484a82439c2		corroborates-contextual-vocabulary	device-model/configurators.md#positions-and-functions	Catalogue field/name scoped to this definition; manufacturer examples do not validate every associated product, numeric domain or deployment
4912	826	1	0	CLASSE300 EOS	M2	M2 (0-9)		1	a6c11b26709010e73ff50214e8b217353a3145001efcdcc4089c4041da428f8b		corroborates-contextual-vocabulary	device-model/configurators.md#positions-and-functions	Catalogue field/name scoped to this definition; manufacturer examples do not validate every associated product, numeric domain or deployment
5569	826	1	0	CLASSE300 EOS	AID	ID	ID	1	48aa3fe134f3e2593fb3092b3e6c37229f990a325b5c0f1c44eee5740496eb1a	********=AID	excluded-as-physical-position	device-model/configurators.md#configuration-modes	Software/identity/function metadata; idx=-1 alone does not prove a socket
4913	827	1	4	CLASSE100 X16E	P1	Configurator P1		1	d5ef12c00db4ce1897445176d22a2d291f4016fde7dc3b190806363d82f1924f		excluded-unverified-position-function	device-model/configurators.md#evidence-limits	Inventoried exact definition/domain; no new manufacturer-verified function/range claim for this symbol in this review
4914	827	1	4	CLASSE100 X16E	P2	Configurator P2		1	2542a2c32a038268f1de5f390f92cf176ce7bee79541501284887b60928bd458		excluded-unverified-position-function	device-model/configurators.md#evidence-limits	Inventoried exact definition/domain; no new manufacturer-verified function/range claim for this symbol in this review
4915	827	1	4	CLASSE100 X16E	N1_1	Internal Unit Range		11	fc1830f99ed42b187b9ed0a4c67bca105b01b858a1dfacf1aada5bf9140553bc		excluded-unverified-position-function	device-model/configurators.md#evidence-limits	Inventoried exact definition/domain; no new manufacturer-verified function/range claim for this symbol in this review
4916	827	1	4	CLASSE100 X16E	N1_2	Internal Unit Range		11	80bd795a232a6a73bcdd7e454df9b77ade00a0b4a1b2e4699fa57d2d9a3fd217		excluded-unverified-position-function	device-model/configurators.md#evidence-limits	Inventoried exact definition/domain; no new manufacturer-verified function/range claim for this symbol in this review
4917	827	1	4	CLASSE100 X16E	M1	M1 (0-9)		1	54a34f7ab63689a5515121d39653fb372acdb2715e530d0903ddf9d8b97d9ce6		corroborates-contextual-vocabulary	device-model/configurators.md#positions-and-functions	Catalogue field/name scoped to this definition; manufacturer examples do not validate every associated product, numeric domain or deployment
4918	827	1	4	CLASSE100 X16E	M2	M2 (0-9)		1	dc6ade9fdf5ede9b1b72966798c57d869291468f93c0e51ab03b923c092ecb8d		corroborates-contextual-vocabulary	device-model/configurators.md#positions-and-functions	Catalogue field/name scoped to this definition; manufacturer examples do not validate every associated product, numeric domain or deployment
5570	827	1	4	CLASSE100 X16E	AID	ID	ID	1	e07ee604c0d12e28726523fa459f56e4f0fddea413d3d696403bdd26b484cc7a	********=AID	excluded-as-physical-position	device-model/configurators.md#configuration-modes	Software/identity/function metadata; idx=-1 alone does not prove a socket
5571	828	2	4	HOME TOUCH 7	AID	ID	ID	1	00c9e981104ce5de365bae9fe2b3c53eaacb5bb0c2359dee9cd81d46e7c2e077	********=AID	excluded-as-physical-position	device-model/configurators.md#configuration-modes	Software/identity/function metadata; idx=-1 alone does not prove a socket
5572	830	2	5	HOME TOUCH 7	AID	ID	ID	1	9f00890c7526ad635fa77f38a28e46775d054aca5aad65183a615b7dc5954785	********=AID	excluded-as-physical-position	device-model/configurators.md#configuration-modes	Software/identity/function metadata; idx=-1 alone does not prove a socket
5573	831	2	32	MyHomeServer	AID	ID	ID	1	f7b3f53d4db43888391616df45dd15e0c64067be2fd2587736f611b89f51d77b	********=AID	excluded-as-physical-position	device-model/configurators.md#configuration-modes	Software/identity/function metadata; idx=-1 alone does not prove a socket
4925	832	2	1	CLASSE300 EOS	N1_1	Internal Unit Range		11	f2a8fe31d43500674255be5812b15accf7982d00b785ab64a6ffa1cfa880f18a		excluded-unverified-position-function	device-model/configurators.md#evidence-limits	Inventoried exact definition/domain; no new manufacturer-verified function/range claim for this symbol in this review
4926	832	2	1	CLASSE300 EOS	N1_2	Internal Unit Range		11	c013a22bf26474f7bb8c90dc999c521e66e5e338a92e8f35d2e29eb432a3cc41		excluded-unverified-position-function	device-model/configurators.md#evidence-limits	Inventoried exact definition/domain; no new manufacturer-verified function/range claim for this symbol in this review
4927	832	2	1	CLASSE300 EOS	P1	Configurator P1		1	e10ed532532c8be53940de5acca1cad74071a0c8b6cb1936117a74af023d7df6		excluded-unverified-position-function	device-model/configurators.md#evidence-limits	Inventoried exact definition/domain; no new manufacturer-verified function/range claim for this symbol in this review
4928	832	2	1	CLASSE300 EOS	P2	Configurator P2		1	a1f778383142db38f06eb2b405279f13ceca82b1f5a4757b51fdba561e565448		excluded-unverified-position-function	device-model/configurators.md#evidence-limits	Inventoried exact definition/domain; no new manufacturer-verified function/range claim for this symbol in this review
4929	832	2	1	CLASSE300 EOS	M1	M1 (0-9)		1	31d2d91a8559e7bf777dc1169940a9338ae8670e4d41d4e9b738af54b7f87b56		corroborates-contextual-vocabulary	device-model/configurators.md#positions-and-functions	Catalogue field/name scoped to this definition; manufacturer examples do not validate every associated product, numeric domain or deployment
4930	832	2	1	CLASSE300 EOS	M2	M2 (0-9)		1	cb9358fc17dfaaba0aa0830c79e47f58ec61d56d3abc2feee3bdf48560587845		corroborates-contextual-vocabulary	device-model/configurators.md#positions-and-functions	Catalogue field/name scoped to this definition; manufacturer examples do not validate every associated product, numeric domain or deployment
5574	832	2	1	CLASSE300 EOS	AID	ID	ID	1	9089aa131d5e7b9249b6625cc13fcc459108998024a7346f894bb5a431f7018f	********=AID	excluded-as-physical-position	device-model/configurators.md#configuration-modes	Software/identity/function metadata; idx=-1 alone does not prove a socket
5575	834	1	7	CLASSE300 X13E	AID	ID	ID	1	5981b83e0556a4f96085c691ab4f259ff5de49fc5427fb7af257c11fd40f3fef	********=AID	excluded-as-physical-position	device-model/configurators.md#configuration-modes	Software/identity/function metadata; idx=-1 alone does not prove a socket
5576	836	3	0	MyHomeServer	AID	ID	ID	1	fc45ac2afaf9ac9ce0a9b5e20fdc0cd1abdb648755feba8e5ccd146eb307b74b	********=AID	excluded-as-physical-position	device-model/configurators.md#configuration-modes	Software/identity/function metadata; idx=-1 alone does not prove a socket
5577	839	2	60	MyHomeServer	AID	ID	ID	1	6fffb4f4f29634fcf2bf95f5d2044952cdb80edfa5ea41e8f0576cf898d12c95	********=AID	excluded-as-physical-position	device-model/configurators.md#configuration-modes	Software/identity/function metadata; idx=-1 alone does not prove a socket
5578	840	1	0	F460	AID	ID	ID	1	e6da1c2ba82f6d37ef49c1d93a988a02296907325fcfa26b23e50507837ca766	********=AID	excluded-as-physical-position	device-model/configurators.md#configuration-modes	Software/identity/function metadata; idx=-1 alone does not prove a socket
5579	843	1	0	F461	AID	ID	ID	1	2f09f94732d4ac9d5e224f6eb6a6616e419b8b6f8e6cb35028b643d3c720986b	********=AID	excluded-as-physical-position	device-model/configurators.md#configuration-modes	Software/identity/function metadata; idx=-1 alone does not prove a socket
5067	845	1	1	CLASSE300 EOS	N1_1	Internal Unit Range		11	69b0ef19b55d30813be7f5a964f8a44881d02caf43d73cf42a696398d0b8e4d2		excluded-unverified-position-function	device-model/configurators.md#evidence-limits	Inventoried exact definition/domain; no new manufacturer-verified function/range claim for this symbol in this review
5068	845	1	1	CLASSE300 EOS	N1_2	Internal Unit Range		11	2cd240483d5a7df7a5f877cc1d054f1509d309d30ff818293f684e7ceb6d8992		excluded-unverified-position-function	device-model/configurators.md#evidence-limits	Inventoried exact definition/domain; no new manufacturer-verified function/range claim for this symbol in this review
5069	845	1	1	CLASSE300 EOS	P1	Configurator P1		1	9bd0eb55b7a79d1c5fc1c4c6be7d794879d03289be8f8565b2228507732477ab		excluded-unverified-position-function	device-model/configurators.md#evidence-limits	Inventoried exact definition/domain; no new manufacturer-verified function/range claim for this symbol in this review
5070	845	1	1	CLASSE300 EOS	P2	Configurator P2		1	728a8345e533cb0acf7e14da59cb44bd5ccf94e7d94f23ea8fd1964291e28890		excluded-unverified-position-function	device-model/configurators.md#evidence-limits	Inventoried exact definition/domain; no new manufacturer-verified function/range claim for this symbol in this review
5071	845	1	1	CLASSE300 EOS	M1	M1 (0-9)		1	a1cc4e0865f838f63c303fba4762a49090d7204f3abe933dba8ed66ca9bf6b6f		corroborates-contextual-vocabulary	device-model/configurators.md#positions-and-functions	Catalogue field/name scoped to this definition; manufacturer examples do not validate every associated product, numeric domain or deployment
5072	845	1	1	CLASSE300 EOS	M2	M2 (0-9)		1	73436a0b4563827be74def9546069b99cf9d01fb69e3ef56b946c2d10f200b0c		corroborates-contextual-vocabulary	device-model/configurators.md#positions-and-functions	Catalogue field/name scoped to this definition; manufacturer examples do not validate every associated product, numeric domain or deployment
5580	845	1	1	CLASSE300 EOS	AID	ID	ID	1	55b5261573bbd3733f63e5ea664a94deb8dc390fa26218dc75208522cd7c94d0	********=AID	excluded-as-physical-position	device-model/configurators.md#configuration-modes	Software/identity/function metadata; idx=-1 alone does not prove a socket
5073	846	1	2	CLASSE300 EOS	N1_1	Internal Unit Range		11	7e75eea9d15bbf48e599a013eb850d1157a7022dbed94db024b8c2afa4482f1f		excluded-unverified-position-function	device-model/configurators.md#evidence-limits	Inventoried exact definition/domain; no new manufacturer-verified function/range claim for this symbol in this review
5074	846	1	2	CLASSE300 EOS	N1_2	Internal Unit Range		11	7c77eceaaa4992575f15e56a316fa5c1dda113bfb19d602eb481df7d69c93ec2		excluded-unverified-position-function	device-model/configurators.md#evidence-limits	Inventoried exact definition/domain; no new manufacturer-verified function/range claim for this symbol in this review
5075	846	1	2	CLASSE300 EOS	P1	Configurator P1		1	aaf77be1e18008a2eaf115f3fc6c7228b4b04ce129796b75e0a83a845c48bf45		excluded-unverified-position-function	device-model/configurators.md#evidence-limits	Inventoried exact definition/domain; no new manufacturer-verified function/range claim for this symbol in this review
5076	846	1	2	CLASSE300 EOS	P2	Configurator P2		1	8210e9d3aba96ff6b76e60c5b4570c108214e651120512db12a2b910db47024c		excluded-unverified-position-function	device-model/configurators.md#evidence-limits	Inventoried exact definition/domain; no new manufacturer-verified function/range claim for this symbol in this review
5077	846	1	2	CLASSE300 EOS	M1	M1 (0-9)		1	0e47969f4af5125563773d7b1cc9ef49cb112e3dfebcc88158ff5aba4800939d		corroborates-contextual-vocabulary	device-model/configurators.md#positions-and-functions	Catalogue field/name scoped to this definition; manufacturer examples do not validate every associated product, numeric domain or deployment
5078	846	1	2	CLASSE300 EOS	M2	M2 (0-9)		1	b635c4603c1017a6210fc4c81e29e80cc7d2ec3ea78ccf9c7f8161c113aa6a22		corroborates-contextual-vocabulary	device-model/configurators.md#positions-and-functions	Catalogue field/name scoped to this definition; manufacturer examples do not validate every associated product, numeric domain or deployment
5581	846	1	2	CLASSE300 EOS	AID	ID	ID	1	1895eb65057277aeec9152c52fa4c7d2916050456e460fb8a332fa790e318420	********=AID	excluded-as-physical-position	device-model/configurators.md#configuration-modes	Software/identity/function metadata; idx=-1 alone does not prove a socket
5079	847	1	3	CLASSE300 EOS	N1_1	Internal Unit Range		11	afe0cc3324dd66b8a7ad6652ae56449754b1775b34054d09c96abd767b5859c7		excluded-unverified-position-function	device-model/configurators.md#evidence-limits	Inventoried exact definition/domain; no new manufacturer-verified function/range claim for this symbol in this review
5080	847	1	3	CLASSE300 EOS	N1_2	Internal Unit Range		11	e0f7b339560841febeeb8e746c66bbcb3e22cd4641bdb60d617874270a7fb991		excluded-unverified-position-function	device-model/configurators.md#evidence-limits	Inventoried exact definition/domain; no new manufacturer-verified function/range claim for this symbol in this review
5081	847	1	3	CLASSE300 EOS	P1	Configurator P1		1	93eb4e7b802d39efb1ebebfe92ccbaa2364287001b0015f13a557845245ab95c		excluded-unverified-position-function	device-model/configurators.md#evidence-limits	Inventoried exact definition/domain; no new manufacturer-verified function/range claim for this symbol in this review
5082	847	1	3	CLASSE300 EOS	P2	Configurator P2		1	8a91e71038ab6aa2f228425b003620e225934350633f232fb74727d81edc75f4		excluded-unverified-position-function	device-model/configurators.md#evidence-limits	Inventoried exact definition/domain; no new manufacturer-verified function/range claim for this symbol in this review
5083	847	1	3	CLASSE300 EOS	M1	M1 (0-9)		1	eeb8cb9881fc7677bbba2b70b2ba384b309baf514b432da48d4a7efeb147dcad		corroborates-contextual-vocabulary	device-model/configurators.md#positions-and-functions	Catalogue field/name scoped to this definition; manufacturer examples do not validate every associated product, numeric domain or deployment
5084	847	1	3	CLASSE300 EOS	M2	M2 (0-9)		1	383265e91574a60a1479de2f61a459db246e653fda03a9c87a43f23901f78b6d		corroborates-contextual-vocabulary	device-model/configurators.md#positions-and-functions	Catalogue field/name scoped to this definition; manufacturer examples do not validate every associated product, numeric domain or deployment
5582	847	1	3	CLASSE300 EOS	AID	ID	ID	1	6b3e367cf1d28e568e72db77bfb01341ce7f806fa50ca87a8d5965aa72bb1d7a	********=AID	excluded-as-physical-position	device-model/configurators.md#configuration-modes	Software/identity/function metadata; idx=-1 alone does not prove a socket
5085	848	1	5	CLASSE300 EOS	N1_1	Internal Unit Range		11	bc95e717f372dd57382b8b77c06ddd44bb000b54bac1c9f06c9a44e50bac1532		excluded-unverified-position-function	device-model/configurators.md#evidence-limits	Inventoried exact definition/domain; no new manufacturer-verified function/range claim for this symbol in this review
5086	848	1	5	CLASSE300 EOS	N1_2	Internal Unit Range		11	74029cf32c977af210056c177933bb6dd98109a21c23b044d61a6b7d3d37adb7		excluded-unverified-position-function	device-model/configurators.md#evidence-limits	Inventoried exact definition/domain; no new manufacturer-verified function/range claim for this symbol in this review
5087	848	1	5	CLASSE300 EOS	P1	Configurator P1		1	fa3d024a825012500ef63cf3ae4e9264b290e8eece3005c4803d30fb0d280915		excluded-unverified-position-function	device-model/configurators.md#evidence-limits	Inventoried exact definition/domain; no new manufacturer-verified function/range claim for this symbol in this review
5088	848	1	5	CLASSE300 EOS	P2	Configurator P2		1	6665b49343ddb71d44db57329d83482943dfb18530997d2221e45eabc2fec1df		excluded-unverified-position-function	device-model/configurators.md#evidence-limits	Inventoried exact definition/domain; no new manufacturer-verified function/range claim for this symbol in this review
5089	848	1	5	CLASSE300 EOS	M1	M1 (0-9)		1	af497191dcba63c0934b587b96fa77faca246f522b5a5328bc8b3532142909fa		corroborates-contextual-vocabulary	device-model/configurators.md#positions-and-functions	Catalogue field/name scoped to this definition; manufacturer examples do not validate every associated product, numeric domain or deployment
5090	848	1	5	CLASSE300 EOS	M2	M2 (0-9)		1	08f091d0e17200db736b77e6fa3d94835a462e700e8f1b58d7b9d450da814f66		corroborates-contextual-vocabulary	device-model/configurators.md#positions-and-functions	Catalogue field/name scoped to this definition; manufacturer examples do not validate every associated product, numeric domain or deployment
5583	848	1	5	CLASSE300 EOS	AID	ID	ID	1	ddebeb75e83b299a57fecbf6fe92ae7473f6774acdde60976d5be8fb23c9338b	********=AID	excluded-as-physical-position	device-model/configurators.md#configuration-modes	Software/identity/function metadata; idx=-1 alone does not prove a socket
5116	855	1	5	CLASSE100 X16E	P1	Configurator P1		1	c90ca8a95a14c4c9a91d32b6ad269765be730a51f673b62c016e308a8c6e2809		excluded-unverified-position-function	device-model/configurators.md#evidence-limits	Inventoried exact definition/domain; no new manufacturer-verified function/range claim for this symbol in this review
5117	855	1	5	CLASSE100 X16E	P2	Configurator P2		1	356bd34ee4714438383a8cf21fe4373314b40a4359a2055b3a0ba2b340b1c2c7		excluded-unverified-position-function	device-model/configurators.md#evidence-limits	Inventoried exact definition/domain; no new manufacturer-verified function/range claim for this symbol in this review
5118	855	1	5	CLASSE100 X16E	N1_1	Internal Unit Range		11	f216bb83703585a354bf390263ffb8e2887d2652fa6a70c110cce008ccb404a7		excluded-unverified-position-function	device-model/configurators.md#evidence-limits	Inventoried exact definition/domain; no new manufacturer-verified function/range claim for this symbol in this review
5119	855	1	5	CLASSE100 X16E	N1_2	Internal Unit Range		11	39ae64961af7db95fc9ff2b3eceab6dd65766497c21dba342c0ce5202d66a9c1		excluded-unverified-position-function	device-model/configurators.md#evidence-limits	Inventoried exact definition/domain; no new manufacturer-verified function/range claim for this symbol in this review
5120	855	1	5	CLASSE100 X16E	M1	M1 (0-9)		1	86852a17955dc77d2b88097b137856774a8f0cc322203a894ef96244355e3414		corroborates-contextual-vocabulary	device-model/configurators.md#positions-and-functions	Catalogue field/name scoped to this definition; manufacturer examples do not validate every associated product, numeric domain or deployment
5121	855	1	5	CLASSE100 X16E	M2	M2 (0-9)		1	1a82c0d288a5285cfbce945668b583a36cc8d3ac3bf02b79cc81307f178fdd3c		corroborates-contextual-vocabulary	device-model/configurators.md#positions-and-functions	Catalogue field/name scoped to this definition; manufacturer examples do not validate every associated product, numeric domain or deployment
5584	855	1	5	CLASSE100 X16E	AID	ID	ID	1	77a7d76994c8d78e99eb03b4bfdaf3a8020ab9f3329319acefcc9b771233be6d	********=AID	excluded-as-physical-position	device-model/configurators.md#configuration-modes	Software/identity/function metadata; idx=-1 alone does not prove a socket
5122	856	2	2	CLASSE300 EOS	N1_1	Internal Unit Range		11	42db08dd3209bf6a846a26ad247cc2529ddbbf0fd3c354140ee2e2542699e890		excluded-unverified-position-function	device-model/configurators.md#evidence-limits	Inventoried exact definition/domain; no new manufacturer-verified function/range claim for this symbol in this review
5123	856	2	2	CLASSE300 EOS	N1_2	Internal Unit Range		11	f58e71cad8f282ef7dd00a901f976fa4b7cfff222dfedc4e78e1c044d100384f		excluded-unverified-position-function	device-model/configurators.md#evidence-limits	Inventoried exact definition/domain; no new manufacturer-verified function/range claim for this symbol in this review
5124	856	2	2	CLASSE300 EOS	P1	Configurator P1		1	c4065a92437a4e2a82abc170ae83b9955b0398bf5700ab01247b85c3753c29a4		excluded-unverified-position-function	device-model/configurators.md#evidence-limits	Inventoried exact definition/domain; no new manufacturer-verified function/range claim for this symbol in this review
5125	856	2	2	CLASSE300 EOS	P2	Configurator P2		1	94e5607c4b2e3fb6ded75da6858fb4044aa4f0448d1c78b46c907d3f403258db		excluded-unverified-position-function	device-model/configurators.md#evidence-limits	Inventoried exact definition/domain; no new manufacturer-verified function/range claim for this symbol in this review
5126	856	2	2	CLASSE300 EOS	M1	M1 (0-9)		1	991f01cfec30553282011b94e15885d29bf5f8e9e369011d88870ad6de4b8e95		corroborates-contextual-vocabulary	device-model/configurators.md#positions-and-functions	Catalogue field/name scoped to this definition; manufacturer examples do not validate every associated product, numeric domain or deployment
5127	856	2	2	CLASSE300 EOS	M2	M2 (0-9)		1	c7d43f53d19b5217f824186986776c0560aa89bbe6f637fd951da0e6d573a203		corroborates-contextual-vocabulary	device-model/configurators.md#positions-and-functions	Catalogue field/name scoped to this definition; manufacturer examples do not validate every associated product, numeric domain or deployment
5585	856	2	2	CLASSE300 EOS	AID	ID	ID	1	107b699b881b9fd68cc2422df23cd2dd0bbf4be4b8564f10f9b8ed3e3ceb7c7a	********=AID	excluded-as-physical-position	device-model/configurators.md#configuration-modes	Software/identity/function metadata; idx=-1 alone does not prove a socket
5128	857	2	0	CLASSE100 X16E	P1	Configurator P1		1	b8ab0c02ee8b9d5080bbcc1bb548b946e998a60586ddf90108df136b08150a62		excluded-unverified-position-function	device-model/configurators.md#evidence-limits	Inventoried exact definition/domain; no new manufacturer-verified function/range claim for this symbol in this review
5129	857	2	0	CLASSE100 X16E	P2	Configurator P2		1	0a9387d231093f476c70159bb3ce26789c62cf3e0bba0d0406c6c328037d9717		excluded-unverified-position-function	device-model/configurators.md#evidence-limits	Inventoried exact definition/domain; no new manufacturer-verified function/range claim for this symbol in this review
5130	857	2	0	CLASSE100 X16E	N1_1	Internal Unit Range		11	7c8c1f61f58c5c8ff943bc3508b361254f42a9ef1a7949215eb6916b11359c73		excluded-unverified-position-function	device-model/configurators.md#evidence-limits	Inventoried exact definition/domain; no new manufacturer-verified function/range claim for this symbol in this review
5131	857	2	0	CLASSE100 X16E	N1_2	Internal Unit Range		11	d35e115540de55cd6c65509e1ac0dc1d38a2a4d5fcaf108e5275a1aedaacf7ef		excluded-unverified-position-function	device-model/configurators.md#evidence-limits	Inventoried exact definition/domain; no new manufacturer-verified function/range claim for this symbol in this review
5132	857	2	0	CLASSE100 X16E	M1	M1 (0-9)		1	5f71a87440cb233ca7eabda1fd8ae86cbf5df0dd54e485d88e9b597f7e86ceae		corroborates-contextual-vocabulary	device-model/configurators.md#positions-and-functions	Catalogue field/name scoped to this definition; manufacturer examples do not validate every associated product, numeric domain or deployment
5133	857	2	0	CLASSE100 X16E	M2	M2 (0-9)		1	7646e668992677f42667818aa93e2b48dc9b684716115294bae893b48043ac5d		corroborates-contextual-vocabulary	device-model/configurators.md#positions-and-functions	Catalogue field/name scoped to this definition; manufacturer examples do not validate every associated product, numeric domain or deployment
5586	857	2	0	CLASSE100 X16E	AID	ID	ID	1	7e57b81f382261dc05eb935aea7652b46a002c34f961f780a4d9dd68972151e9	********=AID	excluded-as-physical-position	device-model/configurators.md#configuration-modes	Software/identity/function metadata; idx=-1 alone does not prove a socket
5587	860	1	0	Easy Kit Connnected with H+S	AID	ID	ID	1	202a765547e59e5e9228e948567eeb17f5d044a9ff2fd53cfb62908058aa9f4c	********=AID	excluded-as-physical-position	device-model/configurators.md#configuration-modes	Software/identity/function metadata; idx=-1 alone does not prove a socket
5134	864	2	1	CLASSE100 X16E	P1	Configurator P1		1	97e932f9e7350bb63604de87f32731325128b0eabf89d0d8dc6d08798a1077fc		excluded-unverified-position-function	device-model/configurators.md#evidence-limits	Inventoried exact definition/domain; no new manufacturer-verified function/range claim for this symbol in this review
5135	864	2	1	CLASSE100 X16E	P2	Configurator P2		1	4e44b84ccf8e45b7b61df5f4c5caba8eb50629bd12461cda2c3bbe674e49e6bd		excluded-unverified-position-function	device-model/configurators.md#evidence-limits	Inventoried exact definition/domain; no new manufacturer-verified function/range claim for this symbol in this review
5136	864	2	1	CLASSE100 X16E	N1_1	Internal Unit Range		11	bdec97d5d11def9b0fba1d1eee8537da44921d9171df402394e3e12e163b3fd6		excluded-unverified-position-function	device-model/configurators.md#evidence-limits	Inventoried exact definition/domain; no new manufacturer-verified function/range claim for this symbol in this review
5137	864	2	1	CLASSE100 X16E	N1_2	Internal Unit Range		11	2386aa70751dab0ebd4c262e1f8484604f9912a6a79d399c7da76bd83bc3075c		excluded-unverified-position-function	device-model/configurators.md#evidence-limits	Inventoried exact definition/domain; no new manufacturer-verified function/range claim for this symbol in this review
5138	864	2	1	CLASSE100 X16E	M1	M1 (0-9)		1	0b6386ad85498a026f3dcda29d3e0ca8a5884835ccdaced05510164be7ebec2c		corroborates-contextual-vocabulary	device-model/configurators.md#positions-and-functions	Catalogue field/name scoped to this definition; manufacturer examples do not validate every associated product, numeric domain or deployment
5139	864	2	1	CLASSE100 X16E	M2	M2 (0-9)		1	99fc2791cbd89a9616aa195c337b15c5ceb84353f0afbca0662fa8f8eb5b0008		corroborates-contextual-vocabulary	device-model/configurators.md#positions-and-functions	Catalogue field/name scoped to this definition; manufacturer examples do not validate every associated product, numeric domain or deployment
5588	864	2	1	CLASSE100 X16E	AID	ID	ID	1	6f28a32f81884ea889c56c2a85ea1e767e7893c7a47adb831cd2e26bc8c58780	********=AID	excluded-as-physical-position	device-model/configurators.md#configuration-modes	Software/identity/function metadata; idx=-1 alone does not prove a socket
5589	866	1	0	Command Device 2M Light Now	AID	ID	ID	1	64fdae636caa8b2a2774c1d4b895403ad10bf482375e14c3018e52c7494f8953	********=AID	excluded-as-physical-position	device-model/configurators.md#configuration-modes	Software/identity/function metadata; idx=-1 alone does not prove a socket
5168	869	1	0	Acutator/Command Light Light Now	A1	Configurator A1 (0-9)		1	596473b37cfef68975ed458ec1da69a34d430c12c1a251d2ef8a2aa79902596c		corroborates-contextual-vocabulary	device-model/configurators.md#positions-and-functions	Catalogue field/name scoped to this definition; manufacturer examples do not validate every associated product, numeric domain or deployment
5169	869	1	0	Acutator/Command Light Light Now	A2	Automation A addressing space (for configurator A2)		14	4f03072d77f4da9bae09a482989f51254a6d603d5b82919494a05c6b499fb176	12=GEN;13=GR;14=AMB	corroborates-contextual-vocabulary	device-model/configurators.md#positions-and-functions	Catalogue field/name scoped to this definition; manufacturer examples do not validate every associated product, numeric domain or deployment
5170	869	1	0	Acutator/Command Light Light Now	PL1	PL1 - (0-9)		1	0bfcc1f9245ef3fe0f361632742a911485f3ff963147c219f8885ff3657502a6		corroborates-contextual-vocabulary	device-model/configurators.md#positions-and-functions	Catalogue field/name scoped to this definition; manufacturer examples do not validate every associated product, numeric domain or deployment
5171	869	1	0	Acutator/Command Light Light Now	PL2	PL2 - (0-9)		1	f4c628db5d6d5299638f80abc926c0ac2212df00e18a589d050c987587395a10		corroborates-contextual-vocabulary	device-model/configurators.md#positions-and-functions	Catalogue field/name scoped to this definition; manufacturer examples do not validate every associated product, numeric domain or deployment
5172	869	1	0	Acutator/Command Light Light Now	M1	Modality	Mode physical configurator (0-8, O/I,OFF,ON,SU_GIU,SU_GIU_M,CEN,PUL)	17	9996c1c81ae530e55e2ff0658d1b0f7ddd3a6c576c006dc8bc66d2ceda5e5f6e	9=O/I;10=OFF;11=ON;12=UP/DOWN;13=UP/DOWN monostable;14=CEN;15=PUL	corroborates-contextual-vocabulary	device-model/configurators.md#positions-and-functions	Catalogue field/name scoped to this definition; manufacturer examples do not validate every associated product, numeric domain or deployment
5173	869	1	0	Acutator/Command Light Light Now	M2	Modality	Mode physical configurator (0-8, O/I,OFF,ON,SU_GIU,SU_GIU_M,CEN,PUL)	16	22004bd5d3b98ba7db99399d31def1cbf06119ac06df4e9105d2ec1d448c90aa	9=O/I;10=OFF;11=ON;12=UP/DOWN;13=UP/DOWN monostable;15=PUL	corroborates-contextual-vocabulary	device-model/configurators.md#positions-and-functions	Catalogue field/name scoped to this definition; manufacturer examples do not validate every associated product, numeric domain or deployment
5590	869	1	0	Acutator/Command Light Light Now	AID	ID	ID	1	7501a67dde945fa034ef8ba6dab114428e06e9109269cc5854fbf79b6165c63f	********=AID	excluded-as-physical-position	device-model/configurators.md#configuration-modes	Software/identity/function metadata; idx=-1 alone does not prove a socket
5174	870	1	0	Acutator/Command Shutter Light Now	A1	Configurator A1 (0-9)		1	171d9bb90571e2494717671392c4ede48f84f8ab812ce533117bf841adda6015		corroborates-contextual-vocabulary	device-model/configurators.md#positions-and-functions	Catalogue field/name scoped to this definition; manufacturer examples do not validate every associated product, numeric domain or deployment
5175	870	1	0	Acutator/Command Shutter Light Now	A2	Automation A addressing space (for configurator A2)		14	6c8068f4f15130e09ff3b53e3c0203c108e0d7c4580f1c8c36609a2f5b774a51	12=GEN;13=GR;14=AMB	corroborates-contextual-vocabulary	device-model/configurators.md#positions-and-functions	Catalogue field/name scoped to this definition; manufacturer examples do not validate every associated product, numeric domain or deployment
5176	870	1	0	Acutator/Command Shutter Light Now	PL1	PL1 - (0-9)		1	1e459ccbaa144ecf4f36db1ebf71f371e83d3ecbe7a59e436d56dc9333dbf23d		corroborates-contextual-vocabulary	device-model/configurators.md#positions-and-functions	Catalogue field/name scoped to this definition; manufacturer examples do not validate every associated product, numeric domain or deployment
5177	870	1	0	Acutator/Command Shutter Light Now	PL2	PL2 - (0-9)		1	06ef5011eace1802abd36df41603230996148fddd8b7728930289f04117cffc3		corroborates-contextual-vocabulary	device-model/configurators.md#positions-and-functions	Catalogue field/name scoped to this definition; manufacturer examples do not validate every associated product, numeric domain or deployment
5178	870	1	0	Acutator/Command Shutter Light Now	M1	Modality	Mode physical configurator (0-8, O/I,OFF,ON,SU_GIU,SU_GIU_M,CEN,PUL)	17	c0e67aea9705fb07abaf50f83bce33faa6abc4375190d77b5b623cdb9d3cfcdb	9=O/I;10=OFF;11=ON;12=UP/DOWN;13=UP/DOWN monostable;14=CEN;15=PUL	corroborates-contextual-vocabulary	device-model/configurators.md#positions-and-functions	Catalogue field/name scoped to this definition; manufacturer examples do not validate every associated product, numeric domain or deployment
5179	870	1	0	Acutator/Command Shutter Light Now	M2	Modality	Mode physical configurator (0-8, O/I,OFF,ON,SU_GIU,SU_GIU_M,CEN,PUL)	16	e367604f758bba7c98433d259084113880cd647160b0903e6bf1ccdb448529e5	9=O/I;10=OFF;11=ON;12=UP/DOWN;13=UP/DOWN monostable;15=PUL	corroborates-contextual-vocabulary	device-model/configurators.md#positions-and-functions	Catalogue field/name scoped to this definition; manufacturer examples do not validate every associated product, numeric domain or deployment
5591	870	1	0	Acutator/Command Shutter Light Now	AID	ID	ID	1	372a8581c3f0c10911eaea84d66ecb9e33309d68b061ad8ea1246d17d67758c9	********=AID	excluded-as-physical-position	device-model/configurators.md#configuration-modes	Software/identity/function metadata; idx=-1 alone does not prove a socket
5592	871	1	0	Command Device 3M Light Now	AID	ID	ID	1	d8ecafdb656961d5246bfa09ebd2c0849a68dcf3ffe61e6a77d49be6fa293f97	********=AID	excluded-as-physical-position	device-model/configurators.md#configuration-modes	Software/identity/function metadata; idx=-1 alone does not prove a socket
5245	883	3	0	CLASSE300 EOS	N1_1	Internal Unit Range		11	a08b8049cd8c7877e14b0efc948ebf97587fb39a9c6043a99b77cc5ce462d56a		excluded-unverified-position-function	device-model/configurators.md#evidence-limits	Inventoried exact definition/domain; no new manufacturer-verified function/range claim for this symbol in this review
5246	883	3	0	CLASSE300 EOS	N1_2	Internal Unit Range		11	aa176192f41139d00f5d8aa7d214ae8fbf838a2274e71d6dbe9aea921864f253		excluded-unverified-position-function	device-model/configurators.md#evidence-limits	Inventoried exact definition/domain; no new manufacturer-verified function/range claim for this symbol in this review
5247	883	3	0	CLASSE300 EOS	P1	Configurator P1		1	d6db1b239e85b7b81e6bfd982b8756556f4f30ad871e2692f843b15872951179		excluded-unverified-position-function	device-model/configurators.md#evidence-limits	Inventoried exact definition/domain; no new manufacturer-verified function/range claim for this symbol in this review
5248	883	3	0	CLASSE300 EOS	P2	Configurator P2		1	3f5b493c80fe197fae36f7a47bfc34401d53e3a8a79ee7dbdb95ac5df386f610		excluded-unverified-position-function	device-model/configurators.md#evidence-limits	Inventoried exact definition/domain; no new manufacturer-verified function/range claim for this symbol in this review
5249	883	3	0	CLASSE300 EOS	M1	M1 (0-9)		1	58b491a2341938f6e4d803e41900dac80b69ba77e3bb992c26f313df8648856a		corroborates-contextual-vocabulary	device-model/configurators.md#positions-and-functions	Catalogue field/name scoped to this definition; manufacturer examples do not validate every associated product, numeric domain or deployment
5250	883	3	0	CLASSE300 EOS	M2	M2 (0-9)		1	6755edd9b6727a81d11865034bf41161e570433a8159020b24b5264adee82b7f		corroborates-contextual-vocabulary	device-model/configurators.md#positions-and-functions	Catalogue field/name scoped to this definition; manufacturer examples do not validate every associated product, numeric domain or deployment
5593	883	3	0	CLASSE300 EOS	AID	ID	ID	1	b53f285c1637217e4238c8ecd2c7e3154e81476b9979deffb894103b78d8ac3b	********=AID	excluded-as-physical-position	device-model/configurators.md#configuration-modes	Software/identity/function metadata; idx=-1 alone does not prove a socket
5594	892	1	0	Classe 300X	AID	ID	ID	1	ff05b84ec9ef0f4c60f6305e0e5b17decedccff01428ee7de39da34a54b235e9	********=AID	excluded-as-physical-position	device-model/configurators.md#configuration-modes	Software/identity/function metadata; idx=-1 alone does not prove a socket
5595	902	2	1	CLASSE300 X13E	AID	ID	ID	1	f56caa3e0ed29a3e0f0a41652d99b75dc55bc0727c7d0982459b3a27282b72f6	********=AID	excluded-as-physical-position	device-model/configurators.md#configuration-modes	Software/identity/function metadata; idx=-1 alone does not prove a socket
5266	903	2	3	CLASSE100 X16E	P1	Configurator P1		1	11011433c2d5719f33665ececb0a1e415ad18ea39194379cec4f130dc0756b52		excluded-unverified-position-function	device-model/configurators.md#evidence-limits	Inventoried exact definition/domain; no new manufacturer-verified function/range claim for this symbol in this review
5267	903	2	3	CLASSE100 X16E	P2	Configurator P2		1	010bb03dc688efbba6dc0c5f3867229eac462b49ae6b3565b05c025a2aed67fb		excluded-unverified-position-function	device-model/configurators.md#evidence-limits	Inventoried exact definition/domain; no new manufacturer-verified function/range claim for this symbol in this review
5268	903	2	3	CLASSE100 X16E	N1_1	Internal Unit Range		11	ba2ad29c4821b7813a0072e166afdac26b226f02ca150c052b60306f73575bcf		excluded-unverified-position-function	device-model/configurators.md#evidence-limits	Inventoried exact definition/domain; no new manufacturer-verified function/range claim for this symbol in this review
5269	903	2	3	CLASSE100 X16E	N1_2	Internal Unit Range		11	85e8d0231e634e4bbd41a94d956f91bb0420d69ac7882b2a0c449cae114adf6c		excluded-unverified-position-function	device-model/configurators.md#evidence-limits	Inventoried exact definition/domain; no new manufacturer-verified function/range claim for this symbol in this review
5270	903	2	3	CLASSE100 X16E	M1	M1 (0-9)		1	b5446ddee4f20280fa7ab40adde85db70106371eaa67d9faa81f650820d28ab3		corroborates-contextual-vocabulary	device-model/configurators.md#positions-and-functions	Catalogue field/name scoped to this definition; manufacturer examples do not validate every associated product, numeric domain or deployment
5271	903	2	3	CLASSE100 X16E	M2	M2 (0-9)		1	e209e7952528cc580265b1a53174290d879fad5c3d747d3b4fb1b493481f1901		corroborates-contextual-vocabulary	device-model/configurators.md#positions-and-functions	Catalogue field/name scoped to this definition; manufacturer examples do not validate every associated product, numeric domain or deployment
5596	903	2	3	CLASSE100 X16E	AID	ID	ID	1	fcc27bc4511b88d2539927c79c509518e91fdcfc951ad667cb9d8a34fa1ea97d	********=AID	excluded-as-physical-position	device-model/configurators.md#configuration-modes	Software/identity/function metadata; idx=-1 alone does not prove a socket
5597	907	1	0	Driver Manager HVAC	AID	ID	ID	1	ad7fc1cab6601254d690693f1a5e9fcfe653e8e21a2819505a669b956d38f25a	********=AID	excluded-as-physical-position	device-model/configurators.md#configuration-modes	Software/identity/function metadata; idx=-1 alone does not prove a socket
5598	913	3	0	CLASSE300 X13E	AID	ID	ID	1	33b47a20a42369fc793a5eb918a55aca90b1961efe864b69440ed68316eb384a	********=AID	excluded-as-physical-position	device-model/configurators.md#configuration-modes	Software/identity/function metadata; idx=-1 alone does not prove a socket
5599	916	2	0	Easy Kit Connnected with H+S	AID	ID	ID	1	2633497109e8afa4189a6116c2f8cd09a72fecc38d92c990d3d9f6ee2f2af059	********=AID	excluded-as-physical-position	device-model/configurators.md#configuration-modes	Software/identity/function metadata; idx=-1 alone does not prove a socket
5600	918	3	0	Linea 5000	AID	ID	ID	1	e4d1dc41c40f3bfa9d7dd85a93fdafda6e05e6174d48c6cd78d5bf33880eba5d	********=AID	excluded-as-physical-position	device-model/configurators.md#configuration-modes	Software/identity/function metadata; idx=-1 alone does not prove a socket
